<?xml version="1.0" encoding="UTF-8"?>
<TrainingCenterDatabase xsi:schemaLocation="http://www.garmin.com/xmlschemas/TrainingCenterDatabase/v2 http://www.garmin.com/xmlschemas/TrainingCenterDatabasev2.xsd" xmlns:ns5="http://www.garmin.com/xmlschemas/ActivityGoals/v1" xmlns:ns3="http://www.garmin.com/xmlschemas/ActivityExtension/v2" xmlns:ns2="http://www.garmin.com/xmlschemas/UserProfile/v2" xmlns="http://www.garmin.com/xmlschemas/TrainingCenterDatabase/v2" xmlns:xsi="http://www.w3.org/2001/XMLSchema-instance">
 <Folders/>
 <Courses>
  <Course>
   <Name>5 cuestas , Lo </Name>
   <Lap>
    <TotalTimeSeconds>16915.708785879364</TotalTimeSeconds>
    <DistanceMeters>126767.62982406552</DistanceMeters>
    <Intensity>Active</Intensity>
   </Lap>
   <Track>
    <Trackpoint>
     <Time>2026-07-19T00:28:28+00:00</Time>
     <Position>
      <LatitudeDegrees>-33.4422800</LatitudeDegrees>
      <LongitudeDegrees>-70.8454000</LongitudeDegrees>
     </Position>
     <AltitudeMeters>473.97</AltitudeMeters>
     <DistanceMeters>0.0</DistanceMeters>
    </Trackpoint>
    <Trackpoint>
     <Time>2026-07-19T00:28:34+00:00</Time>
     <Position>
      <LatitudeDegrees>-33.4424200</LatitudeDegrees>
      <LongitudeDegrees>-70.8463867</LongitudeDegrees>
     </Position>
     <AltitudeMeters>473.59000000000003</AltitudeMeters>
     <DistanceMeters>92.94656586683813</DistanceMeters>
    </Trackpoint>
    <Trackpoint>
     <Time>2026-07-19T00:28:40+00:00</Time>
     <Position>
      <LatitudeDegrees>-33.4425600</LatitudeDegrees>
      <LongitudeDegrees>-70.8473733</LongitudeDegrees>
     </Position>
     <AltitudeMeters>475.52000000000004</AltitudeMeters>
     <DistanceMeters>185.89313173292112</DistanceMeters>
    </Trackpoint>
    <Trackpoint>
     <Time>2026-07-19T00:28:46+00:00</Time>
     <Position>
      <LatitudeDegrees>-33.4427000</LatitudeDegrees>
      <LongitudeDegrees>-70.8483600</LongitudeDegrees>
     </Position>
     <AltitudeMeters>479.2</AltitudeMeters>
     <DistanceMeters>278.8396969015914</DistanceMeters>
    </Trackpoint>
    <Trackpoint>
     <Time>2026-07-19T00:28:52+00:00</Time>
     <Position>
      <LatitudeDegrees>-33.4430500</LatitudeDegrees>
      <LongitudeDegrees>-70.8491433</LongitudeDegrees>
     </Position>
     <AltitudeMeters>476.89000000000004</AltitudeMeters>
     <DistanceMeters>361.35953437755165</DistanceMeters>
    </Trackpoint>
    <Trackpoint>
     <Time>2026-07-19T00:28:58+00:00</Time>
     <Position>
      <LatitudeDegrees>-33.4434000</LatitudeDegrees>
      <LongitudeDegrees>-70.8499267</LongitudeDegrees>
     </Position>
     <AltitudeMeters>471.90000000000003</AltitudeMeters>
     <DistanceMeters>443.8793718518273</DistanceMeters>
    </Trackpoint>
    <Trackpoint>
     <Time>2026-07-19T00:29:05+00:00</Time>
     <Position>
      <LatitudeDegrees>-33.4437500</LatitudeDegrees>
      <LongitudeDegrees>-70.8507100</LongitudeDegrees>
     </Position>
     <AltitudeMeters>470.59000000000003</AltitudeMeters>
     <DistanceMeters>526.399204891783</DistanceMeters>
    </Trackpoint>
    <Trackpoint>
     <Time>2026-07-19T00:29:11+00:00</Time>
     <Position>
      <LatitudeDegrees>-33.4440139</LatitudeDegrees>
      <LongitudeDegrees>-70.8517069</LongitudeDegrees>
     </Position>
     <AltitudeMeters>470.04</AltitudeMeters>
     <DistanceMeters>623.5252158090743</DistanceMeters>
    </Trackpoint>
    <Trackpoint>
     <Time>2026-07-19T00:29:17+00:00</Time>
     <Position>
      <LatitudeDegrees>-33.4442778</LatitudeDegrees>
      <LongitudeDegrees>-70.8527038</LongitudeDegrees>
     </Position>
     <AltitudeMeters>469.71</AltitudeMeters>
     <DistanceMeters>720.6512267266344</DistanceMeters>
    </Trackpoint>
    <Trackpoint>
     <Time>2026-07-19T00:29:23+00:00</Time>
     <Position>
      <LatitudeDegrees>-33.4445417</LatitudeDegrees>
      <LongitudeDegrees>-70.8537007</LongitudeDegrees>
     </Position>
     <AltitudeMeters>469.38</AltitudeMeters>
     <DistanceMeters>817.7772376442164</DistanceMeters>
    </Trackpoint>
    <Trackpoint>
     <Time>2026-07-19T00:29:29+00:00</Time>
     <Position>
      <LatitudeDegrees>-33.4448055</LatitudeDegrees>
      <LongitudeDegrees>-70.8546976</LongitudeDegrees>
     </Position>
     <AltitudeMeters>469.06</AltitudeMeters>
     <DistanceMeters>914.9032485636742</DistanceMeters>
    </Trackpoint>
    <Trackpoint>
     <Time>2026-07-19T00:29:36+00:00</Time>
     <Position>
      <LatitudeDegrees>-33.4450694</LatitudeDegrees>
      <LongitudeDegrees>-70.8556945</LongitudeDegrees>
     </Position>
     <AltitudeMeters>468.88</AltitudeMeters>
     <DistanceMeters>1012.0292594797933</DistanceMeters>
    </Trackpoint>
    <Trackpoint>
     <Time>2026-07-19T00:29:42+00:00</Time>
     <Position>
      <LatitudeDegrees>-33.4453332</LatitudeDegrees>
      <LongitudeDegrees>-70.8566914</LongitudeDegrees>
     </Position>
     <AltitudeMeters>468.79</AltitudeMeters>
     <DistanceMeters>1109.1552703983798</DistanceMeters>
    </Trackpoint>
    <Trackpoint>
     <Time>2026-07-19T00:29:48+00:00</Time>
     <Position>
      <LatitudeDegrees>-33.4455971</LatitudeDegrees>
      <LongitudeDegrees>-70.8576883</LongitudeDegrees>
     </Position>
     <AltitudeMeters>468.66</AltitudeMeters>
     <DistanceMeters>1206.2812813152398</DistanceMeters>
    </Trackpoint>
    <Trackpoint>
     <Time>2026-07-19T00:29:54+00:00</Time>
     <Position>
      <LatitudeDegrees>-33.4458609</LatitudeDegrees>
      <LongitudeDegrees>-70.8586853</LongitudeDegrees>
     </Position>
     <AltitudeMeters>468.55</AltitudeMeters>
     <DistanceMeters>1303.4072922329478</DistanceMeters>
    </Trackpoint>
    <Trackpoint>
     <Time>2026-07-19T00:30:00+00:00</Time>
     <Position>
      <LatitudeDegrees>-33.4461248</LatitudeDegrees>
      <LongitudeDegrees>-70.8596822</LongitudeDegrees>
     </Position>
     <AltitudeMeters>468.46000000000004</AltitudeMeters>
     <DistanceMeters>1400.533303150545</DistanceMeters>
    </Trackpoint>
    <Trackpoint>
     <Time>2026-07-19T00:30:07+00:00</Time>
     <Position>
      <LatitudeDegrees>-33.4463886</LatitudeDegrees>
      <LongitudeDegrees>-70.8606791</LongitudeDegrees>
     </Position>
     <AltitudeMeters>468.36000000000007</AltitudeMeters>
     <DistanceMeters>1497.6593140676132</DistanceMeters>
    </Trackpoint>
    <Trackpoint>
     <Time>2026-07-19T00:30:13+00:00</Time>
     <Position>
      <LatitudeDegrees>-33.4466524</LatitudeDegrees>
      <LongitudeDegrees>-70.8616761</LongitudeDegrees>
     </Position>
     <AltitudeMeters>468.28000000000003</AltitudeMeters>
     <DistanceMeters>1594.78532498595</DistanceMeters>
    </Trackpoint>
    <Trackpoint>
     <Time>2026-07-19T00:30:19+00:00</Time>
     <Position>
      <LatitudeDegrees>-33.4469162</LatitudeDegrees>
      <LongitudeDegrees>-70.8626730</LongitudeDegrees>
     </Position>
     <AltitudeMeters>468.14000000000004</AltitudeMeters>
     <DistanceMeters>1691.9113359028627</DistanceMeters>
    </Trackpoint>
    <Trackpoint>
     <Time>2026-07-19T00:30:25+00:00</Time>
     <Position>
      <LatitudeDegrees>-33.4471800</LatitudeDegrees>
      <LongitudeDegrees>-70.8636700</LongitudeDegrees>
     </Position>
     <AltitudeMeters>468.17</AltitudeMeters>
     <DistanceMeters>1789.0373458379065</DistanceMeters>
    </Trackpoint>
    <Trackpoint>
     <Time>2026-07-19T00:30:31+00:00</Time>
     <Position>
      <LatitudeDegrees>-33.4474278</LatitudeDegrees>
      <LongitudeDegrees>-70.8646144</LongitudeDegrees>
     </Position>
     <AltitudeMeters>468.29</AltitudeMeters>
     <DistanceMeters>1880.974812855528</DistanceMeters>
    </Trackpoint>
    <Trackpoint>
     <Time>2026-07-19T00:30:38+00:00</Time>
     <Position>
      <LatitudeDegrees>-33.4476756</LatitudeDegrees>
      <LongitudeDegrees>-70.8655589</LongitudeDegrees>
     </Position>
     <AltitudeMeters>468.4800000000001</AltitudeMeters>
     <DistanceMeters>1972.9122798746305</DistanceMeters>
    </Trackpoint>
    <Trackpoint>
     <Time>2026-07-19T00:30:44+00:00</Time>
     <Position>
      <LatitudeDegrees>-33.4479234</LatitudeDegrees>
      <LongitudeDegrees>-70.8665033</LongitudeDegrees>
     </Position>
     <AltitudeMeters>468.68</AltitudeMeters>
     <DistanceMeters>2064.84974689202</DistanceMeters>
    </Trackpoint>
    <Trackpoint>
     <Time>2026-07-19T00:30:50+00:00</Time>
     <Position>
      <LatitudeDegrees>-33.4481712</LatitudeDegrees>
      <LongitudeDegrees>-70.8674477</LongitudeDegrees>
     </Position>
     <AltitudeMeters>468.79</AltitudeMeters>
     <DistanceMeters>2156.78721391056</DistanceMeters>
    </Trackpoint>
    <Trackpoint>
     <Time>2026-07-19T00:30:56+00:00</Time>
     <Position>
      <LatitudeDegrees>-33.4484190</LatitudeDegrees>
      <LongitudeDegrees>-70.8683922</LongitudeDegrees>
     </Position>
     <AltitudeMeters>468.88</AltitudeMeters>
     <DistanceMeters>2248.724680928863</DistanceMeters>
    </Trackpoint>
    <Trackpoint>
     <Time>2026-07-19T00:31:02+00:00</Time>
     <Position>
      <LatitudeDegrees>-33.4486667</LatitudeDegrees>
      <LongitudeDegrees>-70.8693366</LongitudeDegrees>
     </Position>
     <AltitudeMeters>469.07000000000005</AltitudeMeters>
     <DistanceMeters>2340.6621479464925</DistanceMeters>
    </Trackpoint>
    <Trackpoint>
     <Time>2026-07-19T00:31:09+00:00</Time>
     <Position>
      <LatitudeDegrees>-33.4489145</LatitudeDegrees>
      <LongitudeDegrees>-70.8702811</LongitudeDegrees>
     </Position>
     <AltitudeMeters>469.14000000000004</AltitudeMeters>
     <DistanceMeters>2432.5996149648176</DistanceMeters>
    </Trackpoint>
    <Trackpoint>
     <Time>2026-07-19T00:31:15+00:00</Time>
     <Position>
      <LatitudeDegrees>-33.4491623</LatitudeDegrees>
      <LongitudeDegrees>-70.8712255</LongitudeDegrees>
     </Position>
     <AltitudeMeters>469.4200000000001</AltitudeMeters>
     <DistanceMeters>2524.537081984187</DistanceMeters>
    </Trackpoint>
    <Trackpoint>
     <Time>2026-07-19T00:31:21+00:00</Time>
     <Position>
      <LatitudeDegrees>-33.4494100</LatitudeDegrees>
      <LongitudeDegrees>-70.8721700</LongitudeDegrees>
     </Position>
     <AltitudeMeters>469.54</AltitudeMeters>
     <DistanceMeters>2616.4745480171537</DistanceMeters>
    </Trackpoint>
    <Trackpoint>
     <Time>2026-07-19T00:31:27+00:00</Time>
     <Position>
      <LatitudeDegrees>-33.4494600</LatitudeDegrees>
      <LongitudeDegrees>-70.8724900</LongitudeDegrees>
     </Position>
     <AltitudeMeters>469.36000000000007</AltitudeMeters>
     <DistanceMeters>2646.7069677512104</DistanceMeters>
    </Trackpoint>
    <Trackpoint>
     <Time>2026-07-19T00:31:33+00:00</Time>
     <Position>
      <LatitudeDegrees>-33.4494600</LatitudeDegrees>
      <LongitudeDegrees>-70.8728100</LongitudeDegrees>
     </Position>
     <AltitudeMeters>469.67</AltitudeMeters>
     <DistanceMeters>2676.4228199740774</DistanceMeters>
    </Trackpoint>
    <Trackpoint>
     <Time>2026-07-19T00:31:40+00:00</Time>
     <Position>
      <LatitudeDegrees>-33.4493700</LatitudeDegrees>
      <LongitudeDegrees>-70.8737900</LongitudeDegrees>
     </Position>
     <AltitudeMeters>474.36000000000007</AltitudeMeters>
     <DistanceMeters>2767.9772532287716</DistanceMeters>
    </Trackpoint>
    <Trackpoint>
     <Time>2026-07-19T00:31:46+00:00</Time>
     <Position>
      <LatitudeDegrees>-33.4493700</LatitudeDegrees>
      <LongitudeDegrees>-70.8739800</LongitudeDegrees>
     </Position>
     <AltitudeMeters>474.99</AltitudeMeters>
     <DistanceMeters>2785.62105879517</DistanceMeters>
    </Trackpoint>
    <Trackpoint>
     <Time>2026-07-19T00:31:52+00:00</Time>
     <Position>
      <LatitudeDegrees>-33.4494100</LatitudeDegrees>
      <LongitudeDegrees>-70.8741400</LongitudeDegrees>
     </Position>
     <AltitudeMeters>475.2</AltitudeMeters>
     <DistanceMeters>2801.131606493958</DistanceMeters>
    </Trackpoint>
    <Trackpoint>
     <Time>2026-07-19T00:31:58+00:00</Time>
     <Position>
      <LatitudeDegrees>-33.4499250</LatitudeDegrees>
      <LongitudeDegrees>-70.8739500</LongitudeDegrees>
     </Position>
     <AltitudeMeters>476.63000000000005</AltitudeMeters>
     <DistanceMeters>2861.1030073931065</DistanceMeters>
    </Trackpoint>
    <Trackpoint>
     <Time>2026-07-19T00:32:04+00:00</Time>
     <Position>
      <LatitudeDegrees>-33.4504400</LatitudeDegrees>
      <LongitudeDegrees>-70.8737600</LongitudeDegrees>
     </Position>
     <AltitudeMeters>476.58000000000004</AltitudeMeters>
     <DistanceMeters>2921.0744244372313</DistanceMeters>
    </Trackpoint>
    <Trackpoint>
     <Time>2026-07-19T00:32:11+00:00</Time>
     <Position>
      <LatitudeDegrees>-33.4504900</LatitudeDegrees>
      <LongitudeDegrees>-70.8739400</LongitudeDegrees>
     </Position>
     <AltitudeMeters>475.98</AltitudeMeters>
     <DistanceMeters>2938.6913807350124</DistanceMeters>
    </Trackpoint>
    <Trackpoint>
     <Time>2026-07-19T00:32:17+00:00</Time>
     <Position>
      <LatitudeDegrees>-33.4504900</LatitudeDegrees>
      <LongitudeDegrees>-70.8741500</LongitudeDegrees>
     </Position>
     <AltitudeMeters>475.0</AltitudeMeters>
     <DistanceMeters>2958.1921771612215</DistanceMeters>
    </Trackpoint>
    <Trackpoint>
     <Time>2026-07-19T00:32:23+00:00</Time>
     <Position>
      <LatitudeDegrees>-33.4504400</LatitudeDegrees>
      <LongitudeDegrees>-70.8746000</LongitudeDegrees>
     </Position>
     <AltitudeMeters>472.33000000000004</AltitudeMeters>
     <DistanceMeters>3000.3485097108514</DistanceMeters>
    </Trackpoint>
    <Trackpoint>
     <Time>2026-07-19T00:32:29+00:00</Time>
     <Position>
      <LatitudeDegrees>-33.4504400</LatitudeDegrees>
      <LongitudeDegrees>-70.8748200</LongitudeDegrees>
     </Position>
     <AltitudeMeters>470.96000000000004</AltitudeMeters>
     <DistanceMeters>3020.777927268963</DistanceMeters>
    </Trackpoint>
    <Trackpoint>
     <Time>2026-07-19T00:32:35+00:00</Time>
     <Position>
      <LatitudeDegrees>-33.4504900</LatitudeDegrees>
      <LongitudeDegrees>-70.8751900</LongitudeDegrees>
     </Position>
     <AltitudeMeters>469.84000000000003</AltitudeMeters>
     <DistanceMeters>3055.5842081726123</DistanceMeters>
    </Trackpoint>
    <Trackpoint>
     <Time>2026-07-19T00:32:42+00:00</Time>
     <Position>
      <LatitudeDegrees>-33.4507582</LatitudeDegrees>
      <LongitudeDegrees>-70.8762156</LongitudeDegrees>
     </Position>
     <AltitudeMeters>469.29</AltitudeMeters>
     <DistanceMeters>3155.388005630579</DistanceMeters>
    </Trackpoint>
    <Trackpoint>
     <Time>2026-07-19T00:32:48+00:00</Time>
     <Position>
      <LatitudeDegrees>-33.4510264</LatitudeDegrees>
      <LongitudeDegrees>-70.8772412</LongitudeDegrees>
     </Position>
     <AltitudeMeters>470.0</AltitudeMeters>
     <DistanceMeters>3255.1918030886304</DistanceMeters>
    </Trackpoint>
    <Trackpoint>
     <Time>2026-07-19T00:32:54+00:00</Time>
     <Position>
      <LatitudeDegrees>-33.4512945</LatitudeDegrees>
      <LongitudeDegrees>-70.8782668</LongitudeDegrees>
     </Position>
     <AltitudeMeters>471.05</AltitudeMeters>
     <DistanceMeters>3354.995600546555</DistanceMeters>
    </Trackpoint>
    <Trackpoint>
     <Time>2026-07-19T00:33:00+00:00</Time>
     <Position>
      <LatitudeDegrees>-33.4515627</LatitudeDegrees>
      <LongitudeDegrees>-70.8792923</LongitudeDegrees>
     </Position>
     <AltitudeMeters>471.64000000000004</AltitudeMeters>
     <DistanceMeters>3454.7993980028837</DistanceMeters>
    </Trackpoint>
    <Trackpoint>
     <Time>2026-07-19T00:33:06+00:00</Time>
     <Position>
      <LatitudeDegrees>-33.4518309</LatitudeDegrees>
      <LongitudeDegrees>-70.8803180</LongitudeDegrees>
     </Position>
     <AltitudeMeters>472.66</AltitudeMeters>
     <DistanceMeters>3554.6031954616565</DistanceMeters>
    </Trackpoint>
    <Trackpoint>
     <Time>2026-07-19T00:33:13+00:00</Time>
     <Position>
      <LatitudeDegrees>-33.4520990</LatitudeDegrees>
      <LongitudeDegrees>-70.8813436</LongitudeDegrees>
     </Position>
     <AltitudeMeters>473.26</AltitudeMeters>
     <DistanceMeters>3654.4069929179414</DistanceMeters>
    </Trackpoint>
    <Trackpoint>
     <Time>2026-07-19T00:33:19+00:00</Time>
     <Position>
      <LatitudeDegrees>-33.4523671</LatitudeDegrees>
      <LongitudeDegrees>-70.8823692</LongitudeDegrees>
     </Position>
     <AltitudeMeters>473.95000000000005</AltitudeMeters>
     <DistanceMeters>3754.2107903753085</DistanceMeters>
    </Trackpoint>
    <Trackpoint>
     <Time>2026-07-19T00:33:25+00:00</Time>
     <Position>
      <LatitudeDegrees>-33.4526353</LatitudeDegrees>
      <LongitudeDegrees>-70.8833948</LongitudeDegrees>
     </Position>
     <AltitudeMeters>474.6</AltitudeMeters>
     <DistanceMeters>3854.0145878340236</DistanceMeters>
    </Trackpoint>
    <Trackpoint>
     <Time>2026-07-19T00:33:31+00:00</Time>
     <Position>
      <LatitudeDegrees>-33.4529034</LatitudeDegrees>
      <LongitudeDegrees>-70.8844204</LongitudeDegrees>
     </Position>
     <AltitudeMeters>475.16</AltitudeMeters>
     <DistanceMeters>3953.818385290889</DistanceMeters>
    </Trackpoint>
    <Trackpoint>
     <Time>2026-07-19T00:33:37+00:00</Time>
     <Position>
      <LatitudeDegrees>-33.4531715</LatitudeDegrees>
      <LongitudeDegrees>-70.8854461</LongitudeDegrees>
     </Position>
     <AltitudeMeters>475.81000000000006</AltitudeMeters>
     <DistanceMeters>4053.622182748769</DistanceMeters>
    </Trackpoint>
    <Trackpoint>
     <Time>2026-07-19T00:33:44+00:00</Time>
     <Position>
      <LatitudeDegrees>-33.4534396</LatitudeDegrees>
      <LongitudeDegrees>-70.8864717</LongitudeDegrees>
     </Position>
     <AltitudeMeters>477.23</AltitudeMeters>
     <DistanceMeters>4153.425980205099</DistanceMeters>
    </Trackpoint>
    <Trackpoint>
     <Time>2026-07-19T00:33:50+00:00</Time>
     <Position>
      <LatitudeDegrees>-33.4537077</LatitudeDegrees>
      <LongitudeDegrees>-70.8874973</LongitudeDegrees>
     </Position>
     <AltitudeMeters>478.18000000000006</AltitudeMeters>
     <DistanceMeters>4253.229777663059</DistanceMeters>
    </Trackpoint>
    <Trackpoint>
     <Time>2026-07-19T00:33:56+00:00</Time>
     <Position>
      <LatitudeDegrees>-33.4539758</LatitudeDegrees>
      <LongitudeDegrees>-70.8885230</LongitudeDegrees>
     </Position>
     <AltitudeMeters>479.5</AltitudeMeters>
     <DistanceMeters>4353.033575120638</DistanceMeters>
    </Trackpoint>
    <Trackpoint>
     <Time>2026-07-19T00:34:02+00:00</Time>
     <Position>
      <LatitudeDegrees>-33.4542439</LatitudeDegrees>
      <LongitudeDegrees>-70.8895487</LongitudeDegrees>
     </Position>
     <AltitudeMeters>480.17</AltitudeMeters>
     <DistanceMeters>4452.837372578655</DistanceMeters>
    </Trackpoint>
    <Trackpoint>
     <Time>2026-07-19T00:34:08+00:00</Time>
     <Position>
      <LatitudeDegrees>-33.4545119</LatitudeDegrees>
      <LongitudeDegrees>-70.8905743</LongitudeDegrees>
     </Position>
     <AltitudeMeters>481.64</AltitudeMeters>
     <DistanceMeters>4552.641170036675</DistanceMeters>
    </Trackpoint>
    <Trackpoint>
     <Time>2026-07-19T00:34:14+00:00</Time>
     <Position>
      <LatitudeDegrees>-33.4547800</LatitudeDegrees>
      <LongitudeDegrees>-70.8916000</LongitudeDegrees>
     </Position>
     <AltitudeMeters>482.47</AltitudeMeters>
     <DistanceMeters>4652.444967554319</DistanceMeters>
    </Trackpoint>
    <Trackpoint>
     <Time>2026-07-19T00:34:21+00:00</Time>
     <Position>
      <LatitudeDegrees>-33.4549450</LatitudeDegrees>
      <LongitudeDegrees>-70.8922250</LongitudeDegrees>
     </Position>
     <AltitudeMeters>482.63000000000005</AltitudeMeters>
     <DistanceMeters>4713.3161534391975</DistanceMeters>
    </Trackpoint>
    <Trackpoint>
     <Time>2026-07-19T00:34:27+00:00</Time>
     <Position>
      <LatitudeDegrees>-33.4551100</LatitudeDegrees>
      <LongitudeDegrees>-70.8928500</LongitudeDegrees>
     </Position>
     <AltitudeMeters>483.28000000000003</AltitudeMeters>
     <DistanceMeters>4774.187349199614</DistanceMeters>
    </Trackpoint>
    <Trackpoint>
     <Time>2026-07-19T00:34:33+00:00</Time>
     <Position>
      <LatitudeDegrees>-33.4553400</LatitudeDegrees>
      <LongitudeDegrees>-70.8936400</LongitudeDegrees>
     </Position>
     <AltitudeMeters>484.39000000000004</AltitudeMeters>
     <DistanceMeters>4851.881383328786</DistanceMeters>
    </Trackpoint>
    <Trackpoint>
     <Time>2026-07-19T00:34:39+00:00</Time>
     <Position>
      <LatitudeDegrees>-33.4555700</LatitudeDegrees>
      <LongitudeDegrees>-70.8944300</LongitudeDegrees>
     </Position>
     <AltitudeMeters>485.21000000000004</AltitudeMeters>
     <DistanceMeters>4929.575456481391</DistanceMeters>
    </Trackpoint>
    <Trackpoint>
     <Time>2026-07-19T00:34:45+00:00</Time>
     <Position>
      <LatitudeDegrees>-33.4557900</LatitudeDegrees>
      <LongitudeDegrees>-70.8950600</LongitudeDegrees>
     </Position>
     <AltitudeMeters>486.06000000000006</AltitudeMeters>
     <DistanceMeters>4992.991838875627</DistanceMeters>
    </Trackpoint>
    <Trackpoint>
     <Time>2026-07-19T00:34:52+00:00</Time>
     <Position>
      <LatitudeDegrees>-33.4560200</LatitudeDegrees>
      <LongitudeDegrees>-70.8954700</LongitudeDegrees>
     </Position>
     <AltitudeMeters>486.44000000000005</AltitudeMeters>
     <DistanceMeters>5038.8680743202</DistanceMeters>
    </Trackpoint>
    <Trackpoint>
     <Time>2026-07-19T00:34:58+00:00</Time>
     <Position>
      <LatitudeDegrees>-33.4563100</LatitudeDegrees>
      <LongitudeDegrees>-70.8959500</LongitudeDegrees>
     </Position>
     <AltitudeMeters>486.98</AltitudeMeters>
     <DistanceMeters>5093.897505996673</DistanceMeters>
    </Trackpoint>
    <Trackpoint>
     <Time>2026-07-19T00:35:04+00:00</Time>
     <Position>
      <LatitudeDegrees>-33.4565300</LatitudeDegrees>
      <LongitudeDegrees>-70.8962200</LongitudeDegrees>
     </Position>
     <AltitudeMeters>487.51000000000005</AltitudeMeters>
     <DistanceMeters>5128.941186677218</DistanceMeters>
    </Trackpoint>
    <Trackpoint>
     <Time>2026-07-19T00:35:10+00:00</Time>
     <Position>
      <LatitudeDegrees>-33.4570700</LatitudeDegrees>
      <LongitudeDegrees>-70.8968500</LongitudeDegrees>
     </Position>
     <AltitudeMeters>488.68000000000006</AltitudeMeters>
     <DistanceMeters>5212.810140792091</DistanceMeters>
    </Trackpoint>
    <Trackpoint>
     <Time>2026-07-19T00:35:16+00:00</Time>
     <Position>
      <LatitudeDegrees>-33.4574250</LatitudeDegrees>
      <LongitudeDegrees>-70.8972500</LongitudeDegrees>
     </Position>
     <AltitudeMeters>488.88000000000005</AltitudeMeters>
     <DistanceMeters>5267.036705737419</DistanceMeters>
    </Trackpoint>
    <Trackpoint>
     <Time>2026-07-19T00:35:23+00:00</Time>
     <Position>
      <LatitudeDegrees>-33.4577800</LatitudeDegrees>
      <LongitudeDegrees>-70.8976500</LongitudeDegrees>
     </Position>
     <AltitudeMeters>489.32000000000005</AltitudeMeters>
     <DistanceMeters>5321.263288221968</DistanceMeters>
    </Trackpoint>
    <Trackpoint>
     <Time>2026-07-19T00:35:29+00:00</Time>
     <Position>
      <LatitudeDegrees>-33.4579200</LatitudeDegrees>
      <LongitudeDegrees>-70.8978700</LongitudeDegrees>
     </Position>
     <AltitudeMeters>489.49</AltitudeMeters>
     <DistanceMeters>5346.955108964038</DistanceMeters>
    </Trackpoint>
    <Trackpoint>
     <Time>2026-07-19T00:35:35+00:00</Time>
     <Position>
      <LatitudeDegrees>-33.4580100</LatitudeDegrees>
      <LongitudeDegrees>-70.8980700</LongitudeDegrees>
     </Position>
     <AltitudeMeters>489.62000000000006</AltitudeMeters>
     <DistanceMeters>5368.0548523284815</DistanceMeters>
    </Trackpoint>
    <Trackpoint>
     <Time>2026-07-19T00:35:41+00:00</Time>
     <Position>
      <LatitudeDegrees>-33.4580500</LatitudeDegrees>
      <LongitudeDegrees>-70.8983300</LongitudeDegrees>
     </Position>
     <AltitudeMeters>489.76</AltitudeMeters>
     <DistanceMeters>5392.603631637642</DistanceMeters>
    </Trackpoint>
    <Trackpoint>
     <Time>2026-07-19T00:35:47+00:00</Time>
     <Position>
      <LatitudeDegrees>-33.4580500</LatitudeDegrees>
      <LongitudeDegrees>-70.8986800</LongitudeDegrees>
     </Position>
     <AltitudeMeters>490.6</AltitudeMeters>
     <DistanceMeters>5425.10212559573</DistanceMeters>
    </Trackpoint>
    <Trackpoint>
     <Time>2026-07-19T00:35:54+00:00</Time>
     <Position>
      <LatitudeDegrees>-33.4579167</LatitudeDegrees>
      <LongitudeDegrees>-70.8993833</LongitudeDegrees>
     </Position>
     <AltitudeMeters>490.7900000000001</AltitudeMeters>
     <DistanceMeters>5492.073514872998</DistanceMeters>
    </Trackpoint>
    <Trackpoint>
     <Time>2026-07-19T00:36:00+00:00</Time>
     <Position>
      <LatitudeDegrees>-33.4577833</LatitudeDegrees>
      <LongitudeDegrees>-70.9000867</LongitudeDegrees>
     </Position>
     <AltitudeMeters>491.14</AltitudeMeters>
     <DistanceMeters>5559.044904150446</DistanceMeters>
    </Trackpoint>
    <Trackpoint>
     <Time>2026-07-19T00:36:06+00:00</Time>
     <Position>
      <LatitudeDegrees>-33.4576500</LatitudeDegrees>
      <LongitudeDegrees>-70.9007900</LongitudeDegrees>
     </Position>
     <AltitudeMeters>491.78000000000003</AltitudeMeters>
     <DistanceMeters>5626.016288884904</DistanceMeters>
    </Trackpoint>
    <Trackpoint>
     <Time>2026-07-19T00:36:12+00:00</Time>
     <Position>
      <LatitudeDegrees>-33.4576300</LatitudeDegrees>
      <LongitudeDegrees>-70.9012000</LongitudeDegrees>
     </Position>
     <AltitudeMeters>492.71000000000004</AltitudeMeters>
     <DistanceMeters>5664.151151439397</DistanceMeters>
    </Trackpoint>
    <Trackpoint>
     <Time>2026-07-19T00:36:18+00:00</Time>
     <Position>
      <LatitudeDegrees>-33.4576700</LatitudeDegrees>
      <LongitudeDegrees>-70.9016000</LongitudeDegrees>
     </Position>
     <AltitudeMeters>492.92</AltitudeMeters>
     <DistanceMeters>5701.558309488108</DistanceMeters>
    </Trackpoint>
    <Trackpoint>
     <Time>2026-07-19T00:36:25+00:00</Time>
     <Position>
      <LatitudeDegrees>-33.4577200</LatitudeDegrees>
      <LongitudeDegrees>-70.9018300</LongitudeDegrees>
     </Position>
     <AltitudeMeters>493.01000000000005</AltitudeMeters>
     <DistanceMeters>5723.627650978993</DistanceMeters>
    </Trackpoint>
    <Trackpoint>
     <Time>2026-07-19T00:36:31+00:00</Time>
     <Position>
      <LatitudeDegrees>-33.4580433</LatitudeDegrees>
      <LongitudeDegrees>-70.9027000</LongitudeDegrees>
     </Position>
     <AltitudeMeters>493.48</AltitudeMeters>
     <DistanceMeters>5812.061771594438</DistanceMeters>
    </Trackpoint>
    <Trackpoint>
     <Time>2026-07-19T00:36:37+00:00</Time>
     <Position>
      <LatitudeDegrees>-33.4583667</LatitudeDegrees>
      <LongitudeDegrees>-70.9035700</LongitudeDegrees>
     </Position>
     <AltitudeMeters>494.37</AltitudeMeters>
     <DistanceMeters>5900.495892208181</DistanceMeters>
    </Trackpoint>
    <Trackpoint>
     <Time>2026-07-19T00:36:43+00:00</Time>
     <Position>
      <LatitudeDegrees>-33.4586900</LatitudeDegrees>
      <LongitudeDegrees>-70.9044400</LongitudeDegrees>
     </Position>
     <AltitudeMeters>495.91</AltitudeMeters>
     <DistanceMeters>5988.930012822318</DistanceMeters>
    </Trackpoint>
    <Trackpoint>
     <Time>2026-07-19T00:36:49+00:00</Time>
     <Position>
      <LatitudeDegrees>-33.4590134</LatitudeDegrees>
      <LongitudeDegrees>-70.9053100</LongitudeDegrees>
     </Position>
     <AltitudeMeters>497.08</AltitudeMeters>
     <DistanceMeters>6077.364133437577</DistanceMeters>
    </Trackpoint>
    <Trackpoint>
     <Time>2026-07-19T00:36:56+00:00</Time>
     <Position>
      <LatitudeDegrees>-33.4593367</LatitudeDegrees>
      <LongitudeDegrees>-70.9061800</LongitudeDegrees>
     </Position>
     <AltitudeMeters>498.03000000000003</AltitudeMeters>
     <DistanceMeters>6165.798254052438</DistanceMeters>
    </Trackpoint>
    <Trackpoint>
     <Time>2026-07-19T00:37:02+00:00</Time>
     <Position>
      <LatitudeDegrees>-33.4596600</LatitudeDegrees>
      <LongitudeDegrees>-70.9070500</LongitudeDegrees>
     </Position>
     <AltitudeMeters>498.97</AltitudeMeters>
     <DistanceMeters>6254.232387621606</DistanceMeters>
    </Trackpoint>
    <Trackpoint>
     <Time>2026-07-19T00:37:08+00:00</Time>
     <Position>
      <LatitudeDegrees>-33.4598700</LatitudeDegrees>
      <LongitudeDegrees>-70.9076900</LongitudeDegrees>
     </Position>
     <AltitudeMeters>499.46</AltitudeMeters>
     <DistanceMeters>6318.088027915264</DistanceMeters>
    </Trackpoint>
    <Trackpoint>
     <Time>2026-07-19T00:37:14+00:00</Time>
     <Position>
      <LatitudeDegrees>-33.4600650</LatitudeDegrees>
      <LongitudeDegrees>-70.9086300</LongitudeDegrees>
     </Position>
     <AltitudeMeters>500.4200000000001</AltitudeMeters>
     <DistanceMeters>6408.025454471021</DistanceMeters>
    </Trackpoint>
    <Trackpoint>
     <Time>2026-07-19T00:37:20+00:00</Time>
     <Position>
      <LatitudeDegrees>-33.4602600</LatitudeDegrees>
      <LongitudeDegrees>-70.9095700</LongitudeDegrees>
     </Position>
     <AltitudeMeters>501.29</AltitudeMeters>
     <DistanceMeters>6497.962885189513</DistanceMeters>
    </Trackpoint>
    <Trackpoint>
     <Time>2026-07-19T00:37:27+00:00</Time>
     <Position>
      <LatitudeDegrees>-33.4604625</LatitudeDegrees>
      <LongitudeDegrees>-70.9105025</LongitudeDegrees>
     </Position>
     <AltitudeMeters>502.17</AltitudeMeters>
     <DistanceMeters>6587.430707267314</DistanceMeters>
    </Trackpoint>
    <Trackpoint>
     <Time>2026-07-19T00:37:33+00:00</Time>
     <Position>
      <LatitudeDegrees>-33.4606650</LatitudeDegrees>
      <LongitudeDegrees>-70.9114350</LongitudeDegrees>
     </Position>
     <AltitudeMeters>503.38000000000005</AltitudeMeters>
     <DistanceMeters>6676.8985293453225</DistanceMeters>
    </Trackpoint>
    <Trackpoint>
     <Time>2026-07-19T00:37:39+00:00</Time>
     <Position>
      <LatitudeDegrees>-33.4608675</LatitudeDegrees>
      <LongitudeDegrees>-70.9123675</LongitudeDegrees>
     </Position>
     <AltitudeMeters>504.39</AltitudeMeters>
     <DistanceMeters>6766.366351424166</DistanceMeters>
    </Trackpoint>
    <Trackpoint>
     <Time>2026-07-19T00:37:45+00:00</Time>
     <Position>
      <LatitudeDegrees>-33.4610700</LatitudeDegrees>
      <LongitudeDegrees>-70.9133000</LongitudeDegrees>
     </Position>
     <AltitudeMeters>506.69000000000005</AltitudeMeters>
     <DistanceMeters>6855.834159692459</DistanceMeters>
    </Trackpoint>
    <Trackpoint>
     <Time>2026-07-19T00:37:51+00:00</Time>
     <Position>
      <LatitudeDegrees>-33.4612882</LatitudeDegrees>
      <LongitudeDegrees>-70.9142545</LongitudeDegrees>
     </Position>
     <AltitudeMeters>508.43000000000006</AltitudeMeters>
     <DistanceMeters>6947.728454056932</DistanceMeters>
    </Trackpoint>
    <Trackpoint>
     <Time>2026-07-19T00:37:58+00:00</Time>
     <Position>
      <LatitudeDegrees>-33.4615064</LatitudeDegrees>
      <LongitudeDegrees>-70.9152090</LongitudeDegrees>
     </Position>
     <AltitudeMeters>511.0300000000001</AltitudeMeters>
     <DistanceMeters>7039.622748421319</DistanceMeters>
    </Trackpoint>
    <Trackpoint>
     <Time>2026-07-19T00:38:04+00:00</Time>
     <Position>
      <LatitudeDegrees>-33.4617246</LatitudeDegrees>
      <LongitudeDegrees>-70.9161636</LongitudeDegrees>
     </Position>
     <AltitudeMeters>513.3000000000001</AltitudeMeters>
     <DistanceMeters>7131.517042784929</DistanceMeters>
    </Trackpoint>
    <Trackpoint>
     <Time>2026-07-19T00:38:10+00:00</Time>
     <Position>
      <LatitudeDegrees>-33.4619428</LatitudeDegrees>
      <LongitudeDegrees>-70.9171181</LongitudeDegrees>
     </Position>
     <AltitudeMeters>514.6700000000001</AltitudeMeters>
     <DistanceMeters>7223.411337149597</DistanceMeters>
    </Trackpoint>
    <Trackpoint>
     <Time>2026-07-19T00:38:16+00:00</Time>
     <Position>
      <LatitudeDegrees>-33.4621610</LatitudeDegrees>
      <LongitudeDegrees>-70.9180727</LongitudeDegrees>
     </Position>
     <AltitudeMeters>516.0</AltitudeMeters>
     <DistanceMeters>7315.3056315129415</DistanceMeters>
    </Trackpoint>
    <Trackpoint>
     <Time>2026-07-19T00:38:22+00:00</Time>
     <Position>
      <LatitudeDegrees>-33.4623792</LatitudeDegrees>
      <LongitudeDegrees>-70.9190272</LongitudeDegrees>
     </Position>
     <AltitudeMeters>517.36</AltitudeMeters>
     <DistanceMeters>7407.1999258780725</DistanceMeters>
    </Trackpoint>
    <Trackpoint>
     <Time>2026-07-19T00:38:29+00:00</Time>
     <Position>
      <LatitudeDegrees>-33.4625974</LatitudeDegrees>
      <LongitudeDegrees>-70.9199818</LongitudeDegrees>
     </Position>
     <AltitudeMeters>519.02</AltitudeMeters>
     <DistanceMeters>7499.0942202417555</DistanceMeters>
    </Trackpoint>
    <Trackpoint>
     <Time>2026-07-19T00:38:35+00:00</Time>
     <Position>
      <LatitudeDegrees>-33.4628155</LatitudeDegrees>
      <LongitudeDegrees>-70.9209363</LongitudeDegrees>
     </Position>
     <AltitudeMeters>520.86</AltitudeMeters>
     <DistanceMeters>7590.988514605409</DistanceMeters>
    </Trackpoint>
    <Trackpoint>
     <Time>2026-07-19T00:38:41+00:00</Time>
     <Position>
      <LatitudeDegrees>-33.4630337</LatitudeDegrees>
      <LongitudeDegrees>-70.9218909</LongitudeDegrees>
     </Position>
     <AltitudeMeters>522.34</AltitudeMeters>
     <DistanceMeters>7682.882808970037</DistanceMeters>
    </Trackpoint>
    <Trackpoint>
     <Time>2026-07-19T00:38:47+00:00</Time>
     <Position>
      <LatitudeDegrees>-33.4632519</LatitudeDegrees>
      <LongitudeDegrees>-70.9228454</LongitudeDegrees>
     </Position>
     <AltitudeMeters>524.1600000000001</AltitudeMeters>
     <DistanceMeters>7774.777103333889</DistanceMeters>
    </Trackpoint>
    <Trackpoint>
     <Time>2026-07-19T00:38:53+00:00</Time>
     <Position>
      <LatitudeDegrees>-33.4634700</LatitudeDegrees>
      <LongitudeDegrees>-70.9238000</LongitudeDegrees>
     </Position>
     <AltitudeMeters>528.15</AltitudeMeters>
     <DistanceMeters>7866.671396730578</DistanceMeters>
    </Trackpoint>
    <Trackpoint>
     <Time>2026-07-19T00:39:00+00:00</Time>
     <Position>
      <LatitudeDegrees>-33.4635100</LatitudeDegrees>
      <LongitudeDegrees>-70.9241600</LongitudeDegrees>
     </Position>
     <AltitudeMeters>531.5000000000001</AltitudeMeters>
     <DistanceMeters>7900.391485231929</DistanceMeters>
    </Trackpoint>
    <Trackpoint>
     <Time>2026-07-19T00:39:06+00:00</Time>
     <Position>
      <LatitudeDegrees>-33.4634500</LatitudeDegrees>
      <LongitudeDegrees>-70.9245600</LongitudeDegrees>
     </Position>
     <AltitudeMeters>533.97</AltitudeMeters>
     <DistanceMeters>7938.125864891064</DistanceMeters>
    </Trackpoint>
    <Trackpoint>
     <Time>2026-07-19T00:39:12+00:00</Time>
     <Position>
      <LatitudeDegrees>-33.4630700</LatitudeDegrees>
      <LongitudeDegrees>-70.9255000</LongitudeDegrees>
     </Position>
     <AltitudeMeters>539.85</AltitudeMeters>
     <DistanceMeters>8035.1094604227255</DistanceMeters>
    </Trackpoint>
    <Trackpoint>
     <Time>2026-07-19T00:39:18+00:00</Time>
     <Position>
      <LatitudeDegrees>-33.4630400</LatitudeDegrees>
      <LongitudeDegrees>-70.9256800</LongitudeDegrees>
     </Position>
     <AltitudeMeters>539.85</AltitudeMeters>
     <DistanceMeters>8052.152267101513</DistanceMeters>
    </Trackpoint>
    <Trackpoint>
     <Time>2026-07-19T00:39:24+00:00</Time>
     <Position>
      <LatitudeDegrees>-33.4630400</LatitudeDegrees>
      <LongitudeDegrees>-70.9258200</LongitudeDegrees>
     </Position>
     <AltitudeMeters>541.74</AltitudeMeters>
     <DistanceMeters>8065.150916478339</DistanceMeters>
    </Trackpoint>
    <Trackpoint>
     <Time>2026-07-19T00:39:30+00:00</Time>
     <Position>
      <LatitudeDegrees>-33.4630900</LatitudeDegrees>
      <LongitudeDegrees>-70.9262300</LongitudeDegrees>
     </Position>
     <AltitudeMeters>543.8100000000001</AltitudeMeters>
     <DistanceMeters>8103.622964756439</DistanceMeters>
    </Trackpoint>
    <Trackpoint>
     <Time>2026-07-19T00:39:37+00:00</Time>
     <Position>
      <LatitudeDegrees>-33.4630700</LatitudeDegrees>
      <LongitudeDegrees>-70.9265800</LongitudeDegrees>
     </Position>
     <AltitudeMeters>544.74</AltitudeMeters>
     <DistanceMeters>8136.195717968532</DistanceMeters>
    </Trackpoint>
    <Trackpoint>
     <Time>2026-07-19T00:39:43+00:00</Time>
     <Position>
      <LatitudeDegrees>-33.4629100</LatitudeDegrees>
      <LongitudeDegrees>-70.9270200</LongitudeDegrees>
     </Position>
     <AltitudeMeters>549.94</AltitudeMeters>
     <DistanceMeters>8180.760967290555</DistanceMeters>
    </Trackpoint>
    <Trackpoint>
     <Time>2026-07-19T00:39:49+00:00</Time>
     <Position>
      <LatitudeDegrees>-33.4628200</LatitudeDegrees>
      <LongitudeDegrees>-70.9272000</LongitudeDegrees>
     </Position>
     <AltitudeMeters>549.94</AltitudeMeters>
     <DistanceMeters>8200.245395107844</DistanceMeters>
    </Trackpoint>
    <Trackpoint>
     <Time>2026-07-19T00:39:55+00:00</Time>
     <Position>
      <LatitudeDegrees>-33.4626900</LatitudeDegrees>
      <LongitudeDegrees>-70.9273300</LongitudeDegrees>
     </Position>
     <AltitudeMeters>550.96</AltitudeMeters>
     <DistanceMeters>8219.087522805756</DistanceMeters>
    </Trackpoint>
    <Trackpoint>
     <Time>2026-07-19T00:40:01+00:00</Time>
     <Position>
      <LatitudeDegrees>-33.4623500</LatitudeDegrees>
      <LongitudeDegrees>-70.9275700</LongitudeDegrees>
     </Position>
     <AltitudeMeters>554.7800000000001</AltitudeMeters>
     <DistanceMeters>8263.001775757066</DistanceMeters>
    </Trackpoint>
    <Trackpoint>
     <Time>2026-07-19T00:40:08+00:00</Time>
     <Position>
      <LatitudeDegrees>-33.4622800</LatitudeDegrees>
      <LongitudeDegrees>-70.9277000</LongitudeDegrees>
     </Position>
     <AltitudeMeters>554.7800000000001</AltitudeMeters>
     <DistanceMeters>8277.36793446346</DistanceMeters>
    </Trackpoint>
    <Trackpoint>
     <Time>2026-07-19T00:40:14+00:00</Time>
     <Position>
      <LatitudeDegrees>-33.4622200</LatitudeDegrees>
      <LongitudeDegrees>-70.9278800</LongitudeDegrees>
     </Position>
     <AltitudeMeters>556.36</AltitudeMeters>
     <DistanceMeters>8295.365340202012</DistanceMeters>
    </Trackpoint>
    <Trackpoint>
     <Time>2026-07-19T00:40:20+00:00</Time>
     <Position>
      <LatitudeDegrees>-33.4622200</LatitudeDegrees>
      <LongitudeDegrees>-70.9281000</LongitudeDegrees>
     </Position>
     <AltitudeMeters>558.3</AltitudeMeters>
     <DistanceMeters>8315.79198244297</DistanceMeters>
    </Trackpoint>
    <Trackpoint>
     <Time>2026-07-19T00:40:26+00:00</Time>
     <Position>
      <LatitudeDegrees>-33.4623100</LatitudeDegrees>
      <LongitudeDegrees>-70.9283200</LongitudeDegrees>
     </Position>
     <AltitudeMeters>558.3</AltitudeMeters>
     <DistanceMeters>8338.54236219756</DistanceMeters>
    </Trackpoint>
    <Trackpoint>
     <Time>2026-07-19T00:40:32+00:00</Time>
     <Position>
      <LatitudeDegrees>-33.4623900</LatitudeDegrees>
      <LongitudeDegrees>-70.9284600</LongitudeDegrees>
     </Position>
     <AltitudeMeters>560.71</AltitudeMeters>
     <DistanceMeters>8354.298079773193</DistanceMeters>
    </Trackpoint>
    <Trackpoint>
     <Time>2026-07-19T00:40:39+00:00</Time>
     <Position>
      <LatitudeDegrees>-33.4626200</LatitudeDegrees>
      <LongitudeDegrees>-70.9286400</LongitudeDegrees>
     </Position>
     <AltitudeMeters>561.9900000000001</AltitudeMeters>
     <DistanceMeters>8384.868828429584</DistanceMeters>
    </Trackpoint>
    <Trackpoint>
     <Time>2026-07-19T00:40:45+00:00</Time>
     <Position>
      <LatitudeDegrees>-33.4627100</LatitudeDegrees>
      <LongitudeDegrees>-70.9287700</LongitudeDegrees>
     </Position>
     <AltitudeMeters>563.32</AltitudeMeters>
     <DistanceMeters>8400.553944621897</DistanceMeters>
    </Trackpoint>
    <Trackpoint>
     <Time>2026-07-19T00:40:51+00:00</Time>
     <Position>
      <LatitudeDegrees>-33.4627300</LatitudeDegrees>
      <LongitudeDegrees>-70.9289000</LongitudeDegrees>
     </Position>
     <AltitudeMeters>563.32</AltitudeMeters>
     <DistanceMeters>8412.827692113015</DistanceMeters>
    </Trackpoint>
    <Trackpoint>
     <Time>2026-07-19T00:40:57+00:00</Time>
     <Position>
      <LatitudeDegrees>-33.4627100</LatitudeDegrees>
      <LongitudeDegrees>-70.9292600</LongitudeDegrees>
     </Position>
     <AltitudeMeters>567.0200000000001</AltitudeMeters>
     <DistanceMeters>8446.326947965646</DistanceMeters>
    </Trackpoint>
    <Trackpoint>
     <Time>2026-07-19T00:41:03+00:00</Time>
     <Position>
      <LatitudeDegrees>-33.4627600</LatitudeDegrees>
      <LongitudeDegrees>-70.9294800</LongitudeDegrees>
     </Position>
     <AltitudeMeters>567.0200000000001</AltitudeMeters>
     <DistanceMeters>8467.497908651449</DistanceMeters>
    </Trackpoint>
    <Trackpoint>
     <Time>2026-07-19T00:41:10+00:00</Time>
     <Position>
      <LatitudeDegrees>-33.4628400</LatitudeDegrees>
      <LongitudeDegrees>-70.9296200</LongitudeDegrees>
     </Position>
     <AltitudeMeters>568.32</AltitudeMeters>
     <DistanceMeters>8483.253570556153</DistanceMeters>
    </Trackpoint>
    <Trackpoint>
     <Time>2026-07-19T00:41:16+00:00</Time>
     <Position>
      <LatitudeDegrees>-33.4629500</LatitudeDegrees>
      <LongitudeDegrees>-70.9297200</LongitudeDegrees>
     </Position>
     <AltitudeMeters>568.32</AltitudeMeters>
     <DistanceMeters>8498.61866979655</DistanceMeters>
    </Trackpoint>
    <Trackpoint>
     <Time>2026-07-19T00:41:22+00:00</Time>
     <Position>
      <LatitudeDegrees>-33.4633600</LatitudeDegrees>
      <LongitudeDegrees>-70.9300700</LongitudeDegrees>
     </Position>
     <AltitudeMeters>570.9200000000001</AltitudeMeters>
     <DistanceMeters>8554.638637255197</DistanceMeters>
    </Trackpoint>
    <Trackpoint>
     <Time>2026-07-19T00:41:28+00:00</Time>
     <Position>
      <LatitudeDegrees>-33.4638300</LatitudeDegrees>
      <LongitudeDegrees>-70.9303400</LongitudeDegrees>
     </Position>
     <AltitudeMeters>575.61</AltitudeMeters>
     <DistanceMeters>8612.644379665242</DistanceMeters>
    </Trackpoint>
    <Trackpoint>
     <Time>2026-07-19T00:41:34+00:00</Time>
     <Position>
      <LatitudeDegrees>-33.4641200</LatitudeDegrees>
      <LongitudeDegrees>-70.9304200</LongitudeDegrees>
     </Position>
     <AltitudeMeters>577.97</AltitudeMeters>
     <DistanceMeters>8645.76378280331</DistanceMeters>
    </Trackpoint>
    <Trackpoint>
     <Time>2026-07-19T00:41:41+00:00</Time>
     <Position>
      <LatitudeDegrees>-33.4642300</LatitudeDegrees>
      <LongitudeDegrees>-70.9304200</LongitudeDegrees>
     </Position>
     <AltitudeMeters>578.9000000000001</AltitudeMeters>
     <DistanceMeters>8658.006307541733</DistanceMeters>
    </Trackpoint>
    <Trackpoint>
     <Time>2026-07-19T00:41:47+00:00</Time>
     <Position>
      <LatitudeDegrees>-33.4643900</LatitudeDegrees>
      <LongitudeDegrees>-70.9303800</LongitudeDegrees>
     </Position>
     <AltitudeMeters>580.1</AltitudeMeters>
     <DistanceMeters>8676.19676908771</DistanceMeters>
    </Trackpoint>
    <Trackpoint>
     <Time>2026-07-19T00:41:53+00:00</Time>
     <Position>
      <LatitudeDegrees>-33.4651700</LatitudeDegrees>
      <LongitudeDegrees>-70.9299700</LongitudeDegrees>
     </Position>
     <AltitudeMeters>585.62</AltitudeMeters>
     <DistanceMeters>8770.986851967906</DistanceMeters>
    </Trackpoint>
    <Trackpoint>
     <Time>2026-07-19T00:41:59+00:00</Time>
     <Position>
      <LatitudeDegrees>-33.4653600</LatitudeDegrees>
      <LongitudeDegrees>-70.9299000</LongitudeDegrees>
     </Position>
     <AltitudeMeters>586.84</AltitudeMeters>
     <DistanceMeters>8793.10923753586</DistanceMeters>
    </Trackpoint>
    <Trackpoint>
     <Time>2026-07-19T00:42:05+00:00</Time>
     <Position>
      <LatitudeDegrees>-33.4656200</LatitudeDegrees>
      <LongitudeDegrees>-70.9298900</LongitudeDegrees>
     </Position>
     <AltitudeMeters>586.84</AltitudeMeters>
     <DistanceMeters>8822.061005142004</DistanceMeters>
    </Trackpoint>
    <Trackpoint>
     <Time>2026-07-19T00:42:12+00:00</Time>
     <Position>
      <LatitudeDegrees>-33.4658000</LatitudeDegrees>
      <LongitudeDegrees>-70.9299300</LongitudeDegrees>
     </Position>
     <AltitudeMeters>592.14</AltitudeMeters>
     <DistanceMeters>8842.435552937974</DistanceMeters>
    </Trackpoint>
    <Trackpoint>
     <Time>2026-07-19T00:42:18+00:00</Time>
     <Position>
      <LatitudeDegrees>-33.4658900</LatitudeDegrees>
      <LongitudeDegrees>-70.9299800</LongitudeDegrees>
     </Position>
     <AltitudeMeters>592.14</AltitudeMeters>
     <DistanceMeters>8853.475604918174</DistanceMeters>
    </Trackpoint>
    <Trackpoint>
     <Time>2026-07-19T00:42:24+00:00</Time>
     <Position>
      <LatitudeDegrees>-33.4662200</LatitudeDegrees>
      <LongitudeDegrees>-70.9303800</LongitudeDegrees>
     </Position>
     <AltitudeMeters>594.5100000000001</AltitudeMeters>
     <DistanceMeters>8905.707050885161</DistanceMeters>
    </Trackpoint>
    <Trackpoint>
     <Time>2026-07-19T00:42:30+00:00</Time>
     <Position>
      <LatitudeDegrees>-33.4664500</LatitudeDegrees>
      <LongitudeDegrees>-70.9305300</LongitudeDegrees>
     </Position>
     <AltitudeMeters>595.16</AltitudeMeters>
     <DistanceMeters>8934.848224015077</DistanceMeters>
    </Trackpoint>
    <Trackpoint>
     <Time>2026-07-19T00:42:36+00:00</Time>
     <Position>
      <LatitudeDegrees>-33.4666900</LatitudeDegrees>
      <LongitudeDegrees>-70.9306500</LongitudeDegrees>
     </Position>
     <AltitudeMeters>598.25</AltitudeMeters>
     <DistanceMeters>8963.789594134985</DistanceMeters>
    </Trackpoint>
    <Trackpoint>
     <Time>2026-07-19T00:42:43+00:00</Time>
     <Position>
      <LatitudeDegrees>-33.4668300</LatitudeDegrees>
      <LongitudeDegrees>-70.9306600</LongitudeDegrees>
     </Position>
     <AltitudeMeters>598.25</AltitudeMeters>
     <DistanceMeters>8979.398625677592</DistanceMeters>
    </Trackpoint>
    <Trackpoint>
     <Time>2026-07-19T00:42:49+00:00</Time>
     <Position>
      <LatitudeDegrees>-33.4669200</LatitudeDegrees>
      <LongitudeDegrees>-70.9306500</LongitudeDegrees>
     </Position>
     <AltitudeMeters>600.6600000000001</AltitudeMeters>
     <DistanceMeters>8989.458172804056</DistanceMeters>
    </Trackpoint>
    <Trackpoint>
     <Time>2026-07-19T00:42:55+00:00</Time>
     <Position>
      <LatitudeDegrees>-33.4670300</LatitudeDegrees>
      <LongitudeDegrees>-70.9306100</LongitudeDegrees>
     </Position>
     <AltitudeMeters>600.6600000000001</AltitudeMeters>
     <DistanceMeters>9002.251577807549</DistanceMeters>
    </Trackpoint>
    <Trackpoint>
     <Time>2026-07-19T00:43:01+00:00</Time>
     <Position>
      <LatitudeDegrees>-33.4672500</LatitudeDegrees>
      <LongitudeDegrees>-70.9304700</LongitudeDegrees>
     </Position>
     <AltitudeMeters>602.09</AltitudeMeters>
     <DistanceMeters>9029.972807035198</DistanceMeters>
    </Trackpoint>
    <Trackpoint>
     <Time>2026-07-19T00:43:07+00:00</Time>
     <Position>
      <LatitudeDegrees>-33.4673900</LatitudeDegrees>
      <LongitudeDegrees>-70.9304300</LongitudeDegrees>
     </Position>
     <AltitudeMeters>602.99</AltitudeMeters>
     <DistanceMeters>9045.99065844422</DistanceMeters>
    </Trackpoint>
    <Trackpoint>
     <Time>2026-07-19T00:43:14+00:00</Time>
     <Position>
      <LatitudeDegrees>-33.4675200</LatitudeDegrees>
      <LongitudeDegrees>-70.9304700</LongitudeDegrees>
     </Position>
     <AltitudeMeters>603.6400000000001</AltitudeMeters>
     <DistanceMeters>9060.928106502006</DistanceMeters>
    </Trackpoint>
    <Trackpoint>
     <Time>2026-07-19T00:43:20+00:00</Time>
     <Position>
      <LatitudeDegrees>-33.4678600</LatitudeDegrees>
      <LongitudeDegrees>-70.9307000</LongitudeDegrees>
     </Position>
     <AltitudeMeters>606.6100000000001</AltitudeMeters>
     <DistanceMeters>9104.377958498322</DistanceMeters>
    </Trackpoint>
    <Trackpoint>
     <Time>2026-07-19T00:43:26+00:00</Time>
     <Position>
      <LatitudeDegrees>-33.4682200</LatitudeDegrees>
      <LongitudeDegrees>-70.9308300</LongitudeDegrees>
     </Position>
     <AltitudeMeters>609.4000000000001</AltitudeMeters>
     <DistanceMeters>9146.222818232442</DistanceMeters>
    </Trackpoint>
    <Trackpoint>
     <Time>2026-07-19T00:43:32+00:00</Time>
     <Position>
      <LatitudeDegrees>-33.4688400</LatitudeDegrees>
      <LongitudeDegrees>-70.9308300</LongitudeDegrees>
     </Position>
     <AltitudeMeters>613.7900000000001</AltitudeMeters>
     <DistanceMeters>9215.22613948551</DistanceMeters>
    </Trackpoint>
    <Trackpoint>
     <Time>2026-07-19T00:43:38+00:00</Time>
     <Position>
      <LatitudeDegrees>-33.4695400</LatitudeDegrees>
      <LongitudeDegrees>-70.9307800</LongitudeDegrees>
     </Position>
     <AltitudeMeters>619.71</AltitudeMeters>
     <DistanceMeters>9293.271289456123</DistanceMeters>
    </Trackpoint>
    <Trackpoint>
     <Time>2026-07-19T00:43:45+00:00</Time>
     <Position>
      <LatitudeDegrees>-33.4696300</LatitudeDegrees>
      <LongitudeDegrees>-70.9307900</LongitudeDegrees>
     </Position>
     <AltitudeMeters>620.56</AltitudeMeters>
     <DistanceMeters>9303.330833903197</DistanceMeters>
    </Trackpoint>
    <Trackpoint>
     <Time>2026-07-19T00:43:51+00:00</Time>
     <Position>
      <LatitudeDegrees>-33.4697200</LatitudeDegrees>
      <LongitudeDegrees>-70.9308700</LongitudeDegrees>
     </Position>
     <AltitudeMeters>620.56</AltitudeMeters>
     <DistanceMeters>9315.800647863909</DistanceMeters>
    </Trackpoint>
    <Trackpoint>
     <Time>2026-07-19T00:43:57+00:00</Time>
     <Position>
      <LatitudeDegrees>-33.4697400</LatitudeDegrees>
      <LongitudeDegrees>-70.9309600</LongitudeDegrees>
     </Position>
     <AltitudeMeters>622.3000000000001</AltitudeMeters>
     <DistanceMeters>9324.447684239307</DistanceMeters>
    </Trackpoint>
    <Trackpoint>
     <Time>2026-07-19T00:44:03+00:00</Time>
     <Position>
      <LatitudeDegrees>-33.4697400</LatitudeDegrees>
      <LongitudeDegrees>-70.9311000</LongitudeDegrees>
     </Position>
     <AltitudeMeters>623.5400000000001</AltitudeMeters>
     <DistanceMeters>9337.445328854916</DistanceMeters>
    </Trackpoint>
    <Trackpoint>
     <Time>2026-07-19T00:44:09+00:00</Time>
     <Position>
      <LatitudeDegrees>-33.4696700</LatitudeDegrees>
      <LongitudeDegrees>-70.9312000</LongitudeDegrees>
     </Position>
     <AltitudeMeters>624.3000000000001</AltitudeMeters>
     <DistanceMeters>9349.565076618015</DistanceMeters>
    </Trackpoint>
    <Trackpoint>
     <Time>2026-07-19T00:44:16+00:00</Time>
     <Position>
      <LatitudeDegrees>-33.4691200</LatitudeDegrees>
      <LongitudeDegrees>-70.9316850</LongitudeDegrees>
     </Position>
     <AltitudeMeters>630.0600000000001</AltitudeMeters>
     <DistanceMeters>9425.555163976022</DistanceMeters>
    </Trackpoint>
    <Trackpoint>
     <Time>2026-07-19T00:44:22+00:00</Time>
     <Position>
      <LatitudeDegrees>-33.4685700</LatitudeDegrees>
      <LongitudeDegrees>-70.9321700</LongitudeDegrees>
     </Position>
     <AltitudeMeters>633.78</AltitudeMeters>
     <DistanceMeters>9501.545272410203</DistanceMeters>
    </Trackpoint>
    <Trackpoint>
     <Time>2026-07-19T00:44:28+00:00</Time>
     <Position>
      <LatitudeDegrees>-33.4680700</LatitudeDegrees>
      <LongitudeDegrees>-70.9324200</LongitudeDegrees>
     </Position>
     <AltitudeMeters>638.9200000000001</AltitudeMeters>
     <DistanceMeters>9561.839668169701</DistanceMeters>
    </Trackpoint>
    <Trackpoint>
     <Time>2026-07-19T00:44:34+00:00</Time>
     <Position>
      <LatitudeDegrees>-33.4675700</LatitudeDegrees>
      <LongitudeDegrees>-70.9326700</LongitudeDegrees>
     </Position>
     <AltitudeMeters>642.11</AltitudeMeters>
     <DistanceMeters>9622.134005303447</DistanceMeters>
    </Trackpoint>
    <Trackpoint>
     <Time>2026-07-19T00:44:40+00:00</Time>
     <Position>
      <LatitudeDegrees>-33.4675400</LatitudeDegrees>
      <LongitudeDegrees>-70.9327100</LongitudeDegrees>
     </Position>
     <AltitudeMeters>642.11</AltitudeMeters>
     <DistanceMeters>9627.127968705894</DistanceMeters>
    </Trackpoint>
    <Trackpoint>
     <Time>2026-07-19T00:44:47+00:00</Time>
     <Position>
      <LatitudeDegrees>-33.4675400</LatitudeDegrees>
      <LongitudeDegrees>-70.9328000</LongitudeDegrees>
     </Position>
     <AltitudeMeters>642.78</AltitudeMeters>
     <DistanceMeters>9635.483809492316</DistanceMeters>
    </Trackpoint>
    <Trackpoint>
     <Time>2026-07-19T00:44:53+00:00</Time>
     <Position>
      <LatitudeDegrees>-33.4675700</LatitudeDegrees>
      <LongitudeDegrees>-70.9328400</LongitudeDegrees>
     </Position>
     <AltitudeMeters>643.08</AltitudeMeters>
     <DistanceMeters>9640.477772894763</DistanceMeters>
    </Trackpoint>
    <Trackpoint>
     <Time>2026-07-19T00:44:59+00:00</Time>
     <Position>
      <LatitudeDegrees>-33.4676600</LatitudeDegrees>
      <LongitudeDegrees>-70.9328800</LongitudeDegrees>
     </Position>
     <AltitudeMeters>643.6200000000001</AltitudeMeters>
     <DistanceMeters>9651.160660840726</DistanceMeters>
    </Trackpoint>
    <Trackpoint>
     <Time>2026-07-19T00:45:05+00:00</Time>
     <Position>
      <LatitudeDegrees>-33.4679000</LatitudeDegrees>
      <LongitudeDegrees>-70.9327100</LongitudeDegrees>
     </Position>
     <AltitudeMeters>645.2800000000001</AltitudeMeters>
     <DistanceMeters>9682.186219674923</DistanceMeters>
    </Trackpoint>
    <Trackpoint>
     <Time>2026-07-19T00:45:11+00:00</Time>
     <Position>
      <LatitudeDegrees>-33.4680400</LatitudeDegrees>
      <LongitudeDegrees>-70.9326300</LongitudeDegrees>
     </Position>
     <AltitudeMeters>645.8000000000001</AltitudeMeters>
     <DistanceMeters>9699.447326411006</DistanceMeters>
    </Trackpoint>
    <Trackpoint>
     <Time>2026-07-19T00:45:17+00:00</Time>
     <Position>
      <LatitudeDegrees>-33.4685700</LatitudeDegrees>
      <LongitudeDegrees>-70.9324900</LongitudeDegrees>
     </Position>
     <AltitudeMeters>650.15</AltitudeMeters>
     <DistanceMeters>9759.849117187152</DistanceMeters>
    </Trackpoint>
    <Trackpoint>
     <Time>2026-07-19T00:45:24+00:00</Time>
     <Position>
      <LatitudeDegrees>-33.4690400</LatitudeDegrees>
      <LongitudeDegrees>-70.9322700</LongitudeDegrees>
     </Position>
     <AltitudeMeters>651.82</AltitudeMeters>
     <DistanceMeters>9816.004371560262</DistanceMeters>
    </Trackpoint>
    <Trackpoint>
     <Time>2026-07-19T00:45:30+00:00</Time>
     <Position>
      <LatitudeDegrees>-33.4695100</LatitudeDegrees>
      <LongitudeDegrees>-70.9319500</LongitudeDegrees>
     </Position>
     <AltitudeMeters>657.2600000000001</AltitudeMeters>
     <DistanceMeters>9876.161304671312</DistanceMeters>
    </Trackpoint>
    <Trackpoint>
     <Time>2026-07-19T00:45:36+00:00</Time>
     <Position>
      <LatitudeDegrees>-33.4702700</LatitudeDegrees>
      <LongitudeDegrees>-70.9316300</LongitudeDegrees>
     </Position>
     <AltitudeMeters>662.4300000000001</AltitudeMeters>
     <DistanceMeters>9965.811681388854</DistanceMeters>
    </Trackpoint>
    <Trackpoint>
     <Time>2026-07-19T00:45:42+00:00</Time>
     <Position>
      <LatitudeDegrees>-33.4709500</LatitudeDegrees>
      <LongitudeDegrees>-70.9311900</LongitudeDegrees>
     </Position>
     <AltitudeMeters>667.9600000000002</AltitudeMeters>
     <DistanceMeters>10051.813372773006</DistanceMeters>
    </Trackpoint>
    <Trackpoint>
     <Time>2026-07-19T00:45:48+00:00</Time>
     <Position>
      <LatitudeDegrees>-33.4714600</LatitudeDegrees>
      <LongitudeDegrees>-70.9309300</LongitudeDegrees>
     </Position>
     <AltitudeMeters>671.64</AltitudeMeters>
     <DistanceMeters>10113.493472287879</DistanceMeters>
    </Trackpoint>
    <Trackpoint>
     <Time>2026-07-19T00:45:55+00:00</Time>
     <Position>
      <LatitudeDegrees>-33.4715700</LatitudeDegrees>
      <LongitudeDegrees>-70.9308400</LongitudeDegrees>
     </Position>
     <AltitudeMeters>672.6800000000001</AltitudeMeters>
     <DistanceMeters>10128.315519471384</DistanceMeters>
    </Trackpoint>
    <Trackpoint>
     <Time>2026-07-19T00:46:01+00:00</Time>
     <Position>
      <LatitudeDegrees>-33.4716000</LatitudeDegrees>
      <LongitudeDegrees>-70.9307800</LongitudeDegrees>
     </Position>
     <AltitudeMeters>672.88</AltitudeMeters>
     <DistanceMeters>10134.80984802841</DistanceMeters>
    </Trackpoint>
    <Trackpoint>
     <Time>2026-07-19T00:46:07+00:00</Time>
     <Position>
      <LatitudeDegrees>-33.4716000</LatitudeDegrees>
      <LongitudeDegrees>-70.9306600</LongitudeDegrees>
     </Position>
     <AltitudeMeters>673.22</AltitudeMeters>
     <DistanceMeters>10145.95044715806</DistanceMeters>
    </Trackpoint>
    <Trackpoint>
     <Time>2026-07-19T00:46:13+00:00</Time>
     <Position>
      <LatitudeDegrees>-33.4715700</LatitudeDegrees>
      <LongitudeDegrees>-70.9305700</LongitudeDegrees>
     </Position>
     <AltitudeMeters>673.35</AltitudeMeters>
     <DistanceMeters>10154.948314315876</DistanceMeters>
    </Trackpoint>
    <Trackpoint>
     <Time>2026-07-19T00:46:19+00:00</Time>
     <Position>
      <LatitudeDegrees>-33.4715300</LatitudeDegrees>
      <LongitudeDegrees>-70.9305200</LongitudeDegrees>
     </Position>
     <AltitudeMeters>673.6500000000001</AltitudeMeters>
     <DistanceMeters>10161.379968617408</DistanceMeters>
    </Trackpoint>
    <Trackpoint>
     <Time>2026-07-19T00:46:26+00:00</Time>
     <Position>
      <LatitudeDegrees>-33.4712800</LatitudeDegrees>
      <LongitudeDegrees>-70.9303900</LongitudeDegrees>
     </Position>
     <AltitudeMeters>674.1</AltitudeMeters>
     <DistanceMeters>10191.708692755541</DistanceMeters>
    </Trackpoint>
    <Trackpoint>
     <Time>2026-07-19T00:46:32+00:00</Time>
     <Position>
      <LatitudeDegrees>-33.4707000</LatitudeDegrees>
      <LongitudeDegrees>-70.9301600</LongitudeDegrees>
     </Position>
     <AltitudeMeters>676.59</AltitudeMeters>
     <DistanceMeters>10259.700196008425</DistanceMeters>
    </Trackpoint>
    <Trackpoint>
     <Time>2026-07-19T00:46:38+00:00</Time>
     <Position>
      <LatitudeDegrees>-33.4700300</LatitudeDegrees>
      <LongitudeDegrees>-70.9298000</LongitudeDegrees>
     </Position>
     <AltitudeMeters>681.21</AltitudeMeters>
     <DistanceMeters>10341.41586583599</DistanceMeters>
    </Trackpoint>
    <Trackpoint>
     <Time>2026-07-19T00:46:44+00:00</Time>
     <Position>
      <LatitudeDegrees>-33.4695100</LatitudeDegrees>
      <LongitudeDegrees>-70.9296200</LongitudeDegrees>
     </Position>
     <AltitudeMeters>686.6800000000001</AltitudeMeters>
     <DistanceMeters>10401.65403688573</DistanceMeters>
    </Trackpoint>
    <Trackpoint>
     <Time>2026-07-19T00:46:50+00:00</Time>
     <Position>
      <LatitudeDegrees>-33.4694200</LatitudeDegrees>
      <LongitudeDegrees>-70.9295400</LongitudeDegrees>
     </Position>
     <AltitudeMeters>686.6800000000001</AltitudeMeters>
     <DistanceMeters>10414.123861565906</DistanceMeters>
    </Trackpoint>
    <Trackpoint>
     <Time>2026-07-19T00:46:57+00:00</Time>
     <Position>
      <LatitudeDegrees>-33.4693800</LatitudeDegrees>
      <LongitudeDegrees>-70.9294500</LongitudeDegrees>
     </Position>
     <AltitudeMeters>686.6800000000001</AltitudeMeters>
     <DistanceMeters>10423.5914823698</DistanceMeters>
    </Trackpoint>
    <Trackpoint>
     <Time>2026-07-19T00:47:03+00:00</Time>
     <Position>
      <LatitudeDegrees>-33.4693800</LatitudeDegrees>
      <LongitudeDegrees>-70.9293100</LongitudeDegrees>
     </Position>
     <AltitudeMeters>688.96</AltitudeMeters>
     <DistanceMeters>10436.589180977098</DistanceMeters>
    </Trackpoint>
    <Trackpoint>
     <Time>2026-07-19T00:47:09+00:00</Time>
     <Position>
      <LatitudeDegrees>-33.4694500</LatitudeDegrees>
      <LongitudeDegrees>-70.9292200</LongitudeDegrees>
     </Position>
     <AltitudeMeters>688.96</AltitudeMeters>
     <DistanceMeters>10448.013366846855</DistanceMeters>
    </Trackpoint>
    <Trackpoint>
     <Time>2026-07-19T00:47:15+00:00</Time>
     <Position>
      <LatitudeDegrees>-33.4695400</LatitudeDegrees>
      <LongitudeDegrees>-70.9291300</LongitudeDegrees>
     </Position>
     <AltitudeMeters>690.5400000000001</AltitudeMeters>
     <DistanceMeters>10461.057500560093</DistanceMeters>
    </Trackpoint>
    <Trackpoint>
     <Time>2026-07-19T00:47:21+00:00</Time>
     <Position>
      <LatitudeDegrees>-33.4698700</LatitudeDegrees>
      <LongitudeDegrees>-70.9289400</LongitudeDegrees>
     </Position>
     <AltitudeMeters>692.8000000000001</AltitudeMeters>
     <DistanceMeters>10501.801488869205</DistanceMeters>
    </Trackpoint>
    <Trackpoint>
     <Time>2026-07-19T00:47:28+00:00</Time>
     <Position>
      <LatitudeDegrees>-33.4701000</LatitudeDegrees>
      <LongitudeDegrees>-70.9287300</LongitudeDegrees>
     </Position>
     <AltitudeMeters>695.2</AltitudeMeters>
     <DistanceMeters>10533.978623583687</DistanceMeters>
    </Trackpoint>
    <Trackpoint>
     <Time>2026-07-19T00:47:34+00:00</Time>
     <Position>
      <LatitudeDegrees>-33.4705400</LatitudeDegrees>
      <LongitudeDegrees>-70.9281000</LongitudeDegrees>
     </Position>
     <AltitudeMeters>699.6500000000001</AltitudeMeters>
     <DistanceMeters>10610.261221883384</DistanceMeters>
    </Trackpoint>
    <Trackpoint>
     <Time>2026-07-19T00:47:40+00:00</Time>
     <Position>
      <LatitudeDegrees>-33.4705900</LatitudeDegrees>
      <LongitudeDegrees>-70.9280800</LongitudeDegrees>
     </Position>
     <AltitudeMeters>699.6500000000001</AltitudeMeters>
     <DistanceMeters>10616.127607902223</DistanceMeters>
    </Trackpoint>
    <Trackpoint>
     <Time>2026-07-19T00:47:46+00:00</Time>
     <Position>
      <LatitudeDegrees>-33.4706200</LatitudeDegrees>
      <LongitudeDegrees>-70.9280700</LongitudeDegrees>
     </Position>
     <AltitudeMeters>699.6500000000001</AltitudeMeters>
     <DistanceMeters>10616.127607902223</DistanceMeters>
    </Trackpoint>
    <Trackpoint>
     <Time>2026-07-19T00:47:52+00:00</Time>
     <Position>
      <LatitudeDegrees>-33.4706600</LatitudeDegrees>
      <LongitudeDegrees>-70.9281000</LongitudeDegrees>
     </Position>
     <AltitudeMeters>699.6500000000001</AltitudeMeters>
     <DistanceMeters>10621.37889311538</DistanceMeters>
    </Trackpoint>
    <Trackpoint>
     <Time>2026-07-19T00:47:59+00:00</Time>
     <Position>
      <LatitudeDegrees>-33.4706600</LatitudeDegrees>
      <LongitudeDegrees>-70.9281900</LongitudeDegrees>
     </Position>
     <AltitudeMeters>700.38</AltitudeMeters>
     <DistanceMeters>10629.734433094618</DistanceMeters>
    </Trackpoint>
    <Trackpoint>
     <Time>2026-07-19T00:48:05+00:00</Time>
     <Position>
      <LatitudeDegrees>-33.4703900</LatitudeDegrees>
      <LongitudeDegrees>-70.9285900</LongitudeDegrees>
     </Position>
     <AltitudeMeters>703.6800000000001</AltitudeMeters>
     <DistanceMeters>10677.505339201281</DistanceMeters>
    </Trackpoint>
    <Trackpoint>
     <Time>2026-07-19T00:48:11+00:00</Time>
     <Position>
      <LatitudeDegrees>-33.4703000</LatitudeDegrees>
      <LongitudeDegrees>-70.9288200</LongitudeDegrees>
     </Position>
     <AltitudeMeters>704.2700000000001</AltitudeMeters>
     <DistanceMeters>10701.091106376682</DistanceMeters>
    </Trackpoint>
    <Trackpoint>
     <Time>2026-07-19T00:48:17+00:00</Time>
     <Position>
      <LatitudeDegrees>-33.4701900</LatitudeDegrees>
      <LongitudeDegrees>-70.9291300</LongitudeDegrees>
     </Position>
     <AltitudeMeters>707.1800000000001</AltitudeMeters>
     <DistanceMeters>10732.36708548554</DistanceMeters>
    </Trackpoint>
    <Trackpoint>
     <Time>2026-07-19T00:48:23+00:00</Time>
     <Position>
      <LatitudeDegrees>-33.4702100</LatitudeDegrees>
      <LongitudeDegrees>-70.9292600</LongitudeDegrees>
     </Position>
     <AltitudeMeters>707.1800000000001</AltitudeMeters>
     <DistanceMeters>10744.639808639033</DistanceMeters>
    </Trackpoint>
    <Trackpoint>
     <Time>2026-07-19T00:48:30+00:00</Time>
     <Position>
      <LatitudeDegrees>-33.4702500</LatitudeDegrees>
      <LongitudeDegrees>-70.9293500</LongitudeDegrees>
     </Position>
     <AltitudeMeters>708.1</AltitudeMeters>
     <DistanceMeters>10754.107358817771</DistanceMeters>
    </Trackpoint>
    <Trackpoint>
     <Time>2026-07-19T00:48:36+00:00</Time>
     <Position>
      <LatitudeDegrees>-33.4703000</LatitudeDegrees>
      <LongitudeDegrees>-70.9294000</LongitudeDegrees>
     </Position>
     <AltitudeMeters>708.6300000000001</AltitudeMeters>
     <DistanceMeters>10761.354073007176</DistanceMeters>
    </Trackpoint>
    <Trackpoint>
     <Time>2026-07-19T00:48:42+00:00</Time>
     <Position>
      <LatitudeDegrees>-33.4709200</LatitudeDegrees>
      <LongitudeDegrees>-70.9296200</LongitudeDegrees>
     </Position>
     <AltitudeMeters>711.04</AltitudeMeters>
     <DistanceMeters>10833.316738932224</DistanceMeters>
    </Trackpoint>
    <Trackpoint>
     <Time>2026-07-19T00:48:48+00:00</Time>
     <Position>
      <LatitudeDegrees>-33.4713700</LatitudeDegrees>
      <LongitudeDegrees>-70.9297150</LongitudeDegrees>
     </Position>
     <AltitudeMeters>716.0200000000001</AltitudeMeters>
     <DistanceMeters>10884.170458109222</DistanceMeters>
    </Trackpoint>
    <Trackpoint>
     <Time>2026-07-19T00:48:54+00:00</Time>
     <Position>
      <LatitudeDegrees>-33.4718200</LatitudeDegrees>
      <LongitudeDegrees>-70.9298100</LongitudeDegrees>
     </Position>
     <AltitudeMeters>718.33</AltitudeMeters>
     <DistanceMeters>10935.024141867716</DistanceMeters>
    </Trackpoint>
    <Trackpoint>
     <Time>2026-07-19T00:49:01+00:00</Time>
     <Position>
      <LatitudeDegrees>-33.4719500</LatitudeDegrees>
      <LongitudeDegrees>-70.9298500</LongitudeDegrees>
     </Position>
     <AltitudeMeters>719.22</AltitudeMeters>
     <DistanceMeters>10949.961542731957</DistanceMeters>
    </Trackpoint>
    <Trackpoint>
     <Time>2026-07-19T00:49:07+00:00</Time>
     <Position>
      <LatitudeDegrees>-33.4721800</LatitudeDegrees>
      <LongitudeDegrees>-70.9299800</LongitudeDegrees>
     </Position>
     <AltitudeMeters>721.1</AltitudeMeters>
     <DistanceMeters>10978.262014420297</DistanceMeters>
    </Trackpoint>
    <Trackpoint>
     <Time>2026-07-19T00:49:13+00:00</Time>
     <Position>
      <LatitudeDegrees>-33.4723100</LatitudeDegrees>
      <LongitudeDegrees>-70.9300700</LongitudeDegrees>
     </Position>
     <AltitudeMeters>721.1</AltitudeMeters>
     <DistanceMeters>10994.969743235153</DistanceMeters>
    </Trackpoint>
    <Trackpoint>
     <Time>2026-07-19T00:49:19+00:00</Time>
     <Position>
      <LatitudeDegrees>-33.4724200</LatitudeDegrees>
      <LongitudeDegrees>-70.9302100</LongitudeDegrees>
     </Position>
     <AltitudeMeters>725.01</AltitudeMeters>
     <DistanceMeters>11012.824936967138</DistanceMeters>
    </Trackpoint>
    <Trackpoint>
     <Time>2026-07-19T00:49:25+00:00</Time>
     <Position>
      <LatitudeDegrees>-33.4726500</LatitudeDegrees>
      <LongitudeDegrees>-70.9306900</LongitudeDegrees>
     </Position>
     <AltitudeMeters>726.6100000000001</AltitudeMeters>
     <DistanceMeters>11064.21581413444</DistanceMeters>
    </Trackpoint>
    <Trackpoint>
     <Time>2026-07-19T00:49:32+00:00</Time>
     <Position>
      <LatitudeDegrees>-33.4726500</LatitudeDegrees>
      <LongitudeDegrees>-70.9308300</LongitudeDegrees>
     </Position>
     <AltitudeMeters>727.22</AltitudeMeters>
     <DistanceMeters>11077.21302229708</DistanceMeters>
    </Trackpoint>
    <Trackpoint>
     <Time>2026-07-19T00:49:38+00:00</Time>
     <Position>
      <LatitudeDegrees>-33.4726300</LatitudeDegrees>
      <LongitudeDegrees>-70.9309300</LongitudeDegrees>
     </Position>
     <AltitudeMeters>727.8000000000001</AltitudeMeters>
     <DistanceMeters>11086.759863157446</DistanceMeters>
    </Trackpoint>
    <Trackpoint>
     <Time>2026-07-19T00:49:44+00:00</Time>
     <Position>
      <LatitudeDegrees>-33.4724500</LatitudeDegrees>
      <LongitudeDegrees>-70.9314600</LongitudeDegrees>
     </Position>
     <AltitudeMeters>730.21</AltitudeMeters>
     <DistanceMeters>11139.885580765807</DistanceMeters>
    </Trackpoint>
    <Trackpoint>
     <Time>2026-07-19T00:49:50+00:00</Time>
     <Position>
      <LatitudeDegrees>-33.4723800</LatitudeDegrees>
      <LongitudeDegrees>-70.9315900</LongitudeDegrees>
     </Position>
     <AltitudeMeters>730.58</AltitudeMeters>
     <DistanceMeters>11154.250557778267</DistanceMeters>
    </Trackpoint>
    <Trackpoint>
     <Time>2026-07-19T00:49:56+00:00</Time>
     <Position>
      <LatitudeDegrees>-33.4722700</LatitudeDegrees>
      <LongitudeDegrees>-70.9316800</LongitudeDegrees>
     </Position>
     <AltitudeMeters>731.62</AltitudeMeters>
     <DistanceMeters>11169.072560935529</DistanceMeters>
    </Trackpoint>
    <Trackpoint>
     <Time>2026-07-19T00:50:03+00:00</Time>
     <Position>
      <LatitudeDegrees>-33.4719500</LatitudeDegrees>
      <LongitudeDegrees>-70.9317300</LongitudeDegrees>
     </Position>
     <AltitudeMeters>732.72</AltitudeMeters>
     <DistanceMeters>11204.988408515861</DistanceMeters>
    </Trackpoint>
    <Trackpoint>
     <Time>2026-07-19T00:50:09+00:00</Time>
     <Position>
      <LatitudeDegrees>-33.4718400</LatitudeDegrees>
      <LongitudeDegrees>-70.9317800</LongitudeDegrees>
     </Position>
     <AltitudeMeters>733.95</AltitudeMeters>
     <DistanceMeters>11218.081408639553</DistanceMeters>
    </Trackpoint>
    <Trackpoint>
     <Time>2026-07-19T00:50:15+00:00</Time>
     <Position>
      <LatitudeDegrees>-33.4716000</LatitudeDegrees>
      <LongitudeDegrees>-70.9319900</LongitudeDegrees>
     </Position>
     <AltitudeMeters>734.97</AltitudeMeters>
     <DistanceMeters>11251.150584639938</DistanceMeters>
    </Trackpoint>
    <Trackpoint>
     <Time>2026-07-19T00:50:21+00:00</Time>
     <Position>
      <LatitudeDegrees>-33.4713900</LatitudeDegrees>
      <LongitudeDegrees>-70.9322600</LongitudeDegrees>
     </Position>
     <AltitudeMeters>736.41</AltitudeMeters>
     <DistanceMeters>11285.422702214624</DistanceMeters>
    </Trackpoint>
    <Trackpoint>
     <Time>2026-07-19T00:50:27+00:00</Time>
     <Position>
      <LatitudeDegrees>-33.4713300</LatitudeDegrees>
      <LongitudeDegrees>-70.9324100</LongitudeDegrees>
     </Position>
     <AltitudeMeters>739.62</AltitudeMeters>
     <DistanceMeters>11300.866787770155</DistanceMeters>
    </Trackpoint>
    <Trackpoint>
     <Time>2026-07-19T00:50:33+00:00</Time>
     <Position>
      <LatitudeDegrees>-33.4713000</LatitudeDegrees>
      <LongitudeDegrees>-70.9326100</LongitudeDegrees>
     </Position>
     <AltitudeMeters>739.62</AltitudeMeters>
     <DistanceMeters>11319.732325521773</DistanceMeters>
    </Trackpoint>
    <Trackpoint>
     <Time>2026-07-19T00:50:40+00:00</Time>
     <Position>
      <LatitudeDegrees>-33.4713300</LatitudeDegrees>
      <LongitudeDegrees>-70.9326700</LongitudeDegrees>
     </Position>
     <AltitudeMeters>739.62</AltitudeMeters>
     <DistanceMeters>11326.226668964784</DistanceMeters>
    </Trackpoint>
    <Trackpoint>
     <Time>2026-07-19T00:50:46+00:00</Time>
     <Position>
      <LatitudeDegrees>-33.4713900</LatitudeDegrees>
      <LongitudeDegrees>-70.9328000</LongitudeDegrees>
     </Position>
     <AltitudeMeters>741.1700000000001</AltitudeMeters>
     <DistanceMeters>11340.019905150342</DistanceMeters>
    </Trackpoint>
    <Trackpoint>
     <Time>2026-07-19T00:50:52+00:00</Time>
     <Position>
      <LatitudeDegrees>-33.4715100</LatitudeDegrees>
      <LongitudeDegrees>-70.9328900</LongitudeDegrees>
     </Position>
     <AltitudeMeters>742.04</AltitudeMeters>
     <DistanceMeters>11355.773719369547</DistanceMeters>
    </Trackpoint>
    <Trackpoint>
     <Time>2026-07-19T00:50:58+00:00</Time>
     <Position>
      <LatitudeDegrees>-33.4716000</LatitudeDegrees>
      <LongitudeDegrees>-70.9329300</LongitudeDegrees>
     </Position>
     <AltitudeMeters>742.04</AltitudeMeters>
     <DistanceMeters>11366.45654862523</DistanceMeters>
    </Trackpoint>
    <Trackpoint>
     <Time>2026-07-19T00:51:04+00:00</Time>
     <Position>
      <LatitudeDegrees>-33.4721300</LatitudeDegrees>
      <LongitudeDegrees>-70.9329300</LongitudeDegrees>
     </Position>
     <AltitudeMeters>745.1500000000001</AltitudeMeters>
     <DistanceMeters>11425.44325872861</DistanceMeters>
    </Trackpoint>
    <Trackpoint>
     <Time>2026-07-19T00:51:11+00:00</Time>
     <Position>
      <LatitudeDegrees>-33.4724200</LatitudeDegrees>
      <LongitudeDegrees>-70.9330200</LongitudeDegrees>
     </Position>
     <AltitudeMeters>748.23</AltitudeMeters>
     <DistanceMeters>11458.782969180776</DistanceMeters>
    </Trackpoint>
    <Trackpoint>
     <Time>2026-07-19T00:51:17+00:00</Time>
     <Position>
      <LatitudeDegrees>-33.4726900</LatitudeDegrees>
      <LongitudeDegrees>-70.9332400</LongitudeDegrees>
     </Position>
     <AltitudeMeters>750.38</AltitudeMeters>
     <DistanceMeters>11495.11670980283</DistanceMeters>
    </Trackpoint>
    <Trackpoint>
     <Time>2026-07-19T00:51:23+00:00</Time>
     <Position>
      <LatitudeDegrees>-33.4729200</LatitudeDegrees>
      <LongitudeDegrees>-70.9333800</LongitudeDegrees>
     </Position>
     <AltitudeMeters>753.1600000000001</AltitudeMeters>
     <DistanceMeters>11523.825327686263</DistanceMeters>
    </Trackpoint>
    <Trackpoint>
     <Time>2026-07-19T00:51:29+00:00</Time>
     <Position>
      <LatitudeDegrees>-33.4737000</LatitudeDegrees>
      <LongitudeDegrees>-70.9337400</LongitudeDegrees>
     </Position>
     <AltitudeMeters>762.61</AltitudeMeters>
     <DistanceMeters>11616.84714196096</DistanceMeters>
    </Trackpoint>
    <Trackpoint>
     <Time>2026-07-19T00:51:35+00:00</Time>
     <Position>
      <LatitudeDegrees>-33.4738600</LatitudeDegrees>
      <LongitudeDegrees>-70.9337800</LongitudeDegrees>
     </Position>
     <AltitudeMeters>763.69</AltitudeMeters>
     <DistanceMeters>11635.037520663289</DistanceMeters>
    </Trackpoint>
    <Trackpoint>
     <Time>2026-07-19T00:51:42+00:00</Time>
     <Position>
      <LatitudeDegrees>-33.4742100</LatitudeDegrees>
      <LongitudeDegrees>-70.9338300</LongitudeDegrees>
     </Position>
     <AltitudeMeters>769.3700000000001</AltitudeMeters>
     <DistanceMeters>11674.266596463316</DistanceMeters>
    </Trackpoint>
    <Trackpoint>
     <Time>2026-07-19T00:51:48+00:00</Time>
     <Position>
      <LatitudeDegrees>-33.4743000</LatitudeDegrees>
      <LongitudeDegrees>-70.9338700</LongitudeDegrees>
     </Position>
     <AltitudeMeters>770.5500000000001</AltitudeMeters>
     <DistanceMeters>11684.949385497917</DistanceMeters>
    </Trackpoint>
    <Trackpoint>
     <Time>2026-07-19T00:51:54+00:00</Time>
     <Position>
      <LatitudeDegrees>-33.4743900</LatitudeDegrees>
      <LongitudeDegrees>-70.9339600</LongitudeDegrees>
     </Position>
     <AltitudeMeters>771.63</AltitudeMeters>
     <DistanceMeters>11697.993219663706</DistanceMeters>
    </Trackpoint>
    <Trackpoint>
     <Time>2026-07-19T00:52:00+00:00</Time>
     <Position>
      <LatitudeDegrees>-33.4744600</LatitudeDegrees>
      <LongitudeDegrees>-70.9341100</LongitudeDegrees>
     </Position>
     <AltitudeMeters>772.5600000000001</AltitudeMeters>
     <DistanceMeters>11713.949685661932</DistanceMeters>
    </Trackpoint>
    <Trackpoint>
     <Time>2026-07-19T00:52:06+00:00</Time>
     <Position>
      <LatitudeDegrees>-33.4744600</LatitudeDegrees>
      <LongitudeDegrees>-70.9344600</LongitudeDegrees>
     </Position>
     <AltitudeMeters>775.6</AltitudeMeters>
     <DistanceMeters>11746.442027354069</DistanceMeters>
    </Trackpoint>
    <Trackpoint>
     <Time>2026-07-19T00:52:13+00:00</Time>
     <Position>
      <LatitudeDegrees>-33.4745200</LatitudeDegrees>
      <LongitudeDegrees>-70.9347000</LongitudeDegrees>
     </Position>
     <AltitudeMeters>776.7400000000001</AltitudeMeters>
     <DistanceMeters>11769.701668450594</DistanceMeters>
    </Trackpoint>
    <Trackpoint>
     <Time>2026-07-19T00:52:19+00:00</Time>
     <Position>
      <LatitudeDegrees>-33.4746200</LatitudeDegrees>
      <LongitudeDegrees>-70.9349500</LongitudeDegrees>
     </Position>
     <AltitudeMeters>777.48</AltitudeMeters>
     <DistanceMeters>11795.441035801357</DistanceMeters>
    </Trackpoint>
    <Trackpoint>
     <Time>2026-07-19T00:52:25+00:00</Time>
     <Position>
      <LatitudeDegrees>-33.4746200</LatitudeDegrees>
      <LongitudeDegrees>-70.9350500</LongitudeDegrees>
     </Position>
     <AltitudeMeters>778.63</AltitudeMeters>
     <DistanceMeters>11804.724544857016</DistanceMeters>
    </Trackpoint>
    <Trackpoint>
     <Time>2026-07-19T00:52:31+00:00</Time>
     <Position>
      <LatitudeDegrees>-33.4744800</LatitudeDegrees>
      <LongitudeDegrees>-70.9354900</LongitudeDegrees>
     </Position>
     <AltitudeMeters>780.39</AltitudeMeters>
     <DistanceMeters>11848.442915270072</DistanceMeters>
    </Trackpoint>
    <Trackpoint>
     <Time>2026-07-19T00:52:37+00:00</Time>
     <Position>
      <LatitudeDegrees>-33.4744800</LatitudeDegrees>
      <LongitudeDegrees>-70.9356300</LongitudeDegrees>
     </Position>
     <AltitudeMeters>780.39</AltitudeMeters>
     <DistanceMeters>11861.439848947266</DistanceMeters>
    </Trackpoint>
    <Trackpoint>
     <Time>2026-07-19T00:52:44+00:00</Time>
     <Position>
      <LatitudeDegrees>-33.4745100</LatitudeDegrees>
      <LongitudeDegrees>-70.9357900</LongitudeDegrees>
     </Position>
     <AltitudeMeters>781.0400000000001</AltitudeMeters>
     <DistanceMeters>11876.664124148567</DistanceMeters>
    </Trackpoint>
    <Trackpoint>
     <Time>2026-07-19T00:52:50+00:00</Time>
     <Position>
      <LatitudeDegrees>-33.4746600</LatitudeDegrees>
      <LongitudeDegrees>-70.9360700</LongitudeDegrees>
     </Position>
     <AltitudeMeters>782.83</AltitudeMeters>
     <DistanceMeters>11907.557179812982</DistanceMeters>
    </Trackpoint>
    <Trackpoint>
     <Time>2026-07-19T00:52:56+00:00</Time>
     <Position>
      <LatitudeDegrees>-33.4748400</LatitudeDegrees>
      <LongitudeDegrees>-70.9363400</LongitudeDegrees>
     </Position>
     <AltitudeMeters>784.3100000000001</AltitudeMeters>
     <DistanceMeters>11939.64465587186</DistanceMeters>
    </Trackpoint>
    <Trackpoint>
     <Time>2026-07-19T00:53:02+00:00</Time>
     <Position>
      <LatitudeDegrees>-33.4750700</LatitudeDegrees>
      <LongitudeDegrees>-70.9367400</LongitudeDegrees>
     </Position>
     <AltitudeMeters>786.6200000000001</AltitudeMeters>
     <DistanceMeters>11984.746583863738</DistanceMeters>
    </Trackpoint>
    <Trackpoint>
     <Time>2026-07-19T00:53:08+00:00</Time>
     <Position>
      <LatitudeDegrees>-33.4751100</LatitudeDegrees>
      <LongitudeDegrees>-70.9369200</LongitudeDegrees>
     </Position>
     <AltitudeMeters>787.66</AltitudeMeters>
     <DistanceMeters>12002.039657817262</DistanceMeters>
    </Trackpoint>
    <Trackpoint>
     <Time>2026-07-19T00:53:15+00:00</Time>
     <Position>
      <LatitudeDegrees>-33.4752200</LatitudeDegrees>
      <LongitudeDegrees>-70.9375500</LongitudeDegrees>
     </Position>
     <AltitudeMeters>787.6700000000001</AltitudeMeters>
     <DistanceMeters>12061.792993282688</DistanceMeters>
    </Trackpoint>
    <Trackpoint>
     <Time>2026-07-19T00:53:21+00:00</Time>
     <Position>
      <LatitudeDegrees>-33.4752200</LatitudeDegrees>
      <LongitudeDegrees>-70.9376800</LongitudeDegrees>
     </Position>
     <AltitudeMeters>786.57</AltitudeMeters>
     <DistanceMeters>12073.86147148413</DistanceMeters>
    </Trackpoint>
    <Trackpoint>
     <Time>2026-07-19T00:53:27+00:00</Time>
     <Position>
      <LatitudeDegrees>-33.4751800</LatitudeDegrees>
      <LongitudeDegrees>-70.9378600</LongitudeDegrees>
     </Position>
     <AltitudeMeters>785.9</AltitudeMeters>
     <DistanceMeters>12091.154524938513</DistanceMeters>
    </Trackpoint>
    <Trackpoint>
     <Time>2026-07-19T00:53:33+00:00</Time>
     <Position>
      <LatitudeDegrees>-33.4750700</LatitudeDegrees>
      <LongitudeDegrees>-70.9379500</LongitudeDegrees>
     </Position>
     <AltitudeMeters>785.3100000000001</AltitudeMeters>
     <DistanceMeters>12105.976375901208</DistanceMeters>
    </Trackpoint>
    <Trackpoint>
     <Time>2026-07-19T00:53:39+00:00</Time>
     <Position>
      <LatitudeDegrees>-33.4749300</LatitudeDegrees>
      <LongitudeDegrees>-70.9379800</LongitudeDegrees>
     </Position>
     <AltitudeMeters>783.8000000000001</AltitudeMeters>
     <DistanceMeters>12121.804715187147</DistanceMeters>
    </Trackpoint>
    <Trackpoint>
     <Time>2026-07-19T00:53:46+00:00</Time>
     <Position>
      <LatitudeDegrees>-33.4750700</LatitudeDegrees>
      <LongitudeDegrees>-70.9379500</LongitudeDegrees>
     </Position>
     <AltitudeMeters>784.07</AltitudeMeters>
     <DistanceMeters>12137.633054473084</DistanceMeters>
    </Trackpoint>
    <Trackpoint>
     <Time>2026-07-19T00:53:52+00:00</Time>
     <Position>
      <LatitudeDegrees>-33.4751800</LatitudeDegrees>
      <LongitudeDegrees>-70.9378600</LongitudeDegrees>
     </Position>
     <AltitudeMeters>785.3100000000001</AltitudeMeters>
     <DistanceMeters>12152.45490543578</DistanceMeters>
    </Trackpoint>
    <Trackpoint>
     <Time>2026-07-19T00:53:58+00:00</Time>
     <Position>
      <LatitudeDegrees>-33.4752200</LatitudeDegrees>
      <LongitudeDegrees>-70.9376800</LongitudeDegrees>
     </Position>
     <AltitudeMeters>785.9</AltitudeMeters>
     <DistanceMeters>12169.747958890162</DistanceMeters>
    </Trackpoint>
    <Trackpoint>
     <Time>2026-07-19T00:54:04+00:00</Time>
     <Position>
      <LatitudeDegrees>-33.4752200</LatitudeDegrees>
      <LongitudeDegrees>-70.9375500</LongitudeDegrees>
     </Position>
     <AltitudeMeters>786.57</AltitudeMeters>
     <DistanceMeters>12181.816437091604</DistanceMeters>
    </Trackpoint>
    <Trackpoint>
     <Time>2026-07-19T00:54:10+00:00</Time>
     <Position>
      <LatitudeDegrees>-33.4751800</LatitudeDegrees>
      <LongitudeDegrees>-70.9373600</LongitudeDegrees>
     </Position>
     <AltitudeMeters>788.0100000000001</AltitudeMeters>
     <DistanceMeters>12200.008115980014</DistanceMeters>
    </Trackpoint>
    <Trackpoint>
     <Time>2026-07-19T00:54:17+00:00</Time>
     <Position>
      <LatitudeDegrees>-33.4752200</LatitudeDegrees>
      <LongitudeDegrees>-70.9375500</LongitudeDegrees>
     </Position>
     <AltitudeMeters>787.6700000000001</AltitudeMeters>
     <DistanceMeters>12218.199794868424</DistanceMeters>
    </Trackpoint>
    <Trackpoint>
     <Time>2026-07-19T00:54:23+00:00</Time>
     <Position>
      <LatitudeDegrees>-33.4752200</LatitudeDegrees>
      <LongitudeDegrees>-70.9376800</LongitudeDegrees>
     </Position>
     <AltitudeMeters>786.57</AltitudeMeters>
     <DistanceMeters>12230.268273069863</DistanceMeters>
    </Trackpoint>
    <Trackpoint>
     <Time>2026-07-19T00:54:29+00:00</Time>
     <Position>
      <LatitudeDegrees>-33.4751800</LatitudeDegrees>
      <LongitudeDegrees>-70.9378600</LongitudeDegrees>
     </Position>
     <AltitudeMeters>785.9</AltitudeMeters>
     <DistanceMeters>12247.561326524246</DistanceMeters>
    </Trackpoint>
    <Trackpoint>
     <Time>2026-07-19T00:54:35+00:00</Time>
     <Position>
      <LatitudeDegrees>-33.4750700</LatitudeDegrees>
      <LongitudeDegrees>-70.9379500</LongitudeDegrees>
     </Position>
     <AltitudeMeters>784.8000000000001</AltitudeMeters>
     <DistanceMeters>12262.383177486941</DistanceMeters>
    </Trackpoint>
    <Trackpoint>
     <Time>2026-07-19T00:54:41+00:00</Time>
     <Position>
      <LatitudeDegrees>-33.4748200</LatitudeDegrees>
      <LongitudeDegrees>-70.9379900</LongitudeDegrees>
     </Position>
     <AltitudeMeters>783.49</AltitudeMeters>
     <DistanceMeters>12290.453798773466</DistanceMeters>
    </Trackpoint>
    <Trackpoint>
     <Time>2026-07-19T00:54:48+00:00</Time>
     <Position>
      <LatitudeDegrees>-33.4747100</LatitudeDegrees>
      <LongitudeDegrees>-70.9380400</LongitudeDegrees>
     </Position>
     <AltitudeMeters>782.3500000000001</AltitudeMeters>
     <DistanceMeters>12303.546744391466</DistanceMeters>
    </Trackpoint>
    <Trackpoint>
     <Time>2026-07-19T00:54:54+00:00</Time>
     <Position>
      <LatitudeDegrees>-33.4746400</LatitudeDegrees>
      <LongitudeDegrees>-70.9381300</LongitudeDegrees>
     </Position>
     <AltitudeMeters>781.8900000000001</AltitudeMeters>
     <DistanceMeters>12314.970559322232</DistanceMeters>
    </Trackpoint>
    <Trackpoint>
     <Time>2026-07-19T00:55:00+00:00</Time>
     <Position>
      <LatitudeDegrees>-33.4746900</LatitudeDegrees>
      <LongitudeDegrees>-70.9381800</LongitudeDegrees>
     </Position>
     <AltitudeMeters>780.27</AltitudeMeters>
     <DistanceMeters>12322.21712287848</DistanceMeters>
    </Trackpoint>
    <Trackpoint>
     <Time>2026-07-19T00:55:06+00:00</Time>
     <Position>
      <LatitudeDegrees>-33.4747300</LatitudeDegrees>
      <LongitudeDegrees>-70.9381800</LongitudeDegrees>
     </Position>
     <AltitudeMeters>779.94</AltitudeMeters>
     <DistanceMeters>12326.668950055944</DistanceMeters>
    </Trackpoint>
    <Trackpoint>
     <Time>2026-07-19T00:55:12+00:00</Time>
     <Position>
      <LatitudeDegrees>-33.4749300</LatitudeDegrees>
      <LongitudeDegrees>-70.9381300</LongitudeDegrees>
     </Position>
     <AltitudeMeters>777.6500000000001</AltitudeMeters>
     <DistanceMeters>12349.406911951077</DistanceMeters>
    </Trackpoint>
    <Trackpoint>
     <Time>2026-07-19T00:55:19+00:00</Time>
     <Position>
      <LatitudeDegrees>-33.4752700</LatitudeDegrees>
      <LongitudeDegrees>-70.9380800</LongitudeDegrees>
     </Position>
     <AltitudeMeters>774.3100000000001</AltitudeMeters>
     <DistanceMeters>12387.531070086081</DistanceMeters>
    </Trackpoint>
    <Trackpoint>
     <Time>2026-07-19T00:55:25+00:00</Time>
     <Position>
      <LatitudeDegrees>-33.4755600</LatitudeDegrees>
      <LongitudeDegrees>-70.9379000</LongitudeDegrees>
     </Position>
     <AltitudeMeters>772.32</AltitudeMeters>
     <DistanceMeters>12423.87599261534</DistanceMeters>
    </Trackpoint>
    <Trackpoint>
     <Time>2026-07-19T00:55:31+00:00</Time>
     <Position>
      <LatitudeDegrees>-33.4758300</LatitudeDegrees>
      <LongitudeDegrees>-70.9377700</LongitudeDegrees>
     </Position>
     <AltitudeMeters>768.5200000000001</AltitudeMeters>
     <DistanceMeters>12456.258689530494</DistanceMeters>
    </Trackpoint>
    <Trackpoint>
     <Time>2026-07-19T00:55:37+00:00</Time>
     <Position>
      <LatitudeDegrees>-33.4761800</LatitudeDegrees>
      <LongitudeDegrees>-70.9374200</LongitudeDegrees>
     </Position>
     <AltitudeMeters>764.97</AltitudeMeters>
     <DistanceMeters>12506.984312550105</DistanceMeters>
    </Trackpoint>
    <Trackpoint>
     <Time>2026-07-19T00:55:43+00:00</Time>
     <Position>
      <LatitudeDegrees>-33.4764100</LatitudeDegrees>
      <LongitudeDegrees>-70.9370500</LongitudeDegrees>
     </Position>
     <AltitudeMeters>763.0500000000001</AltitudeMeters>
     <DistanceMeters>12549.821970943189</DistanceMeters>
    </Trackpoint>
    <Trackpoint>
     <Time>2026-07-19T00:55:50+00:00</Time>
     <Position>
      <LatitudeDegrees>-33.4765200</LatitudeDegrees>
      <LongitudeDegrees>-70.9367800</LongitudeDegrees>
     </Position>
     <AltitudeMeters>761.29</AltitudeMeters>
     <DistanceMeters>12577.716964490925</DistanceMeters>
    </Trackpoint>
    <Trackpoint>
     <Time>2026-07-19T00:55:56+00:00</Time>
     <Position>
      <LatitudeDegrees>-33.4765600</LatitudeDegrees>
      <LongitudeDegrees>-70.9367800</LongitudeDegrees>
     </Position>
     <AltitudeMeters>760.85</AltitudeMeters>
     <DistanceMeters>12582.16879166839</DistanceMeters>
    </Trackpoint>
    <Trackpoint>
     <Time>2026-07-19T00:56:02+00:00</Time>
     <Position>
      <LatitudeDegrees>-33.4766100</LatitudeDegrees>
      <LongitudeDegrees>-70.9367900</LongitudeDegrees>
     </Position>
     <AltitudeMeters>759.85</AltitudeMeters>
     <DistanceMeters>12587.810477318257</DistanceMeters>
    </Trackpoint>
    <Trackpoint>
     <Time>2026-07-19T00:56:08+00:00</Time>
     <Position>
      <LatitudeDegrees>-33.4766300</LatitudeDegrees>
      <LongitudeDegrees>-70.9368300</LongitudeDegrees>
     </Position>
     <AltitudeMeters>759.85</AltitudeMeters>
     <DistanceMeters>12592.139844614343</DistanceMeters>
    </Trackpoint>
    <Trackpoint>
     <Time>2026-07-19T00:56:14+00:00</Time>
     <Position>
      <LatitudeDegrees>-33.4766300</LatitudeDegrees>
      <LongitudeDegrees>-70.9369600</LongitudeDegrees>
     </Position>
     <AltitudeMeters>757.6700000000001</AltitudeMeters>
     <DistanceMeters>12604.208126420159</DistanceMeters>
    </Trackpoint>
    <Trackpoint>
     <Time>2026-07-19T00:56:20+00:00</Time>
     <Position>
      <LatitudeDegrees>-33.4765000</LatitudeDegrees>
      <LongitudeDegrees>-70.9371900</LongitudeDegrees>
     </Position>
     <AltitudeMeters>755.82</AltitudeMeters>
     <DistanceMeters>12630.000105175623</DistanceMeters>
    </Trackpoint>
    <Trackpoint>
     <Time>2026-07-19T00:56:27+00:00</Time>
     <Position>
      <LatitudeDegrees>-33.4763400</LatitudeDegrees>
      <LongitudeDegrees>-70.9376300</LongitudeDegrees>
     </Position>
     <AltitudeMeters>752.8</AltitudeMeters>
     <DistanceMeters>12674.559551558197</DistanceMeters>
    </Trackpoint>
    <Trackpoint>
     <Time>2026-07-19T00:56:33+00:00</Time>
     <Position>
      <LatitudeDegrees>-33.4760100</LatitudeDegrees>
      <LongitudeDegrees>-70.9380400</LongitudeDegrees>
     </Position>
     <AltitudeMeters>750.3100000000001</AltitudeMeters>
     <DistanceMeters>12727.451970881715</DistanceMeters>
    </Trackpoint>
    <Trackpoint>
     <Time>2026-07-19T00:56:39+00:00</Time>
     <Position>
      <LatitudeDegrees>-33.4759800</LatitudeDegrees>
      <LongitudeDegrees>-70.9381300</LongitudeDegrees>
     </Position>
     <AltitudeMeters>749.84</AltitudeMeters>
     <DistanceMeters>12736.449443168975</DistanceMeters>
    </Trackpoint>
    <Trackpoint>
     <Time>2026-07-19T00:56:45+00:00</Time>
     <Position>
      <LatitudeDegrees>-33.4760300</LatitudeDegrees>
      <LongitudeDegrees>-70.9381400</LongitudeDegrees>
     </Position>
     <AltitudeMeters>749.84</AltitudeMeters>
     <DistanceMeters>12742.091129841421</DistanceMeters>
    </Trackpoint>
    <Trackpoint>
     <Time>2026-07-19T00:56:51+00:00</Time>
     <Position>
      <LatitudeDegrees>-33.4760900</LatitudeDegrees>
      <LongitudeDegrees>-70.9381300</LongitudeDegrees>
     </Position>
     <AltitudeMeters>747.2700000000001</AltitudeMeters>
     <DistanceMeters>12748.833090127488</DistanceMeters>
    </Trackpoint>
    <Trackpoint>
     <Time>2026-07-19T00:56:58+00:00</Time>
     <Position>
      <LatitudeDegrees>-33.4765000</LatitudeDegrees>
      <LongitudeDegrees>-70.9377700</LongitudeDegrees>
     </Position>
     <AltitudeMeters>742.62</AltitudeMeters>
     <DistanceMeters>12805.393717071913</DistanceMeters>
    </Trackpoint>
    <Trackpoint>
     <Time>2026-07-19T00:57:04+00:00</Time>
     <Position>
      <LatitudeDegrees>-33.4768600</LatitudeDegrees>
      <LongitudeDegrees>-70.9372800</LongitudeDegrees>
     </Position>
     <AltitudeMeters>738.9100000000001</AltitudeMeters>
     <DistanceMeters>12866.011275540497</DistanceMeters>
    </Trackpoint>
    <Trackpoint>
     <Time>2026-07-19T00:57:10+00:00</Time>
     <Position>
      <LatitudeDegrees>-33.4770500</LatitudeDegrees>
      <LongitudeDegrees>-70.9370000</LongitudeDegrees>
     </Position>
     <AltitudeMeters>736.6100000000001</AltitudeMeters>
     <DistanceMeters>12899.519534665322</DistanceMeters>
    </Trackpoint>
    <Trackpoint>
     <Time>2026-07-19T00:57:16+00:00</Time>
     <Position>
      <LatitudeDegrees>-33.4770800</LatitudeDegrees>
      <LongitudeDegrees>-70.9370100</LongitudeDegrees>
     </Position>
     <AltitudeMeters>736.1500000000001</AltitudeMeters>
     <DistanceMeters>12902.985056587853</DistanceMeters>
    </Trackpoint>
    <Trackpoint>
     <Time>2026-07-19T00:57:22+00:00</Time>
     <Position>
      <LatitudeDegrees>-33.4770800</LatitudeDegrees>
      <LongitudeDegrees>-70.9371000</LongitudeDegrees>
     </Position>
     <AltitudeMeters>736.1500000000001</AltitudeMeters>
     <DistanceMeters>12911.339977520525</DistanceMeters>
    </Trackpoint>
    <Trackpoint>
     <Time>2026-07-19T00:57:29+00:00</Time>
     <Position>
      <LatitudeDegrees>-33.4767400</LatitudeDegrees>
      <LongitudeDegrees>-70.9379000</LongitudeDegrees>
     </Position>
     <AltitudeMeters>729.5100000000001</AltitudeMeters>
     <DistanceMeters>12994.690807253712</DistanceMeters>
    </Trackpoint>
    <Trackpoint>
     <Time>2026-07-19T00:57:35+00:00</Time>
     <Position>
      <LatitudeDegrees>-33.4766500</LatitudeDegrees>
      <LongitudeDegrees>-70.9380300</LongitudeDegrees>
     </Position>
     <AltitudeMeters>728.0600000000001</AltitudeMeters>
     <DistanceMeters>13010.374419916974</DistanceMeters>
    </Trackpoint>
    <Trackpoint>
     <Time>2026-07-19T00:57:41+00:00</Time>
     <Position>
      <LatitudeDegrees>-33.4764800</LatitudeDegrees>
      <LongitudeDegrees>-70.9381400</LongitudeDegrees>
     </Position>
     <AltitudeMeters>726.84</AltitudeMeters>
     <DistanceMeters>13031.874509425299</DistanceMeters>
    </Trackpoint>
    <Trackpoint>
     <Time>2026-07-19T00:57:47+00:00</Time>
     <Position>
      <LatitudeDegrees>-33.4763600</LatitudeDegrees>
      <LongitudeDegrees>-70.9382600</LongitudeDegrees>
     </Position>
     <AltitudeMeters>726.32</AltitudeMeters>
     <DistanceMeters>13049.266117425483</DistanceMeters>
    </Trackpoint>
    <Trackpoint>
     <Time>2026-07-19T00:57:53+00:00</Time>
     <Position>
      <LatitudeDegrees>-33.4763000</LatitudeDegrees>
      <LongitudeDegrees>-70.9384000</LongitudeDegrees>
     </Position>
     <AltitudeMeters>725.36</AltitudeMeters>
     <DistanceMeters>13063.877937761295</DistanceMeters>
    </Trackpoint>
    <Trackpoint>
     <Time>2026-07-19T00:58:00+00:00</Time>
     <Position>
      <LatitudeDegrees>-33.4763400</LatitudeDegrees>
      <LongitudeDegrees>-70.9384800</LongitudeDegrees>
     </Position>
     <AltitudeMeters>724.5500000000001</AltitudeMeters>
     <DistanceMeters>13072.536694410495</DistanceMeters>
    </Trackpoint>
    <Trackpoint>
     <Time>2026-07-19T00:58:06+00:00</Time>
     <Position>
      <LatitudeDegrees>-33.4763900</LatitudeDegrees>
      <LongitudeDegrees>-70.9384800</LongitudeDegrees>
     </Position>
     <AltitudeMeters>724.5500000000001</AltitudeMeters>
     <DistanceMeters>13078.10147838272</DistanceMeters>
    </Trackpoint>
    <Trackpoint>
     <Time>2026-07-19T00:58:12+00:00</Time>
     <Position>
      <LatitudeDegrees>-33.4764300</LatitudeDegrees>
      <LongitudeDegrees>-70.9384400</LongitudeDegrees>
     </Position>
     <AltitudeMeters>723.6400000000001</AltitudeMeters>
     <DistanceMeters>13083.898681324614</DistanceMeters>
    </Trackpoint>
    <Trackpoint>
     <Time>2026-07-19T00:58:18+00:00</Time>
     <Position>
      <LatitudeDegrees>-33.4765200</LatitudeDegrees>
      <LongitudeDegrees>-70.9383000</LongitudeDegrees>
     </Position>
     <AltitudeMeters>722.22</AltitudeMeters>
     <DistanceMeters>13100.30736821011</DistanceMeters>
    </Trackpoint>
    <Trackpoint>
     <Time>2026-07-19T00:58:24+00:00</Time>
     <Position>
      <LatitudeDegrees>-33.4765600</LatitudeDegrees>
      <LongitudeDegrees>-70.9382600</LongitudeDegrees>
     </Position>
     <AltitudeMeters>722.22</AltitudeMeters>
     <DistanceMeters>13106.104567583192</DistanceMeters>
    </Trackpoint>
    <Trackpoint>
     <Time>2026-07-19T00:58:31+00:00</Time>
     <Position>
      <LatitudeDegrees>-33.4769000</LatitudeDegrees>
      <LongitudeDegrees>-70.9380900</LongitudeDegrees>
     </Position>
     <AltitudeMeters>716.8100000000001</AltitudeMeters>
     <DistanceMeters>13147.104129631767</DistanceMeters>
    </Trackpoint>
    <Trackpoint>
     <Time>2026-07-19T00:58:37+00:00</Time>
     <Position>
      <LatitudeDegrees>-33.4771900</LatitudeDegrees>
      <LongitudeDegrees>-70.9378100</LongitudeDegrees>
     </Position>
     <AltitudeMeters>712.3600000000001</AltitudeMeters>
     <DistanceMeters>13188.545232205468</DistanceMeters>
    </Trackpoint>
    <Trackpoint>
     <Time>2026-07-19T00:58:43+00:00</Time>
     <Position>
      <LatitudeDegrees>-33.4772500</LatitudeDegrees>
      <LongitudeDegrees>-70.9377300</LongitudeDegrees>
     </Position>
     <AltitudeMeters>711.57</AltitudeMeters>
     <DistanceMeters>13198.5325430227</DistanceMeters>
    </Trackpoint>
    <Trackpoint>
     <Time>2026-07-19T00:58:49+00:00</Time>
     <Position>
      <LatitudeDegrees>-33.4773300</LatitudeDegrees>
      <LongitudeDegrees>-70.9376400</LongitudeDegrees>
     </Position>
     <AltitudeMeters>711.01</AltitudeMeters>
     <DistanceMeters>13210.742351631903</DistanceMeters>
    </Trackpoint>
    <Trackpoint>
     <Time>2026-07-19T00:58:55+00:00</Time>
     <Position>
      <LatitudeDegrees>-33.4773700</LatitudeDegrees>
      <LongitudeDegrees>-70.9375000</LongitudeDegrees>
     </Position>
     <AltitudeMeters>710.0900000000001</AltitudeMeters>
     <DistanceMeters>13224.480177511501</DistanceMeters>
    </Trackpoint>
    <Trackpoint>
     <Time>2026-07-19T00:59:02+00:00</Time>
     <Position>
      <LatitudeDegrees>-33.4774600</LatitudeDegrees>
      <LongitudeDegrees>-70.9370000</LongitudeDegrees>
     </Position>
     <AltitudeMeters>707.9300000000001</AltitudeMeters>
     <DistanceMeters>13271.964722411043</DistanceMeters>
    </Trackpoint>
    <Trackpoint>
     <Time>2026-07-19T00:59:08+00:00</Time>
     <Position>
      <LatitudeDegrees>-33.4774800</LatitudeDegrees>
      <LongitudeDegrees>-70.9369300</LongitudeDegrees>
     </Position>
     <AltitudeMeters>707.5100000000001</AltitudeMeters>
     <DistanceMeters>13278.833626836673</DistanceMeters>
    </Trackpoint>
    <Trackpoint>
     <Time>2026-07-19T00:59:14+00:00</Time>
     <Position>
      <LatitudeDegrees>-33.4775000</LatitudeDegrees>
      <LongitudeDegrees>-70.9369300</LongitudeDegrees>
     </Position>
     <AltitudeMeters>707.5100000000001</AltitudeMeters>
     <DistanceMeters>13281.059540426195</DistanceMeters>
    </Trackpoint>
    <Trackpoint>
     <Time>2026-07-19T00:59:20+00:00</Time>
     <Position>
      <LatitudeDegrees>-33.4775400</LatitudeDegrees>
      <LongitudeDegrees>-70.9369400</LongitudeDegrees>
     </Position>
     <AltitudeMeters>706.9000000000001</AltitudeMeters>
     <DistanceMeters>13281.059540426195</DistanceMeters>
    </Trackpoint>
    <Trackpoint>
     <Time>2026-07-19T00:59:26+00:00</Time>
     <Position>
      <LatitudeDegrees>-33.4775700</LatitudeDegrees>
      <LongitudeDegrees>-70.9370500</LongitudeDegrees>
     </Position>
     <AltitudeMeters>705.88</AltitudeMeters>
     <DistanceMeters>13291.803053561334</DistanceMeters>
    </Trackpoint>
    <Trackpoint>
     <Time>2026-07-19T00:59:33+00:00</Time>
     <Position>
      <LatitudeDegrees>-33.4775500</LatitudeDegrees>
      <LongitudeDegrees>-70.9372800</LongitudeDegrees>
     </Position>
     <AltitudeMeters>701.1400000000001</AltitudeMeters>
     <DistanceMeters>13313.270113926705</DistanceMeters>
    </Trackpoint>
    <Trackpoint>
     <Time>2026-07-19T00:59:39+00:00</Time>
     <Position>
      <LatitudeDegrees>-33.4775700</LatitudeDegrees>
      <LongitudeDegrees>-70.9375000</LongitudeDegrees>
     </Position>
     <AltitudeMeters>701.1400000000001</AltitudeMeters>
     <DistanceMeters>13333.814084317684</DistanceMeters>
    </Trackpoint>
    <Trackpoint>
     <Time>2026-07-19T00:59:45+00:00</Time>
     <Position>
      <LatitudeDegrees>-33.4776600</LatitudeDegrees>
      <LongitudeDegrees>-70.9376800</LongitudeDegrees>
     </Position>
     <AltitudeMeters>696.23</AltitudeMeters>
     <DistanceMeters>13353.296072556217</DistanceMeters>
    </Trackpoint>
    <Trackpoint>
     <Time>2026-07-19T00:59:51+00:00</Time>
     <Position>
      <LatitudeDegrees>-33.4778600</LatitudeDegrees>
      <LongitudeDegrees>-70.9378600</LongitudeDegrees>
     </Position>
     <AltitudeMeters>690.79</AltitudeMeters>
     <DistanceMeters>13381.129210408066</DistanceMeters>
    </Trackpoint>
    <Trackpoint>
     <Time>2026-07-19T00:59:57+00:00</Time>
     <Position>
      <LatitudeDegrees>-33.4779300</LatitudeDegrees>
      <LongitudeDegrees>-70.9379500</LongitudeDegrees>
     </Position>
     <AltitudeMeters>690.79</AltitudeMeters>
     <DistanceMeters>13392.552798241864</DistanceMeters>
    </Trackpoint>
    <Trackpoint>
     <Time>2026-07-19T01:00:04+00:00</Time>
     <Position>
      <LatitudeDegrees>-33.4779800</LatitudeDegrees>
      <LongitudeDegrees>-70.9380800</LongitudeDegrees>
     </Position>
     <AltitudeMeters>689.52</AltitudeMeters>
     <DistanceMeters>13405.842109425057</DistanceMeters>
    </Trackpoint>
    <Trackpoint>
     <Time>2026-07-19T01:00:10+00:00</Time>
     <Position>
      <LatitudeDegrees>-33.4779800</LatitudeDegrees>
      <LongitudeDegrees>-70.9382200</LongitudeDegrees>
     </Position>
     <AltitudeMeters>688.35</AltitudeMeters>
     <DistanceMeters>13418.83851809063</DistanceMeters>
    </Trackpoint>
    <Trackpoint>
     <Time>2026-07-19T01:00:16+00:00</Time>
     <Position>
      <LatitudeDegrees>-33.4779300</LatitudeDegrees>
      <LongitudeDegrees>-70.9383500</LongitudeDegrees>
     </Position>
     <AltitudeMeters>687.3</AltitudeMeters>
     <DistanceMeters>13432.127829273822</DistanceMeters>
    </Trackpoint>
    <Trackpoint>
     <Time>2026-07-19T01:00:22+00:00</Time>
     <Position>
      <LatitudeDegrees>-33.4778600</LatitudeDegrees>
      <LongitudeDegrees>-70.9384100</LongitudeDegrees>
     </Position>
     <AltitudeMeters>685.9300000000001</AltitudeMeters>
     <DistanceMeters>13441.704817193146</DistanceMeters>
    </Trackpoint>
    <Trackpoint>
     <Time>2026-07-19T01:00:28+00:00</Time>
     <Position>
      <LatitudeDegrees>-33.4777300</LatitudeDegrees>
      <LongitudeDegrees>-70.9384800</LongitudeDegrees>
     </Position>
     <AltitudeMeters>684.7700000000001</AltitudeMeters>
     <DistanceMeters>13457.565540616846</DistanceMeters>
    </Trackpoint>
    <Trackpoint>
     <Time>2026-07-19T01:00:35+00:00</Time>
     <Position>
      <LatitudeDegrees>-33.4774200</LatitudeDegrees>
      <LongitudeDegrees>-70.9385300</LongitudeDegrees>
     </Position>
     <AltitudeMeters>682.2</AltitudeMeters>
     <DistanceMeters>13492.37802403096</DistanceMeters>
    </Trackpoint>
    <Trackpoint>
     <Time>2026-07-19T01:00:41+00:00</Time>
     <Position>
      <LatitudeDegrees>-33.4773700</LatitudeDegrees>
      <LongitudeDegrees>-70.9385700</LongitudeDegrees>
     </Position>
     <AltitudeMeters>681.7700000000001</AltitudeMeters>
     <DistanceMeters>13499.06796452901</DistanceMeters>
    </Trackpoint>
    <Trackpoint>
     <Time>2026-07-19T01:00:47+00:00</Time>
     <Position>
      <LatitudeDegrees>-33.4773500</LatitudeDegrees>
      <LongitudeDegrees>-70.9386200</LongitudeDegrees>
     </Position>
     <AltitudeMeters>681.2900000000001</AltitudeMeters>
     <DistanceMeters>13504.21570322696</DistanceMeters>
    </Trackpoint>
    <Trackpoint>
     <Time>2026-07-19T01:00:53+00:00</Time>
     <Position>
      <LatitudeDegrees>-33.4773900</LatitudeDegrees>
      <LongitudeDegrees>-70.9386600</LongitudeDegrees>
     </Position>
     <AltitudeMeters>680.7800000000001</AltitudeMeters>
     <DistanceMeters>13510.012879813503</DistanceMeters>
    </Trackpoint>
    <Trackpoint>
     <Time>2026-07-19T01:00:59+00:00</Time>
     <Position>
      <LatitudeDegrees>-33.4775700</LatitudeDegrees>
      <LongitudeDegrees>-70.9386600</LongitudeDegrees>
     </Position>
     <AltitudeMeters>680.7800000000001</AltitudeMeters>
     <DistanceMeters>13530.046102112883</DistanceMeters>
    </Trackpoint>
    <Trackpoint>
     <Time>2026-07-19T01:01:06+00:00</Time>
     <Position>
      <LatitudeDegrees>-33.4778900</LatitudeDegrees>
      <LongitudeDegrees>-70.9388400</LongitudeDegrees>
     </Position>
     <AltitudeMeters>673.95</AltitudeMeters>
     <DistanceMeters>13569.38584791312</DistanceMeters>
    </Trackpoint>
    <Trackpoint>
     <Time>2026-07-19T01:01:12+00:00</Time>
     <Position>
      <LatitudeDegrees>-33.4780600</LatitudeDegrees>
      <LongitudeDegrees>-70.9388900</LongitudeDegrees>
     </Position>
     <AltitudeMeters>672.9300000000001</AltitudeMeters>
     <DistanceMeters>13588.86713799641</DistanceMeters>
    </Trackpoint>
    <Trackpoint>
     <Time>2026-07-19T01:01:18+00:00</Time>
     <Position>
      <LatitudeDegrees>-33.4782000</LatitudeDegrees>
      <LongitudeDegrees>-70.9388400</LongitudeDegrees>
     </Position>
     <AltitudeMeters>671.12</AltitudeMeters>
     <DistanceMeters>13605.125182571348</DistanceMeters>
    </Trackpoint>
    <Trackpoint>
     <Time>2026-07-19T01:01:24+00:00</Time>
     <Position>
      <LatitudeDegrees>-33.4782900</LatitudeDegrees>
      <LongitudeDegrees>-70.9387600</LongitudeDegrees>
     </Position>
     <AltitudeMeters>670.0600000000001</AltitudeMeters>
     <DistanceMeters>13617.594559039446</DistanceMeters>
    </Trackpoint>
    <Trackpoint>
     <Time>2026-07-19T01:01:30+00:00</Time>
     <Position>
      <LatitudeDegrees>-33.4784500</LatitudeDegrees>
      <LongitudeDegrees>-70.9386100</LongitudeDegrees>
     </Position>
     <AltitudeMeters>669.22</AltitudeMeters>
     <DistanceMeters>13640.199789060563</DistanceMeters>
    </Trackpoint>
    <Trackpoint>
     <Time>2026-07-19T01:01:36+00:00</Time>
     <Position>
      <LatitudeDegrees>-33.4785600</LatitudeDegrees>
      <LongitudeDegrees>-70.9384100</LongitudeDegrees>
     </Position>
     <AltitudeMeters>667.75</AltitudeMeters>
     <DistanceMeters>13662.439003506433</DistanceMeters>
    </Trackpoint>
    <Trackpoint>
     <Time>2026-07-19T01:01:43+00:00</Time>
     <Position>
      <LatitudeDegrees>-33.4786200</LatitudeDegrees>
      <LongitudeDegrees>-70.9383900</LongitudeDegrees>
     </Position>
     <AltitudeMeters>667.44</AltitudeMeters>
     <DistanceMeters>13669.370038598367</DistanceMeters>
    </Trackpoint>
    <Trackpoint>
     <Time>2026-07-19T01:01:49+00:00</Time>
     <Position>
      <LatitudeDegrees>-33.4786500</LatitudeDegrees>
      <LongitudeDegrees>-70.9384000</LongitudeDegrees>
     </Position>
     <AltitudeMeters>667.09</AltitudeMeters>
     <DistanceMeters>13672.835556015376</DistanceMeters>
    </Trackpoint>
    <Trackpoint>
     <Time>2026-07-19T01:01:55+00:00</Time>
     <Position>
      <LatitudeDegrees>-33.4786700</LatitudeDegrees>
      <LongitudeDegrees>-70.9385300</LongitudeDegrees>
     </Position>
     <AltitudeMeters>666.2300000000001</AltitudeMeters>
     <DistanceMeters>13685.107120386303</DistanceMeters>
    </Trackpoint>
    <Trackpoint>
     <Time>2026-07-19T01:02:01+00:00</Time>
     <Position>
      <LatitudeDegrees>-33.4785100</LatitudeDegrees>
      <LongitudeDegrees>-70.9389800</LongitudeDegrees>
     </Position>
     <AltitudeMeters>661.24</AltitudeMeters>
     <DistanceMeters>13730.518099324172</DistanceMeters>
    </Trackpoint>
    <Trackpoint>
     <Time>2026-07-19T01:02:07+00:00</Time>
     <Position>
      <LatitudeDegrees>-33.4784000</LatitudeDegrees>
      <LongitudeDegrees>-70.9392000</LongitudeDegrees>
     </Position>
     <AltitudeMeters>659.24</AltitudeMeters>
     <DistanceMeters>13754.329248445596</DistanceMeters>
    </Trackpoint>
    <Trackpoint>
     <Time>2026-07-19T01:02:14+00:00</Time>
     <Position>
      <LatitudeDegrees>-33.4784200</LatitudeDegrees>
      <LongitudeDegrees>-70.9392900</LongitudeDegrees>
     </Position>
     <AltitudeMeters>658.78</AltitudeMeters>
     <DistanceMeters>13762.975476058946</DistanceMeters>
    </Trackpoint>
    <Trackpoint>
     <Time>2026-07-19T01:02:20+00:00</Time>
     <Position>
      <LatitudeDegrees>-33.4784900</LatitudeDegrees>
      <LongitudeDegrees>-70.9392900</LongitudeDegrees>
     </Position>
     <AltitudeMeters>657.75</AltitudeMeters>
     <DistanceMeters>13770.766173619902</DistanceMeters>
    </Trackpoint>
    <Trackpoint>
     <Time>2026-07-19T01:02:26+00:00</Time>
     <Position>
      <LatitudeDegrees>-33.4789200</LatitudeDegrees>
      <LongitudeDegrees>-70.9388400</LongitudeDegrees>
     </Position>
     <AltitudeMeters>652.0</AltitudeMeters>
     <DistanceMeters>13834.29064282237</DistanceMeters>
    </Trackpoint>
    <Trackpoint>
     <Time>2026-07-19T01:02:32+00:00</Time>
     <Position>
      <LatitudeDegrees>-33.4790500</LatitudeDegrees>
      <LongitudeDegrees>-70.9386200</LongitudeDegrees>
     </Position>
     <AltitudeMeters>649.96</AltitudeMeters>
     <DistanceMeters>13859.319066962125</DistanceMeters>
    </Trackpoint>
    <Trackpoint>
     <Time>2026-07-19T01:02:38+00:00</Time>
     <Position>
      <LatitudeDegrees>-33.4791200</LatitudeDegrees>
      <LongitudeDegrees>-70.9385400</LongitudeDegrees>
     </Position>
     <AltitudeMeters>649.6</AltitudeMeters>
     <DistanceMeters>13870.082279752118</DistanceMeters>
    </Trackpoint>
    <Trackpoint>
     <Time>2026-07-19T01:02:45+00:00</Time>
     <Position>
      <LatitudeDegrees>-33.4791600</LatitudeDegrees>
      <LongitudeDegrees>-70.9385700</LongitudeDegrees>
     </Position>
     <AltitudeMeters>649.1999999999999</AltitudeMeters>
     <DistanceMeters>13875.333420065399</DistanceMeters>
    </Trackpoint>
    <Trackpoint>
     <Time>2026-07-19T01:02:51+00:00</Time>
     <Position>
      <LatitudeDegrees>-33.4791800</LatitudeDegrees>
      <LongitudeDegrees>-70.9386600</LongitudeDegrees>
     </Position>
     <AltitudeMeters>648.27</AltitudeMeters>
     <DistanceMeters>13883.97957685564</DistanceMeters>
    </Trackpoint>
    <Trackpoint>
     <Time>2026-07-19T01:02:57+00:00</Time>
     <Position>
      <LatitudeDegrees>-33.4791400</LatitudeDegrees>
      <LongitudeDegrees>-70.9388400</LongitudeDegrees>
     </Position>
     <AltitudeMeters>646.6200000000001</AltitudeMeters>
     <DistanceMeters>13901.271892302419</DistanceMeters>
    </Trackpoint>
    <Trackpoint>
     <Time>2026-07-19T01:03:03+00:00</Time>
     <Position>
      <LatitudeDegrees>-33.4788500</LatitudeDegrees>
      <LongitudeDegrees>-70.9395500</LongitudeDegrees>
     </Position>
     <AltitudeMeters>638.4000000000001</AltitudeMeters>
     <DistanceMeters>13974.659884368131</DistanceMeters>
    </Trackpoint>
    <Trackpoint>
     <Time>2026-07-19T01:03:09+00:00</Time>
     <Position>
      <LatitudeDegrees>-33.4787100</LatitudeDegrees>
      <LongitudeDegrees>-70.9397800</LongitudeDegrees>
     </Position>
     <AltitudeMeters>636.3000000000001</AltitudeMeters>
     <DistanceMeters>14001.091816272636</DistanceMeters>
    </Trackpoint>
    <Trackpoint>
     <Time>2026-07-19T01:03:16+00:00</Time>
     <Position>
      <LatitudeDegrees>-33.4784900</LatitudeDegrees>
      <LongitudeDegrees>-70.9399700</LongitudeDegrees>
     </Position>
     <AltitudeMeters>634.58</AltitudeMeters>
     <DistanceMeters>14031.268158764833</DistanceMeters>
    </Trackpoint>
    <Trackpoint>
     <Time>2026-07-19T01:03:22+00:00</Time>
     <Position>
      <LatitudeDegrees>-33.4783600</LatitudeDegrees>
      <LongitudeDegrees>-70.9400200</LongitudeDegrees>
     </Position>
     <AltitudeMeters>632.83</AltitudeMeters>
     <DistanceMeters>14046.462884835562</DistanceMeters>
    </Trackpoint>
    <Trackpoint>
     <Time>2026-07-19T01:03:28+00:00</Time>
     <Position>
      <LatitudeDegrees>-33.4781500</LatitudeDegrees>
      <LongitudeDegrees>-70.9400500</LongitudeDegrees>
     </Position>
     <AltitudeMeters>632.17</AltitudeMeters>
     <DistanceMeters>14070.000314266093</DistanceMeters>
    </Trackpoint>
    <Trackpoint>
     <Time>2026-07-19T01:03:34+00:00</Time>
     <Position>
      <LatitudeDegrees>-33.4781100</LatitudeDegrees>
      <LongitudeDegrees>-70.9400900</LongitudeDegrees>
     </Position>
     <AltitudeMeters>631.8000000000001</AltitudeMeters>
     <DistanceMeters>14075.797469989146</DistanceMeters>
    </Trackpoint>
    <Trackpoint>
     <Time>2026-07-19T01:03:40+00:00</Time>
     <Position>
      <LatitudeDegrees>-33.4781100</LatitudeDegrees>
      <LongitudeDegrees>-70.9401000</LongitudeDegrees>
     </Position>
     <AltitudeMeters>631.38</AltitudeMeters>
     <DistanceMeters>14076.725783499838</DistanceMeters>
    </Trackpoint>
    <Trackpoint>
     <Time>2026-07-19T01:03:47+00:00</Time>
     <Position>
      <LatitudeDegrees>-33.4781200</LatitudeDegrees>
      <LongitudeDegrees>-70.9401500</LongitudeDegrees>
     </Position>
     <AltitudeMeters>630.9100000000001</AltitudeMeters>
     <DistanceMeters>14076.725783499838</DistanceMeters>
    </Trackpoint>
    <Trackpoint>
     <Time>2026-07-19T01:03:53+00:00</Time>
     <Position>
      <LatitudeDegrees>-33.4781800</LatitudeDegrees>
      <LongitudeDegrees>-70.9401900</LongitudeDegrees>
     </Position>
     <AltitudeMeters>630.4000000000001</AltitudeMeters>
     <DistanceMeters>14084.366494502356</DistanceMeters>
    </Trackpoint>
    <Trackpoint>
     <Time>2026-07-19T01:03:59+00:00</Time>
     <Position>
      <LatitudeDegrees>-33.4784700</LatitudeDegrees>
      <LongitudeDegrees>-70.9401900</LongitudeDegrees>
     </Position>
     <AltitudeMeters>626.41</AltitudeMeters>
     <DistanceMeters>14116.642241540158</DistanceMeters>
    </Trackpoint>
    <Trackpoint>
     <Time>2026-07-19T01:04:05+00:00</Time>
     <Position>
      <LatitudeDegrees>-33.4787100</LatitudeDegrees>
      <LongitudeDegrees>-70.9401000</LongitudeDegrees>
     </Position>
     <AltitudeMeters>624.62</AltitudeMeters>
     <DistanceMeters>14144.629342470296</DistanceMeters>
    </Trackpoint>
    <Trackpoint>
     <Time>2026-07-19T01:04:11+00:00</Time>
     <Position>
      <LatitudeDegrees>-33.4794800</LatitudeDegrees>
      <LongitudeDegrees>-70.9396400</LongitudeDegrees>
     </Position>
     <AltitudeMeters>619.32</AltitudeMeters>
     <DistanceMeters>14240.376648059757</DistanceMeters>
    </Trackpoint>
    <Trackpoint>
     <Time>2026-07-19T01:04:18+00:00</Time>
     <Position>
      <LatitudeDegrees>-33.4797900</LatitudeDegrees>
      <LongitudeDegrees>-70.9393800</LongitudeDegrees>
     </Position>
     <AltitudeMeters>617.4900000000001</AltitudeMeters>
     <DistanceMeters>14282.482441925073</DistanceMeters>
    </Trackpoint>
    <Trackpoint>
     <Time>2026-07-19T01:04:24+00:00</Time>
     <Position>
      <LatitudeDegrees>-33.4800800</LatitudeDegrees>
      <LongitudeDegrees>-70.9390600</LongitudeDegrees>
     </Position>
     <AltitudeMeters>612.01</AltitudeMeters>
     <DistanceMeters>14326.347405484777</DistanceMeters>
    </Trackpoint>
    <Trackpoint>
     <Time>2026-07-19T01:04:30+00:00</Time>
     <Position>
      <LatitudeDegrees>-33.4801500</LatitudeDegrees>
      <LongitudeDegrees>-70.9390300</LongitudeDegrees>
     </Position>
     <AltitudeMeters>611.57</AltitudeMeters>
     <DistanceMeters>14334.620887417164</DistanceMeters>
    </Trackpoint>
    <Trackpoint>
     <Time>2026-07-19T01:04:36+00:00</Time>
     <Position>
      <LatitudeDegrees>-33.4801500</LatitudeDegrees>
      <LongitudeDegrees>-70.9391100</LongitudeDegrees>
     </Position>
     <AltitudeMeters>611.57</AltitudeMeters>
     <DistanceMeters>14342.047220636225</DistanceMeters>
    </Trackpoint>
    <Trackpoint>
     <Time>2026-07-19T01:04:42+00:00</Time>
     <Position>
      <LatitudeDegrees>-33.4801200</LatitudeDegrees>
      <LongitudeDegrees>-70.9392100</LongitudeDegrees>
     </Position>
     <AltitudeMeters>608.77</AltitudeMeters>
     <DistanceMeters>14351.91234225129</DistanceMeters>
    </Trackpoint>
    <Trackpoint>
     <Time>2026-07-19T01:04:49+00:00</Time>
     <Position>
      <LatitudeDegrees>-33.4798600</LatitudeDegrees>
      <LongitudeDegrees>-70.9396000</LongitudeDegrees>
     </Position>
     <AltitudeMeters>606.5400000000001</AltitudeMeters>
     <DistanceMeters>14398.259208307565</DistanceMeters>
    </Trackpoint>
    <Trackpoint>
     <Time>2026-07-19T01:04:55+00:00</Time>
     <Position>
      <LatitudeDegrees>-33.4795000</LatitudeDegrees>
      <LongitudeDegrees>-70.9402300</LongitudeDegrees>
     </Position>
     <AltitudeMeters>600.3900000000001</AltitudeMeters>
     <DistanceMeters>14469.150287964192</DistanceMeters>
    </Trackpoint>
    <Trackpoint>
     <Time>2026-07-19T01:05:01+00:00</Time>
     <Position>
      <LatitudeDegrees>-33.4791200</LatitudeDegrees>
      <LongitudeDegrees>-70.9406000</LongitudeDegrees>
     </Position>
     <AltitudeMeters>595.45</AltitudeMeters>
     <DistanceMeters>14523.633023765116</DistanceMeters>
    </Trackpoint>
    <Trackpoint>
     <Time>2026-07-19T01:05:07+00:00</Time>
     <Position>
      <LatitudeDegrees>-33.4790900</LatitudeDegrees>
      <LongitudeDegrees>-70.9406800</LongitudeDegrees>
     </Position>
     <AltitudeMeters>595.45</AltitudeMeters>
     <DistanceMeters>14531.775493356683</DistanceMeters>
    </Trackpoint>
    <Trackpoint>
     <Time>2026-07-19T01:05:13+00:00</Time>
     <Position>
      <LatitudeDegrees>-33.4791200</LatitudeDegrees>
      <LongitudeDegrees>-70.9407200</LongitudeDegrees>
     </Position>
     <AltitudeMeters>595.45</AltitudeMeters>
     <DistanceMeters>14536.76908868878</DistanceMeters>
    </Trackpoint>
    <Trackpoint>
     <Time>2026-07-19T01:05:20+00:00</Time>
     <Position>
      <LatitudeDegrees>-33.4791600</LatitudeDegrees>
      <LongitudeDegrees>-70.9407200</LongitudeDegrees>
     </Position>
     <AltitudeMeters>595.45</AltitudeMeters>
     <DistanceMeters>14541.220915866244</DistanceMeters>
    </Trackpoint>
    <Trackpoint>
     <Time>2026-07-19T01:05:26+00:00</Time>
     <Position>
      <LatitudeDegrees>-33.4797400</LatitudeDegrees>
      <LongitudeDegrees>-70.9402400</LongitudeDegrees>
     </Position>
     <AltitudeMeters>588.7</AltitudeMeters>
     <DistanceMeters>14619.657787145195</DistanceMeters>
    </Trackpoint>
    <Trackpoint>
     <Time>2026-07-19T01:05:32+00:00</Time>
     <Position>
      <LatitudeDegrees>-33.4802400</LatitudeDegrees>
      <LongitudeDegrees>-70.9399200</LongitudeDegrees>
     </Position>
     <AltitudeMeters>583.13</AltitudeMeters>
     <DistanceMeters>14682.737832535553</DistanceMeters>
    </Trackpoint>
    <Trackpoint>
     <Time>2026-07-19T01:05:38+00:00</Time>
     <Position>
      <LatitudeDegrees>-33.4804400</LatitudeDegrees>
      <LongitudeDegrees>-70.9398700</LongitudeDegrees>
     </Position>
     <AltitudeMeters>580.7800000000001</AltitudeMeters>
     <DistanceMeters>14705.475734171076</DistanceMeters>
    </Trackpoint>
    <Trackpoint>
     <Time>2026-07-19T01:05:44+00:00</Time>
     <Position>
      <LatitudeDegrees>-33.4809700</LatitudeDegrees>
      <LongitudeDegrees>-70.9398700</LongitudeDegrees>
     </Position>
     <AltitudeMeters>578.22</AltitudeMeters>
     <DistanceMeters>14764.462444274455</DistanceMeters>
    </Trackpoint>
    <Trackpoint>
     <Time>2026-07-19T01:05:51+00:00</Time>
     <Position>
      <LatitudeDegrees>-33.4811100</LatitudeDegrees>
      <LongitudeDegrees>-70.9396900</LongitudeDegrees>
     </Position>
     <AltitudeMeters>575.88</AltitudeMeters>
     <DistanceMeters>14787.309176297491</DistanceMeters>
    </Trackpoint>
    <Trackpoint>
     <Time>2026-07-19T01:05:57+00:00</Time>
     <Position>
      <LatitudeDegrees>-33.4811500</LatitudeDegrees>
      <LongitudeDegrees>-70.9396900</LongitudeDegrees>
     </Position>
     <AltitudeMeters>575.88</AltitudeMeters>
     <DistanceMeters>14791.761003474954</DistanceMeters>
    </Trackpoint>
    <Trackpoint>
     <Time>2026-07-19T01:06:03+00:00</Time>
     <Position>
      <LatitudeDegrees>-33.4812000</LatitudeDegrees>
      <LongitudeDegrees>-70.9397400</LongitudeDegrees>
     </Position>
     <AltitudeMeters>575.1700000000001</AltitudeMeters>
     <DistanceMeters>14799.007343631076</DistanceMeters>
    </Trackpoint>
    <Trackpoint>
     <Time>2026-07-19T01:06:09+00:00</Time>
     <Position>
      <LatitudeDegrees>-33.4812200</LatitudeDegrees>
      <LongitudeDegrees>-70.9397800</LongitudeDegrees>
     </Position>
     <AltitudeMeters>574.77</AltitudeMeters>
     <DistanceMeters>14803.33654218992</DistanceMeters>
    </Trackpoint>
    <Trackpoint>
     <Time>2026-07-19T01:06:15+00:00</Time>
     <Position>
      <LatitudeDegrees>-33.4812000</LatitudeDegrees>
      <LongitudeDegrees>-70.9398700</LongitudeDegrees>
     </Position>
     <AltitudeMeters>574.34</AltitudeMeters>
     <DistanceMeters>14811.982508873903</DistanceMeters>
    </Trackpoint>
    <Trackpoint>
     <Time>2026-07-19T01:06:22+00:00</Time>
     <Position>
      <LatitudeDegrees>-33.4810600</LatitudeDegrees>
      <LongitudeDegrees>-70.9400500</LongitudeDegrees>
     </Position>
     <AltitudeMeters>571.9300000000001</AltitudeMeters>
     <DistanceMeters>14834.829228200795</DistanceMeters>
    </Trackpoint>
    <Trackpoint>
     <Time>2026-07-19T01:06:28+00:00</Time>
     <Position>
      <LatitudeDegrees>-33.4805500</LatitudeDegrees>
      <LongitudeDegrees>-70.9403600</LongitudeDegrees>
     </Position>
     <AltitudeMeters>565.6800000000001</AltitudeMeters>
     <DistanceMeters>14898.468002544587</DistanceMeters>
    </Trackpoint>
    <Trackpoint>
     <Time>2026-07-19T01:06:34+00:00</Time>
     <Position>
      <LatitudeDegrees>-33.4802400</LatitudeDegrees>
      <LongitudeDegrees>-70.9405900</LongitudeDegrees>
     </Position>
     <AltitudeMeters>564.09</AltitudeMeters>
     <DistanceMeters>14939.041574483155</DistanceMeters>
    </Trackpoint>
    <Trackpoint>
     <Time>2026-07-19T01:06:40+00:00</Time>
     <Position>
      <LatitudeDegrees>-33.4798600</LatitudeDegrees>
      <LongitudeDegrees>-70.9407800</LongitudeDegrees>
     </Position>
     <AltitudeMeters>561.7500000000001</AltitudeMeters>
     <DistanceMeters>14984.864354252102</DistanceMeters>
    </Trackpoint>
    <Trackpoint>
     <Time>2026-07-19T01:06:46+00:00</Time>
     <Position>
      <LatitudeDegrees>-33.4798100</LatitudeDegrees>
      <LongitudeDegrees>-70.9408200</LongitudeDegrees>
     </Position>
     <AltitudeMeters>561.3900000000001</AltitudeMeters>
     <DistanceMeters>14991.554236702155</DistanceMeters>
    </Trackpoint>
    <Trackpoint>
     <Time>2026-07-19T01:06:52+00:00</Time>
     <Position>
      <LatitudeDegrees>-33.4797900</LatitudeDegrees>
      <LongitudeDegrees>-70.9409500</LongitudeDegrees>
     </Position>
     <AltitudeMeters>560.0200000000001</AltitudeMeters>
     <DistanceMeters>15003.825644905579</DistanceMeters>
    </Trackpoint>
    <Trackpoint>
     <Time>2026-07-19T01:06:59+00:00</Time>
     <Position>
      <LatitudeDegrees>-33.4798100</LatitudeDegrees>
      <LongitudeDegrees>-70.9409500</LongitudeDegrees>
     </Position>
     <AltitudeMeters>560.0200000000001</AltitudeMeters>
     <DistanceMeters>15006.051558494311</DistanceMeters>
    </Trackpoint>
    <Trackpoint>
     <Time>2026-07-19T01:07:05+00:00</Time>
     <Position>
      <LatitudeDegrees>-33.4800600</LatitudeDegrees>
      <LongitudeDegrees>-70.9408600</LongitudeDegrees>
     </Position>
     <AltitudeMeters>556.5400000000001</AltitudeMeters>
     <DistanceMeters>15035.102730925111</DistanceMeters>
    </Trackpoint>
    <Trackpoint>
     <Time>2026-07-19T01:07:11+00:00</Time>
     <Position>
      <LatitudeDegrees>-33.4804400</LatitudeDegrees>
      <LongitudeDegrees>-70.9408100</LongitudeDegrees>
     </Position>
     <AltitudeMeters>552.73</AltitudeMeters>
     <DistanceMeters>15077.6490192018</DistanceMeters>
    </Trackpoint>
    <Trackpoint>
     <Time>2026-07-19T01:07:17+00:00</Time>
     <Position>
      <LatitudeDegrees>-33.4807500</LatitudeDegrees>
      <LongitudeDegrees>-70.9407200</LongitudeDegrees>
     </Position>
     <AltitudeMeters>550.4100000000001</AltitudeMeters>
     <DistanceMeters>15113.14780264065</DistanceMeters>
    </Trackpoint>
    <Trackpoint>
     <Time>2026-07-19T01:07:23+00:00</Time>
     <Position>
      <LatitudeDegrees>-33.4809500</LatitudeDegrees>
      <LongitudeDegrees>-70.9407700</LongitudeDegrees>
     </Position>
     <AltitudeMeters>549.61</AltitudeMeters>
     <DistanceMeters>15135.885698698348</DistanceMeters>
    </Trackpoint>
    <Trackpoint>
     <Time>2026-07-19T01:07:30+00:00</Time>
     <Position>
      <LatitudeDegrees>-33.4812300</LatitudeDegrees>
      <LongitudeDegrees>-70.9408600</LongitudeDegrees>
     </Position>
     <AltitudeMeters>546.03</AltitudeMeters>
     <DistanceMeters>15168.148955473729</DistanceMeters>
    </Trackpoint>
    <Trackpoint>
     <Time>2026-07-19T01:07:36+00:00</Time>
     <Position>
      <LatitudeDegrees>-33.4814200</LatitudeDegrees>
      <LongitudeDegrees>-70.9410000</LongitudeDegrees>
     </Position>
     <AltitudeMeters>546.03</AltitudeMeters>
     <DistanceMeters>15192.969400379889</DistanceMeters>
    </Trackpoint>
    <Trackpoint>
     <Time>2026-07-19T01:07:42+00:00</Time>
     <Position>
      <LatitudeDegrees>-33.4817800</LatitudeDegrees>
      <LongitudeDegrees>-70.9414400</LongitudeDegrees>
     </Position>
     <AltitudeMeters>538.32</AltitudeMeters>
     <DistanceMeters>15250.184472635749</DistanceMeters>
    </Trackpoint>
    <Trackpoint>
     <Time>2026-07-19T01:07:48+00:00</Time>
     <Position>
      <LatitudeDegrees>-33.4818900</LatitudeDegrees>
      <LongitudeDegrees>-70.9415200</LongitudeDegrees>
     </Position>
     <AltitudeMeters>538.32</AltitudeMeters>
     <DistanceMeters>15264.503260699874</DistanceMeters>
    </Trackpoint>
    <Trackpoint>
     <Time>2026-07-19T01:07:54+00:00</Time>
     <Position>
      <LatitudeDegrees>-33.4820300</LatitudeDegrees>
      <LongitudeDegrees>-70.9415300</LongitudeDegrees>
     </Position>
     <AltitudeMeters>535.6500000000001</AltitudeMeters>
     <DistanceMeters>15280.112282556667</DistanceMeters>
    </Trackpoint>
    <Trackpoint>
     <Time>2026-07-19T01:08:01+00:00</Time>
     <Position>
      <LatitudeDegrees>-33.4823200</LatitudeDegrees>
      <LongitudeDegrees>-70.9414000</LongitudeDegrees>
     </Position>
     <AltitudeMeters>534.0100000000001</AltitudeMeters>
     <DistanceMeters>15314.57020805429</DistanceMeters>
    </Trackpoint>
    <Trackpoint>
     <Time>2026-07-19T01:08:07+00:00</Time>
     <Position>
      <LatitudeDegrees>-33.4823900</LatitudeDegrees>
      <LongitudeDegrees>-70.9413200</LongitudeDegrees>
     </Position>
     <AltitudeMeters>532.8900000000001</AltitudeMeters>
     <DistanceMeters>15325.333227426863</DistanceMeters>
    </Trackpoint>
    <Trackpoint>
     <Time>2026-07-19T01:08:13+00:00</Time>
     <Position>
      <LatitudeDegrees>-33.4824700</LatitudeDegrees>
      <LongitudeDegrees>-70.9412200</LongitudeDegrees>
     </Position>
     <AltitudeMeters>532.22</AltitudeMeters>
     <DistanceMeters>15338.195694688568</DistanceMeters>
    </Trackpoint>
    <Trackpoint>
     <Time>2026-07-19T01:08:19+00:00</Time>
     <Position>
      <LatitudeDegrees>-33.4824500</LatitudeDegrees>
      <LongitudeDegrees>-70.9408700</LongitudeDegrees>
     </Position>
     <AltitudeMeters>530.57</AltitudeMeters>
     <DistanceMeters>15370.76119789527</DistanceMeters>
    </Trackpoint>
    <Trackpoint>
     <Time>2026-07-19T01:08:25+00:00</Time>
     <Position>
      <LatitudeDegrees>-33.4824700</LatitudeDegrees>
      <LongitudeDegrees>-70.9408600</LongitudeDegrees>
     </Position>
     <AltitudeMeters>530.2800000000001</AltitudeMeters>
     <DistanceMeters>15373.172913205999</DistanceMeters>
    </Trackpoint>
    <Trackpoint>
     <Time>2026-07-19T01:08:32+00:00</Time>
     <Position>
      <LatitudeDegrees>-33.4825200</LatitudeDegrees>
      <LongitudeDegrees>-70.9408600</LongitudeDegrees>
     </Position>
     <AltitudeMeters>529.95</AltitudeMeters>
     <DistanceMeters>15378.737697178225</DistanceMeters>
    </Trackpoint>
    <Trackpoint>
     <Time>2026-07-19T01:08:38+00:00</Time>
     <Position>
      <LatitudeDegrees>-33.4825900</LatitudeDegrees>
      <LongitudeDegrees>-70.9409900</LongitudeDegrees>
     </Position>
     <AltitudeMeters>528.72</AltitudeMeters>
     <DistanceMeters>15393.101487540573</DistanceMeters>
    </Trackpoint>
    <Trackpoint>
     <Time>2026-07-19T01:08:44+00:00</Time>
     <Position>
      <LatitudeDegrees>-33.4825900</LatitudeDegrees>
      <LongitudeDegrees>-70.9410900</LongitudeDegrees>
     </Position>
     <AltitudeMeters>527.78</AltitudeMeters>
     <DistanceMeters>15402.384142595234</DistanceMeters>
    </Trackpoint>
    <Trackpoint>
     <Time>2026-07-19T01:08:50+00:00</Time>
     <Position>
      <LatitudeDegrees>-33.4825600</LatitudeDegrees>
      <LongitudeDegrees>-70.9414900</LongitudeDegrees>
     </Position>
     <AltitudeMeters>523.39</AltitudeMeters>
     <DistanceMeters>15439.6645864049</DistanceMeters>
    </Trackpoint>
    <Trackpoint>
     <Time>2026-07-19T01:08:56+00:00</Time>
     <Position>
      <LatitudeDegrees>-33.4824700</LatitudeDegrees>
      <LongitudeDegrees>-70.9417900</LongitudeDegrees>
     </Position>
     <AltitudeMeters>519.6</AltitudeMeters>
     <DistanceMeters>15469.259231285738</DistanceMeters>
    </Trackpoint>
    <Trackpoint>
     <Time>2026-07-19T01:09:03+00:00</Time>
     <Position>
      <LatitudeDegrees>-33.4824100</LatitudeDegrees>
      <LongitudeDegrees>-70.9419000</LongitudeDegrees>
     </Position>
     <AltitudeMeters>519.6</AltitudeMeters>
     <DistanceMeters>15481.459865757002</DistanceMeters>
    </Trackpoint>
    <Trackpoint>
     <Time>2026-07-19T01:09:09+00:00</Time>
     <Position>
      <LatitudeDegrees>-33.4823000</LatitudeDegrees>
      <LongitudeDegrees>-70.9420600</LongitudeDegrees>
     </Position>
     <AltitudeMeters>518.24</AltitudeMeters>
     <DistanceMeters>15500.707459947505</DistanceMeters>
    </Trackpoint>
    <Trackpoint>
     <Time>2026-07-19T01:09:15+00:00</Time>
     <Position>
      <LatitudeDegrees>-33.4821800</LatitudeDegrees>
      <LongitudeDegrees>-70.9421200</LongitudeDegrees>
     </Position>
     <AltitudeMeters>516.98</AltitudeMeters>
     <DistanceMeters>15515.177757256168</DistanceMeters>
    </Trackpoint>
    <Trackpoint>
     <Time>2026-07-19T01:09:21+00:00</Time>
     <Position>
      <LatitudeDegrees>-33.4820000</LatitudeDegrees>
      <LongitudeDegrees>-70.9421600</LongitudeDegrees>
     </Position>
     <AltitudeMeters>515.87</AltitudeMeters>
     <DistanceMeters>15535.552177111307</DistanceMeters>
    </Trackpoint>
    <Trackpoint>
     <Time>2026-07-19T01:09:27+00:00</Time>
     <Position>
      <LatitudeDegrees>-33.4818700</LatitudeDegrees>
      <LongitudeDegrees>-70.9421100</LongitudeDegrees>
     </Position>
     <AltitudeMeters>514.6500000000001</AltitudeMeters>
     <DistanceMeters>15550.746845736343</DistanceMeters>
    </Trackpoint>
    <Trackpoint>
     <Time>2026-07-19T01:09:34+00:00</Time>
     <Position>
      <LatitudeDegrees>-33.4816200</LatitudeDegrees>
      <LongitudeDegrees>-70.9419800</LongitudeDegrees>
     </Position>
     <AltitudeMeters>513.08</AltitudeMeters>
     <DistanceMeters>15581.074996766623</DistanceMeters>
    </Trackpoint>
    <Trackpoint>
     <Time>2026-07-19T01:09:40+00:00</Time>
     <Position>
      <LatitudeDegrees>-33.4815300</LatitudeDegrees>
      <LongitudeDegrees>-70.9419700</LongitudeDegrees>
     </Position>
     <AltitudeMeters>512.4300000000001</AltitudeMeters>
     <DistanceMeters>15591.134529358362</DistanceMeters>
    </Trackpoint>
    <Trackpoint>
     <Time>2026-07-19T01:09:46+00:00</Time>
     <Position>
      <LatitudeDegrees>-33.4815100</LatitudeDegrees>
      <LongitudeDegrees>-70.9420200</LongitudeDegrees>
     </Position>
     <AltitudeMeters>512.0400000000001</AltitudeMeters>
     <DistanceMeters>15596.282067090146</DistanceMeters>
    </Trackpoint>
    <Trackpoint>
     <Time>2026-07-19T01:09:52+00:00</Time>
     <Position>
      <LatitudeDegrees>-33.4817100</LatitudeDegrees>
      <LongitudeDegrees>-70.9422000</LongitudeDegrees>
     </Position>
     <AltitudeMeters>509.75</AltitudeMeters>
     <DistanceMeters>15624.114759135637</DistanceMeters>
    </Trackpoint>
    <Trackpoint>
     <Time>2026-07-19T01:09:58+00:00</Time>
     <Position>
      <LatitudeDegrees>-33.4818300</LatitudeDegrees>
      <LongitudeDegrees>-70.9423400</LongitudeDegrees>
     </Position>
     <AltitudeMeters>506.05</AltitudeMeters>
     <DistanceMeters>15642.749692643536</DistanceMeters>
    </Trackpoint>
    <Trackpoint>
     <Time>2026-07-19T01:10:05+00:00</Time>
     <Position>
      <LatitudeDegrees>-33.4819200</LatitudeDegrees>
      <LongitudeDegrees>-70.9424300</LongitudeDegrees>
     </Position>
     <AltitudeMeters>506.05</AltitudeMeters>
     <DistanceMeters>15655.793061682354</DistanceMeters>
    </Trackpoint>
    <Trackpoint>
     <Time>2026-07-19T01:10:11+00:00</Time>
     <Position>
      <LatitudeDegrees>-33.4823000</LatitudeDegrees>
      <LongitudeDegrees>-70.9426500</LongitudeDegrees>
     </Position>
     <AltitudeMeters>502.0800000000001</AltitudeMeters>
     <DistanceMeters>15702.757939812722</DistanceMeters>
    </Trackpoint>
    <Trackpoint>
     <Time>2026-07-19T01:10:17+00:00</Time>
     <Position>
      <LatitudeDegrees>-33.4825900</LatitudeDegrees>
      <LongitudeDegrees>-70.9429200</LongitudeDegrees>
     </Position>
     <AltitudeMeters>498.94000000000005</AltitudeMeters>
     <DistanceMeters>15743.62220748613</DistanceMeters>
    </Trackpoint>
    <Trackpoint>
     <Time>2026-07-19T01:10:23+00:00</Time>
     <Position>
      <LatitudeDegrees>-33.4827400</LatitudeDegrees>
      <LongitudeDegrees>-70.9430200</LongitudeDegrees>
     </Position>
     <AltitudeMeters>497.66</AltitudeMeters>
     <DistanceMeters>15762.72374987258</DistanceMeters>
    </Trackpoint>
    <Trackpoint>
     <Time>2026-07-19T01:10:29+00:00</Time>
     <Position>
      <LatitudeDegrees>-33.4830100</LatitudeDegrees>
      <LongitudeDegrees>-70.9431000</LongitudeDegrees>
     </Position>
     <AltitudeMeters>494.98</AltitudeMeters>
     <DistanceMeters>15793.677577515266</DistanceMeters>
    </Trackpoint>
    <Trackpoint>
     <Time>2026-07-19T01:10:36+00:00</Time>
     <Position>
      <LatitudeDegrees>-33.4831900</LatitudeDegrees>
      <LongitudeDegrees>-70.9430600</LongitudeDegrees>
     </Position>
     <AltitudeMeters>493.46000000000004</AltitudeMeters>
     <DistanceMeters>15814.051989480457</DistanceMeters>
    </Trackpoint>
    <Trackpoint>
     <Time>2026-07-19T01:10:42+00:00</Time>
     <Position>
      <LatitudeDegrees>-33.4832400</LatitudeDegrees>
      <LongitudeDegrees>-70.9430100</LongitudeDegrees>
     </Position>
     <AltitudeMeters>493.46000000000004</AltitudeMeters>
     <DistanceMeters>15821.298259625148</DistanceMeters>
    </Trackpoint>
    <Trackpoint>
     <Time>2026-07-19T01:10:48+00:00</Time>
     <Position>
      <LatitudeDegrees>-33.4832600</LatitudeDegrees>
      <LongitudeDegrees>-70.9429600</LongitudeDegrees>
     </Position>
     <AltitudeMeters>492.94000000000005</AltitudeMeters>
     <DistanceMeters>15826.445713777282</DistanceMeters>
    </Trackpoint>
    <Trackpoint>
     <Time>2026-07-19T01:10:54+00:00</Time>
     <Position>
      <LatitudeDegrees>-33.4832800</LatitudeDegrees>
      <LongitudeDegrees>-70.9427300</LongitudeDegrees>
     </Position>
     <AltitudeMeters>491.94000000000005</AltitudeMeters>
     <DistanceMeters>15847.91137443388</DistanceMeters>
    </Trackpoint>
    <Trackpoint>
     <Time>2026-07-19T01:11:00+00:00</Time>
     <Position>
      <LatitudeDegrees>-33.4833000</LatitudeDegrees>
      <LongitudeDegrees>-70.9426900</LongitudeDegrees>
     </Position>
     <AltitudeMeters>491.66</AltitudeMeters>
     <DistanceMeters>15852.240496523096</DistanceMeters>
    </Trackpoint>
    <Trackpoint>
     <Time>2026-07-19T01:11:07+00:00</Time>
     <Position>
      <LatitudeDegrees>-33.4833700</LatitudeDegrees>
      <LongitudeDegrees>-70.9427300</LongitudeDegrees>
     </Position>
     <AltitudeMeters>490.95000000000005</AltitudeMeters>
     <DistanceMeters>15860.870766560614</DistanceMeters>
    </Trackpoint>
    <Trackpoint>
     <Time>2026-07-19T01:11:13+00:00</Time>
     <Position>
      <LatitudeDegrees>-33.4834100</LatitudeDegrees>
      <LongitudeDegrees>-70.9428700</LongitudeDegrees>
     </Position>
     <AltitudeMeters>490.04</AltitudeMeters>
     <DistanceMeters>15874.607735219195</DistanceMeters>
    </Trackpoint>
    <Trackpoint>
     <Time>2026-07-19T01:11:19+00:00</Time>
     <Position>
      <LatitudeDegrees>-33.4833900</LatitudeDegrees>
      <LongitudeDegrees>-70.9431100</LongitudeDegrees>
     </Position>
     <AltitudeMeters>487.51000000000005</AltitudeMeters>
     <DistanceMeters>15896.996823493537</DistanceMeters>
    </Trackpoint>
    <Trackpoint>
     <Time>2026-07-19T01:11:25+00:00</Time>
     <Position>
      <LatitudeDegrees>-33.4833500</LatitudeDegrees>
      <LongitudeDegrees>-70.9432700</LongitudeDegrees>
     </Position>
     <AltitudeMeters>486.18000000000006</AltitudeMeters>
     <DistanceMeters>15912.50179256104</DistanceMeters>
    </Trackpoint>
    <Trackpoint>
     <Time>2026-07-19T01:11:31+00:00</Time>
     <Position>
      <LatitudeDegrees>-33.4832600</LatitudeDegrees>
      <LongitudeDegrees>-70.9434200</LongitudeDegrees>
     </Position>
     <AltitudeMeters>485.40000000000003</AltitudeMeters>
     <DistanceMeters>15929.654243965328</DistanceMeters>
    </Trackpoint>
    <Trackpoint>
     <Time>2026-07-19T01:11:38+00:00</Time>
     <Position>
      <LatitudeDegrees>-33.4830800</LatitudeDegrees>
      <LongitudeDegrees>-70.9435500</LongitudeDegrees>
     </Position>
     <AltitudeMeters>482.76</AltitudeMeters>
     <DistanceMeters>15953.041236781193</DistanceMeters>
    </Trackpoint>
    <Trackpoint>
     <Time>2026-07-19T01:11:44+00:00</Time>
     <Position>
      <LatitudeDegrees>-33.4830600</LatitudeDegrees>
      <LongitudeDegrees>-70.9436300</LongitudeDegrees>
     </Position>
     <AltitudeMeters>482.34000000000003</AltitudeMeters>
     <DistanceMeters>15960.793745950961</DistanceMeters>
    </Trackpoint>
    <Trackpoint>
     <Time>2026-07-19T01:11:50+00:00</Time>
     <Position>
      <LatitudeDegrees>-33.4830800</LatitudeDegrees>
      <LongitudeDegrees>-70.9436800</LongitudeDegrees>
     </Position>
     <AltitudeMeters>481.88</AltitudeMeters>
     <DistanceMeters>15965.941208799533</DistanceMeters>
    </Trackpoint>
    <Trackpoint>
     <Time>2026-07-19T01:11:56+00:00</Time>
     <Position>
      <LatitudeDegrees>-33.4831700</LatitudeDegrees>
      <LongitudeDegrees>-70.9436800</LongitudeDegrees>
     </Position>
     <AltitudeMeters>480.44</AltitudeMeters>
     <DistanceMeters>15975.957819949223</DistanceMeters>
    </Trackpoint>
    <Trackpoint>
     <Time>2026-07-19T01:12:02+00:00</Time>
     <Position>
      <LatitudeDegrees>-33.4832800</LatitudeDegrees>
      <LongitudeDegrees>-70.9436300</LongitudeDegrees>
     </Position>
     <AltitudeMeters>479.57000000000005</AltitudeMeters>
     <DistanceMeters>15989.050604884038</DistanceMeters>
    </Trackpoint>
    <Trackpoint>
     <Time>2026-07-19T01:12:09+00:00</Time>
     <Position>
      <LatitudeDegrees>-33.4834100</LatitudeDegrees>
      <LongitudeDegrees>-70.9435400</LongitudeDegrees>
     </Position>
     <AltitudeMeters>477.68000000000006</AltitudeMeters>
     <DistanceMeters>16005.757798414528</DistanceMeters>
    </Trackpoint>
    <Trackpoint>
     <Time>2026-07-19T01:12:15+00:00</Time>
     <Position>
      <LatitudeDegrees>-33.4834400</LatitudeDegrees>
      <LongitudeDegrees>-70.9435900</LongitudeDegrees>
     </Position>
     <AltitudeMeters>477.68000000000006</AltitudeMeters>
     <DistanceMeters>16011.475276996844</DistanceMeters>
    </Trackpoint>
    <Trackpoint>
     <Time>2026-07-19T01:12:21+00:00</Time>
     <Position>
      <LatitudeDegrees>-33.4834600</LatitudeDegrees>
      <LongitudeDegrees>-70.9436300</LongitudeDegrees>
     </Position>
     <AltitudeMeters>477.68000000000006</AltitudeMeters>
     <DistanceMeters>16015.804393202408</DistanceMeters>
    </Trackpoint>
    <Trackpoint>
     <Time>2026-07-19T01:12:27+00:00</Time>
     <Position>
      <LatitudeDegrees>-33.4833700</LatitudeDegrees>
      <LongitudeDegrees>-70.9438100</LongitudeDegrees>
     </Position>
     <AltitudeMeters>476.07000000000005</AltitudeMeters>
     <DistanceMeters>16035.285421918841</DistanceMeters>
    </Trackpoint>
    <Trackpoint>
     <Time>2026-07-19T01:12:33+00:00</Time>
     <Position>
      <LatitudeDegrees>-33.4833000</LatitudeDegrees>
      <LongitudeDegrees>-70.9438600</LongitudeDegrees>
     </Position>
     <AltitudeMeters>476.07000000000005</AltitudeMeters>
     <DistanceMeters>16044.353857238808</DistanceMeters>
    </Trackpoint>
    <Trackpoint>
     <Time>2026-07-19T01:12:39+00:00</Time>
     <Position>
      <LatitudeDegrees>-33.4831500</LatitudeDegrees>
      <LongitudeDegrees>-70.9439000</LongitudeDegrees>
     </Position>
     <AltitudeMeters>474.13000000000005</AltitudeMeters>
     <DistanceMeters>16061.456138178253</DistanceMeters>
    </Trackpoint>
    <Trackpoint>
     <Time>2026-07-19T01:12:46+00:00</Time>
     <Position>
      <LatitudeDegrees>-33.4831200</LatitudeDegrees>
      <LongitudeDegrees>-70.9439500</LongitudeDegrees>
     </Position>
     <AltitudeMeters>473.31000000000006</AltitudeMeters>
     <DistanceMeters>16067.173629374642</DistanceMeters>
    </Trackpoint>
    <Trackpoint>
     <Time>2026-07-19T01:12:52+00:00</Time>
     <Position>
      <LatitudeDegrees>-33.4831200</LatitudeDegrees>
      <LongitudeDegrees>-70.9439900</LongitudeDegrees>
     </Position>
     <AltitudeMeters>473.31000000000006</AltitudeMeters>
     <DistanceMeters>16070.886668677482</DistanceMeters>
    </Trackpoint>
    <Trackpoint>
     <Time>2026-07-19T01:12:58+00:00</Time>
     <Position>
      <LatitudeDegrees>-33.4831900</LatitudeDegrees>
      <LongitudeDegrees>-70.9440400</LongitudeDegrees>
     </Position>
     <AltitudeMeters>473.31000000000006</AltitudeMeters>
     <DistanceMeters>16079.955108933758</DistanceMeters>
    </Trackpoint>
    <Trackpoint>
     <Time>2026-07-19T01:13:04+00:00</Time>
     <Position>
      <LatitudeDegrees>-33.4834100</LatitudeDegrees>
      <LongitudeDegrees>-70.9440900</LongitudeDegrees>
     </Position>
     <AltitudeMeters>470.23</AltitudeMeters>
     <DistanceMeters>16104.876168621464</DistanceMeters>
    </Trackpoint>
    <Trackpoint>
     <Time>2026-07-19T01:13:10+00:00</Time>
     <Position>
      <LatitudeDegrees>-33.4835300</LatitudeDegrees>
      <LongitudeDegrees>-70.9440900</LongitudeDegrees>
     </Position>
     <AltitudeMeters>468.59000000000003</AltitudeMeters>
     <DistanceMeters>16118.231650154647</DistanceMeters>
    </Trackpoint>
    <Trackpoint>
     <Time>2026-07-19T01:13:17+00:00</Time>
     <Position>
      <LatitudeDegrees>-33.4836200</LatitudeDegrees>
      <LongitudeDegrees>-70.9440300</LongitudeDegrees>
     </Position>
     <AltitudeMeters>468.59000000000003</AltitudeMeters>
     <DistanceMeters>16129.69254715161</DistanceMeters>
    </Trackpoint>
    <Trackpoint>
     <Time>2026-07-19T01:13:23+00:00</Time>
     <Position>
      <LatitudeDegrees>-33.4837100</LatitudeDegrees>
      <LongitudeDegrees>-70.9434600</LongitudeDegrees>
     </Position>
     <AltitudeMeters>464.22</AltitudeMeters>
     <DistanceMeters>16183.542812630109</DistanceMeters>
    </Trackpoint>
    <Trackpoint>
     <Time>2026-07-19T01:13:29+00:00</Time>
     <Position>
      <LatitudeDegrees>-33.4838200</LatitudeDegrees>
      <LongitudeDegrees>-70.9430200</LongitudeDegrees>
     </Position>
     <AltitudeMeters>460.36</AltitudeMeters>
     <DistanceMeters>16226.181299151669</DistanceMeters>
    </Trackpoint>
    <Trackpoint>
     <Time>2026-07-19T01:13:35+00:00</Time>
     <Position>
      <LatitudeDegrees>-33.4838800</LatitudeDegrees>
      <LongitudeDegrees>-70.9426900</LongitudeDegrees>
     </Position>
     <AltitudeMeters>457.72</AltitudeMeters>
     <DistanceMeters>16257.533029736187</DistanceMeters>
    </Trackpoint>
    <Trackpoint>
     <Time>2026-07-19T01:13:41+00:00</Time>
     <Position>
      <LatitudeDegrees>-33.4839500</LatitudeDegrees>
      <LongitudeDegrees>-70.9422000</LongitudeDegrees>
     </Position>
     <AltitudeMeters>454.37000000000006</AltitudeMeters>
     <DistanceMeters>16303.679728299125</DistanceMeters>
    </Trackpoint>
    <Trackpoint>
     <Time>2026-07-19T01:13:48+00:00</Time>
     <Position>
      <LatitudeDegrees>-33.4839700</LatitudeDegrees>
      <LongitudeDegrees>-70.9418000</LongitudeDegrees>
     </Position>
     <AltitudeMeters>452.86</AltitudeMeters>
     <DistanceMeters>16340.876422215977</DistanceMeters>
    </Trackpoint>
    <Trackpoint>
     <Time>2026-07-19T01:13:54+00:00</Time>
     <Position>
      <LatitudeDegrees>-33.4840000</LatitudeDegrees>
      <LongitudeDegrees>-70.9417100</LongitudeDegrees>
     </Position>
     <AltitudeMeters>452.12</AltitudeMeters>
     <DistanceMeters>16349.873178970143</DistanceMeters>
    </Trackpoint>
    <Trackpoint>
     <Time>2026-07-19T01:14:00+00:00</Time>
     <Position>
      <LatitudeDegrees>-33.4840400</LatitudeDegrees>
      <LongitudeDegrees>-70.9417100</LongitudeDegrees>
     </Position>
     <AltitudeMeters>451.63</AltitudeMeters>
     <DistanceMeters>16354.325006147606</DistanceMeters>
    </Trackpoint>
    <Trackpoint>
     <Time>2026-07-19T01:14:06+00:00</Time>
     <Position>
      <LatitudeDegrees>-33.4840900</LatitudeDegrees>
      <LongitudeDegrees>-70.9417500</LongitudeDegrees>
     </Position>
     <AltitudeMeters>451.08000000000004</AltitudeMeters>
     <DistanceMeters>16361.014787960368</DistanceMeters>
    </Trackpoint>
    <Trackpoint>
     <Time>2026-07-19T01:14:12+00:00</Time>
     <Position>
      <LatitudeDegrees>-33.4841100</LatitudeDegrees>
      <LongitudeDegrees>-70.9422500</LongitudeDegrees>
     </Position>
     <AltitudeMeters>446.12</AltitudeMeters>
     <DistanceMeters>16407.480600205734</DistanceMeters>
    </Trackpoint>
    <Trackpoint>
     <Time>2026-07-19T01:14:19+00:00</Time>
     <Position>
      <LatitudeDegrees>-33.4841800</LatitudeDegrees>
      <LongitudeDegrees>-70.9426500</LongitudeDegrees>
     </Position>
     <AltitudeMeters>442.16</AltitudeMeters>
     <DistanceMeters>16445.419082336994</DistanceMeters>
    </Trackpoint>
    <Trackpoint>
     <Time>2026-07-19T01:14:25+00:00</Time>
     <Position>
      <LatitudeDegrees>-33.4842400</LatitudeDegrees>
      <LongitudeDegrees>-70.9437200</LongitudeDegrees>
     </Position>
     <AltitudeMeters>434.74</AltitudeMeters>
     <DistanceMeters>16544.96586256202</DistanceMeters>
    </Trackpoint>
    <Trackpoint>
     <Time>2026-07-19T01:14:31+00:00</Time>
     <Position>
      <LatitudeDegrees>-33.4844000</LatitudeDegrees>
      <LongitudeDegrees>-70.9442700</LongitudeDegrees>
     </Position>
     <AltitudeMeters>429.37</AltitudeMeters>
     <DistanceMeters>16599.035896709516</DistanceMeters>
    </Trackpoint>
    <Trackpoint>
     <Time>2026-07-19T01:14:37+00:00</Time>
     <Position>
      <LatitudeDegrees>-33.4844900</LatitudeDegrees>
      <LongitudeDegrees>-70.9448900</LongitudeDegrees>
     </Position>
     <AltitudeMeters>425.88000000000005</AltitudeMeters>
     <DistanceMeters>16657.452302264002</DistanceMeters>
    </Trackpoint>
    <Trackpoint>
     <Time>2026-07-19T01:14:43+00:00</Time>
     <Position>
      <LatitudeDegrees>-33.4844700</LatitudeDegrees>
      <LongitudeDegrees>-70.9450700</LongitudeDegrees>
     </Position>
     <AltitudeMeters>424.83000000000004</AltitudeMeters>
     <DistanceMeters>16674.308334034875</DistanceMeters>
    </Trackpoint>
    <Trackpoint>
     <Time>2026-07-19T01:14:50+00:00</Time>
     <Position>
      <LatitudeDegrees>-33.4844400</LatitudeDegrees>
      <LongitudeDegrees>-70.9451600</LongitudeDegrees>
     </Position>
     <AltitudeMeters>423.51000000000005</AltitudeMeters>
     <DistanceMeters>16683.305048694445</DistanceMeters>
    </Trackpoint>
    <Trackpoint>
     <Time>2026-07-19T01:14:56+00:00</Time>
     <Position>
      <LatitudeDegrees>-33.4842700</LatitudeDegrees>
      <LongitudeDegrees>-70.9454300</LongitudeDegrees>
     </Position>
     <AltitudeMeters>421.99</AltitudeMeters>
     <DistanceMeters>16714.707489208115</DistanceMeters>
    </Trackpoint>
    <Trackpoint>
     <Time>2026-07-19T01:15:02+00:00</Time>
     <Position>
      <LatitudeDegrees>-33.4842900</LatitudeDegrees>
      <LongitudeDegrees>-70.9454700</LongitudeDegrees>
     </Position>
     <AltitudeMeters>420.22</AltitudeMeters>
     <DistanceMeters>16719.036574897757</DistanceMeters>
    </Trackpoint>
    <Trackpoint>
     <Time>2026-07-19T01:15:08+00:00</Time>
     <Position>
      <LatitudeDegrees>-33.4843300</LatitudeDegrees>
      <LongitudeDegrees>-70.9454800</LongitudeDegrees>
     </Position>
     <AltitudeMeters>420.22</AltitudeMeters>
     <DistanceMeters>16723.584146540623</DistanceMeters>
    </Trackpoint>
    <Trackpoint>
     <Time>2026-07-19T01:15:14+00:00</Time>
     <Position>
      <LatitudeDegrees>-33.4844400</LatitudeDegrees>
      <LongitudeDegrees>-70.9454200</LongitudeDegrees>
     </Position>
     <AltitudeMeters>419.81</AltitudeMeters>
     <DistanceMeters>16737.033997575716</DistanceMeters>
    </Trackpoint>
    <Trackpoint>
     <Time>2026-07-19T01:15:21+00:00</Time>
     <Position>
      <LatitudeDegrees>-33.4845300</LatitudeDegrees>
      <LongitudeDegrees>-70.9452900</LongitudeDegrees>
     </Position>
     <AltitudeMeters>418.04</AltitudeMeters>
     <DistanceMeters>16752.71677522324</DistanceMeters>
    </Trackpoint>
    <Trackpoint>
     <Time>2026-07-19T01:15:27+00:00</Time>
     <Position>
      <LatitudeDegrees>-33.4845800</LatitudeDegrees>
      <LongitudeDegrees>-70.9452000</LongitudeDegrees>
     </Position>
     <AltitudeMeters>418.04</AltitudeMeters>
     <DistanceMeters>16762.75467733125</DistanceMeters>
    </Trackpoint>
    <Trackpoint>
     <Time>2026-07-19T01:15:33+00:00</Time>
     <Position>
      <LatitudeDegrees>-33.4846500</LatitudeDegrees>
      <LongitudeDegrees>-70.9449400</LongitudeDegrees>
     </Position>
     <AltitudeMeters>418.04</AltitudeMeters>
     <DistanceMeters>16788.11530199213</DistanceMeters>
    </Trackpoint>
    <Trackpoint>
     <Time>2026-07-19T01:15:39+00:00</Time>
     <Position>
      <LatitudeDegrees>-33.4846700</LatitudeDegrees>
      <LongitudeDegrees>-70.9442600</LongitudeDegrees>
     </Position>
     <AltitudeMeters>412.35</AltitudeMeters>
     <DistanceMeters>16851.27508354596</DistanceMeters>
    </Trackpoint>
    <Trackpoint>
     <Time>2026-07-19T01:15:45+00:00</Time>
     <Position>
      <LatitudeDegrees>-33.4847800</LatitudeDegrees>
      <LongitudeDegrees>-70.9437700</LongitudeDegrees>
     </Position>
     <AltitudeMeters>410.74000000000007</AltitudeMeters>
     <DistanceMeters>16898.3777749595</DistanceMeters>
    </Trackpoint>
    <Trackpoint>
     <Time>2026-07-19T01:15:52+00:00</Time>
     <Position>
      <LatitudeDegrees>-33.4848300</LatitudeDegrees>
      <LongitudeDegrees>-70.9434600</LongitudeDegrees>
     </Position>
     <AltitudeMeters>410.0</AltitudeMeters>
     <DistanceMeters>16927.686407173536</DistanceMeters>
    </Trackpoint>
    <Trackpoint>
     <Time>2026-07-19T01:15:58+00:00</Time>
     <Position>
      <LatitudeDegrees>-33.4848700</LatitudeDegrees>
      <LongitudeDegrees>-70.9434200</LongitudeDegrees>
     </Position>
     <AltitudeMeters>409.76</AltitudeMeters>
     <DistanceMeters>16933.48337839758</DistanceMeters>
    </Trackpoint>
    <Trackpoint>
     <Time>2026-07-19T01:16:04+00:00</Time>
     <Position>
      <LatitudeDegrees>-33.4849300</LatitudeDegrees>
      <LongitudeDegrees>-70.9434300</LongitudeDegrees>
     </Position>
     <AltitudeMeters>409.47</AltitudeMeters>
     <DistanceMeters>16940.22532564163</DistanceMeters>
    </Trackpoint>
    <Trackpoint>
     <Time>2026-07-19T01:16:10+00:00</Time>
     <Position>
      <LatitudeDegrees>-33.4849600</LatitudeDegrees>
      <LongitudeDegrees>-70.9435400</LongitudeDegrees>
     </Position>
     <AltitudeMeters>408.75000000000006</AltitudeMeters>
     <DistanceMeters>16950.96801081645</DistanceMeters>
    </Trackpoint>
    <Trackpoint>
     <Time>2026-07-19T01:16:16+00:00</Time>
     <Position>
      <LatitudeDegrees>-33.4849600</LatitudeDegrees>
      <LongitudeDegrees>-70.9435500</LongitudeDegrees>
     </Position>
     <AltitudeMeters>407.44</AltitudeMeters>
     <DistanceMeters>16950.96801081645</DistanceMeters>
    </Trackpoint>
    <Trackpoint>
     <Time>2026-07-19T01:16:23+00:00</Time>
     <Position>
      <LatitudeDegrees>-33.4849400</LatitudeDegrees>
      <LongitudeDegrees>-70.9439500</LongitudeDegrees>
     </Position>
     <AltitudeMeters>403.17</AltitudeMeters>
     <DistanceMeters>16988.16428110666</DistanceMeters>
    </Trackpoint>
    <Trackpoint>
     <Time>2026-07-19T01:16:29+00:00</Time>
     <Position>
      <LatitudeDegrees>-33.4850050</LatitudeDegrees>
      <LongitudeDegrees>-70.9446000</LongitudeDegrees>
     </Position>
     <AltitudeMeters>395.53000000000003</AltitudeMeters>
     <DistanceMeters>17048.93201128693</DistanceMeters>
    </Trackpoint>
    <Trackpoint>
     <Time>2026-07-19T01:16:35+00:00</Time>
     <Position>
      <LatitudeDegrees>-33.4850700</LatitudeDegrees>
      <LongitudeDegrees>-70.9452500</LongitudeDegrees>
     </Position>
     <AltitudeMeters>392.96000000000004</AltitudeMeters>
     <DistanceMeters>17109.69971808664</DistanceMeters>
    </Trackpoint>
    <Trackpoint>
     <Time>2026-07-19T01:16:41+00:00</Time>
     <Position>
      <LatitudeDegrees>-33.4850500</LatitudeDegrees>
      <LongitudeDegrees>-70.9455200</LongitudeDegrees>
     </Position>
     <AltitudeMeters>385.92</AltitudeMeters>
     <DistanceMeters>17134.86082476744</DistanceMeters>
    </Trackpoint>
    <Trackpoint>
     <Time>2026-07-19T01:16:47+00:00</Time>
     <Position>
      <LatitudeDegrees>-33.4848900</LatitudeDegrees>
      <LongitudeDegrees>-70.9461900</LongitudeDegrees>
     </Position>
     <AltitudeMeters>382.16</AltitudeMeters>
     <DistanceMeters>17199.55205335746</DistanceMeters>
    </Trackpoint>
    <Trackpoint>
     <Time>2026-07-19T01:16:54+00:00</Time>
     <Position>
      <LatitudeDegrees>-33.4848000</LatitudeDegrees>
      <LongitudeDegrees>-70.9464100</LongitudeDegrees>
     </Position>
     <AltitudeMeters>381.25</AltitudeMeters>
     <DistanceMeters>17222.297654674396</DistanceMeters>
    </Trackpoint>
    <Trackpoint>
     <Time>2026-07-19T01:17:00+00:00</Time>
     <Position>
      <LatitudeDegrees>-33.4847100</LatitudeDegrees>
      <LongitudeDegrees>-70.9464900</LongitudeDegrees>
     </Position>
     <AltitudeMeters>380.43000000000006</AltitudeMeters>
     <DistanceMeters>17234.76669876478</DistanceMeters>
    </Trackpoint>
    <Trackpoint>
     <Time>2026-07-19T01:17:06+00:00</Time>
     <Position>
      <LatitudeDegrees>-33.4845600</LatitudeDegrees>
      <LongitudeDegrees>-70.9465400</LongitudeDegrees>
     </Position>
     <AltitudeMeters>379.18</AltitudeMeters>
     <DistanceMeters>17252.09419973689</DistanceMeters>
    </Trackpoint>
    <Trackpoint>
     <Time>2026-07-19T01:17:12+00:00</Time>
     <Position>
      <LatitudeDegrees>-33.4845100</LatitudeDegrees>
      <LongitudeDegrees>-70.9465900</LongitudeDegrees>
     </Position>
     <AltitudeMeters>379.18</AltitudeMeters>
     <DistanceMeters>17259.340424578575</DistanceMeters>
    </Trackpoint>
    <Trackpoint>
     <Time>2026-07-19T01:17:18+00:00</Time>
     <Position>
      <LatitudeDegrees>-33.4844700</LatitudeDegrees>
      <LongitudeDegrees>-70.9466400</LongitudeDegrees>
     </Position>
     <AltitudeMeters>378.90000000000003</AltitudeMeters>
     <DistanceMeters>17265.771578549633</DistanceMeters>
    </Trackpoint>
    <Trackpoint>
     <Time>2026-07-19T01:17:25+00:00</Time>
     <Position>
      <LatitudeDegrees>-33.4845100</LatitudeDegrees>
      <LongitudeDegrees>-70.9467200</LongitudeDegrees>
     </Position>
     <AltitudeMeters>377.71000000000004</AltitudeMeters>
     <DistanceMeters>17274.42973448694</DistanceMeters>
    </Trackpoint>
    <Trackpoint>
     <Time>2026-07-19T01:17:31+00:00</Time>
     <Position>
      <LatitudeDegrees>-33.4845600</LatitudeDegrees>
      <LongitudeDegrees>-70.9467200</LongitudeDegrees>
     </Position>
     <AltitudeMeters>377.71000000000004</AltitudeMeters>
     <DistanceMeters>17279.994518459167</DistanceMeters>
    </Trackpoint>
    <Trackpoint>
     <Time>2026-07-19T01:17:37+00:00</Time>
     <Position>
      <LatitudeDegrees>-33.4847400</LatitudeDegrees>
      <LongitudeDegrees>-70.9466400</LongitudeDegrees>
     </Position>
     <AltitudeMeters>376.69</AltitudeMeters>
     <DistanceMeters>17301.359786793088</DistanceMeters>
    </Trackpoint>
    <Trackpoint>
     <Time>2026-07-19T01:17:43+00:00</Time>
     <Position>
      <LatitudeDegrees>-33.4849800</LatitudeDegrees>
      <LongitudeDegrees>-70.9464100</LongitudeDegrees>
     </Position>
     <AltitudeMeters>375.41</AltitudeMeters>
     <DistanceMeters>17335.554504362663</DistanceMeters>
    </Trackpoint>
    <Trackpoint>
     <Time>2026-07-19T01:17:49+00:00</Time>
     <Position>
      <LatitudeDegrees>-33.4850300</LatitudeDegrees>
      <LongitudeDegrees>-70.9464000</LongitudeDegrees>
     </Position>
     <AltitudeMeters>374.92</AltitudeMeters>
     <DistanceMeters>17341.19617516629</DistanceMeters>
    </Trackpoint>
    <Trackpoint>
     <Time>2026-07-19T01:17:55+00:00</Time>
     <Position>
      <LatitudeDegrees>-33.4850500</LatitudeDegrees>
      <LongitudeDegrees>-70.9464900</LongitudeDegrees>
     </Position>
     <AltitudeMeters>374.36</AltitudeMeters>
     <DistanceMeters>17349.84178490586</DistanceMeters>
    </Trackpoint>
    <Trackpoint>
     <Time>2026-07-19T01:18:02+00:00</Time>
     <Position>
      <LatitudeDegrees>-33.4849800</LatitudeDegrees>
      <LongitudeDegrees>-70.9465900</LongitudeDegrees>
     </Position>
     <AltitudeMeters>373.1</AltitudeMeters>
     <DistanceMeters>17361.960276093178</DistanceMeters>
    </Trackpoint>
    <Trackpoint>
     <Time>2026-07-19T01:18:08+00:00</Time>
     <Position>
      <LatitudeDegrees>-33.4848300</LatitudeDegrees>
      <LongitudeDegrees>-70.9467800</LongitudeDegrees>
     </Position>
     <AltitudeMeters>372.49</AltitudeMeters>
     <DistanceMeters>17386.245047067026</DistanceMeters>
    </Trackpoint>
    <Trackpoint>
     <Time>2026-07-19T01:18:14+00:00</Time>
     <Position>
      <LatitudeDegrees>-33.4846500</LatitudeDegrees>
      <LongitudeDegrees>-70.9469000</LongitudeDegrees>
     </Position>
     <AltitudeMeters>371.02</AltitudeMeters>
     <DistanceMeters>17409.166768255363</DistanceMeters>
    </Trackpoint>
    <Trackpoint>
     <Time>2026-07-19T01:18:20+00:00</Time>
     <Position>
      <LatitudeDegrees>-33.4843300</LatitudeDegrees>
      <LongitudeDegrees>-70.9469900</LongitudeDegrees>
     </Position>
     <AltitudeMeters>369.79</AltitudeMeters>
     <DistanceMeters>17445.748098697117</DistanceMeters>
    </Trackpoint>
    <Trackpoint>
     <Time>2026-07-19T01:18:26+00:00</Time>
     <Position>
      <LatitudeDegrees>-33.4842900</LatitudeDegrees>
      <LongitudeDegrees>-70.9470400</LongitudeDegrees>
     </Position>
     <AltitudeMeters>369.14000000000004</AltitudeMeters>
     <DistanceMeters>17452.179259628876</DistanceMeters>
    </Trackpoint>
    <Trackpoint>
     <Time>2026-07-19T01:18:33+00:00</Time>
     <Position>
      <LatitudeDegrees>-33.4842700</LatitudeDegrees>
      <LongitudeDegrees>-70.9470800</LongitudeDegrees>
     </Position>
     <AltitudeMeters>369.14000000000004</AltitudeMeters>
     <DistanceMeters>17456.508345318518</DistanceMeters>
    </Trackpoint>
    <Trackpoint>
     <Time>2026-07-19T01:18:39+00:00</Time>
     <Position>
      <LatitudeDegrees>-33.4843100</LatitudeDegrees>
      <LongitudeDegrees>-70.9471700</LongitudeDegrees>
     </Position>
     <AltitudeMeters>369.14000000000004</AltitudeMeters>
     <DistanceMeters>17465.974698911752</DistanceMeters>
    </Trackpoint>
    <Trackpoint>
     <Time>2026-07-19T01:18:45+00:00</Time>
     <Position>
      <LatitudeDegrees>-33.4843800</LatitudeDegrees>
      <LongitudeDegrees>-70.9472100</LongitudeDegrees>
     </Position>
     <AltitudeMeters>369.14000000000004</AltitudeMeters>
     <DistanceMeters>17474.604950322246</DistanceMeters>
    </Trackpoint>
    <Trackpoint>
     <Time>2026-07-19T01:18:51+00:00</Time>
     <Position>
      <LatitudeDegrees>-33.4847500</LatitudeDegrees>
      <LongitudeDegrees>-70.9471600</LongitudeDegrees>
     </Position>
     <AltitudeMeters>367.08</AltitudeMeters>
     <DistanceMeters>17516.045076263243</DistanceMeters>
    </Trackpoint>
    <Trackpoint>
     <Time>2026-07-19T01:18:57+00:00</Time>
     <Position>
      <LatitudeDegrees>-33.4850700</LatitudeDegrees>
      <LongitudeDegrees>-70.9472600</LongitudeDegrees>
     </Position>
     <AltitudeMeters>364.32000000000005</AltitudeMeters>
     <DistanceMeters>17552.849478759228</DistanceMeters>
    </Trackpoint>
    <Trackpoint>
     <Time>2026-07-19T01:19:04+00:00</Time>
     <Position>
      <LatitudeDegrees>-33.4851800</LatitudeDegrees>
      <LongitudeDegrees>-70.9473500</LongitudeDegrees>
     </Position>
     <AltitudeMeters>363.75</AltitudeMeters>
     <DistanceMeters>17567.67078610548</DistanceMeters>
    </Trackpoint>
    <Trackpoint>
     <Time>2026-07-19T01:19:10+00:00</Time>
     <Position>
      <LatitudeDegrees>-33.4853767</LatitudeDegrees>
      <LongitudeDegrees>-70.9480367</LongitudeDegrees>
     </Position>
     <AltitudeMeters>357.29</AltitudeMeters>
     <DistanceMeters>17635.06309241673</DistanceMeters>
    </Trackpoint>
    <Trackpoint>
     <Time>2026-07-19T01:19:16+00:00</Time>
     <Position>
      <LatitudeDegrees>-33.4855733</LatitudeDegrees>
      <LongitudeDegrees>-70.9487233</LongitudeDegrees>
     </Position>
     <AltitudeMeters>354.57000000000005</AltitudeMeters>
     <DistanceMeters>17702.455398728143</DistanceMeters>
    </Trackpoint>
    <Trackpoint>
     <Time>2026-07-19T01:19:22+00:00</Time>
     <Position>
      <LatitudeDegrees>-33.4857700</LatitudeDegrees>
      <LongitudeDegrees>-70.9494100</LongitudeDegrees>
     </Position>
     <AltitudeMeters>346.76</AltitudeMeters>
     <DistanceMeters>17769.84769644882</DistanceMeters>
    </Trackpoint>
    <Trackpoint>
     <Time>2026-07-19T01:19:28+00:00</Time>
     <Position>
      <LatitudeDegrees>-33.4859800</LatitudeDegrees>
      <LongitudeDegrees>-70.9501250</LongitudeDegrees>
     </Position>
     <AltitudeMeters>341.13000000000005</AltitudeMeters>
     <DistanceMeters>17840.211158906204</DistanceMeters>
    </Trackpoint>
    <Trackpoint>
     <Time>2026-07-19T01:19:35+00:00</Time>
     <Position>
      <LatitudeDegrees>-33.4861900</LatitudeDegrees>
      <LongitudeDegrees>-70.9508400</LongitudeDegrees>
     </Position>
     <AltitudeMeters>334.97</AltitudeMeters>
     <DistanceMeters>17910.574628949187</DistanceMeters>
    </Trackpoint>
    <Trackpoint>
     <Time>2026-07-19T01:19:41+00:00</Time>
     <Position>
      <LatitudeDegrees>-33.4862400</LatitudeDegrees>
      <LongitudeDegrees>-70.9510700</LongitudeDegrees>
     </Position>
     <AltitudeMeters>331.76000000000005</AltitudeMeters>
     <DistanceMeters>17932.6371700775</DistanceMeters>
    </Trackpoint>
    <Trackpoint>
     <Time>2026-07-19T01:19:47+00:00</Time>
     <Position>
      <LatitudeDegrees>-33.4863700</LatitudeDegrees>
      <LongitudeDegrees>-70.9519100</LongitudeDegrees>
     </Position>
     <AltitudeMeters>326.48</AltitudeMeters>
     <DistanceMeters>18011.939162636165</DistanceMeters>
    </Trackpoint>
    <Trackpoint>
     <Time>2026-07-19T01:19:53+00:00</Time>
     <Position>
      <LatitudeDegrees>-33.4865550</LatitudeDegrees>
      <LongitudeDegrees>-70.9527750</LongitudeDegrees>
     </Position>
     <AltitudeMeters>321.35</AltitudeMeters>
     <DistanceMeters>18094.8282441851</DistanceMeters>
    </Trackpoint>
    <Trackpoint>
     <Time>2026-07-19T01:19:59+00:00</Time>
     <Position>
      <LatitudeDegrees>-33.4867400</LatitudeDegrees>
      <LongitudeDegrees>-70.9536400</LongitudeDegrees>
     </Position>
     <AltitudeMeters>315.49000000000007</AltitudeMeters>
     <DistanceMeters>18177.71732573264</DistanceMeters>
    </Trackpoint>
    <Trackpoint>
     <Time>2026-07-19T01:20:06+00:00</Time>
     <Position>
      <LatitudeDegrees>-33.4869250</LatitudeDegrees>
      <LongitudeDegrees>-70.9545050</LongitudeDegrees>
     </Position>
     <AltitudeMeters>310.31</AltitudeMeters>
     <DistanceMeters>18260.606407280826</DistanceMeters>
    </Trackpoint>
    <Trackpoint>
     <Time>2026-07-19T01:20:12+00:00</Time>
     <Position>
      <LatitudeDegrees>-33.4871100</LatitudeDegrees>
      <LongitudeDegrees>-70.9553700</LongitudeDegrees>
     </Position>
     <AltitudeMeters>304.14000000000004</AltitudeMeters>
     <DistanceMeters>18343.49548263555</DistanceMeters>
    </Trackpoint>
    <Trackpoint>
     <Time>2026-07-19T01:20:18+00:00</Time>
     <Position>
      <LatitudeDegrees>-33.4872000</LatitudeDegrees>
      <LongitudeDegrees>-70.9559250</LongitudeDegrees>
     </Position>
     <AltitudeMeters>301.1</AltitudeMeters>
     <DistanceMeters>18395.976247785045</DistanceMeters>
    </Trackpoint>
    <Trackpoint>
     <Time>2026-07-19T01:20:24+00:00</Time>
     <Position>
      <LatitudeDegrees>-33.4872900</LatitudeDegrees>
      <LongitudeDegrees>-70.9564800</LongitudeDegrees>
     </Position>
     <AltitudeMeters>298.95000000000005</AltitudeMeters>
     <DistanceMeters>18448.457001134764</DistanceMeters>
    </Trackpoint>
    <Trackpoint>
     <Time>2026-07-19T01:20:30+00:00</Time>
     <Position>
      <LatitudeDegrees>-33.4874200</LatitudeDegrees>
      <LongitudeDegrees>-70.9574200</LongitudeDegrees>
     </Position>
     <AltitudeMeters>292.67</AltitudeMeters>
     <DistanceMeters>18536.90062529416</DistanceMeters>
    </Trackpoint>
    <Trackpoint>
     <Time>2026-07-19T01:20:37+00:00</Time>
     <Position>
      <LatitudeDegrees>-33.4874567</LatitudeDegrees>
      <LongitudeDegrees>-70.9583300</LongitudeDegrees>
     </Position>
     <AltitudeMeters>289.65000000000003</AltitudeMeters>
     <DistanceMeters>18621.466543626346</DistanceMeters>
    </Trackpoint>
    <Trackpoint>
     <Time>2026-07-19T01:20:43+00:00</Time>
     <Position>
      <LatitudeDegrees>-33.4874933</LatitudeDegrees>
      <LongitudeDegrees>-70.9592400</LongitudeDegrees>
     </Position>
     <AltitudeMeters>284.59000000000003</AltitudeMeters>
     <DistanceMeters>18706.032461959803</DistanceMeters>
    </Trackpoint>
    <Trackpoint>
     <Time>2026-07-19T01:20:49+00:00</Time>
     <Position>
      <LatitudeDegrees>-33.4875300</LatitudeDegrees>
      <LongitudeDegrees>-70.9601500</LongitudeDegrees>
     </Position>
     <AltitudeMeters>280.66</AltitudeMeters>
     <DistanceMeters>18790.59837788951</DistanceMeters>
    </Trackpoint>
    <Trackpoint>
     <Time>2026-07-19T01:20:55+00:00</Time>
     <Position>
      <LatitudeDegrees>-33.4875450</LatitudeDegrees>
      <LongitudeDegrees>-70.9609850</LongitudeDegrees>
     </Position>
     <AltitudeMeters>277.1</AltitudeMeters>
     <DistanceMeters>18868.122089608558</DistanceMeters>
    </Trackpoint>
    <Trackpoint>
     <Time>2026-07-19T01:21:01+00:00</Time>
     <Position>
      <LatitudeDegrees>-33.4875600</LatitudeDegrees>
      <LongitudeDegrees>-70.9618200</LongitudeDegrees>
     </Position>
     <AltitudeMeters>273.0</AltitudeMeters>
     <DistanceMeters>18945.645803759668</DistanceMeters>
    </Trackpoint>
    <Trackpoint>
     <Time>2026-07-19T01:21:08+00:00</Time>
     <Position>
      <LatitudeDegrees>-33.4875255</LatitudeDegrees>
      <LongitudeDegrees>-70.9628718</LongitudeDegrees>
     </Position>
     <AltitudeMeters>268.35</AltitudeMeters>
     <DistanceMeters>19043.352743629905</DistanceMeters>
    </Trackpoint>
    <Trackpoint>
     <Time>2026-07-19T01:21:14+00:00</Time>
     <Position>
      <LatitudeDegrees>-33.4874910</LatitudeDegrees>
      <LongitudeDegrees>-70.9639236</LongitudeDegrees>
     </Position>
     <AltitudeMeters>264.45</AltitudeMeters>
     <DistanceMeters>19141.05968349702</DistanceMeters>
    </Trackpoint>
    <Trackpoint>
     <Time>2026-07-19T01:21:20+00:00</Time>
     <Position>
      <LatitudeDegrees>-33.4874565</LatitudeDegrees>
      <LongitudeDegrees>-70.9649755</LongitudeDegrees>
     </Position>
     <AltitudeMeters>261.21</AltitudeMeters>
     <DistanceMeters>19238.766623367796</DistanceMeters>
    </Trackpoint>
    <Trackpoint>
     <Time>2026-07-19T01:21:26+00:00</Time>
     <Position>
      <LatitudeDegrees>-33.4874219</LatitudeDegrees>
      <LongitudeDegrees>-70.9660273</LongitudeDegrees>
     </Position>
     <AltitudeMeters>258.62</AltitudeMeters>
     <DistanceMeters>19336.47356323553</DistanceMeters>
    </Trackpoint>
    <Trackpoint>
     <Time>2026-07-19T01:21:32+00:00</Time>
     <Position>
      <LatitudeDegrees>-33.4873874</LatitudeDegrees>
      <LongitudeDegrees>-70.9670791</LongitudeDegrees>
     </Position>
     <AltitudeMeters>256.83</AltitudeMeters>
     <DistanceMeters>19434.180503104435</DistanceMeters>
    </Trackpoint>
    <Trackpoint>
     <Time>2026-07-19T01:21:39+00:00</Time>
     <Position>
      <LatitudeDegrees>-33.4873529</LatitudeDegrees>
      <LongitudeDegrees>-70.9681309</LongitudeDegrees>
     </Position>
     <AltitudeMeters>255.1</AltitudeMeters>
     <DistanceMeters>19531.887442973202</DistanceMeters>
    </Trackpoint>
    <Trackpoint>
     <Time>2026-07-19T01:21:45+00:00</Time>
     <Position>
      <LatitudeDegrees>-33.4873183</LatitudeDegrees>
      <LongitudeDegrees>-70.9691827</LongitudeDegrees>
     </Position>
     <AltitudeMeters>252.82000000000005</AltitudeMeters>
     <DistanceMeters>19629.594382841868</DistanceMeters>
    </Trackpoint>
    <Trackpoint>
     <Time>2026-07-19T01:21:51+00:00</Time>
     <Position>
      <LatitudeDegrees>-33.4872837</LatitudeDegrees>
      <LongitudeDegrees>-70.9702346</LongitudeDegrees>
     </Position>
     <AltitudeMeters>247.76</AltitudeMeters>
     <DistanceMeters>19727.301322710635</DistanceMeters>
    </Trackpoint>
    <Trackpoint>
     <Time>2026-07-19T01:21:57+00:00</Time>
     <Position>
      <LatitudeDegrees>-33.4872492</LatitudeDegrees>
      <LongitudeDegrees>-70.9712864</LongitudeDegrees>
     </Position>
     <AltitudeMeters>244.95000000000002</AltitudeMeters>
     <DistanceMeters>19825.00826257947</DistanceMeters>
    </Trackpoint>
    <Trackpoint>
     <Time>2026-07-19T01:22:03+00:00</Time>
     <Position>
      <LatitudeDegrees>-33.4872146</LatitudeDegrees>
      <LongitudeDegrees>-70.9723382</LongitudeDegrees>
     </Position>
     <AltitudeMeters>242.23000000000002</AltitudeMeters>
     <DistanceMeters>19922.71520244852</DistanceMeters>
    </Trackpoint>
    <Trackpoint>
     <Time>2026-07-19T01:22:10+00:00</Time>
     <Position>
      <LatitudeDegrees>-33.4871800</LatitudeDegrees>
      <LongitudeDegrees>-70.9733900</LongitudeDegrees>
     </Position>
     <AltitudeMeters>240.8</AltitudeMeters>
     <DistanceMeters>20020.4221457883</DistanceMeters>
    </Trackpoint>
    <Trackpoint>
     <Time>2026-07-19T01:22:16+00:00</Time>
     <Position>
      <LatitudeDegrees>-33.4871350</LatitudeDegrees>
      <LongitudeDegrees>-70.9744167</LongitudeDegrees>
     </Position>
     <AltitudeMeters>236.89000000000001</AltitudeMeters>
     <DistanceMeters>20115.85068277635</DistanceMeters>
    </Trackpoint>
    <Trackpoint>
     <Time>2026-07-19T01:22:22+00:00</Time>
     <Position>
      <LatitudeDegrees>-33.4870900</LatitudeDegrees>
      <LongitudeDegrees>-70.9754433</LongitudeDegrees>
     </Position>
     <AltitudeMeters>234.34</AltitudeMeters>
     <DistanceMeters>20211.27921976279</DistanceMeters>
    </Trackpoint>
    <Trackpoint>
     <Time>2026-07-19T01:22:28+00:00</Time>
     <Position>
      <LatitudeDegrees>-33.4870450</LatitudeDegrees>
      <LongitudeDegrees>-70.9764700</LongitudeDegrees>
     </Position>
     <AltitudeMeters>232.69</AltitudeMeters>
     <DistanceMeters>20306.707756751355</DistanceMeters>
    </Trackpoint>
    <Trackpoint>
     <Time>2026-07-19T01:22:34+00:00</Time>
     <Position>
      <LatitudeDegrees>-33.4870000</LatitudeDegrees>
      <LongitudeDegrees>-70.9774967</LongitudeDegrees>
     </Position>
     <AltitudeMeters>230.41000000000003</AltitudeMeters>
     <DistanceMeters>20402.136293738036</DistanceMeters>
    </Trackpoint>
    <Trackpoint>
     <Time>2026-07-19T01:22:41+00:00</Time>
     <Position>
      <LatitudeDegrees>-33.4869550</LatitudeDegrees>
      <LongitudeDegrees>-70.9785233</LongitudeDegrees>
     </Position>
     <AltitudeMeters>229.19000000000003</AltitudeMeters>
     <DistanceMeters>20497.564830725412</DistanceMeters>
    </Trackpoint>
    <Trackpoint>
     <Time>2026-07-19T01:22:47+00:00</Time>
     <Position>
      <LatitudeDegrees>-33.4869100</LatitudeDegrees>
      <LongitudeDegrees>-70.9795500</LongitudeDegrees>
     </Position>
     <AltitudeMeters>226.26000000000002</AltitudeMeters>
     <DistanceMeters>20592.993372099958</DistanceMeters>
    </Trackpoint>
    <Trackpoint>
     <Time>2026-07-19T01:22:53+00:00</Time>
     <Position>
      <LatitudeDegrees>-33.4868275</LatitudeDegrees>
      <LongitudeDegrees>-70.9804000</LongitudeDegrees>
     </Position>
     <AltitudeMeters>224.15</AltitudeMeters>
     <DistanceMeters>20672.424636857533</DistanceMeters>
    </Trackpoint>
    <Trackpoint>
     <Time>2026-07-19T01:22:59+00:00</Time>
     <Position>
      <LatitudeDegrees>-33.4867450</LatitudeDegrees>
      <LongitudeDegrees>-70.9812500</LongitudeDegrees>
     </Position>
     <AltitudeMeters>222.93</AltitudeMeters>
     <DistanceMeters>20751.855901614264</DistanceMeters>
    </Trackpoint>
    <Trackpoint>
     <Time>2026-07-19T01:23:05+00:00</Time>
     <Position>
      <LatitudeDegrees>-33.4866625</LatitudeDegrees>
      <LongitudeDegrees>-70.9821000</LongitudeDegrees>
     </Position>
     <AltitudeMeters>221.91000000000003</AltitudeMeters>
     <DistanceMeters>20831.28716637178</DistanceMeters>
    </Trackpoint>
    <Trackpoint>
     <Time>2026-07-19T01:23:12+00:00</Time>
     <Position>
      <LatitudeDegrees>-33.4865800</LatitudeDegrees>
      <LongitudeDegrees>-70.9829500</LongitudeDegrees>
     </Position>
     <AltitudeMeters>219.3</AltitudeMeters>
     <DistanceMeters>20910.718413740866</DistanceMeters>
    </Trackpoint>
    <Trackpoint>
     <Time>2026-07-19T01:23:18+00:00</Time>
     <Position>
      <LatitudeDegrees>-33.4864875</LatitudeDegrees>
      <LongitudeDegrees>-70.9838000</LongitudeDegrees>
     </Position>
     <AltitudeMeters>217.79000000000002</AltitudeMeters>
     <DistanceMeters>20990.28632877785</DistanceMeters>
    </Trackpoint>
    <Trackpoint>
     <Time>2026-07-19T01:23:24+00:00</Time>
     <Position>
      <LatitudeDegrees>-33.4863950</LatitudeDegrees>
      <LongitudeDegrees>-70.9846500</LongitudeDegrees>
     </Position>
     <AltitudeMeters>216.58</AltitudeMeters>
     <DistanceMeters>21069.854243815054</DistanceMeters>
    </Trackpoint>
    <Trackpoint>
     <Time>2026-07-19T01:23:30+00:00</Time>
     <Position>
      <LatitudeDegrees>-33.4863025</LatitudeDegrees>
      <LongitudeDegrees>-70.9855000</LongitudeDegrees>
     </Position>
     <AltitudeMeters>214.94000000000003</AltitudeMeters>
     <DistanceMeters>21149.422158851627</DistanceMeters>
    </Trackpoint>
    <Trackpoint>
     <Time>2026-07-19T01:23:36+00:00</Time>
     <Position>
      <LatitudeDegrees>-33.4862100</LatitudeDegrees>
      <LongitudeDegrees>-70.9863500</LongitudeDegrees>
     </Position>
     <AltitudeMeters>213.75000000000003</AltitudeMeters>
     <DistanceMeters>21228.990051628367</DistanceMeters>
    </Trackpoint>
    <Trackpoint>
     <Time>2026-07-19T01:23:42+00:00</Time>
     <Position>
      <LatitudeDegrees>-33.4861050</LatitudeDegrees>
      <LongitudeDegrees>-70.9869950</LongitudeDegrees>
     </Position>
     <AltitudeMeters>212.36</AltitudeMeters>
     <DistanceMeters>21289.99057405551</DistanceMeters>
    </Trackpoint>
    <Trackpoint>
     <Time>2026-07-19T01:23:49+00:00</Time>
     <Position>
      <LatitudeDegrees>-33.4860000</LatitudeDegrees>
      <LongitudeDegrees>-70.9876400</LongitudeDegrees>
     </Position>
     <AltitudeMeters>211.64000000000001</AltitudeMeters>
     <DistanceMeters>21350.991098311533</DistanceMeters>
    </Trackpoint>
    <Trackpoint>
     <Time>2026-07-19T01:23:55+00:00</Time>
     <Position>
      <LatitudeDegrees>-33.4859200</LatitudeDegrees>
      <LongitudeDegrees>-70.9885767</LongitudeDegrees>
     </Position>
     <AltitudeMeters>210.36</AltitudeMeters>
     <DistanceMeters>21438.3900287158</DistanceMeters>
    </Trackpoint>
    <Trackpoint>
     <Time>2026-07-19T01:24:01+00:00</Time>
     <Position>
      <LatitudeDegrees>-33.4858400</LatitudeDegrees>
      <LongitudeDegrees>-70.9895133</LongitudeDegrees>
     </Position>
     <AltitudeMeters>208.44</AltitudeMeters>
     <DistanceMeters>21525.788959118967</DistanceMeters>
    </Trackpoint>
    <Trackpoint>
     <Time>2026-07-19T01:24:07+00:00</Time>
     <Position>
      <LatitudeDegrees>-33.4857600</LatitudeDegrees>
      <LongitudeDegrees>-70.9904500</LongitudeDegrees>
     </Position>
     <AltitudeMeters>207.36</AltitudeMeters>
     <DistanceMeters>21613.1879187632</DistanceMeters>
    </Trackpoint>
    <Trackpoint>
     <Time>2026-07-19T01:24:13+00:00</Time>
     <Position>
      <LatitudeDegrees>-33.4856550</LatitudeDegrees>
      <LongitudeDegrees>-70.9914550</LongitudeDegrees>
     </Position>
     <AltitudeMeters>206.35</AltitudeMeters>
     <DistanceMeters>21707.204394509525</DistanceMeters>
    </Trackpoint>
    <Trackpoint>
     <Time>2026-07-19T01:24:20+00:00</Time>
     <Position>
      <LatitudeDegrees>-33.4855500</LatitudeDegrees>
      <LongitudeDegrees>-70.9924600</LongitudeDegrees>
     </Position>
     <AltitudeMeters>205.47</AltitudeMeters>
     <DistanceMeters>21801.220887726253</DistanceMeters>
    </Trackpoint>
    <Trackpoint>
     <Time>2026-07-19T01:24:26+00:00</Time>
     <Position>
      <LatitudeDegrees>-33.4862333</LatitudeDegrees>
      <LongitudeDegrees>-70.9930533</LongitudeDegrees>
     </Position>
     <AltitudeMeters>204.27</AltitudeMeters>
     <DistanceMeters>21895.12041383041</DistanceMeters>
    </Trackpoint>
    <Trackpoint>
     <Time>2026-07-19T01:24:32+00:00</Time>
     <Position>
      <LatitudeDegrees>-33.4869167</LatitudeDegrees>
      <LongitudeDegrees>-70.9936467</LongitudeDegrees>
     </Position>
     <AltitudeMeters>203.53</AltitudeMeters>
     <DistanceMeters>21989.019939936068</DistanceMeters>
    </Trackpoint>
    <Trackpoint>
     <Time>2026-07-19T01:24:38+00:00</Time>
     <Position>
      <LatitudeDegrees>-33.4876000</LatitudeDegrees>
      <LongitudeDegrees>-70.9942400</LongitudeDegrees>
     </Position>
     <AltitudeMeters>203.07000000000002</AltitudeMeters>
     <DistanceMeters>22082.919454869752</DistanceMeters>
    </Trackpoint>
    <Trackpoint>
     <Time>2026-07-19T01:24:44+00:00</Time>
     <Position>
      <LatitudeDegrees>-33.4878500</LatitudeDegrees>
      <LongitudeDegrees>-70.9944900</LongitudeDegrees>
     </Position>
     <AltitudeMeters>202.46000000000004</AltitudeMeters>
     <DistanceMeters>22119.150031641275</DistanceMeters>
    </Trackpoint>
    <Trackpoint>
     <Time>2026-07-19T01:24:51+00:00</Time>
     <Position>
      <LatitudeDegrees>-33.4880400</LatitudeDegrees>
      <LongitudeDegrees>-70.9947500</LongitudeDegrees>
     </Position>
     <AltitudeMeters>202.46000000000004</AltitudeMeters>
     <DistanceMeters>22151.237138350174</DistanceMeters>
    </Trackpoint>
    <Trackpoint>
     <Time>2026-07-19T01:24:57+00:00</Time>
     <Position>
      <LatitudeDegrees>-33.4882500</LatitudeDegrees>
      <LongitudeDegrees>-70.9951200</LongitudeDegrees>
     </Position>
     <AltitudeMeters>201.74</AltitudeMeters>
     <DistanceMeters>22192.77915343079</DistanceMeters>
    </Trackpoint>
    <Trackpoint>
     <Time>2026-07-19T01:25:03+00:00</Time>
     <Position>
      <LatitudeDegrees>-33.4885500</LatitudeDegrees>
      <LongitudeDegrees>-70.9959950</LongitudeDegrees>
     </Position>
     <AltitudeMeters>200.63</AltitudeMeters>
     <DistanceMeters>22280.59209056669</DistanceMeters>
    </Trackpoint>
    <Trackpoint>
     <Time>2026-07-19T01:25:09+00:00</Time>
     <Position>
      <LatitudeDegrees>-33.4888500</LatitudeDegrees>
      <LongitudeDegrees>-70.9968700</LongitudeDegrees>
     </Position>
     <AltitudeMeters>199.76000000000002</AltitudeMeters>
     <DistanceMeters>22368.405017506946</DistanceMeters>
    </Trackpoint>
    <Trackpoint>
     <Time>2026-07-19T01:25:15+00:00</Time>
     <Position>
      <LatitudeDegrees>-33.4890350</LatitudeDegrees>
      <LongitudeDegrees>-70.9976350</LongitudeDegrees>
     </Position>
     <AltitudeMeters>199.28</AltitudeMeters>
     <DistanceMeters>22442.336976711125</DistanceMeters>
    </Trackpoint>
    <Trackpoint>
     <Time>2026-07-19T01:25:22+00:00</Time>
     <Position>
      <LatitudeDegrees>-33.4892200</LatitudeDegrees>
      <LongitudeDegrees>-70.9984000</LongitudeDegrees>
     </Position>
     <AltitudeMeters>198.3</AltitudeMeters>
     <DistanceMeters>22516.268923506614</DistanceMeters>
    </Trackpoint>
    <Trackpoint>
     <Time>2026-07-19T01:25:28+00:00</Time>
     <Position>
      <LatitudeDegrees>-33.4894238</LatitudeDegrees>
      <LongitudeDegrees>-70.9993125</LongitudeDegrees>
     </Position>
     <AltitudeMeters>197.55</AltitudeMeters>
     <DistanceMeters>22603.949001658817</DistanceMeters>
    </Trackpoint>
    <Trackpoint>
     <Time>2026-07-19T01:25:34+00:00</Time>
     <Position>
      <LatitudeDegrees>-33.4896275</LatitudeDegrees>
      <LongitudeDegrees>-71.0002250</LongitudeDegrees>
     </Position>
     <AltitudeMeters>196.38000000000002</AltitudeMeters>
     <DistanceMeters>22691.629079810064</DistanceMeters>
    </Trackpoint>
    <Trackpoint>
     <Time>2026-07-19T01:25:40+00:00</Time>
     <Position>
      <LatitudeDegrees>-33.4898313</LatitudeDegrees>
      <LongitudeDegrees>-71.0011375</LongitudeDegrees>
     </Position>
     <AltitudeMeters>195.36</AltitudeMeters>
     <DistanceMeters>22779.30915796116</DistanceMeters>
    </Trackpoint>
    <Trackpoint>
     <Time>2026-07-19T01:25:46+00:00</Time>
     <Position>
      <LatitudeDegrees>-33.4900351</LatitudeDegrees>
      <LongitudeDegrees>-71.0020500</LongitudeDegrees>
     </Position>
     <AltitudeMeters>194.89000000000001</AltitudeMeters>
     <DistanceMeters>22866.989236113724</DistanceMeters>
    </Trackpoint>
    <Trackpoint>
     <Time>2026-07-19T01:25:53+00:00</Time>
     <Position>
      <LatitudeDegrees>-33.4902388</LatitudeDegrees>
      <LongitudeDegrees>-71.0029625</LongitudeDegrees>
     </Position>
     <AltitudeMeters>194.21</AltitudeMeters>
     <DistanceMeters>22954.669314265557</DistanceMeters>
    </Trackpoint>
    <Trackpoint>
     <Time>2026-07-19T01:25:59+00:00</Time>
     <Position>
      <LatitudeDegrees>-33.4904425</LatitudeDegrees>
      <LongitudeDegrees>-71.0038750</LongitudeDegrees>
     </Position>
     <AltitudeMeters>193.85000000000002</AltitudeMeters>
     <DistanceMeters>23042.349392416807</DistanceMeters>
    </Trackpoint>
    <Trackpoint>
     <Time>2026-07-19T01:26:05+00:00</Time>
     <Position>
      <LatitudeDegrees>-33.4906463</LatitudeDegrees>
      <LongitudeDegrees>-71.0047875</LongitudeDegrees>
     </Position>
     <AltitudeMeters>193.56</AltitudeMeters>
     <DistanceMeters>23130.02947056909</DistanceMeters>
    </Trackpoint>
    <Trackpoint>
     <Time>2026-07-19T01:26:11+00:00</Time>
     <Position>
      <LatitudeDegrees>-33.4908500</LatitudeDegrees>
      <LongitudeDegrees>-71.0057000</LongitudeDegrees>
     </Position>
     <AltitudeMeters>193.19000000000003</AltitudeMeters>
     <DistanceMeters>23217.709550614913</DistanceMeters>
    </Trackpoint>
    <Trackpoint>
     <Time>2026-07-19T01:26:17+00:00</Time>
     <Position>
      <LatitudeDegrees>-33.4910067</LatitudeDegrees>
      <LongitudeDegrees>-71.0064467</LongitudeDegrees>
     </Position>
     <AltitudeMeters>192.72</AltitudeMeters>
     <DistanceMeters>23289.173015475102</DistanceMeters>
    </Trackpoint>
    <Trackpoint>
     <Time>2026-07-19T01:26:24+00:00</Time>
     <Position>
      <LatitudeDegrees>-33.4911633</LatitudeDegrees>
      <LongitudeDegrees>-71.0071933</LongitudeDegrees>
     </Position>
     <AltitudeMeters>192.28</AltitudeMeters>
     <DistanceMeters>23360.63648033316</DistanceMeters>
    </Trackpoint>
    <Trackpoint>
     <Time>2026-07-19T01:26:30+00:00</Time>
     <Position>
      <LatitudeDegrees>-33.4913200</LatitudeDegrees>
      <LongitudeDegrees>-71.0079400</LongitudeDegrees>
     </Position>
     <AltitudeMeters>192.08</AltitudeMeters>
     <DistanceMeters>23432.09995400672</DistanceMeters>
    </Trackpoint>
    <Trackpoint>
     <Time>2026-07-19T01:26:36+00:00</Time>
     <Position>
      <LatitudeDegrees>-33.4914650</LatitudeDegrees>
      <LongitudeDegrees>-71.0087150</LongitudeDegrees>
     </Position>
     <AltitudeMeters>191.51000000000002</AltitudeMeters>
     <DistanceMeters>23505.821158336978</DistanceMeters>
    </Trackpoint>
    <Trackpoint>
     <Time>2026-07-19T01:26:42+00:00</Time>
     <Position>
      <LatitudeDegrees>-33.4916100</LatitudeDegrees>
      <LongitudeDegrees>-71.0094900</LongitudeDegrees>
     </Position>
     <AltitudeMeters>191.05</AltitudeMeters>
     <DistanceMeters>23579.54237587371</DistanceMeters>
    </Trackpoint>
    <Trackpoint>
     <Time>2026-07-19T01:26:48+00:00</Time>
     <Position>
      <LatitudeDegrees>-33.4917250</LatitudeDegrees>
      <LongitudeDegrees>-71.0103700</LongitudeDegrees>
     </Position>
     <AltitudeMeters>190.85000000000002</AltitudeMeters>
     <DistanceMeters>23662.217844101375</DistanceMeters>
    </Trackpoint>
    <Trackpoint>
     <Time>2026-07-19T01:26:55+00:00</Time>
     <Position>
      <LatitudeDegrees>-33.4918400</LatitudeDegrees>
      <LongitudeDegrees>-71.0112500</LongitudeDegrees>
     </Position>
     <AltitudeMeters>191.08</AltitudeMeters>
     <DistanceMeters>23744.893305563455</DistanceMeters>
    </Trackpoint>
    <Trackpoint>
     <Time>2026-07-19T01:27:01+00:00</Time>
     <Position>
      <LatitudeDegrees>-33.4925188</LatitudeDegrees>
      <LongitudeDegrees>-71.0105625</LongitudeDegrees>
     </Position>
     <AltitudeMeters>191.29000000000002</AltitudeMeters>
     <DistanceMeters>23843.778235352685</DistanceMeters>
    </Trackpoint>
    <Trackpoint>
     <Time>2026-07-19T01:27:07+00:00</Time>
     <Position>
      <LatitudeDegrees>-33.4931975</LatitudeDegrees>
      <LongitudeDegrees>-71.0098751</LongitudeDegrees>
     </Position>
     <AltitudeMeters>192.37</AltitudeMeters>
     <DistanceMeters>23942.66316514248</DistanceMeters>
    </Trackpoint>
    <Trackpoint>
     <Time>2026-07-19T01:27:13+00:00</Time>
     <Position>
      <LatitudeDegrees>-33.4938763</LatitudeDegrees>
      <LongitudeDegrees>-71.0091876</LongitudeDegrees>
     </Position>
     <AltitudeMeters>193.01000000000002</AltitudeMeters>
     <DistanceMeters>24041.548094931073</DistanceMeters>
    </Trackpoint>
    <Trackpoint>
     <Time>2026-07-19T01:27:19+00:00</Time>
     <Position>
      <LatitudeDegrees>-33.4945550</LatitudeDegrees>
      <LongitudeDegrees>-71.0085001</LongitudeDegrees>
     </Position>
     <AltitudeMeters>194.18</AltitudeMeters>
     <DistanceMeters>24140.433024719732</DistanceMeters>
    </Trackpoint>
    <Trackpoint>
     <Time>2026-07-19T01:27:26+00:00</Time>
     <Position>
      <LatitudeDegrees>-33.4952338</LatitudeDegrees>
      <LongitudeDegrees>-71.0078126</LongitudeDegrees>
     </Position>
     <AltitudeMeters>195.24</AltitudeMeters>
     <DistanceMeters>24239.317954509712</DistanceMeters>
    </Trackpoint>
    <Trackpoint>
     <Time>2026-07-19T01:27:32+00:00</Time>
     <Position>
      <LatitudeDegrees>-33.4959125</LatitudeDegrees>
      <LongitudeDegrees>-71.0071251</LongitudeDegrees>
     </Position>
     <AltitudeMeters>195.78</AltitudeMeters>
     <DistanceMeters>24338.202884298167</DistanceMeters>
    </Trackpoint>
    <Trackpoint>
     <Time>2026-07-19T01:27:38+00:00</Time>
     <Position>
      <LatitudeDegrees>-33.4965913</LatitudeDegrees>
      <LongitudeDegrees>-71.0064375</LongitudeDegrees>
     </Position>
     <AltitudeMeters>196.86</AltitudeMeters>
     <DistanceMeters>24437.087814087696</DistanceMeters>
    </Trackpoint>
    <Trackpoint>
     <Time>2026-07-19T01:27:44+00:00</Time>
     <Position>
      <LatitudeDegrees>-33.4972700</LatitudeDegrees>
      <LongitudeDegrees>-71.0057500</LongitudeDegrees>
     </Position>
     <AltitudeMeters>197.81</AltitudeMeters>
     <DistanceMeters>24535.972742196678</DistanceMeters>
    </Trackpoint>
    <Trackpoint>
     <Time>2026-07-19T01:27:50+00:00</Time>
     <Position>
      <LatitudeDegrees>-33.4977233</LatitudeDegrees>
      <LongitudeDegrees>-71.0052733</LongitudeDegrees>
     </Position>
     <AltitudeMeters>198.29000000000002</AltitudeMeters>
     <DistanceMeters>24603.075212549964</DistanceMeters>
    </Trackpoint>
    <Trackpoint>
     <Time>2026-07-19T01:27:57+00:00</Time>
     <Position>
      <LatitudeDegrees>-33.4981767</LatitudeDegrees>
      <LongitudeDegrees>-71.0047967</LongitudeDegrees>
     </Position>
     <AltitudeMeters>198.86</AltitudeMeters>
     <DistanceMeters>24670.177682903497</DistanceMeters>
    </Trackpoint>
    <Trackpoint>
     <Time>2026-07-19T01:28:03+00:00</Time>
     <Position>
      <LatitudeDegrees>-33.4986300</LatitudeDegrees>
      <LongitudeDegrees>-71.0043200</LongitudeDegrees>
     </Position>
     <AltitudeMeters>199.62</AltitudeMeters>
     <DistanceMeters>24737.28015077006</DistanceMeters>
    </Trackpoint>
    <Trackpoint>
     <Time>2026-07-19T01:28:09+00:00</Time>
     <Position>
      <LatitudeDegrees>-33.4992422</LatitudeDegrees>
      <LongitudeDegrees>-71.0036911</LongitudeDegrees>
     </Position>
     <AltitudeMeters>200.45000000000002</AltitudeMeters>
     <DistanceMeters>24826.9975282085</DistanceMeters>
    </Trackpoint>
    <Trackpoint>
     <Time>2026-07-19T01:28:15+00:00</Time>
     <Position>
      <LatitudeDegrees>-33.4998545</LatitudeDegrees>
      <LongitudeDegrees>-71.0030623</LongitudeDegrees>
     </Position>
     <AltitudeMeters>201.12</AltitudeMeters>
     <DistanceMeters>24916.71490564676</DistanceMeters>
    </Trackpoint>
    <Trackpoint>
     <Time>2026-07-19T01:28:21+00:00</Time>
     <Position>
      <LatitudeDegrees>-33.5004667</LatitudeDegrees>
      <LongitudeDegrees>-71.0024334</LongitudeDegrees>
     </Position>
     <AltitudeMeters>201.88</AltitudeMeters>
     <DistanceMeters>25006.43228308548</DistanceMeters>
    </Trackpoint>
    <Trackpoint>
     <Time>2026-07-19T01:28:28+00:00</Time>
     <Position>
      <LatitudeDegrees>-33.5010789</LatitudeDegrees>
      <LongitudeDegrees>-71.0018045</LongitudeDegrees>
     </Position>
     <AltitudeMeters>202.73000000000002</AltitudeMeters>
     <DistanceMeters>25096.149660522653</DistanceMeters>
    </Trackpoint>
    <Trackpoint>
     <Time>2026-07-19T01:28:34+00:00</Time>
     <Position>
      <LatitudeDegrees>-33.5016911</LatitudeDegrees>
      <LongitudeDegrees>-71.0011756</LongitudeDegrees>
     </Position>
     <AltitudeMeters>203.77</AltitudeMeters>
     <DistanceMeters>25185.867037961412</DistanceMeters>
    </Trackpoint>
    <Trackpoint>
     <Time>2026-07-19T01:28:40+00:00</Time>
     <Position>
      <LatitudeDegrees>-33.5023034</LatitudeDegrees>
      <LongitudeDegrees>-71.0005467</LongitudeDegrees>
     </Position>
     <AltitudeMeters>204.83</AltitudeMeters>
     <DistanceMeters>25275.584415400346</DistanceMeters>
    </Trackpoint>
    <Trackpoint>
     <Time>2026-07-19T01:28:46+00:00</Time>
     <Position>
      <LatitudeDegrees>-33.5029156</LatitudeDegrees>
      <LongitudeDegrees>-70.9999178</LongitudeDegrees>
     </Position>
     <AltitudeMeters>205.66</AltitudeMeters>
     <DistanceMeters>25365.3017928377</DistanceMeters>
    </Trackpoint>
    <Trackpoint>
     <Time>2026-07-19T01:28:52+00:00</Time>
     <Position>
      <LatitudeDegrees>-33.5035278</LatitudeDegrees>
      <LongitudeDegrees>-70.9992889</LongitudeDegrees>
     </Position>
     <AltitudeMeters>206.69</AltitudeMeters>
     <DistanceMeters>25455.01917027661</DistanceMeters>
    </Trackpoint>
    <Trackpoint>
     <Time>2026-07-19T01:28:58+00:00</Time>
     <Position>
      <LatitudeDegrees>-33.5041400</LatitudeDegrees>
      <LongitudeDegrees>-70.9986600</LongitudeDegrees>
     </Position>
     <AltitudeMeters>207.13</AltitudeMeters>
     <DistanceMeters>25544.73655780221</DistanceMeters>
    </Trackpoint>
    <Trackpoint>
     <Time>2026-07-19T01:29:05+00:00</Time>
     <Position>
      <LatitudeDegrees>-33.5046600</LatitudeDegrees>
      <LongitudeDegrees>-70.9979900</LongitudeDegrees>
     </Position>
     <AltitudeMeters>208.20000000000002</AltitudeMeters>
     <DistanceMeters>25629.68060138773</DistanceMeters>
    </Trackpoint>
    <Trackpoint>
     <Time>2026-07-19T01:29:11+00:00</Time>
     <Position>
      <LatitudeDegrees>-33.5049000</LatitudeDegrees>
      <LongitudeDegrees>-70.9976300</LongitudeDegrees>
     </Position>
     <AltitudeMeters>208.38</AltitudeMeters>
     <DistanceMeters>25672.45485180844</DistanceMeters>
    </Trackpoint>
    <Trackpoint>
     <Time>2026-07-19T01:29:17+00:00</Time>
     <Position>
      <LatitudeDegrees>-33.5053750</LatitudeDegrees>
      <LongitudeDegrees>-70.9968050</LongitudeDegrees>
     </Position>
     <AltitudeMeters>209.50000000000003</AltitudeMeters>
     <DistanceMeters>25765.494591576957</DistanceMeters>
    </Trackpoint>
    <Trackpoint>
     <Time>2026-07-19T01:29:23+00:00</Time>
     <Position>
      <LatitudeDegrees>-33.5058500</LatitudeDegrees>
      <LongitudeDegrees>-70.9959800</LongitudeDegrees>
     </Position>
     <AltitudeMeters>210.05</AltitudeMeters>
     <DistanceMeters>25858.534331346207</DistanceMeters>
    </Trackpoint>
    <Trackpoint>
     <Time>2026-07-19T01:29:29+00:00</Time>
     <Position>
      <LatitudeDegrees>-33.5063250</LatitudeDegrees>
      <LongitudeDegrees>-70.9951550</LongitudeDegrees>
     </Position>
     <AltitudeMeters>210.75000000000003</AltitudeMeters>
     <DistanceMeters>25951.574071113748</DistanceMeters>
    </Trackpoint>
    <Trackpoint>
     <Time>2026-07-19T01:29:36+00:00</Time>
     <Position>
      <LatitudeDegrees>-33.5068000</LatitudeDegrees>
      <LongitudeDegrees>-70.9943300</LongitudeDegrees>
     </Position>
     <AltitudeMeters>211.34000000000003</AltitudeMeters>
     <DistanceMeters>26044.613815614543</DistanceMeters>
    </Trackpoint>
    <Trackpoint>
     <Time>2026-07-19T01:29:42+00:00</Time>
     <Position>
      <LatitudeDegrees>-33.5072700</LatitudeDegrees>
      <LongitudeDegrees>-70.9935600</LongitudeDegrees>
     </Position>
     <AltitudeMeters>212.26</AltitudeMeters>
     <DistanceMeters>26133.17000086602</DistanceMeters>
    </Trackpoint>
    <Trackpoint>
     <Time>2026-07-19T01:29:48+00:00</Time>
     <Position>
      <LatitudeDegrees>-33.5077400</LatitudeDegrees>
      <LongitudeDegrees>-70.9927900</LongitudeDegrees>
     </Position>
     <AltitudeMeters>212.96</AltitudeMeters>
     <DistanceMeters>26221.726193031336</DistanceMeters>
    </Trackpoint>
    <Trackpoint>
     <Time>2026-07-19T01:29:54+00:00</Time>
     <Position>
      <LatitudeDegrees>-33.5081500</LatitudeDegrees>
      <LongitudeDegrees>-70.9920633</LongitudeDegrees>
     </Position>
     <AltitudeMeters>213.83</AltitudeMeters>
     <DistanceMeters>26303.14817087808</DistanceMeters>
    </Trackpoint>
    <Trackpoint>
     <Time>2026-07-19T01:30:00+00:00</Time>
     <Position>
      <LatitudeDegrees>-33.5085600</LatitudeDegrees>
      <LongitudeDegrees>-70.9913367</LongitudeDegrees>
     </Position>
     <AltitudeMeters>214.94000000000003</AltitudeMeters>
     <DistanceMeters>26384.570148726143</DistanceMeters>
    </Trackpoint>
    <Trackpoint>
     <Time>2026-07-19T01:30:07+00:00</Time>
     <Position>
      <LatitudeDegrees>-33.5089700</LatitudeDegrees>
      <LongitudeDegrees>-70.9906100</LongitudeDegrees>
     </Position>
     <AltitudeMeters>216.11</AltitudeMeters>
     <DistanceMeters>26465.99212661069</DistanceMeters>
    </Trackpoint>
    <Trackpoint>
     <Time>2026-07-19T01:30:13+00:00</Time>
     <Position>
      <LatitudeDegrees>-33.5094000</LatitudeDegrees>
      <LongitudeDegrees>-70.9898800</LongitudeDegrees>
     </Position>
     <AltitudeMeters>216.77</AltitudeMeters>
     <DistanceMeters>26548.93389957714</DistanceMeters>
    </Trackpoint>
    <Trackpoint>
     <Time>2026-07-19T01:30:19+00:00</Time>
     <Position>
      <LatitudeDegrees>-33.5098300</LatitudeDegrees>
      <LongitudeDegrees>-70.9891500</LongitudeDegrees>
     </Position>
     <AltitudeMeters>218.53000000000003</AltitudeMeters>
     <DistanceMeters>26631.87568796484</DistanceMeters>
    </Trackpoint>
    <Trackpoint>
     <Time>2026-07-19T01:30:25+00:00</Time>
     <Position>
      <LatitudeDegrees>-33.5102886</LatitudeDegrees>
      <LongitudeDegrees>-70.9883800</LongitudeDegrees>
     </Position>
     <AltitudeMeters>219.64000000000001</AltitudeMeters>
     <DistanceMeters>26719.68375199423</DistanceMeters>
    </Trackpoint>
    <Trackpoint>
     <Time>2026-07-19T01:30:31+00:00</Time>
     <Position>
      <LatitudeDegrees>-33.5107472</LatitudeDegrees>
      <LongitudeDegrees>-70.9876100</LongitudeDegrees>
     </Position>
     <AltitudeMeters>220.94000000000003</AltitudeMeters>
     <DistanceMeters>26807.49181602544</DistanceMeters>
    </Trackpoint>
    <Trackpoint>
     <Time>2026-07-19T01:30:38+00:00</Time>
     <Position>
      <LatitudeDegrees>-33.5112057</LatitudeDegrees>
      <LongitudeDegrees>-70.9868400</LongitudeDegrees>
     </Position>
     <AltitudeMeters>222.58</AltitudeMeters>
     <DistanceMeters>26895.29988005701</DistanceMeters>
    </Trackpoint>
    <Trackpoint>
     <Time>2026-07-19T01:30:44+00:00</Time>
     <Position>
      <LatitudeDegrees>-33.5116643</LatitudeDegrees>
      <LongitudeDegrees>-70.9860700</LongitudeDegrees>
     </Position>
     <AltitudeMeters>223.36</AltitudeMeters>
     <DistanceMeters>26983.10794408749</DistanceMeters>
    </Trackpoint>
    <Trackpoint>
     <Time>2026-07-19T01:30:50+00:00</Time>
     <Position>
      <LatitudeDegrees>-33.5121229</LatitudeDegrees>
      <LongitudeDegrees>-70.9853000</LongitudeDegrees>
     </Position>
     <AltitudeMeters>224.05</AltitudeMeters>
     <DistanceMeters>27070.916008118496</DistanceMeters>
    </Trackpoint>
    <Trackpoint>
     <Time>2026-07-19T01:30:56+00:00</Time>
     <Position>
      <LatitudeDegrees>-33.5125814</LatitudeDegrees>
      <LongitudeDegrees>-70.9845300</LongitudeDegrees>
     </Position>
     <AltitudeMeters>225.53</AltitudeMeters>
     <DistanceMeters>27158.72407214889</DistanceMeters>
    </Trackpoint>
    <Trackpoint>
     <Time>2026-07-19T01:31:02+00:00</Time>
     <Position>
      <LatitudeDegrees>-33.5130400</LatitudeDegrees>
      <LongitudeDegrees>-70.9837600</LongitudeDegrees>
     </Position>
     <AltitudeMeters>226.55</AltitudeMeters>
     <DistanceMeters>27246.532134576646</DistanceMeters>
    </Trackpoint>
    <Trackpoint>
     <Time>2026-07-19T01:31:09+00:00</Time>
     <Position>
      <LatitudeDegrees>-33.5134800</LatitudeDegrees>
      <LongitudeDegrees>-70.9830025</LongitudeDegrees>
     </Position>
     <AltitudeMeters>227.39000000000001</AltitudeMeters>
     <DistanceMeters>27332.1992150473</DistanceMeters>
    </Trackpoint>
    <Trackpoint>
     <Time>2026-07-19T01:31:15+00:00</Time>
     <Position>
      <LatitudeDegrees>-33.5139200</LatitudeDegrees>
      <LongitudeDegrees>-70.9822450</LongitudeDegrees>
     </Position>
     <AltitudeMeters>228.5</AltitudeMeters>
     <DistanceMeters>27417.866295518023</DistanceMeters>
    </Trackpoint>
    <Trackpoint>
     <Time>2026-07-19T01:31:21+00:00</Time>
     <Position>
      <LatitudeDegrees>-33.5143600</LatitudeDegrees>
      <LongitudeDegrees>-70.9814875</LongitudeDegrees>
     </Position>
     <AltitudeMeters>229.67000000000002</AltitudeMeters>
     <DistanceMeters>27503.533375987598</DistanceMeters>
    </Trackpoint>
    <Trackpoint>
     <Time>2026-07-19T01:31:27+00:00</Time>
     <Position>
      <LatitudeDegrees>-33.5148000</LatitudeDegrees>
      <LongitudeDegrees>-70.9807300</LongitudeDegrees>
     </Position>
     <AltitudeMeters>230.92000000000002</AltitudeMeters>
     <DistanceMeters>27589.20045805854</DistanceMeters>
    </Trackpoint>
    <Trackpoint>
     <Time>2026-07-19T01:31:33+00:00</Time>
     <Position>
      <LatitudeDegrees>-33.5151667</LatitudeDegrees>
      <LongitudeDegrees>-70.9801233</LongitudeDegrees>
     </Position>
     <AltitudeMeters>231.97</AltitudeMeters>
     <DistanceMeters>27658.729446619178</DistanceMeters>
    </Trackpoint>
    <Trackpoint>
     <Time>2026-07-19T01:31:40+00:00</Time>
     <Position>
      <LatitudeDegrees>-33.5155333</LatitudeDegrees>
      <LongitudeDegrees>-70.9795167</LongitudeDegrees>
     </Position>
     <AltitudeMeters>232.72</AltitudeMeters>
     <DistanceMeters>27728.258435179825</DistanceMeters>
    </Trackpoint>
    <Trackpoint>
     <Time>2026-07-19T01:31:46+00:00</Time>
     <Position>
      <LatitudeDegrees>-33.5159000</LatitudeDegrees>
      <LongitudeDegrees>-70.9789100</LongitudeDegrees>
     </Position>
     <AltitudeMeters>234.31</AltitudeMeters>
     <DistanceMeters>27797.78744418288</DistanceMeters>
    </Trackpoint>
    <Trackpoint>
     <Time>2026-07-19T01:31:52+00:00</Time>
     <Position>
      <LatitudeDegrees>-33.5161900</LatitudeDegrees>
      <LongitudeDegrees>-70.9784700</LongitudeDegrees>
     </Position>
     <AltitudeMeters>234.87</AltitudeMeters>
     <DistanceMeters>27849.83205310015</DistanceMeters>
    </Trackpoint>
    <Trackpoint>
     <Time>2026-07-19T01:31:58+00:00</Time>
     <Position>
      <LatitudeDegrees>-33.5165700</LatitudeDegrees>
      <LongitudeDegrees>-70.9780200</LongitudeDegrees>
     </Position>
     <AltitudeMeters>235.56</AltitudeMeters>
     <DistanceMeters>27909.26417838176</DistanceMeters>
    </Trackpoint>
    <Trackpoint>
     <Time>2026-07-19T01:32:04+00:00</Time>
     <Position>
      <LatitudeDegrees>-33.5171800</LatitudeDegrees>
      <LongitudeDegrees>-70.9773800</LongitudeDegrees>
     </Position>
     <AltitudeMeters>237.17000000000002</AltitudeMeters>
     <DistanceMeters>27999.462489564983</DistanceMeters>
    </Trackpoint>
    <Trackpoint>
     <Time>2026-07-19T01:32:11+00:00</Time>
     <Position>
      <LatitudeDegrees>-33.5178614</LatitudeDegrees>
      <LongitudeDegrees>-70.9767186</LongitudeDegrees>
     </Position>
     <AltitudeMeters>238.20000000000002</AltitudeMeters>
     <DistanceMeters>28097.023883167196</DistanceMeters>
    </Trackpoint>
    <Trackpoint>
     <Time>2026-07-19T01:32:17+00:00</Time>
     <Position>
      <LatitudeDegrees>-33.5185429</LatitudeDegrees>
      <LongitudeDegrees>-70.9760572</LongitudeDegrees>
     </Position>
     <AltitudeMeters>239.78000000000003</AltitudeMeters>
     <DistanceMeters>28194.58527677069</DistanceMeters>
    </Trackpoint>
    <Trackpoint>
     <Time>2026-07-19T01:32:23+00:00</Time>
     <Position>
      <LatitudeDegrees>-33.5192243</LatitudeDegrees>
      <LongitudeDegrees>-70.9753958</LongitudeDegrees>
     </Position>
     <AltitudeMeters>241.72000000000003</AltitudeMeters>
     <DistanceMeters>28292.146670372953</DistanceMeters>
    </Trackpoint>
    <Trackpoint>
     <Time>2026-07-19T01:32:29+00:00</Time>
     <Position>
      <LatitudeDegrees>-33.5199057</LatitudeDegrees>
      <LongitudeDegrees>-70.9747343</LongitudeDegrees>
     </Position>
     <AltitudeMeters>243.29</AltitudeMeters>
     <DistanceMeters>28389.708063976846</DistanceMeters>
    </Trackpoint>
    <Trackpoint>
     <Time>2026-07-19T01:32:35+00:00</Time>
     <Position>
      <LatitudeDegrees>-33.5205872</LatitudeDegrees>
      <LongitudeDegrees>-70.9740729</LongitudeDegrees>
     </Position>
     <AltitudeMeters>245.48000000000002</AltitudeMeters>
     <DistanceMeters>28487.269457580296</DistanceMeters>
    </Trackpoint>
    <Trackpoint>
     <Time>2026-07-19T01:32:42+00:00</Time>
     <Position>
      <LatitudeDegrees>-33.5212686</LatitudeDegrees>
      <LongitudeDegrees>-70.9734115</LongitudeDegrees>
     </Position>
     <AltitudeMeters>247.19000000000003</AltitudeMeters>
     <DistanceMeters>28584.830851183055</DistanceMeters>
    </Trackpoint>
    <Trackpoint>
     <Time>2026-07-19T01:32:48+00:00</Time>
     <Position>
      <LatitudeDegrees>-33.5219500</LatitudeDegrees>
      <LongitudeDegrees>-70.9727500</LongitudeDegrees>
     </Position>
     <AltitudeMeters>249.18</AltitudeMeters>
     <DistanceMeters>28682.392248229156</DistanceMeters>
    </Trackpoint>
    <Trackpoint>
     <Time>2026-07-19T01:32:54+00:00</Time>
     <Position>
      <LatitudeDegrees>-33.5226350</LatitudeDegrees>
      <LongitudeDegrees>-70.9720925</LongitudeDegrees>
     </Position>
     <AltitudeMeters>252.17</AltitudeMeters>
     <DistanceMeters>28780.033125796122</DistanceMeters>
    </Trackpoint>
    <Trackpoint>
     <Time>2026-07-19T01:33:00+00:00</Time>
     <Position>
      <LatitudeDegrees>-33.5233200</LatitudeDegrees>
      <LongitudeDegrees>-70.9714350</LongitudeDegrees>
     </Position>
     <AltitudeMeters>253.87000000000003</AltitudeMeters>
     <DistanceMeters>28877.674003364584</DistanceMeters>
    </Trackpoint>
    <Trackpoint>
     <Time>2026-07-19T01:33:06+00:00</Time>
     <Position>
      <LatitudeDegrees>-33.5240050</LatitudeDegrees>
      <LongitudeDegrees>-70.9707775</LongitudeDegrees>
     </Position>
     <AltitudeMeters>257.85</AltitudeMeters>
     <DistanceMeters>28975.31488093138</DistanceMeters>
    </Trackpoint>
    <Trackpoint>
     <Time>2026-07-19T01:33:13+00:00</Time>
     <Position>
      <LatitudeDegrees>-33.5246900</LatitudeDegrees>
      <LongitudeDegrees>-70.9701200</LongitudeDegrees>
     </Position>
     <AltitudeMeters>259.3</AltitudeMeters>
     <DistanceMeters>29072.95576459918</DistanceMeters>
    </Trackpoint>
    <Trackpoint>
     <Time>2026-07-19T01:33:19+00:00</Time>
     <Position>
      <LatitudeDegrees>-33.5253800</LatitudeDegrees>
      <LongitudeDegrees>-70.9694500</LongitudeDegrees>
     </Position>
     <AltitudeMeters>261.96000000000004</AltitudeMeters>
     <DistanceMeters>29171.756248647187</DistanceMeters>
    </Trackpoint>
    <Trackpoint>
     <Time>2026-07-19T01:33:25+00:00</Time>
     <Position>
      <LatitudeDegrees>-33.5260700</LatitudeDegrees>
      <LongitudeDegrees>-70.9687800</LongitudeDegrees>
     </Position>
     <AltitudeMeters>263.94</AltitudeMeters>
     <DistanceMeters>29270.55673269484</DistanceMeters>
    </Trackpoint>
    <Trackpoint>
     <Time>2026-07-19T01:33:31+00:00</Time>
     <Position>
      <LatitudeDegrees>-33.5267600</LatitudeDegrees>
      <LongitudeDegrees>-70.9681100</LongitudeDegrees>
     </Position>
     <AltitudeMeters>266.55</AltitudeMeters>
     <DistanceMeters>29369.357208452217</DistanceMeters>
    </Trackpoint>
    <Trackpoint>
     <Time>2026-07-19T01:33:37+00:00</Time>
     <Position>
      <LatitudeDegrees>-33.5273900</LatitudeDegrees>
      <LongitudeDegrees>-70.9675600</LongitudeDegrees>
     </Position>
     <AltitudeMeters>268.78000000000003</AltitudeMeters>
     <DistanceMeters>29456.076219020746</DistanceMeters>
    </Trackpoint>
    <Trackpoint>
     <Time>2026-07-19T01:33:44+00:00</Time>
     <Position>
      <LatitudeDegrees>-33.5279960</LatitudeDegrees>
      <LongitudeDegrees>-70.9670720</LongitudeDegrees>
     </Position>
     <AltitudeMeters>270.57000000000005</AltitudeMeters>
     <DistanceMeters>29537.308536118857</DistanceMeters>
    </Trackpoint>
    <Trackpoint>
     <Time>2026-07-19T01:33:50+00:00</Time>
     <Position>
      <LatitudeDegrees>-33.5286020</LatitudeDegrees>
      <LongitudeDegrees>-70.9665840</LongitudeDegrees>
     </Position>
     <AltitudeMeters>271.71</AltitudeMeters>
     <DistanceMeters>29618.54085321725</DistanceMeters>
    </Trackpoint>
    <Trackpoint>
     <Time>2026-07-19T01:33:56+00:00</Time>
     <Position>
      <LatitudeDegrees>-33.5292080</LatitudeDegrees>
      <LongitudeDegrees>-70.9660960</LongitudeDegrees>
     </Position>
     <AltitudeMeters>274.45000000000005</AltitudeMeters>
     <DistanceMeters>29699.773170316854</DistanceMeters>
    </Trackpoint>
    <Trackpoint>
     <Time>2026-07-19T01:34:02+00:00</Time>
     <Position>
      <LatitudeDegrees>-33.5298140</LatitudeDegrees>
      <LongitudeDegrees>-70.9656080</LongitudeDegrees>
     </Position>
     <AltitudeMeters>280.44</AltitudeMeters>
     <DistanceMeters>29781.005487414877</DistanceMeters>
    </Trackpoint>
    <Trackpoint>
     <Time>2026-07-19T01:34:08+00:00</Time>
     <Position>
      <LatitudeDegrees>-33.5304200</LatitudeDegrees>
      <LongitudeDegrees>-70.9651200</LongitudeDegrees>
     </Position>
     <AltitudeMeters>286.62000000000006</AltitudeMeters>
     <DistanceMeters>29862.23779810771</DistanceMeters>
    </Trackpoint>
    <Trackpoint>
     <Time>2026-07-19T01:34:14+00:00</Time>
     <Position>
      <LatitudeDegrees>-33.5306300</LatitudeDegrees>
      <LongitudeDegrees>-70.9649000</LongitudeDegrees>
     </Position>
     <AltitudeMeters>287.3</AltitudeMeters>
     <DistanceMeters>29893.267534943865</DistanceMeters>
    </Trackpoint>
    <Trackpoint>
     <Time>2026-07-19T01:34:21+00:00</Time>
     <Position>
      <LatitudeDegrees>-33.5307800</LatitudeDegrees>
      <LongitudeDegrees>-70.9645400</LongitudeDegrees>
     </Position>
     <AltitudeMeters>290.84000000000003</AltitudeMeters>
     <DistanceMeters>29930.606436033187</DistanceMeters>
    </Trackpoint>
    <Trackpoint>
     <Time>2026-07-19T01:34:27+00:00</Time>
     <Position>
      <LatitudeDegrees>-33.5308300</LatitudeDegrees>
      <LongitudeDegrees>-70.9644100</LongitudeDegrees>
     </Position>
     <AltitudeMeters>292.16</AltitudeMeters>
     <DistanceMeters>29943.889057669086</DistanceMeters>
    </Trackpoint>
    <Trackpoint>
     <Time>2026-07-19T01:34:33+00:00</Time>
     <Position>
      <LatitudeDegrees>-33.5308300</LatitudeDegrees>
      <LongitudeDegrees>-70.9641800</LongitudeDegrees>
     </Position>
     <AltitudeMeters>293.95000000000005</AltitudeMeters>
     <DistanceMeters>29965.227266755617</DistanceMeters>
    </Trackpoint>
    <Trackpoint>
     <Time>2026-07-19T01:34:39+00:00</Time>
     <Position>
      <LatitudeDegrees>-33.5308300</LatitudeDegrees>
      <LongitudeDegrees>-70.9639600</LongitudeDegrees>
     </Position>
     <AltitudeMeters>294.82</AltitudeMeters>
     <DistanceMeters>29985.637727620706</DistanceMeters>
    </Trackpoint>
    <Trackpoint>
     <Time>2026-07-19T01:34:45+00:00</Time>
     <Position>
      <LatitudeDegrees>-33.5307500</LatitudeDegrees>
      <LongitudeDegrees>-70.9635900</LongitudeDegrees>
     </Position>
     <AltitudeMeters>297.67</AltitudeMeters>
     <DistanceMeters>30021.10034734911</DistanceMeters>
    </Trackpoint>
    <Trackpoint>
     <Time>2026-07-19T01:34:52+00:00</Time>
     <Position>
      <LatitudeDegrees>-33.5306550</LatitudeDegrees>
      <LongitudeDegrees>-70.9630400</LongitudeDegrees>
     </Position>
     <AltitudeMeters>301.17</AltitudeMeters>
     <DistanceMeters>30073.21050945986</DistanceMeters>
    </Trackpoint>
    <Trackpoint>
     <Time>2026-07-19T01:34:58+00:00</Time>
     <Position>
      <LatitudeDegrees>-33.5305600</LatitudeDegrees>
      <LongitudeDegrees>-70.9624900</LongitudeDegrees>
     </Position>
     <AltitudeMeters>304.43</AltitudeMeters>
     <DistanceMeters>30125.32067102302</DistanceMeters>
    </Trackpoint>
    <Trackpoint>
     <Time>2026-07-19T01:35:04+00:00</Time>
     <Position>
      <LatitudeDegrees>-33.5305800</LatitudeDegrees>
      <LongitudeDegrees>-70.9623000</LongitudeDegrees>
     </Position>
     <AltitudeMeters>304.97</AltitudeMeters>
     <DistanceMeters>30143.08792491979</DistanceMeters>
    </Trackpoint>
    <Trackpoint>
     <Time>2026-07-19T01:35:10+00:00</Time>
     <Position>
      <LatitudeDegrees>-33.5306500</LatitudeDegrees>
      <LongitudeDegrees>-70.9621700</LongitudeDegrees>
     </Position>
     <AltitudeMeters>307.04</AltitudeMeters>
     <DistanceMeters>30157.446087220058</DistanceMeters>
    </Trackpoint>
    <Trackpoint>
     <Time>2026-07-19T01:35:16+00:00</Time>
     <Position>
      <LatitudeDegrees>-33.5307800</LatitudeDegrees>
      <LongitudeDegrees>-70.9620000</LongitudeDegrees>
     </Position>
     <AltitudeMeters>307.04</AltitudeMeters>
     <DistanceMeters>30178.84897285443</DistanceMeters>
    </Trackpoint>
    <Trackpoint>
     <Time>2026-07-19T01:35:23+00:00</Time>
     <Position>
      <LatitudeDegrees>-33.5312500</LatitudeDegrees>
      <LongitudeDegrees>-70.9615900</LongitudeDegrees>
     </Position>
     <AltitudeMeters>310.07</AltitudeMeters>
     <DistanceMeters>30243.525761258406</DistanceMeters>
    </Trackpoint>
    <Trackpoint>
     <Time>2026-07-19T01:35:29+00:00</Time>
     <Position>
      <LatitudeDegrees>-33.5313400</LatitudeDegrees>
      <LongitudeDegrees>-70.9614900</LongitudeDegrees>
     </Position>
     <AltitudeMeters>310.07</AltitudeMeters>
     <DistanceMeters>30257.178718787785</DistanceMeters>
    </Trackpoint>
    <Trackpoint>
     <Time>2026-07-19T01:35:35+00:00</Time>
     <Position>
      <LatitudeDegrees>-33.5314300</LatitudeDegrees>
      <LongitudeDegrees>-70.9613200</LongitudeDegrees>
     </Position>
     <AltitudeMeters>311.37</AltitudeMeters>
     <DistanceMeters>30275.862306498595</DistanceMeters>
    </Trackpoint>
    <Trackpoint>
     <Time>2026-07-19T01:35:41+00:00</Time>
     <Position>
      <LatitudeDegrees>-33.5314800</LatitudeDegrees>
      <LongitudeDegrees>-70.9611000</LongitudeDegrees>
     </Position>
     <AltitudeMeters>312.23</AltitudeMeters>
     <DistanceMeters>30297.017629960123</DistanceMeters>
    </Trackpoint>
    <Trackpoint>
     <Time>2026-07-19T01:35:47+00:00</Time>
     <Position>
      <LatitudeDegrees>-33.5314800</LatitudeDegrees>
      <LongitudeDegrees>-70.9603300</LongitudeDegrees>
     </Position>
     <AltitudeMeters>314.57</AltitudeMeters>
     <DistanceMeters>30368.4537059496</DistanceMeters>
    </Trackpoint>
    <Trackpoint>
     <Time>2026-07-19T01:35:54+00:00</Time>
     <Position>
      <LatitudeDegrees>-33.5315700</LatitudeDegrees>
      <LongitudeDegrees>-70.9600300</LongitudeDegrees>
     </Position>
     <AltitudeMeters>316.42</AltitudeMeters>
     <DistanceMeters>30398.033515468327</DistanceMeters>
    </Trackpoint>
    <Trackpoint>
     <Time>2026-07-19T01:36:00+00:00</Time>
     <Position>
      <LatitudeDegrees>-33.5317200</LatitudeDegrees>
      <LongitudeDegrees>-70.9597500</LongitudeDegrees>
     </Position>
     <AltitudeMeters>316.42</AltitudeMeters>
     <DistanceMeters>30428.91215866722</DistanceMeters>
    </Trackpoint>
    <Trackpoint>
     <Time>2026-07-19T01:36:06+00:00</Time>
     <Position>
      <LatitudeDegrees>-33.5318100</LatitudeDegrees>
      <LongitudeDegrees>-70.9596600</LongitudeDegrees>
     </Position>
     <AltitudeMeters>318.03000000000003</AltitudeMeters>
     <DistanceMeters>30441.95244427699</DistanceMeters>
    </Trackpoint>
    <Trackpoint>
     <Time>2026-07-19T01:36:12+00:00</Time>
     <Position>
      <LatitudeDegrees>-33.5319200</LatitudeDegrees>
      <LongitudeDegrees>-70.9595700</LongitudeDegrees>
     </Position>
     <AltitudeMeters>318.03000000000003</AltitudeMeters>
     <DistanceMeters>30456.771209426723</DistanceMeters>
    </Trackpoint>
    <Trackpoint>
     <Time>2026-07-19T01:36:18+00:00</Time>
     <Position>
      <LatitudeDegrees>-33.5321900</LatitudeDegrees>
      <LongitudeDegrees>-70.9594400</LongitudeDegrees>
     </Position>
     <AltitudeMeters>320.06</AltitudeMeters>
     <DistanceMeters>30489.150979365433</DistanceMeters>
    </Trackpoint>
    <Trackpoint>
     <Time>2026-07-19T01:36:25+00:00</Time>
     <Position>
      <LatitudeDegrees>-33.5325900</LatitudeDegrees>
      <LongitudeDegrees>-70.9593600</LongitudeDegrees>
     </Position>
     <AltitudeMeters>321.33</AltitudeMeters>
     <DistanceMeters>30534.283677124247</DistanceMeters>
    </Trackpoint>
    <Trackpoint>
     <Time>2026-07-19T01:36:31+00:00</Time>
     <Position>
      <LatitudeDegrees>-33.5333450</LatitudeDegrees>
      <LongitudeDegrees>-70.9592650</LongitudeDegrees>
     </Position>
     <AltitudeMeters>324.75000000000006</AltitudeMeters>
     <DistanceMeters>30618.77283198289</DistanceMeters>
    </Trackpoint>
    <Trackpoint>
     <Time>2026-07-19T01:36:37+00:00</Time>
     <Position>
      <LatitudeDegrees>-33.5341000</LatitudeDegrees>
      <LongitudeDegrees>-70.9591700</LongitudeDegrees>
     </Position>
     <AltitudeMeters>326.41</AltitudeMeters>
     <DistanceMeters>30703.26201829586</DistanceMeters>
    </Trackpoint>
    <Trackpoint>
     <Time>2026-07-19T01:36:43+00:00</Time>
     <Position>
      <LatitudeDegrees>-33.5343900</LatitudeDegrees>
      <LongitudeDegrees>-70.9591600</LongitudeDegrees>
     </Position>
     <AltitudeMeters>329.64000000000004</AltitudeMeters>
     <DistanceMeters>30735.55109532844</DistanceMeters>
    </Trackpoint>
    <Trackpoint>
     <Time>2026-07-19T01:36:49+00:00</Time>
     <Position>
      <LatitudeDegrees>-33.5345900</LatitudeDegrees>
      <LongitudeDegrees>-70.9591700</LongitudeDegrees>
     </Position>
     <AltitudeMeters>329.64000000000004</AltitudeMeters>
     <DistanceMeters>30757.829555202836</DistanceMeters>
    </Trackpoint>
    <Trackpoint>
     <Time>2026-07-19T01:36:56+00:00</Time>
     <Position>
      <LatitudeDegrees>-33.5351650</LatitudeDegrees>
      <LongitudeDegrees>-70.9592450</LongitudeDegrees>
     </Position>
     <AltitudeMeters>333.02000000000004</AltitudeMeters>
     <DistanceMeters>30822.201676808763</DistanceMeters>
    </Trackpoint>
    <Trackpoint>
     <Time>2026-07-19T01:37:02+00:00</Time>
     <Position>
      <LatitudeDegrees>-33.5357400</LatitudeDegrees>
      <LongitudeDegrees>-70.9593200</LongitudeDegrees>
     </Position>
     <AltitudeMeters>334.34000000000003</AltitudeMeters>
     <DistanceMeters>30886.5738365457</DistanceMeters>
    </Trackpoint>
    <Trackpoint>
     <Time>2026-07-19T01:37:08+00:00</Time>
     <Position>
      <LatitudeDegrees>-33.5359300</LatitudeDegrees>
      <LongitudeDegrees>-70.9593000</LongitudeDegrees>
     </Position>
     <AltitudeMeters>335.6</AltitudeMeters>
     <DistanceMeters>30907.80125651838</DistanceMeters>
    </Trackpoint>
    <Trackpoint>
     <Time>2026-07-19T01:37:14+00:00</Time>
     <Position>
      <LatitudeDegrees>-33.5361300</LatitudeDegrees>
      <LongitudeDegrees>-70.9592600</LongitudeDegrees>
     </Position>
     <AltitudeMeters>338.26</AltitudeMeters>
     <DistanceMeters>30930.367579704674</DistanceMeters>
    </Trackpoint>
    <Trackpoint>
     <Time>2026-07-19T01:37:20+00:00</Time>
     <Position>
      <LatitudeDegrees>-33.5364900</LatitudeDegrees>
      <LongitudeDegrees>-70.9590800</LongitudeDegrees>
     </Position>
     <AltitudeMeters>340.04</AltitudeMeters>
     <DistanceMeters>30973.774455457897</DistanceMeters>
    </Trackpoint>
    <Trackpoint>
     <Time>2026-07-19T01:37:27+00:00</Time>
     <Position>
      <LatitudeDegrees>-33.5366500</LatitudeDegrees>
      <LongitudeDegrees>-70.9589100</LongitudeDegrees>
     </Position>
     <AltitudeMeters>340.04</AltitudeMeters>
     <DistanceMeters>30997.561308115895</DistanceMeters>
    </Trackpoint>
    <Trackpoint>
     <Time>2026-07-19T01:37:33+00:00</Time>
     <Position>
      <LatitudeDegrees>-33.5367800</LatitudeDegrees>
      <LongitudeDegrees>-70.9587300</LongitudeDegrees>
     </Position>
     <AltitudeMeters>341.36000000000007</AltitudeMeters>
     <DistanceMeters>31019.655877013385</DistanceMeters>
    </Trackpoint>
    <Trackpoint>
     <Time>2026-07-19T01:37:39+00:00</Time>
     <Position>
      <LatitudeDegrees>-33.5368700</LatitudeDegrees>
      <LongitudeDegrees>-70.9585400</LongitudeDegrees>
     </Position>
     <AltitudeMeters>342.1</AltitudeMeters>
     <DistanceMeters>31039.929213202322</DistanceMeters>
    </Trackpoint>
    <Trackpoint>
     <Time>2026-07-19T01:37:45+00:00</Time>
     <Position>
      <LatitudeDegrees>-33.5369500</LatitudeDegrees>
      <LongitudeDegrees>-70.9583300</LongitudeDegrees>
     </Position>
     <AltitudeMeters>343.27000000000004</AltitudeMeters>
     <DistanceMeters>31061.348778271917</DistanceMeters>
    </Trackpoint>
    <Trackpoint>
     <Time>2026-07-19T01:37:51+00:00</Time>
     <Position>
      <LatitudeDegrees>-33.5370100</LatitudeDegrees>
      <LongitudeDegrees>-70.9579700</LongitudeDegrees>
     </Position>
     <AltitudeMeters>345.21000000000004</AltitudeMeters>
     <DistanceMeters>31095.406412540982</DistanceMeters>
    </Trackpoint>
    <Trackpoint>
     <Time>2026-07-19T01:37:58+00:00</Time>
     <Position>
      <LatitudeDegrees>-33.5370100</LatitudeDegrees>
      <LongitudeDegrees>-70.9576000</LongitudeDegrees>
     </Position>
     <AltitudeMeters>347.0</AltitudeMeters>
     <DistanceMeters>31129.730643011822</DistanceMeters>
    </Trackpoint>
    <Trackpoint>
     <Time>2026-07-19T01:38:04+00:00</Time>
     <Position>
      <LatitudeDegrees>-33.5369600</LatitudeDegrees>
      <LongitudeDegrees>-70.9573800</LongitudeDegrees>
     </Position>
     <AltitudeMeters>348.49</AltitudeMeters>
     <DistanceMeters>31150.884706928453</DistanceMeters>
    </Trackpoint>
    <Trackpoint>
     <Time>2026-07-19T01:38:10+00:00</Time>
     <Position>
      <LatitudeDegrees>-33.5366600</LatitudeDegrees>
      <LongitudeDegrees>-70.9565100</LongitudeDegrees>
     </Position>
     <AltitudeMeters>352.2</AltitudeMeters>
     <DistanceMeters>31238.22696200834</DistanceMeters>
    </Trackpoint>
    <Trackpoint>
     <Time>2026-07-19T01:38:16+00:00</Time>
     <Position>
      <LatitudeDegrees>-33.5365800</LatitudeDegrees>
      <LongitudeDegrees>-70.9561700</LongitudeDegrees>
     </Position>
     <AltitudeMeters>354.39000000000004</AltitudeMeters>
     <DistanceMeters>31271.000890267504</DistanceMeters>
    </Trackpoint>
    <Trackpoint>
     <Time>2026-07-19T01:38:22+00:00</Time>
     <Position>
      <LatitudeDegrees>-33.5365800</LatitudeDegrees>
      <LongitudeDegrees>-70.9559600</LongitudeDegrees>
     </Position>
     <AltitudeMeters>355.25</AltitudeMeters>
     <DistanceMeters>31290.482307170605</DistanceMeters>
    </Trackpoint>
    <Trackpoint>
     <Time>2026-07-19T01:38:29+00:00</Time>
     <Position>
      <LatitudeDegrees>-33.5366000</LatitudeDegrees>
      <LongitudeDegrees>-70.9557800</LongitudeDegrees>
     </Position>
     <AltitudeMeters>356.49</AltitudeMeters>
     <DistanceMeters>31307.328367981478</DistanceMeters>
    </Trackpoint>
    <Trackpoint>
     <Time>2026-07-19T01:38:35+00:00</Time>
     <Position>
      <LatitudeDegrees>-33.5369400</LatitudeDegrees>
      <LongitudeDegrees>-70.9548800</LongitudeDegrees>
     </Position>
     <AltitudeMeters>360.83000000000004</AltitudeMeters>
     <DistanceMeters>31398.99490274302</DistanceMeters>
    </Trackpoint>
    <Trackpoint>
     <Time>2026-07-19T01:38:41+00:00</Time>
     <Position>
      <LatitudeDegrees>-33.5369800</LatitudeDegrees>
      <LongitudeDegrees>-70.9545600</LongitudeDegrees>
     </Position>
     <AltitudeMeters>362.26</AltitudeMeters>
     <DistanceMeters>31429.012693301414</DistanceMeters>
    </Trackpoint>
    <Trackpoint>
     <Time>2026-07-19T01:38:47+00:00</Time>
     <Position>
      <LatitudeDegrees>-33.5369800</LatitudeDegrees>
      <LongitudeDegrees>-70.9537900</LongitudeDegrees>
     </Position>
     <AltitudeMeters>365.74</AltitudeMeters>
     <DistanceMeters>31500.444224745395</DistanceMeters>
    </Trackpoint>
    <Trackpoint>
     <Time>2026-07-19T01:38:53+00:00</Time>
     <Position>
      <LatitudeDegrees>-33.5370300</LatitudeDegrees>
      <LongitudeDegrees>-70.9536100</LongitudeDegrees>
     </Position>
     <AltitudeMeters>366.62000000000006</AltitudeMeters>
     <DistanceMeters>31518.045338827833</DistanceMeters>
    </Trackpoint>
    <Trackpoint>
     <Time>2026-07-19T01:39:00+00:00</Time>
     <Position>
      <LatitudeDegrees>-33.5371000</LatitudeDegrees>
      <LongitudeDegrees>-70.9534800</LongitudeDegrees>
     </Position>
     <AltitudeMeters>367.1</AltitudeMeters>
     <DistanceMeters>31532.40274532996</DistanceMeters>
    </Trackpoint>
    <Trackpoint>
     <Time>2026-07-19T01:39:06+00:00</Time>
     <Position>
      <LatitudeDegrees>-33.5372300</LatitudeDegrees>
      <LongitudeDegrees>-70.9533500</LongitudeDegrees>
     </Position>
     <AltitudeMeters>369.82000000000005</AltitudeMeters>
     <DistanceMeters>31551.238231096882</DistanceMeters>
    </Trackpoint>
    <Trackpoint>
     <Time>2026-07-19T01:39:12+00:00</Time>
     <Position>
      <LatitudeDegrees>-33.5374800</LatitudeDegrees>
      <LongitudeDegrees>-70.9533500</LongitudeDegrees>
     </Position>
     <AltitudeMeters>369.82000000000005</AltitudeMeters>
     <DistanceMeters>31579.06215095722</DistanceMeters>
    </Trackpoint>
    <Trackpoint>
     <Time>2026-07-19T01:39:18+00:00</Time>
     <Position>
      <LatitudeDegrees>-33.5378100</LatitudeDegrees>
      <LongitudeDegrees>-70.9534400</LongitudeDegrees>
     </Position>
     <AltitudeMeters>371.41</AltitudeMeters>
     <DistanceMeters>31616.726746728407</DistanceMeters>
    </Trackpoint>
    <Trackpoint>
     <Time>2026-07-19T01:39:24+00:00</Time>
     <Position>
      <LatitudeDegrees>-33.5383500</LatitudeDegrees>
      <LongitudeDegrees>-70.9536650</LongitudeDegrees>
     </Position>
     <AltitudeMeters>374.46</AltitudeMeters>
     <DistanceMeters>31680.347759144846</DistanceMeters>
    </Trackpoint>
    <Trackpoint>
     <Time>2026-07-19T01:39:31+00:00</Time>
     <Position>
      <LatitudeDegrees>-33.5388900</LatitudeDegrees>
      <LongitudeDegrees>-70.9538900</LongitudeDegrees>
     </Position>
     <AltitudeMeters>377.70000000000005</AltitudeMeters>
     <DistanceMeters>31743.96875272698</DistanceMeters>
    </Trackpoint>
    <Trackpoint>
     <Time>2026-07-19T01:39:37+00:00</Time>
     <Position>
      <LatitudeDegrees>-33.5391800</LatitudeDegrees>
      <LongitudeDegrees>-70.9539800</LongitudeDegrees>
     </Position>
     <AltitudeMeters>379.25</AltitudeMeters>
     <DistanceMeters>31777.30684913139</DistanceMeters>
    </Trackpoint>
    <Trackpoint>
     <Time>2026-07-19T01:39:43+00:00</Time>
     <Position>
      <LatitudeDegrees>-33.5397800</LatitudeDegrees>
      <LongitudeDegrees>-70.9541100</LongitudeDegrees>
     </Position>
     <AltitudeMeters>381.57</AltitudeMeters>
     <DistanceMeters>31845.16445151095</DistanceMeters>
    </Trackpoint>
    <Trackpoint>
     <Time>2026-07-19T01:39:49+00:00</Time>
     <Position>
      <LatitudeDegrees>-33.5400300</LatitudeDegrees>
      <LongitudeDegrees>-70.9540700</LongitudeDegrees>
     </Position>
     <AltitudeMeters>383.12</AltitudeMeters>
     <DistanceMeters>31873.2347043339</DistanceMeters>
    </Trackpoint>
    <Trackpoint>
     <Time>2026-07-19T01:39:55+00:00</Time>
     <Position>
      <LatitudeDegrees>-33.5401800</LatitudeDegrees>
      <LongitudeDegrees>-70.9540200</LongitudeDegrees>
     </Position>
     <AltitudeMeters>384.19</AltitudeMeters>
     <DistanceMeters>31890.561408813715</DistanceMeters>
    </Trackpoint>
    <Trackpoint>
     <Time>2026-07-19T01:40:01+00:00</Time>
     <Position>
      <LatitudeDegrees>-33.5403000</LatitudeDegrees>
      <LongitudeDegrees>-70.9539300</LongitudeDegrees>
     </Position>
     <AltitudeMeters>385.37000000000006</AltitudeMeters>
     <DistanceMeters>31906.311703048894</DistanceMeters>
    </Trackpoint>
    <Trackpoint>
     <Time>2026-07-19T01:40:08+00:00</Time>
     <Position>
      <LatitudeDegrees>-33.5404100</LatitudeDegrees>
      <LongitudeDegrees>-70.9538000</LongitudeDegrees>
     </Position>
     <AltitudeMeters>385.8</AltitudeMeters>
     <DistanceMeters>31923.496245341517</DistanceMeters>
    </Trackpoint>
    <Trackpoint>
     <Time>2026-07-19T01:40:14+00:00</Time>
     <Position>
      <LatitudeDegrees>-33.5404800</LatitudeDegrees>
      <LongitudeDegrees>-70.9536600</LongitudeDegrees>
     </Position>
     <AltitudeMeters>385.8</AltitudeMeters>
     <DistanceMeters>31938.640813050377</DistanceMeters>
    </Trackpoint>
    <Trackpoint>
     <Time>2026-07-19T01:40:20+00:00</Time>
     <Position>
      <LatitudeDegrees>-33.5405400</LatitudeDegrees>
      <LongitudeDegrees>-70.9534900</LongitudeDegrees>
     </Position>
     <AltitudeMeters>386.83</AltitudeMeters>
     <DistanceMeters>31955.76633975702</DistanceMeters>
    </Trackpoint>
    <Trackpoint>
     <Time>2026-07-19T01:40:26+00:00</Time>
     <Position>
      <LatitudeDegrees>-33.5405600</LatitudeDegrees>
      <LongitudeDegrees>-70.9531300</LongitudeDegrees>
     </Position>
     <AltitudeMeters>388.95</AltitudeMeters>
     <DistanceMeters>31989.235621129053</DistanceMeters>
    </Trackpoint>
    <Trackpoint>
     <Time>2026-07-19T01:40:32+00:00</Time>
     <Position>
      <LatitudeDegrees>-33.5405200</LatitudeDegrees>
      <LongitudeDegrees>-70.9529000</LongitudeDegrees>
     </Position>
     <AltitudeMeters>389.41</AltitudeMeters>
     <DistanceMeters>32011.03093389317</DistanceMeters>
    </Trackpoint>
    <Trackpoint>
     <Time>2026-07-19T01:40:39+00:00</Time>
     <Position>
      <LatitudeDegrees>-33.5404800</LatitudeDegrees>
      <LongitudeDegrees>-70.9528100</LongitudeDegrees>
     </Position>
     <AltitudeMeters>389.41</AltitudeMeters>
     <DistanceMeters>32020.492499692686</DistanceMeters>
    </Trackpoint>
    <Trackpoint>
     <Time>2026-07-19T01:40:45+00:00</Time>
     <Position>
      <LatitudeDegrees>-33.5402700</LatitudeDegrees>
      <LongitudeDegrees>-70.9524800</LongitudeDegrees>
     </Position>
     <AltitudeMeters>391.27</AltitudeMeters>
     <DistanceMeters>32059.007020422323</DistanceMeters>
    </Trackpoint>
    <Trackpoint>
     <Time>2026-07-19T01:40:51+00:00</Time>
     <Position>
      <LatitudeDegrees>-33.5401200</LatitudeDegrees>
      <LongitudeDegrees>-70.9522700</LongitudeDegrees>
     </Position>
     <AltitudeMeters>392.28000000000003</AltitudeMeters>
     <DistanceMeters>32084.66233657782</DistanceMeters>
    </Trackpoint>
    <Trackpoint>
     <Time>2026-07-19T01:40:57+00:00</Time>
     <Position>
      <LatitudeDegrees>-33.5398500</LatitudeDegrees>
      <LongitudeDegrees>-70.9519600</LongitudeDegrees>
     </Position>
     <AltitudeMeters>393.79</AltitudeMeters>
     <DistanceMeters>32126.25519804076</DistanceMeters>
    </Trackpoint>
    <Trackpoint>
     <Time>2026-07-19T01:41:03+00:00</Time>
     <Position>
      <LatitudeDegrees>-33.5396500</LatitudeDegrees>
      <LongitudeDegrees>-70.9517800</LongitudeDegrees>
     </Position>
     <AltitudeMeters>395.89</AltitudeMeters>
     <DistanceMeters>32154.08115386937</DistanceMeters>
    </Trackpoint>
    <Trackpoint>
     <Time>2026-07-19T01:41:10+00:00</Time>
     <Position>
      <LatitudeDegrees>-33.5391800</LatitudeDegrees>
      <LongitudeDegrees>-70.9514700</LongitudeDegrees>
     </Position>
     <AltitudeMeters>398.13000000000005</AltitudeMeters>
     <DistanceMeters>32213.773806805897</DistanceMeters>
    </Trackpoint>
    <Trackpoint>
     <Time>2026-07-19T01:41:16+00:00</Time>
     <Position>
      <LatitudeDegrees>-33.5389300</LatitudeDegrees>
      <LongitudeDegrees>-70.9512000</LongitudeDegrees>
     </Position>
     <AltitudeMeters>399.44</AltitudeMeters>
     <DistanceMeters>32251.210602225263</DistanceMeters>
    </Trackpoint>
    <Trackpoint>
     <Time>2026-07-19T01:41:22+00:00</Time>
     <Position>
      <LatitudeDegrees>-33.5386200</LatitudeDegrees>
      <LongitudeDegrees>-70.9507100</LongitudeDegrees>
     </Position>
     <AltitudeMeters>401.96000000000004</AltitudeMeters>
     <DistanceMeters>32308.276929584506</DistanceMeters>
    </Trackpoint>
    <Trackpoint>
     <Time>2026-07-19T01:41:28+00:00</Time>
     <Position>
      <LatitudeDegrees>-33.5385100</LatitudeDegrees>
      <LongitudeDegrees>-70.9505300</LongitudeDegrees>
     </Position>
     <AltitudeMeters>403.03000000000003</AltitudeMeters>
     <DistanceMeters>32328.98204354739</DistanceMeters>
    </Trackpoint>
    <Trackpoint>
     <Time>2026-07-19T01:41:34+00:00</Time>
     <Position>
      <LatitudeDegrees>-33.5384400</LatitudeDegrees>
      <LongitudeDegrees>-70.9502700</LongitudeDegrees>
     </Position>
     <AltitudeMeters>404.37</AltitudeMeters>
     <DistanceMeters>32354.328376645008</DistanceMeters>
    </Trackpoint>
    <Trackpoint>
     <Time>2026-07-19T01:41:41+00:00</Time>
     <Position>
      <LatitudeDegrees>-33.5384600</LatitudeDegrees>
      <LongitudeDegrees>-70.9499900</LongitudeDegrees>
     </Position>
     <AltitudeMeters>405.90000000000003</AltitudeMeters>
     <DistanceMeters>32380.39823827808</DistanceMeters>
    </Trackpoint>
    <Trackpoint>
     <Time>2026-07-19T01:41:47+00:00</Time>
     <Position>
      <LatitudeDegrees>-33.5385700</LatitudeDegrees>
      <LongitudeDegrees>-70.9497200</LongitudeDegrees>
     </Position>
     <AltitudeMeters>406.62</AltitudeMeters>
     <DistanceMeters>32408.27709021468</DistanceMeters>
    </Trackpoint>
    <Trackpoint>
     <Time>2026-07-19T01:41:53+00:00</Time>
     <Position>
      <LatitudeDegrees>-33.5387500</LatitudeDegrees>
      <LongitudeDegrees>-70.9495000</LongitudeDegrees>
     </Position>
     <AltitudeMeters>408.14000000000004</AltitudeMeters>
     <DistanceMeters>32436.875017639773</DistanceMeters>
    </Trackpoint>
    <Trackpoint>
     <Time>2026-07-19T01:41:59+00:00</Time>
     <Position>
      <LatitudeDegrees>-33.5388900</LatitudeDegrees>
      <LongitudeDegrees>-70.9494000</LongitudeDegrees>
     </Position>
     <AltitudeMeters>408.14000000000004</AltitudeMeters>
     <DistanceMeters>32455.008843533997</DistanceMeters>
    </Trackpoint>
    <Trackpoint>
     <Time>2026-07-19T01:42:05+00:00</Time>
     <Position>
      <LatitudeDegrees>-33.5390400</LatitudeDegrees>
      <LongitudeDegrees>-70.9493200</LongitudeDegrees>
     </Position>
     <AltitudeMeters>410.57000000000005</AltitudeMeters>
     <DistanceMeters>32473.27840544479</DistanceMeters>
    </Trackpoint>
    <Trackpoint>
     <Time>2026-07-19T01:42:12+00:00</Time>
     <Position>
      <LatitudeDegrees>-33.5397800</LatitudeDegrees>
      <LongitudeDegrees>-70.9492300</LongitudeDegrees>
     </Position>
     <AltitudeMeters>414.54</AltitudeMeters>
     <DistanceMeters>32556.059304042094</DistanceMeters>
    </Trackpoint>
    <Trackpoint>
     <Time>2026-07-19T01:42:18+00:00</Time>
     <Position>
      <LatitudeDegrees>-33.5405200</LatitudeDegrees>
      <LongitudeDegrees>-70.9491400</LongitudeDegrees>
     </Position>
     <AltitudeMeters>416.53000000000003</AltitudeMeters>
     <DistanceMeters>32638.840188713933</DistanceMeters>
    </Trackpoint>
    <Trackpoint>
     <Time>2026-07-19T01:42:24+00:00</Time>
     <Position>
      <LatitudeDegrees>-33.5408300</LatitudeDegrees>
      <LongitudeDegrees>-70.9491400</LongitudeDegrees>
     </Position>
     <AltitudeMeters>420.56000000000006</AltitudeMeters>
     <DistanceMeters>32673.341849340468</DistanceMeters>
    </Trackpoint>
    <Trackpoint>
     <Time>2026-07-19T01:42:30+00:00</Time>
     <Position>
      <LatitudeDegrees>-33.5414400</LatitudeDegrees>
      <LongitudeDegrees>-70.9493600</LongitudeDegrees>
     </Position>
     <AltitudeMeters>423.64</AltitudeMeters>
     <DistanceMeters>32744.233239446003</DistanceMeters>
    </Trackpoint>
    <Trackpoint>
     <Time>2026-07-19T01:42:36+00:00</Time>
     <Position>
      <LatitudeDegrees>-33.5415900</LatitudeDegrees>
      <LongitudeDegrees>-70.9493700</LongitudeDegrees>
     </Position>
     <AltitudeMeters>424.18000000000006</AltitudeMeters>
     <DistanceMeters>32760.953343808796</DistanceMeters>
    </Trackpoint>
    <Trackpoint>
     <Time>2026-07-19T01:42:43+00:00</Time>
     <Position>
      <LatitudeDegrees>-33.5418000</LatitudeDegrees>
      <LongitudeDegrees>-70.9493700</LongitudeDegrees>
     </Position>
     <AltitudeMeters>425.3500000000001</AltitudeMeters>
     <DistanceMeters>32784.325436491665</DistanceMeters>
    </Trackpoint>
    <Trackpoint>
     <Time>2026-07-19T01:42:49+00:00</Time>
     <Position>
      <LatitudeDegrees>-33.5423700</LatitudeDegrees>
      <LongitudeDegrees>-70.9493300</LongitudeDegrees>
     </Position>
     <AltitudeMeters>426.67</AltitudeMeters>
     <DistanceMeters>32847.87239468039</DistanceMeters>
    </Trackpoint>
    <Trackpoint>
     <Time>2026-07-19T01:42:55+00:00</Time>
     <Position>
      <LatitudeDegrees>-33.5427400</LatitudeDegrees>
      <LongitudeDegrees>-70.9493600</LongitudeDegrees>
     </Position>
     <AltitudeMeters>427.82000000000005</AltitudeMeters>
     <DistanceMeters>32889.14572079792</DistanceMeters>
    </Trackpoint>
    <Trackpoint>
     <Time>2026-07-19T01:43:01+00:00</Time>
     <Position>
      <LatitudeDegrees>-33.5430500</LatitudeDegrees>
      <LongitudeDegrees>-70.9494100</LongitudeDegrees>
     </Position>
     <AltitudeMeters>429.01000000000005</AltitudeMeters>
     <DistanceMeters>32923.95773739157</DistanceMeters>
    </Trackpoint>
    <Trackpoint>
     <Time>2026-07-19T01:43:07+00:00</Time>
     <Position>
      <LatitudeDegrees>-33.5432500</LatitudeDegrees>
      <LongitudeDegrees>-70.9495000</LongitudeDegrees>
     </Position>
     <AltitudeMeters>429.01000000000005</AltitudeMeters>
     <DistanceMeters>32947.73098534803</DistanceMeters>
    </Trackpoint>
    <Trackpoint>
     <Time>2026-07-19T01:43:14+00:00</Time>
     <Position>
      <LatitudeDegrees>-33.5437700</LatitudeDegrees>
      <LongitudeDegrees>-70.9497800</LongitudeDegrees>
     </Position>
     <AltitudeMeters>431.99</AltitudeMeters>
     <DistanceMeters>33011.16579695145</DistanceMeters>
    </Trackpoint>
    <Trackpoint>
     <Time>2026-07-19T01:43:20+00:00</Time>
     <Position>
      <LatitudeDegrees>-33.5440100</LatitudeDegrees>
      <LongitudeDegrees>-70.9498500</LongitudeDegrees>
     </Position>
     <AltitudeMeters>432.71000000000004</AltitudeMeters>
     <DistanceMeters>33038.654666102084</DistanceMeters>
    </Trackpoint>
    <Trackpoint>
     <Time>2026-07-19T01:43:26+00:00</Time>
     <Position>
      <LatitudeDegrees>-33.5441500</LatitudeDegrees>
      <LongitudeDegrees>-70.9497800</LongitudeDegrees>
     </Position>
     <AltitudeMeters>433.57</AltitudeMeters>
     <DistanceMeters>33055.534893228614</DistanceMeters>
    </Trackpoint>
    <Trackpoint>
     <Time>2026-07-19T01:43:32+00:00</Time>
     <Position>
      <LatitudeDegrees>-33.5442400</LatitudeDegrees>
      <LongitudeDegrees>-70.9496800</LongitudeDegrees>
     </Position>
     <AltitudeMeters>433.95000000000005</AltitudeMeters>
     <DistanceMeters>33069.18691006042</DistanceMeters>
    </Trackpoint>
    <Trackpoint>
     <Time>2026-07-19T01:43:38+00:00</Time>
     <Position>
      <LatitudeDegrees>-33.5443300</LatitudeDegrees>
      <LongitudeDegrees>-70.9495400</LongitudeDegrees>
     </Position>
     <AltitudeMeters>435.01000000000005</AltitudeMeters>
     <DistanceMeters>33085.587534266946</DistanceMeters>
    </Trackpoint>
    <Trackpoint>
     <Time>2026-07-19T01:43:45+00:00</Time>
     <Position>
      <LatitudeDegrees>-33.5446800</LatitudeDegrees>
      <LongitudeDegrees>-70.9487800</LongitudeDegrees>
     </Position>
     <AltitudeMeters>438.05000000000007</AltitudeMeters>
     <DistanceMeters>33166.13132043301</DistanceMeters>
    </Trackpoint>
    <Trackpoint>
     <Time>2026-07-19T01:43:51+00:00</Time>
     <Position>
      <LatitudeDegrees>-33.5448000</LatitudeDegrees>
      <LongitudeDegrees>-70.9486400</LongitudeDegrees>
     </Position>
     <AltitudeMeters>438.05000000000007</AltitudeMeters>
     <DistanceMeters>33184.75966138193</DistanceMeters>
    </Trackpoint>
    <Trackpoint>
     <Time>2026-07-19T01:43:57+00:00</Time>
     <Position>
      <LatitudeDegrees>-33.5449300</LatitudeDegrees>
      <LongitudeDegrees>-70.9485100</LongitudeDegrees>
     </Position>
     <AltitudeMeters>440.54</AltitudeMeters>
     <DistanceMeters>33203.594459286614</DistanceMeters>
    </Trackpoint>
    <Trackpoint>
     <Time>2026-07-19T01:44:03+00:00</Time>
     <Position>
      <LatitudeDegrees>-33.5451300</LatitudeDegrees>
      <LongitudeDegrees>-70.9484200</LongitudeDegrees>
     </Position>
     <AltitudeMeters>441.08000000000004</AltitudeMeters>
     <DistanceMeters>33227.36764346549</DistanceMeters>
    </Trackpoint>
    <Trackpoint>
     <Time>2026-07-19T01:44:09+00:00</Time>
     <Position>
      <LatitudeDegrees>-33.5453100</LatitudeDegrees>
      <LongitudeDegrees>-70.9483800</LongitudeDegrees>
     </Position>
     <AltitudeMeters>442.51</AltitudeMeters>
     <DistanceMeters>33247.74156992698</DistanceMeters>
    </Trackpoint>
    <Trackpoint>
     <Time>2026-07-19T01:44:16+00:00</Time>
     <Position>
      <LatitudeDegrees>-33.5456000</LatitudeDegrees>
      <LongitudeDegrees>-70.9484200</LongitudeDegrees>
     </Position>
     <AltitudeMeters>444.57</AltitudeMeters>
     <DistanceMeters>33280.22988560714</DistanceMeters>
    </Trackpoint>
    <Trackpoint>
     <Time>2026-07-19T01:44:22+00:00</Time>
     <Position>
      <LatitudeDegrees>-33.5460300</LatitudeDegrees>
      <LongitudeDegrees>-70.9485100</LongitudeDegrees>
     </Position>
     <AltitudeMeters>446.45</AltitudeMeters>
     <DistanceMeters>33328.80971624704</DistanceMeters>
    </Trackpoint>
    <Trackpoint>
     <Time>2026-07-19T01:44:28+00:00</Time>
     <Position>
      <LatitudeDegrees>-33.5461600</LatitudeDegrees>
      <LongitudeDegrees>-70.9485100</LongitudeDegrees>
     </Position>
     <AltitudeMeters>447.63</AltitudeMeters>
     <DistanceMeters>33343.27815457419</DistanceMeters>
    </Trackpoint>
    <Trackpoint>
     <Time>2026-07-19T01:44:34+00:00</Time>
     <Position>
      <LatitudeDegrees>-33.5463000</LatitudeDegrees>
      <LongitudeDegrees>-70.9484600</LongitudeDegrees>
     </Position>
     <AltitudeMeters>447.63</AltitudeMeters>
     <DistanceMeters>33359.53515697286</DistanceMeters>
    </Trackpoint>
    <Trackpoint>
     <Time>2026-07-19T01:44:40+00:00</Time>
     <Position>
      <LatitudeDegrees>-33.5464300</LatitudeDegrees>
      <LongitudeDegrees>-70.9482500</LongitudeDegrees>
     </Position>
     <AltitudeMeters>449.53000000000003</AltitudeMeters>
     <DistanceMeters>33383.79985120108</DistanceMeters>
    </Trackpoint>
    <Trackpoint>
     <Time>2026-07-19T01:44:47+00:00</Time>
     <Position>
      <LatitudeDegrees>-33.5466800</LatitudeDegrees>
      <LongitudeDegrees>-70.9476300</LongitudeDegrees>
     </Position>
     <AltitudeMeters>451.75000000000006</AltitudeMeters>
     <DistanceMeters>33447.68695590698</DistanceMeters>
    </Trackpoint>
    <Trackpoint>
     <Time>2026-07-19T01:44:53+00:00</Time>
     <Position>
      <LatitudeDegrees>-33.5468300</LatitudeDegrees>
      <LongitudeDegrees>-70.9473900</LongitudeDegrees>
     </Position>
     <AltitudeMeters>452.69000000000005</AltitudeMeters>
     <DistanceMeters>33475.51305146969</DistanceMeters>
    </Trackpoint>
    <Trackpoint>
     <Time>2026-07-19T01:44:59+00:00</Time>
     <Position>
      <LatitudeDegrees>-33.5469700</LatitudeDegrees>
      <LongitudeDegrees>-70.9472600</LongitudeDegrees>
     </Position>
     <AltitudeMeters>454.0</AltitudeMeters>
     <DistanceMeters>33495.21551146244</DistanceMeters>
    </Trackpoint>
    <Trackpoint>
     <Time>2026-07-19T01:45:05+00:00</Time>
     <Position>
      <LatitudeDegrees>-33.5470600</LatitudeDegrees>
      <LongitudeDegrees>-70.9472100</LongitudeDegrees>
     </Position>
     <AltitudeMeters>454.0</AltitudeMeters>
     <DistanceMeters>33506.25373419783</DistanceMeters>
    </Trackpoint>
    <Trackpoint>
     <Time>2026-07-19T01:45:11+00:00</Time>
     <Position>
      <LatitudeDegrees>-33.5474800</LatitudeDegrees>
      <LongitudeDegrees>-70.9469900</LongitudeDegrees>
     </Position>
     <AltitudeMeters>457.52000000000004</AltitudeMeters>
     <DistanceMeters>33557.25811970233</DistanceMeters>
    </Trackpoint>
    <Trackpoint>
     <Time>2026-07-19T01:45:17+00:00</Time>
     <Position>
      <LatitudeDegrees>-33.5477700</LatitudeDegrees>
      <LongitudeDegrees>-70.9468100</LongitudeDegrees>
     </Position>
     <AltitudeMeters>460.05</AltitudeMeters>
     <DistanceMeters>33593.59663543514</DistanceMeters>
    </Trackpoint>
    <Trackpoint>
     <Time>2026-07-19T01:45:24+00:00</Time>
     <Position>
      <LatitudeDegrees>-33.5482200</LatitudeDegrees>
      <LongitudeDegrees>-70.9463200</LongitudeDegrees>
     </Position>
     <AltitudeMeters>463.06</AltitudeMeters>
     <DistanceMeters>33661.2285272092</DistanceMeters>
    </Trackpoint>
    <Trackpoint>
     <Time>2026-07-19T01:45:30+00:00</Time>
     <Position>
      <LatitudeDegrees>-33.5483300</LatitudeDegrees>
      <LongitudeDegrees>-70.9461400</LongitudeDegrees>
     </Position>
     <AltitudeMeters>463.59000000000003</AltitudeMeters>
     <DistanceMeters>33681.93212826812</DistanceMeters>
    </Trackpoint>
    <Trackpoint>
     <Time>2026-07-19T01:45:36+00:00</Time>
     <Position>
      <LatitudeDegrees>-33.5483400</LatitudeDegrees>
      <LongitudeDegrees>-70.9461100</LongitudeDegrees>
     </Position>
     <AltitudeMeters>463.59000000000003</AltitudeMeters>
     <DistanceMeters>33684.929124539296</DistanceMeters>
    </Trackpoint>
    <Trackpoint>
     <Time>2026-07-19T01:45:42+00:00</Time>
     <Position>
      <LatitudeDegrees>-33.5483400</LatitudeDegrees>
      <LongitudeDegrees>-70.9461400</LongitudeDegrees>
     </Position>
     <AltitudeMeters>463.59000000000003</AltitudeMeters>
     <DistanceMeters>33684.929124539296</DistanceMeters>
    </Trackpoint>
    <Trackpoint>
     <Time>2026-07-19T01:45:48+00:00</Time>
     <Position>
      <LatitudeDegrees>-33.5483800</LatitudeDegrees>
      <LongitudeDegrees>-70.9459200</LongitudeDegrees>
     </Position>
     <AltitudeMeters>464.3</AltitudeMeters>
     <DistanceMeters>33705.81540554829</DistanceMeters>
    </Trackpoint>
    <Trackpoint>
     <Time>2026-07-19T01:45:55+00:00</Time>
     <Position>
      <LatitudeDegrees>-33.5483300</LatitudeDegrees>
      <LongitudeDegrees>-70.9456500</LongitudeDegrees>
     </Position>
     <AltitudeMeters>465.88</AltitudeMeters>
     <DistanceMeters>33731.47032613134</DistanceMeters>
    </Trackpoint>
    <Trackpoint>
     <Time>2026-07-19T01:46:01+00:00</Time>
     <Position>
      <LatitudeDegrees>-33.5482400</LatitudeDegrees>
      <LongitudeDegrees>-70.9454800</LongitudeDegrees>
     </Position>
     <AltitudeMeters>466.38</AltitudeMeters>
     <DistanceMeters>33750.15131104329</DistanceMeters>
    </Trackpoint>
    <Trackpoint>
     <Time>2026-07-19T01:46:07+00:00</Time>
     <Position>
      <LatitudeDegrees>-33.5478400</LatitudeDegrees>
      <LongitudeDegrees>-70.9450400</LongitudeDegrees>
     </Position>
     <AltitudeMeters>469.49</AltitudeMeters>
     <DistanceMeters>33810.54635004527</DistanceMeters>
    </Trackpoint>
    <Trackpoint>
     <Time>2026-07-19T01:46:13+00:00</Time>
     <Position>
      <LatitudeDegrees>-33.5477300</LatitudeDegrees>
      <LongitudeDegrees>-70.9448900</LongitudeDegrees>
     </Position>
     <AltitudeMeters>470.58000000000004</AltitudeMeters>
     <DistanceMeters>33829.0791512912</DistanceMeters>
    </Trackpoint>
    <Trackpoint>
     <Time>2026-07-19T01:46:19+00:00</Time>
     <Position>
      <LatitudeDegrees>-33.5476400</LatitudeDegrees>
      <LongitudeDegrees>-70.9446600</LongitudeDegrees>
     </Position>
     <AltitudeMeters>471.64000000000004</AltitudeMeters>
     <DistanceMeters>33852.64764988103</DistanceMeters>
    </Trackpoint>
    <Trackpoint>
     <Time>2026-07-19T01:46:26+00:00</Time>
     <Position>
      <LatitudeDegrees>-33.5476400</LatitudeDegrees>
      <LongitudeDegrees>-70.9444300</LongitudeDegrees>
     </Position>
     <AltitudeMeters>473.61</AltitudeMeters>
     <DistanceMeters>33873.981709524225</DistanceMeters>
    </Trackpoint>
    <Trackpoint>
     <Time>2026-07-19T01:46:32+00:00</Time>
     <Position>
      <LatitudeDegrees>-33.5477300</LatitudeDegrees>
      <LongitudeDegrees>-70.9439000</LongitudeDegrees>
     </Position>
     <AltitudeMeters>476.24000000000007</AltitudeMeters>
     <DistanceMeters>33924.15284805428</DistanceMeters>
    </Trackpoint>
    <Trackpoint>
     <Time>2026-07-19T01:46:38+00:00</Time>
     <Position>
      <LatitudeDegrees>-33.5477100</LatitudeDegrees>
      <LongitudeDegrees>-70.9436000</LongitudeDegrees>
     </Position>
     <AltitudeMeters>479.05</AltitudeMeters>
     <DistanceMeters>33952.06874131283</DistanceMeters>
    </Trackpoint>
    <Trackpoint>
     <Time>2026-07-19T01:46:44+00:00</Time>
     <Position>
      <LatitudeDegrees>-33.5476200</LatitudeDegrees>
      <LongitudeDegrees>-70.9433700</LongitudeDegrees>
     </Position>
     <AltitudeMeters>480.21000000000004</AltitudeMeters>
     <DistanceMeters>33975.637244372476</DistanceMeters>
    </Trackpoint>
    <Trackpoint>
     <Time>2026-07-19T01:46:50+00:00</Time>
     <Position>
      <LatitudeDegrees>-33.5475300</LatitudeDegrees>
      <LongitudeDegrees>-70.9432400</LongitudeDegrees>
     </Position>
     <AltitudeMeters>480.92</AltitudeMeters>
     <DistanceMeters>33991.31325416446</DistanceMeters>
    </Trackpoint>
    <Trackpoint>
     <Time>2026-07-19T01:46:57+00:00</Time>
     <Position>
      <LatitudeDegrees>-33.5474100</LatitudeDegrees>
      <LongitudeDegrees>-70.9431400</LongitudeDegrees>
     </Position>
     <AltitudeMeters>482.30000000000007</AltitudeMeters>
     <DistanceMeters>34007.573863927406</DistanceMeters>
    </Trackpoint>
    <Trackpoint>
     <Time>2026-07-19T01:47:03+00:00</Time>
     <Position>
      <LatitudeDegrees>-33.5471900</LatitudeDegrees>
      <LongitudeDegrees>-70.9430500</LongitudeDegrees>
     </Position>
     <AltitudeMeters>484.39000000000004</AltitudeMeters>
     <DistanceMeters>34033.4429408694</DistanceMeters>
    </Trackpoint>
    <Trackpoint>
     <Time>2026-07-19T01:47:09+00:00</Time>
     <Position>
      <LatitudeDegrees>-33.5470600</LatitudeDegrees>
      <LongitudeDegrees>-70.9430100</LongitudeDegrees>
     </Position>
     <AltitudeMeters>485.03000000000003</AltitudeMeters>
     <DistanceMeters>34048.379539692825</DistanceMeters>
    </Trackpoint>
    <Trackpoint>
     <Time>2026-07-19T01:47:15+00:00</Time>
     <Position>
      <LatitudeDegrees>-33.5466000</LatitudeDegrees>
      <LongitudeDegrees>-70.9429850</LongitudeDegrees>
     </Position>
     <AltitudeMeters>486.77000000000004</AltitudeMeters>
     <DistanceMeters>34099.62806115278</DistanceMeters>
    </Trackpoint>
    <Trackpoint>
     <Time>2026-07-19T01:47:21+00:00</Time>
     <Position>
      <LatitudeDegrees>-33.5461400</LatitudeDegrees>
      <LongitudeDegrees>-70.9429600</LongitudeDegrees>
     </Position>
     <AltitudeMeters>490.88000000000005</AltitudeMeters>
     <DistanceMeters>34150.87654877109</DistanceMeters>
    </Trackpoint>
    <Trackpoint>
     <Time>2026-07-19T01:47:28+00:00</Time>
     <Position>
      <LatitudeDegrees>-33.5458900</LatitudeDegrees>
      <LongitudeDegrees>-70.9430200</LongitudeDegrees>
     </Position>
     <AltitudeMeters>491.82000000000005</AltitudeMeters>
     <DistanceMeters>34179.2516335275</DistanceMeters>
    </Trackpoint>
    <Trackpoint>
     <Time>2026-07-19T01:47:34+00:00</Time>
     <Position>
      <LatitudeDegrees>-33.5452700</LatitudeDegrees>
      <LongitudeDegrees>-70.9433200</LongitudeDegrees>
     </Position>
     <AltitudeMeters>495.44000000000005</AltitudeMeters>
     <DistanceMeters>34253.65485323963</DistanceMeters>
    </Trackpoint>
    <Trackpoint>
     <Time>2026-07-19T01:47:40+00:00</Time>
     <Position>
      <LatitudeDegrees>-33.5452000</LatitudeDegrees>
      <LongitudeDegrees>-70.9433200</LongitudeDegrees>
     </Position>
     <AltitudeMeters>495.90000000000003</AltitudeMeters>
     <DistanceMeters>34261.445550800585</DistanceMeters>
    </Trackpoint>
    <Trackpoint>
     <Time>2026-07-19T01:47:46+00:00</Time>
     <Position>
      <LatitudeDegrees>-33.5450400</LatitudeDegrees>
      <LongitudeDegrees>-70.9432900</LongitudeDegrees>
     </Position>
     <AltitudeMeters>497.34000000000003</AltitudeMeters>
     <DistanceMeters>34279.46898370202</DistanceMeters>
    </Trackpoint>
    <Trackpoint>
     <Time>2026-07-19T01:47:52+00:00</Time>
     <Position>
      <LatitudeDegrees>-33.5448900</LatitudeDegrees>
      <LongitudeDegrees>-70.9432300</LongitudeDegrees>
     </Position>
     <AltitudeMeters>497.34000000000003</AltitudeMeters>
     <DistanceMeters>34297.06662721382</DistanceMeters>
    </Trackpoint>
    <Trackpoint>
     <Time>2026-07-19T01:47:59+00:00</Time>
     <Position>
      <LatitudeDegrees>-33.5447700</LatitudeDegrees>
      <LongitudeDegrees>-70.9431400</LongitudeDegrees>
     </Position>
     <AltitudeMeters>499.11000000000007</AltitudeMeters>
     <DistanceMeters>34312.81668642323</DistanceMeters>
    </Trackpoint>
    <Trackpoint>
     <Time>2026-07-19T01:48:05+00:00</Time>
     <Position>
      <LatitudeDegrees>-33.5446200</LatitudeDegrees>
      <LongitudeDegrees>-70.9429200</LongitudeDegrees>
     </Position>
     <AltitudeMeters>499.75</AltitudeMeters>
     <DistanceMeters>34339.18247258127</DistanceMeters>
    </Trackpoint>
    <Trackpoint>
     <Time>2026-07-19T01:48:11+00:00</Time>
     <Position>
      <LatitudeDegrees>-33.5445300</LatitudeDegrees>
      <LongitudeDegrees>-70.9427000</LongitudeDegrees>
     </Position>
     <AltitudeMeters>500.11000000000007</AltitudeMeters>
     <DistanceMeters>34361.9154211216</DistanceMeters>
    </Trackpoint>
    <Trackpoint>
     <Time>2026-07-19T01:48:17+00:00</Time>
     <Position>
      <LatitudeDegrees>-33.5444800</LatitudeDegrees>
      <LongitudeDegrees>-70.9424300</LongitudeDegrees>
     </Position>
     <AltitudeMeters>500.11000000000007</AltitudeMeters>
     <DistanceMeters>34387.57143097713</DistanceMeters>
    </Trackpoint>
    <Trackpoint>
     <Time>2026-07-19T01:48:23+00:00</Time>
     <Position>
      <LatitudeDegrees>-33.5445300</LatitudeDegrees>
      <LongitudeDegrees>-70.9421600</LongitudeDegrees>
     </Position>
     <AltitudeMeters>503.31</AltitudeMeters>
     <DistanceMeters>34413.227440832656</DistanceMeters>
    </Trackpoint>
    <Trackpoint>
     <Time>2026-07-19T01:48:30+00:00</Time>
     <Position>
      <LatitudeDegrees>-33.5445900</LatitudeDegrees>
      <LongitudeDegrees>-70.9419800</LongitudeDegrees>
     </Position>
     <AltitudeMeters>503.31</AltitudeMeters>
     <DistanceMeters>34431.21009570446</DistanceMeters>
    </Trackpoint>
    <Trackpoint>
     <Time>2026-07-19T01:48:36+00:00</Time>
     <Position>
      <LatitudeDegrees>-33.5447500</LatitudeDegrees>
      <LongitudeDegrees>-70.9417200</LongitudeDegrees>
     </Position>
     <AltitudeMeters>503.31</AltitudeMeters>
     <DistanceMeters>34461.18939666897</DistanceMeters>
    </Trackpoint>
    <Trackpoint>
     <Time>2026-07-19T01:48:42+00:00</Time>
     <Position>
      <LatitudeDegrees>-33.5450200</LatitudeDegrees>
      <LongitudeDegrees>-70.9414300</LongitudeDegrees>
     </Position>
     <AltitudeMeters>505.07</AltitudeMeters>
     <DistanceMeters>34501.520773144235</DistanceMeters>
    </Trackpoint>
    <Trackpoint>
     <Time>2026-07-19T01:48:48+00:00</Time>
     <Position>
      <LatitudeDegrees>-33.5452400</LatitudeDegrees>
      <LongitudeDegrees>-70.9412200</LongitudeDegrees>
     </Position>
     <AltitudeMeters>506.5200000000001</AltitudeMeters>
     <DistanceMeters>34532.809240220624</DistanceMeters>
    </Trackpoint>
    <Trackpoint>
     <Time>2026-07-19T01:48:54+00:00</Time>
     <Position>
      <LatitudeDegrees>-33.5460700</LatitudeDegrees>
      <LongitudeDegrees>-70.9408100</LongitudeDegrees>
     </Position>
     <AltitudeMeters>509.59</AltitudeMeters>
     <DistanceMeters>34632.707116892474</DistanceMeters>
    </Trackpoint>
    <Trackpoint>
     <Time>2026-07-19T01:49:01+00:00</Time>
     <Position>
      <LatitudeDegrees>-33.5461800</LatitudeDegrees>
      <LongitudeDegrees>-70.9406800</LongitudeDegrees>
     </Position>
     <AltitudeMeters>510.75</AltitudeMeters>
     <DistanceMeters>34649.89109419685</DistanceMeters>
    </Trackpoint>
    <Trackpoint>
     <Time>2026-07-19T01:49:07+00:00</Time>
     <Position>
      <LatitudeDegrees>-33.5462000</LatitudeDegrees>
      <LongitudeDegrees>-70.9405000</LongitudeDegrees>
     </Position>
     <AltitudeMeters>510.75</AltitudeMeters>
     <DistanceMeters>34666.73531661869</DistanceMeters>
    </Trackpoint>
    <Trackpoint>
     <Time>2026-07-19T01:49:13+00:00</Time>
     <Position>
      <LatitudeDegrees>-33.5461800</LatitudeDegrees>
      <LongitudeDegrees>-70.9403700</LongitudeDegrees>
     </Position>
     <AltitudeMeters>511.2300000000001</AltitudeMeters>
     <DistanceMeters>34678.99762213519</DistanceMeters>
    </Trackpoint>
    <Trackpoint>
     <Time>2026-07-19T01:49:19+00:00</Time>
     <Position>
      <LatitudeDegrees>-33.5461400</LatitudeDegrees>
      <LongitudeDegrees>-70.9402700</LongitudeDegrees>
     </Position>
     <AltitudeMeters>511.2300000000001</AltitudeMeters>
     <DistanceMeters>34689.28644698644</DistanceMeters>
    </Trackpoint>
    <Trackpoint>
     <Time>2026-07-19T01:49:25+00:00</Time>
     <Position>
      <LatitudeDegrees>-33.5459400</LatitudeDegrees>
      <LongitudeDegrees>-70.9400000</LongitudeDegrees>
     </Position>
     <AltitudeMeters>512.82</AltitudeMeters>
     <DistanceMeters>34722.79332490529</DistanceMeters>
    </Trackpoint>
    <Trackpoint>
     <Time>2026-07-19T01:49:32+00:00</Time>
     <Position>
      <LatitudeDegrees>-33.5458500</LatitudeDegrees>
      <LongitudeDegrees>-70.9397800</LongitudeDegrees>
     </Position>
     <AltitudeMeters>513.5200000000001</AltitudeMeters>
     <DistanceMeters>34745.525993621675</DistanceMeters>
    </Trackpoint>
    <Trackpoint>
     <Time>2026-07-19T01:49:38+00:00</Time>
     <Position>
      <LatitudeDegrees>-33.5458300</LatitudeDegrees>
      <LongitudeDegrees>-70.9396400</LongitudeDegrees>
     </Position>
     <AltitudeMeters>513.5200000000001</AltitudeMeters>
     <DistanceMeters>34758.70159977274</DistanceMeters>
    </Trackpoint>
    <Trackpoint>
     <Time>2026-07-19T01:49:44+00:00</Time>
     <Position>
      <LatitudeDegrees>-33.5459100</LatitudeDegrees>
      <LongitudeDegrees>-70.9393900</LongitudeDegrees>
     </Position>
     <AltitudeMeters>514.57</AltitudeMeters>
     <DistanceMeters>34783.54180645312</DistanceMeters>
    </Trackpoint>
    <Trackpoint>
     <Time>2026-07-19T01:49:50+00:00</Time>
     <Position>
      <LatitudeDegrees>-33.5460000</LatitudeDegrees>
      <LongitudeDegrees>-70.9392900</LongitudeDegrees>
     </Position>
     <AltitudeMeters>514.57</AltitudeMeters>
     <DistanceMeters>34797.19369492266</DistanceMeters>
    </Trackpoint>
    <Trackpoint>
     <Time>2026-07-19T01:49:56+00:00</Time>
     <Position>
      <LatitudeDegrees>-33.5461800</LatitudeDegrees>
      <LongitudeDegrees>-70.9391200</LongitudeDegrees>
     </Position>
     <AltitudeMeters>515.45</AltitudeMeters>
     <DistanceMeters>34822.68858316971</DistanceMeters>
    </Trackpoint>
    <Trackpoint>
     <Time>2026-07-19T01:50:03+00:00</Time>
     <Position>
      <LatitudeDegrees>-33.5467300</LatitudeDegrees>
      <LongitudeDegrees>-70.9387650</LongitudeDegrees>
     </Position>
     <AltitudeMeters>518.37</AltitudeMeters>
     <DistanceMeters>34892.19617396012</DistanceMeters>
    </Trackpoint>
    <Trackpoint>
     <Time>2026-07-19T01:50:09+00:00</Time>
     <Position>
      <LatitudeDegrees>-33.5472800</LatitudeDegrees>
      <LongitudeDegrees>-70.9384100</LongitudeDegrees>
     </Position>
     <AltitudeMeters>520.88</AltitudeMeters>
     <DistanceMeters>34961.70375654998</DistanceMeters>
    </Trackpoint>
    <Trackpoint>
     <Time>2026-07-19T01:50:15+00:00</Time>
     <Position>
      <LatitudeDegrees>-33.5474400</LatitudeDegrees>
      <LongitudeDegrees>-70.9383000</LongitudeDegrees>
     </Position>
     <AltitudeMeters>523.07</AltitudeMeters>
     <DistanceMeters>34982.22708828335</DistanceMeters>
    </Trackpoint>
    <Trackpoint>
     <Time>2026-07-19T01:50:21+00:00</Time>
     <Position>
      <LatitudeDegrees>-33.5474800</LatitudeDegrees>
      <LongitudeDegrees>-70.9380800</LongitudeDegrees>
     </Position>
     <AltitudeMeters>524.09</AltitudeMeters>
     <DistanceMeters>35003.11357695812</DistanceMeters>
    </Trackpoint>
    <Trackpoint>
     <Time>2026-07-19T01:50:27+00:00</Time>
     <Position>
      <LatitudeDegrees>-33.5474800</LatitudeDegrees>
      <LongitudeDegrees>-70.9379900</LongitudeDegrees>
     </Position>
     <AltitudeMeters>524.09</AltitudeMeters>
     <DistanceMeters>35011.46170271169</DistanceMeters>
    </Trackpoint>
    <Trackpoint>
     <Time>2026-07-19T01:50:34+00:00</Time>
     <Position>
      <LatitudeDegrees>-33.5474400</LatitudeDegrees>
      <LongitudeDegrees>-70.9379100</LongitudeDegrees>
     </Position>
     <AltitudeMeters>525.2</AltitudeMeters>
     <DistanceMeters>35020.11522485</DistanceMeters>
    </Trackpoint>
    <Trackpoint>
     <Time>2026-07-19T01:50:40+00:00</Time>
     <Position>
      <LatitudeDegrees>-33.5473500</LatitudeDegrees>
      <LongitudeDegrees>-70.9378100</LongitudeDegrees>
     </Position>
     <AltitudeMeters>525.2</AltitudeMeters>
     <DistanceMeters>35033.76700829249</DistanceMeters>
    </Trackpoint>
    <Trackpoint>
     <Time>2026-07-19T01:50:46+00:00</Time>
     <Position>
      <LatitudeDegrees>-33.5471200</LatitudeDegrees>
      <LongitudeDegrees>-70.9376800</LongitudeDegrees>
     </Position>
     <AltitudeMeters>527.0600000000001</AltitudeMeters>
     <DistanceMeters>35062.06301248795</DistanceMeters>
    </Trackpoint>
    <Trackpoint>
     <Time>2026-07-19T01:50:52+00:00</Time>
     <Position>
      <LatitudeDegrees>-33.5466500</LatitudeDegrees>
      <LongitudeDegrees>-70.9375500</LongitudeDegrees>
     </Position>
     <AltitudeMeters>528.6200000000001</AltitudeMeters>
     <DistanceMeters>35115.7438785334</DistanceMeters>
    </Trackpoint>
    <Trackpoint>
     <Time>2026-07-19T01:50:58+00:00</Time>
     <Position>
      <LatitudeDegrees>-33.5464700</LatitudeDegrees>
      <LongitudeDegrees>-70.9374600</LongitudeDegrees>
     </Position>
     <AltitudeMeters>529.96</AltitudeMeters>
     <DistanceMeters>35137.44693553689</DistanceMeters>
    </Trackpoint>
    <Trackpoint>
     <Time>2026-07-19T01:51:04+00:00</Time>
     <Position>
      <LatitudeDegrees>-33.5463600</LatitudeDegrees>
      <LongitudeDegrees>-70.9373800</LongitudeDegrees>
     </Position>
     <AltitudeMeters>529.96</AltitudeMeters>
     <DistanceMeters>35151.762850597006</DistanceMeters>
    </Trackpoint>
    <Trackpoint>
     <Time>2026-07-19T01:51:11+00:00</Time>
     <Position>
      <LatitudeDegrees>-33.5462100</LatitudeDegrees>
      <LongitudeDegrees>-70.9371900</LongitudeDegrees>
     </Position>
     <AltitudeMeters>531.48</AltitudeMeters>
     <DistanceMeters>35176.03853894229</DistanceMeters>
    </Trackpoint>
    <Trackpoint>
     <Time>2026-07-19T01:51:17+00:00</Time>
     <Position>
      <LatitudeDegrees>-33.5461600</LatitudeDegrees>
      <LongitudeDegrees>-70.9370600</LongitudeDegrees>
     </Position>
     <AltitudeMeters>532.2</AltitudeMeters>
     <DistanceMeters>35189.31921222179</DistanceMeters>
    </Trackpoint>
    <Trackpoint>
     <Time>2026-07-19T01:51:23+00:00</Time>
     <Position>
      <LatitudeDegrees>-33.5461200</LatitudeDegrees>
      <LongitudeDegrees>-70.9368300</LongitudeDegrees>
     </Position>
     <AltitudeMeters>532.64</AltitudeMeters>
     <DistanceMeters>35211.11317165984</DistanceMeters>
    </Trackpoint>
    <Trackpoint>
     <Time>2026-07-19T01:51:29+00:00</Time>
     <Position>
      <LatitudeDegrees>-33.5461400</LatitudeDegrees>
      <LongitudeDegrees>-70.9366100</LongitudeDegrees>
     </Position>
     <AltitudeMeters>533.6800000000001</AltitudeMeters>
     <DistanceMeters>35231.641058893874</DistanceMeters>
    </Trackpoint>
    <Trackpoint>
     <Time>2026-07-19T01:51:35+00:00</Time>
     <Position>
      <LatitudeDegrees>-33.5463050</LatitudeDegrees>
      <LongitudeDegrees>-70.9360950</LongitudeDegrees>
     </Position>
     <AltitudeMeters>536.36</AltitudeMeters>
     <DistanceMeters>35282.819632535124</DistanceMeters>
    </Trackpoint>
    <Trackpoint>
     <Time>2026-07-19T01:51:42+00:00</Time>
     <Position>
      <LatitudeDegrees>-33.5464700</LatitudeDegrees>
      <LongitudeDegrees>-70.9355800</LongitudeDegrees>
     </Position>
     <AltitudeMeters>540.15</AltitudeMeters>
     <DistanceMeters>35333.998226934855</DistanceMeters>
    </Trackpoint>
    <Trackpoint>
     <Time>2026-07-19T01:51:48+00:00</Time>
     <Position>
      <LatitudeDegrees>-33.5465000</LatitudeDegrees>
      <LongitudeDegrees>-70.9353500</LongitudeDegrees>
     </Position>
     <AltitudeMeters>540.6899999999999</AltitudeMeters>
     <DistanceMeters>35355.59226138449</DistanceMeters>
    </Trackpoint>
    <Trackpoint>
     <Time>2026-07-19T01:51:54+00:00</Time>
     <Position>
      <LatitudeDegrees>-33.5464300</LatitudeDegrees>
      <LongitudeDegrees>-70.9351700</LongitudeDegrees>
     </Position>
     <AltitudeMeters>541.62</AltitudeMeters>
     <DistanceMeters>35374.016873506356</DistanceMeters>
    </Trackpoint>
    <Trackpoint>
     <Time>2026-07-19T01:52:00+00:00</Time>
     <Position>
      <LatitudeDegrees>-33.5463000</LatitudeDegrees>
      <LongitudeDegrees>-70.9349900</LongitudeDegrees>
     </Position>
     <AltitudeMeters>542.44</AltitudeMeters>
     <DistanceMeters>35396.110033447716</DistanceMeters>
    </Trackpoint>
    <Trackpoint>
     <Time>2026-07-19T01:52:06+00:00</Time>
     <Position>
      <LatitudeDegrees>-33.5461600</LatitudeDegrees>
      <LongitudeDegrees>-70.9349500</LongitudeDegrees>
     </Position>
     <AltitudeMeters>543.2</AltitudeMeters>
     <DistanceMeters>35412.12710046699</DistanceMeters>
    </Trackpoint>
    <Trackpoint>
     <Time>2026-07-19T01:52:13+00:00</Time>
     <Position>
      <LatitudeDegrees>-33.5460000</LatitudeDegrees>
      <LongitudeDegrees>-70.9349600</LongitudeDegrees>
     </Position>
     <AltitudeMeters>543.84</AltitudeMeters>
     <DistanceMeters>35429.95855179957</DistanceMeters>
    </Trackpoint>
    <Trackpoint>
     <Time>2026-07-19T01:52:19+00:00</Time>
     <Position>
      <LatitudeDegrees>-33.5459400</LatitudeDegrees>
      <LongitudeDegrees>-70.9349900</LongitudeDegrees>
     </Position>
     <AltitudeMeters>545.61</AltitudeMeters>
     <DistanceMeters>35437.19291144205</DistanceMeters>
    </Trackpoint>
    <Trackpoint>
     <Time>2026-07-19T01:52:25+00:00</Time>
     <Position>
      <LatitudeDegrees>-33.5452200</LatitudeDegrees>
      <LongitudeDegrees>-70.9354850</LongitudeDegrees>
     </Position>
     <AltitudeMeters>551.09</AltitudeMeters>
     <DistanceMeters>35529.54847568081</DistanceMeters>
    </Trackpoint>
    <Trackpoint>
     <Time>2026-07-19T01:52:31+00:00</Time>
     <Position>
      <LatitudeDegrees>-33.5445000</LatitudeDegrees>
      <LongitudeDegrees>-70.9359800</LongitudeDegrees>
     </Position>
     <AltitudeMeters>553.4499999999999</AltitudeMeters>
     <DistanceMeters>35621.90402767073</DistanceMeters>
    </Trackpoint>
    <Trackpoint>
     <Time>2026-07-19T01:52:37+00:00</Time>
     <Position>
      <LatitudeDegrees>-33.5441900</LatitudeDegrees>
      <LongitudeDegrees>-70.9361600</LongitudeDegrees>
     </Position>
     <AltitudeMeters>556.49</AltitudeMeters>
     <DistanceMeters>35660.23351537477</DistanceMeters>
    </Trackpoint>
    <Trackpoint>
     <Time>2026-07-19T01:52:44+00:00</Time>
     <Position>
      <LatitudeDegrees>-33.5439700</LatitudeDegrees>
      <LongitudeDegrees>-70.9362100</LongitudeDegrees>
     </Position>
     <AltitudeMeters>556.49</AltitudeMeters>
     <DistanceMeters>35685.1539682458</DistanceMeters>
    </Trackpoint>
    <Trackpoint>
     <Time>2026-07-19T01:52:50+00:00</Time>
     <Position>
      <LatitudeDegrees>-33.5437900</LatitudeDegrees>
      <LongitudeDegrees>-70.9362100</LongitudeDegrees>
     </Position>
     <AltitudeMeters>558.86</AltitudeMeters>
     <DistanceMeters>35705.187190545184</DistanceMeters>
    </Trackpoint>
    <Trackpoint>
     <Time>2026-07-19T01:52:56+00:00</Time>
     <Position>
      <LatitudeDegrees>-33.5437000</LatitudeDegrees>
      <LongitudeDegrees>-70.9361600</LongitudeDegrees>
     </Position>
     <AltitudeMeters>558.86</AltitudeMeters>
     <DistanceMeters>35716.22548702205</DistanceMeters>
    </Trackpoint>
    <Trackpoint>
     <Time>2026-07-19T01:53:02+00:00</Time>
     <Position>
      <LatitudeDegrees>-33.5436000</LatitudeDegrees>
      <LongitudeDegrees>-70.9360600</LongitudeDegrees>
     </Position>
     <AltitudeMeters>559.61</AltitudeMeters>
     <DistanceMeters>35730.71387659826</DistanceMeters>
    </Trackpoint>
    <Trackpoint>
     <Time>2026-07-19T01:53:08+00:00</Time>
     <Position>
      <LatitudeDegrees>-33.5435600</LatitudeDegrees>
      <LongitudeDegrees>-70.9359900</LongitudeDegrees>
     </Position>
     <AltitudeMeters>559.61</AltitudeMeters>
     <DistanceMeters>35738.58670626723</DistanceMeters>
    </Trackpoint>
    <Trackpoint>
     <Time>2026-07-19T01:53:15+00:00</Time>
     <Position>
      <LatitudeDegrees>-33.5435400</LatitudeDegrees>
      <LongitudeDegrees>-70.9358400</LongitudeDegrees>
     </Position>
     <AltitudeMeters>559.61</AltitudeMeters>
     <DistanceMeters>35752.677801919424</DistanceMeters>
    </Trackpoint>
    <Trackpoint>
     <Time>2026-07-19T01:53:21+00:00</Time>
     <Position>
      <LatitudeDegrees>-33.5435700</LatitudeDegrees>
      <LongitudeDegrees>-70.9348700</LongitudeDegrees>
     </Position>
     <AltitudeMeters>565.4</AltitudeMeters>
     <DistanceMeters>35842.71806014113</DistanceMeters>
    </Trackpoint>
    <Trackpoint>
     <Time>2026-07-19T01:53:27+00:00</Time>
     <Position>
      <LatitudeDegrees>-33.5436100</LatitudeDegrees>
      <LongitudeDegrees>-70.9345000</LongitudeDegrees>
     </Position>
     <AltitudeMeters>567.5</AltitudeMeters>
     <DistanceMeters>35877.327194676516</DistanceMeters>
    </Trackpoint>
    <Trackpoint>
     <Time>2026-07-19T01:53:33+00:00</Time>
     <Position>
      <LatitudeDegrees>-33.5437000</LatitudeDegrees>
      <LongitudeDegrees>-70.9342300</LongitudeDegrees>
     </Position>
     <AltitudeMeters>568.4</AltitudeMeters>
     <DistanceMeters>35904.30142050871</DistanceMeters>
    </Trackpoint>
    <Trackpoint>
     <Time>2026-07-19T01:53:39+00:00</Time>
     <Position>
      <LatitudeDegrees>-33.5438800</LatitudeDegrees>
      <LongitudeDegrees>-70.9339600</LongitudeDegrees>
     </Position>
     <AltitudeMeters>569.5400000000001</AltitudeMeters>
     <DistanceMeters>35936.373283508256</DistanceMeters>
    </Trackpoint>
    <Trackpoint>
     <Time>2026-07-19T01:53:46+00:00</Time>
     <Position>
      <LatitudeDegrees>-33.5442600</LatitudeDegrees>
      <LongitudeDegrees>-70.9335200</LongitudeDegrees>
     </Position>
     <AltitudeMeters>570.95</AltitudeMeters>
     <DistanceMeters>35995.148115125296</DistanceMeters>
    </Trackpoint>
    <Trackpoint>
     <Time>2026-07-19T01:53:52+00:00</Time>
     <Position>
      <LatitudeDegrees>-33.5443500</LatitudeDegrees>
      <LongitudeDegrees>-70.9333800</LongitudeDegrees>
     </Position>
     <AltitudeMeters>570.95</AltitudeMeters>
     <DistanceMeters>36011.54873695202</DistanceMeters>
    </Trackpoint>
    <Trackpoint>
     <Time>2026-07-19T01:53:58+00:00</Time>
     <Position>
      <LatitudeDegrees>-33.5443900</LatitudeDegrees>
      <LongitudeDegrees>-70.9331100</LongitudeDegrees>
     </Position>
     <AltitudeMeters>571.33</AltitudeMeters>
     <DistanceMeters>36036.98659743683</DistanceMeters>
    </Trackpoint>
    <Trackpoint>
     <Time>2026-07-19T01:54:04+00:00</Time>
     <Position>
      <LatitudeDegrees>-33.5443900</LatitudeDegrees>
      <LongitudeDegrees>-70.9324000</LongitudeDegrees>
     </Position>
     <AltitudeMeters>573.2</AltitudeMeters>
     <DistanceMeters>36102.84638891888</DistanceMeters>
    </Trackpoint>
    <Trackpoint>
     <Time>2026-07-19T01:54:10+00:00</Time>
     <Position>
      <LatitudeDegrees>-33.5443500</LatitudeDegrees>
      <LongitudeDegrees>-70.9322200</LongitudeDegrees>
     </Position>
     <AltitudeMeters>574.04</AltitudeMeters>
     <DistanceMeters>36120.12654070019</DistanceMeters>
    </Trackpoint>
    <Trackpoint>
     <Time>2026-07-19T01:54:17+00:00</Time>
     <Position>
      <LatitudeDegrees>-33.5442800</LatitudeDegrees>
      <LongitudeDegrees>-70.9321100</LongitudeDegrees>
     </Position>
     <AltitudeMeters>574.04</AltitudeMeters>
     <DistanceMeters>36132.96434454477</DistanceMeters>
    </Trackpoint>
    <Trackpoint>
     <Time>2026-07-19T01:54:23+00:00</Time>
     <Position>
      <LatitudeDegrees>-33.5441500</LatitudeDegrees>
      <LongitudeDegrees>-70.9319900</LongitudeDegrees>
     </Position>
     <AltitudeMeters>575.22</AltitudeMeters>
     <DistanceMeters>36151.21922179407</DistanceMeters>
    </Trackpoint>
    <Trackpoint>
     <Time>2026-07-19T01:54:29+00:00</Time>
     <Position>
      <LatitudeDegrees>-33.5439900</LatitudeDegrees>
      <LongitudeDegrees>-70.9319400</LongitudeDegrees>
     </Position>
     <AltitudeMeters>575.22</AltitudeMeters>
     <DistanceMeters>36169.62062315092</DistanceMeters>
    </Trackpoint>
    <Trackpoint>
     <Time>2026-07-19T01:54:35+00:00</Time>
     <Position>
      <LatitudeDegrees>-33.5439000</LatitudeDegrees>
      <LongitudeDegrees>-70.9319400</LongitudeDegrees>
     </Position>
     <AltitudeMeters>575.5400000000001</AltitudeMeters>
     <DistanceMeters>36179.637234300615</DistanceMeters>
    </Trackpoint>
    <Trackpoint>
     <Time>2026-07-19T01:54:41+00:00</Time>
     <Position>
      <LatitudeDegrees>-33.5435900</LatitudeDegrees>
      <LongitudeDegrees>-70.9320300</LongitudeDegrees>
     </Position>
     <AltitudeMeters>576.61</AltitudeMeters>
     <DistanceMeters>36215.1345836973</DistanceMeters>
    </Trackpoint>
    <Trackpoint>
     <Time>2026-07-19T01:54:48+00:00</Time>
     <Position>
      <LatitudeDegrees>-33.5434300</LatitudeDegrees>
      <LongitudeDegrees>-70.9320400</LongitudeDegrees>
     </Position>
     <AltitudeMeters>577.0500000000001</AltitudeMeters>
     <DistanceMeters>36232.96603646485</DistanceMeters>
    </Trackpoint>
    <Trackpoint>
     <Time>2026-07-19T01:54:54+00:00</Time>
     <Position>
      <LatitudeDegrees>-33.5431600</LatitudeDegrees>
      <LongitudeDegrees>-70.9319900</LongitudeDegrees>
     </Position>
     <AltitudeMeters>578.1700000000001</AltitudeMeters>
     <DistanceMeters>36263.37169719648</DistanceMeters>
    </Trackpoint>
    <Trackpoint>
     <Time>2026-07-19T01:55:00+00:00</Time>
     <Position>
      <LatitudeDegrees>-33.5429200</LatitudeDegrees>
      <LongitudeDegrees>-70.9319000</LongitudeDegrees>
     </Position>
     <AltitudeMeters>579.3100000000001</AltitudeMeters>
     <DistanceMeters>36291.3569417591</DistanceMeters>
    </Trackpoint>
    <Trackpoint>
     <Time>2026-07-19T01:55:06+00:00</Time>
     <Position>
      <LatitudeDegrees>-33.5427800</LatitudeDegrees>
      <LongitudeDegrees>-70.9317800</LongitudeDegrees>
     </Position>
     <AltitudeMeters>580.2700000000001</AltitudeMeters>
     <DistanceMeters>36310.50605724263</DistanceMeters>
    </Trackpoint>
    <Trackpoint>
     <Time>2026-07-19T01:55:12+00:00</Time>
     <Position>
      <LatitudeDegrees>-33.5426200</LatitudeDegrees>
      <LongitudeDegrees>-70.9315500</LongitudeDegrees>
     </Position>
     <AltitudeMeters>582.1400000000001</AltitudeMeters>
     <DistanceMeters>36338.2962422705</DistanceMeters>
    </Trackpoint>
    <Trackpoint>
     <Time>2026-07-19T01:55:19+00:00</Time>
     <Position>
      <LatitudeDegrees>-33.5425100</LatitudeDegrees>
      <LongitudeDegrees>-70.9311800</LongitudeDegrees>
     </Position>
     <AltitudeMeters>584.2900000000001</AltitudeMeters>
     <DistanceMeters>36374.73634082099</DistanceMeters>
    </Trackpoint>
    <Trackpoint>
     <Time>2026-07-19T01:55:25+00:00</Time>
     <Position>
      <LatitudeDegrees>-33.5424200</LatitudeDegrees>
      <LongitudeDegrees>-70.9310000</LongitudeDegrees>
     </Position>
     <AltitudeMeters>585.6999999999999</AltitudeMeters>
     <DistanceMeters>36394.20759322176</DistanceMeters>
    </Trackpoint>
    <Trackpoint>
     <Time>2026-07-19T01:55:31+00:00</Time>
     <Position>
      <LatitudeDegrees>-33.5422900</LatitudeDegrees>
      <LongitudeDegrees>-70.9308800</LongitudeDegrees>
     </Position>
     <AltitudeMeters>586.57</AltitudeMeters>
     <DistanceMeters>36412.46261655511</DistanceMeters>
    </Trackpoint>
    <Trackpoint>
     <Time>2026-07-19T01:55:37+00:00</Time>
     <Position>
      <LatitudeDegrees>-33.5421800</LatitudeDegrees>
      <LongitudeDegrees>-70.9308700</LongitudeDegrees>
     </Position>
     <AltitudeMeters>587.19</AltitudeMeters>
     <DistanceMeters>36424.74023446932</DistanceMeters>
    </Trackpoint>
    <Trackpoint>
     <Time>2026-07-19T01:55:43+00:00</Time>
     <Position>
      <LatitudeDegrees>-33.5420400</LatitudeDegrees>
      <LongitudeDegrees>-70.9308700</LongitudeDegrees>
     </Position>
     <AltitudeMeters>587.19</AltitudeMeters>
     <DistanceMeters>36440.321629591235</DistanceMeters>
    </Trackpoint>
    <Trackpoint>
     <Time>2026-07-19T01:55:50+00:00</Time>
     <Position>
      <LatitudeDegrees>-33.5416600</LatitudeDegrees>
      <LongitudeDegrees>-70.9312300</LongitudeDegrees>
     </Position>
     <AltitudeMeters>591.9300000000001</AltitudeMeters>
     <DistanceMeters>36494.209022484174</DistanceMeters>
    </Trackpoint>
    <Trackpoint>
     <Time>2026-07-19T01:55:56+00:00</Time>
     <Position>
      <LatitudeDegrees>-33.5412800</LatitudeDegrees>
      <LongitudeDegrees>-70.9315900</LongitudeDegrees>
     </Position>
     <AltitudeMeters>593.94</AltitudeMeters>
     <DistanceMeters>36548.09645077081</DistanceMeters>
    </Trackpoint>
    <Trackpoint>
     <Time>2026-07-19T01:56:02+00:00</Time>
     <Position>
      <LatitudeDegrees>-33.5410600</LatitudeDegrees>
      <LongitudeDegrees>-70.9317600</LongitudeDegrees>
     </Position>
     <AltitudeMeters>595.34</AltitudeMeters>
     <DistanceMeters>36577.22041501136</DistanceMeters>
    </Trackpoint>
    <Trackpoint>
     <Time>2026-07-19T01:56:08+00:00</Time>
     <Position>
      <LatitudeDegrees>-33.5409000</LatitudeDegrees>
      <LongitudeDegrees>-70.9317800</LongitudeDegrees>
     </Position>
     <AltitudeMeters>597.49</AltitudeMeters>
     <DistanceMeters>36595.124110221535</DistanceMeters>
    </Trackpoint>
    <Trackpoint>
     <Time>2026-07-19T01:56:14+00:00</Time>
     <Position>
      <LatitudeDegrees>-33.5406800</LatitudeDegrees>
      <LongitudeDegrees>-70.9317700</LongitudeDegrees>
     </Position>
     <AltitudeMeters>598.07</AltitudeMeters>
     <DistanceMeters>36619.626725721384</DistanceMeters>
    </Trackpoint>
    <Trackpoint>
     <Time>2026-07-19T01:56:20+00:00</Time>
     <Position>
      <LatitudeDegrees>-33.5405600</LatitudeDegrees>
      <LongitudeDegrees>-70.9316800</LongitudeDegrees>
     </Position>
     <AltitudeMeters>599.31</AltitudeMeters>
     <DistanceMeters>36635.37700049984</DistanceMeters>
    </Trackpoint>
    <Trackpoint>
     <Time>2026-07-19T01:56:27+00:00</Time>
     <Position>
      <LatitudeDegrees>-33.5404800</LatitudeDegrees>
      <LongitudeDegrees>-70.9315100</LongitudeDegrees>
     </Position>
     <AltitudeMeters>599.9100000000001</AltitudeMeters>
     <DistanceMeters>36653.486844413164</DistanceMeters>
    </Trackpoint>
    <Trackpoint>
     <Time>2026-07-19T01:56:33+00:00</Time>
     <Position>
      <LatitudeDegrees>-33.5403900</LatitudeDegrees>
      <LongitudeDegrees>-70.9306100</LongitudeDegrees>
     </Position>
     <AltitudeMeters>605.89</AltitudeMeters>
     <DistanceMeters>36737.57364003991</DistanceMeters>
    </Trackpoint>
    <Trackpoint>
     <Time>2026-07-19T01:56:39+00:00</Time>
     <Position>
      <LatitudeDegrees>-33.5402700</LatitudeDegrees>
      <LongitudeDegrees>-70.9303900</LongitudeDegrees>
     </Position>
     <AltitudeMeters>606.47</AltitudeMeters>
     <DistanceMeters>36761.9634791101</DistanceMeters>
    </Trackpoint>
    <Trackpoint>
     <Time>2026-07-19T01:56:45+00:00</Time>
     <Position>
      <LatitudeDegrees>-33.5401600</LatitudeDegrees>
      <LongitudeDegrees>-70.9302300</LongitudeDegrees>
     </Position>
     <AltitudeMeters>607.41</AltitudeMeters>
     <DistanceMeters>36781.20341326134</DistanceMeters>
    </Trackpoint>
    <Trackpoint>
     <Time>2026-07-19T01:56:51+00:00</Time>
     <Position>
      <LatitudeDegrees>-33.5397300</LatitudeDegrees>
      <LongitudeDegrees>-70.9297300</LongitudeDegrees>
     </Position>
     <AltitudeMeters>611.5500000000001</AltitudeMeters>
     <DistanceMeters>36847.849075117665</DistanceMeters>
    </Trackpoint>
    <Trackpoint>
     <Time>2026-07-19T01:56:58+00:00</Time>
     <Position>
      <LatitudeDegrees>-33.5395500</LatitudeDegrees>
      <LongitudeDegrees>-70.9295800</LongitudeDegrees>
     </Position>
     <AltitudeMeters>613.24</AltitudeMeters>
     <DistanceMeters>36872.24070891184</DistanceMeters>
    </Trackpoint>
    <Trackpoint>
     <Time>2026-07-19T01:57:04+00:00</Time>
     <Position>
      <LatitudeDegrees>-33.5394500</LatitudeDegrees>
      <LongitudeDegrees>-70.9295300</LongitudeDegrees>
     </Position>
     <AltitudeMeters>613.7600000000001</AltitudeMeters>
     <DistanceMeters>36884.298108550196</DistanceMeters>
    </Trackpoint>
    <Trackpoint>
     <Time>2026-07-19T01:57:10+00:00</Time>
     <Position>
      <LatitudeDegrees>-33.5391800</LatitudeDegrees>
      <LongitudeDegrees>-70.9294500</LongitudeDegrees>
     </Position>
     <AltitudeMeters>614.99</AltitudeMeters>
     <DistanceMeters>36915.250774845576</DistanceMeters>
    </Trackpoint>
    <Trackpoint>
     <Time>2026-07-19T01:57:16+00:00</Time>
     <Position>
      <LatitudeDegrees>-33.5384800</LatitudeDegrees>
      <LongitudeDegrees>-70.9293000</LongitudeDegrees>
     </Position>
     <AltitudeMeters>619.71</AltitudeMeters>
     <DistanceMeters>36994.39066542462</DistanceMeters>
    </Trackpoint>
    <Trackpoint>
     <Time>2026-07-19T01:57:22+00:00</Time>
     <Position>
      <LatitudeDegrees>-33.5382800</LatitudeDegrees>
      <LongitudeDegrees>-70.9291700</LongitudeDegrees>
     </Position>
     <AltitudeMeters>622.2200000000001</AltitudeMeters>
     <DistanceMeters>37019.706764224604</DistanceMeters>
    </Trackpoint>
    <Trackpoint>
     <Time>2026-07-19T01:57:29+00:00</Time>
     <Position>
      <LatitudeDegrees>-33.5378000</LatitudeDegrees>
      <LongitudeDegrees>-70.9285900</LongitudeDegrees>
     </Position>
     <AltitudeMeters>625.33</AltitudeMeters>
     <DistanceMeters>37095.52817932905</DistanceMeters>
    </Trackpoint>
    <Trackpoint>
     <Time>2026-07-19T01:57:35+00:00</Time>
     <Position>
      <LatitudeDegrees>-33.5373200</LatitudeDegrees>
      <LongitudeDegrees>-70.9280100</LongitudeDegrees>
     </Position>
     <AltitudeMeters>629.9800000000001</AltitudeMeters>
     <DistanceMeters>37171.34958847926</DistanceMeters>
    </Trackpoint>
    <Trackpoint>
     <Time>2026-07-19T01:57:41+00:00</Time>
     <Position>
      <LatitudeDegrees>-33.5372300</LatitudeDegrees>
      <LongitudeDegrees>-70.9279200</LongitudeDegrees>
     </Position>
     <AltitudeMeters>629.9800000000001</AltitudeMeters>
     <DistanceMeters>37184.38953336167</DistanceMeters>
    </Trackpoint>
    <Trackpoint>
     <Time>2026-07-19T01:57:47+00:00</Time>
     <Position>
      <LatitudeDegrees>-33.5371000</LatitudeDegrees>
      <LongitudeDegrees>-70.9278300</LongitudeDegrees>
     </Position>
     <AltitudeMeters>632.36</AltitudeMeters>
     <DistanceMeters>37201.09412999399</DistanceMeters>
    </Trackpoint>
    <Trackpoint>
     <Time>2026-07-19T01:57:53+00:00</Time>
     <Position>
      <LatitudeDegrees>-33.5369200</LatitudeDegrees>
      <LongitudeDegrees>-70.9278200</LongitudeDegrees>
     </Position>
     <AltitudeMeters>633.22</AltitudeMeters>
     <DistanceMeters>37221.148819954455</DistanceMeters>
    </Trackpoint>
    <Trackpoint>
     <Time>2026-07-19T01:58:00+00:00</Time>
     <Position>
      <LatitudeDegrees>-33.5366900</LatitudeDegrees>
      <LongitudeDegrees>-70.9278700</LongitudeDegrees>
     </Position>
     <AltitudeMeters>635.45</AltitudeMeters>
     <DistanceMeters>37247.16367859391</DistanceMeters>
    </Trackpoint>
    <Trackpoint>
     <Time>2026-07-19T01:58:06+00:00</Time>
     <Position>
      <LatitudeDegrees>-33.5364500</LatitudeDegrees>
      <LongitudeDegrees>-70.9280100</LongitudeDegrees>
     </Position>
     <AltitudeMeters>635.45</AltitudeMeters>
     <DistanceMeters>37276.8647498433</DistanceMeters>
    </Trackpoint>
    <Trackpoint>
     <Time>2026-07-19T01:58:12+00:00</Time>
     <Position>
      <LatitudeDegrees>-33.5362700</LatitudeDegrees>
      <LongitudeDegrees>-70.9281000</LongitudeDegrees>
     </Position>
     <AltitudeMeters>637.23</AltitudeMeters>
     <DistanceMeters>37298.56818586215</DistanceMeters>
    </Trackpoint>
    <Trackpoint>
     <Time>2026-07-19T01:58:18+00:00</Time>
     <Position>
      <LatitudeDegrees>-33.5360900</LatitudeDegrees>
      <LongitudeDegrees>-70.9281100</LongitudeDegrees>
     </Position>
     <AltitudeMeters>638.05</AltitudeMeters>
     <DistanceMeters>37318.62287623471</DistanceMeters>
    </Trackpoint>
    <Trackpoint>
     <Time>2026-07-19T01:58:24+00:00</Time>
     <Position>
      <LatitudeDegrees>-33.5356800</LatitudeDegrees>
      <LongitudeDegrees>-70.9281100</LongitudeDegrees>
     </Position>
     <AltitudeMeters>641.72</AltitudeMeters>
     <DistanceMeters>37364.254104805696</DistanceMeters>
    </Trackpoint>
    <Trackpoint>
     <Time>2026-07-19T01:58:31+00:00</Time>
     <Position>
      <LatitudeDegrees>-33.5353900</LatitudeDegrees>
      <LongitudeDegrees>-70.9282300</LongitudeDegrees>
     </Position>
     <AltitudeMeters>642.61</AltitudeMeters>
     <DistanceMeters>37398.39577393682</DistanceMeters>
    </Trackpoint>
    <Trackpoint>
     <Time>2026-07-19T01:58:37+00:00</Time>
     <Position>
      <LatitudeDegrees>-33.5351500</LatitudeDegrees>
      <LongitudeDegrees>-70.9283800</LongitudeDegrees>
     </Position>
     <AltitudeMeters>644.2800000000001</AltitudeMeters>
     <DistanceMeters>37428.51415585177</DistanceMeters>
    </Trackpoint>
    <Trackpoint>
     <Time>2026-07-19T01:58:43+00:00</Time>
     <Position>
      <LatitudeDegrees>-33.5350600</LatitudeDegrees>
      <LongitudeDegrees>-70.9284700</LongitudeDegrees>
     </Position>
     <AltitudeMeters>645.6</AltitudeMeters>
     <DistanceMeters>37441.55423492701</DistanceMeters>
    </Trackpoint>
    <Trackpoint>
     <Time>2026-07-19T01:58:49+00:00</Time>
     <Position>
      <LatitudeDegrees>-33.5344500</LatitudeDegrees>
      <LongitudeDegrees>-70.9292300</LongitudeDegrees>
     </Position>
     <AltitudeMeters>651.12</AltitudeMeters>
     <DistanceMeters>37539.43247677716</DistanceMeters>
    </Trackpoint>
    <Trackpoint>
     <Time>2026-07-19T01:58:55+00:00</Time>
     <Position>
      <LatitudeDegrees>-33.5343000</LatitudeDegrees>
      <LongitudeDegrees>-70.9294000</LongitudeDegrees>
     </Position>
     <AltitudeMeters>652.39</AltitudeMeters>
     <DistanceMeters>37562.39828031724</DistanceMeters>
    </Trackpoint>
    <Trackpoint>
     <Time>2026-07-19T01:59:02+00:00</Time>
     <Position>
      <LatitudeDegrees>-33.5341800</LatitudeDegrees>
      <LongitudeDegrees>-70.9294900</LongitudeDegrees>
     </Position>
     <AltitudeMeters>652.39</AltitudeMeters>
     <DistanceMeters>37578.148881746354</DistanceMeters>
    </Trackpoint>
    <Trackpoint>
     <Time>2026-07-19T01:59:08+00:00</Time>
     <Position>
      <LatitudeDegrees>-33.5340100</LatitudeDegrees>
      <LongitudeDegrees>-70.9295700</LongitudeDegrees>
     </Position>
     <AltitudeMeters>655.1600000000001</AltitudeMeters>
     <DistanceMeters>37598.472714041716</DistanceMeters>
    </Trackpoint>
    <Trackpoint>
     <Time>2026-07-19T01:59:14+00:00</Time>
     <Position>
      <LatitudeDegrees>-33.5336000</LatitudeDegrees>
      <LongitudeDegrees>-70.9295800</LongitudeDegrees>
     </Position>
     <AltitudeMeters>658.8900000000001</AltitudeMeters>
     <DistanceMeters>37644.11337221429</DistanceMeters>
    </Trackpoint>
    <Trackpoint>
     <Time>2026-07-19T01:59:20+00:00</Time>
     <Position>
      <LatitudeDegrees>-33.5334700</LatitudeDegrees>
      <LongitudeDegrees>-70.9295400</LongitudeDegrees>
     </Position>
     <AltitudeMeters>658.8900000000001</AltitudeMeters>
     <DistanceMeters>37659.050115973194</DistanceMeters>
    </Trackpoint>
    <Trackpoint>
     <Time>2026-07-19T01:59:26+00:00</Time>
     <Position>
      <LatitudeDegrees>-33.5332700</LatitudeDegrees>
      <LongitudeDegrees>-70.9294100</LongitudeDegrees>
     </Position>
     <AltitudeMeters>661.0</AltitudeMeters>
     <DistanceMeters>37684.366547727375</DistanceMeters>
    </Trackpoint>
    <Trackpoint>
     <Time>2026-07-19T01:59:33+00:00</Time>
     <Position>
      <LatitudeDegrees>-33.5330700</LatitudeDegrees>
      <LongitudeDegrees>-70.9292600</LongitudeDegrees>
     </Position>
     <AltitudeMeters>662.1400000000001</AltitudeMeters>
     <DistanceMeters>37710.61764140806</DistanceMeters>
    </Trackpoint>
    <Trackpoint>
     <Time>2026-07-19T01:59:39+00:00</Time>
     <Position>
      <LatitudeDegrees>-33.5328900</LatitudeDegrees>
      <LongitudeDegrees>-70.9289500</LongitudeDegrees>
     </Position>
     <AltitudeMeters>663.6899999999999</AltitudeMeters>
     <DistanceMeters>37745.666716536514</DistanceMeters>
    </Trackpoint>
    <Trackpoint>
     <Time>2026-07-19T01:59:45+00:00</Time>
     <Position>
      <LatitudeDegrees>-33.5325500</LatitudeDegrees>
      <LongitudeDegrees>-70.9281900</LongitudeDegrees>
     </Position>
     <AltitudeMeters>666.7</AltitudeMeters>
     <DistanceMeters>37825.68664190964</DistanceMeters>
    </Trackpoint>
    <Trackpoint>
     <Time>2026-07-19T01:59:51+00:00</Time>
     <Position>
      <LatitudeDegrees>-33.5324400</LatitudeDegrees>
      <LongitudeDegrees>-70.9279800</LongitudeDegrees>
     </Position>
     <AltitudeMeters>667.39</AltitudeMeters>
     <DistanceMeters>37848.69622436938</DistanceMeters>
    </Trackpoint>
    <Trackpoint>
     <Time>2026-07-19T01:59:57+00:00</Time>
     <Position>
      <LatitudeDegrees>-33.5323500</LatitudeDegrees>
      <LongitudeDegrees>-70.9278400</LongitudeDegrees>
     </Position>
     <AltitudeMeters>667.71</AltitudeMeters>
     <DistanceMeters>37865.09826318073</DistanceMeters>
    </Trackpoint>
    <Trackpoint>
     <Time>2026-07-19T02:00:04+00:00</Time>
     <Position>
      <LatitudeDegrees>-33.5322300</LatitudeDegrees>
      <LongitudeDegrees>-70.9277300</LongitudeDegrees>
     </Position>
     <AltitudeMeters>668.2300000000001</AltitudeMeters>
     <DistanceMeters>37881.906359381595</DistanceMeters>
    </Trackpoint>
    <Trackpoint>
     <Time>2026-07-19T02:00:10+00:00</Time>
     <Position>
      <LatitudeDegrees>-33.5320600</LatitudeDegrees>
      <LongitudeDegrees>-70.9276500</LongitudeDegrees>
     </Position>
     <AltitudeMeters>669.07</AltitudeMeters>
     <DistanceMeters>37902.23025280725</DistanceMeters>
    </Trackpoint>
    <Trackpoint>
     <Time>2026-07-19T02:00:16+00:00</Time>
     <Position>
      <LatitudeDegrees>-33.5315900</LatitudeDegrees>
      <LongitudeDegrees>-70.9275100</LongitudeDegrees>
     </Position>
     <AltitudeMeters>671.2</AltitudeMeters>
     <DistanceMeters>37956.127607804025</DistanceMeters>
    </Trackpoint>
    <Trackpoint>
     <Time>2026-07-19T02:00:22+00:00</Time>
     <Position>
      <LatitudeDegrees>-33.5314300</LatitudeDegrees>
      <LongitudeDegrees>-70.9274300</LongitudeDegrees>
     </Position>
     <AltitudeMeters>672.8700000000001</AltitudeMeters>
     <DistanceMeters>37975.41971110636</DistanceMeters>
    </Trackpoint>
    <Trackpoint>
     <Time>2026-07-19T02:00:28+00:00</Time>
     <Position>
      <LatitudeDegrees>-33.5312700</LatitudeDegrees>
      <LongitudeDegrees>-70.9272900</LongitudeDegrees>
     </Position>
     <AltitudeMeters>674.1</AltitudeMeters>
     <DistanceMeters>37997.460552734294</DistanceMeters>
    </Trackpoint>
    <Trackpoint>
     <Time>2026-07-19T02:00:35+00:00</Time>
     <Position>
      <LatitudeDegrees>-33.5311200</LatitudeDegrees>
      <LongitudeDegrees>-70.9271100</LongitudeDegrees>
     </Position>
     <AltitudeMeters>675.71</AltitudeMeters>
     <DistanceMeters>38021.07349965407</DistanceMeters>
    </Trackpoint>
    <Trackpoint>
     <Time>2026-07-19T02:00:41+00:00</Time>
     <Position>
      <LatitudeDegrees>-33.5307400</LatitudeDegrees>
      <LongitudeDegrees>-70.9264900</LongitudeDegrees>
     </Position>
     <AltitudeMeters>679.95</AltitudeMeters>
     <DistanceMeters>38092.468395412565</DistanceMeters>
    </Trackpoint>
    <Trackpoint>
     <Time>2026-07-19T02:00:47+00:00</Time>
     <Position>
      <LatitudeDegrees>-33.5305800</LatitudeDegrees>
      <LongitudeDegrees>-70.9261700</LongitudeDegrees>
     </Position>
     <AltitudeMeters>681.73</AltitudeMeters>
     <DistanceMeters>38127.087431700056</DistanceMeters>
    </Trackpoint>
    <Trackpoint>
     <Time>2026-07-19T02:00:53+00:00</Time>
     <Position>
      <LatitudeDegrees>-33.5305100</LatitudeDegrees>
      <LongitudeDegrees>-70.9258500</LongitudeDegrees>
     </Position>
     <AltitudeMeters>682.7500000000001</AltitudeMeters>
     <DistanceMeters>38157.78066780982</DistanceMeters>
    </Trackpoint>
    <Trackpoint>
     <Time>2026-07-19T02:00:59+00:00</Time>
     <Position>
      <LatitudeDegrees>-33.5304500</LatitudeDegrees>
      <LongitudeDegrees>-70.9249700</LongitudeDegrees>
     </Position>
     <AltitudeMeters>682.94</AltitudeMeters>
     <DistanceMeters>38239.6954820247</DistanceMeters>
    </Trackpoint>
    <Trackpoint>
     <Time>2026-07-19T02:01:06+00:00</Time>
     <Position>
      <LatitudeDegrees>-33.5304300</LatitudeDegrees>
      <LongitudeDegrees>-70.9243800</LongitudeDegrees>
     </Position>
     <AltitudeMeters>680.13</AltitudeMeters>
     <DistanceMeters>38294.478114017096</DistanceMeters>
    </Trackpoint>
    <Trackpoint>
     <Time>2026-07-19T02:01:12+00:00</Time>
     <Position>
      <LatitudeDegrees>-33.5304500</LatitudeDegrees>
      <LongitudeDegrees>-70.9241600</LongitudeDegrees>
     </Position>
     <AltitudeMeters>679.1700000000001</AltitudeMeters>
     <DistanceMeters>38315.00968390635</DistanceMeters>
    </Trackpoint>
    <Trackpoint>
     <Time>2026-07-19T02:01:18+00:00</Time>
     <Position>
      <LatitudeDegrees>-33.5304000</LatitudeDegrees>
      <LongitudeDegrees>-70.9239800</LongitudeDegrees>
     </Position>
     <AltitudeMeters>677.34</AltitudeMeters>
     <DistanceMeters>38332.6120037534</DistanceMeters>
    </Trackpoint>
    <Trackpoint>
     <Time>2026-07-19T02:01:24+00:00</Time>
     <Position>
      <LatitudeDegrees>-33.5302900</LatitudeDegrees>
      <LongitudeDegrees>-70.9237100</LongitudeDegrees>
     </Position>
     <AltitudeMeters>676.5600000000001</AltitudeMeters>
     <DistanceMeters>38360.49298240543</DistanceMeters>
    </Trackpoint>
    <Trackpoint>
     <Time>2026-07-19T02:01:30+00:00</Time>
     <Position>
      <LatitudeDegrees>-33.5301600</LatitudeDegrees>
      <LongitudeDegrees>-70.9235800</LongitudeDegrees>
     </Position>
     <AltitudeMeters>675.3800000000001</AltitudeMeters>
     <DistanceMeters>38379.329088053935</DistanceMeters>
    </Trackpoint>
    <Trackpoint>
     <Time>2026-07-19T02:01:36+00:00</Time>
     <Position>
      <LatitudeDegrees>-33.5295300</LatitudeDegrees>
      <LongitudeDegrees>-70.9231550</LongitudeDegrees>
     </Position>
     <AltitudeMeters>671.19</AltitudeMeters>
     <DistanceMeters>38459.77166325815</DistanceMeters>
    </Trackpoint>
    <Trackpoint>
     <Time>2026-07-19T02:01:43+00:00</Time>
     <Position>
      <LatitudeDegrees>-33.5289000</LatitudeDegrees>
      <LongitudeDegrees>-70.9227300</LongitudeDegrees>
     </Position>
     <AltitudeMeters>666.9600000000002</AltitudeMeters>
     <DistanceMeters>38540.21425017332</DistanceMeters>
    </Trackpoint>
    <Trackpoint>
     <Time>2026-07-19T02:01:49+00:00</Time>
     <Position>
      <LatitudeDegrees>-33.5287200</LatitudeDegrees>
      <LongitudeDegrees>-70.9226500</LongitudeDegrees>
     </Position>
     <AltitudeMeters>665.75</AltitudeMeters>
     <DistanceMeters>38561.578202108736</DistanceMeters>
    </Trackpoint>
    <Trackpoint>
     <Time>2026-07-19T02:01:55+00:00</Time>
     <Position>
      <LatitudeDegrees>-33.5282500</LatitudeDegrees>
      <LongitudeDegrees>-70.9226400</LongitudeDegrees>
     </Position>
     <AltitudeMeters>663.1700000000001</AltitudeMeters>
     <DistanceMeters>38613.89539848399</DistanceMeters>
    </Trackpoint>
    <Trackpoint>
     <Time>2026-07-19T02:02:01+00:00</Time>
     <Position>
      <LatitudeDegrees>-33.5281000</LatitudeDegrees>
      <LongitudeDegrees>-70.9226000</LongitudeDegrees>
     </Position>
     <AltitudeMeters>663.1700000000001</AltitudeMeters>
     <DistanceMeters>38630.997260950244</DistanceMeters>
    </Trackpoint>
    <Trackpoint>
     <Time>2026-07-19T02:02:07+00:00</Time>
     <Position>
      <LatitudeDegrees>-33.5279600</LatitudeDegrees>
      <LongitudeDegrees>-70.9225000</LongitudeDegrees>
     </Position>
     <AltitudeMeters>663.1700000000001</AltitudeMeters>
     <DistanceMeters>38649.131679183294</DistanceMeters>
    </Trackpoint>
    <Trackpoint>
     <Time>2026-07-19T02:02:14+00:00</Time>
     <Position>
      <LatitudeDegrees>-33.5276300</LatitudeDegrees>
      <LongitudeDegrees>-70.9221800</LongitudeDegrees>
     </Position>
     <AltitudeMeters>660.1800000000001</AltitudeMeters>
     <DistanceMeters>38696.3582664582</DistanceMeters>
    </Trackpoint>
    <Trackpoint>
     <Time>2026-07-19T02:02:20+00:00</Time>
     <Position>
      <LatitudeDegrees>-33.5274900</LatitudeDegrees>
      <LongitudeDegrees>-70.9220600</LongitudeDegrees>
     </Position>
     <AltitudeMeters>660.1800000000001</AltitudeMeters>
     <DistanceMeters>38715.50852657083</DistanceMeters>
    </Trackpoint>
    <Trackpoint>
     <Time>2026-07-19T02:02:26+00:00</Time>
     <Position>
      <LatitudeDegrees>-33.5273600</LatitudeDegrees>
      <LongitudeDegrees>-70.9220100</LongitudeDegrees>
     </Position>
     <AltitudeMeters>657.9200000000001</AltitudeMeters>
     <DistanceMeters>38730.70245040304</DistanceMeters>
    </Trackpoint>
    <Trackpoint>
     <Time>2026-07-19T02:02:32+00:00</Time>
     <Position>
      <LatitudeDegrees>-33.5268500</LatitudeDegrees>
      <LongitudeDegrees>-70.9219500</LongitudeDegrees>
     </Position>
     <AltitudeMeters>656.8900000000001</AltitudeMeters>
     <DistanceMeters>38787.7355679241</DistanceMeters>
    </Trackpoint>
    <Trackpoint>
     <Time>2026-07-19T02:02:38+00:00</Time>
     <Position>
      <LatitudeDegrees>-33.5266900</LatitudeDegrees>
      <LongitudeDegrees>-70.9219100</LongitudeDegrees>
     </Position>
     <AltitudeMeters>655.24</AltitudeMeters>
     <DistanceMeters>38805.92548284915</DistanceMeters>
    </Trackpoint>
    <Trackpoint>
     <Time>2026-07-19T02:02:45+00:00</Time>
     <Position>
      <LatitudeDegrees>-33.5265300</LatitudeDegrees>
      <LongitudeDegrees>-70.9217800</LongitudeDegrees>
     </Position>
     <AltitudeMeters>655.24</AltitudeMeters>
     <DistanceMeters>38827.433053023546</DistanceMeters>
    </Trackpoint>
    <Trackpoint>
     <Time>2026-07-19T02:02:51+00:00</Time>
     <Position>
      <LatitudeDegrees>-33.5264200</LatitudeDegrees>
      <LongitudeDegrees>-70.9216100</LongitudeDegrees>
     </Position>
     <AltitudeMeters>654.1</AltitudeMeters>
     <DistanceMeters>38847.39931489801</DistanceMeters>
    </Trackpoint>
    <Trackpoint>
     <Time>2026-07-19T02:02:57+00:00</Time>
     <Position>
      <LatitudeDegrees>-33.5262600</LatitudeDegrees>
      <LongitudeDegrees>-70.9212500</LongitudeDegrees>
     </Position>
     <AltitudeMeters>651.97</AltitudeMeters>
     <DistanceMeters>38885.250404930004</DistanceMeters>
    </Trackpoint>
    <Trackpoint>
     <Time>2026-07-19T02:03:03+00:00</Time>
     <Position>
      <LatitudeDegrees>-33.5261700</LatitudeDegrees>
      <LongitudeDegrees>-70.9211100</LongitudeDegrees>
     </Position>
     <AltitudeMeters>651.5500000000001</AltitudeMeters>
     <DistanceMeters>38901.65317885647</DistanceMeters>
    </Trackpoint>
    <Trackpoint>
     <Time>2026-07-19T02:03:09+00:00</Time>
     <Position>
      <LatitudeDegrees>-33.5260600</LatitudeDegrees>
      <LongitudeDegrees>-70.9210700</LongitudeDegrees>
     </Position>
     <AltitudeMeters>651.1600000000001</AltitudeMeters>
     <DistanceMeters>38914.44584793184</DistanceMeters>
    </Trackpoint>
    <Trackpoint>
     <Time>2026-07-19T02:03:16+00:00</Time>
     <Position>
      <LatitudeDegrees>-33.5256100</LatitudeDegrees>
      <LongitudeDegrees>-70.9210300</LongitudeDegrees>
     </Position>
     <AltitudeMeters>649.11</AltitudeMeters>
     <DistanceMeters>38964.666217627724</DistanceMeters>
    </Trackpoint>
    <Trackpoint>
     <Time>2026-07-19T02:03:22+00:00</Time>
     <Position>
      <LatitudeDegrees>-33.5252300</LatitudeDegrees>
      <LongitudeDegrees>-70.9209300</LongitudeDegrees>
     </Position>
     <AltitudeMeters>647.66</AltitudeMeters>
     <DistanceMeters>39007.96432391171</DistanceMeters>
    </Trackpoint>
    <Trackpoint>
     <Time>2026-07-19T02:03:28+00:00</Time>
     <Position>
      <LatitudeDegrees>-33.5248050</LatitudeDegrees>
      <LongitudeDegrees>-70.9206400</LongitudeDegrees>
     </Position>
     <AltitudeMeters>645.2</AltitudeMeters>
     <DistanceMeters>39062.38230354315</DistanceMeters>
    </Trackpoint>
    <Trackpoint>
     <Time>2026-07-19T02:03:34+00:00</Time>
     <Position>
      <LatitudeDegrees>-33.5243800</LatitudeDegrees>
      <LongitudeDegrees>-70.9203500</LongitudeDegrees>
     </Position>
     <AltitudeMeters>643.0300000000001</AltitudeMeters>
     <DistanceMeters>39116.80028241819</DistanceMeters>
    </Trackpoint>
    <Trackpoint>
     <Time>2026-07-19T02:03:40+00:00</Time>
     <Position>
      <LatitudeDegrees>-33.5242700</LatitudeDegrees>
      <LongitudeDegrees>-70.9202200</LongitudeDegrees>
     </Position>
     <AltitudeMeters>640.95</AltitudeMeters>
     <DistanceMeters>39133.98639399019</DistanceMeters>
    </Trackpoint>
    <Trackpoint>
     <Time>2026-07-19T02:03:47+00:00</Time>
     <Position>
      <LatitudeDegrees>-33.5242000</LatitudeDegrees>
      <LongitudeDegrees>-70.9200400</LongitudeDegrees>
     </Position>
     <AltitudeMeters>640.95</AltitudeMeters>
     <DistanceMeters>39152.4148974361</DistanceMeters>
    </Trackpoint>
    <Trackpoint>
     <Time>2026-07-19T02:03:53+00:00</Time>
     <Position>
      <LatitudeDegrees>-33.5242000</LatitudeDegrees>
      <LongitudeDegrees>-70.9199000</LongitudeDegrees>
     </Position>
     <AltitudeMeters>640.54</AltitudeMeters>
     <DistanceMeters>39165.40436839875</DistanceMeters>
    </Trackpoint>
    <Trackpoint>
     <Time>2026-07-19T02:03:59+00:00</Time>
     <Position>
      <LatitudeDegrees>-33.5242200</LatitudeDegrees>
      <LongitudeDegrees>-70.9198100</LongitudeDegrees>
     </Position>
     <AltitudeMeters>639.7900000000001</AltitudeMeters>
     <DistanceMeters>39174.04632560239</DistanceMeters>
    </Trackpoint>
    <Trackpoint>
     <Time>2026-07-19T02:04:05+00:00</Time>
     <Position>
      <LatitudeDegrees>-33.5243100</LatitudeDegrees>
      <LongitudeDegrees>-70.9196400</LongitudeDegrees>
     </Position>
     <AltitudeMeters>639.1600000000001</AltitudeMeters>
     <DistanceMeters>39192.731009573516</DistanceMeters>
    </Trackpoint>
    <Trackpoint>
     <Time>2026-07-19T02:04:11+00:00</Time>
     <Position>
      <LatitudeDegrees>-33.5245100</LatitudeDegrees>
      <LongitudeDegrees>-70.9194100</LongitudeDegrees>
     </Position>
     <AltitudeMeters>637.27</AltitudeMeters>
     <DistanceMeters>39223.56696115932</DistanceMeters>
    </Trackpoint>
    <Trackpoint>
     <Time>2026-07-19T02:04:18+00:00</Time>
     <Position>
      <LatitudeDegrees>-33.5246500</LatitudeDegrees>
      <LongitudeDegrees>-70.9192300</LongitudeDegrees>
     </Position>
     <AltitudeMeters>636.0600000000001</AltitudeMeters>
     <DistanceMeters>39246.407548267656</DistanceMeters>
    </Trackpoint>
    <Trackpoint>
     <Time>2026-07-19T02:04:24+00:00</Time>
     <Position>
      <LatitudeDegrees>-33.5247200</LatitudeDegrees>
      <LongitudeDegrees>-70.9190600</LongitudeDegrees>
     </Position>
     <AltitudeMeters>636.0600000000001</AltitudeMeters>
     <DistanceMeters>39263.999519966295</DistanceMeters>
    </Trackpoint>
    <Trackpoint>
     <Time>2026-07-19T02:04:30+00:00</Time>
     <Position>
      <LatitudeDegrees>-33.5247400</LatitudeDegrees>
      <LongitudeDegrees>-70.9188800</LongitudeDegrees>
     </Position>
     <AltitudeMeters>634.8900000000001</AltitudeMeters>
     <DistanceMeters>39280.84785131704</DistanceMeters>
    </Trackpoint>
    <Trackpoint>
     <Time>2026-07-19T02:04:36+00:00</Time>
     <Position>
      <LatitudeDegrees>-33.5247200</LatitudeDegrees>
      <LongitudeDegrees>-70.9186100</LongitudeDegrees>
     </Position>
     <AltitudeMeters>634.45</AltitudeMeters>
     <DistanceMeters>39305.9975181499</DistanceMeters>
    </Trackpoint>
    <Trackpoint>
     <Time>2026-07-19T02:04:42+00:00</Time>
     <Position>
      <LatitudeDegrees>-33.5246500</LatitudeDegrees>
      <LongitudeDegrees>-70.9183400</LongitudeDegrees>
     </Position>
     <AltitudeMeters>632.58</AltitudeMeters>
     <DistanceMeters>39332.23197396768</DistanceMeters>
    </Trackpoint>
    <Trackpoint>
     <Time>2026-07-19T02:04:49+00:00</Time>
     <Position>
      <LatitudeDegrees>-33.5244900</LatitudeDegrees>
      <LongitudeDegrees>-70.9174400</LongitudeDegrees>
     </Position>
     <AltitudeMeters>628.74</AltitudeMeters>
     <DistanceMeters>39417.61297591623</DistanceMeters>
    </Trackpoint>
    <Trackpoint>
     <Time>2026-07-19T02:04:55+00:00</Time>
     <Position>
      <LatitudeDegrees>-33.5245100</LatitudeDegrees>
      <LongitudeDegrees>-70.9171300</LongitudeDegrees>
     </Position>
     <AltitudeMeters>626.72</AltitudeMeters>
     <DistanceMeters>39446.461279249794</DistanceMeters>
    </Trackpoint>
    <Trackpoint>
     <Time>2026-07-19T02:05:01+00:00</Time>
     <Position>
      <LatitudeDegrees>-33.5246000</LatitudeDegrees>
      <LongitudeDegrees>-70.9165600</LongitudeDegrees>
     </Position>
     <AltitudeMeters>625.11</AltitudeMeters>
     <DistanceMeters>39500.2869900362</DistanceMeters>
    </Trackpoint>
    <Trackpoint>
     <Time>2026-07-19T02:05:07+00:00</Time>
     <Position>
      <LatitudeDegrees>-33.5246000</LatitudeDegrees>
      <LongitudeDegrees>-70.9164200</LongitudeDegrees>
     </Position>
     <AltitudeMeters>624.47</AltitudeMeters>
     <DistanceMeters>39513.276400922565</DistanceMeters>
    </Trackpoint>
    <Trackpoint>
     <Time>2026-07-19T02:05:13+00:00</Time>
     <Position>
      <LatitudeDegrees>-33.5244900</LatitudeDegrees>
      <LongitudeDegrees>-70.9161100</LongitudeDegrees>
     </Position>
     <AltitudeMeters>624.02</AltitudeMeters>
     <DistanceMeters>39544.53577495644</DistanceMeters>
    </Trackpoint>
    <Trackpoint>
     <Time>2026-07-19T02:05:20+00:00</Time>
     <Position>
      <LatitudeDegrees>-33.5244000</LatitudeDegrees>
      <LongitudeDegrees>-70.9160000</LongitudeDegrees>
     </Position>
     <AltitudeMeters>624.02</AltitudeMeters>
     <DistanceMeters>39558.83593607685</DistanceMeters>
    </Trackpoint>
    <Trackpoint>
     <Time>2026-07-19T02:05:26+00:00</Time>
     <Position>
      <LatitudeDegrees>-33.5242200</LatitudeDegrees>
      <LongitudeDegrees>-70.9158300</LongitudeDegrees>
     </Position>
     <AltitudeMeters>620.45</AltitudeMeters>
     <DistanceMeters>39584.33328207553</DistanceMeters>
    </Trackpoint>
    <Trackpoint>
     <Time>2026-07-19T02:05:32+00:00</Time>
     <Position>
      <LatitudeDegrees>-33.5240900</LatitudeDegrees>
      <LongitudeDegrees>-70.9157400</LongitudeDegrees>
     </Position>
     <AltitudeMeters>620.45</AltitudeMeters>
     <DistanceMeters>39601.03850668699</DistanceMeters>
    </Trackpoint>
    <Trackpoint>
     <Time>2026-07-19T02:05:38+00:00</Time>
     <Position>
      <LatitudeDegrees>-33.5239100</LatitudeDegrees>
      <LongitudeDegrees>-70.9156900</LongitudeDegrees>
     </Position>
     <AltitudeMeters>618.83</AltitudeMeters>
     <DistanceMeters>39621.601855492336</DistanceMeters>
    </Trackpoint>
    <Trackpoint>
     <Time>2026-07-19T02:05:44+00:00</Time>
     <Position>
      <LatitudeDegrees>-33.5233500</LatitudeDegrees>
      <LongitudeDegrees>-70.9156500</LongitudeDegrees>
     </Position>
     <AltitudeMeters>615.47</AltitudeMeters>
     <DistanceMeters>39684.03783666236</DistanceMeters>
    </Trackpoint>
    <Trackpoint>
     <Time>2026-07-19T02:05:51+00:00</Time>
     <Position>
      <LatitudeDegrees>-33.5231900</LatitudeDegrees>
      <LongitudeDegrees>-70.9156100</LongitudeDegrees>
     </Position>
     <AltitudeMeters>615.47</AltitudeMeters>
     <DistanceMeters>39702.22778223158</DistanceMeters>
    </Trackpoint>
    <Trackpoint>
     <Time>2026-07-19T02:05:57+00:00</Time>
     <Position>
      <LatitudeDegrees>-33.5230600</LatitudeDegrees>
      <LongitudeDegrees>-70.9155600</LongitudeDegrees>
     </Position>
     <AltitudeMeters>614.68</AltitudeMeters>
     <DistanceMeters>39717.421776489304</DistanceMeters>
    </Trackpoint>
    <Trackpoint>
     <Time>2026-07-19T02:06:03+00:00</Time>
     <Position>
      <LatitudeDegrees>-33.5227500</LatitudeDegrees>
      <LongitudeDegrees>-70.9152900</LongitudeDegrees>
     </Position>
     <AltitudeMeters>611.38</AltitudeMeters>
     <DistanceMeters>39760.05910897747</DistanceMeters>
    </Trackpoint>
    <Trackpoint>
     <Time>2026-07-19T02:06:09+00:00</Time>
     <Position>
      <LatitudeDegrees>-33.5226300</LatitudeDegrees>
      <LongitudeDegrees>-70.9152500</LongitudeDegrees>
     </Position>
     <AltitudeMeters>611.0600000000001</AltitudeMeters>
     <DistanceMeters>39773.920672670494</DistanceMeters>
    </Trackpoint>
    <Trackpoint>
     <Time>2026-07-19T02:06:15+00:00</Time>
     <Position>
      <LatitudeDegrees>-33.5225400</LatitudeDegrees>
      <LongitudeDegrees>-70.9152500</LongitudeDegrees>
     </Position>
     <AltitudeMeters>610.47</AltitudeMeters>
     <DistanceMeters>39783.93728382018</DistanceMeters>
    </Trackpoint>
    <Trackpoint>
     <Time>2026-07-19T02:06:22+00:00</Time>
     <Position>
      <LatitudeDegrees>-33.5223700</LatitudeDegrees>
      <LongitudeDegrees>-70.9153500</LongitudeDegrees>
     </Position>
     <AltitudeMeters>609.5400000000001</AltitudeMeters>
     <DistanceMeters>39805.0101288119</DistanceMeters>
    </Trackpoint>
    <Trackpoint>
     <Time>2026-07-19T02:06:28+00:00</Time>
     <Position>
      <LatitudeDegrees>-33.5222100</LatitudeDegrees>
      <LongitudeDegrees>-70.9158700</LongitudeDegrees>
     </Position>
     <AltitudeMeters>605.9</AltitudeMeters>
     <DistanceMeters>39856.439090396096</DistanceMeters>
    </Trackpoint>
    <Trackpoint>
     <Time>2026-07-19T02:06:34+00:00</Time>
     <Position>
      <LatitudeDegrees>-33.5220700</LatitudeDegrees>
      <LongitudeDegrees>-70.9160500</LongitudeDegrees>
     </Position>
     <AltitudeMeters>605.9</AltitudeMeters>
     <DistanceMeters>39879.28002201657</DistanceMeters>
    </Trackpoint>
    <Trackpoint>
     <Time>2026-07-19T02:06:40+00:00</Time>
     <Position>
      <LatitudeDegrees>-33.5219800</LatitudeDegrees>
      <LongitudeDegrees>-70.9161000</LongitudeDegrees>
     </Position>
     <AltitudeMeters>605.36</AltitudeMeters>
     <DistanceMeters>39890.31880819217</DistanceMeters>
    </Trackpoint>
    <Trackpoint>
     <Time>2026-07-19T02:06:46+00:00</Time>
     <Position>
      <LatitudeDegrees>-33.5215400</LatitudeDegrees>
      <LongitudeDegrees>-70.9161900</LongitudeDegrees>
     </Position>
     <AltitudeMeters>602.59</AltitudeMeters>
     <DistanceMeters>39939.995797584656</DistanceMeters>
    </Trackpoint>
    <Trackpoint>
     <Time>2026-07-19T02:06:53+00:00</Time>
     <Position>
      <LatitudeDegrees>-33.5213800</LatitudeDegrees>
      <LongitudeDegrees>-70.9162900</LongitudeDegrees>
     </Position>
     <AltitudeMeters>601.13</AltitudeMeters>
     <DistanceMeters>39960.07540349517</DistanceMeters>
    </Trackpoint>
    <Trackpoint>
     <Time>2026-07-19T02:06:59+00:00</Time>
     <Position>
      <LatitudeDegrees>-33.5209800</LatitudeDegrees>
      <LongitudeDegrees>-70.9166800</LongitudeDegrees>
     </Position>
     <AltitudeMeters>598.62</AltitudeMeters>
     <DistanceMeters>40017.44542109172</DistanceMeters>
    </Trackpoint>
    <Trackpoint>
     <Time>2026-07-19T02:07:05+00:00</Time>
     <Position>
      <LatitudeDegrees>-33.5203300</LatitudeDegrees>
      <LongitudeDegrees>-70.9173600</LongitudeDegrees>
     </Position>
     <AltitudeMeters>594.83</AltitudeMeters>
     <DistanceMeters>40113.43648134441</DistanceMeters>
    </Trackpoint>
    <Trackpoint>
     <Time>2026-07-19T02:07:11+00:00</Time>
     <Position>
      <LatitudeDegrees>-33.5202800</LatitudeDegrees>
      <LongitudeDegrees>-70.9174000</LongitudeDegrees>
     </Position>
     <AltitudeMeters>594.83</AltitudeMeters>
     <DistanceMeters>40120.125400638884</DistanceMeters>
    </Trackpoint>
    <Trackpoint>
     <Time>2026-07-19T02:07:17+00:00</Time>
     <Position>
      <LatitudeDegrees>-33.5201700</LatitudeDegrees>
      <LongitudeDegrees>-70.9174000</LongitudeDegrees>
     </Position>
     <AltitudeMeters>593.4200000000001</AltitudeMeters>
     <DistanceMeters>40132.36792537731</DistanceMeters>
    </Trackpoint>
    <Trackpoint>
     <Time>2026-07-19T02:07:23+00:00</Time>
     <Position>
      <LatitudeDegrees>-33.5200400</LatitudeDegrees>
      <LongitudeDegrees>-70.9173200</LongitudeDegrees>
     </Position>
     <AltitudeMeters>593.4200000000001</AltitudeMeters>
     <DistanceMeters>40148.62939041305</DistanceMeters>
    </Trackpoint>
    <Trackpoint>
     <Time>2026-07-19T02:07:30+00:00</Time>
     <Position>
      <LatitudeDegrees>-33.5199700</LatitudeDegrees>
      <LongitudeDegrees>-70.9172600</LongitudeDegrees>
     </Position>
     <AltitudeMeters>593.4200000000001</AltitudeMeters>
     <DistanceMeters>40158.20480319735</DistanceMeters>
    </Trackpoint>
    <Trackpoint>
     <Time>2026-07-19T02:07:36+00:00</Time>
     <Position>
      <LatitudeDegrees>-33.5199300</LatitudeDegrees>
      <LongitudeDegrees>-70.9171400</LongitudeDegrees>
     </Position>
     <AltitudeMeters>591.98</AltitudeMeters>
     <DistanceMeters>40170.1961821364</DistanceMeters>
    </Trackpoint>
    <Trackpoint>
     <Time>2026-07-19T02:07:42+00:00</Time>
     <Position>
      <LatitudeDegrees>-33.5199300</LatitudeDegrees>
      <LongitudeDegrees>-70.9169600</LongitudeDegrees>
     </Position>
     <AltitudeMeters>591.98</AltitudeMeters>
     <DistanceMeters>40186.89775503263</DistanceMeters>
    </Trackpoint>
    <Trackpoint>
     <Time>2026-07-19T02:07:48+00:00</Time>
     <Position>
      <LatitudeDegrees>-33.5199700</LatitudeDegrees>
      <LongitudeDegrees>-70.9165900</LongitudeDegrees>
     </Position>
     <AltitudeMeters>590.04</AltitudeMeters>
     <DistanceMeters>40221.516197130535</DistanceMeters>
    </Trackpoint>
    <Trackpoint>
     <Time>2026-07-19T02:07:54+00:00</Time>
     <Position>
      <LatitudeDegrees>-33.5199500</LatitudeDegrees>
      <LongitudeDegrees>-70.9164100</LongitudeDegrees>
     </Position>
     <AltitudeMeters>589.1500000000001</AltitudeMeters>
     <DistanceMeters>40238.36544147633</DistanceMeters>
    </Trackpoint>
    <Trackpoint>
     <Time>2026-07-19T02:08:01+00:00</Time>
     <Position>
      <LatitudeDegrees>-33.5198600</LatitudeDegrees>
      <LongitudeDegrees>-70.9162300</LongitudeDegrees>
     </Position>
     <AltitudeMeters>588.5400000000001</AltitudeMeters>
     <DistanceMeters>40257.84043049744</DistanceMeters>
    </Trackpoint>
    <Trackpoint>
     <Time>2026-07-19T02:08:07+00:00</Time>
     <Position>
      <LatitudeDegrees>-33.5196100</LatitudeDegrees>
      <LongitudeDegrees>-70.9159200</LongitudeDegrees>
     </Position>
     <AltitudeMeters>586.71</AltitudeMeters>
     <DistanceMeters>40297.85957075557</DistanceMeters>
    </Trackpoint>
    <Trackpoint>
     <Time>2026-07-19T02:08:13+00:00</Time>
     <Position>
      <LatitudeDegrees>-33.5195400</LatitudeDegrees>
      <LongitudeDegrees>-70.9157800</LongitudeDegrees>
     </Position>
     <AltitudeMeters>585.7800000000001</AltitudeMeters>
     <DistanceMeters>40313.00682693816</DistanceMeters>
    </Trackpoint>
    <Trackpoint>
     <Time>2026-07-19T02:08:19+00:00</Time>
     <Position>
      <LatitudeDegrees>-33.5195400</LatitudeDegrees>
      <LongitudeDegrees>-70.9155600</LongitudeDegrees>
     </Position>
     <AltitudeMeters>584.98</AltitudeMeters>
     <DistanceMeters>40333.4199525153</DistanceMeters>
    </Trackpoint>
    <Trackpoint>
     <Time>2026-07-19T02:08:25+00:00</Time>
     <Position>
      <LatitudeDegrees>-33.5196800</LatitudeDegrees>
      <LongitudeDegrees>-70.9151200</LongitudeDegrees>
     </Position>
     <AltitudeMeters>582.23</AltitudeMeters>
     <DistanceMeters>40377.1184646109</DistanceMeters>
    </Trackpoint>
    <Trackpoint>
     <Time>2026-07-19T02:08:32+00:00</Time>
     <Position>
      <LatitudeDegrees>-33.5196600</LatitudeDegrees>
      <LongitudeDegrees>-70.9148900</LongitudeDegrees>
     </Position>
     <AltitudeMeters>582.23</AltitudeMeters>
     <DistanceMeters>40398.57519750662</DistanceMeters>
    </Trackpoint>
    <Trackpoint>
     <Time>2026-07-19T02:08:38+00:00</Time>
     <Position>
      <LatitudeDegrees>-33.5195400</LatitudeDegrees>
      <LongitudeDegrees>-70.9147100</LongitudeDegrees>
     </Position>
     <AltitudeMeters>581.5100000000001</AltitudeMeters>
     <DistanceMeters>40419.960088260515</DistanceMeters>
    </Trackpoint>
    <Trackpoint>
     <Time>2026-07-19T02:08:44+00:00</Time>
     <Position>
      <LatitudeDegrees>-33.5190300</LatitudeDegrees>
      <LongitudeDegrees>-70.9144800</LongitudeDegrees>
     </Position>
     <AltitudeMeters>577.85</AltitudeMeters>
     <DistanceMeters>40480.600246327114</DistanceMeters>
    </Trackpoint>
    <Trackpoint>
     <Time>2026-07-19T02:08:50+00:00</Time>
     <Position>
      <LatitudeDegrees>-33.5189000</LatitudeDegrees>
      <LongitudeDegrees>-70.9143100</LongitudeDegrees>
     </Position>
     <AltitudeMeters>577.3000000000001</AltitudeMeters>
     <DistanceMeters>40502.00471116222</DistanceMeters>
    </Trackpoint>
    <Trackpoint>
     <Time>2026-07-19T02:08:56+00:00</Time>
     <Position>
      <LatitudeDegrees>-33.5188700</LatitudeDegrees>
      <LongitudeDegrees>-70.9140500</LongitudeDegrees>
     </Position>
     <AltitudeMeters>575.5600000000001</AltitudeMeters>
     <DistanceMeters>40526.359450681535</DistanceMeters>
    </Trackpoint>
    <Trackpoint>
     <Time>2026-07-19T02:09:03+00:00</Time>
     <Position>
      <LatitudeDegrees>-33.5188800</LatitudeDegrees>
      <LongitudeDegrees>-70.9140300</LongitudeDegrees>
     </Position>
     <AltitudeMeters>575.5600000000001</AltitudeMeters>
     <DistanceMeters>40526.359450681535</DistanceMeters>
    </Trackpoint>
    <Trackpoint>
     <Time>2026-07-19T02:09:09+00:00</Time>
     <Position>
      <LatitudeDegrees>-33.5189000</LatitudeDegrees>
      <LongitudeDegrees>-70.9138600</LongitudeDegrees>
     </Position>
     <AltitudeMeters>574.35</AltitudeMeters>
     <DistanceMeters>40542.28962739165</DistanceMeters>
    </Trackpoint>
    <Trackpoint>
     <Time>2026-07-19T02:09:15+00:00</Time>
     <Position>
      <LatitudeDegrees>-33.5191667</LatitudeDegrees>
      <LongitudeDegrees>-70.9131900</LongitudeDegrees>
     </Position>
     <AltitudeMeters>570.96</AltitudeMeters>
     <DistanceMeters>40611.17810971114</DistanceMeters>
    </Trackpoint>
    <Trackpoint>
     <Time>2026-07-19T02:09:21+00:00</Time>
     <Position>
      <LatitudeDegrees>-33.5194333</LatitudeDegrees>
      <LongitudeDegrees>-70.9125200</LongitudeDegrees>
     </Position>
     <AltitudeMeters>567.24</AltitudeMeters>
     <DistanceMeters>40680.06659203127</DistanceMeters>
    </Trackpoint>
    <Trackpoint>
     <Time>2026-07-19T02:09:27+00:00</Time>
     <Position>
      <LatitudeDegrees>-33.5197000</LatitudeDegrees>
      <LongitudeDegrees>-70.9118500</LongitudeDegrees>
     </Position>
     <AltitudeMeters>564.4</AltitudeMeters>
     <DistanceMeters>40748.95505134332</DistanceMeters>
    </Trackpoint>
    <Trackpoint>
     <Time>2026-07-19T02:09:34+00:00</Time>
     <Position>
      <LatitudeDegrees>-33.5197550</LatitudeDegrees>
      <LongitudeDegrees>-70.9112700</LongitudeDegrees>
     </Position>
     <AltitudeMeters>563.1400000000001</AltitudeMeters>
     <DistanceMeters>40803.118327872726</DistanceMeters>
    </Trackpoint>
    <Trackpoint>
     <Time>2026-07-19T02:09:40+00:00</Time>
     <Position>
      <LatitudeDegrees>-33.5198100</LatitudeDegrees>
      <LongitudeDegrees>-70.9106900</LongitudeDegrees>
     </Position>
     <AltitudeMeters>558.8100000000001</AltitudeMeters>
     <DistanceMeters>40857.28164511674</DistanceMeters>
    </Trackpoint>
    <Trackpoint>
     <Time>2026-07-19T02:09:46+00:00</Time>
     <Position>
      <LatitudeDegrees>-33.5198600</LatitudeDegrees>
      <LongitudeDegrees>-70.9105000</LongitudeDegrees>
     </Position>
     <AltitudeMeters>558.09</AltitudeMeters>
     <DistanceMeters>40875.76852126065</DistanceMeters>
    </Trackpoint>
    <Trackpoint>
     <Time>2026-07-19T02:09:52+00:00</Time>
     <Position>
      <LatitudeDegrees>-33.5199500</LatitudeDegrees>
      <LongitudeDegrees>-70.9104100</LongitudeDegrees>
     </Position>
     <AltitudeMeters>558.09</AltitudeMeters>
     <DistanceMeters>40888.80954014478</DistanceMeters>
    </Trackpoint>
    <Trackpoint>
     <Time>2026-07-19T02:09:58+00:00</Time>
     <Position>
      <LatitudeDegrees>-33.5200600</LatitudeDegrees>
      <LongitudeDegrees>-70.9102900</LongitudeDegrees>
     </Position>
     <AltitudeMeters>557.21</AltitudeMeters>
     <DistanceMeters>40905.35806448852</DistanceMeters>
    </Trackpoint>
    <Trackpoint>
     <Time>2026-07-19T02:10:05+00:00</Time>
     <Position>
      <LatitudeDegrees>-33.5201900</LatitudeDegrees>
      <LongitudeDegrees>-70.9102800</LongitudeDegrees>
     </Position>
     <AltitudeMeters>555.96</AltitudeMeters>
     <DistanceMeters>40919.85622428562</DistanceMeters>
    </Trackpoint>
    <Trackpoint>
     <Time>2026-07-19T02:10:11+00:00</Time>
     <Position>
      <LatitudeDegrees>-33.5202600</LatitudeDegrees>
      <LongitudeDegrees>-70.9102800</LongitudeDegrees>
     </Position>
     <AltitudeMeters>555.96</AltitudeMeters>
     <DistanceMeters>40927.64692184658</DistanceMeters>
    </Trackpoint>
    <Trackpoint>
     <Time>2026-07-19T02:10:17+00:00</Time>
     <Position>
      <LatitudeDegrees>-33.5209300</LatitudeDegrees>
      <LongitudeDegrees>-70.9104100</LongitudeDegrees>
     </Position>
     <AltitudeMeters>551.86</AltitudeMeters>
     <DistanceMeters>41003.184315795676</DistanceMeters>
    </Trackpoint>
    <Trackpoint>
     <Time>2026-07-19T02:10:23+00:00</Time>
     <Position>
      <LatitudeDegrees>-33.5211100</LatitudeDegrees>
      <LongitudeDegrees>-70.9103700</LongitudeDegrees>
     </Position>
     <AltitudeMeters>549.79</AltitudeMeters>
     <DistanceMeters>41023.55843144857</DistanceMeters>
    </Trackpoint>
    <Trackpoint>
     <Time>2026-07-19T02:10:29+00:00</Time>
     <Position>
      <LatitudeDegrees>-33.5212200</LatitudeDegrees>
      <LongitudeDegrees>-70.9102900</LongitudeDegrees>
     </Position>
     <AltitudeMeters>548.37</AltitudeMeters>
     <DistanceMeters>41037.87547021372</DistanceMeters>
    </Trackpoint>
    <Trackpoint>
     <Time>2026-07-19T02:10:36+00:00</Time>
     <Position>
      <LatitudeDegrees>-33.5213100</LatitudeDegrees>
      <LongitudeDegrees>-70.9101900</LongitudeDegrees>
     </Position>
     <AltitudeMeters>548.37</AltitudeMeters>
     <DistanceMeters>41051.52915898666</DistanceMeters>
    </Trackpoint>
    <Trackpoint>
     <Time>2026-07-19T02:10:42+00:00</Time>
     <Position>
      <LatitudeDegrees>-33.5214900</LatitudeDegrees>
      <LongitudeDegrees>-70.9097400</LongitudeDegrees>
     </Position>
     <AltitudeMeters>546.0200000000001</AltitudeMeters>
     <DistanceMeters>41097.83965020459</DistanceMeters>
    </Trackpoint>
    <Trackpoint>
     <Time>2026-07-19T02:10:48+00:00</Time>
     <Position>
      <LatitudeDegrees>-33.5215800</LatitudeDegrees>
      <LongitudeDegrees>-70.9096200</LongitudeDegrees>
     </Position>
     <AltitudeMeters>546.0200000000001</AltitudeMeters>
     <DistanceMeters>41112.81637745463</DistanceMeters>
    </Trackpoint>
    <Trackpoint>
     <Time>2026-07-19T02:10:54+00:00</Time>
     <Position>
      <LatitudeDegrees>-33.5216700</LatitudeDegrees>
      <LongitudeDegrees>-70.9095600</LongitudeDegrees>
     </Position>
     <AltitudeMeters>543.19</AltitudeMeters>
     <DistanceMeters>41124.27608510724</DistanceMeters>
    </Trackpoint>
    <Trackpoint>
     <Time>2026-07-19T02:11:00+00:00</Time>
     <Position>
      <LatitudeDegrees>-33.5217400</LatitudeDegrees>
      <LongitudeDegrees>-70.9095200</LongitudeDegrees>
     </Position>
     <AltitudeMeters>543.19</AltitudeMeters>
     <DistanceMeters>41132.905647277534</DistanceMeters>
    </Trackpoint>
    <Trackpoint>
     <Time>2026-07-19T02:11:07+00:00</Time>
     <Position>
      <LatitudeDegrees>-33.5218700</LatitudeDegrees>
      <LongitudeDegrees>-70.9095200</LongitudeDegrees>
     </Position>
     <AltitudeMeters>542.58</AltitudeMeters>
     <DistanceMeters>41147.374085604686</DistanceMeters>
    </Trackpoint>
    <Trackpoint>
     <Time>2026-07-19T02:11:13+00:00</Time>
     <Position>
      <LatitudeDegrees>-33.5219400</LatitudeDegrees>
      <LongitudeDegrees>-70.9095500</LongitudeDegrees>
     </Position>
     <AltitudeMeters>541.9200000000001</AltitudeMeters>
     <DistanceMeters>41155.64711518669</DistanceMeters>
    </Trackpoint>
    <Trackpoint>
     <Time>2026-07-19T02:11:19+00:00</Time>
     <Position>
      <LatitudeDegrees>-33.5222800</LatitudeDegrees>
      <LongitudeDegrees>-70.9097400</LongitudeDegrees>
     </Position>
     <AltitudeMeters>539.2600000000001</AltitudeMeters>
     <DistanceMeters>41197.392620421</DistanceMeters>
    </Trackpoint>
    <Trackpoint>
     <Time>2026-07-19T02:11:25+00:00</Time>
     <Position>
      <LatitudeDegrees>-33.5225900</LatitudeDegrees>
      <LongitudeDegrees>-70.9098700</LongitudeDegrees>
     </Position>
     <AltitudeMeters>536.63</AltitudeMeters>
     <DistanceMeters>41233.941956442</DistanceMeters>
    </Trackpoint>
    <Trackpoint>
     <Time>2026-07-19T02:11:31+00:00</Time>
     <Position>
      <LatitudeDegrees>-33.5229400</LatitudeDegrees>
      <LongitudeDegrees>-70.9098800</LongitudeDegrees>
     </Position>
     <AltitudeMeters>534.1700000000001</AltitudeMeters>
     <DistanceMeters>41272.90649274718</DistanceMeters>
    </Trackpoint>
    <Trackpoint>
     <Time>2026-07-19T02:11:38+00:00</Time>
     <Position>
      <LatitudeDegrees>-33.5231000</LatitudeDegrees>
      <LongitudeDegrees>-70.9098800</LongitudeDegrees>
     </Position>
     <AltitudeMeters>534.1700000000001</AltitudeMeters>
     <DistanceMeters>41290.71380145704</DistanceMeters>
    </Trackpoint>
    <Trackpoint>
     <Time>2026-07-19T02:11:44+00:00</Time>
     <Position>
      <LatitudeDegrees>-33.5232200</LatitudeDegrees>
      <LongitudeDegrees>-70.9098000</LongitudeDegrees>
     </Position>
     <AltitudeMeters>532.1100000000001</AltitudeMeters>
     <DistanceMeters>41305.99334766459</DistanceMeters>
    </Trackpoint>
    <Trackpoint>
     <Time>2026-07-19T02:11:50+00:00</Time>
     <Position>
      <LatitudeDegrees>-33.5233300</LatitudeDegrees>
      <LongitudeDegrees>-70.9097100</LongitudeDegrees>
     </Position>
     <AltitudeMeters>532.1100000000001</AltitudeMeters>
     <DistanceMeters>41320.812580190475</DistanceMeters>
    </Trackpoint>
    <Trackpoint>
     <Time>2026-07-19T02:11:56+00:00</Time>
     <Position>
      <LatitudeDegrees>-33.5234000</LatitudeDegrees>
      <LongitudeDegrees>-70.9095600</LongitudeDegrees>
     </Position>
     <AltitudeMeters>530.8900000000001</AltitudeMeters>
     <DistanceMeters>41336.76217825417</DistanceMeters>
    </Trackpoint>
    <Trackpoint>
     <Time>2026-07-19T02:12:02+00:00</Time>
     <Position>
      <LatitudeDegrees>-33.5235500</LatitudeDegrees>
      <LongitudeDegrees>-70.9088400</LongitudeDegrees>
     </Position>
     <AltitudeMeters>528.87</AltitudeMeters>
     <DistanceMeters>41405.62012006043</DistanceMeters>
    </Trackpoint>
    <Trackpoint>
     <Time>2026-07-19T02:12:09+00:00</Time>
     <Position>
      <LatitudeDegrees>-33.5237100</LatitudeDegrees>
      <LongitudeDegrees>-70.9085900</LongitudeDegrees>
     </Position>
     <AltitudeMeters>526.7700000000001</AltitudeMeters>
     <DistanceMeters>41434.86285945385</DistanceMeters>
    </Trackpoint>
    <Trackpoint>
     <Time>2026-07-19T02:12:15+00:00</Time>
     <Position>
      <LatitudeDegrees>-33.5242500</LatitudeDegrees>
      <LongitudeDegrees>-70.9080900</LongitudeDegrees>
     </Position>
     <AltitudeMeters>522.9100000000001</AltitudeMeters>
     <DistanceMeters>41510.78454803552</DistanceMeters>
    </Trackpoint>
    <Trackpoint>
     <Time>2026-07-19T02:12:21+00:00</Time>
     <Position>
      <LatitudeDegrees>-33.5243600</LatitudeDegrees>
      <LongitudeDegrees>-70.9078700</LongitudeDegrees>
     </Position>
     <AltitudeMeters>522.2800000000001</AltitudeMeters>
     <DistanceMeters>41534.586421859625</DistanceMeters>
    </Trackpoint>
    <Trackpoint>
     <Time>2026-07-19T02:12:27+00:00</Time>
     <Position>
      <LatitudeDegrees>-33.5244700</LatitudeDegrees>
      <LongitudeDegrees>-70.9075900</LongitudeDegrees>
     </Position>
     <AltitudeMeters>521.3000000000001</AltitudeMeters>
     <DistanceMeters>41563.3054308965</DistanceMeters>
    </Trackpoint>
    <Trackpoint>
     <Time>2026-07-19T02:12:33+00:00</Time>
     <Position>
      <LatitudeDegrees>-33.5245600</LatitudeDegrees>
      <LongitudeDegrees>-70.9068800</LongitudeDegrees>
     </Position>
     <AltitudeMeters>518.42</AltitudeMeters>
     <DistanceMeters>41629.93755122806</DistanceMeters>
    </Trackpoint>
    <Trackpoint>
     <Time>2026-07-19T02:12:39+00:00</Time>
     <Position>
      <LatitudeDegrees>-33.5246300</LatitudeDegrees>
      <LongitudeDegrees>-70.9066200</LongitudeDegrees>
     </Position>
     <AltitudeMeters>516.9100000000001</AltitudeMeters>
     <DistanceMeters>41655.28756919535</DistanceMeters>
    </Trackpoint>
    <Trackpoint>
     <Time>2026-07-19T02:12:46+00:00</Time>
     <Position>
      <LatitudeDegrees>-33.5247200</LatitudeDegrees>
      <LongitudeDegrees>-70.9064200</LongitudeDegrees>
     </Position>
     <AltitudeMeters>516.35</AltitudeMeters>
     <DistanceMeters>41676.37472685933</DistanceMeters>
    </Trackpoint>
    <Trackpoint>
     <Time>2026-07-19T02:12:52+00:00</Time>
     <Position>
      <LatitudeDegrees>-33.5248300</LatitudeDegrees>
      <LongitudeDegrees>-70.9062100</LongitudeDegrees>
     </Position>
     <AltitudeMeters>514.57</AltitudeMeters>
     <DistanceMeters>41699.38578213221</DistanceMeters>
    </Trackpoint>
    <Trackpoint>
     <Time>2026-07-19T02:12:58+00:00</Time>
     <Position>
      <LatitudeDegrees>-33.5252300</LatitudeDegrees>
      <LongitudeDegrees>-70.9056700</LongitudeDegrees>
     </Position>
     <AltitudeMeters>511.06000000000006</AltitudeMeters>
     <DistanceMeters>41766.40863874643</DistanceMeters>
    </Trackpoint>
    <Trackpoint>
     <Time>2026-07-19T02:13:04+00:00</Time>
     <Position>
      <LatitudeDegrees>-33.5253200</LatitudeDegrees>
      <LongitudeDegrees>-70.9054000</LongitudeDegrees>
     </Position>
     <AltitudeMeters>509.30000000000007</AltitudeMeters>
     <DistanceMeters>41793.387809230364</DistanceMeters>
    </Trackpoint>
    <Trackpoint>
     <Time>2026-07-19T02:13:10+00:00</Time>
     <Position>
      <LatitudeDegrees>-33.5253200</LatitudeDegrees>
      <LongitudeDegrees>-70.9052200</LongitudeDegrees>
     </Position>
     <AltitudeMeters>509.30000000000007</AltitudeMeters>
     <DistanceMeters>41810.08834133104</DistanceMeters>
    </Trackpoint>
    <Trackpoint>
     <Time>2026-07-19T02:13:17+00:00</Time>
     <Position>
      <LatitudeDegrees>-33.5253000</LatitudeDegrees>
      <LongitudeDegrees>-70.9051000</LongitudeDegrees>
     </Position>
     <AltitudeMeters>507.19</AltitudeMeters>
     <DistanceMeters>41821.44235955974</DistanceMeters>
    </Trackpoint>
    <Trackpoint>
     <Time>2026-07-19T02:13:23+00:00</Time>
     <Position>
      <LatitudeDegrees>-33.5251400</LatitudeDegrees>
      <LongitudeDegrees>-70.9047300</LongitudeDegrees>
     </Position>
     <AltitudeMeters>505.78</AltitudeMeters>
     <DistanceMeters>41860.11501643947</DistanceMeters>
    </Trackpoint>
    <Trackpoint>
     <Time>2026-07-19T02:13:29+00:00</Time>
     <Position>
      <LatitudeDegrees>-33.5247950</LatitudeDegrees>
      <LongitudeDegrees>-70.9042550</LongitudeDegrees>
     </Position>
     <AltitudeMeters>502.8</AltitudeMeters>
     <DistanceMeters>41918.56666407804</DistanceMeters>
    </Trackpoint>
    <Trackpoint>
     <Time>2026-07-19T02:13:35+00:00</Time>
     <Position>
      <LatitudeDegrees>-33.5244500</LatitudeDegrees>
      <LongitudeDegrees>-70.9037800</LongitudeDegrees>
     </Position>
     <AltitudeMeters>498.61000000000007</AltitudeMeters>
     <DistanceMeters>41977.018286005885</DistanceMeters>
    </Trackpoint>
    <Trackpoint>
     <Time>2026-07-19T02:13:41+00:00</Time>
     <Position>
      <LatitudeDegrees>-33.5243800</LatitudeDegrees>
      <LongitudeDegrees>-70.9036500</LongitudeDegrees>
     </Position>
     <AltitudeMeters>498.61000000000007</AltitudeMeters>
     <DistanceMeters>41991.37717470659</DistanceMeters>
    </Trackpoint>
    <Trackpoint>
     <Time>2026-07-19T02:13:48+00:00</Time>
     <Position>
      <LatitudeDegrees>-33.5243600</LatitudeDegrees>
      <LongitudeDegrees>-70.9034800</LongitudeDegrees>
     </Position>
     <AltitudeMeters>497.84000000000003</AltitudeMeters>
     <DistanceMeters>42007.30636185934</DistanceMeters>
    </Trackpoint>
    <Trackpoint>
     <Time>2026-07-19T02:13:54+00:00</Time>
     <Position>
      <LatitudeDegrees>-33.5244200</LatitudeDegrees>
      <LongitudeDegrees>-70.9031600</LongitudeDegrees>
     </Position>
     <AltitudeMeters>496.62000000000006</AltitudeMeters>
     <DistanceMeters>42037.738211513206</DistanceMeters>
    </Trackpoint>
    <Trackpoint>
     <Time>2026-07-19T02:14:00+00:00</Time>
     <Position>
      <LatitudeDegrees>-33.5247550</LatitudeDegrees>
      <LongitudeDegrees>-70.9027050</LongitudeDegrees>
     </Position>
     <AltitudeMeters>492.31</AltitudeMeters>
     <DistanceMeters>42094.060930547195</DistanceMeters>
    </Trackpoint>
    <Trackpoint>
     <Time>2026-07-19T02:14:06+00:00</Time>
     <Position>
      <LatitudeDegrees>-33.5250900</LatitudeDegrees>
      <LongitudeDegrees>-70.9022500</LongitudeDegrees>
     </Position>
     <AltitudeMeters>490.46000000000004</AltitudeMeters>
     <DistanceMeters>42150.38367018844</DistanceMeters>
    </Trackpoint>
    <Trackpoint>
     <Time>2026-07-19T02:14:12+00:00</Time>
     <Position>
      <LatitudeDegrees>-33.5253400</LatitudeDegrees>
      <LongitudeDegrees>-70.9020400</LongitudeDegrees>
     </Position>
     <AltitudeMeters>487.87</AltitudeMeters>
     <DistanceMeters>42184.351241580356</DistanceMeters>
    </Trackpoint>
    <Trackpoint>
     <Time>2026-07-19T02:14:19+00:00</Time>
     <Position>
      <LatitudeDegrees>-33.5260600</LatitudeDegrees>
      <LongitudeDegrees>-70.9015900</LongitudeDegrees>
     </Position>
     <AltitudeMeters>482.64</AltitudeMeters>
     <DistanceMeters>42274.70852235977</DistanceMeters>
    </Trackpoint>
    <Trackpoint>
     <Time>2026-07-19T02:14:25+00:00</Time>
     <Position>
      <LatitudeDegrees>-33.5261900</LatitudeDegrees>
      <LongitudeDegrees>-70.9014600</LongitudeDegrees>
     </Position>
     <AltitudeMeters>482.64</AltitudeMeters>
     <DistanceMeters>42293.5449941813</DistanceMeters>
    </Trackpoint>
    <Trackpoint>
     <Time>2026-07-19T02:14:31+00:00</Time>
     <Position>
      <LatitudeDegrees>-33.5263100</LatitudeDegrees>
      <LongitudeDegrees>-70.9013300</LongitudeDegrees>
     </Position>
     <AltitudeMeters>481.59000000000003</AltitudeMeters>
     <DistanceMeters>42311.5407000436</DistanceMeters>
    </Trackpoint>
    <Trackpoint>
     <Time>2026-07-19T02:14:37+00:00</Time>
     <Position>
      <LatitudeDegrees>-33.5266400</LatitudeDegrees>
      <LongitudeDegrees>-70.9006900</LongitudeDegrees>
     </Position>
     <AltitudeMeters>478.21000000000004</AltitudeMeters>
     <DistanceMeters>42381.36022237188</DistanceMeters>
    </Trackpoint>
    <Trackpoint>
     <Time>2026-07-19T02:14:43+00:00</Time>
     <Position>
      <LatitudeDegrees>-33.5267500</LatitudeDegrees>
      <LongitudeDegrees>-70.9005200</LongitudeDegrees>
     </Position>
     <AltitudeMeters>476.83000000000004</AltitudeMeters>
     <DistanceMeters>42401.326452548834</DistanceMeters>
    </Trackpoint>
    <Trackpoint>
     <Time>2026-07-19T02:14:50+00:00</Time>
     <Position>
      <LatitudeDegrees>-33.5268600</LatitudeDegrees>
      <LongitudeDegrees>-70.9003900</LongitudeDegrees>
     </Position>
     <AltitudeMeters>476.83000000000004</AltitudeMeters>
     <DistanceMeters>42418.51232137142</DistanceMeters>
    </Trackpoint>
    <Trackpoint>
     <Time>2026-07-19T02:14:56+00:00</Time>
     <Position>
      <LatitudeDegrees>-33.5271300</LatitudeDegrees>
      <LongitudeDegrees>-70.9002100</LongitudeDegrees>
     </Position>
     <AltitudeMeters>473.96000000000004</AltitudeMeters>
     <DistanceMeters>42452.89094057983</DistanceMeters>
    </Trackpoint>
    <Trackpoint>
     <Time>2026-07-19T02:15:02+00:00</Time>
     <Position>
      <LatitudeDegrees>-33.5278700</LatitudeDegrees>
      <LongitudeDegrees>-70.8999000</LongitudeDegrees>
     </Position>
     <AltitudeMeters>470.16</AltitudeMeters>
     <DistanceMeters>42540.12731439033</DistanceMeters>
    </Trackpoint>
    <Trackpoint>
     <Time>2026-07-19T02:15:08+00:00</Time>
     <Position>
      <LatitudeDegrees>-33.5281000</LatitudeDegrees>
      <LongitudeDegrees>-70.8998600</LongitudeDegrees>
     </Position>
     <AltitudeMeters>468.67</AltitudeMeters>
     <DistanceMeters>42565.99293442014</DistanceMeters>
    </Trackpoint>
    <Trackpoint>
     <Time>2026-07-19T02:15:14+00:00</Time>
     <Position>
      <LatitudeDegrees>-33.5283000</LatitudeDegrees>
      <LongitudeDegrees>-70.8999000</LongitudeDegrees>
     </Position>
     <AltitudeMeters>468.67</AltitudeMeters>
     <DistanceMeters>42588.559312872276</DistanceMeters>
    </Trackpoint>
    <Trackpoint>
     <Time>2026-07-19T02:15:21+00:00</Time>
     <Position>
      <LatitudeDegrees>-33.5287500</LatitudeDegrees>
      <LongitudeDegrees>-70.9001600</LongitudeDegrees>
     </Position>
     <AltitudeMeters>464.5400000000001</AltitudeMeters>
     <DistanceMeters>42644.14877253859</DistanceMeters>
    </Trackpoint>
    <Trackpoint>
     <Time>2026-07-19T02:15:27+00:00</Time>
     <Position>
      <LatitudeDegrees>-33.5288300</LatitudeDegrees>
      <LongitudeDegrees>-70.9001600</LongitudeDegrees>
     </Position>
     <AltitudeMeters>463.18</AltitudeMeters>
     <DistanceMeters>42653.05242689352</DistanceMeters>
    </Trackpoint>
    <Trackpoint>
     <Time>2026-07-19T02:15:33+00:00</Time>
     <Position>
      <LatitudeDegrees>-33.5289700</LatitudeDegrees>
      <LongitudeDegrees>-70.9001600</LongitudeDegrees>
     </Position>
     <AltitudeMeters>462.52000000000004</AltitudeMeters>
     <DistanceMeters>42668.633822015436</DistanceMeters>
    </Trackpoint>
    <Trackpoint>
     <Time>2026-07-19T02:15:39+00:00</Time>
     <Position>
      <LatitudeDegrees>-33.5291500</LatitudeDegrees>
      <LongitudeDegrees>-70.9001300</LongitudeDegrees>
     </Position>
     <AltitudeMeters>461.29</AltitudeMeters>
     <DistanceMeters>42688.85946820296</DistanceMeters>
    </Trackpoint>
    <Trackpoint>
     <Time>2026-07-19T02:15:45+00:00</Time>
     <Position>
      <LatitudeDegrees>-33.5293300</LatitudeDegrees>
      <LongitudeDegrees>-70.9000300</LongitudeDegrees>
     </Position>
     <AltitudeMeters>459.99</AltitudeMeters>
     <DistanceMeters>42710.93671525605</DistanceMeters>
    </Trackpoint>
    <Trackpoint>
     <Time>2026-07-19T02:15:52+00:00</Time>
     <Position>
      <LatitudeDegrees>-33.5294600</LatitudeDegrees>
      <LongitudeDegrees>-70.8998900</LongitudeDegrees>
     </Position>
     <AltitudeMeters>458.93000000000006</AltitudeMeters>
     <DistanceMeters>42730.38001211152</DistanceMeters>
    </Trackpoint>
    <Trackpoint>
     <Time>2026-07-19T02:15:58+00:00</Time>
     <Position>
      <LatitudeDegrees>-33.5297750</LatitudeDegrees>
      <LongitudeDegrees>-70.8994650</LongitudeDegrees>
     </Position>
     <AltitudeMeters>456.37000000000006</AltitudeMeters>
     <DistanceMeters>42783.14153483132</DistanceMeters>
    </Trackpoint>
    <Trackpoint>
     <Time>2026-07-19T02:16:04+00:00</Time>
     <Position>
      <LatitudeDegrees>-33.5300900</LatitudeDegrees>
      <LongitudeDegrees>-70.8990400</LongitudeDegrees>
     </Position>
     <AltitudeMeters>454.0</AltitudeMeters>
     <DistanceMeters>42835.90310345722</DistanceMeters>
    </Trackpoint>
    <Trackpoint>
     <Time>2026-07-19T02:16:10+00:00</Time>
     <Position>
      <LatitudeDegrees>-33.5301800</LatitudeDegrees>
      <LongitudeDegrees>-70.8988600</LongitudeDegrees>
     </Position>
     <AltitudeMeters>454.0</AltitudeMeters>
     <DistanceMeters>42855.37639832317</DistanceMeters>
    </Trackpoint>
    <Trackpoint>
     <Time>2026-07-19T02:16:16+00:00</Time>
     <Position>
      <LatitudeDegrees>-33.5302500</LatitudeDegrees>
      <LongitudeDegrees>-70.8986400</LongitudeDegrees>
     </Position>
     <AltitudeMeters>452.34000000000003</AltitudeMeters>
     <DistanceMeters>42877.22331589559</DistanceMeters>
    </Trackpoint>
    <Trackpoint>
     <Time>2026-07-19T02:16:23+00:00</Time>
     <Position>
      <LatitudeDegrees>-33.5302500</LatitudeDegrees>
      <LongitudeDegrees>-70.8982800</LongitudeDegrees>
     </Position>
     <AltitudeMeters>451.59000000000003</AltitudeMeters>
     <DistanceMeters>42910.62247589671</DistanceMeters>
    </Trackpoint>
    <Trackpoint>
     <Time>2026-07-19T02:16:29+00:00</Time>
     <Position>
      <LatitudeDegrees>-33.5301800</LatitudeDegrees>
      <LongitudeDegrees>-70.8980600</LongitudeDegrees>
     </Position>
     <AltitudeMeters>449.79</AltitudeMeters>
     <DistanceMeters>42932.46939346914</DistanceMeters>
    </Trackpoint>
    <Trackpoint>
     <Time>2026-07-19T02:16:35+00:00</Time>
     <Position>
      <LatitudeDegrees>-33.5297300</LatitudeDegrees>
      <LongitudeDegrees>-70.8973400</LongitudeDegrees>
     </Position>
     <AltitudeMeters>445.88000000000005</AltitudeMeters>
     <DistanceMeters>43015.95806620347</DistanceMeters>
    </Trackpoint>
    <Trackpoint>
     <Time>2026-07-19T02:16:41+00:00</Time>
     <Position>
      <LatitudeDegrees>-33.5296200</LatitudeDegrees>
      <LongitudeDegrees>-70.8971200</LongitudeDegrees>
     </Position>
     <AltitudeMeters>444.75</AltitudeMeters>
     <DistanceMeters>43039.75885304663</DistanceMeters>
    </Trackpoint>
    <Trackpoint>
     <Time>2026-07-19T02:16:47+00:00</Time>
     <Position>
      <LatitudeDegrees>-33.5296000</LatitudeDegrees>
      <LongitudeDegrees>-70.8967600</LongitudeDegrees>
     </Position>
     <AltitudeMeters>443.09000000000003</AltitudeMeters>
     <DistanceMeters>43073.23235142246</DistanceMeters>
    </Trackpoint>
    <Trackpoint>
     <Time>2026-07-19T02:16:54+00:00</Time>
     <Position>
      <LatitudeDegrees>-33.5296200</LatitudeDegrees>
      <LongitudeDegrees>-70.8965400</LongitudeDegrees>
     </Position>
     <AltitudeMeters>441.48</AltitudeMeters>
     <DistanceMeters>43093.76411608179</DistanceMeters>
    </Trackpoint>
    <Trackpoint>
     <Time>2026-07-19T02:17:00+00:00</Time>
     <Position>
      <LatitudeDegrees>-33.5296900</LatitudeDegrees>
      <LongitudeDegrees>-70.8963500</LongitudeDegrees>
     </Position>
     <AltitudeMeters>440.77000000000004</AltitudeMeters>
     <DistanceMeters>43113.03643209391</DistanceMeters>
    </Trackpoint>
    <Trackpoint>
     <Time>2026-07-19T02:17:06+00:00</Time>
     <Position>
      <LatitudeDegrees>-33.5298700</LatitudeDegrees>
      <LongitudeDegrees>-70.8960900</LongitudeDegrees>
     </Position>
     <AltitudeMeters>439.53000000000003</AltitudeMeters>
     <DistanceMeters>43144.39227139591</DistanceMeters>
    </Trackpoint>
    <Trackpoint>
     <Time>2026-07-19T02:17:12+00:00</Time>
     <Position>
      <LatitudeDegrees>-33.5300800</LatitudeDegrees>
      <LongitudeDegrees>-70.8959500</LongitudeDegrees>
     </Position>
     <AltitudeMeters>438.89000000000004</AltitudeMeters>
     <DistanceMeters>43171.1309800053</DistanceMeters>
    </Trackpoint>
    <Trackpoint>
     <Time>2026-07-19T02:17:18+00:00</Time>
     <Position>
      <LatitudeDegrees>-33.5309250</LatitudeDegrees>
      <LongitudeDegrees>-70.8957050</LongitudeDegrees>
     </Position>
     <AltitudeMeters>434.56000000000006</AltitudeMeters>
     <DistanceMeters>43267.88363460796</DistanceMeters>
    </Trackpoint>
    <Trackpoint>
     <Time>2026-07-19T02:17:25+00:00</Time>
     <Position>
      <LatitudeDegrees>-33.5317700</LatitudeDegrees>
      <LongitudeDegrees>-70.8954600</LongitudeDegrees>
     </Position>
     <AltitudeMeters>432.43</AltitudeMeters>
     <DistanceMeters>43364.63630549576</DistanceMeters>
    </Trackpoint>
    <Trackpoint>
     <Time>2026-07-19T02:17:31+00:00</Time>
     <Position>
      <LatitudeDegrees>-33.5319500</LatitudeDegrees>
      <LongitudeDegrees>-70.8953700</LongitudeDegrees>
     </Position>
     <AltitudeMeters>430.71000000000004</AltitudeMeters>
     <DistanceMeters>43386.33990870702</DistanceMeters>
    </Trackpoint>
    <Trackpoint>
     <Time>2026-07-19T02:17:37+00:00</Time>
     <Position>
      <LatitudeDegrees>-33.5320800</LatitudeDegrees>
      <LongitudeDegrees>-70.8952500</LongitudeDegrees>
     </Position>
     <AltitudeMeters>430.06000000000006</AltitudeMeters>
     <DistanceMeters>43404.59574404678</DistanceMeters>
    </Trackpoint>
    <Trackpoint>
     <Time>2026-07-19T02:17:43+00:00</Time>
     <Position>
      <LatitudeDegrees>-33.5322400</LatitudeDegrees>
      <LongitudeDegrees>-70.8950600</LongitudeDegrees>
     </Position>
     <AltitudeMeters>428.03000000000003</AltitudeMeters>
     <DistanceMeters>43429.651869752044</DistanceMeters>
    </Trackpoint>
    <Trackpoint>
     <Time>2026-07-19T02:17:49+00:00</Time>
     <Position>
      <LatitudeDegrees>-33.5323300</LatitudeDegrees>
      <LongitudeDegrees>-70.8947900</LongitudeDegrees>
     </Position>
     <AltitudeMeters>426.47</AltitudeMeters>
     <DistanceMeters>43456.62915464655</DistanceMeters>
    </Trackpoint>
    <Trackpoint>
     <Time>2026-07-19T02:17:56+00:00</Time>
     <Position>
      <LatitudeDegrees>-33.5324200</LatitudeDegrees>
      <LongitudeDegrees>-70.8939800</LongitudeDegrees>
     </Position>
     <AltitudeMeters>422.15000000000003</AltitudeMeters>
     <DistanceMeters>43532.44005989483</DistanceMeters>
    </Trackpoint>
    <Trackpoint>
     <Time>2026-07-19T02:18:02+00:00</Time>
     <Position>
      <LatitudeDegrees>-33.5324800</LatitudeDegrees>
      <LongitudeDegrees>-70.8938000</LongitudeDegrees>
     </Position>
     <AltitudeMeters>420.26</AltitudeMeters>
     <DistanceMeters>43550.42488690002</DistanceMeters>
    </Trackpoint>
    <Trackpoint>
     <Time>2026-07-19T02:18:08+00:00</Time>
     <Position>
      <LatitudeDegrees>-33.5325500</LatitudeDegrees>
      <LongitudeDegrees>-70.8937200</LongitudeDegrees>
     </Position>
     <AltitudeMeters>420.26</AltitudeMeters>
     <DistanceMeters>43561.18493774486</DistanceMeters>
    </Trackpoint>
    <Trackpoint>
     <Time>2026-07-19T02:18:14+00:00</Time>
     <Position>
      <LatitudeDegrees>-33.5327700</LatitudeDegrees>
      <LongitudeDegrees>-70.8935300</LongitudeDegrees>
     </Position>
     <AltitudeMeters>418.50000000000006</AltitudeMeters>
     <DistanceMeters>43591.3548440415</DistanceMeters>
    </Trackpoint>
    <Trackpoint>
     <Time>2026-07-19T02:18:20+00:00</Time>
     <Position>
      <LatitudeDegrees>-33.5335200</LatitudeDegrees>
      <LongitudeDegrees>-70.8929550</LongitudeDegrees>
     </Position>
     <AltitudeMeters>414.13000000000005</AltitudeMeters>
     <DistanceMeters>43690.41594670851</DistanceMeters>
    </Trackpoint>
    <Trackpoint>
     <Time>2026-07-19T02:18:26+00:00</Time>
     <Position>
      <LatitudeDegrees>-33.5342700</LatitudeDegrees>
      <LongitudeDegrees>-70.8923800</LongitudeDegrees>
     </Position>
     <AltitudeMeters>408.32</AltitudeMeters>
     <DistanceMeters>43789.47705245922</DistanceMeters>
    </Trackpoint>
    <Trackpoint>
     <Time>2026-07-19T02:18:33+00:00</Time>
     <Position>
      <LatitudeDegrees>-33.5350100</LatitudeDegrees>
      <LongitudeDegrees>-70.8918400</LongitudeDegrees>
     </Position>
     <AltitudeMeters>405.49</AltitudeMeters>
     <DistanceMeters>43885.87496069937</DistanceMeters>
    </Trackpoint>
    <Trackpoint>
     <Time>2026-07-19T02:18:39+00:00</Time>
     <Position>
      <LatitudeDegrees>-33.5357500</LatitudeDegrees>
      <LongitudeDegrees>-70.8913000</LongitudeDegrees>
     </Position>
     <AltitudeMeters>403.88</AltitudeMeters>
     <DistanceMeters>43982.272868937616</DistanceMeters>
    </Trackpoint>
    <Trackpoint>
     <Time>2026-07-19T02:18:45+00:00</Time>
     <Position>
      <LatitudeDegrees>-33.5364900</LatitudeDegrees>
      <LongitudeDegrees>-70.8907600</LongitudeDegrees>
     </Position>
     <AltitudeMeters>402.12</AltitudeMeters>
     <DistanceMeters>44078.67080203516</DistanceMeters>
    </Trackpoint>
    <Trackpoint>
     <Time>2026-07-19T02:18:51+00:00</Time>
     <Position>
      <LatitudeDegrees>-33.5367600</LatitudeDegrees>
      <LongitudeDegrees>-70.8905300</LongitudeDegrees>
     </Position>
     <AltitudeMeters>401.55</AltitudeMeters>
     <DistanceMeters>44115.52525388715</DistanceMeters>
    </Trackpoint>
    <Trackpoint>
     <Time>2026-07-19T02:18:57+00:00</Time>
     <Position>
      <LatitudeDegrees>-33.5369200</LatitudeDegrees>
      <LongitudeDegrees>-70.8903200</LongitudeDegrees>
     </Position>
     <AltitudeMeters>401.32</AltitudeMeters>
     <DistanceMeters>44141.918881245096</DistanceMeters>
    </Trackpoint>
    <Trackpoint>
     <Time>2026-07-19T02:19:04+00:00</Time>
     <Position>
      <LatitudeDegrees>-33.5370500</LatitudeDegrees>
      <LongitudeDegrees>-70.8901000</LongitudeDegrees>
     </Position>
     <AltitudeMeters>401.24</AltitudeMeters>
     <DistanceMeters>44166.93614142998</DistanceMeters>
    </Trackpoint>
    <Trackpoint>
     <Time>2026-07-19T02:19:10+00:00</Time>
     <Position>
      <LatitudeDegrees>-33.5374159</LatitudeDegrees>
      <LongitudeDegrees>-70.8891230</LongitudeDegrees>
     </Position>
     <AltitudeMeters>401.47</AltitudeMeters>
     <DistanceMeters>44266.30020447028</DistanceMeters>
    </Trackpoint>
    <Trackpoint>
     <Time>2026-07-19T02:19:16+00:00</Time>
     <Position>
      <LatitudeDegrees>-33.5377819</LatitudeDegrees>
      <LongitudeDegrees>-70.8881460</LongitudeDegrees>
     </Position>
     <AltitudeMeters>401.28000000000003</AltitudeMeters>
     <DistanceMeters>44365.66426750962</DistanceMeters>
    </Trackpoint>
    <Trackpoint>
     <Time>2026-07-19T02:19:22+00:00</Time>
     <Position>
      <LatitudeDegrees>-33.5381478</LatitudeDegrees>
      <LongitudeDegrees>-70.8871690</LongitudeDegrees>
     </Position>
     <AltitudeMeters>400.83</AltitudeMeters>
     <DistanceMeters>44465.028330549154</DistanceMeters>
    </Trackpoint>
    <Trackpoint>
     <Time>2026-07-19T02:19:28+00:00</Time>
     <Position>
      <LatitudeDegrees>-33.5385137</LatitudeDegrees>
      <LongitudeDegrees>-70.8861920</LongitudeDegrees>
     </Position>
     <AltitudeMeters>400.6</AltitudeMeters>
     <DistanceMeters>44564.39239359046</DistanceMeters>
    </Trackpoint>
    <Trackpoint>
     <Time>2026-07-19T02:19:35+00:00</Time>
     <Position>
      <LatitudeDegrees>-33.5388796</LatitudeDegrees>
      <LongitudeDegrees>-70.8852150</LongitudeDegrees>
     </Position>
     <AltitudeMeters>400.40000000000003</AltitudeMeters>
     <DistanceMeters>44663.75645663022</DistanceMeters>
    </Trackpoint>
    <Trackpoint>
     <Time>2026-07-19T02:19:41+00:00</Time>
     <Position>
      <LatitudeDegrees>-33.5392455</LatitudeDegrees>
      <LongitudeDegrees>-70.8842379</LongitudeDegrees>
     </Position>
     <AltitudeMeters>400.41</AltitudeMeters>
     <DistanceMeters>44763.12051966982</DistanceMeters>
    </Trackpoint>
    <Trackpoint>
     <Time>2026-07-19T02:19:47+00:00</Time>
     <Position>
      <LatitudeDegrees>-33.5396114</LatitudeDegrees>
      <LongitudeDegrees>-70.8832609</LongitudeDegrees>
     </Position>
     <AltitudeMeters>400.68</AltitudeMeters>
     <DistanceMeters>44862.48458270987</DistanceMeters>
    </Trackpoint>
    <Trackpoint>
     <Time>2026-07-19T02:19:53+00:00</Time>
     <Position>
      <LatitudeDegrees>-33.5399773</LatitudeDegrees>
      <LongitudeDegrees>-70.8822838</LongitudeDegrees>
     </Position>
     <AltitudeMeters>400.77</AltitudeMeters>
     <DistanceMeters>44961.84864574945</DistanceMeters>
    </Trackpoint>
    <Trackpoint>
     <Time>2026-07-19T02:19:59+00:00</Time>
     <Position>
      <LatitudeDegrees>-33.5403432</LatitudeDegrees>
      <LongitudeDegrees>-70.8813068</LongitudeDegrees>
     </Position>
     <AltitudeMeters>400.97</AltitudeMeters>
     <DistanceMeters>45061.21270878983</DistanceMeters>
    </Trackpoint>
    <Trackpoint>
     <Time>2026-07-19T02:20:06+00:00</Time>
     <Position>
      <LatitudeDegrees>-33.5407091</LatitudeDegrees>
      <LongitudeDegrees>-70.8803297</LongitudeDegrees>
     </Position>
     <AltitudeMeters>401.28000000000003</AltitudeMeters>
     <DistanceMeters>45160.57677182967</DistanceMeters>
    </Trackpoint>
    <Trackpoint>
     <Time>2026-07-19T02:20:12+00:00</Time>
     <Position>
      <LatitudeDegrees>-33.5410750</LatitudeDegrees>
      <LongitudeDegrees>-70.8793526</LongitudeDegrees>
     </Position>
     <AltitudeMeters>401.81000000000006</AltitudeMeters>
     <DistanceMeters>45259.94083487055</DistanceMeters>
    </Trackpoint>
    <Trackpoint>
     <Time>2026-07-19T02:20:18+00:00</Time>
     <Position>
      <LatitudeDegrees>-33.5414408</LatitudeDegrees>
      <LongitudeDegrees>-70.8783755</LongitudeDegrees>
     </Position>
     <AltitudeMeters>402.24</AltitudeMeters>
     <DistanceMeters>45359.304897910595</DistanceMeters>
    </Trackpoint>
    <Trackpoint>
     <Time>2026-07-19T02:20:24+00:00</Time>
     <Position>
      <LatitudeDegrees>-33.5418067</LatitudeDegrees>
      <LongitudeDegrees>-70.8773985</LongitudeDegrees>
     </Position>
     <AltitudeMeters>402.81000000000006</AltitudeMeters>
     <DistanceMeters>45458.6689609492</DistanceMeters>
    </Trackpoint>
    <Trackpoint>
     <Time>2026-07-19T02:20:30+00:00</Time>
     <Position>
      <LatitudeDegrees>-33.5421725</LatitudeDegrees>
      <LongitudeDegrees>-70.8764214</LongitudeDegrees>
     </Position>
     <AltitudeMeters>403.34000000000003</AltitudeMeters>
     <DistanceMeters>45558.03302399117</DistanceMeters>
    </Trackpoint>
    <Trackpoint>
     <Time>2026-07-19T02:20:37+00:00</Time>
     <Position>
      <LatitudeDegrees>-33.5425384</LatitudeDegrees>
      <LongitudeDegrees>-70.8754442</LongitudeDegrees>
     </Position>
     <AltitudeMeters>403.9200000000001</AltitudeMeters>
     <DistanceMeters>45657.39708703021</DistanceMeters>
    </Trackpoint>
    <Trackpoint>
     <Time>2026-07-19T02:20:43+00:00</Time>
     <Position>
      <LatitudeDegrees>-33.5429042</LatitudeDegrees>
      <LongitudeDegrees>-70.8744671</LongitudeDegrees>
     </Position>
     <AltitudeMeters>404.6</AltitudeMeters>
     <DistanceMeters>45756.76115007078</DistanceMeters>
    </Trackpoint>
    <Trackpoint>
     <Time>2026-07-19T02:20:49+00:00</Time>
     <Position>
      <LatitudeDegrees>-33.5432700</LatitudeDegrees>
      <LongitudeDegrees>-70.8734900</LongitudeDegrees>
     </Position>
     <AltitudeMeters>405.22</AltitudeMeters>
     <DistanceMeters>45856.12521276264</DistanceMeters>
    </Trackpoint>
    <Trackpoint>
     <Time>2026-07-19T02:20:55+00:00</Time>
     <Position>
      <LatitudeDegrees>-33.5436234</LatitudeDegrees>
      <LongitudeDegrees>-70.8725478</LongitudeDegrees>
     </Position>
     <AltitudeMeters>405.80000000000007</AltitudeMeters>
     <DistanceMeters>45951.96334529282</DistanceMeters>
    </Trackpoint>
    <Trackpoint>
     <Time>2026-07-19T02:21:01+00:00</Time>
     <Position>
      <LatitudeDegrees>-33.5439768</LatitudeDegrees>
      <LongitudeDegrees>-70.8716057</LongitudeDegrees>
     </Position>
     <AltitudeMeters>406.2</AltitudeMeters>
     <DistanceMeters>46047.801477824665</DistanceMeters>
    </Trackpoint>
    <Trackpoint>
     <Time>2026-07-19T02:21:08+00:00</Time>
     <Position>
      <LatitudeDegrees>-33.5443302</LatitudeDegrees>
      <LongitudeDegrees>-70.8706635</LongitudeDegrees>
     </Position>
     <AltitudeMeters>406.88</AltitudeMeters>
     <DistanceMeters>46143.6396103551</DistanceMeters>
    </Trackpoint>
    <Trackpoint>
     <Time>2026-07-19T02:21:14+00:00</Time>
     <Position>
      <LatitudeDegrees>-33.5446835</LatitudeDegrees>
      <LongitudeDegrees>-70.8697213</LongitudeDegrees>
     </Position>
     <AltitudeMeters>407.40000000000003</AltitudeMeters>
     <DistanceMeters>46239.477742886396</DistanceMeters>
    </Trackpoint>
    <Trackpoint>
     <Time>2026-07-19T02:21:20+00:00</Time>
     <Position>
      <LatitudeDegrees>-33.5450369</LatitudeDegrees>
      <LongitudeDegrees>-70.8687791</LongitudeDegrees>
     </Position>
     <AltitudeMeters>407.85</AltitudeMeters>
     <DistanceMeters>46335.31587541699</DistanceMeters>
    </Trackpoint>
    <Trackpoint>
     <Time>2026-07-19T02:21:26+00:00</Time>
     <Position>
      <LatitudeDegrees>-33.5453903</LatitudeDegrees>
      <LongitudeDegrees>-70.8678369</LongitudeDegrees>
     </Position>
     <AltitudeMeters>408.40000000000003</AltitudeMeters>
     <DistanceMeters>46431.15400794796</DistanceMeters>
    </Trackpoint>
    <Trackpoint>
     <Time>2026-07-19T02:21:32+00:00</Time>
     <Position>
      <LatitudeDegrees>-33.5457436</LatitudeDegrees>
      <LongitudeDegrees>-70.8668947</LongitudeDegrees>
     </Position>
     <AltitudeMeters>408.76</AltitudeMeters>
     <DistanceMeters>46526.99214047862</DistanceMeters>
    </Trackpoint>
    <Trackpoint>
     <Time>2026-07-19T02:21:39+00:00</Time>
     <Position>
      <LatitudeDegrees>-33.5460970</LatitudeDegrees>
      <LongitudeDegrees>-70.8659525</LongitudeDegrees>
     </Position>
     <AltitudeMeters>409.08000000000004</AltitudeMeters>
     <DistanceMeters>46622.830273009175</DistanceMeters>
    </Trackpoint>
    <Trackpoint>
     <Time>2026-07-19T02:21:45+00:00</Time>
     <Position>
      <LatitudeDegrees>-33.5464503</LatitudeDegrees>
      <LongitudeDegrees>-70.8650103</LongitudeDegrees>
     </Position>
     <AltitudeMeters>409.69000000000005</AltitudeMeters>
     <DistanceMeters>46718.66840554166</DistanceMeters>
    </Trackpoint>
    <Trackpoint>
     <Time>2026-07-19T02:21:51+00:00</Time>
     <Position>
      <LatitudeDegrees>-33.5468036</LatitudeDegrees>
      <LongitudeDegrees>-70.8640681</LongitudeDegrees>
     </Position>
     <AltitudeMeters>410.04</AltitudeMeters>
     <DistanceMeters>46814.506538070185</DistanceMeters>
    </Trackpoint>
    <Trackpoint>
     <Time>2026-07-19T02:21:57+00:00</Time>
     <Position>
      <LatitudeDegrees>-33.5471569</LatitudeDegrees>
      <LongitudeDegrees>-70.8631259</LongitudeDegrees>
     </Position>
     <AltitudeMeters>410.51000000000005</AltitudeMeters>
     <DistanceMeters>46910.344670602564</DistanceMeters>
    </Trackpoint>
    <Trackpoint>
     <Time>2026-07-19T02:22:03+00:00</Time>
     <Position>
      <LatitudeDegrees>-33.5475103</LatitudeDegrees>
      <LongitudeDegrees>-70.8621836</LongitudeDegrees>
     </Position>
     <AltitudeMeters>410.87</AltitudeMeters>
     <DistanceMeters>47006.18280313267</DistanceMeters>
    </Trackpoint>
    <Trackpoint>
     <Time>2026-07-19T02:22:10+00:00</Time>
     <Position>
      <LatitudeDegrees>-33.5478636</LatitudeDegrees>
      <LongitudeDegrees>-70.8612414</LongitudeDegrees>
     </Position>
     <AltitudeMeters>411.85</AltitudeMeters>
     <DistanceMeters>47102.020935664324</DistanceMeters>
    </Trackpoint>
    <Trackpoint>
     <Time>2026-07-19T02:22:16+00:00</Time>
     <Position>
      <LatitudeDegrees>-33.5482169</LatitudeDegrees>
      <LongitudeDegrees>-70.8602991</LongitudeDegrees>
     </Position>
     <AltitudeMeters>412.61</AltitudeMeters>
     <DistanceMeters>47197.85906819345</DistanceMeters>
    </Trackpoint>
    <Trackpoint>
     <Time>2026-07-19T02:22:22+00:00</Time>
     <Position>
      <LatitudeDegrees>-33.5485702</LatitudeDegrees>
      <LongitudeDegrees>-70.8593568</LongitudeDegrees>
     </Position>
     <AltitudeMeters>413.42</AltitudeMeters>
     <DistanceMeters>47293.6972007267</DistanceMeters>
    </Trackpoint>
    <Trackpoint>
     <Time>2026-07-19T02:22:28+00:00</Time>
     <Position>
      <LatitudeDegrees>-33.5489234</LatitudeDegrees>
      <LongitudeDegrees>-70.8584146</LongitudeDegrees>
     </Position>
     <AltitudeMeters>414.02000000000004</AltitudeMeters>
     <DistanceMeters>47389.535333257285</DistanceMeters>
    </Trackpoint>
    <Trackpoint>
     <Time>2026-07-19T02:22:34+00:00</Time>
     <Position>
      <LatitudeDegrees>-33.5492767</LatitudeDegrees>
      <LongitudeDegrees>-70.8574723</LongitudeDegrees>
     </Position>
     <AltitudeMeters>415.37</AltitudeMeters>
     <DistanceMeters>47485.37346578661</DistanceMeters>
    </Trackpoint>
    <Trackpoint>
     <Time>2026-07-19T02:22:41+00:00</Time>
     <Position>
      <LatitudeDegrees>-33.5496300</LatitudeDegrees>
      <LongitudeDegrees>-70.8565300</LongitudeDegrees>
     </Position>
     <AltitudeMeters>415.69000000000005</AltitudeMeters>
     <DistanceMeters>47581.2115968327</DistanceMeters>
    </Trackpoint>
    <Trackpoint>
     <Time>2026-07-19T02:22:47+00:00</Time>
     <Position>
      <LatitudeDegrees>-33.5492900</LatitudeDegrees>
      <LongitudeDegrees>-70.8560400</LongitudeDegrees>
     </Position>
     <AltitudeMeters>415.21000000000004</AltitudeMeters>
     <DistanceMeters>47640.352158324014</DistanceMeters>
    </Trackpoint>
    <Trackpoint>
     <Time>2026-07-19T02:22:53+00:00</Time>
     <Position>
      <LatitudeDegrees>-33.5489500</LatitudeDegrees>
      <LongitudeDegrees>-70.8555500</LongitudeDegrees>
     </Position>
     <AltitudeMeters>415.46000000000004</AltitudeMeters>
     <DistanceMeters>47699.49268878573</DistanceMeters>
    </Trackpoint>
    <Trackpoint>
     <Time>2026-07-19T02:22:59+00:00</Time>
     <Position>
      <LatitudeDegrees>-33.5485200</LatitudeDegrees>
      <LongitudeDegrees>-70.8549150</LongitudeDegrees>
     </Position>
     <AltitudeMeters>415.90000000000003</AltitudeMeters>
     <DistanceMeters>47775.38415195076</DistanceMeters>
    </Trackpoint>
    <Trackpoint>
     <Time>2026-07-19T02:23:05+00:00</Time>
     <Position>
      <LatitudeDegrees>-33.5480900</LatitudeDegrees>
      <LongitudeDegrees>-70.8542800</LongitudeDegrees>
     </Position>
     <AltitudeMeters>417.45000000000005</AltitudeMeters>
     <DistanceMeters>47851.275571688755</DistanceMeters>
    </Trackpoint>
    <Trackpoint>
     <Time>2026-07-19T02:23:12+00:00</Time>
     <Position>
      <LatitudeDegrees>-33.5479700</LatitudeDegrees>
      <LongitudeDegrees>-70.8540900</LongitudeDegrees>
     </Position>
     <AltitudeMeters>417.45000000000005</AltitudeMeters>
     <DistanceMeters>47873.38810209302</DistanceMeters>
    </Trackpoint>
    <Trackpoint>
     <Time>2026-07-19T02:23:18+00:00</Time>
     <Position>
      <LatitudeDegrees>-33.5478600</LatitudeDegrees>
      <LongitudeDegrees>-70.8537700</LongitudeDegrees>
     </Position>
     <AltitudeMeters>418.14</AltitudeMeters>
     <DistanceMeters>47905.49581170237</DistanceMeters>
    </Trackpoint>
    <Trackpoint>
     <Time>2026-07-19T02:23:24+00:00</Time>
     <Position>
      <LatitudeDegrees>-33.5477300</LatitudeDegrees>
      <LongitudeDegrees>-70.8527500</LongitudeDegrees>
     </Position>
     <AltitudeMeters>418.49</AltitudeMeters>
     <DistanceMeters>48001.20745348152</DistanceMeters>
    </Trackpoint>
    <Trackpoint>
     <Time>2026-07-19T02:23:30+00:00</Time>
     <Position>
      <LatitudeDegrees>-33.5476200</LatitudeDegrees>
      <LongitudeDegrees>-70.8523000</LongitudeDegrees>
     </Position>
     <AltitudeMeters>418.56000000000006</AltitudeMeters>
     <DistanceMeters>48044.70632287186</DistanceMeters>
    </Trackpoint>
    <Trackpoint>
     <Time>2026-07-19T02:23:36+00:00</Time>
     <Position>
      <LatitudeDegrees>-33.5475300</LatitudeDegrees>
      <LongitudeDegrees>-70.8519900</LongitudeDegrees>
     </Position>
     <AltitudeMeters>418.94</AltitudeMeters>
     <DistanceMeters>48075.1556395552</DistanceMeters>
    </Trackpoint>
    <Trackpoint>
     <Time>2026-07-19T02:23:42+00:00</Time>
     <Position>
      <LatitudeDegrees>-33.5471900</LatitudeDegrees>
      <LongitudeDegrees>-70.8512400</LongitudeDegrees>
     </Position>
     <AltitudeMeters>419.44000000000005</AltitudeMeters>
     <DistanceMeters>48154.34898615505</DistanceMeters>
    </Trackpoint>
    <Trackpoint>
     <Time>2026-07-19T02:23:49+00:00</Time>
     <Position>
      <LatitudeDegrees>-33.5469100</LatitudeDegrees>
      <LongitudeDegrees>-70.8506700</LongitudeDegrees>
     </Position>
     <AltitudeMeters>419.82</AltitudeMeters>
     <DistanceMeters>48215.72112094129</DistanceMeters>
    </Trackpoint>
    <Trackpoint>
     <Time>2026-07-19T02:23:55+00:00</Time>
     <Position>
      <LatitudeDegrees>-33.5468100</LatitudeDegrees>
      <LongitudeDegrees>-70.8503800</LongitudeDegrees>
     </Position>
     <AltitudeMeters>420.40000000000003</AltitudeMeters>
     <DistanceMeters>48244.83231542754</DistanceMeters>
    </Trackpoint>
    <Trackpoint>
     <Time>2026-07-19T02:24:01+00:00</Time>
     <Position>
      <LatitudeDegrees>-33.5467400</LatitudeDegrees>
      <LongitudeDegrees>-70.8500300</LongitudeDegrees>
     </Position>
     <AltitudeMeters>420.40000000000003</AltitudeMeters>
     <DistanceMeters>48278.219200174644</DistanceMeters>
    </Trackpoint>
    <Trackpoint>
     <Time>2026-07-19T02:24:07+00:00</Time>
     <Position>
      <LatitudeDegrees>-33.5467400</LatitudeDegrees>
      <LongitudeDegrees>-70.8497400</LongitudeDegrees>
     </Position>
     <AltitudeMeters>420.57000000000005</AltitudeMeters>
     <DistanceMeters>48305.11894685459</DistanceMeters>
    </Trackpoint>
    <Trackpoint>
     <Time>2026-07-19T02:24:13+00:00</Time>
     <Position>
      <LatitudeDegrees>-33.5468100</LatitudeDegrees>
      <LongitudeDegrees>-70.8494000</LongitudeDegrees>
     </Position>
     <AltitudeMeters>420.64</AltitudeMeters>
     <DistanceMeters>48337.60458250504</DistanceMeters>
    </Trackpoint>
    <Trackpoint>
     <Time>2026-07-19T02:24:20+00:00</Time>
     <Position>
      <LatitudeDegrees>-33.5469900</LatitudeDegrees>
      <LongitudeDegrees>-70.8489000</LongitudeDegrees>
     </Position>
     <AltitudeMeters>420.82</AltitudeMeters>
     <DistanceMeters>48388.12509264998</DistanceMeters>
    </Trackpoint>
    <Trackpoint>
     <Time>2026-07-19T02:24:26+00:00</Time>
     <Position>
      <LatitudeDegrees>-33.5471700</LatitudeDegrees>
      <LongitudeDegrees>-70.8485400</LongitudeDegrees>
     </Position>
     <AltitudeMeters>420.89000000000004</AltitudeMeters>
     <DistanceMeters>48427.06606820008</DistanceMeters>
    </Trackpoint>
    <Trackpoint>
     <Time>2026-07-19T02:24:32+00:00</Time>
     <Position>
      <LatitudeDegrees>-33.5473300</LatitudeDegrees>
      <LongitudeDegrees>-70.8483600</LongitudeDegrees>
     </Position>
     <AltitudeMeters>420.92</AltitudeMeters>
     <DistanceMeters>48451.476445950466</DistanceMeters>
    </Trackpoint>
    <Trackpoint>
     <Time>2026-07-19T02:24:38+00:00</Time>
     <Position>
      <LatitudeDegrees>-33.5475600</LatitudeDegrees>
      <LongitudeDegrees>-70.8482000</LongitudeDegrees>
     </Position>
     <AltitudeMeters>420.92</AltitudeMeters>
     <DistanceMeters>48481.06557777742</DistanceMeters>
    </Trackpoint>
    <Trackpoint>
     <Time>2026-07-19T02:24:44+00:00</Time>
     <Position>
      <LatitudeDegrees>-33.5481900</LatitudeDegrees>
      <LongitudeDegrees>-70.8479233</LongitudeDegrees>
     </Position>
     <AltitudeMeters>420.86</AltitudeMeters>
     <DistanceMeters>48555.7305296808</DistanceMeters>
    </Trackpoint>
    <Trackpoint>
     <Time>2026-07-19T02:24:51+00:00</Time>
     <Position>
      <LatitudeDegrees>-33.5488200</LatitudeDegrees>
      <LongitudeDegrees>-70.8476467</LongitudeDegrees>
     </Position>
     <AltitudeMeters>420.93</AltitudeMeters>
     <DistanceMeters>48630.395481583415</DistanceMeters>
    </Trackpoint>
    <Trackpoint>
     <Time>2026-07-19T02:24:57+00:00</Time>
     <Position>
      <LatitudeDegrees>-33.5494500</LatitudeDegrees>
      <LongitudeDegrees>-70.8473700</LongitudeDegrees>
     </Position>
     <AltitudeMeters>420.84000000000003</AltitudeMeters>
     <DistanceMeters>48705.06041086577</DistanceMeters>
    </Trackpoint>
    <Trackpoint>
     <Time>2026-07-19T02:25:03+00:00</Time>
     <Position>
      <LatitudeDegrees>-33.5500100</LatitudeDegrees>
      <LongitudeDegrees>-70.8471450</LongitudeDegrees>
     </Position>
     <AltitudeMeters>420.16</AltitudeMeters>
     <DistanceMeters>48770.78731663772</DistanceMeters>
    </Trackpoint>
    <Trackpoint>
     <Time>2026-07-19T02:25:09+00:00</Time>
     <Position>
      <LatitudeDegrees>-33.5505700</LatitudeDegrees>
      <LongitudeDegrees>-70.8469200</LongitudeDegrees>
     </Position>
     <AltitudeMeters>419.37</AltitudeMeters>
     <DistanceMeters>48836.51416697086</DistanceMeters>
    </Trackpoint>
    <Trackpoint>
     <Time>2026-07-19T02:25:15+00:00</Time>
     <Position>
      <LatitudeDegrees>-33.5508200</LatitudeDegrees>
      <LongitudeDegrees>-70.8467900</LongitudeDegrees>
     </Position>
     <AltitudeMeters>419.26</AltitudeMeters>
     <DistanceMeters>48866.838493835676</DistanceMeters>
    </Trackpoint>
    <Trackpoint>
     <Time>2026-07-19T02:25:22+00:00</Time>
     <Position>
      <LatitudeDegrees>-33.5510000</LatitudeDegrees>
      <LongitudeDegrees>-70.8466600</LongitudeDegrees>
     </Position>
     <AltitudeMeters>419.1</AltitudeMeters>
     <DistanceMeters>48890.22061425955</DistanceMeters>
    </Trackpoint>
    <Trackpoint>
     <Time>2026-07-19T02:25:28+00:00</Time>
     <Position>
      <LatitudeDegrees>-33.5511800</LatitudeDegrees>
      <LongitudeDegrees>-70.8464900</LongitudeDegrees>
     </Position>
     <AltitudeMeters>419.13000000000005</AltitudeMeters>
     <DistanceMeters>48915.71493813969</DistanceMeters>
    </Trackpoint>
    <Trackpoint>
     <Time>2026-07-19T02:25:34+00:00</Time>
     <Position>
      <LatitudeDegrees>-33.5513300</LatitudeDegrees>
      <LongitudeDegrees>-70.8463000</LongitudeDegrees>
     </Position>
     <AltitudeMeters>419.27000000000004</AltitudeMeters>
     <DistanceMeters>48939.98989054604</DistanceMeters>
    </Trackpoint>
    <Trackpoint>
     <Time>2026-07-19T02:25:40+00:00</Time>
     <Position>
      <LatitudeDegrees>-33.5514800</LatitudeDegrees>
      <LongitudeDegrees>-70.8460900</LongitudeDegrees>
     </Position>
     <AltitudeMeters>419.42</AltitudeMeters>
     <DistanceMeters>48965.64328800152</DistanceMeters>
    </Trackpoint>
    <Trackpoint>
     <Time>2026-07-19T02:25:46+00:00</Time>
     <Position>
      <LatitudeDegrees>-33.5521720</LatitudeDegrees>
      <LongitudeDegrees>-70.8466420</LongitudeDegrees>
     </Position>
     <AltitudeMeters>417.27000000000004</AltitudeMeters>
     <DistanceMeters>49058.124849628875</DistanceMeters>
    </Trackpoint>
    <Trackpoint>
     <Time>2026-07-19T02:25:53+00:00</Time>
     <Position>
      <LatitudeDegrees>-33.5528640</LatitudeDegrees>
      <LongitudeDegrees>-70.8471940</LongitudeDegrees>
     </Position>
     <AltitudeMeters>416.01000000000005</AltitudeMeters>
     <DistanceMeters>49150.60641125652</DistanceMeters>
    </Trackpoint>
    <Trackpoint>
     <Time>2026-07-19T02:25:59+00:00</Time>
     <Position>
      <LatitudeDegrees>-33.5535560</LatitudeDegrees>
      <LongitudeDegrees>-70.8477460</LongitudeDegrees>
     </Position>
     <AltitudeMeters>415.82</AltitudeMeters>
     <DistanceMeters>49243.08797288359</DistanceMeters>
    </Trackpoint>
    <Trackpoint>
     <Time>2026-07-19T02:26:05+00:00</Time>
     <Position>
      <LatitudeDegrees>-33.5542480</LatitudeDegrees>
      <LongitudeDegrees>-70.8482980</LongitudeDegrees>
     </Position>
     <AltitudeMeters>416.45000000000005</AltitudeMeters>
     <DistanceMeters>49335.569534512884</DistanceMeters>
    </Trackpoint>
    <Trackpoint>
     <Time>2026-07-19T02:26:11+00:00</Time>
     <Position>
      <LatitudeDegrees>-33.5549400</LatitudeDegrees>
      <LongitudeDegrees>-70.8488500</LongitudeDegrees>
     </Position>
     <AltitudeMeters>416.88</AltitudeMeters>
     <DistanceMeters>49428.05108263535</DistanceMeters>
    </Trackpoint>
    <Trackpoint>
     <Time>2026-07-19T02:26:17+00:00</Time>
     <Position>
      <LatitudeDegrees>-33.5550700</LatitudeDegrees>
      <LongitudeDegrees>-70.8489900</LongitudeDegrees>
     </Position>
     <AltitudeMeters>416.91</AltitudeMeters>
     <DistanceMeters>49447.4918089441</DistanceMeters>
    </Trackpoint>
    <Trackpoint>
     <Time>2026-07-19T02:26:24+00:00</Time>
     <Position>
      <LatitudeDegrees>-33.5555000</LatitudeDegrees>
      <LongitudeDegrees>-70.8495300</LongitudeDegrees>
     </Position>
     <AltitudeMeters>416.33000000000004</AltitudeMeters>
     <DistanceMeters>49516.764719393745</DistanceMeters>
    </Trackpoint>
    <Trackpoint>
     <Time>2026-07-19T02:26:30+00:00</Time>
     <Position>
      <LatitudeDegrees>-33.5559700</LatitudeDegrees>
      <LongitudeDegrees>-70.8501100</LongitudeDegrees>
     </Position>
     <AltitudeMeters>415.47</AltitudeMeters>
     <DistanceMeters>49591.79811952653</DistanceMeters>
    </Trackpoint>
    <Trackpoint>
     <Time>2026-07-19T02:26:36+00:00</Time>
     <Position>
      <LatitudeDegrees>-33.5566782</LatitudeDegrees>
      <LongitudeDegrees>-70.8507581</LongitudeDegrees>
     </Position>
     <AltitudeMeters>415.33000000000004</AltitudeMeters>
     <DistanceMeters>49690.924269793075</DistanceMeters>
    </Trackpoint>
    <Trackpoint>
     <Time>2026-07-19T02:26:42+00:00</Time>
     <Position>
      <LatitudeDegrees>-33.5573864</LatitudeDegrees>
      <LongitudeDegrees>-70.8514063</LongitudeDegrees>
     </Position>
     <AltitudeMeters>414.73</AltitudeMeters>
     <DistanceMeters>49790.05042005879</DistanceMeters>
    </Trackpoint>
    <Trackpoint>
     <Time>2026-07-19T02:26:48+00:00</Time>
     <Position>
      <LatitudeDegrees>-33.5580946</LatitudeDegrees>
      <LongitudeDegrees>-70.8520544</LongitudeDegrees>
     </Position>
     <AltitudeMeters>414.0</AltitudeMeters>
     <DistanceMeters>49889.17657032546</DistanceMeters>
    </Trackpoint>
    <Trackpoint>
     <Time>2026-07-19T02:26:55+00:00</Time>
     <Position>
      <LatitudeDegrees>-33.5588028</LatitudeDegrees>
      <LongitudeDegrees>-70.8527026</LongitudeDegrees>
     </Position>
     <AltitudeMeters>413.56</AltitudeMeters>
     <DistanceMeters>49988.302720591564</DistanceMeters>
    </Trackpoint>
    <Trackpoint>
     <Time>2026-07-19T02:27:01+00:00</Time>
     <Position>
      <LatitudeDegrees>-33.5595110</LatitudeDegrees>
      <LongitudeDegrees>-70.8533507</LongitudeDegrees>
     </Position>
     <AltitudeMeters>412.79</AltitudeMeters>
     <DistanceMeters>50087.42887085701</DistanceMeters>
    </Trackpoint>
    <Trackpoint>
     <Time>2026-07-19T02:27:07+00:00</Time>
     <Position>
      <LatitudeDegrees>-33.5602191</LatitudeDegrees>
      <LongitudeDegrees>-70.8539989</LongitudeDegrees>
     </Position>
     <AltitudeMeters>412.2</AltitudeMeters>
     <DistanceMeters>50186.55502112279</DistanceMeters>
    </Trackpoint>
    <Trackpoint>
     <Time>2026-07-19T02:27:13+00:00</Time>
     <Position>
      <LatitudeDegrees>-33.5609273</LatitudeDegrees>
      <LongitudeDegrees>-70.8546471</LongitudeDegrees>
     </Position>
     <AltitudeMeters>411.27000000000004</AltitudeMeters>
     <DistanceMeters>50285.68117138994</DistanceMeters>
    </Trackpoint>
    <Trackpoint>
     <Time>2026-07-19T02:27:19+00:00</Time>
     <Position>
      <LatitudeDegrees>-33.5616355</LatitudeDegrees>
      <LongitudeDegrees>-70.8552953</LongitudeDegrees>
     </Position>
     <AltitudeMeters>410.75000000000006</AltitudeMeters>
     <DistanceMeters>50384.8073216566</DistanceMeters>
    </Trackpoint>
    <Trackpoint>
     <Time>2026-07-19T02:27:26+00:00</Time>
     <Position>
      <LatitudeDegrees>-33.5623437</LatitudeDegrees>
      <LongitudeDegrees>-70.8559435</LongitudeDegrees>
     </Position>
     <AltitudeMeters>410.16</AltitudeMeters>
     <DistanceMeters>50483.93347192187</DistanceMeters>
    </Trackpoint>
    <Trackpoint>
     <Time>2026-07-19T02:27:32+00:00</Time>
     <Position>
      <LatitudeDegrees>-33.5630518</LatitudeDegrees>
      <LongitudeDegrees>-70.8565918</LongitudeDegrees>
     </Position>
     <AltitudeMeters>409.1</AltitudeMeters>
     <DistanceMeters>50583.05962218788</DistanceMeters>
    </Trackpoint>
    <Trackpoint>
     <Time>2026-07-19T02:27:38+00:00</Time>
     <Position>
      <LatitudeDegrees>-33.5637600</LatitudeDegrees>
      <LongitudeDegrees>-70.8572400</LongitudeDegrees>
     </Position>
     <AltitudeMeters>408.79</AltitudeMeters>
     <DistanceMeters>50682.18577480149</DistanceMeters>
    </Trackpoint>
    <Trackpoint>
     <Time>2026-07-19T02:27:44+00:00</Time>
     <Position>
      <LatitudeDegrees>-33.5640500</LatitudeDegrees>
      <LongitudeDegrees>-70.8574500</LongitudeDegrees>
     </Position>
     <AltitudeMeters>408.63000000000005</AltitudeMeters>
     <DistanceMeters>50719.88205403344</DistanceMeters>
    </Trackpoint>
    <Trackpoint>
     <Time>2026-07-19T02:27:50+00:00</Time>
     <Position>
      <LatitudeDegrees>-33.5642700</LatitudeDegrees>
      <LongitudeDegrees>-70.8575900</LongitudeDegrees>
     </Position>
     <AltitudeMeters>408.49</AltitudeMeters>
     <DistanceMeters>50747.596455334664</DistanceMeters>
    </Trackpoint>
    <Trackpoint>
     <Time>2026-07-19T02:27:57+00:00</Time>
     <Position>
      <LatitudeDegrees>-33.5649200</LatitudeDegrees>
      <LongitudeDegrees>-70.8578500</LongitudeDegrees>
     </Position>
     <AltitudeMeters>408.43</AltitudeMeters>
     <DistanceMeters>50823.85117763905</DistanceMeters>
    </Trackpoint>
    <Trackpoint>
     <Time>2026-07-19T02:28:03+00:00</Time>
     <Position>
      <LatitudeDegrees>-33.5655533</LatitudeDegrees>
      <LongitudeDegrees>-70.8581233</LongitudeDegrees>
     </Position>
     <AltitudeMeters>408.05</AltitudeMeters>
     <DistanceMeters>50898.757687979596</DistanceMeters>
    </Trackpoint>
    <Trackpoint>
     <Time>2026-07-19T02:28:09+00:00</Time>
     <Position>
      <LatitudeDegrees>-33.5661867</LatitudeDegrees>
      <LongitudeDegrees>-70.8583967</LongitudeDegrees>
     </Position>
     <AltitudeMeters>407.37</AltitudeMeters>
     <DistanceMeters>50973.66419831882</DistanceMeters>
    </Trackpoint>
    <Trackpoint>
     <Time>2026-07-19T02:28:15+00:00</Time>
     <Position>
      <LatitudeDegrees>-33.5668200</LatitudeDegrees>
      <LongitudeDegrees>-70.8586700</LongitudeDegrees>
     </Position>
     <AltitudeMeters>407.02000000000004</AltitudeMeters>
     <DistanceMeters>51048.57068388253</DistanceMeters>
    </Trackpoint>
    <Trackpoint>
     <Time>2026-07-19T02:28:21+00:00</Time>
     <Position>
      <LatitudeDegrees>-33.5670200</LatitudeDegrees>
      <LongitudeDegrees>-70.8588400</LongitudeDegrees>
     </Position>
     <AltitudeMeters>406.81000000000006</AltitudeMeters>
     <DistanceMeters>51075.84720426392</DistanceMeters>
    </Trackpoint>
    <Trackpoint>
     <Time>2026-07-19T02:28:28+00:00</Time>
     <Position>
      <LatitudeDegrees>-33.5676310</LatitudeDegrees>
      <LongitudeDegrees>-70.8595360</LongitudeDegrees>
     </Position>
     <AltitudeMeters>406.38</AltitudeMeters>
     <DistanceMeters>51169.60161429255</DistanceMeters>
    </Trackpoint>
    <Trackpoint>
     <Time>2026-07-19T02:28:34+00:00</Time>
     <Position>
      <LatitudeDegrees>-33.5682420</LatitudeDegrees>
      <LongitudeDegrees>-70.8602319</LongitudeDegrees>
     </Position>
     <AltitudeMeters>405.71</AltitudeMeters>
     <DistanceMeters>51263.35602432099</DistanceMeters>
    </Trackpoint>
    <Trackpoint>
     <Time>2026-07-19T02:28:40+00:00</Time>
     <Position>
      <LatitudeDegrees>-33.5688530</LatitudeDegrees>
      <LongitudeDegrees>-70.8609279</LongitudeDegrees>
     </Position>
     <AltitudeMeters>404.98</AltitudeMeters>
     <DistanceMeters>51357.11043434909</DistanceMeters>
    </Trackpoint>
    <Trackpoint>
     <Time>2026-07-19T02:28:46+00:00</Time>
     <Position>
      <LatitudeDegrees>-33.5694640</LatitudeDegrees>
      <LongitudeDegrees>-70.8616239</LongitudeDegrees>
     </Position>
     <AltitudeMeters>404.34000000000003</AltitudeMeters>
     <DistanceMeters>51450.86484437705</DistanceMeters>
    </Trackpoint>
    <Trackpoint>
     <Time>2026-07-19T02:28:52+00:00</Time>
     <Position>
      <LatitudeDegrees>-33.5700750</LatitudeDegrees>
      <LongitudeDegrees>-70.8623199</LongitudeDegrees>
     </Position>
     <AltitudeMeters>403.94</AltitudeMeters>
     <DistanceMeters>51544.61925440589</DistanceMeters>
    </Trackpoint>
    <Trackpoint>
     <Time>2026-07-19T02:28:59+00:00</Time>
     <Position>
      <LatitudeDegrees>-33.5706860</LatitudeDegrees>
      <LongitudeDegrees>-70.8630159</LongitudeDegrees>
     </Position>
     <AltitudeMeters>403.02000000000004</AltitudeMeters>
     <DistanceMeters>51638.37366443406</DistanceMeters>
    </Trackpoint>
    <Trackpoint>
     <Time>2026-07-19T02:29:05+00:00</Time>
     <Position>
      <LatitudeDegrees>-33.5712970</LatitudeDegrees>
      <LongitudeDegrees>-70.8637119</LongitudeDegrees>
     </Position>
     <AltitudeMeters>402.53000000000003</AltitudeMeters>
     <DistanceMeters>51732.128074461674</DistanceMeters>
    </Trackpoint>
    <Trackpoint>
     <Time>2026-07-19T02:29:11+00:00</Time>
     <Position>
      <LatitudeDegrees>-33.5719080</LatitudeDegrees>
      <LongitudeDegrees>-70.8644079</LongitudeDegrees>
     </Position>
     <AltitudeMeters>401.65</AltitudeMeters>
     <DistanceMeters>51825.882484490736</DistanceMeters>
    </Trackpoint>
    <Trackpoint>
     <Time>2026-07-19T02:29:17+00:00</Time>
     <Position>
      <LatitudeDegrees>-33.5725190</LatitudeDegrees>
      <LongitudeDegrees>-70.8651040</LongitudeDegrees>
     </Position>
     <AltitudeMeters>401.0</AltitudeMeters>
     <DistanceMeters>51919.63689451873</DistanceMeters>
    </Trackpoint>
    <Trackpoint>
     <Time>2026-07-19T02:29:23+00:00</Time>
     <Position>
      <LatitudeDegrees>-33.5731300</LatitudeDegrees>
      <LongitudeDegrees>-70.8658000</LongitudeDegrees>
     </Position>
     <AltitudeMeters>400.31000000000006</AltitudeMeters>
     <DistanceMeters>52013.39130599337</DistanceMeters>
    </Trackpoint>
    <Trackpoint>
     <Time>2026-07-19T02:29:29+00:00</Time>
     <Position>
      <LatitudeDegrees>-33.5737678</LatitudeDegrees>
      <LongitudeDegrees>-70.8665233</LongitudeDegrees>
     </Position>
     <AltitudeMeters>399.41</AltitudeMeters>
     <DistanceMeters>52111.04933382369</DistanceMeters>
    </Trackpoint>
    <Trackpoint>
     <Time>2026-07-19T02:29:36+00:00</Time>
     <Position>
      <LatitudeDegrees>-33.5744056</LatitudeDegrees>
      <LongitudeDegrees>-70.8672466</LongitudeDegrees>
     </Position>
     <AltitudeMeters>398.53000000000003</AltitudeMeters>
     <DistanceMeters>52208.707361654575</DistanceMeters>
    </Trackpoint>
    <Trackpoint>
     <Time>2026-07-19T02:29:42+00:00</Time>
     <Position>
      <LatitudeDegrees>-33.5750434</LatitudeDegrees>
      <LongitudeDegrees>-70.8679699</LongitudeDegrees>
     </Position>
     <AltitudeMeters>397.83</AltitudeMeters>
     <DistanceMeters>52306.365389486404</DistanceMeters>
    </Trackpoint>
    <Trackpoint>
     <Time>2026-07-19T02:29:48+00:00</Time>
     <Position>
      <LatitudeDegrees>-33.5756812</LatitudeDegrees>
      <LongitudeDegrees>-70.8686932</LongitudeDegrees>
     </Position>
     <AltitudeMeters>397.91</AltitudeMeters>
     <DistanceMeters>52404.023417317774</DistanceMeters>
    </Trackpoint>
    <Trackpoint>
     <Time>2026-07-19T02:29:54+00:00</Time>
     <Position>
      <LatitudeDegrees>-33.5763189</LatitudeDegrees>
      <LongitudeDegrees>-70.8694166</LongitudeDegrees>
     </Position>
     <AltitudeMeters>397.31000000000006</AltitudeMeters>
     <DistanceMeters>52501.681445149</DistanceMeters>
    </Trackpoint>
    <Trackpoint>
     <Time>2026-07-19T02:30:00+00:00</Time>
     <Position>
      <LatitudeDegrees>-33.5769567</LatitudeDegrees>
      <LongitudeDegrees>-70.8701399</LongitudeDegrees>
     </Position>
     <AltitudeMeters>397.19000000000005</AltitudeMeters>
     <DistanceMeters>52599.33947297982</DistanceMeters>
    </Trackpoint>
    <Trackpoint>
     <Time>2026-07-19T02:30:07+00:00</Time>
     <Position>
      <LatitudeDegrees>-33.5775945</LatitudeDegrees>
      <LongitudeDegrees>-70.8708633</LongitudeDegrees>
     </Position>
     <AltitudeMeters>396.68</AltitudeMeters>
     <DistanceMeters>52696.997500811776</DistanceMeters>
    </Trackpoint>
    <Trackpoint>
     <Time>2026-07-19T02:30:13+00:00</Time>
     <Position>
      <LatitudeDegrees>-33.5782322</LatitudeDegrees>
      <LongitudeDegrees>-70.8715866</LongitudeDegrees>
     </Position>
     <AltitudeMeters>396.12</AltitudeMeters>
     <DistanceMeters>52794.65552864248</DistanceMeters>
    </Trackpoint>
    <Trackpoint>
     <Time>2026-07-19T02:30:19+00:00</Time>
     <Position>
      <LatitudeDegrees>-33.5788700</LatitudeDegrees>
      <LongitudeDegrees>-70.8723100</LongitudeDegrees>
     </Position>
     <AltitudeMeters>395.53000000000003</AltitudeMeters>
     <DistanceMeters>52892.313564906486</DistanceMeters>
    </Trackpoint>
    <Trackpoint>
     <Time>2026-07-19T02:30:25+00:00</Time>
     <Position>
      <LatitudeDegrees>-33.5794225</LatitudeDegrees>
      <LongitudeDegrees>-70.8729500</LongitudeDegrees>
     </Position>
     <AltitudeMeters>394.78000000000003</AltitudeMeters>
     <DistanceMeters>52977.7688914669</DistanceMeters>
    </Trackpoint>
    <Trackpoint>
     <Time>2026-07-19T02:30:31+00:00</Time>
     <Position>
      <LatitudeDegrees>-33.5799750</LatitudeDegrees>
      <LongitudeDegrees>-70.8735900</LongitudeDegrees>
     </Position>
     <AltitudeMeters>394.62</AltitudeMeters>
     <DistanceMeters>53063.22421802927</DistanceMeters>
    </Trackpoint>
    <Trackpoint>
     <Time>2026-07-19T02:30:38+00:00</Time>
     <Position>
      <LatitudeDegrees>-33.5805275</LatitudeDegrees>
      <LongitudeDegrees>-70.8742300</LongitudeDegrees>
     </Position>
     <AltitudeMeters>394.16</AltitudeMeters>
     <DistanceMeters>53148.679544590734</DistanceMeters>
    </Trackpoint>
    <Trackpoint>
     <Time>2026-07-19T02:30:44+00:00</Time>
     <Position>
      <LatitudeDegrees>-33.5810800</LatitudeDegrees>
      <LongitudeDegrees>-70.8748700</LongitudeDegrees>
     </Position>
     <AltitudeMeters>393.62</AltitudeMeters>
     <DistanceMeters>53234.134872633</DistanceMeters>
    </Trackpoint>
    <Trackpoint>
     <Time>2026-07-19T02:30:50+00:00</Time>
     <Position>
      <LatitudeDegrees>-33.5814900</LatitudeDegrees>
      <LongitudeDegrees>-70.8754000</LongitudeDegrees>
     </Position>
     <AltitudeMeters>393.3</AltitudeMeters>
     <DistanceMeters>53301.195588656185</DistanceMeters>
    </Trackpoint>
    <Trackpoint>
     <Time>2026-07-19T02:30:56+00:00</Time>
     <Position>
      <LatitudeDegrees>-33.5819940</LatitudeDegrees>
      <LongitudeDegrees>-70.8761540</LongitudeDegrees>
     </Position>
     <AltitudeMeters>392.62</AltitudeMeters>
     <DistanceMeters>53390.82739636514</DistanceMeters>
    </Trackpoint>
    <Trackpoint>
     <Time>2026-07-19T02:31:02+00:00</Time>
     <Position>
      <LatitudeDegrees>-33.5824980</LatitudeDegrees>
      <LongitudeDegrees>-70.8769080</LongitudeDegrees>
     </Position>
     <AltitudeMeters>392.06</AltitudeMeters>
     <DistanceMeters>53480.4592040733</DistanceMeters>
    </Trackpoint>
    <Trackpoint>
     <Time>2026-07-19T02:31:09+00:00</Time>
     <Position>
      <LatitudeDegrees>-33.5830020</LatitudeDegrees>
      <LongitudeDegrees>-70.8776620</LongitudeDegrees>
     </Position>
     <AltitudeMeters>391.31000000000006</AltitudeMeters>
     <DistanceMeters>53570.091011781646</DistanceMeters>
    </Trackpoint>
    <Trackpoint>
     <Time>2026-07-19T02:31:15+00:00</Time>
     <Position>
      <LatitudeDegrees>-33.5835060</LatitudeDegrees>
      <LongitudeDegrees>-70.8784160</LongitudeDegrees>
     </Position>
     <AltitudeMeters>390.8</AltitudeMeters>
     <DistanceMeters>53659.722819490176</DistanceMeters>
    </Trackpoint>
    <Trackpoint>
     <Time>2026-07-19T02:31:21+00:00</Time>
     <Position>
      <LatitudeDegrees>-33.5840100</LatitudeDegrees>
      <LongitudeDegrees>-70.8791700</LongitudeDegrees>
     </Position>
     <AltitudeMeters>390.25000000000006</AltitudeMeters>
     <DistanceMeters>53749.35461991783</DistanceMeters>
    </Trackpoint>
    <Trackpoint>
     <Time>2026-07-19T02:31:27+00:00</Time>
     <Position>
      <LatitudeDegrees>-33.5844233</LatitudeDegrees>
      <LongitudeDegrees>-70.8797767</LongitudeDegrees>
     </Position>
     <AltitudeMeters>389.87000000000006</AltitudeMeters>
     <DistanceMeters>53822.01878308504</DistanceMeters>
    </Trackpoint>
    <Trackpoint>
     <Time>2026-07-19T02:31:33+00:00</Time>
     <Position>
      <LatitudeDegrees>-33.5848367</LatitudeDegrees>
      <LongitudeDegrees>-70.8803833</LongitudeDegrees>
     </Position>
     <AltitudeMeters>389.73</AltitudeMeters>
     <DistanceMeters>53894.682946252186</DistanceMeters>
    </Trackpoint>
    <Trackpoint>
     <Time>2026-07-19T02:31:40+00:00</Time>
     <Position>
      <LatitudeDegrees>-33.5852500</LatitudeDegrees>
      <LongitudeDegrees>-70.8809900</LongitudeDegrees>
     </Position>
     <AltitudeMeters>389.1</AltitudeMeters>
     <DistanceMeters>53967.34709994283</DistanceMeters>
    </Trackpoint>
    <Trackpoint>
     <Time>2026-07-19T02:31:46+00:00</Time>
     <Position>
      <LatitudeDegrees>-33.5855700</LatitudeDegrees>
      <LongitudeDegrees>-70.8814000</LongitudeDegrees>
     </Position>
     <AltitudeMeters>389.03000000000003</AltitudeMeters>
     <DistanceMeters>54019.43777519536</DistanceMeters>
    </Trackpoint>
    <Trackpoint>
     <Time>2026-07-19T02:31:52+00:00</Time>
     <Position>
      <LatitudeDegrees>-33.5857400</LatitudeDegrees>
      <LongitudeDegrees>-70.8815500</LongitudeDegrees>
     </Position>
     <AltitudeMeters>388.97</AltitudeMeters>
     <DistanceMeters>54042.91951329129</DistanceMeters>
    </Trackpoint>
    <Trackpoint>
     <Time>2026-07-19T02:31:58+00:00</Time>
     <Position>
      <LatitudeDegrees>-33.5859000</LatitudeDegrees>
      <LongitudeDegrees>-70.8817200</LongitudeDegrees>
     </Position>
     <AltitudeMeters>388.77</AltitudeMeters>
     <DistanceMeters>54066.70040597845</DistanceMeters>
    </Trackpoint>
    <Trackpoint>
     <Time>2026-07-19T02:32:04+00:00</Time>
     <Position>
      <LatitudeDegrees>-33.5864767</LatitudeDegrees>
      <LongitudeDegrees>-70.8824911</LongitudeDegrees>
     </Position>
     <AltitudeMeters>388.07</AltitudeMeters>
     <DistanceMeters>54162.77452487134</DistanceMeters>
    </Trackpoint>
    <Trackpoint>
     <Time>2026-07-19T02:32:11+00:00</Time>
     <Position>
      <LatitudeDegrees>-33.5870534</LatitudeDegrees>
      <LongitudeDegrees>-70.8832622</LongitudeDegrees>
     </Position>
     <AltitudeMeters>387.25000000000006</AltitudeMeters>
     <DistanceMeters>54258.84864376607</DistanceMeters>
    </Trackpoint>
    <Trackpoint>
     <Time>2026-07-19T02:32:17+00:00</Time>
     <Position>
      <LatitudeDegrees>-33.5876300</LatitudeDegrees>
      <LongitudeDegrees>-70.8840332</LongitudeDegrees>
     </Position>
     <AltitudeMeters>386.76000000000005</AltitudeMeters>
     <DistanceMeters>54354.9227626594</DistanceMeters>
    </Trackpoint>
    <Trackpoint>
     <Time>2026-07-19T02:32:23+00:00</Time>
     <Position>
      <LatitudeDegrees>-33.5882067</LatitudeDegrees>
      <LongitudeDegrees>-70.8848043</LongitudeDegrees>
     </Position>
     <AltitudeMeters>386.07</AltitudeMeters>
     <DistanceMeters>54450.99688155164</DistanceMeters>
    </Trackpoint>
    <Trackpoint>
     <Time>2026-07-19T02:32:29+00:00</Time>
     <Position>
      <LatitudeDegrees>-33.5887834</LatitudeDegrees>
      <LongitudeDegrees>-70.8855755</LongitudeDegrees>
     </Position>
     <AltitudeMeters>384.93000000000006</AltitudeMeters>
     <DistanceMeters>54547.07100044522</DistanceMeters>
    </Trackpoint>
    <Trackpoint>
     <Time>2026-07-19T02:32:35+00:00</Time>
     <Position>
      <LatitudeDegrees>-33.5893600</LatitudeDegrees>
      <LongitudeDegrees>-70.8863466</LongitudeDegrees>
     </Position>
     <AltitudeMeters>384.58000000000004</AltitudeMeters>
     <DistanceMeters>54643.14511933937</DistanceMeters>
    </Trackpoint>
    <Trackpoint>
     <Time>2026-07-19T02:32:42+00:00</Time>
     <Position>
      <LatitudeDegrees>-33.5899367</LatitudeDegrees>
      <LongitudeDegrees>-70.8871177</LongitudeDegrees>
     </Position>
     <AltitudeMeters>383.99000000000007</AltitudeMeters>
     <DistanceMeters>54739.21923823239</DistanceMeters>
    </Trackpoint>
    <Trackpoint>
     <Time>2026-07-19T02:32:48+00:00</Time>
     <Position>
      <LatitudeDegrees>-33.5905134</LatitudeDegrees>
      <LongitudeDegrees>-70.8878888</LongitudeDegrees>
     </Position>
     <AltitudeMeters>383.18</AltitudeMeters>
     <DistanceMeters>54835.293357126684</DistanceMeters>
    </Trackpoint>
    <Trackpoint>
     <Time>2026-07-19T02:32:54+00:00</Time>
     <Position>
      <LatitudeDegrees>-33.5910900</LatitudeDegrees>
      <LongitudeDegrees>-70.8886600</LongitudeDegrees>
     </Position>
     <AltitudeMeters>382.18</AltitudeMeters>
     <DistanceMeters>54931.36747428084</DistanceMeters>
    </Trackpoint>
    <Trackpoint>
     <Time>2026-07-19T02:33:00+00:00</Time>
     <Position>
      <LatitudeDegrees>-33.5915700</LatitudeDegrees>
      <LongitudeDegrees>-70.8892900</LongitudeDegrees>
     </Position>
     <AltitudeMeters>381.71999999999997</AltitudeMeters>
     <DistanceMeters>55010.521016453364</DistanceMeters>
    </Trackpoint>
    <Trackpoint>
     <Time>2026-07-19T02:33:06+00:00</Time>
     <Position>
      <LatitudeDegrees>-33.5920500</LatitudeDegrees>
      <LongitudeDegrees>-70.8899200</LongitudeDegrees>
     </Position>
     <AltitudeMeters>381.40000000000003</AltitudeMeters>
     <DistanceMeters>55089.67458302854</DistanceMeters>
    </Trackpoint>
    <Trackpoint>
     <Time>2026-07-19T02:33:13+00:00</Time>
     <Position>
      <LatitudeDegrees>-33.5925880</LatitudeDegrees>
      <LongitudeDegrees>-70.8906160</LongitudeDegrees>
     </Position>
     <AltitudeMeters>380.48</AltitudeMeters>
     <DistanceMeters>55177.7011545703</DistanceMeters>
    </Trackpoint>
    <Trackpoint>
     <Time>2026-07-19T02:33:19+00:00</Time>
     <Position>
      <LatitudeDegrees>-33.5931260</LatitudeDegrees>
      <LongitudeDegrees>-70.8913120</LongitudeDegrees>
     </Position>
     <AltitudeMeters>379.58000000000004</AltitudeMeters>
     <DistanceMeters>55265.727726110985</DistanceMeters>
    </Trackpoint>
    <Trackpoint>
     <Time>2026-07-19T02:33:25+00:00</Time>
     <Position>
      <LatitudeDegrees>-33.5936640</LatitudeDegrees>
      <LongitudeDegrees>-70.8920080</LongitudeDegrees>
     </Position>
     <AltitudeMeters>379.24</AltitudeMeters>
     <DistanceMeters>55353.754297651496</DistanceMeters>
    </Trackpoint>
    <Trackpoint>
     <Time>2026-07-19T02:33:31+00:00</Time>
     <Position>
      <LatitudeDegrees>-33.5942020</LatitudeDegrees>
      <LongitudeDegrees>-70.8927040</LongitudeDegrees>
     </Position>
     <AltitudeMeters>378.98</AltitudeMeters>
     <DistanceMeters>55441.780869191214</DistanceMeters>
    </Trackpoint>
    <Trackpoint>
     <Time>2026-07-19T02:33:37+00:00</Time>
     <Position>
      <LatitudeDegrees>-33.5947400</LatitudeDegrees>
      <LongitudeDegrees>-70.8934000</LongitudeDegrees>
     </Position>
     <AltitudeMeters>378.72</AltitudeMeters>
     <DistanceMeters>55529.80743399019</DistanceMeters>
    </Trackpoint>
    <Trackpoint>
     <Time>2026-07-19T02:33:44+00:00</Time>
     <Position>
      <LatitudeDegrees>-33.5949400</LatitudeDegrees>
      <LongitudeDegrees>-70.8937600</LongitudeDegrees>
     </Position>
     <AltitudeMeters>378.68</AltitudeMeters>
     <DistanceMeters>55569.92358598781</DistanceMeters>
    </Trackpoint>
    <Trackpoint>
     <Time>2026-07-19T02:33:50+00:00</Time>
     <Position>
      <LatitudeDegrees>-33.5950100</LatitudeDegrees>
      <LongitudeDegrees>-70.8939300</LongitudeDegrees>
     </Position>
     <AltitudeMeters>378.68</AltitudeMeters>
     <DistanceMeters>55587.504054115314</DistanceMeters>
    </Trackpoint>
    <Trackpoint>
     <Time>2026-07-19T02:33:56+00:00</Time>
     <Position>
      <LatitudeDegrees>-33.5952300</LatitudeDegrees>
      <LongitudeDegrees>-70.8946600</LongitudeDegrees>
     </Position>
     <AltitudeMeters>378.96000000000004</AltitudeMeters>
     <DistanceMeters>55659.47247114708</DistanceMeters>
    </Trackpoint>
    <Trackpoint>
     <Time>2026-07-19T02:34:02+00:00</Time>
     <Position>
      <LatitudeDegrees>-33.5952700</LatitudeDegrees>
      <LongitudeDegrees>-70.8947400</LongitudeDegrees>
     </Position>
     <AltitudeMeters>378.99000000000007</AltitudeMeters>
     <DistanceMeters>55668.122472009476</DistanceMeters>
    </Trackpoint>
    <Trackpoint>
     <Time>2026-07-19T02:34:08+00:00</Time>
     <Position>
      <LatitudeDegrees>-33.5953200</LatitudeDegrees>
      <LongitudeDegrees>-70.8947500</LongitudeDegrees>
     </Position>
     <AltitudeMeters>378.99000000000007</AltitudeMeters>
     <DistanceMeters>55673.763948177155</DistanceMeters>
    </Trackpoint>
    <Trackpoint>
     <Time>2026-07-19T02:34:15+00:00</Time>
     <Position>
      <LatitudeDegrees>-33.5959867</LatitudeDegrees>
      <LongitudeDegrees>-70.8944867</LongitudeDegrees>
     </Position>
     <AltitudeMeters>378.50000000000006</AltitudeMeters>
     <DistanceMeters>55751.873911975505</DistanceMeters>
    </Trackpoint>
    <Trackpoint>
     <Time>2026-07-19T02:34:21+00:00</Time>
     <Position>
      <LatitudeDegrees>-33.5966533</LatitudeDegrees>
      <LongitudeDegrees>-70.8942233</LongitudeDegrees>
     </Position>
     <AltitudeMeters>378.18</AltitudeMeters>
     <DistanceMeters>55829.98387577226</DistanceMeters>
    </Trackpoint>
    <Trackpoint>
     <Time>2026-07-19T02:34:27+00:00</Time>
     <Position>
      <LatitudeDegrees>-33.5973200</LatitudeDegrees>
      <LongitudeDegrees>-70.8939600</LongitudeDegrees>
     </Position>
     <AltitudeMeters>378.15000000000003</AltitudeMeters>
     <DistanceMeters>55908.093854501465</DistanceMeters>
    </Trackpoint>
    <Trackpoint>
     <Time>2026-07-19T02:34:33+00:00</Time>
     <Position>
      <LatitudeDegrees>-33.5974900</LatitudeDegrees>
      <LongitudeDegrees>-70.8938400</LongitudeDegrees>
     </Position>
     <AltitudeMeters>378.08000000000004</AltitudeMeters>
     <DistanceMeters>55930.042173328824</DistanceMeters>
    </Trackpoint>
    <Trackpoint>
     <Time>2026-07-19T02:34:39+00:00</Time>
     <Position>
      <LatitudeDegrees>-33.5976300</LatitudeDegrees>
      <LongitudeDegrees>-70.8936800</LongitudeDegrees>
     </Position>
     <AltitudeMeters>378.09000000000003</AltitudeMeters>
     <DistanceMeters>55951.55456714712</DistanceMeters>
    </Trackpoint>
    <Trackpoint>
     <Time>2026-07-19T02:34:45+00:00</Time>
     <Position>
      <LatitudeDegrees>-33.5979700</LatitudeDegrees>
      <LongitudeDegrees>-70.8935500</LongitudeDegrees>
     </Position>
     <AltitudeMeters>378.21000000000004</AltitudeMeters>
     <DistanceMeters>55991.267807702694</DistanceMeters>
    </Trackpoint>
    <Trackpoint>
     <Time>2026-07-19T02:34:52+00:00</Time>
     <Position>
      <LatitudeDegrees>-33.5983800</LatitudeDegrees>
      <LongitudeDegrees>-70.8935900</LongitudeDegrees>
     </Position>
     <AltitudeMeters>378.41</AltitudeMeters>
     <DistanceMeters>56037.049452776446</DistanceMeters>
    </Trackpoint>
    <Trackpoint>
     <Time>2026-07-19T02:34:58+00:00</Time>
     <Position>
      <LatitudeDegrees>-33.5990900</LatitudeDegrees>
      <LongitudeDegrees>-70.8938550</LongitudeDegrees>
     </Position>
     <AltitudeMeters>378.53000000000003</AltitudeMeters>
     <DistanceMeters>56119.79987386609</DistanceMeters>
    </Trackpoint>
    <Trackpoint>
     <Time>2026-07-19T02:35:04+00:00</Time>
     <Position>
      <LatitudeDegrees>-33.5998000</LatitudeDegrees>
      <LongitudeDegrees>-70.8941200</LongitudeDegrees>
     </Position>
     <AltitudeMeters>380.72</AltitudeMeters>
     <DistanceMeters>56202.550307322934</DistanceMeters>
    </Trackpoint>
    <Trackpoint>
     <Time>2026-07-19T02:35:10+00:00</Time>
     <Position>
      <LatitudeDegrees>-33.5998600</LatitudeDegrees>
      <LongitudeDegrees>-70.8941300</LongitudeDegrees>
     </Position>
     <AltitudeMeters>380.72</AltitudeMeters>
     <DistanceMeters>56209.29208483747</DistanceMeters>
    </Trackpoint>
    <Trackpoint>
     <Time>2026-07-19T02:35:16+00:00</Time>
     <Position>
      <LatitudeDegrees>-33.5999300</LatitudeDegrees>
      <LongitudeDegrees>-70.8941100</LongitudeDegrees>
     </Position>
     <AltitudeMeters>380.72</AltitudeMeters>
     <DistanceMeters>56217.30035135151</DistanceMeters>
    </Trackpoint>
    <Trackpoint>
     <Time>2026-07-19T02:35:23+00:00</Time>
     <Position>
      <LatitudeDegrees>-33.5999800</LatitudeDegrees>
      <LongitudeDegrees>-70.8940400</LongitudeDegrees>
     </Position>
     <AltitudeMeters>380.94000000000005</AltitudeMeters>
     <DistanceMeters>56225.848712130515</DistanceMeters>
    </Trackpoint>
    <Trackpoint>
     <Time>2026-07-19T02:35:29+00:00</Time>
     <Position>
      <LatitudeDegrees>-33.6000400</LatitudeDegrees>
      <LongitudeDegrees>-70.8939000</LongitudeDegrees>
     </Position>
     <AltitudeMeters>381.08000000000004</AltitudeMeters>
     <DistanceMeters>56240.44400631276</DistanceMeters>
    </Trackpoint>
    <Trackpoint>
     <Time>2026-07-19T02:35:35+00:00</Time>
     <Position>
      <LatitudeDegrees>-33.6007450</LatitudeDegrees>
      <LongitudeDegrees>-70.8942750</LongitudeDegrees>
     </Position>
     <AltitudeMeters>380.93000000000006</AltitudeMeters>
     <DistanceMeters>56326.263223958056</DistanceMeters>
    </Trackpoint>
    <Trackpoint>
     <Time>2026-07-19T02:35:41+00:00</Time>
     <Position>
      <LatitudeDegrees>-33.6014500</LatitudeDegrees>
      <LongitudeDegrees>-70.8946500</LongitudeDegrees>
     </Position>
     <AltitudeMeters>380.93000000000006</AltitudeMeters>
     <DistanceMeters>56412.08244140448</DistanceMeters>
    </Trackpoint>
    <Trackpoint>
     <Time>2026-07-19T02:35:47+00:00</Time>
     <Position>
      <LatitudeDegrees>-33.6019900</LatitudeDegrees>
      <LongitudeDegrees>-70.8948300</LongitudeDegrees>
     </Position>
     <AltitudeMeters>380.64000000000004</AltitudeMeters>
     <DistanceMeters>56474.4553896019</DistanceMeters>
    </Trackpoint>
    <Trackpoint>
     <Time>2026-07-19T02:35:54+00:00</Time>
     <Position>
      <LatitudeDegrees>-33.6026900</LatitudeDegrees>
      <LongitudeDegrees>-70.8949967</LongitudeDegrees>
     </Position>
     <AltitudeMeters>380.36</AltitudeMeters>
     <DistanceMeters>56553.87946985068</DistanceMeters>
    </Trackpoint>
    <Trackpoint>
     <Time>2026-07-19T02:36:00+00:00</Time>
     <Position>
      <LatitudeDegrees>-33.6033900</LatitudeDegrees>
      <LongitudeDegrees>-70.8951633</LongitudeDegrees>
     </Position>
     <AltitudeMeters>380.42</AltitudeMeters>
     <DistanceMeters>56633.303550098</DistanceMeters>
    </Trackpoint>
    <Trackpoint>
     <Time>2026-07-19T02:36:06+00:00</Time>
     <Position>
      <LatitudeDegrees>-33.6040900</LatitudeDegrees>
      <LongitudeDegrees>-70.8953300</LongitudeDegrees>
     </Position>
     <AltitudeMeters>380.48</AltitudeMeters>
     <DistanceMeters>56712.72764456009</DistanceMeters>
    </Trackpoint>
    <Trackpoint>
     <Time>2026-07-19T02:36:12+00:00</Time>
     <Position>
      <LatitudeDegrees>-33.6044700</LatitudeDegrees>
      <LongitudeDegrees>-70.8954500</LongitudeDegrees>
     </Position>
     <AltitudeMeters>380.48</AltitudeMeters>
     <DistanceMeters>56756.45836697701</DistanceMeters>
    </Trackpoint>
    <Trackpoint>
     <Time>2026-07-19T02:36:18+00:00</Time>
     <Position>
      <LatitudeDegrees>-33.6047700</LatitudeDegrees>
      <LongitudeDegrees>-70.8955700</LongitudeDegrees>
     </Position>
     <AltitudeMeters>380.43000000000006</AltitudeMeters>
     <DistanceMeters>56791.65122263969</DistanceMeters>
    </Trackpoint>
    <Trackpoint>
     <Time>2026-07-19T02:36:25+00:00</Time>
     <Position>
      <LatitudeDegrees>-33.6053650</LatitudeDegrees>
      <LongitudeDegrees>-70.8958400</LongitudeDegrees>
     </Position>
     <AltitudeMeters>380.36</AltitudeMeters>
     <DistanceMeters>56862.443826427574</DistanceMeters>
    </Trackpoint>
    <Trackpoint>
     <Time>2026-07-19T02:36:31+00:00</Time>
     <Position>
      <LatitudeDegrees>-33.6059600</LatitudeDegrees>
      <LongitudeDegrees>-70.8961100</LongitudeDegrees>
     </Position>
     <AltitudeMeters>380.25</AltitudeMeters>
     <DistanceMeters>56933.236413964405</DistanceMeters>
    </Trackpoint>
    <Trackpoint>
     <Time>2026-07-19T02:36:37+00:00</Time>
     <Position>
      <LatitudeDegrees>-33.6060800</LatitudeDegrees>
      <LongitudeDegrees>-70.8962800</LongitudeDegrees>
     </Position>
     <AltitudeMeters>379.92</AltitudeMeters>
     <DistanceMeters>56953.89272442681</DistanceMeters>
    </Trackpoint>
    <Trackpoint>
     <Time>2026-07-19T02:36:43+00:00</Time>
     <Position>
      <LatitudeDegrees>-33.6061800</LatitudeDegrees>
      <LongitudeDegrees>-70.8965500</LongitudeDegrees>
     </Position>
     <AltitudeMeters>379.38000000000005</AltitudeMeters>
     <DistanceMeters>56981.28316609561</DistanceMeters>
    </Trackpoint>
    <Trackpoint>
     <Time>2026-07-19T02:36:49+00:00</Time>
     <Position>
      <LatitudeDegrees>-33.6061300</LatitudeDegrees>
      <LongitudeDegrees>-70.8971800</LongitudeDegrees>
     </Position>
     <AltitudeMeters>379.23</AltitudeMeters>
     <DistanceMeters>57039.94487534103</DistanceMeters>
    </Trackpoint>
    <Trackpoint>
     <Time>2026-07-19T02:36:56+00:00</Time>
     <Position>
      <LatitudeDegrees>-33.6061200</LatitudeDegrees>
      <LongitudeDegrees>-70.8975600</LongitudeDegrees>
     </Position>
     <AltitudeMeters>378.76000000000005</AltitudeMeters>
     <DistanceMeters>57075.18615520771</DistanceMeters>
    </Trackpoint>
    <Trackpoint>
     <Time>2026-07-19T02:37:02+00:00</Time>
     <Position>
      <LatitudeDegrees>-33.6061500</LatitudeDegrees>
      <LongitudeDegrees>-70.8977300</LongitudeDegrees>
     </Position>
     <AltitudeMeters>378.76000000000005</AltitudeMeters>
     <DistanceMeters>57091.293969086284</DistanceMeters>
    </Trackpoint>
    <Trackpoint>
     <Time>2026-07-19T02:37:08+00:00</Time>
     <Position>
      <LatitudeDegrees>-33.6064500</LatitudeDegrees>
      <LongitudeDegrees>-70.8987200</LongitudeDegrees>
     </Position>
     <AltitudeMeters>377.61000000000007</AltitudeMeters>
     <DistanceMeters>57188.946187292415</DistanceMeters>
    </Trackpoint>
    <Trackpoint>
     <Time>2026-07-19T02:37:14+00:00</Time>
     <Position>
      <LatitudeDegrees>-33.6067800</LatitudeDegrees>
      <LongitudeDegrees>-70.8994400</LongitudeDegrees>
     </Position>
     <AltitudeMeters>377.09000000000003</AltitudeMeters>
     <DistanceMeters>57265.12390212652</DistanceMeters>
    </Trackpoint>
    <Trackpoint>
     <Time>2026-07-19T02:37:20+00:00</Time>
     <Position>
      <LatitudeDegrees>-33.6068500</LatitudeDegrees>
      <LongitudeDegrees>-70.8995400</LongitudeDegrees>
     </Position>
     <AltitudeMeters>377.09000000000003</AltitudeMeters>
     <DistanceMeters>57277.23238173186</DistanceMeters>
    </Trackpoint>
    <Trackpoint>
     <Time>2026-07-19T02:37:27+00:00</Time>
     <Position>
      <LatitudeDegrees>-33.6070300</LatitudeDegrees>
      <LongitudeDegrees>-70.8997100</LongitudeDegrees>
     </Position>
     <AltitudeMeters>376.82000000000005</AltitudeMeters>
     <DistanceMeters>57302.72039795958</DistanceMeters>
    </Trackpoint>
    <Trackpoint>
     <Time>2026-07-19T02:37:33+00:00</Time>
     <Position>
      <LatitudeDegrees>-33.6075400</LatitudeDegrees>
      <LongitudeDegrees>-70.9000300</LongitudeDegrees>
     </Position>
     <AltitudeMeters>376.47</AltitudeMeters>
     <DistanceMeters>57366.76415176481</DistanceMeters>
    </Trackpoint>
    <Trackpoint>
     <Time>2026-07-19T02:37:39+00:00</Time>
     <Position>
      <LatitudeDegrees>-33.6079200</LatitudeDegrees>
      <LongitudeDegrees>-70.9004200</LongitudeDegrees>
     </Position>
     <AltitudeMeters>376.24</AltitudeMeters>
     <DistanceMeters>57422.401043618</DistanceMeters>
    </Trackpoint>
    <Trackpoint>
     <Time>2026-07-19T02:37:45+00:00</Time>
     <Position>
      <LatitudeDegrees>-33.6073500</LatitudeDegrees>
      <LongitudeDegrees>-70.9008050</LongitudeDegrees>
     </Position>
     <AltitudeMeters>376.25</AltitudeMeters>
     <DistanceMeters>57495.18830360519</DistanceMeters>
    </Trackpoint>
    <Trackpoint>
     <Time>2026-07-19T02:37:51+00:00</Time>
     <Position>
      <LatitudeDegrees>-33.6067800</LatitudeDegrees>
      <LongitudeDegrees>-70.9011900</LongitudeDegrees>
     </Position>
     <AltitudeMeters>376.45</AltitudeMeters>
     <DistanceMeters>57567.97557435175</DistanceMeters>
    </Trackpoint>
    <Trackpoint>
     <Time>2026-07-19T02:37:58+00:00</Time>
     <Position>
      <LatitudeDegrees>-33.6065300</LatitudeDegrees>
      <LongitudeDegrees>-70.9013300</LongitudeDegrees>
     </Position>
     <AltitudeMeters>376.21000000000004</AltitudeMeters>
     <DistanceMeters>57598.676957852025</DistanceMeters>
    </Trackpoint>
    <Trackpoint>
     <Time>2026-07-19T02:38:04+00:00</Time>
     <Position>
      <LatitudeDegrees>-33.6058850</LatitudeDegrees>
      <LongitudeDegrees>-70.9015800</LongitudeDegrees>
     </Position>
     <AltitudeMeters>375.94000000000005</AltitudeMeters>
     <DistanceMeters>57674.11038991087</DistanceMeters>
    </Trackpoint>
    <Trackpoint>
     <Time>2026-07-19T02:38:10+00:00</Time>
     <Position>
      <LatitudeDegrees>-33.6052400</LatitudeDegrees>
      <LongitudeDegrees>-70.9018300</LongitudeDegrees>
     </Position>
     <AltitudeMeters>375.31</AltitudeMeters>
     <DistanceMeters>57749.54381501045</DistanceMeters>
    </Trackpoint>
    <Trackpoint>
     <Time>2026-07-19T02:38:16+00:00</Time>
     <Position>
      <LatitudeDegrees>-33.6051700</LatitudeDegrees>
      <LongitudeDegrees>-70.9018800</LongitudeDegrees>
     </Position>
     <AltitudeMeters>375.13</AltitudeMeters>
     <DistanceMeters>57758.60890454116</DistanceMeters>
    </Trackpoint>
    <Trackpoint>
     <Time>2026-07-19T02:38:22+00:00</Time>
     <Position>
      <LatitudeDegrees>-33.6052400</LatitudeDegrees>
      <LongitudeDegrees>-70.9019600</LongitudeDegrees>
     </Position>
     <AltitudeMeters>375.13</AltitudeMeters>
     <DistanceMeters>57769.364648148396</DistanceMeters>
    </Trackpoint>
    <Trackpoint>
     <Time>2026-07-19T02:38:29+00:00</Time>
     <Position>
      <LatitudeDegrees>-33.6053300</LatitudeDegrees>
      <LongitudeDegrees>-70.9020000</LongitudeDegrees>
     </Position>
     <AltitudeMeters>374.8</AltitudeMeters>
     <DistanceMeters>57780.045483154456</DistanceMeters>
    </Trackpoint>
    <Trackpoint>
     <Time>2026-07-19T02:38:35+00:00</Time>
     <Position>
      <LatitudeDegrees>-33.6059467</LatitudeDegrees>
      <LongitudeDegrees>-70.9021833</LongitudeDegrees>
     </Position>
     <AltitudeMeters>374.75</AltitudeMeters>
     <DistanceMeters>57850.75042528728</DistanceMeters>
    </Trackpoint>
    <Trackpoint>
     <Time>2026-07-19T02:38:41+00:00</Time>
     <Position>
      <LatitudeDegrees>-33.6065633</LatitudeDegrees>
      <LongitudeDegrees>-70.9023667</LongitudeDegrees>
     </Position>
     <AltitudeMeters>375.1</AltitudeMeters>
     <DistanceMeters>57921.45536742174</DistanceMeters>
    </Trackpoint>
    <Trackpoint>
     <Time>2026-07-19T02:38:47+00:00</Time>
     <Position>
      <LatitudeDegrees>-33.6071800</LatitudeDegrees>
      <LongitudeDegrees>-70.9025500</LongitudeDegrees>
     </Position>
     <AltitudeMeters>374.95</AltitudeMeters>
     <DistanceMeters>57992.160311997155</DistanceMeters>
    </Trackpoint>
    <Trackpoint>
     <Time>2026-07-19T02:38:53+00:00</Time>
     <Position>
      <LatitudeDegrees>-33.6078600</LatitudeDegrees>
      <LongitudeDegrees>-70.9027567</LongitudeDegrees>
     </Position>
     <AltitudeMeters>374.50000000000006</AltitudeMeters>
     <DistanceMeters>58070.228149652</DistanceMeters>
    </Trackpoint>
    <Trackpoint>
     <Time>2026-07-19T02:39:00+00:00</Time>
     <Position>
      <LatitudeDegrees>-33.6085400</LatitudeDegrees>
      <LongitudeDegrees>-70.9029633</LongitudeDegrees>
     </Position>
     <AltitudeMeters>374.05000000000007</AltitudeMeters>
     <DistanceMeters>58148.29598730804</DistanceMeters>
    </Trackpoint>
    <Trackpoint>
     <Time>2026-07-19T02:39:06+00:00</Time>
     <Position>
      <LatitudeDegrees>-33.6092200</LatitudeDegrees>
      <LongitudeDegrees>-70.9031700</LongitudeDegrees>
     </Position>
     <AltitudeMeters>374.03000000000003</AltitudeMeters>
     <DistanceMeters>58226.36381096996</DistanceMeters>
    </Trackpoint>
    <Trackpoint>
     <Time>2026-07-19T02:39:12+00:00</Time>
     <Position>
      <LatitudeDegrees>-33.6094500</LatitudeDegrees>
      <LongitudeDegrees>-70.9025300</LongitudeDegrees>
     </Position>
     <AltitudeMeters>374.19</AltitudeMeters>
     <DistanceMeters>58290.97300598936</DistanceMeters>
    </Trackpoint>
    <Trackpoint>
     <Time>2026-07-19T02:39:18+00:00</Time>
     <Position>
      <LatitudeDegrees>-33.6102050</LatitudeDegrees>
      <LongitudeDegrees>-70.9029650</LongitudeDegrees>
     </Position>
     <AltitudeMeters>374.26000000000005</AltitudeMeters>
     <DistanceMeters>58384.17409798307</DistanceMeters>
    </Trackpoint>
    <Trackpoint>
     <Time>2026-07-19T02:39:24+00:00</Time>
     <Position>
      <LatitudeDegrees>-33.6109600</LatitudeDegrees>
      <LongitudeDegrees>-70.9034000</LongitudeDegrees>
     </Position>
     <AltitudeMeters>374.14000000000004</AltitudeMeters>
     <DistanceMeters>58477.3751946234</DistanceMeters>
    </Trackpoint>
    <Trackpoint>
     <Time>2026-07-19T02:39:31+00:00</Time>
     <Position>
      <LatitudeDegrees>-33.6108850</LatitudeDegrees>
      <LongitudeDegrees>-70.9039550</LongitudeDegrees>
     </Position>
     <AltitudeMeters>373.71000000000004</AltitudeMeters>
     <DistanceMeters>58529.49031631</DistanceMeters>
    </Trackpoint>
    <Trackpoint>
     <Time>2026-07-19T02:39:37+00:00</Time>
     <Position>
      <LatitudeDegrees>-33.6108100</LatitudeDegrees>
      <LongitudeDegrees>-70.9045100</LongitudeDegrees>
     </Position>
     <AltitudeMeters>373.33000000000004</AltitudeMeters>
     <DistanceMeters>58581.60543607796</DistanceMeters>
    </Trackpoint>
    <Trackpoint>
     <Time>2026-07-19T02:39:43+00:00</Time>
     <Position>
      <LatitudeDegrees>-33.6107300</LatitudeDegrees>
      <LongitudeDegrees>-70.9048400</LongitudeDegrees>
     </Position>
     <AltitudeMeters>373.24</AltitudeMeters>
     <DistanceMeters>58613.46232524547</DistanceMeters>
    </Trackpoint>
    <Trackpoint>
     <Time>2026-07-19T02:39:49+00:00</Time>
     <Position>
      <LatitudeDegrees>-33.6106000</LatitudeDegrees>
      <LongitudeDegrees>-70.9051700</LongitudeDegrees>
     </Position>
     <AltitudeMeters>373.34</AltitudeMeters>
     <DistanceMeters>58647.29905548648</DistanceMeters>
    </Trackpoint>
    <Trackpoint>
     <Time>2026-07-19T02:39:55+00:00</Time>
     <Position>
      <LatitudeDegrees>-33.6105000</LatitudeDegrees>
      <LongitudeDegrees>-70.9055300</LongitudeDegrees>
     </Position>
     <AltitudeMeters>373.34</AltitudeMeters>
     <DistanceMeters>58682.474302685885</DistanceMeters>
    </Trackpoint>
    <Trackpoint>
     <Time>2026-07-19T02:40:01+00:00</Time>
     <Position>
      <LatitudeDegrees>-33.6104500</LatitudeDegrees>
      <LongitudeDegrees>-70.9058100</LongitudeDegrees>
     </Position>
     <AltitudeMeters>373.45</AltitudeMeters>
     <DistanceMeters>58709.01718979128</DistanceMeters>
    </Trackpoint>
    <Trackpoint>
     <Time>2026-07-19T02:40:08+00:00</Time>
     <Position>
      <LatitudeDegrees>-33.6104150</LatitudeDegrees>
      <LongitudeDegrees>-70.9064100</LongitudeDegrees>
     </Position>
     <AltitudeMeters>373.6700000000001</AltitudeMeters>
     <DistanceMeters>58764.76703603125</DistanceMeters>
    </Trackpoint>
    <Trackpoint>
     <Time>2026-07-19T02:40:14+00:00</Time>
     <Position>
      <LatitudeDegrees>-33.6103800</LatitudeDegrees>
      <LongitudeDegrees>-70.9070100</LongitudeDegrees>
     </Position>
     <AltitudeMeters>373.55000000000007</AltitudeMeters>
     <DistanceMeters>58820.516904169395</DistanceMeters>
    </Trackpoint>
    <Trackpoint>
     <Time>2026-07-19T02:40:20+00:00</Time>
     <Position>
      <LatitudeDegrees>-33.6103400</LatitudeDegrees>
      <LongitudeDegrees>-70.9072300</LongitudeDegrees>
     </Position>
     <AltitudeMeters>373.16</AltitudeMeters>
     <DistanceMeters>58841.38886780128</DistanceMeters>
    </Trackpoint>
    <Trackpoint>
     <Time>2026-07-19T02:40:26+00:00</Time>
     <Position>
      <LatitudeDegrees>-33.6101800</LatitudeDegrees>
      <LongitudeDegrees>-70.9074500</LongitudeDegrees>
     </Position>
     <AltitudeMeters>373.04</AltitudeMeters>
     <DistanceMeters>58868.461387241434</DistanceMeters>
    </Trackpoint>
    <Trackpoint>
     <Time>2026-07-19T02:40:32+00:00</Time>
     <Position>
      <LatitudeDegrees>-33.6096000</LatitudeDegrees>
      <LongitudeDegrees>-70.9079000</LongitudeDegrees>
     </Position>
     <AltitudeMeters>372.29</AltitudeMeters>
     <DistanceMeters>58945.31616944604</DistanceMeters>
    </Trackpoint>
    <Trackpoint>
     <Time>2026-07-19T02:40:39+00:00</Time>
     <Position>
      <LatitudeDegrees>-33.6091400</LatitudeDegrees>
      <LongitudeDegrees>-70.9082750</LongitudeDegrees>
     </Position>
     <AltitudeMeters>372.05</AltitudeMeters>
     <DistanceMeters>59007.19688322024</DistanceMeters>
    </Trackpoint>
    <Trackpoint>
     <Time>2026-07-19T02:40:45+00:00</Time>
     <Position>
      <LatitudeDegrees>-33.6086800</LatitudeDegrees>
      <LongitudeDegrees>-70.9086500</LongitudeDegrees>
     </Position>
     <AltitudeMeters>372.01</AltitudeMeters>
     <DistanceMeters>59069.07756713748</DistanceMeters>
    </Trackpoint>
    <Trackpoint>
     <Time>2026-07-19T02:40:51+00:00</Time>
     <Position>
      <LatitudeDegrees>-33.6084600</LatitudeDegrees>
      <LongitudeDegrees>-70.9088100</LongitudeDegrees>
     </Position>
     <AltitudeMeters>371.91</AltitudeMeters>
     <DistanceMeters>59097.70386075287</DistanceMeters>
    </Trackpoint>
    <Trackpoint>
     <Time>2026-07-19T02:40:57+00:00</Time>
     <Position>
      <LatitudeDegrees>-33.6082100</LatitudeDegrees>
      <LongitudeDegrees>-70.9089400</LongitudeDegrees>
     </Position>
     <AltitudeMeters>371.91</AltitudeMeters>
     <DistanceMeters>59128.02498738087</DistanceMeters>
    </Trackpoint>
    <Trackpoint>
     <Time>2026-07-19T02:41:03+00:00</Time>
     <Position>
      <LatitudeDegrees>-33.6078100</LatitudeDegrees>
      <LongitudeDegrees>-70.9090700</LongitudeDegrees>
     </Position>
     <AltitudeMeters>371.75</AltitudeMeters>
     <DistanceMeters>59174.14524128637</DistanceMeters>
    </Trackpoint>
    <Trackpoint>
     <Time>2026-07-19T02:41:10+00:00</Time>
     <Position>
      <LatitudeDegrees>-33.6075400</LatitudeDegrees>
      <LongitudeDegrees>-70.9091200</LongitudeDegrees>
     </Position>
     <AltitudeMeters>371.76000000000005</AltitudeMeters>
     <DistanceMeters>59204.55037472229</DistanceMeters>
    </Trackpoint>
    <Trackpoint>
     <Time>2026-07-19T02:41:16+00:00</Time>
     <Position>
      <LatitudeDegrees>-33.6073000</LatitudeDegrees>
      <LongitudeDegrees>-70.9091100</LongitudeDegrees>
     </Position>
     <AltitudeMeters>371.85</AltitudeMeters>
     <DistanceMeters>59231.27741606489</DistanceMeters>
    </Trackpoint>
    <Trackpoint>
     <Time>2026-07-19T02:41:22+00:00</Time>
     <Position>
      <LatitudeDegrees>-33.6065800</LatitudeDegrees>
      <LongitudeDegrees>-70.9089800</LongitudeDegrees>
     </Position>
     <AltitudeMeters>372.09000000000003</AltitudeMeters>
     <DistanceMeters>59312.31126599083</DistanceMeters>
    </Trackpoint>
    <Trackpoint>
     <Time>2026-07-19T02:41:28+00:00</Time>
     <Position>
      <LatitudeDegrees>-33.6064400</LatitudeDegrees>
      <LongitudeDegrees>-70.9090200</LongitudeDegrees>
     </Position>
     <AltitudeMeters>372.09000000000003</AltitudeMeters>
     <DistanceMeters>59328.3277331669</DistanceMeters>
    </Trackpoint>
    <Trackpoint>
     <Time>2026-07-19T02:41:34+00:00</Time>
     <Position>
      <LatitudeDegrees>-33.6063400</LatitudeDegrees>
      <LongitudeDegrees>-70.9090600</LongitudeDegrees>
     </Position>
     <AltitudeMeters>372.11000000000007</AltitudeMeters>
     <DistanceMeters>59340.058660995855</DistanceMeters>
    </Trackpoint>
    <Trackpoint>
     <Time>2026-07-19T02:41:41+00:00</Time>
     <Position>
      <LatitudeDegrees>-33.6056500</LatitudeDegrees>
      <LongitudeDegrees>-70.9095900</LongitudeDegrees>
     </Position>
     <AltitudeMeters>371.94000000000005</AltitudeMeters>
     <DistanceMeters>59431.22283852694</DistanceMeters>
    </Trackpoint>
    <Trackpoint>
     <Time>2026-07-19T02:41:47+00:00</Time>
     <Position>
      <LatitudeDegrees>-33.6049600</LatitudeDegrees>
      <LongitudeDegrees>-70.9101200</LongitudeDegrees>
     </Position>
     <AltitudeMeters>371.83000000000004</AltitudeMeters>
     <DistanceMeters>59522.38701605735</DistanceMeters>
    </Trackpoint>
    <Trackpoint>
     <Time>2026-07-19T02:41:53+00:00</Time>
     <Position>
      <LatitudeDegrees>-33.6042700</LatitudeDegrees>
      <LongitudeDegrees>-70.9106500</LongitudeDegrees>
     </Position>
     <AltitudeMeters>371.36</AltitudeMeters>
     <DistanceMeters>59613.55119533114</DistanceMeters>
    </Trackpoint>
    <Trackpoint>
     <Time>2026-07-19T02:41:59+00:00</Time>
     <Position>
      <LatitudeDegrees>-33.6040000</LatitudeDegrees>
      <LongitudeDegrees>-70.9109500</LongitudeDegrees>
     </Position>
     <AltitudeMeters>370.66</AltitudeMeters>
     <DistanceMeters>59654.49412333495</DistanceMeters>
    </Trackpoint>
    <Trackpoint>
     <Time>2026-07-19T02:42:05+00:00</Time>
     <Position>
      <LatitudeDegrees>-33.6039400</LatitudeDegrees>
      <LongitudeDegrees>-70.9111300</LongitudeDegrees>
     </Position>
     <AltitudeMeters>369.95000000000005</AltitudeMeters>
     <DistanceMeters>59672.46611259626</DistanceMeters>
    </Trackpoint>
    <Trackpoint>
     <Time>2026-07-19T02:42:12+00:00</Time>
     <Position>
      <LatitudeDegrees>-33.6039200</LatitudeDegrees>
      <LongitudeDegrees>-70.9112800</LongitudeDegrees>
     </Position>
     <AltitudeMeters>369.50000000000006</AltitudeMeters>
     <DistanceMeters>59686.54760138246</DistanceMeters>
    </Trackpoint>
    <Trackpoint>
     <Time>2026-07-19T02:42:18+00:00</Time>
     <Position>
      <LatitudeDegrees>-33.6039200</LatitudeDegrees>
      <LongitudeDegrees>-70.9112900</LongitudeDegrees>
     </Position>
     <AltitudeMeters>369.47</AltitudeMeters>
     <DistanceMeters>59686.54760138246</DistanceMeters>
    </Trackpoint>
    <Trackpoint>
     <Time>2026-07-19T02:42:24+00:00</Time>
     <Position>
      <LatitudeDegrees>-33.6040300</LatitudeDegrees>
      <LongitudeDegrees>-70.9116200</LongitudeDegrees>
     </Position>
     <AltitudeMeters>369.37</AltitudeMeters>
     <DistanceMeters>59719.49624671399</DistanceMeters>
    </Trackpoint>
    <Trackpoint>
     <Time>2026-07-19T02:42:30+00:00</Time>
     <Position>
      <LatitudeDegrees>-33.6045100</LatitudeDegrees>
      <LongitudeDegrees>-70.9124500</LongitudeDegrees>
     </Position>
     <AltitudeMeters>369.19</AltitudeMeters>
     <DistanceMeters>59813.16196564173</DistanceMeters>
    </Trackpoint>
    <Trackpoint>
     <Time>2026-07-19T02:42:36+00:00</Time>
     <Position>
      <LatitudeDegrees>-33.6049900</LatitudeDegrees>
      <LongitudeDegrees>-70.9132800</LongitudeDegrees>
     </Position>
     <AltitudeMeters>368.52</AltitudeMeters>
     <DistanceMeters>59906.827705171236</DistanceMeters>
    </Trackpoint>
    <Trackpoint>
     <Time>2026-07-19T02:42:43+00:00</Time>
     <Position>
      <LatitudeDegrees>-33.6051500</LatitudeDegrees>
      <LongitudeDegrees>-70.9135200</LongitudeDegrees>
     </Position>
     <AltitudeMeters>368.42</AltitudeMeters>
     <DistanceMeters>59935.32369194041</DistanceMeters>
    </Trackpoint>
    <Trackpoint>
     <Time>2026-07-19T02:42:49+00:00</Time>
     <Position>
      <LatitudeDegrees>-33.6055600</LatitudeDegrees>
      <LongitudeDegrees>-70.9142050</LongitudeDegrees>
     </Position>
     <AltitudeMeters>368.18</AltitudeMeters>
     <DistanceMeters>60013.5152674884</DistanceMeters>
    </Trackpoint>
    <Trackpoint>
     <Time>2026-07-19T02:42:55+00:00</Time>
     <Position>
      <LatitudeDegrees>-33.6059700</LatitudeDegrees>
      <LongitudeDegrees>-70.9148900</LongitudeDegrees>
     </Position>
     <AltitudeMeters>367.41</AltitudeMeters>
     <DistanceMeters>60091.70683851729</DistanceMeters>
    </Trackpoint>
    <Trackpoint>
     <Time>2026-07-19T02:43:01+00:00</Time>
     <Position>
      <LatitudeDegrees>-33.6060400</LatitudeDegrees>
      <LongitudeDegrees>-70.9150700</LongitudeDegrees>
     </Position>
     <AltitudeMeters>367.42</AltitudeMeters>
     <DistanceMeters>60110.12101792758</DistanceMeters>
    </Trackpoint>
    <Trackpoint>
     <Time>2026-07-19T02:43:07+00:00</Time>
     <Position>
      <LatitudeDegrees>-33.6060600</LatitudeDegrees>
      <LongitudeDegrees>-70.9152000</LongitudeDegrees>
     </Position>
     <AltitudeMeters>367.50000000000006</AltitudeMeters>
     <DistanceMeters>60122.375102629914</DistanceMeters>
    </Trackpoint>
    <Trackpoint>
     <Time>2026-07-19T02:43:14+00:00</Time>
     <Position>
      <LatitudeDegrees>-33.6060400</LatitudeDegrees>
      <LongitudeDegrees>-70.9153400</LongitudeDegrees>
     </Position>
     <AltitudeMeters>367.70000000000005</AltitudeMeters>
     <DistanceMeters>60135.54178357801</DistanceMeters>
    </Trackpoint>
    <Trackpoint>
     <Time>2026-07-19T02:43:20+00:00</Time>
     <Position>
      <LatitudeDegrees>-33.6059700</LatitudeDegrees>
      <LongitudeDegrees>-70.9154700</LongitudeDegrees>
     </Position>
     <AltitudeMeters>367.96</AltitudeMeters>
     <DistanceMeters>60149.891104837945</DistanceMeters>
    </Trackpoint>
    <Trackpoint>
     <Time>2026-07-19T02:43:26+00:00</Time>
     <Position>
      <LatitudeDegrees>-33.6056800</LatitudeDegrees>
      <LongitudeDegrees>-70.9157100</LongitudeDegrees>
     </Position>
     <AltitudeMeters>369.11</AltitudeMeters>
     <DistanceMeters>60189.09105633749</DistanceMeters>
    </Trackpoint>
    <Trackpoint>
     <Time>2026-07-19T02:43:32+00:00</Time>
     <Position>
      <LatitudeDegrees>-33.6056200</LatitudeDegrees>
      <LongitudeDegrees>-70.9158000</LongitudeDegrees>
     </Position>
     <AltitudeMeters>369.35</AltitudeMeters>
     <DistanceMeters>60199.77700756256</DistanceMeters>
    </Trackpoint>
    <Trackpoint>
     <Time>2026-07-19T02:43:38+00:00</Time>
     <Position>
      <LatitudeDegrees>-33.6055900</LatitudeDegrees>
      <LongitudeDegrees>-70.9159700</LongitudeDegrees>
     </Position>
     <AltitudeMeters>369.58</AltitudeMeters>
     <DistanceMeters>60215.88491620536</DistanceMeters>
    </Trackpoint>
    <Trackpoint>
     <Time>2026-07-19T02:43:45+00:00</Time>
     <Position>
      <LatitudeDegrees>-33.6056200</LatitudeDegrees>
      <LongitudeDegrees>-70.9161000</LongitudeDegrees>
     </Position>
     <AltitudeMeters>369.64000000000004</AltitudeMeters>
     <DistanceMeters>60228.38921366398</DistanceMeters>
    </Trackpoint>
    <Trackpoint>
     <Time>2026-07-19T02:43:51+00:00</Time>
     <Position>
      <LatitudeDegrees>-33.6058000</LatitudeDegrees>
      <LongitudeDegrees>-70.9164200</LongitudeDegrees>
     </Position>
     <AltitudeMeters>369.54</AltitudeMeters>
     <DistanceMeters>60264.18273992004</DistanceMeters>
    </Trackpoint>
    <Trackpoint>
     <Time>2026-07-19T02:43:57+00:00</Time>
     <Position>
      <LatitudeDegrees>-33.6062400</LatitudeDegrees>
      <LongitudeDegrees>-70.9170650</LongitudeDegrees>
     </Position>
     <AltitudeMeters>368.89000000000004</AltitudeMeters>
     <DistanceMeters>60341.46521998632</DistanceMeters>
    </Trackpoint>
    <Trackpoint>
     <Time>2026-07-19T02:44:03+00:00</Time>
     <Position>
      <LatitudeDegrees>-33.6066800</LatitudeDegrees>
      <LongitudeDegrees>-70.9177100</LongitudeDegrees>
     </Position>
     <AltitudeMeters>368.18</AltitudeMeters>
     <DistanceMeters>60418.747700050684</DistanceMeters>
    </Trackpoint>
    <Trackpoint>
     <Time>2026-07-19T02:44:09+00:00</Time>
     <Position>
      <LatitudeDegrees>-33.6071200</LatitudeDegrees>
      <LongitudeDegrees>-70.9183550</LongitudeDegrees>
     </Position>
     <AltitudeMeters>367.8</AltitudeMeters>
     <DistanceMeters>60496.03018011506</DistanceMeters>
    </Trackpoint>
    <Trackpoint>
     <Time>2026-07-19T02:44:16+00:00</Time>
     <Position>
      <LatitudeDegrees>-33.6075600</LatitudeDegrees>
      <LongitudeDegrees>-70.9190000</LongitudeDegrees>
     </Position>
     <AltitudeMeters>367.34000000000003</AltitudeMeters>
     <DistanceMeters>60573.31265376449</DistanceMeters>
    </Trackpoint>
    <Trackpoint>
     <Time>2026-07-19T02:44:22+00:00</Time>
     <Position>
      <LatitudeDegrees>-33.6080375</LatitudeDegrees>
      <LongitudeDegrees>-70.9197150</LongitudeDegrees>
     </Position>
     <AltitudeMeters>366.81</AltitudeMeters>
     <DistanceMeters>60658.26286798106</DistanceMeters>
    </Trackpoint>
    <Trackpoint>
     <Time>2026-07-19T02:44:28+00:00</Time>
     <Position>
      <LatitudeDegrees>-33.6085150</LatitudeDegrees>
      <LongitudeDegrees>-70.9204300</LongitudeDegrees>
     </Position>
     <AltitudeMeters>366.39000000000004</AltitudeMeters>
     <DistanceMeters>60743.213082199894</DistanceMeters>
    </Trackpoint>
    <Trackpoint>
     <Time>2026-07-19T02:44:34+00:00</Time>
     <Position>
      <LatitudeDegrees>-33.6089925</LatitudeDegrees>
      <LongitudeDegrees>-70.9211450</LongitudeDegrees>
     </Position>
     <AltitudeMeters>366.21000000000004</AltitudeMeters>
     <DistanceMeters>60828.16329641796</DistanceMeters>
    </Trackpoint>
    <Trackpoint>
     <Time>2026-07-19T02:44:40+00:00</Time>
     <Position>
      <LatitudeDegrees>-33.6094700</LatitudeDegrees>
      <LongitudeDegrees>-70.9218600</LongitudeDegrees>
     </Position>
     <AltitudeMeters>366.02</AltitudeMeters>
     <DistanceMeters>60913.11351961211</DistanceMeters>
    </Trackpoint>
    <Trackpoint>
     <Time>2026-07-19T02:44:47+00:00</Time>
     <Position>
      <LatitudeDegrees>-33.6099800</LatitudeDegrees>
      <LongitudeDegrees>-70.9226800</LongitudeDegrees>
     </Position>
     <AltitudeMeters>365.83000000000004</AltitudeMeters>
     <DistanceMeters>61007.97489030258</DistanceMeters>
    </Trackpoint>
    <Trackpoint>
     <Time>2026-07-19T02:44:53+00:00</Time>
     <Position>
      <LatitudeDegrees>-33.6102300</LatitudeDegrees>
      <LongitudeDegrees>-70.9230100</LongitudeDegrees>
     </Position>
     <AltitudeMeters>365.94000000000005</AltitudeMeters>
     <DistanceMeters>61049.32427092601</DistanceMeters>
    </Trackpoint>
    <Trackpoint>
     <Time>2026-07-19T02:44:59+00:00</Time>
     <Position>
      <LatitudeDegrees>-33.6105000</LatitudeDegrees>
      <LongitudeDegrees>-70.9235000</LongitudeDegrees>
     </Position>
     <AltitudeMeters>365.79</AltitudeMeters>
     <DistanceMeters>61103.78314749898</DistanceMeters>
    </Trackpoint>
    <Trackpoint>
     <Time>2026-07-19T02:45:05+00:00</Time>
     <Position>
      <LatitudeDegrees>-33.6107000</LatitudeDegrees>
      <LongitudeDegrees>-70.9239800</LongitudeDegrees>
     </Position>
     <AltitudeMeters>364.97</AltitudeMeters>
     <DistanceMeters>61153.5315067524</DistanceMeters>
    </Trackpoint>
    <Trackpoint>
     <Time>2026-07-19T02:45:11+00:00</Time>
     <Position>
      <LatitudeDegrees>-33.6110300</LatitudeDegrees>
      <LongitudeDegrees>-70.9249400</LongitudeDegrees>
     </Position>
     <AltitudeMeters>364.18</AltitudeMeters>
     <DistanceMeters>61249.794617542175</DistanceMeters>
    </Trackpoint>
    <Trackpoint>
     <Time>2026-07-19T02:45:18+00:00</Time>
     <Position>
      <LatitudeDegrees>-33.6112467</LatitudeDegrees>
      <LongitudeDegrees>-70.9256433</LongitudeDegrees>
     </Position>
     <AltitudeMeters>363.46</AltitudeMeters>
     <DistanceMeters>61319.302363495415</DistanceMeters>
    </Trackpoint>
    <Trackpoint>
     <Time>2026-07-19T02:45:24+00:00</Time>
     <Position>
      <LatitudeDegrees>-33.6114633</LatitudeDegrees>
      <LongitudeDegrees>-70.9263467</LongitudeDegrees>
     </Position>
     <AltitudeMeters>362.74</AltitudeMeters>
     <DistanceMeters>61388.81010944664</DistanceMeters>
    </Trackpoint>
    <Trackpoint>
     <Time>2026-07-19T02:45:30+00:00</Time>
     <Position>
      <LatitudeDegrees>-33.6116800</LatitudeDegrees>
      <LongitudeDegrees>-70.9270500</LongitudeDegrees>
     </Position>
     <AltitudeMeters>362.28000000000003</AltitudeMeters>
     <DistanceMeters>61458.31786569876</DistanceMeters>
    </Trackpoint>
    <Trackpoint>
     <Time>2026-07-19T02:45:36+00:00</Time>
     <Position>
      <LatitudeDegrees>-33.6119400</LatitudeDegrees>
      <LongitudeDegrees>-70.9277400</LongitudeDegrees>
     </Position>
     <AltitudeMeters>362.28000000000003</AltitudeMeters>
     <DistanceMeters>61528.51426708541</DistanceMeters>
    </Trackpoint>
    <Trackpoint>
     <Time>2026-07-19T02:45:42+00:00</Time>
     <Position>
      <LatitudeDegrees>-33.6122610</LatitudeDegrees>
      <LongitudeDegrees>-70.9286900</LongitudeDegrees>
     </Position>
     <AltitudeMeters>361.71000000000004</AltitudeMeters>
     <DistanceMeters>61623.53762340702</DistanceMeters>
    </Trackpoint>
    <Trackpoint>
     <Time>2026-07-19T02:45:48+00:00</Time>
     <Position>
      <LatitudeDegrees>-33.6125821</LatitudeDegrees>
      <LongitudeDegrees>-70.9296399</LongitudeDegrees>
     </Position>
     <AltitudeMeters>361.27000000000004</AltitudeMeters>
     <DistanceMeters>61718.56097973011</DistanceMeters>
    </Trackpoint>
    <Trackpoint>
     <Time>2026-07-19T02:45:55+00:00</Time>
     <Position>
      <LatitudeDegrees>-33.6129031</LatitudeDegrees>
      <LongitudeDegrees>-70.9305899</LongitudeDegrees>
     </Position>
     <AltitudeMeters>360.42</AltitudeMeters>
     <DistanceMeters>61813.58433605193</DistanceMeters>
    </Trackpoint>
    <Trackpoint>
     <Time>2026-07-19T02:46:01+00:00</Time>
     <Position>
      <LatitudeDegrees>-33.6132241</LatitudeDegrees>
      <LongitudeDegrees>-70.9315399</LongitudeDegrees>
     </Position>
     <AltitudeMeters>360.00000000000006</AltitudeMeters>
     <DistanceMeters>61908.607692374026</DistanceMeters>
    </Trackpoint>
    <Trackpoint>
     <Time>2026-07-19T02:46:07+00:00</Time>
     <Position>
      <LatitudeDegrees>-33.6135451</LatitudeDegrees>
      <LongitudeDegrees>-70.9324899</LongitudeDegrees>
     </Position>
     <AltitudeMeters>359.77000000000004</AltitudeMeters>
     <DistanceMeters>62003.6310486961</DistanceMeters>
    </Trackpoint>
    <Trackpoint>
     <Time>2026-07-19T02:46:13+00:00</Time>
     <Position>
      <LatitudeDegrees>-33.6138661</LatitudeDegrees>
      <LongitudeDegrees>-70.9334399</LongitudeDegrees>
     </Position>
     <AltitudeMeters>359.57000000000005</AltitudeMeters>
     <DistanceMeters>62098.65440501727</DistanceMeters>
    </Trackpoint>
    <Trackpoint>
     <Time>2026-07-19T02:46:19+00:00</Time>
     <Position>
      <LatitudeDegrees>-33.6141871</LatitudeDegrees>
      <LongitudeDegrees>-70.9343899</LongitudeDegrees>
     </Position>
     <AltitudeMeters>359.74</AltitudeMeters>
     <DistanceMeters>62193.67776133967</DistanceMeters>
    </Trackpoint>
    <Trackpoint>
     <Time>2026-07-19T02:46:26+00:00</Time>
     <Position>
      <LatitudeDegrees>-33.6145081</LatitudeDegrees>
      <LongitudeDegrees>-70.9353399</LongitudeDegrees>
     </Position>
     <AltitudeMeters>361.03000000000003</AltitudeMeters>
     <DistanceMeters>62288.70111766211</DistanceMeters>
    </Trackpoint>
    <Trackpoint>
     <Time>2026-07-19T02:46:32+00:00</Time>
     <Position>
      <LatitudeDegrees>-33.6148290</LatitudeDegrees>
      <LongitudeDegrees>-70.9362900</LongitudeDegrees>
     </Position>
     <AltitudeMeters>362.78000000000003</AltitudeMeters>
     <DistanceMeters>62383.7244739849</DistanceMeters>
    </Trackpoint>
    <Trackpoint>
     <Time>2026-07-19T02:46:38+00:00</Time>
     <Position>
      <LatitudeDegrees>-33.6151500</LatitudeDegrees>
      <LongitudeDegrees>-70.9372400</LongitudeDegrees>
     </Position>
     <AltitudeMeters>363.83000000000004</AltitudeMeters>
     <DistanceMeters>62478.74782516691</DistanceMeters>
    </Trackpoint>
    <Trackpoint>
     <Time>2026-07-19T02:46:44+00:00</Time>
     <Position>
      <LatitudeDegrees>-33.6152000</LatitudeDegrees>
      <LongitudeDegrees>-70.9375000</LongitudeDegrees>
     </Position>
     <AltitudeMeters>363.83000000000004</AltitudeMeters>
     <DistanceMeters>62503.47989882611</DistanceMeters>
    </Trackpoint>
    <Trackpoint>
     <Time>2026-07-19T02:46:50+00:00</Time>
     <Position>
      <LatitudeDegrees>-33.6152000</LatitudeDegrees>
      <LongitudeDegrees>-70.9376300</LongitudeDegrees>
     </Position>
     <AltitudeMeters>364.3</AltitudeMeters>
     <DistanceMeters>62515.52884390511</DistanceMeters>
    </Trackpoint>
    <Trackpoint>
     <Time>2026-07-19T02:46:57+00:00</Time>
     <Position>
      <LatitudeDegrees>-33.6151800</LatitudeDegrees>
      <LongitudeDegrees>-70.9378100</LongitudeDegrees>
     </Position>
     <AltitudeMeters>364.3</AltitudeMeters>
     <DistanceMeters>62532.359839341014</DistanceMeters>
    </Trackpoint>
    <Trackpoint>
     <Time>2026-07-19T02:47:03+00:00</Time>
     <Position>
      <LatitudeDegrees>-33.6150900</LatitudeDegrees>
      <LongitudeDegrees>-70.9379600</LongitudeDegrees>
     </Position>
     <AltitudeMeters>364.41</AltitudeMeters>
     <DistanceMeters>62549.4950627654</DistanceMeters>
    </Trackpoint>
    <Trackpoint>
     <Time>2026-07-19T02:47:09+00:00</Time>
     <Position>
      <LatitudeDegrees>-33.6147050</LatitudeDegrees>
      <LongitudeDegrees>-70.9383100</LongitudeDegrees>
     </Position>
     <AltitudeMeters>365.31</AltitudeMeters>
     <DistanceMeters>62603.23846000628</DistanceMeters>
    </Trackpoint>
    <Trackpoint>
     <Time>2026-07-19T02:47:15+00:00</Time>
     <Position>
      <LatitudeDegrees>-33.6143200</LatitudeDegrees>
      <LongitudeDegrees>-70.9386600</LongitudeDegrees>
     </Position>
     <AltitudeMeters>367.11</AltitudeMeters>
     <DistanceMeters>62656.98187938849</DistanceMeters>
    </Trackpoint>
    <Trackpoint>
     <Time>2026-07-19T02:47:21+00:00</Time>
     <Position>
      <LatitudeDegrees>-33.6138850</LatitudeDegrees>
      <LongitudeDegrees>-70.9390300</LongitudeDegrees>
     </Position>
     <AltitudeMeters>369.82000000000005</AltitudeMeters>
     <DistanceMeters>62716.31091828559</DistanceMeters>
    </Trackpoint>
    <Trackpoint>
     <Time>2026-07-19T02:47:28+00:00</Time>
     <Position>
      <LatitudeDegrees>-33.6134500</LatitudeDegrees>
      <LongitudeDegrees>-70.9394000</LongitudeDegrees>
     </Position>
     <AltitudeMeters>372.31</AltitudeMeters>
     <DistanceMeters>62775.639955766055</DistanceMeters>
    </Trackpoint>
    <Trackpoint>
     <Time>2026-07-19T02:47:34+00:00</Time>
     <Position>
      <LatitudeDegrees>-33.6132500</LatitudeDegrees>
      <LongitudeDegrees>-70.9396100</LongitudeDegrees>
     </Position>
     <AltitudeMeters>373.72</AltitudeMeters>
     <DistanceMeters>62805.208862619605</DistanceMeters>
    </Trackpoint>
    <Trackpoint>
     <Time>2026-07-19T02:47:40+00:00</Time>
     <Position>
      <LatitudeDegrees>-33.6127067</LatitudeDegrees>
      <LongitudeDegrees>-70.9403533</LongitudeDegrees>
     </Position>
     <AltitudeMeters>378.45</AltitudeMeters>
     <DistanceMeters>62896.87979790143</DistanceMeters>
    </Trackpoint>
    <Trackpoint>
     <Time>2026-07-19T02:47:46+00:00</Time>
     <Position>
      <LatitudeDegrees>-33.6121633</LatitudeDegrees>
      <LongitudeDegrees>-70.9410967</LongitudeDegrees>
     </Position>
     <AltitudeMeters>383.90000000000003</AltitudeMeters>
     <DistanceMeters>62988.55073318225</DistanceMeters>
    </Trackpoint>
    <Trackpoint>
     <Time>2026-07-19T02:47:52+00:00</Time>
     <Position>
      <LatitudeDegrees>-33.6116200</LatitudeDegrees>
      <LongitudeDegrees>-70.9418400</LongitudeDegrees>
     </Position>
     <AltitudeMeters>390.26000000000005</AltitudeMeters>
     <DistanceMeters>63080.221659668554</DistanceMeters>
    </Trackpoint>
    <Trackpoint>
     <Time>2026-07-19T02:47:59+00:00</Time>
     <Position>
      <LatitudeDegrees>-33.6115300</LatitudeDegrees>
      <LongitudeDegrees>-70.9420200</LongitudeDegrees>
     </Position>
     <AltitudeMeters>392.11</AltitudeMeters>
     <DistanceMeters>63099.68145315284</DistanceMeters>
    </Trackpoint>
    <Trackpoint>
     <Time>2026-07-19T02:48:05+00:00</Time>
     <Position>
      <LatitudeDegrees>-33.6114600</LatitudeDegrees>
      <LongitudeDegrees>-70.9422400</LongitudeDegrees>
     </Position>
     <AltitudeMeters>393.37000000000006</AltitudeMeters>
     <DistanceMeters>63121.51042745744</DistanceMeters>
    </Trackpoint>
    <Trackpoint>
     <Time>2026-07-19T02:48:11+00:00</Time>
     <Position>
      <LatitudeDegrees>-33.6114400</LatitudeDegrees>
      <LongitudeDegrees>-70.9425200</LongitudeDegrees>
     </Position>
     <AltitudeMeters>394.93000000000006</AltitudeMeters>
     <DistanceMeters>63147.55841182798</DistanceMeters>
    </Trackpoint>
    <Trackpoint>
     <Time>2026-07-19T02:48:17+00:00</Time>
     <Position>
      <LatitudeDegrees>-33.6114150</LatitudeDegrees>
      <LongitudeDegrees>-70.9435450</LongitudeDegrees>
     </Position>
     <AltitudeMeters>401.18</AltitudeMeters>
     <DistanceMeters>63242.60461033079</DistanceMeters>
    </Trackpoint>
    <Trackpoint>
     <Time>2026-07-19T02:48:23+00:00</Time>
     <Position>
      <LatitudeDegrees>-33.6113900</LatitudeDegrees>
      <LongitudeDegrees>-70.9445700</LongitudeDegrees>
     </Position>
     <AltitudeMeters>407.06</AltitudeMeters>
     <DistanceMeters>63337.65082047934</DistanceMeters>
    </Trackpoint>
    <Trackpoint>
     <Time>2026-07-19T02:48:30+00:00</Time>
     <Position>
      <LatitudeDegrees>-33.6114100</LatitudeDegrees>
      <LongitudeDegrees>-70.9448800</LongitudeDegrees>
     </Position>
     <AltitudeMeters>408.64000000000004</AltitudeMeters>
     <DistanceMeters>63366.470276472886</DistanceMeters>
    </Trackpoint>
    <Trackpoint>
     <Time>2026-07-19T02:48:36+00:00</Time>
     <Position>
      <LatitudeDegrees>-33.6114800</LatitudeDegrees>
      <LongitudeDegrees>-70.9451700</LongitudeDegrees>
     </Position>
     <AltitudeMeters>410.02000000000004</AltitudeMeters>
     <DistanceMeters>63394.456115059365</DistanceMeters>
    </Trackpoint>
    <Trackpoint>
     <Time>2026-07-19T02:48:42+00:00</Time>
     <Position>
      <LatitudeDegrees>-33.6117100</LatitudeDegrees>
      <LongitudeDegrees>-70.9457000</LongitudeDegrees>
     </Position>
     <AltitudeMeters>413.68000000000006</AltitudeMeters>
     <DistanceMeters>63449.8500840211</DistanceMeters>
    </Trackpoint>
    <Trackpoint>
     <Time>2026-07-19T02:48:48+00:00</Time>
     <Position>
      <LatitudeDegrees>-33.6118600</LatitudeDegrees>
      <LongitudeDegrees>-70.9459500</LongitudeDegrees>
     </Position>
     <AltitudeMeters>416.92</AltitudeMeters>
     <DistanceMeters>63478.409520424546</DistanceMeters>
    </Trackpoint>
    <Trackpoint>
     <Time>2026-07-19T02:48:54+00:00</Time>
     <Position>
      <LatitudeDegrees>-33.6122000</LatitudeDegrees>
      <LongitudeDegrees>-70.9464000</LongitudeDegrees>
     </Position>
     <AltitudeMeters>423.38000000000005</AltitudeMeters>
     <DistanceMeters>63534.72631692677</DistanceMeters>
    </Trackpoint>
    <Trackpoint>
     <Time>2026-07-19T02:49:01+00:00</Time>
     <Position>
      <LatitudeDegrees>-33.6126000</LatitudeDegrees>
      <LongitudeDegrees>-70.9468300</LongitudeDegrees>
     </Position>
     <AltitudeMeters>430.65000000000003</AltitudeMeters>
     <DistanceMeters>63594.478559595096</DistanceMeters>
    </Trackpoint>
    <Trackpoint>
     <Time>2026-07-19T02:49:07+00:00</Time>
     <Position>
      <LatitudeDegrees>-33.6130000</LatitudeDegrees>
      <LongitudeDegrees>-70.9472600</LongitudeDegrees>
     </Position>
     <AltitudeMeters>435.92</AltitudeMeters>
     <DistanceMeters>63654.23079122124</DistanceMeters>
    </Trackpoint>
    <Trackpoint>
     <Time>2026-07-19T02:49:13+00:00</Time>
     <Position>
      <LatitudeDegrees>-33.6132100</LatitudeDegrees>
      <LongitudeDegrees>-70.9475700</LongitudeDegrees>
     </Position>
     <AltitudeMeters>439.59000000000003</AltitudeMeters>
     <DistanceMeters>63691.268993229496</DistanceMeters>
    </Trackpoint>
    <Trackpoint>
     <Time>2026-07-19T02:49:19+00:00</Time>
     <Position>
      <LatitudeDegrees>-33.6133200</LatitudeDegrees>
      <LongitudeDegrees>-70.9476700</LongitudeDegrees>
     </Position>
     <AltitudeMeters>440.53000000000003</AltitudeMeters>
     <DistanceMeters>63706.624346215416</DistanceMeters>
    </Trackpoint>
    <Trackpoint>
     <Time>2026-07-19T02:49:25+00:00</Time>
     <Position>
      <LatitudeDegrees>-33.6134100</LatitudeDegrees>
      <LongitudeDegrees>-70.9477100</LongitudeDegrees>
     </Position>
     <AltitudeMeters>441.11000000000007</AltitudeMeters>
     <DistanceMeters>63717.30506059062</DistanceMeters>
    </Trackpoint>
    <Trackpoint>
     <Time>2026-07-19T02:49:32+00:00</Time>
     <Position>
      <LatitudeDegrees>-33.6134700</LatitudeDegrees>
      <LongitudeDegrees>-70.9477100</LongitudeDegrees>
     </Position>
     <AltitudeMeters>441.11000000000007</AltitudeMeters>
     <DistanceMeters>63723.98280135682</DistanceMeters>
    </Trackpoint>
    <Trackpoint>
     <Time>2026-07-19T02:49:38+00:00</Time>
     <Position>
      <LatitudeDegrees>-33.6136100</LatitudeDegrees>
      <LongitudeDegrees>-70.9476200</LongitudeDegrees>
     </Position>
     <AltitudeMeters>442.19</AltitudeMeters>
     <DistanceMeters>63741.65663702242</DistanceMeters>
    </Trackpoint>
    <Trackpoint>
     <Time>2026-07-19T02:49:44+00:00</Time>
     <Position>
      <LatitudeDegrees>-33.6139200</LatitudeDegrees>
      <LongitudeDegrees>-70.9474000</LongitudeDegrees>
     </Position>
     <AltitudeMeters>444.46000000000004</AltitudeMeters>
     <DistanceMeters>63781.73346120095</DistanceMeters>
    </Trackpoint>
    <Trackpoint>
     <Time>2026-07-19T02:49:50+00:00</Time>
     <Position>
      <LatitudeDegrees>-33.6143900</LatitudeDegrees>
      <LongitudeDegrees>-70.9472600</LongitudeDegrees>
     </Position>
     <AltitudeMeters>446.82000000000005</AltitudeMeters>
     <DistanceMeters>63835.62783386125</DistanceMeters>
    </Trackpoint>
    <Trackpoint>
     <Time>2026-07-19T02:49:56+00:00</Time>
     <Position>
      <LatitudeDegrees>-33.6145000</LatitudeDegrees>
      <LongitudeDegrees>-70.9472700</LongitudeDegrees>
     </Position>
     <AltitudeMeters>447.51</AltitudeMeters>
     <DistanceMeters>63847.90539318642</DistanceMeters>
    </Trackpoint>
    <Trackpoint>
     <Time>2026-07-19T02:50:03+00:00</Time>
     <Position>
      <LatitudeDegrees>-33.6146200</LatitudeDegrees>
      <LongitudeDegrees>-70.9473400</LongitudeDegrees>
     </Position>
     <AltitudeMeters>448.89</AltitudeMeters>
     <DistanceMeters>63862.75336524445</DistanceMeters>
    </Trackpoint>
    <Trackpoint>
     <Time>2026-07-19T02:50:09+00:00</Time>
     <Position>
      <LatitudeDegrees>-33.6148600</LatitudeDegrees>
      <LongitudeDegrees>-70.9476200</LongitudeDegrees>
     </Position>
     <AltitudeMeters>455.18</AltitudeMeters>
     <DistanceMeters>63899.99537016698</DistanceMeters>
    </Trackpoint>
    <Trackpoint>
     <Time>2026-07-19T02:50:15+00:00</Time>
     <Position>
      <LatitudeDegrees>-33.6150200</LatitudeDegrees>
      <LongitudeDegrees>-70.9477200</LongitudeDegrees>
     </Position>
     <AltitudeMeters>457.13000000000005</AltitudeMeters>
     <DistanceMeters>63920.07033860917</DistanceMeters>
    </Trackpoint>
    <Trackpoint>
     <Time>2026-07-19T02:50:21+00:00</Time>
     <Position>
      <LatitudeDegrees>-33.6154000</LatitudeDegrees>
      <LongitudeDegrees>-70.9481600</LongitudeDegrees>
     </Position>
     <AltitudeMeters>464.82</AltitudeMeters>
     <DistanceMeters>63978.82182196506</DistanceMeters>
    </Trackpoint>
    <Trackpoint>
     <Time>2026-07-19T02:50:27+00:00</Time>
     <Position>
      <LatitudeDegrees>-33.6157500</LatitudeDegrees>
      <LongitudeDegrees>-70.9484800</LongitudeDegrees>
     </Position>
     <AltitudeMeters>470.76</AltitudeMeters>
     <DistanceMeters>64027.781186564556</DistanceMeters>
    </Trackpoint>
    <Trackpoint>
     <Time>2026-07-19T02:50:34+00:00</Time>
     <Position>
      <LatitudeDegrees>-33.6159800</LatitudeDegrees>
      <LongitudeDegrees>-70.9486500</LongitudeDegrees>
     </Position>
     <AltitudeMeters>474.4200000000001</AltitudeMeters>
     <DistanceMeters>64057.83972090736</DistanceMeters>
    </Trackpoint>
    <Trackpoint>
     <Time>2026-07-19T02:50:40+00:00</Time>
     <Position>
      <LatitudeDegrees>-33.6160900</LatitudeDegrees>
      <LongitudeDegrees>-70.9486900</LongitudeDegrees>
     </Position>
     <AltitudeMeters>476.54</AltitudeMeters>
     <DistanceMeters>64070.63126972022</DistanceMeters>
    </Trackpoint>
    <Trackpoint>
     <Time>2026-07-19T02:50:46+00:00</Time>
     <Position>
      <LatitudeDegrees>-33.6161600</LatitudeDegrees>
      <LongitudeDegrees>-70.9486900</LongitudeDegrees>
     </Position>
     <AltitudeMeters>476.54</AltitudeMeters>
     <DistanceMeters>64078.42196728118</DistanceMeters>
    </Trackpoint>
    <Trackpoint>
     <Time>2026-07-19T02:50:52+00:00</Time>
     <Position>
      <LatitudeDegrees>-33.6163600</LatitudeDegrees>
      <LongitudeDegrees>-70.9486400</LongitudeDegrees>
     </Position>
     <AltitudeMeters>478.98</AltitudeMeters>
     <DistanceMeters>64101.158380834175</DistanceMeters>
    </Trackpoint>
    <Trackpoint>
     <Time>2026-07-19T02:50:58+00:00</Time>
     <Position>
      <LatitudeDegrees>-33.6167900</LatitudeDegrees>
      <LongitudeDegrees>-70.9486000</LongitudeDegrees>
     </Position>
     <AltitudeMeters>484.65000000000003</AltitudeMeters>
     <DistanceMeters>64149.158903670206</DistanceMeters>
    </Trackpoint>
    <Trackpoint>
     <Time>2026-07-19T02:51:04+00:00</Time>
     <Position>
      <LatitudeDegrees>-33.6168800</LatitudeDegrees>
      <LongitudeDegrees>-70.9486900</LongitudeDegrees>
     </Position>
     <AltitudeMeters>486.01000000000005</AltitudeMeters>
     <DistanceMeters>64162.193924644314</DistanceMeters>
    </Trackpoint>
    <Trackpoint>
     <Time>2026-07-19T02:51:11+00:00</Time>
     <Position>
      <LatitudeDegrees>-33.6169400</LatitudeDegrees>
      <LongitudeDegrees>-70.9488300</LongitudeDegrees>
     </Position>
     <AltitudeMeters>487.47</AltitudeMeters>
     <DistanceMeters>64176.78695685105</DistanceMeters>
    </Trackpoint>
    <Trackpoint>
     <Time>2026-07-19T02:51:17+00:00</Time>
     <Position>
      <LatitudeDegrees>-33.6169400</LatitudeDegrees>
      <LongitudeDegrees>-70.9489600</LongitudeDegrees>
     </Position>
     <AltitudeMeters>492.01000000000005</AltitudeMeters>
     <DistanceMeters>64188.83565867244</DistanceMeters>
    </Trackpoint>
    <Trackpoint>
     <Time>2026-07-19T02:51:23+00:00</Time>
     <Position>
      <LatitudeDegrees>-33.6169200</LatitudeDegrees>
      <LongitudeDegrees>-70.9490500</LongitudeDegrees>
     </Position>
     <AltitudeMeters>492.01000000000005</AltitudeMeters>
     <DistanceMeters>64197.468955306926</DistanceMeters>
    </Trackpoint>
    <Trackpoint>
     <Time>2026-07-19T02:51:29+00:00</Time>
     <Position>
      <LatitudeDegrees>-33.6165500</LatitudeDegrees>
      <LongitudeDegrees>-70.9494500</LongitudeDegrees>
     </Position>
     <AltitudeMeters>499.6700000000001</AltitudeMeters>
     <DistanceMeters>64252.877974955496</DistanceMeters>
    </Trackpoint>
    <Trackpoint>
     <Time>2026-07-19T02:51:35+00:00</Time>
     <Position>
      <LatitudeDegrees>-33.6161800</LatitudeDegrees>
      <LongitudeDegrees>-70.9498500</LongitudeDegrees>
     </Position>
     <AltitudeMeters>505.70000000000005</AltitudeMeters>
     <DistanceMeters>64308.28696069067</DistanceMeters>
    </Trackpoint>
    <Trackpoint>
     <Time>2026-07-19T02:51:42+00:00</Time>
     <Position>
      <LatitudeDegrees>-33.6161200</LatitudeDegrees>
      <LongitudeDegrees>-70.9499600</LongitudeDegrees>
     </Position>
     <AltitudeMeters>506.93</AltitudeMeters>
     <DistanceMeters>64320.474383782515</DistanceMeters>
    </Trackpoint>
    <Trackpoint>
     <Time>2026-07-19T02:51:48+00:00</Time>
     <Position>
      <LatitudeDegrees>-33.6160900</LatitudeDegrees>
      <LongitudeDegrees>-70.9502200</LongitudeDegrees>
     </Position>
     <AltitudeMeters>508.71</AltitudeMeters>
     <DistanceMeters>64344.8022314061</DistanceMeters>
    </Trackpoint>
    <Trackpoint>
     <Time>2026-07-19T02:51:54+00:00</Time>
     <Position>
      <LatitudeDegrees>-33.6161600</LatitudeDegrees>
      <LongitudeDegrees>-70.9508900</LongitudeDegrees>
     </Position>
     <AltitudeMeters>516.02</AltitudeMeters>
     <DistanceMeters>64407.38677123802</DistanceMeters>
    </Trackpoint>
    <Trackpoint>
     <Time>2026-07-19T02:52:00+00:00</Time>
     <Position>
      <LatitudeDegrees>-33.6161400</LatitudeDegrees>
      <LongitudeDegrees>-70.9510800</LongitudeDegrees>
     </Position>
     <AltitudeMeters>516.02</AltitudeMeters>
     <DistanceMeters>64425.13669622235</DistanceMeters>
    </Trackpoint>
    <Trackpoint>
     <Time>2026-07-19T02:52:06+00:00</Time>
     <Position>
      <LatitudeDegrees>-33.6159800</LatitudeDegrees>
      <LongitudeDegrees>-70.9518700</LongitudeDegrees>
     </Position>
     <AltitudeMeters>525.03</AltitudeMeters>
     <DistanceMeters>64500.49077167053</DistanceMeters>
    </Trackpoint>
    <Trackpoint>
     <Time>2026-07-19T02:52:13+00:00</Time>
     <Position>
      <LatitudeDegrees>-33.6157600</LatitudeDegrees>
      <LongitudeDegrees>-70.9527200</LongitudeDegrees>
     </Position>
     <AltitudeMeters>534.52</AltitudeMeters>
     <DistanceMeters>64582.98898966877</DistanceMeters>
    </Trackpoint>
    <Trackpoint>
     <Time>2026-07-19T02:52:19+00:00</Time>
     <Position>
      <LatitudeDegrees>-33.6157300</LatitudeDegrees>
      <LongitudeDegrees>-70.9528600</LongitudeDegrees>
     </Position>
     <AltitudeMeters>536.0400000000001</AltitudeMeters>
     <DistanceMeters>64596.387384144145</DistanceMeters>
    </Trackpoint>
    <Trackpoint>
     <Time>2026-07-19T02:52:25+00:00</Time>
     <Position>
      <LatitudeDegrees>-33.6157600</LatitudeDegrees>
      <LongitudeDegrees>-70.9530800</LongitudeDegrees>
     </Position>
     <AltitudeMeters>537.8900000000001</AltitudeMeters>
     <DistanceMeters>64617.04933474273</DistanceMeters>
    </Trackpoint>
    <Trackpoint>
     <Time>2026-07-19T02:52:31+00:00</Time>
     <Position>
      <LatitudeDegrees>-33.6158500</LatitudeDegrees>
      <LongitudeDegrees>-70.9533000</LongitudeDegrees>
     </Position>
     <AltitudeMeters>540.9200000000001</AltitudeMeters>
     <DistanceMeters>64639.7671706241</DistanceMeters>
    </Trackpoint>
    <Trackpoint>
     <Time>2026-07-19T02:52:37+00:00</Time>
     <Position>
      <LatitudeDegrees>-33.6159600</LatitudeDegrees>
      <LongitudeDegrees>-70.9534400</LongitudeDegrees>
     </Position>
     <AltitudeMeters>540.9200000000001</AltitudeMeters>
     <DistanceMeters>64657.6066691011</DistanceMeters>
    </Trackpoint>
    <Trackpoint>
     <Time>2026-07-19T02:52:44+00:00</Time>
     <Position>
      <LatitudeDegrees>-33.6160700</LatitudeDegrees>
      <LongitudeDegrees>-70.9535200</LongitudeDegrees>
     </Position>
     <AltitudeMeters>542.59</AltitudeMeters>
     <DistanceMeters>64671.91948411946</DistanceMeters>
    </Trackpoint>
    <Trackpoint>
     <Time>2026-07-19T02:52:50+00:00</Time>
     <Position>
      <LatitudeDegrees>-33.6161400</LatitudeDegrees>
      <LongitudeDegrees>-70.9535300</LongitudeDegrees>
     </Position>
     <AltitudeMeters>542.59</AltitudeMeters>
     <DistanceMeters>64679.765118982585</DistanceMeters>
    </Trackpoint>
    <Trackpoint>
     <Time>2026-07-19T02:52:56+00:00</Time>
     <Position>
      <LatitudeDegrees>-33.6165900</LatitudeDegrees>
      <LongitudeDegrees>-70.9535300</LongitudeDegrees>
     </Position>
     <AltitudeMeters>547.6500000000001</AltitudeMeters>
     <DistanceMeters>64729.848174731036</DistanceMeters>
    </Trackpoint>
    <Trackpoint>
     <Time>2026-07-19T02:53:02+00:00</Time>
     <Position>
      <LatitudeDegrees>-33.6170100</LatitudeDegrees>
      <LongitudeDegrees>-70.9536100</LongitudeDegrees>
     </Position>
     <AltitudeMeters>553.57</AltitudeMeters>
     <DistanceMeters>64777.17676150166</DistanceMeters>
    </Trackpoint>
    <Trackpoint>
     <Time>2026-07-19T02:53:08+00:00</Time>
     <Position>
      <LatitudeDegrees>-33.6171500</LatitudeDegrees>
      <LongitudeDegrees>-70.9536600</LongitudeDegrees>
     </Position>
     <AltitudeMeters>553.57</AltitudeMeters>
     <DistanceMeters>64793.432678456855</DistanceMeters>
    </Trackpoint>
    <Trackpoint>
     <Time>2026-07-19T02:53:15+00:00</Time>
     <Position>
      <LatitudeDegrees>-33.6172800</LatitudeDegrees>
      <LongitudeDegrees>-70.9538000</LongitudeDegrees>
     </Position>
     <AltitudeMeters>557.86</AltitudeMeters>
     <DistanceMeters>64812.8671551202</DistanceMeters>
    </Trackpoint>
    <Trackpoint>
     <Time>2026-07-19T02:53:21+00:00</Time>
     <Position>
      <LatitudeDegrees>-33.6173000</LatitudeDegrees>
      <LongitudeDegrees>-70.9540200</LongitudeDegrees>
     </Position>
     <AltitudeMeters>559.07</AltitudeMeters>
     <DistanceMeters>64833.37832114693</DistanceMeters>
    </Trackpoint>
    <Trackpoint>
     <Time>2026-07-19T02:53:27+00:00</Time>
     <Position>
      <LatitudeDegrees>-33.6172600</LatitudeDegrees>
      <LongitudeDegrees>-70.9541900</LongitudeDegrees>
     </Position>
     <AltitudeMeters>561.2900000000001</AltitudeMeters>
     <DistanceMeters>64849.75110878771</DistanceMeters>
    </Trackpoint>
    <Trackpoint>
     <Time>2026-07-19T02:53:33+00:00</Time>
     <Position>
      <LatitudeDegrees>-33.6170100</LatitudeDegrees>
      <LongitudeDegrees>-70.9545700</LongitudeDegrees>
     </Position>
     <AltitudeMeters>565.2600000000001</AltitudeMeters>
     <DistanceMeters>64894.63498947081</DistanceMeters>
    </Trackpoint>
    <Trackpoint>
     <Time>2026-07-19T02:53:39+00:00</Time>
     <Position>
      <LatitudeDegrees>-33.6168500</LatitudeDegrees>
      <LongitudeDegrees>-70.9551000</LongitudeDegrees>
     </Position>
     <AltitudeMeters>569.2600000000001</AltitudeMeters>
     <DistanceMeters>64946.88473001317</DistanceMeters>
    </Trackpoint>
    <Trackpoint>
     <Time>2026-07-19T02:53:46+00:00</Time>
     <Position>
      <LatitudeDegrees>-33.6166100</LatitudeDegrees>
      <LongitudeDegrees>-70.9555000</LongitudeDegrees>
     </Position>
     <AltitudeMeters>574.76</AltitudeMeters>
     <DistanceMeters>64992.57810247507</DistanceMeters>
    </Trackpoint>
    <Trackpoint>
     <Time>2026-07-19T02:53:52+00:00</Time>
     <Position>
      <LatitudeDegrees>-33.6163600</LatitudeDegrees>
      <LongitudeDegrees>-70.9560700</LongitudeDegrees>
     </Position>
     <AltitudeMeters>580.77</AltitudeMeters>
     <DistanceMeters>65052.28652005784</DistanceMeters>
    </Trackpoint>
    <Trackpoint>
     <Time>2026-07-19T02:53:58+00:00</Time>
     <Position>
      <LatitudeDegrees>-33.6163400</LatitudeDegrees>
      <LongitudeDegrees>-70.9562600</LongitudeDegrees>
     </Position>
     <AltitudeMeters>582.2700000000001</AltitudeMeters>
     <DistanceMeters>65070.03640449793</DistanceMeters>
    </Trackpoint>
    <Trackpoint>
     <Time>2026-07-19T02:54:04+00:00</Time>
     <Position>
      <LatitudeDegrees>-33.6163600</LatitudeDegrees>
      <LongitudeDegrees>-70.9563500</LongitudeDegrees>
     </Position>
     <AltitudeMeters>582.2700000000001</AltitudeMeters>
     <DistanceMeters>65078.669755371375</DistanceMeters>
    </Trackpoint>
    <Trackpoint>
     <Time>2026-07-19T02:54:10+00:00</Time>
     <Position>
      <LatitudeDegrees>-33.6165200</LatitudeDegrees>
      <LongitudeDegrees>-70.9566200</LongitudeDegrees>
     </Position>
     <AltitudeMeters>587.04</AltitudeMeters>
     <DistanceMeters>65109.383261189025</DistanceMeters>
    </Trackpoint>
    <Trackpoint>
     <Time>2026-07-19T02:54:17+00:00</Time>
     <Position>
      <LatitudeDegrees>-33.6165900</LatitudeDegrees>
      <LongitudeDegrees>-70.9569000</LongitudeDegrees>
     </Position>
     <AltitudeMeters>590.35</AltitudeMeters>
     <DistanceMeters>65136.47861107904</DistanceMeters>
    </Trackpoint>
    <Trackpoint>
     <Time>2026-07-19T02:54:23+00:00</Time>
     <Position>
      <LatitudeDegrees>-33.6166500</LatitudeDegrees>
      <LongitudeDegrees>-70.9570200</LongitudeDegrees>
     </Position>
     <AltitudeMeters>591.33</AltitudeMeters>
     <DistanceMeters>65149.45124859073</DistanceMeters>
    </Trackpoint>
    <Trackpoint>
     <Time>2026-07-19T02:54:29+00:00</Time>
     <Position>
      <LatitudeDegrees>-33.6167600</LatitudeDegrees>
      <LongitudeDegrees>-70.9571100</LongitudeDegrees>
     </Position>
     <AltitudeMeters>592.92</AltitudeMeters>
     <DistanceMeters>65164.26539368093</DistanceMeters>
    </Trackpoint>
    <Trackpoint>
     <Time>2026-07-19T02:54:35+00:00</Time>
     <Position>
      <LatitudeDegrees>-33.6169700</LatitudeDegrees>
      <LongitudeDegrees>-70.9572000</LongitudeDegrees>
     </Position>
     <AltitudeMeters>594.7</AltitudeMeters>
     <DistanceMeters>65189.08139538965</DistanceMeters>
    </Trackpoint>
    <Trackpoint>
     <Time>2026-07-19T02:54:41+00:00</Time>
     <Position>
      <LatitudeDegrees>-33.6170100</LatitudeDegrees>
      <LongitudeDegrees>-70.9572400</LongitudeDegrees>
     </Position>
     <AltitudeMeters>594.7</AltitudeMeters>
     <DistanceMeters>65194.87473377779</DistanceMeters>
    </Trackpoint>
    <Trackpoint>
     <Time>2026-07-19T02:54:48+00:00</Time>
     <Position>
      <LatitudeDegrees>-33.6171500</LatitudeDegrees>
      <LongitudeDegrees>-70.9574800</LongitudeDegrees>
     </Position>
     <AltitudeMeters>598.37</AltitudeMeters>
     <DistanceMeters>65222.032844927264</DistanceMeters>
    </Trackpoint>
    <Trackpoint>
     <Time>2026-07-19T02:54:54+00:00</Time>
     <Position>
      <LatitudeDegrees>-33.6175000</LatitudeDegrees>
      <LongitudeDegrees>-70.9576500</LongitudeDegrees>
     </Position>
     <AltitudeMeters>603.0600000000001</AltitudeMeters>
     <DistanceMeters>65264.052166229674</DistanceMeters>
    </Trackpoint>
    <Trackpoint>
     <Time>2026-07-19T02:55:00+00:00</Time>
     <Position>
      <LatitudeDegrees>-33.6176200</LatitudeDegrees>
      <LongitudeDegrees>-70.9577800</LongitudeDegrees>
     </Position>
     <AltitudeMeters>604.5600000000001</AltitudeMeters>
     <DistanceMeters>65282.03932870193</DistanceMeters>
    </Trackpoint>
    <Trackpoint>
     <Time>2026-07-19T02:55:06+00:00</Time>
     <Position>
      <LatitudeDegrees>-33.6180000</LatitudeDegrees>
      <LongitudeDegrees>-70.9582300</LongitudeDegrees>
     </Position>
     <AltitudeMeters>609.8100000000001</AltitudeMeters>
     <DistanceMeters>65341.43702246337</DistanceMeters>
    </Trackpoint>
    <Trackpoint>
     <Time>2026-07-19T02:55:12+00:00</Time>
     <Position>
      <LatitudeDegrees>-33.6180100</LatitudeDegrees>
      <LongitudeDegrees>-70.9583500</LongitudeDegrees>
     </Position>
     <AltitudeMeters>609.8100000000001</AltitudeMeters>
     <DistanceMeters>65352.614311908495</DistanceMeters>
    </Trackpoint>
    <Trackpoint>
     <Time>2026-07-19T02:55:19+00:00</Time>
     <Position>
      <LatitudeDegrees>-33.6179300</LatitudeDegrees>
      <LongitudeDegrees>-70.9586300</LongitudeDegrees>
     </Position>
     <AltitudeMeters>615.71</AltitudeMeters>
     <DistanceMeters>65380.04998145021</DistanceMeters>
    </Trackpoint>
    <Trackpoint>
     <Time>2026-07-19T02:55:25+00:00</Time>
     <Position>
      <LatitudeDegrees>-33.6177300</LatitudeDegrees>
      <LongitudeDegrees>-70.9590800</LongitudeDegrees>
     </Position>
     <AltitudeMeters>620.24</AltitudeMeters>
     <DistanceMeters>65427.324824509065</DistanceMeters>
    </Trackpoint>
    <Trackpoint>
     <Time>2026-07-19T02:55:31+00:00</Time>
     <Position>
      <LatitudeDegrees>-33.6177300</LatitudeDegrees>
      <LongitudeDegrees>-70.9592500</LongitudeDegrees>
     </Position>
     <AltitudeMeters>622.7600000000001</AltitudeMeters>
     <DistanceMeters>65443.0806747683</DistanceMeters>
    </Trackpoint>
    <Trackpoint>
     <Time>2026-07-19T02:55:37+00:00</Time>
     <Position>
      <LatitudeDegrees>-33.6177500</LatitudeDegrees>
      <LongitudeDegrees>-70.9594000</LongitudeDegrees>
     </Position>
     <AltitudeMeters>624.6</AltitudeMeters>
     <DistanceMeters>65457.159964169594</DistanceMeters>
    </Trackpoint>
    <Trackpoint>
     <Time>2026-07-19T02:55:43+00:00</Time>
     <Position>
      <LatitudeDegrees>-33.6178800</LatitudeDegrees>
      <LongitudeDegrees>-70.9597100</LongitudeDegrees>
     </Position>
     <AltitudeMeters>628.68</AltitudeMeters>
     <DistanceMeters>65489.32856953058</DistanceMeters>
    </Trackpoint>
    <Trackpoint>
     <Time>2026-07-19T02:55:50+00:00</Time>
     <Position>
      <LatitudeDegrees>-33.6181100</LatitudeDegrees>
      <LongitudeDegrees>-70.9604200</LongitudeDegrees>
     </Position>
     <AltitudeMeters>636.2800000000001</AltitudeMeters>
     <DistanceMeters>65559.93577410126</DistanceMeters>
    </Trackpoint>
    <Trackpoint>
     <Time>2026-07-19T02:55:56+00:00</Time>
     <Position>
      <LatitudeDegrees>-33.6181300</LatitudeDegrees>
      <LongitudeDegrees>-70.9605600</LongitudeDegrees>
     </Position>
     <AltitudeMeters>637.51</AltitudeMeters>
     <DistanceMeters>65573.10066418105</DistanceMeters>
    </Trackpoint>
    <Trackpoint>
     <Time>2026-07-19T02:56:02+00:00</Time>
     <Position>
      <LatitudeDegrees>-33.6180900</LatitudeDegrees>
      <LongitudeDegrees>-70.9607300</LongitudeDegrees>
     </Position>
     <AltitudeMeters>638.78</AltitudeMeters>
     <DistanceMeters>65589.47330579309</DistanceMeters>
    </Trackpoint>
    <Trackpoint>
     <Time>2026-07-19T02:56:08+00:00</Time>
     <Position>
      <LatitudeDegrees>-33.6179900</LatitudeDegrees>
      <LongitudeDegrees>-70.9609400</LongitudeDegrees>
     </Position>
     <AltitudeMeters>642.05</AltitudeMeters>
     <DistanceMeters>65611.89376909754</DistanceMeters>
    </Trackpoint>
    <Trackpoint>
     <Time>2026-07-19T02:56:14+00:00</Time>
     <Position>
      <LatitudeDegrees>-33.6180000</LatitudeDegrees>
      <LongitudeDegrees>-70.9609300</LongitudeDegrees>
     </Position>
     <AltitudeMeters>642.05</AltitudeMeters>
     <DistanceMeters>65611.89376909754</DistanceMeters>
    </Trackpoint>
    <Trackpoint>
     <Time>2026-07-19T02:56:21+00:00</Time>
     <Position>
      <LatitudeDegrees>-33.6179300</LatitudeDegrees>
      <LongitudeDegrees>-70.9610100</LongitudeDegrees>
     </Position>
     <AltitudeMeters>643.38</AltitudeMeters>
     <DistanceMeters>65622.64875595953</DistanceMeters>
    </Trackpoint>
    <Trackpoint>
     <Time>2026-07-19T02:56:27+00:00</Time>
     <Position>
      <LatitudeDegrees>-33.6178400</LatitudeDegrees>
      <LongitudeDegrees>-70.9610900</LongitudeDegrees>
     </Position>
     <AltitudeMeters>644.6200000000001</AltitudeMeters>
     <DistanceMeters>65635.11099391768</DistanceMeters>
    </Trackpoint>
    <Trackpoint>
     <Time>2026-07-19T02:56:33+00:00</Time>
     <Position>
      <LatitudeDegrees>-33.6176400</LatitudeDegrees>
      <LongitudeDegrees>-70.9611400</LongitudeDegrees>
     </Position>
     <AltitudeMeters>645.0300000000001</AltitudeMeters>
     <DistanceMeters>65657.84739125038</DistanceMeters>
    </Trackpoint>
    <Trackpoint>
     <Time>2026-07-19T02:56:39+00:00</Time>
     <Position>
      <LatitudeDegrees>-33.6175300</LatitudeDegrees>
      <LongitudeDegrees>-70.9611400</LongitudeDegrees>
     </Position>
     <AltitudeMeters>644.34</AltitudeMeters>
     <DistanceMeters>65670.0899159888</DistanceMeters>
    </Trackpoint>
    <Trackpoint>
     <Time>2026-07-19T02:56:45+00:00</Time>
     <Position>
      <LatitudeDegrees>-33.6173200</LatitudeDegrees>
      <LongitudeDegrees>-70.9611000</LongitudeDegrees>
     </Position>
     <AltitudeMeters>642.69</AltitudeMeters>
     <DistanceMeters>65693.75420516243</DistanceMeters>
    </Trackpoint>
    <Trackpoint>
     <Time>2026-07-19T02:56:51+00:00</Time>
     <Position>
      <LatitudeDegrees>-33.6175300</LatitudeDegrees>
      <LongitudeDegrees>-70.9611400</LongitudeDegrees>
     </Position>
     <AltitudeMeters>644.6400000000001</AltitudeMeters>
     <DistanceMeters>65717.41849433606</DistanceMeters>
    </Trackpoint>
    <Trackpoint>
     <Time>2026-07-19T02:56:58+00:00</Time>
     <Position>
      <LatitudeDegrees>-33.6176400</LatitudeDegrees>
      <LongitudeDegrees>-70.9611400</LongitudeDegrees>
     </Position>
     <AltitudeMeters>645.08</AltitudeMeters>
     <DistanceMeters>65729.66101907448</DistanceMeters>
    </Trackpoint>
    <Trackpoint>
     <Time>2026-07-19T02:57:04+00:00</Time>
     <Position>
      <LatitudeDegrees>-33.6178400</LatitudeDegrees>
      <LongitudeDegrees>-70.9610900</LongitudeDegrees>
     </Position>
     <AltitudeMeters>644.2800000000001</AltitudeMeters>
     <DistanceMeters>65752.39741640718</DistanceMeters>
    </Trackpoint>
    <Trackpoint>
     <Time>2026-07-19T02:57:10+00:00</Time>
     <Position>
      <LatitudeDegrees>-33.6179300</LatitudeDegrees>
      <LongitudeDegrees>-70.9610100</LongitudeDegrees>
     </Position>
     <AltitudeMeters>642.8100000000001</AltitudeMeters>
     <DistanceMeters>65764.85965436534</DistanceMeters>
    </Trackpoint>
    <Trackpoint>
     <Time>2026-07-19T02:57:16+00:00</Time>
     <Position>
      <LatitudeDegrees>-33.6180000</LatitudeDegrees>
      <LongitudeDegrees>-70.9609200</LongitudeDegrees>
     </Position>
     <AltitudeMeters>642.1800000000001</AltitudeMeters>
     <DistanceMeters>65776.2733486283</DistanceMeters>
    </Trackpoint>
    <Trackpoint>
     <Time>2026-07-19T02:57:22+00:00</Time>
     <Position>
      <LatitudeDegrees>-33.6180900</LatitudeDegrees>
      <LongitudeDegrees>-70.9607300</LongitudeDegrees>
     </Position>
     <AltitudeMeters>638.78</AltitudeMeters>
     <DistanceMeters>65796.53227276819</DistanceMeters>
    </Trackpoint>
    <Trackpoint>
     <Time>2026-07-19T02:57:29+00:00</Time>
     <Position>
      <LatitudeDegrees>-33.6181300</LatitudeDegrees>
      <LongitudeDegrees>-70.9605600</LongitudeDegrees>
     </Position>
     <AltitudeMeters>636.2800000000001</AltitudeMeters>
     <DistanceMeters>65812.90491438024</DistanceMeters>
    </Trackpoint>
    <Trackpoint>
     <Time>2026-07-19T02:57:35+00:00</Time>
     <Position>
      <LatitudeDegrees>-33.6181100</LatitudeDegrees>
      <LongitudeDegrees>-70.9604200</LongitudeDegrees>
     </Position>
     <AltitudeMeters>634.49</AltitudeMeters>
     <DistanceMeters>65826.06980446003</DistanceMeters>
    </Trackpoint>
    <Trackpoint>
     <Time>2026-07-19T02:57:41+00:00</Time>
     <Position>
      <LatitudeDegrees>-33.6178800</LatitudeDegrees>
      <LongitudeDegrees>-70.9597100</LongitudeDegrees>
     </Position>
     <AltitudeMeters>625.7900000000001</AltitudeMeters>
     <DistanceMeters>65896.67700903071</DistanceMeters>
    </Trackpoint>
    <Trackpoint>
     <Time>2026-07-19T02:57:47+00:00</Time>
     <Position>
      <LatitudeDegrees>-33.6177500</LatitudeDegrees>
      <LongitudeDegrees>-70.9594000</LongitudeDegrees>
     </Position>
     <AltitudeMeters>622.7600000000001</AltitudeMeters>
     <DistanceMeters>65928.8456143917</DistanceMeters>
    </Trackpoint>
    <Trackpoint>
     <Time>2026-07-19T02:57:53+00:00</Time>
     <Position>
      <LatitudeDegrees>-33.6177300</LatitudeDegrees>
      <LongitudeDegrees>-70.9592500</LongitudeDegrees>
     </Position>
     <AltitudeMeters>620.24</AltitudeMeters>
     <DistanceMeters>65942.92490379298</DistanceMeters>
    </Trackpoint>
    <Trackpoint>
     <Time>2026-07-19T02:58:00+00:00</Time>
     <Position>
      <LatitudeDegrees>-33.6177300</LatitudeDegrees>
      <LongitudeDegrees>-70.9590800</LongitudeDegrees>
     </Position>
     <AltitudeMeters>620.24</AltitudeMeters>
     <DistanceMeters>65958.68075405221</DistanceMeters>
    </Trackpoint>
    <Trackpoint>
     <Time>2026-07-19T02:58:06+00:00</Time>
     <Position>
      <LatitudeDegrees>-33.6179300</LatitudeDegrees>
      <LongitudeDegrees>-70.9586300</LongitudeDegrees>
     </Position>
     <AltitudeMeters>611.6600000000001</AltitudeMeters>
     <DistanceMeters>66005.95559711108</DistanceMeters>
    </Trackpoint>
    <Trackpoint>
     <Time>2026-07-19T02:58:12+00:00</Time>
     <Position>
      <LatitudeDegrees>-33.6180100</LatitudeDegrees>
      <LongitudeDegrees>-70.9583500</LongitudeDegrees>
     </Position>
     <AltitudeMeters>609.8100000000001</AltitudeMeters>
     <DistanceMeters>66033.39126665279</DistanceMeters>
    </Trackpoint>
    <Trackpoint>
     <Time>2026-07-19T02:58:18+00:00</Time>
     <Position>
      <LatitudeDegrees>-33.6180000</LatitudeDegrees>
      <LongitudeDegrees>-70.9582300</LongitudeDegrees>
     </Position>
     <AltitudeMeters>608.4200000000001</AltitudeMeters>
     <DistanceMeters>66044.56855609792</DistanceMeters>
    </Trackpoint>
    <Trackpoint>
     <Time>2026-07-19T02:58:24+00:00</Time>
     <Position>
      <LatitudeDegrees>-33.6176200</LatitudeDegrees>
      <LongitudeDegrees>-70.9577800</LongitudeDegrees>
     </Position>
     <AltitudeMeters>603.0600000000001</AltitudeMeters>
     <DistanceMeters>66103.96624985935</DistanceMeters>
    </Trackpoint>
    <Trackpoint>
     <Time>2026-07-19T02:58:31+00:00</Time>
     <Position>
      <LatitudeDegrees>-33.6175000</LatitudeDegrees>
      <LongitudeDegrees>-70.9576500</LongitudeDegrees>
     </Position>
     <AltitudeMeters>599.45</AltitudeMeters>
     <DistanceMeters>66121.95341233161</DistanceMeters>
    </Trackpoint>
    <Trackpoint>
     <Time>2026-07-19T02:58:37+00:00</Time>
     <Position>
      <LatitudeDegrees>-33.6171500</LatitudeDegrees>
      <LongitudeDegrees>-70.9574800</LongitudeDegrees>
     </Position>
     <AltitudeMeters>596.1500000000001</AltitudeMeters>
     <DistanceMeters>66163.97273363403</DistanceMeters>
    </Trackpoint>
    <Trackpoint>
     <Time>2026-07-19T02:58:43+00:00</Time>
     <Position>
      <LatitudeDegrees>-33.6170100</LatitudeDegrees>
      <LongitudeDegrees>-70.9572400</LongitudeDegrees>
     </Position>
     <AltitudeMeters>593.9300000000001</AltitudeMeters>
     <DistanceMeters>66191.13084478349</DistanceMeters>
    </Trackpoint>
    <Trackpoint>
     <Time>2026-07-19T02:58:49+00:00</Time>
     <Position>
      <LatitudeDegrees>-33.6169700</LatitudeDegrees>
      <LongitudeDegrees>-70.9572000</LongitudeDegrees>
     </Position>
     <AltitudeMeters>593.9300000000001</AltitudeMeters>
     <DistanceMeters>66196.92418317164</DistanceMeters>
    </Trackpoint>
    <Trackpoint>
     <Time>2026-07-19T02:58:55+00:00</Time>
     <Position>
      <LatitudeDegrees>-33.6167600</LatitudeDegrees>
      <LongitudeDegrees>-70.9571100</LongitudeDegrees>
     </Position>
     <AltitudeMeters>592.1800000000001</AltitudeMeters>
     <DistanceMeters>66221.74018488036</DistanceMeters>
    </Trackpoint>
    <Trackpoint>
     <Time>2026-07-19T02:59:02+00:00</Time>
     <Position>
      <LatitudeDegrees>-33.6166500</LatitudeDegrees>
      <LongitudeDegrees>-70.9570200</LongitudeDegrees>
     </Position>
     <AltitudeMeters>590.35</AltitudeMeters>
     <DistanceMeters>66236.55432997056</DistanceMeters>
    </Trackpoint>
    <Trackpoint>
     <Time>2026-07-19T02:59:08+00:00</Time>
     <Position>
      <LatitudeDegrees>-33.6165900</LatitudeDegrees>
      <LongitudeDegrees>-70.9569000</LongitudeDegrees>
     </Position>
     <AltitudeMeters>589.28</AltitudeMeters>
     <DistanceMeters>66249.52696748225</DistanceMeters>
    </Trackpoint>
    <Trackpoint>
     <Time>2026-07-19T02:59:14+00:00</Time>
     <Position>
      <LatitudeDegrees>-33.6165200</LatitudeDegrees>
      <LongitudeDegrees>-70.9566200</LongitudeDegrees>
     </Position>
     <AltitudeMeters>585.95</AltitudeMeters>
     <DistanceMeters>66276.62231737225</DistanceMeters>
    </Trackpoint>
    <Trackpoint>
     <Time>2026-07-19T02:59:20+00:00</Time>
     <Position>
      <LatitudeDegrees>-33.6163600</LatitudeDegrees>
      <LongitudeDegrees>-70.9563500</LongitudeDegrees>
     </Position>
     <AltitudeMeters>582.2700000000001</AltitudeMeters>
     <DistanceMeters>66307.33582318992</DistanceMeters>
    </Trackpoint>
    <Trackpoint>
     <Time>2026-07-19T02:59:26+00:00</Time>
     <Position>
      <LatitudeDegrees>-33.6163400</LatitudeDegrees>
      <LongitudeDegrees>-70.9562600</LongitudeDegrees>
     </Position>
     <AltitudeMeters>582.2700000000001</AltitudeMeters>
     <DistanceMeters>66315.96917406336</DistanceMeters>
    </Trackpoint>
    <Trackpoint>
     <Time>2026-07-19T02:59:33+00:00</Time>
     <Position>
      <LatitudeDegrees>-33.6163600</LatitudeDegrees>
      <LongitudeDegrees>-70.9560700</LongitudeDegrees>
     </Position>
     <AltitudeMeters>580.77</AltitudeMeters>
     <DistanceMeters>66333.71905850346</DistanceMeters>
    </Trackpoint>
    <Trackpoint>
     <Time>2026-07-19T02:59:39+00:00</Time>
     <Position>
      <LatitudeDegrees>-33.6166100</LatitudeDegrees>
      <LongitudeDegrees>-70.9555000</LongitudeDegrees>
     </Position>
     <AltitudeMeters>574.76</AltitudeMeters>
     <DistanceMeters>66393.42747608622</DistanceMeters>
    </Trackpoint>
    <Trackpoint>
     <Time>2026-07-19T02:59:45+00:00</Time>
     <Position>
      <LatitudeDegrees>-33.6168500</LatitudeDegrees>
      <LongitudeDegrees>-70.9551000</LongitudeDegrees>
     </Position>
     <AltitudeMeters>569.2600000000001</AltitudeMeters>
     <DistanceMeters>66439.12084854812</DistanceMeters>
    </Trackpoint>
    <Trackpoint>
     <Time>2026-07-19T02:59:51+00:00</Time>
     <Position>
      <LatitudeDegrees>-33.6170100</LatitudeDegrees>
      <LongitudeDegrees>-70.9545700</LongitudeDegrees>
     </Position>
     <AltitudeMeters>565.2600000000001</AltitudeMeters>
     <DistanceMeters>66491.37058909048</DistanceMeters>
    </Trackpoint>
    <Trackpoint>
     <Time>2026-07-19T02:59:57+00:00</Time>
     <Position>
      <LatitudeDegrees>-33.6172600</LatitudeDegrees>
      <LongitudeDegrees>-70.9541900</LongitudeDegrees>
     </Position>
     <AltitudeMeters>560.21</AltitudeMeters>
     <DistanceMeters>66536.25446977357</DistanceMeters>
    </Trackpoint>
    <Trackpoint>
     <Time>2026-07-19T03:00:04+00:00</Time>
     <Position>
      <LatitudeDegrees>-33.6173000</LatitudeDegrees>
      <LongitudeDegrees>-70.9540200</LongitudeDegrees>
     </Position>
     <AltitudeMeters>557.86</AltitudeMeters>
     <DistanceMeters>66552.62725741437</DistanceMeters>
    </Trackpoint>
    <Trackpoint>
     <Time>2026-07-19T03:00:10+00:00</Time>
     <Position>
      <LatitudeDegrees>-33.6172800</LatitudeDegrees>
      <LongitudeDegrees>-70.9538000</LongitudeDegrees>
     </Position>
     <AltitudeMeters>554.7500000000001</AltitudeMeters>
     <DistanceMeters>66573.13842344108</DistanceMeters>
    </Trackpoint>
    <Trackpoint>
     <Time>2026-07-19T03:00:16+00:00</Time>
     <Position>
      <LatitudeDegrees>-33.6171500</LatitudeDegrees>
      <LongitudeDegrees>-70.9536600</LongitudeDegrees>
     </Position>
     <AltitudeMeters>553.57</AltitudeMeters>
     <DistanceMeters>66592.57290010444</DistanceMeters>
    </Trackpoint>
    <Trackpoint>
     <Time>2026-07-19T03:00:22+00:00</Time>
     <Position>
      <LatitudeDegrees>-33.6170100</LatitudeDegrees>
      <LongitudeDegrees>-70.9536100</LongitudeDegrees>
     </Position>
     <AltitudeMeters>550.7500000000001</AltitudeMeters>
     <DistanceMeters>66608.82881705964</DistanceMeters>
    </Trackpoint>
    <Trackpoint>
     <Time>2026-07-19T03:00:28+00:00</Time>
     <Position>
      <LatitudeDegrees>-33.6165900</LatitudeDegrees>
      <LongitudeDegrees>-70.9535300</LongitudeDegrees>
     </Position>
     <AltitudeMeters>546.2800000000001</AltitudeMeters>
     <DistanceMeters>66656.15740383025</DistanceMeters>
    </Trackpoint>
    <Trackpoint>
     <Time>2026-07-19T03:00:35+00:00</Time>
     <Position>
      <LatitudeDegrees>-33.6161400</LatitudeDegrees>
      <LongitudeDegrees>-70.9535300</LongitudeDegrees>
     </Position>
     <AltitudeMeters>542.59</AltitudeMeters>
     <DistanceMeters>66706.24045957871</DistanceMeters>
    </Trackpoint>
    <Trackpoint>
     <Time>2026-07-19T03:00:41+00:00</Time>
     <Position>
      <LatitudeDegrees>-33.6160700</LatitudeDegrees>
      <LongitudeDegrees>-70.9535200</LongitudeDegrees>
     </Position>
     <AltitudeMeters>540.9200000000001</AltitudeMeters>
     <DistanceMeters>66714.08609444182</DistanceMeters>
    </Trackpoint>
    <Trackpoint>
     <Time>2026-07-19T03:00:47+00:00</Time>
     <Position>
      <LatitudeDegrees>-33.6159600</LatitudeDegrees>
      <LongitudeDegrees>-70.9534400</LongitudeDegrees>
     </Position>
     <AltitudeMeters>540.9200000000001</AltitudeMeters>
     <DistanceMeters>66728.39890946019</DistanceMeters>
    </Trackpoint>
    <Trackpoint>
     <Time>2026-07-19T03:00:53+00:00</Time>
     <Position>
      <LatitudeDegrees>-33.6158500</LatitudeDegrees>
      <LongitudeDegrees>-70.9533000</LongitudeDegrees>
     </Position>
     <AltitudeMeters>537.8900000000001</AltitudeMeters>
     <DistanceMeters>66746.23840793718</DistanceMeters>
    </Trackpoint>
    <Trackpoint>
     <Time>2026-07-19T03:00:59+00:00</Time>
     <Position>
      <LatitudeDegrees>-33.6157600</LatitudeDegrees>
      <LongitudeDegrees>-70.9530800</LongitudeDegrees>
     </Position>
     <AltitudeMeters>536.0400000000001</AltitudeMeters>
     <DistanceMeters>66768.95624381855</DistanceMeters>
    </Trackpoint>
    <Trackpoint>
     <Time>2026-07-19T03:01:06+00:00</Time>
     <Position>
      <LatitudeDegrees>-33.6157300</LatitudeDegrees>
      <LongitudeDegrees>-70.9528600</LongitudeDegrees>
     </Position>
     <AltitudeMeters>534.52</AltitudeMeters>
     <DistanceMeters>66789.61819441714</DistanceMeters>
    </Trackpoint>
    <Trackpoint>
     <Time>2026-07-19T03:01:12+00:00</Time>
     <Position>
      <LatitudeDegrees>-33.6157600</LatitudeDegrees>
      <LongitudeDegrees>-70.9527200</LongitudeDegrees>
     </Position>
     <AltitudeMeters>534.52</AltitudeMeters>
     <DistanceMeters>66803.01658889253</DistanceMeters>
    </Trackpoint>
    <Trackpoint>
     <Time>2026-07-19T03:01:18+00:00</Time>
     <Position>
      <LatitudeDegrees>-33.6159800</LatitudeDegrees>
      <LongitudeDegrees>-70.9518700</LongitudeDegrees>
     </Position>
     <AltitudeMeters>525.03</AltitudeMeters>
     <DistanceMeters>66885.51480689076</DistanceMeters>
    </Trackpoint>
    <Trackpoint>
     <Time>2026-07-19T03:01:24+00:00</Time>
     <Position>
      <LatitudeDegrees>-33.6161400</LatitudeDegrees>
      <LongitudeDegrees>-70.9510800</LongitudeDegrees>
     </Position>
     <AltitudeMeters>516.02</AltitudeMeters>
     <DistanceMeters>66960.86888233894</DistanceMeters>
    </Trackpoint>
    <Trackpoint>
     <Time>2026-07-19T03:01:30+00:00</Time>
     <Position>
      <LatitudeDegrees>-33.6161600</LatitudeDegrees>
      <LongitudeDegrees>-70.9508900</LongitudeDegrees>
     </Position>
     <AltitudeMeters>514.47</AltitudeMeters>
     <DistanceMeters>66978.61880732326</DistanceMeters>
    </Trackpoint>
    <Trackpoint>
     <Time>2026-07-19T03:01:37+00:00</Time>
     <Position>
      <LatitudeDegrees>-33.6160900</LatitudeDegrees>
      <LongitudeDegrees>-70.9502200</LongitudeDegrees>
     </Position>
     <AltitudeMeters>508.71</AltitudeMeters>
     <DistanceMeters>67041.20334715518</DistanceMeters>
    </Trackpoint>
    <Trackpoint>
     <Time>2026-07-19T03:01:43+00:00</Time>
     <Position>
      <LatitudeDegrees>-33.6161200</LatitudeDegrees>
      <LongitudeDegrees>-70.9499600</LongitudeDegrees>
     </Position>
     <AltitudeMeters>505.70000000000005</AltitudeMeters>
     <DistanceMeters>67065.53119477877</DistanceMeters>
    </Trackpoint>
    <Trackpoint>
     <Time>2026-07-19T03:01:49+00:00</Time>
     <Position>
      <LatitudeDegrees>-33.6161800</LatitudeDegrees>
      <LongitudeDegrees>-70.9498500</LongitudeDegrees>
     </Position>
     <AltitudeMeters>503.18000000000006</AltitudeMeters>
     <DistanceMeters>67077.71861787062</DistanceMeters>
    </Trackpoint>
    <Trackpoint>
     <Time>2026-07-19T03:01:55+00:00</Time>
     <Position>
      <LatitudeDegrees>-33.6165500</LatitudeDegrees>
      <LongitudeDegrees>-70.9494500</LongitudeDegrees>
     </Position>
     <AltitudeMeters>495.88000000000005</AltitudeMeters>
     <DistanceMeters>67133.12763751963</DistanceMeters>
    </Trackpoint>
    <Trackpoint>
     <Time>2026-07-19T03:02:01+00:00</Time>
     <Position>
      <LatitudeDegrees>-33.6169200</LatitudeDegrees>
      <LongitudeDegrees>-70.9490500</LongitudeDegrees>
     </Position>
     <AltitudeMeters>492.01000000000005</AltitudeMeters>
     <DistanceMeters>67188.53662325436</DistanceMeters>
    </Trackpoint>
    <Trackpoint>
     <Time>2026-07-19T03:02:07+00:00</Time>
     <Position>
      <LatitudeDegrees>-33.6169400</LatitudeDegrees>
      <LongitudeDegrees>-70.9489600</LongitudeDegrees>
     </Position>
     <AltitudeMeters>487.47</AltitudeMeters>
     <DistanceMeters>67197.16991988884</DistanceMeters>
    </Trackpoint>
    <Trackpoint>
     <Time>2026-07-19T03:02:14+00:00</Time>
     <Position>
      <LatitudeDegrees>-33.6169400</LatitudeDegrees>
      <LongitudeDegrees>-70.9488300</LongitudeDegrees>
     </Position>
     <AltitudeMeters>487.47</AltitudeMeters>
     <DistanceMeters>67209.21862171024</DistanceMeters>
    </Trackpoint>
    <Trackpoint>
     <Time>2026-07-19T03:02:20+00:00</Time>
     <Position>
      <LatitudeDegrees>-33.6168800</LatitudeDegrees>
      <LongitudeDegrees>-70.9486900</LongitudeDegrees>
     </Position>
     <AltitudeMeters>484.65000000000003</AltitudeMeters>
     <DistanceMeters>67223.81165391697</DistanceMeters>
    </Trackpoint>
    <Trackpoint>
     <Time>2026-07-19T03:02:26+00:00</Time>
     <Position>
      <LatitudeDegrees>-33.6167900</LatitudeDegrees>
      <LongitudeDegrees>-70.9486000</LongitudeDegrees>
     </Position>
     <AltitudeMeters>483.39000000000004</AltitudeMeters>
     <DistanceMeters>67236.84667489107</DistanceMeters>
    </Trackpoint>
    <Trackpoint>
     <Time>2026-07-19T03:02:32+00:00</Time>
     <Position>
      <LatitudeDegrees>-33.6163600</LatitudeDegrees>
      <LongitudeDegrees>-70.9486400</LongitudeDegrees>
     </Position>
     <AltitudeMeters>478.98</AltitudeMeters>
     <DistanceMeters>67284.84719772711</DistanceMeters>
    </Trackpoint>
    <Trackpoint>
     <Time>2026-07-19T03:02:38+00:00</Time>
     <Position>
      <LatitudeDegrees>-33.6161600</LatitudeDegrees>
      <LongitudeDegrees>-70.9486900</LongitudeDegrees>
     </Position>
     <AltitudeMeters>476.54</AltitudeMeters>
     <DistanceMeters>67307.5836112801</DistanceMeters>
    </Trackpoint>
    <Trackpoint>
     <Time>2026-07-19T03:02:45+00:00</Time>
     <Position>
      <LatitudeDegrees>-33.6160900</LatitudeDegrees>
      <LongitudeDegrees>-70.9486900</LongitudeDegrees>
     </Position>
     <AltitudeMeters>474.98</AltitudeMeters>
     <DistanceMeters>67315.37430884107</DistanceMeters>
    </Trackpoint>
    <Trackpoint>
     <Time>2026-07-19T03:02:51+00:00</Time>
     <Position>
      <LatitudeDegrees>-33.6159800</LatitudeDegrees>
      <LongitudeDegrees>-70.9486500</LongitudeDegrees>
     </Position>
     <AltitudeMeters>473.24000000000007</AltitudeMeters>
     <DistanceMeters>67328.16585765392</DistanceMeters>
    </Trackpoint>
    <Trackpoint>
     <Time>2026-07-19T03:02:57+00:00</Time>
     <Position>
      <LatitudeDegrees>-33.6157500</LatitudeDegrees>
      <LongitudeDegrees>-70.9484800</LongitudeDegrees>
     </Position>
     <AltitudeMeters>470.76</AltitudeMeters>
     <DistanceMeters>67358.22439199673</DistanceMeters>
    </Trackpoint>
    <Trackpoint>
     <Time>2026-07-19T03:03:03+00:00</Time>
     <Position>
      <LatitudeDegrees>-33.6154000</LatitudeDegrees>
      <LongitudeDegrees>-70.9481600</LongitudeDegrees>
     </Position>
     <AltitudeMeters>462.75000000000006</AltitudeMeters>
     <DistanceMeters>67407.18375659622</DistanceMeters>
    </Trackpoint>
    <Trackpoint>
     <Time>2026-07-19T03:03:09+00:00</Time>
     <Position>
      <LatitudeDegrees>-33.6150200</LatitudeDegrees>
      <LongitudeDegrees>-70.9477200</LongitudeDegrees>
     </Position>
     <AltitudeMeters>455.18</AltitudeMeters>
     <DistanceMeters>67465.93523995212</DistanceMeters>
    </Trackpoint>
    <Trackpoint>
     <Time>2026-07-19T03:03:16+00:00</Time>
     <Position>
      <LatitudeDegrees>-33.6148600</LatitudeDegrees>
      <LongitudeDegrees>-70.9476200</LongitudeDegrees>
     </Position>
     <AltitudeMeters>455.18</AltitudeMeters>
     <DistanceMeters>67486.0102083943</DistanceMeters>
    </Trackpoint>
    <Trackpoint>
     <Time>2026-07-19T03:03:22+00:00</Time>
     <Position>
      <LatitudeDegrees>-33.6146200</LatitudeDegrees>
      <LongitudeDegrees>-70.9473400</LongitudeDegrees>
     </Position>
     <AltitudeMeters>448.38000000000005</AltitudeMeters>
     <DistanceMeters>67523.25221331684</DistanceMeters>
    </Trackpoint>
    <Trackpoint>
     <Time>2026-07-19T03:03:28+00:00</Time>
     <Position>
      <LatitudeDegrees>-33.6145000</LatitudeDegrees>
      <LongitudeDegrees>-70.9472700</LongitudeDegrees>
     </Position>
     <AltitudeMeters>447.15000000000003</AltitudeMeters>
     <DistanceMeters>67538.10018537487</DistanceMeters>
    </Trackpoint>
    <Trackpoint>
     <Time>2026-07-19T03:03:34+00:00</Time>
     <Position>
      <LatitudeDegrees>-33.6143900</LatitudeDegrees>
      <LongitudeDegrees>-70.9472600</LongitudeDegrees>
     </Position>
     <AltitudeMeters>446.53000000000003</AltitudeMeters>
     <DistanceMeters>67550.37774470005</DistanceMeters>
    </Trackpoint>
    <Trackpoint>
     <Time>2026-07-19T03:03:40+00:00</Time>
     <Position>
      <LatitudeDegrees>-33.6139200</LatitudeDegrees>
      <LongitudeDegrees>-70.9474000</LongitudeDegrees>
     </Position>
     <AltitudeMeters>443.74</AltitudeMeters>
     <DistanceMeters>67604.27211736033</DistanceMeters>
    </Trackpoint>
    <Trackpoint>
     <Time>2026-07-19T03:03:47+00:00</Time>
     <Position>
      <LatitudeDegrees>-33.6136100</LatitudeDegrees>
      <LongitudeDegrees>-70.9476200</LongitudeDegrees>
     </Position>
     <AltitudeMeters>442.19</AltitudeMeters>
     <DistanceMeters>67644.34894153888</DistanceMeters>
    </Trackpoint>
    <Trackpoint>
     <Time>2026-07-19T03:03:53+00:00</Time>
     <Position>
      <LatitudeDegrees>-33.6134700</LatitudeDegrees>
      <LongitudeDegrees>-70.9477100</LongitudeDegrees>
     </Position>
     <AltitudeMeters>440.53000000000003</AltitudeMeters>
     <DistanceMeters>67662.02277720447</DistanceMeters>
    </Trackpoint>
    <Trackpoint>
     <Time>2026-07-19T03:03:59+00:00</Time>
     <Position>
      <LatitudeDegrees>-33.6134100</LatitudeDegrees>
      <LongitudeDegrees>-70.9477100</LongitudeDegrees>
     </Position>
     <AltitudeMeters>440.53000000000003</AltitudeMeters>
     <DistanceMeters>67668.70051797068</DistanceMeters>
    </Trackpoint>
    <Trackpoint>
     <Time>2026-07-19T03:04:05+00:00</Time>
     <Position>
      <LatitudeDegrees>-33.6133200</LatitudeDegrees>
      <LongitudeDegrees>-70.9476700</LongitudeDegrees>
     </Position>
     <AltitudeMeters>439.59000000000003</AltitudeMeters>
     <DistanceMeters>67679.38123234587</DistanceMeters>
    </Trackpoint>
    <Trackpoint>
     <Time>2026-07-19T03:04:11+00:00</Time>
     <Position>
      <LatitudeDegrees>-33.6132100</LatitudeDegrees>
      <LongitudeDegrees>-70.9475700</LongitudeDegrees>
     </Position>
     <AltitudeMeters>438.21000000000004</AltitudeMeters>
     <DistanceMeters>67694.73658533179</DistanceMeters>
    </Trackpoint>
    <Trackpoint>
     <Time>2026-07-19T03:04:18+00:00</Time>
     <Position>
      <LatitudeDegrees>-33.6130000</LatitudeDegrees>
      <LongitudeDegrees>-70.9472600</LongitudeDegrees>
     </Position>
     <AltitudeMeters>435.92</AltitudeMeters>
     <DistanceMeters>67731.77478734005</DistanceMeters>
    </Trackpoint>
    <Trackpoint>
     <Time>2026-07-19T03:04:24+00:00</Time>
     <Position>
      <LatitudeDegrees>-33.6126000</LatitudeDegrees>
      <LongitudeDegrees>-70.9468300</LongitudeDegrees>
     </Position>
     <AltitudeMeters>430.65000000000003</AltitudeMeters>
     <DistanceMeters>67791.5270300087</DistanceMeters>
    </Trackpoint>
    <Trackpoint>
     <Time>2026-07-19T03:04:30+00:00</Time>
     <Position>
      <LatitudeDegrees>-33.6122000</LatitudeDegrees>
      <LongitudeDegrees>-70.9464000</LongitudeDegrees>
     </Position>
     <AltitudeMeters>423.38000000000005</AltitudeMeters>
     <DistanceMeters>67851.27926163453</DistanceMeters>
    </Trackpoint>
    <Trackpoint>
     <Time>2026-07-19T03:04:36+00:00</Time>
     <Position>
      <LatitudeDegrees>-33.6118600</LatitudeDegrees>
      <LongitudeDegrees>-70.9459500</LongitudeDegrees>
     </Position>
     <AltitudeMeters>415.22</AltitudeMeters>
     <DistanceMeters>67907.59605813674</DistanceMeters>
    </Trackpoint>
    <Trackpoint>
     <Time>2026-07-19T03:04:42+00:00</Time>
     <Position>
      <LatitudeDegrees>-33.6117100</LatitudeDegrees>
      <LongitudeDegrees>-70.9457000</LongitudeDegrees>
     </Position>
     <AltitudeMeters>412.75000000000006</AltitudeMeters>
     <DistanceMeters>67936.15549454019</DistanceMeters>
    </Trackpoint>
    <Trackpoint>
     <Time>2026-07-19T03:04:49+00:00</Time>
     <Position>
      <LatitudeDegrees>-33.6114800</LatitudeDegrees>
      <LongitudeDegrees>-70.9451700</LongitudeDegrees>
     </Position>
     <AltitudeMeters>409.53000000000003</AltitudeMeters>
     <DistanceMeters>67991.54946350193</DistanceMeters>
    </Trackpoint>
    <Trackpoint>
     <Time>2026-07-19T03:04:55+00:00</Time>
     <Position>
      <LatitudeDegrees>-33.6114100</LatitudeDegrees>
      <LongitudeDegrees>-70.9448800</LongitudeDegrees>
     </Position>
     <AltitudeMeters>408.17</AltitudeMeters>
     <DistanceMeters>68019.5353020884</DistanceMeters>
    </Trackpoint>
    <Trackpoint>
     <Time>2026-07-19T03:05:01+00:00</Time>
     <Position>
      <LatitudeDegrees>-33.6113900</LatitudeDegrees>
      <LongitudeDegrees>-70.9445700</LongitudeDegrees>
     </Position>
     <AltitudeMeters>406.08000000000004</AltitudeMeters>
     <DistanceMeters>68048.35475808194</DistanceMeters>
    </Trackpoint>
    <Trackpoint>
     <Time>2026-07-19T03:05:07+00:00</Time>
     <Position>
      <LatitudeDegrees>-33.6114150</LatitudeDegrees>
      <LongitudeDegrees>-70.9435450</LongitudeDegrees>
     </Position>
     <AltitudeMeters>399.02000000000004</AltitudeMeters>
     <DistanceMeters>68143.40095658561</DistanceMeters>
    </Trackpoint>
    <Trackpoint>
     <Time>2026-07-19T03:05:13+00:00</Time>
     <Position>
      <LatitudeDegrees>-33.6114400</LatitudeDegrees>
      <LongitudeDegrees>-70.9425200</LongitudeDegrees>
     </Position>
     <AltitudeMeters>394.19000000000005</AltitudeMeters>
     <DistanceMeters>68238.44716673331</DistanceMeters>
    </Trackpoint>
    <Trackpoint>
     <Time>2026-07-19T03:05:20+00:00</Time>
     <Position>
      <LatitudeDegrees>-33.6114600</LatitudeDegrees>
      <LongitudeDegrees>-70.9422400</LongitudeDegrees>
     </Position>
     <AltitudeMeters>392.76000000000005</AltitudeMeters>
     <DistanceMeters>68264.49515110385</DistanceMeters>
    </Trackpoint>
    <Trackpoint>
     <Time>2026-07-19T03:05:26+00:00</Time>
     <Position>
      <LatitudeDegrees>-33.6115300</LatitudeDegrees>
      <LongitudeDegrees>-70.9420200</LongitudeDegrees>
     </Position>
     <AltitudeMeters>391.39</AltitudeMeters>
     <DistanceMeters>68286.32412540844</DistanceMeters>
    </Trackpoint>
    <Trackpoint>
     <Time>2026-07-19T03:05:32+00:00</Time>
     <Position>
      <LatitudeDegrees>-33.6116200</LatitudeDegrees>
      <LongitudeDegrees>-70.9418400</LongitudeDegrees>
     </Position>
     <AltitudeMeters>390.26000000000005</AltitudeMeters>
     <DistanceMeters>68305.78391889273</DistanceMeters>
    </Trackpoint>
    <Trackpoint>
     <Time>2026-07-19T03:05:38+00:00</Time>
     <Position>
      <LatitudeDegrees>-33.6121633</LatitudeDegrees>
      <LongitudeDegrees>-70.9410967</LongitudeDegrees>
     </Position>
     <AltitudeMeters>382.84000000000003</AltitudeMeters>
     <DistanceMeters>68397.45485417292</DistanceMeters>
    </Trackpoint>
    <Trackpoint>
     <Time>2026-07-19T03:05:44+00:00</Time>
     <Position>
      <LatitudeDegrees>-33.6127067</LatitudeDegrees>
      <LongitudeDegrees>-70.9403533</LongitudeDegrees>
     </Position>
     <AltitudeMeters>376.83000000000004</AltitudeMeters>
     <DistanceMeters>68489.12578945523</DistanceMeters>
    </Trackpoint>
    <Trackpoint>
     <Time>2026-07-19T03:05:51+00:00</Time>
     <Position>
      <LatitudeDegrees>-33.6132500</LatitudeDegrees>
      <LongitudeDegrees>-70.9396100</LongitudeDegrees>
     </Position>
     <AltitudeMeters>373.35</AltitudeMeters>
     <DistanceMeters>68580.79671594169</DistanceMeters>
    </Trackpoint>
    <Trackpoint>
     <Time>2026-07-19T03:05:57+00:00</Time>
     <Position>
      <LatitudeDegrees>-33.6134500</LatitudeDegrees>
      <LongitudeDegrees>-70.9394000</LongitudeDegrees>
     </Position>
     <AltitudeMeters>371.83000000000004</AltitudeMeters>
     <DistanceMeters>68610.36562279523</DistanceMeters>
    </Trackpoint>
    <Trackpoint>
     <Time>2026-07-19T03:06:03+00:00</Time>
     <Position>
      <LatitudeDegrees>-33.6138850</LatitudeDegrees>
      <LongitudeDegrees>-70.9390300</LongitudeDegrees>
     </Position>
     <AltitudeMeters>368.95000000000005</AltitudeMeters>
     <DistanceMeters>68669.69466169152</DistanceMeters>
    </Trackpoint>
    <Trackpoint>
     <Time>2026-07-19T03:06:09+00:00</Time>
     <Position>
      <LatitudeDegrees>-33.6143200</LatitudeDegrees>
      <LongitudeDegrees>-70.9386600</LongitudeDegrees>
     </Position>
     <AltitudeMeters>366.7300000000001</AltitudeMeters>
     <DistanceMeters>68729.0236991728</DistanceMeters>
    </Trackpoint>
    <Trackpoint>
     <Time>2026-07-19T03:06:15+00:00</Time>
     <Position>
      <LatitudeDegrees>-33.6147050</LatitudeDegrees>
      <LongitudeDegrees>-70.9383100</LongitudeDegrees>
     </Position>
     <AltitudeMeters>365.31</AltitudeMeters>
     <DistanceMeters>68782.76709641398</DistanceMeters>
    </Trackpoint>
    <Trackpoint>
     <Time>2026-07-19T03:06:22+00:00</Time>
     <Position>
      <LatitudeDegrees>-33.6150900</LatitudeDegrees>
      <LongitudeDegrees>-70.9379600</LongitudeDegrees>
     </Position>
     <AltitudeMeters>364.3</AltitudeMeters>
     <DistanceMeters>68836.51051579589</DistanceMeters>
    </Trackpoint>
    <Trackpoint>
     <Time>2026-07-19T03:06:28+00:00</Time>
     <Position>
      <LatitudeDegrees>-33.6151800</LatitudeDegrees>
      <LongitudeDegrees>-70.9378100</LongitudeDegrees>
     </Position>
     <AltitudeMeters>364.3</AltitudeMeters>
     <DistanceMeters>68853.64573922027</DistanceMeters>
    </Trackpoint>
    <Trackpoint>
     <Time>2026-07-19T03:06:34+00:00</Time>
     <Position>
      <LatitudeDegrees>-33.6152000</LatitudeDegrees>
      <LongitudeDegrees>-70.9376300</LongitudeDegrees>
     </Position>
     <AltitudeMeters>363.83000000000004</AltitudeMeters>
     <DistanceMeters>68870.47673465619</DistanceMeters>
    </Trackpoint>
    <Trackpoint>
     <Time>2026-07-19T03:06:40+00:00</Time>
     <Position>
      <LatitudeDegrees>-33.6152000</LatitudeDegrees>
      <LongitudeDegrees>-70.9375000</LongitudeDegrees>
     </Position>
     <AltitudeMeters>363.83000000000004</AltitudeMeters>
     <DistanceMeters>68882.52567973518</DistanceMeters>
    </Trackpoint>
    <Trackpoint>
     <Time>2026-07-19T03:06:46+00:00</Time>
     <Position>
      <LatitudeDegrees>-33.6151500</LatitudeDegrees>
      <LongitudeDegrees>-70.9372400</LongitudeDegrees>
     </Position>
     <AltitudeMeters>363.50000000000006</AltitudeMeters>
     <DistanceMeters>68907.25775339438</DistanceMeters>
    </Trackpoint>
    <Trackpoint>
     <Time>2026-07-19T03:06:53+00:00</Time>
     <Position>
      <LatitudeDegrees>-33.6148290</LatitudeDegrees>
      <LongitudeDegrees>-70.9362900</LongitudeDegrees>
     </Position>
     <AltitudeMeters>362.63</AltitudeMeters>
     <DistanceMeters>69002.28110971696</DistanceMeters>
    </Trackpoint>
    <Trackpoint>
     <Time>2026-07-19T03:06:59+00:00</Time>
     <Position>
      <LatitudeDegrees>-33.6145081</LatitudeDegrees>
      <LongitudeDegrees>-70.9353399</LongitudeDegrees>
     </Position>
     <AltitudeMeters>361.03000000000003</AltitudeMeters>
     <DistanceMeters>69097.30446603977</DistanceMeters>
    </Trackpoint>
    <Trackpoint>
     <Time>2026-07-19T03:07:05+00:00</Time>
     <Position>
      <LatitudeDegrees>-33.6141871</LatitudeDegrees>
      <LongitudeDegrees>-70.9343899</LongitudeDegrees>
     </Position>
     <AltitudeMeters>359.74</AltitudeMeters>
     <DistanceMeters>69192.3278223616</DistanceMeters>
    </Trackpoint>
    <Trackpoint>
     <Time>2026-07-19T03:07:11+00:00</Time>
     <Position>
      <LatitudeDegrees>-33.6138661</LatitudeDegrees>
      <LongitudeDegrees>-70.9334399</LongitudeDegrees>
     </Position>
     <AltitudeMeters>359.57000000000005</AltitudeMeters>
     <DistanceMeters>69287.3511786822</DistanceMeters>
    </Trackpoint>
    <Trackpoint>
     <Time>2026-07-19T03:07:17+00:00</Time>
     <Position>
      <LatitudeDegrees>-33.6135451</LatitudeDegrees>
      <LongitudeDegrees>-70.9324899</LongitudeDegrees>
     </Position>
     <AltitudeMeters>359.77000000000004</AltitudeMeters>
     <DistanceMeters>69382.37453500612</DistanceMeters>
    </Trackpoint>
    <Trackpoint>
     <Time>2026-07-19T03:07:23+00:00</Time>
     <Position>
      <LatitudeDegrees>-33.6132241</LatitudeDegrees>
      <LongitudeDegrees>-70.9315399</LongitudeDegrees>
     </Position>
     <AltitudeMeters>360.00000000000006</AltitudeMeters>
     <DistanceMeters>69477.39789132669</DistanceMeters>
    </Trackpoint>
    <Trackpoint>
     <Time>2026-07-19T03:07:30+00:00</Time>
     <Position>
      <LatitudeDegrees>-33.6129031</LatitudeDegrees>
      <LongitudeDegrees>-70.9305899</LongitudeDegrees>
     </Position>
     <AltitudeMeters>360.42</AltitudeMeters>
     <DistanceMeters>69572.42124764911</DistanceMeters>
    </Trackpoint>
    <Trackpoint>
     <Time>2026-07-19T03:07:36+00:00</Time>
     <Position>
      <LatitudeDegrees>-33.6125821</LatitudeDegrees>
      <LongitudeDegrees>-70.9296399</LongitudeDegrees>
     </Position>
     <AltitudeMeters>361.27000000000004</AltitudeMeters>
     <DistanceMeters>69667.44460397094</DistanceMeters>
    </Trackpoint>
    <Trackpoint>
     <Time>2026-07-19T03:07:42+00:00</Time>
     <Position>
      <LatitudeDegrees>-33.6122610</LatitudeDegrees>
      <LongitudeDegrees>-70.9286900</LongitudeDegrees>
     </Position>
     <AltitudeMeters>361.71000000000004</AltitudeMeters>
     <DistanceMeters>69762.46796029434</DistanceMeters>
    </Trackpoint>
    <Trackpoint>
     <Time>2026-07-19T03:07:48+00:00</Time>
     <Position>
      <LatitudeDegrees>-33.6119400</LatitudeDegrees>
      <LongitudeDegrees>-70.9277400</LongitudeDegrees>
     </Position>
     <AltitudeMeters>362.28000000000003</AltitudeMeters>
     <DistanceMeters>69857.49131147588</DistanceMeters>
    </Trackpoint>
    <Trackpoint>
     <Time>2026-07-19T03:07:54+00:00</Time>
     <Position>
      <LatitudeDegrees>-33.6116800</LatitudeDegrees>
      <LongitudeDegrees>-70.9270500</LongitudeDegrees>
     </Position>
     <AltitudeMeters>362.54</AltitudeMeters>
     <DistanceMeters>69927.68771286253</DistanceMeters>
    </Trackpoint>
    <Trackpoint>
     <Time>2026-07-19T03:08:01+00:00</Time>
     <Position>
      <LatitudeDegrees>-33.6114633</LatitudeDegrees>
      <LongitudeDegrees>-70.9263467</LongitudeDegrees>
     </Position>
     <AltitudeMeters>362.74</AltitudeMeters>
     <DistanceMeters>69997.19545881561</DistanceMeters>
    </Trackpoint>
    <Trackpoint>
     <Time>2026-07-19T03:08:07+00:00</Time>
     <Position>
      <LatitudeDegrees>-33.6112467</LatitudeDegrees>
      <LongitudeDegrees>-70.9256433</LongitudeDegrees>
     </Position>
     <AltitudeMeters>363.46</AltitudeMeters>
     <DistanceMeters>70066.70320476832</DistanceMeters>
    </Trackpoint>
    <Trackpoint>
     <Time>2026-07-19T03:08:13+00:00</Time>
     <Position>
      <LatitudeDegrees>-33.6110300</LatitudeDegrees>
      <LongitudeDegrees>-70.9249400</LongitudeDegrees>
     </Position>
     <AltitudeMeters>364.33000000000004</AltitudeMeters>
     <DistanceMeters>70136.21096101911</DistanceMeters>
    </Trackpoint>
    <Trackpoint>
     <Time>2026-07-19T03:08:19+00:00</Time>
     <Position>
      <LatitudeDegrees>-33.6107000</LatitudeDegrees>
      <LongitudeDegrees>-70.9239800</LongitudeDegrees>
     </Position>
     <AltitudeMeters>364.97</AltitudeMeters>
     <DistanceMeters>70232.47407180889</DistanceMeters>
    </Trackpoint>
    <Trackpoint>
     <Time>2026-07-19T03:08:25+00:00</Time>
     <Position>
      <LatitudeDegrees>-33.6105000</LatitudeDegrees>
      <LongitudeDegrees>-70.9235000</LongitudeDegrees>
     </Position>
     <AltitudeMeters>365.79</AltitudeMeters>
     <DistanceMeters>70282.22243106231</DistanceMeters>
    </Trackpoint>
    <Trackpoint>
     <Time>2026-07-19T03:08:32+00:00</Time>
     <Position>
      <LatitudeDegrees>-33.6102300</LatitudeDegrees>
      <LongitudeDegrees>-70.9230100</LongitudeDegrees>
     </Position>
     <AltitudeMeters>365.94000000000005</AltitudeMeters>
     <DistanceMeters>70336.68130763527</DistanceMeters>
    </Trackpoint>
    <Trackpoint>
     <Time>2026-07-19T03:08:38+00:00</Time>
     <Position>
      <LatitudeDegrees>-33.6099800</LatitudeDegrees>
      <LongitudeDegrees>-70.9226800</LongitudeDegrees>
     </Position>
     <AltitudeMeters>365.83000000000004</AltitudeMeters>
     <DistanceMeters>70378.0306882587</DistanceMeters>
    </Trackpoint>
    <Trackpoint>
     <Time>2026-07-19T03:08:44+00:00</Time>
     <Position>
      <LatitudeDegrees>-33.6094700</LatitudeDegrees>
      <LongitudeDegrees>-70.9218600</LongitudeDegrees>
     </Position>
     <AltitudeMeters>366.02</AltitudeMeters>
     <DistanceMeters>70472.89205894918</DistanceMeters>
    </Trackpoint>
    <Trackpoint>
     <Time>2026-07-19T03:08:50+00:00</Time>
     <Position>
      <LatitudeDegrees>-33.6089925</LatitudeDegrees>
      <LongitudeDegrees>-70.9211450</LongitudeDegrees>
     </Position>
     <AltitudeMeters>366.21000000000004</AltitudeMeters>
     <DistanceMeters>70557.84227316742</DistanceMeters>
    </Trackpoint>
    <Trackpoint>
     <Time>2026-07-19T03:08:56+00:00</Time>
     <Position>
      <LatitudeDegrees>-33.6085150</LatitudeDegrees>
      <LongitudeDegrees>-70.9204300</LongitudeDegrees>
     </Position>
     <AltitudeMeters>366.39000000000004</AltitudeMeters>
     <DistanceMeters>70642.79248738446</DistanceMeters>
    </Trackpoint>
    <Trackpoint>
     <Time>2026-07-19T03:09:03+00:00</Time>
     <Position>
      <LatitudeDegrees>-33.6080375</LatitudeDegrees>
      <LongitudeDegrees>-70.9197150</LongitudeDegrees>
     </Position>
     <AltitudeMeters>366.81</AltitudeMeters>
     <DistanceMeters>70727.74270160224</DistanceMeters>
    </Trackpoint>
    <Trackpoint>
     <Time>2026-07-19T03:09:09+00:00</Time>
     <Position>
      <LatitudeDegrees>-33.6075600</LatitudeDegrees>
      <LongitudeDegrees>-70.9190000</LongitudeDegrees>
     </Position>
     <AltitudeMeters>367.44000000000005</AltitudeMeters>
     <DistanceMeters>70812.6929247968</DistanceMeters>
    </Trackpoint>
    <Trackpoint>
     <Time>2026-07-19T03:09:15+00:00</Time>
     <Position>
      <LatitudeDegrees>-33.6071200</LatitudeDegrees>
      <LongitudeDegrees>-70.9183550</LongitudeDegrees>
     </Position>
     <AltitudeMeters>367.87</AltitudeMeters>
     <DistanceMeters>70889.97540486263</DistanceMeters>
    </Trackpoint>
    <Trackpoint>
     <Time>2026-07-19T03:09:21+00:00</Time>
     <Position>
      <LatitudeDegrees>-33.6066800</LatitudeDegrees>
      <LongitudeDegrees>-70.9177100</LongitudeDegrees>
     </Position>
     <AltitudeMeters>368.18</AltitudeMeters>
     <DistanceMeters>70967.25788492753</DistanceMeters>
    </Trackpoint>
    <Trackpoint>
     <Time>2026-07-19T03:09:27+00:00</Time>
     <Position>
      <LatitudeDegrees>-33.6062400</LatitudeDegrees>
      <LongitudeDegrees>-70.9170650</LongitudeDegrees>
     </Position>
     <AltitudeMeters>368.89000000000004</AltitudeMeters>
     <DistanceMeters>71044.54036499192</DistanceMeters>
    </Trackpoint>
    <Trackpoint>
     <Time>2026-07-19T03:09:34+00:00</Time>
     <Position>
      <LatitudeDegrees>-33.6058000</LatitudeDegrees>
      <LongitudeDegrees>-70.9164200</LongitudeDegrees>
     </Position>
     <AltitudeMeters>369.54</AltitudeMeters>
     <DistanceMeters>71121.82283864125</DistanceMeters>
    </Trackpoint>
    <Trackpoint>
     <Time>2026-07-19T03:09:40+00:00</Time>
     <Position>
      <LatitudeDegrees>-33.6056200</LatitudeDegrees>
      <LongitudeDegrees>-70.9161000</LongitudeDegrees>
     </Position>
     <AltitudeMeters>369.58</AltitudeMeters>
     <DistanceMeters>71157.61636489732</DistanceMeters>
    </Trackpoint>
    <Trackpoint>
     <Time>2026-07-19T03:09:46+00:00</Time>
     <Position>
      <LatitudeDegrees>-33.6055900</LatitudeDegrees>
      <LongitudeDegrees>-70.9159700</LongitudeDegrees>
     </Position>
     <AltitudeMeters>369.52</AltitudeMeters>
     <DistanceMeters>71170.12066235593</DistanceMeters>
    </Trackpoint>
    <Trackpoint>
     <Time>2026-07-19T03:09:52+00:00</Time>
     <Position>
      <LatitudeDegrees>-33.6056200</LatitudeDegrees>
      <LongitudeDegrees>-70.9158000</LongitudeDegrees>
     </Position>
     <AltitudeMeters>369.11</AltitudeMeters>
     <DistanceMeters>71186.22857099873</DistanceMeters>
    </Trackpoint>
    <Trackpoint>
     <Time>2026-07-19T03:09:58+00:00</Time>
     <Position>
      <LatitudeDegrees>-33.6056800</LatitudeDegrees>
      <LongitudeDegrees>-70.9157100</LongitudeDegrees>
     </Position>
     <AltitudeMeters>368.82000000000005</AltitudeMeters>
     <DistanceMeters>71196.9145222238</DistanceMeters>
    </Trackpoint>
    <Trackpoint>
     <Time>2026-07-19T03:10:05+00:00</Time>
     <Position>
      <LatitudeDegrees>-33.6059700</LatitudeDegrees>
      <LongitudeDegrees>-70.9154700</LongitudeDegrees>
     </Position>
     <AltitudeMeters>367.70000000000005</AltitudeMeters>
     <DistanceMeters>71236.11447372334</DistanceMeters>
    </Trackpoint>
    <Trackpoint>
     <Time>2026-07-19T03:10:11+00:00</Time>
     <Position>
      <LatitudeDegrees>-33.6060400</LatitudeDegrees>
      <LongitudeDegrees>-70.9153400</LongitudeDegrees>
     </Position>
     <AltitudeMeters>367.50000000000006</AltitudeMeters>
     <DistanceMeters>71250.46379498328</DistanceMeters>
    </Trackpoint>
    <Trackpoint>
     <Time>2026-07-19T03:10:17+00:00</Time>
     <Position>
      <LatitudeDegrees>-33.6060600</LatitudeDegrees>
      <LongitudeDegrees>-70.9152000</LongitudeDegrees>
     </Position>
     <AltitudeMeters>367.42</AltitudeMeters>
     <DistanceMeters>71263.63047593138</DistanceMeters>
    </Trackpoint>
    <Trackpoint>
     <Time>2026-07-19T03:10:23+00:00</Time>
     <Position>
      <LatitudeDegrees>-33.6060400</LatitudeDegrees>
      <LongitudeDegrees>-70.9150700</LongitudeDegrees>
     </Position>
     <AltitudeMeters>367.38000000000005</AltitudeMeters>
     <DistanceMeters>71275.88456063371</DistanceMeters>
    </Trackpoint>
    <Trackpoint>
     <Time>2026-07-19T03:10:29+00:00</Time>
     <Position>
      <LatitudeDegrees>-33.6059700</LatitudeDegrees>
      <LongitudeDegrees>-70.9148900</LongitudeDegrees>
     </Position>
     <AltitudeMeters>367.41</AltitudeMeters>
     <DistanceMeters>71294.298740044</DistanceMeters>
    </Trackpoint>
    <Trackpoint>
     <Time>2026-07-19T03:10:36+00:00</Time>
     <Position>
      <LatitudeDegrees>-33.6055600</LatitudeDegrees>
      <LongitudeDegrees>-70.9142050</LongitudeDegrees>
     </Position>
     <AltitudeMeters>368.18</AltitudeMeters>
     <DistanceMeters>71372.49031559109</DistanceMeters>
    </Trackpoint>
    <Trackpoint>
     <Time>2026-07-19T03:10:42+00:00</Time>
     <Position>
      <LatitudeDegrees>-33.6051500</LatitudeDegrees>
      <LongitudeDegrees>-70.9135200</LongitudeDegrees>
     </Position>
     <AltitudeMeters>368.42</AltitudeMeters>
     <DistanceMeters>71450.68188662088</DistanceMeters>
    </Trackpoint>
    <Trackpoint>
     <Time>2026-07-19T03:10:48+00:00</Time>
     <Position>
      <LatitudeDegrees>-33.6049900</LatitudeDegrees>
      <LongitudeDegrees>-70.9132800</LongitudeDegrees>
     </Position>
     <AltitudeMeters>368.52</AltitudeMeters>
     <DistanceMeters>71479.17787339006</DistanceMeters>
    </Trackpoint>
    <Trackpoint>
     <Time>2026-07-19T03:10:54+00:00</Time>
     <Position>
      <LatitudeDegrees>-33.6045100</LatitudeDegrees>
      <LongitudeDegrees>-70.9124500</LongitudeDegrees>
     </Position>
     <AltitudeMeters>369.19</AltitudeMeters>
     <DistanceMeters>71572.84359231647</DistanceMeters>
    </Trackpoint>
    <Trackpoint>
     <Time>2026-07-19T03:11:00+00:00</Time>
     <Position>
      <LatitudeDegrees>-33.6040300</LatitudeDegrees>
      <LongitudeDegrees>-70.9116200</LongitudeDegrees>
     </Position>
     <AltitudeMeters>369.37</AltitudeMeters>
     <DistanceMeters>71666.5093318473</DistanceMeters>
    </Trackpoint>
    <Trackpoint>
     <Time>2026-07-19T03:11:07+00:00</Time>
     <Position>
      <LatitudeDegrees>-33.6039200</LatitudeDegrees>
      <LongitudeDegrees>-70.9112900</LongitudeDegrees>
     </Position>
     <AltitudeMeters>369.47</AltitudeMeters>
     <DistanceMeters>71699.45797717883</DistanceMeters>
    </Trackpoint>
    <Trackpoint>
     <Time>2026-07-19T03:11:13+00:00</Time>
     <Position>
      <LatitudeDegrees>-33.6039400</LatitudeDegrees>
      <LongitudeDegrees>-70.9111300</LongitudeDegrees>
     </Position>
     <AltitudeMeters>369.95000000000005</AltitudeMeters>
     <DistanceMeters>71714.45549047476</DistanceMeters>
    </Trackpoint>
    <Trackpoint>
     <Time>2026-07-19T03:11:19+00:00</Time>
     <Position>
      <LatitudeDegrees>-33.6040000</LatitudeDegrees>
      <LongitudeDegrees>-70.9109500</LongitudeDegrees>
     </Position>
     <AltitudeMeters>370.66</AltitudeMeters>
     <DistanceMeters>71732.42747973607</DistanceMeters>
    </Trackpoint>
    <Trackpoint>
     <Time>2026-07-19T03:11:25+00:00</Time>
     <Position>
      <LatitudeDegrees>-33.6042700</LatitudeDegrees>
      <LongitudeDegrees>-70.9106500</LongitudeDegrees>
     </Position>
     <AltitudeMeters>371.36</AltitudeMeters>
     <DistanceMeters>71773.37040773987</DistanceMeters>
    </Trackpoint>
    <Trackpoint>
     <Time>2026-07-19T03:11:31+00:00</Time>
     <Position>
      <LatitudeDegrees>-33.6049600</LatitudeDegrees>
      <LongitudeDegrees>-70.9101200</LongitudeDegrees>
     </Position>
     <AltitudeMeters>371.83000000000004</AltitudeMeters>
     <DistanceMeters>71864.53458526982</DistanceMeters>
    </Trackpoint>
    <Trackpoint>
     <Time>2026-07-19T03:11:38+00:00</Time>
     <Position>
      <LatitudeDegrees>-33.6056500</LatitudeDegrees>
      <LongitudeDegrees>-70.9095900</LongitudeDegrees>
     </Position>
     <AltitudeMeters>371.94000000000005</AltitudeMeters>
     <DistanceMeters>71955.6987628016</DistanceMeters>
    </Trackpoint>
    <Trackpoint>
     <Time>2026-07-19T03:11:44+00:00</Time>
     <Position>
      <LatitudeDegrees>-33.6063400</LatitudeDegrees>
      <LongitudeDegrees>-70.9090600</LongitudeDegrees>
     </Position>
     <AltitudeMeters>372.11000000000007</AltitudeMeters>
     <DistanceMeters>72046.86294207517</DistanceMeters>
    </Trackpoint>
    <Trackpoint>
     <Time>2026-07-19T03:11:50+00:00</Time>
     <Position>
      <LatitudeDegrees>-33.6064400</LatitudeDegrees>
      <LongitudeDegrees>-70.9090200</LongitudeDegrees>
     </Position>
     <AltitudeMeters>372.09000000000003</AltitudeMeters>
     <DistanceMeters>72058.59386990413</DistanceMeters>
    </Trackpoint>
    <Trackpoint>
     <Time>2026-07-19T03:11:56+00:00</Time>
     <Position>
      <LatitudeDegrees>-33.6065800</LatitudeDegrees>
      <LongitudeDegrees>-70.9089800</LongitudeDegrees>
     </Position>
     <AltitudeMeters>372.09000000000003</AltitudeMeters>
     <DistanceMeters>72074.61033708019</DistanceMeters>
    </Trackpoint>
    <Trackpoint>
     <Time>2026-07-19T03:12:02+00:00</Time>
     <Position>
      <LatitudeDegrees>-33.6073000</LatitudeDegrees>
      <LongitudeDegrees>-70.9091100</LongitudeDegrees>
     </Position>
     <AltitudeMeters>371.85</AltitudeMeters>
     <DistanceMeters>72155.64418700614</DistanceMeters>
    </Trackpoint>
    <Trackpoint>
     <Time>2026-07-19T03:12:09+00:00</Time>
     <Position>
      <LatitudeDegrees>-33.6075400</LatitudeDegrees>
      <LongitudeDegrees>-70.9091200</LongitudeDegrees>
     </Position>
     <AltitudeMeters>371.76000000000005</AltitudeMeters>
     <DistanceMeters>72182.37122834873</DistanceMeters>
    </Trackpoint>
    <Trackpoint>
     <Time>2026-07-19T03:12:15+00:00</Time>
     <Position>
      <LatitudeDegrees>-33.6078100</LatitudeDegrees>
      <LongitudeDegrees>-70.9090700</LongitudeDegrees>
     </Position>
     <AltitudeMeters>371.75</AltitudeMeters>
     <DistanceMeters>72212.77636178465</DistanceMeters>
    </Trackpoint>
    <Trackpoint>
     <Time>2026-07-19T03:12:21+00:00</Time>
     <Position>
      <LatitudeDegrees>-33.6082100</LatitudeDegrees>
      <LongitudeDegrees>-70.9089400</LongitudeDegrees>
     </Position>
     <AltitudeMeters>371.91</AltitudeMeters>
     <DistanceMeters>72258.89661569014</DistanceMeters>
    </Trackpoint>
    <Trackpoint>
     <Time>2026-07-19T03:12:27+00:00</Time>
     <Position>
      <LatitudeDegrees>-33.6084600</LatitudeDegrees>
      <LongitudeDegrees>-70.9088100</LongitudeDegrees>
     </Position>
     <AltitudeMeters>371.91</AltitudeMeters>
     <DistanceMeters>72289.21774231816</DistanceMeters>
    </Trackpoint>
    <Trackpoint>
     <Time>2026-07-19T03:12:33+00:00</Time>
     <Position>
      <LatitudeDegrees>-33.6086800</LatitudeDegrees>
      <LongitudeDegrees>-70.9086500</LongitudeDegrees>
     </Position>
     <AltitudeMeters>372.01</AltitudeMeters>
     <DistanceMeters>72317.84403593354</DistanceMeters>
    </Trackpoint>
    <Trackpoint>
     <Time>2026-07-19T03:12:40+00:00</Time>
     <Position>
      <LatitudeDegrees>-33.6091400</LatitudeDegrees>
      <LongitudeDegrees>-70.9082750</LongitudeDegrees>
     </Position>
     <AltitudeMeters>372.05</AltitudeMeters>
     <DistanceMeters>72379.72474970743</DistanceMeters>
    </Trackpoint>
    <Trackpoint>
     <Time>2026-07-19T03:12:46+00:00</Time>
     <Position>
      <LatitudeDegrees>-33.6096000</LatitudeDegrees>
      <LongitudeDegrees>-70.9079000</LongitudeDegrees>
     </Position>
     <AltitudeMeters>372.29</AltitudeMeters>
     <DistanceMeters>72441.60543362498</DistanceMeters>
    </Trackpoint>
    <Trackpoint>
     <Time>2026-07-19T03:12:52+00:00</Time>
     <Position>
      <LatitudeDegrees>-33.6101800</LatitudeDegrees>
      <LongitudeDegrees>-70.9074500</LongitudeDegrees>
     </Position>
     <AltitudeMeters>373.04</AltitudeMeters>
     <DistanceMeters>72518.46021582959</DistanceMeters>
    </Trackpoint>
    <Trackpoint>
     <Time>2026-07-19T03:12:58+00:00</Time>
     <Position>
      <LatitudeDegrees>-33.6103400</LatitudeDegrees>
      <LongitudeDegrees>-70.9072300</LongitudeDegrees>
     </Position>
     <AltitudeMeters>373.55000000000007</AltitudeMeters>
     <DistanceMeters>72545.53273526975</DistanceMeters>
    </Trackpoint>
    <Trackpoint>
     <Time>2026-07-19T03:13:04+00:00</Time>
     <Position>
      <LatitudeDegrees>-33.6103800</LatitudeDegrees>
      <LongitudeDegrees>-70.9070100</LongitudeDegrees>
     </Position>
     <AltitudeMeters>373.55000000000007</AltitudeMeters>
     <DistanceMeters>72566.40469890162</DistanceMeters>
    </Trackpoint>
    <Trackpoint>
     <Time>2026-07-19T03:13:10+00:00</Time>
     <Position>
      <LatitudeDegrees>-33.6104150</LatitudeDegrees>
      <LongitudeDegrees>-70.9064100</LongitudeDegrees>
     </Position>
     <AltitudeMeters>373.6700000000001</AltitudeMeters>
     <DistanceMeters>72622.15454514188</DistanceMeters>
    </Trackpoint>
    <Trackpoint>
     <Time>2026-07-19T03:13:17+00:00</Time>
     <Position>
      <LatitudeDegrees>-33.6104500</LatitudeDegrees>
      <LongitudeDegrees>-70.9058100</LongitudeDegrees>
     </Position>
     <AltitudeMeters>373.45</AltitudeMeters>
     <DistanceMeters>72677.90441327974</DistanceMeters>
    </Trackpoint>
    <Trackpoint>
     <Time>2026-07-19T03:13:23+00:00</Time>
     <Position>
      <LatitudeDegrees>-33.6105000</LatitudeDegrees>
      <LongitudeDegrees>-70.9055300</LongitudeDegrees>
     </Position>
     <AltitudeMeters>373.34</AltitudeMeters>
     <DistanceMeters>72704.44730038513</DistanceMeters>
    </Trackpoint>
    <Trackpoint>
     <Time>2026-07-19T03:13:29+00:00</Time>
     <Position>
      <LatitudeDegrees>-33.6106000</LatitudeDegrees>
      <LongitudeDegrees>-70.9051700</LongitudeDegrees>
     </Position>
     <AltitudeMeters>373.34</AltitudeMeters>
     <DistanceMeters>72739.62254758454</DistanceMeters>
    </Trackpoint>
    <Trackpoint>
     <Time>2026-07-19T03:13:35+00:00</Time>
     <Position>
      <LatitudeDegrees>-33.6107300</LatitudeDegrees>
      <LongitudeDegrees>-70.9048400</LongitudeDegrees>
     </Position>
     <AltitudeMeters>373.24</AltitudeMeters>
     <DistanceMeters>72773.45927782556</DistanceMeters>
    </Trackpoint>
    <Trackpoint>
     <Time>2026-07-19T03:13:41+00:00</Time>
     <Position>
      <LatitudeDegrees>-33.6101467</LatitudeDegrees>
      <LongitudeDegrees>-70.9045133</LongitudeDegrees>
     </Position>
     <AltitudeMeters>373.05000000000007</AltitudeMeters>
     <DistanceMeters>72845.095367122</DistanceMeters>
    </Trackpoint>
    <Trackpoint>
     <Time>2026-07-19T03:13:48+00:00</Time>
     <Position>
      <LatitudeDegrees>-33.6095633</LatitudeDegrees>
      <LongitudeDegrees>-70.9041867</LongitudeDegrees>
     </Position>
     <AltitudeMeters>373.29</AltitudeMeters>
     <DistanceMeters>72916.73145641852</DistanceMeters>
    </Trackpoint>
    <Trackpoint>
     <Time>2026-07-19T03:13:54+00:00</Time>
     <Position>
      <LatitudeDegrees>-33.6089800</LatitudeDegrees>
      <LongitudeDegrees>-70.9038600</LongitudeDegrees>
     </Position>
     <AltitudeMeters>373.44000000000005</AltitudeMeters>
     <DistanceMeters>72988.36753714009</DistanceMeters>
    </Trackpoint>
    <Trackpoint>
     <Time>2026-07-19T03:14:00+00:00</Time>
     <Position>
      <LatitudeDegrees>-33.6092150</LatitudeDegrees>
      <LongitudeDegrees>-70.9031950</LongitudeDegrees>
     </Position>
     <AltitudeMeters>374.13</AltitudeMeters>
     <DistanceMeters>73055.32615479422</DistanceMeters>
    </Trackpoint>
    <Trackpoint>
     <Time>2026-07-19T03:14:06+00:00</Time>
     <Position>
      <LatitudeDegrees>-33.6094500</LatitudeDegrees>
      <LongitudeDegrees>-70.9025300</LongitudeDegrees>
     </Position>
     <AltitudeMeters>374.19</AltitudeMeters>
     <DistanceMeters>73122.28477166325</DistanceMeters>
    </Trackpoint>
    <Trackpoint>
     <Time>2026-07-19T03:14:12+00:00</Time>
     <Position>
      <LatitudeDegrees>-33.6096400</LatitudeDegrees>
      <LongitudeDegrees>-70.9020300</LongitudeDegrees>
     </Position>
     <AltitudeMeters>374.54</AltitudeMeters>
     <DistanceMeters>73173.22616908244</DistanceMeters>
    </Trackpoint>
    <Trackpoint>
     <Time>2026-07-19T03:14:19+00:00</Time>
     <Position>
      <LatitudeDegrees>-33.6098300</LatitudeDegrees>
      <LongitudeDegrees>-70.9015300</LongitudeDegrees>
     </Position>
     <AltitudeMeters>375.67</AltitudeMeters>
     <DistanceMeters>73224.16760371944</DistanceMeters>
    </Trackpoint>
    <Trackpoint>
     <Time>2026-07-19T03:14:25+00:00</Time>
     <Position>
      <LatitudeDegrees>-33.6096900</LatitudeDegrees>
      <LongitudeDegrees>-70.9014500</LongitudeDegrees>
     </Position>
     <AltitudeMeters>375.73</AltitudeMeters>
     <DistanceMeters>73241.42347563204</DistanceMeters>
    </Trackpoint>
    <Trackpoint>
     <Time>2026-07-19T03:14:31+00:00</Time>
     <Position>
      <LatitudeDegrees>-33.6093500</LatitudeDegrees>
      <LongitudeDegrees>-70.9010300</LongitudeDegrees>
     </Position>
     <AltitudeMeters>376.05000000000007</AltitudeMeters>
     <DistanceMeters>73295.71385180685</DistanceMeters>
    </Trackpoint>
    <Trackpoint>
     <Time>2026-07-19T03:14:37+00:00</Time>
     <Position>
      <LatitudeDegrees>-33.6089350</LatitudeDegrees>
      <LongitudeDegrees>-70.9005150</LongitudeDegrees>
     </Position>
     <AltitudeMeters>376.33000000000004</AltitudeMeters>
     <DistanceMeters>73362.13682867082</DistanceMeters>
    </Trackpoint>
    <Trackpoint>
     <Time>2026-07-19T03:14:43+00:00</Time>
     <Position>
      <LatitudeDegrees>-33.6085200</LatitudeDegrees>
      <LongitudeDegrees>-70.9000000</LongitudeDegrees>
     </Position>
     <AltitudeMeters>376.74</AltitudeMeters>
     <DistanceMeters>73428.55983211237</DistanceMeters>
    </Trackpoint>
    <Trackpoint>
     <Time>2026-07-19T03:14:50+00:00</Time>
     <Position>
      <LatitudeDegrees>-33.6080950</LatitudeDegrees>
      <LongitudeDegrees>-70.8994600</LongitudeDegrees>
     </Position>
     <AltitudeMeters>377.1</AltitudeMeters>
     <DistanceMeters>73497.42721659318</DistanceMeters>
    </Trackpoint>
    <Trackpoint>
     <Time>2026-07-19T03:14:56+00:00</Time>
     <Position>
      <LatitudeDegrees>-33.6076700</LatitudeDegrees>
      <LongitudeDegrees>-70.8989200</LongitudeDegrees>
     </Position>
     <AltitudeMeters>377.68</AltitudeMeters>
     <DistanceMeters>73566.29457185863</DistanceMeters>
    </Trackpoint>
    <Trackpoint>
     <Time>2026-07-19T03:15:02+00:00</Time>
     <Position>
      <LatitudeDegrees>-33.6074700</LatitudeDegrees>
      <LongitudeDegrees>-70.8986400</LongitudeDegrees>
     </Position>
     <AltitudeMeters>377.93000000000006</AltitudeMeters>
     <DistanceMeters>73600.48627497526</DistanceMeters>
    </Trackpoint>
    <Trackpoint>
     <Time>2026-07-19T03:15:08+00:00</Time>
     <Position>
      <LatitudeDegrees>-33.6072200</LatitudeDegrees>
      <LongitudeDegrees>-70.8981700</LongitudeDegrees>
     </Position>
     <AltitudeMeters>378.43000000000006</AltitudeMeters>
     <DistanceMeters>73652.17889365686</DistanceMeters>
    </Trackpoint>
    <Trackpoint>
     <Time>2026-07-19T03:15:14+00:00</Time>
     <Position>
      <LatitudeDegrees>-33.6070800</LatitudeDegrees>
      <LongitudeDegrees>-70.8977600</LongitudeDegrees>
     </Position>
     <AltitudeMeters>378.90000000000003</AltitudeMeters>
     <DistanceMeters>73693.2530833492</DistanceMeters>
    </Trackpoint>
    <Trackpoint>
     <Time>2026-07-19T03:15:21+00:00</Time>
     <Position>
      <LatitudeDegrees>-33.6069750</LatitudeDegrees>
      <LongitudeDegrees>-70.8972300</LongitudeDegrees>
     </Position>
     <AltitudeMeters>379.36</AltitudeMeters>
     <DistanceMeters>73743.75114792441</DistanceMeters>
    </Trackpoint>
    <Trackpoint>
     <Time>2026-07-19T03:15:27+00:00</Time>
     <Position>
      <LatitudeDegrees>-33.6068700</LatitudeDegrees>
      <LongitudeDegrees>-70.8967000</LongitudeDegrees>
     </Position>
     <AltitudeMeters>379.96000000000004</AltitudeMeters>
     <DistanceMeters>73794.2492461601</DistanceMeters>
    </Trackpoint>
    <Trackpoint>
     <Time>2026-07-19T03:15:33+00:00</Time>
     <Position>
      <LatitudeDegrees>-33.6068000</LatitudeDegrees>
      <LongitudeDegrees>-70.8965900</LongitudeDegrees>
     </Position>
     <AltitudeMeters>380.16</AltitudeMeters>
     <DistanceMeters>73807.08117879806</DistanceMeters>
    </Trackpoint>
    <Trackpoint>
     <Time>2026-07-19T03:15:39+00:00</Time>
     <Position>
      <LatitudeDegrees>-33.6067000</LatitudeDegrees>
      <LongitudeDegrees>-70.8965100</LongitudeDegrees>
     </Position>
     <AltitudeMeters>380.16</AltitudeMeters>
     <DistanceMeters>73820.45489794611</DistanceMeters>
    </Trackpoint>
    <Trackpoint>
     <Time>2026-07-19T03:15:45+00:00</Time>
     <Position>
      <LatitudeDegrees>-33.6059600</LatitudeDegrees>
      <LongitudeDegrees>-70.8961100</LongitudeDegrees>
     </Position>
     <AltitudeMeters>380.25</AltitudeMeters>
     <DistanceMeters>73910.77495563804</DistanceMeters>
    </Trackpoint>
    <Trackpoint>
     <Time>2026-07-19T03:15:52+00:00</Time>
     <Position>
      <LatitudeDegrees>-33.6053650</LatitudeDegrees>
      <LongitudeDegrees>-70.8958400</LongitudeDegrees>
     </Position>
     <AltitudeMeters>380.43000000000006</AltitudeMeters>
     <DistanceMeters>73981.56755942765</DistanceMeters>
    </Trackpoint>
    <Trackpoint>
     <Time>2026-07-19T03:15:58+00:00</Time>
     <Position>
      <LatitudeDegrees>-33.6047700</LatitudeDegrees>
      <LongitudeDegrees>-70.8955700</LongitudeDegrees>
     </Position>
     <AltitudeMeters>380.48</AltitudeMeters>
     <DistanceMeters>74052.36014696275</DistanceMeters>
    </Trackpoint>
    <Trackpoint>
     <Time>2026-07-19T03:16:04+00:00</Time>
     <Position>
      <LatitudeDegrees>-33.6044700</LatitudeDegrees>
      <LongitudeDegrees>-70.8954500</LongitudeDegrees>
     </Position>
     <AltitudeMeters>380.48</AltitudeMeters>
     <DistanceMeters>74087.55300262543</DistanceMeters>
    </Trackpoint>
    <Trackpoint>
     <Time>2026-07-19T03:16:10+00:00</Time>
     <Position>
      <LatitudeDegrees>-33.6040900</LatitudeDegrees>
      <LongitudeDegrees>-70.8953300</LongitudeDegrees>
     </Position>
     <AltitudeMeters>380.51</AltitudeMeters>
     <DistanceMeters>74131.28372504235</DistanceMeters>
    </Trackpoint>
    <Trackpoint>
     <Time>2026-07-19T03:16:16+00:00</Time>
     <Position>
      <LatitudeDegrees>-33.6033900</LatitudeDegrees>
      <LongitudeDegrees>-70.8951633</LongitudeDegrees>
     </Position>
     <AltitudeMeters>380.40000000000003</AltitudeMeters>
     <DistanceMeters>74210.7078052913</DistanceMeters>
    </Trackpoint>
    <Trackpoint>
     <Time>2026-07-19T03:16:23+00:00</Time>
     <Position>
      <LatitudeDegrees>-33.6026900</LatitudeDegrees>
      <LongitudeDegrees>-70.8949967</LongitudeDegrees>
     </Position>
     <AltitudeMeters>380.37000000000006</AltitudeMeters>
     <DistanceMeters>74290.13188553836</DistanceMeters>
    </Trackpoint>
    <Trackpoint>
     <Time>2026-07-19T03:16:29+00:00</Time>
     <Position>
      <LatitudeDegrees>-33.6019900</LatitudeDegrees>
      <LongitudeDegrees>-70.8948300</LongitudeDegrees>
     </Position>
     <AltitudeMeters>380.68</AltitudeMeters>
     <DistanceMeters>74369.55598000054</DistanceMeters>
    </Trackpoint>
    <Trackpoint>
     <Time>2026-07-19T03:16:35+00:00</Time>
     <Position>
      <LatitudeDegrees>-33.6014500</LatitudeDegrees>
      <LongitudeDegrees>-70.8946500</LongitudeDegrees>
     </Position>
     <AltitudeMeters>380.93000000000006</AltitudeMeters>
     <DistanceMeters>74431.92892819796</DistanceMeters>
    </Trackpoint>
    <Trackpoint>
     <Time>2026-07-19T03:16:41+00:00</Time>
     <Position>
      <LatitudeDegrees>-33.6007450</LatitudeDegrees>
      <LongitudeDegrees>-70.8942750</LongitudeDegrees>
     </Position>
     <AltitudeMeters>381.07</AltitudeMeters>
     <DistanceMeters>74517.74814584323</DistanceMeters>
    </Trackpoint>
    <Trackpoint>
     <Time>2026-07-19T03:16:47+00:00</Time>
     <Position>
      <LatitudeDegrees>-33.6000400</LatitudeDegrees>
      <LongitudeDegrees>-70.8939000</LongitudeDegrees>
     </Position>
     <AltitudeMeters>381.07</AltitudeMeters>
     <DistanceMeters>74603.56736328968</DistanceMeters>
    </Trackpoint>
    <Trackpoint>
     <Time>2026-07-19T03:16:54+00:00</Time>
     <Position>
      <LatitudeDegrees>-33.5999800</LatitudeDegrees>
      <LongitudeDegrees>-70.8940400</LongitudeDegrees>
     </Position>
     <AltitudeMeters>380.72</AltitudeMeters>
     <DistanceMeters>74618.16265747193</DistanceMeters>
    </Trackpoint>
    <Trackpoint>
     <Time>2026-07-19T03:17:00+00:00</Time>
     <Position>
      <LatitudeDegrees>-33.5999300</LatitudeDegrees>
      <LongitudeDegrees>-70.8941100</LongitudeDegrees>
     </Position>
     <AltitudeMeters>380.72</AltitudeMeters>
     <DistanceMeters>74626.71101825094</DistanceMeters>
    </Trackpoint>
    <Trackpoint>
     <Time>2026-07-19T03:17:06+00:00</Time>
     <Position>
      <LatitudeDegrees>-33.5998600</LatitudeDegrees>
      <LongitudeDegrees>-70.8941300</LongitudeDegrees>
     </Position>
     <AltitudeMeters>380.72</AltitudeMeters>
     <DistanceMeters>74634.71928476497</DistanceMeters>
    </Trackpoint>
    <Trackpoint>
     <Time>2026-07-19T03:17:12+00:00</Time>
     <Position>
      <LatitudeDegrees>-33.5998000</LatitudeDegrees>
      <LongitudeDegrees>-70.8941200</LongitudeDegrees>
     </Position>
     <AltitudeMeters>379.68</AltitudeMeters>
     <DistanceMeters>74641.4610622795</DistanceMeters>
    </Trackpoint>
    <Trackpoint>
     <Time>2026-07-19T03:17:18+00:00</Time>
     <Position>
      <LatitudeDegrees>-33.5990900</LatitudeDegrees>
      <LongitudeDegrees>-70.8938550</LongitudeDegrees>
     </Position>
     <AltitudeMeters>378.47</AltitudeMeters>
     <DistanceMeters>74724.21148336933</DistanceMeters>
    </Trackpoint>
    <Trackpoint>
     <Time>2026-07-19T03:17:25+00:00</Time>
     <Position>
      <LatitudeDegrees>-33.5983800</LatitudeDegrees>
      <LongitudeDegrees>-70.8935900</LongitudeDegrees>
     </Position>
     <AltitudeMeters>378.41</AltitudeMeters>
     <DistanceMeters>74806.961916826</DistanceMeters>
    </Trackpoint>
    <Trackpoint>
     <Time>2026-07-19T03:17:31+00:00</Time>
     <Position>
      <LatitudeDegrees>-33.5979700</LatitudeDegrees>
      <LongitudeDegrees>-70.8935500</LongitudeDegrees>
     </Position>
     <AltitudeMeters>378.21000000000004</AltitudeMeters>
     <DistanceMeters>74852.74356189974</DistanceMeters>
    </Trackpoint>
    <Trackpoint>
     <Time>2026-07-19T03:17:37+00:00</Time>
     <Position>
      <LatitudeDegrees>-33.5976300</LatitudeDegrees>
      <LongitudeDegrees>-70.8936800</LongitudeDegrees>
     </Position>
     <AltitudeMeters>378.09000000000003</AltitudeMeters>
     <DistanceMeters>74892.45680245532</DistanceMeters>
    </Trackpoint>
    <Trackpoint>
     <Time>2026-07-19T03:17:43+00:00</Time>
     <Position>
      <LatitudeDegrees>-33.5974900</LatitudeDegrees>
      <LongitudeDegrees>-70.8938400</LongitudeDegrees>
     </Position>
     <AltitudeMeters>378.08000000000004</AltitudeMeters>
     <DistanceMeters>74913.96919627361</DistanceMeters>
    </Trackpoint>
    <Trackpoint>
     <Time>2026-07-19T03:17:49+00:00</Time>
     <Position>
      <LatitudeDegrees>-33.5973200</LatitudeDegrees>
      <LongitudeDegrees>-70.8939600</LongitudeDegrees>
     </Position>
     <AltitudeMeters>378.15000000000003</AltitudeMeters>
     <DistanceMeters>74935.91751510097</DistanceMeters>
    </Trackpoint>
    <Trackpoint>
     <Time>2026-07-19T03:17:56+00:00</Time>
     <Position>
      <LatitudeDegrees>-33.5966533</LatitudeDegrees>
      <LongitudeDegrees>-70.8942233</LongitudeDegrees>
     </Position>
     <AltitudeMeters>378.18</AltitudeMeters>
     <DistanceMeters>75014.02747889924</DistanceMeters>
    </Trackpoint>
    <Trackpoint>
     <Time>2026-07-19T03:18:02+00:00</Time>
     <Position>
      <LatitudeDegrees>-33.5959867</LatitudeDegrees>
      <LongitudeDegrees>-70.8944867</LongitudeDegrees>
     </Position>
     <AltitudeMeters>378.50000000000006</AltitudeMeters>
     <DistanceMeters>75092.13744269713</DistanceMeters>
    </Trackpoint>
    <Trackpoint>
     <Time>2026-07-19T03:18:08+00:00</Time>
     <Position>
      <LatitudeDegrees>-33.5953200</LatitudeDegrees>
      <LongitudeDegrees>-70.8947500</LongitudeDegrees>
     </Position>
     <AltitudeMeters>378.99000000000007</AltitudeMeters>
     <DistanceMeters>75170.24742142529</DistanceMeters>
    </Trackpoint>
    <Trackpoint>
     <Time>2026-07-19T03:18:14+00:00</Time>
     <Position>
      <LatitudeDegrees>-33.5952700</LatitudeDegrees>
      <LongitudeDegrees>-70.8947400</LongitudeDegrees>
     </Position>
     <AltitudeMeters>378.96000000000004</AltitudeMeters>
     <DistanceMeters>75175.88889759296</DistanceMeters>
    </Trackpoint>
    <Trackpoint>
     <Time>2026-07-19T03:18:20+00:00</Time>
     <Position>
      <LatitudeDegrees>-33.5952300</LatitudeDegrees>
      <LongitudeDegrees>-70.8946600</LongitudeDegrees>
     </Position>
     <AltitudeMeters>378.96000000000004</AltitudeMeters>
     <DistanceMeters>75184.53889845536</DistanceMeters>
    </Trackpoint>
    <Trackpoint>
     <Time>2026-07-19T03:18:26+00:00</Time>
     <Position>
      <LatitudeDegrees>-33.5950100</LatitudeDegrees>
      <LongitudeDegrees>-70.8939300</LongitudeDegrees>
     </Position>
     <AltitudeMeters>378.68</AltitudeMeters>
     <DistanceMeters>75256.50731548712</DistanceMeters>
    </Trackpoint>
    <Trackpoint>
     <Time>2026-07-19T03:18:33+00:00</Time>
     <Position>
      <LatitudeDegrees>-33.5949400</LatitudeDegrees>
      <LongitudeDegrees>-70.8937600</LongitudeDegrees>
     </Position>
     <AltitudeMeters>378.71000000000004</AltitudeMeters>
     <DistanceMeters>75274.08778361462</DistanceMeters>
    </Trackpoint>
    <Trackpoint>
     <Time>2026-07-19T03:18:39+00:00</Time>
     <Position>
      <LatitudeDegrees>-33.5947400</LatitudeDegrees>
      <LongitudeDegrees>-70.8934000</LongitudeDegrees>
     </Position>
     <AltitudeMeters>378.72</AltitudeMeters>
     <DistanceMeters>75314.20393561226</DistanceMeters>
    </Trackpoint>
    <Trackpoint>
     <Time>2026-07-19T03:18:45+00:00</Time>
     <Position>
      <LatitudeDegrees>-33.5942020</LatitudeDegrees>
      <LongitudeDegrees>-70.8927040</LongitudeDegrees>
     </Position>
     <AltitudeMeters>378.98</AltitudeMeters>
     <DistanceMeters>75402.23050715198</DistanceMeters>
    </Trackpoint>
    <Trackpoint>
     <Time>2026-07-19T03:18:51+00:00</Time>
     <Position>
      <LatitudeDegrees>-33.5936640</LatitudeDegrees>
      <LongitudeDegrees>-70.8920080</LongitudeDegrees>
     </Position>
     <AltitudeMeters>379.24</AltitudeMeters>
     <DistanceMeters>75490.2570786942</DistanceMeters>
    </Trackpoint>
    <Trackpoint>
     <Time>2026-07-19T03:18:57+00:00</Time>
     <Position>
      <LatitudeDegrees>-33.5931260</LatitudeDegrees>
      <LongitudeDegrees>-70.8913120</LongitudeDegrees>
     </Position>
     <AltitudeMeters>379.83000000000004</AltitudeMeters>
     <DistanceMeters>75578.28365023418</DistanceMeters>
    </Trackpoint>
    <Trackpoint>
     <Time>2026-07-19T03:19:04+00:00</Time>
     <Position>
      <LatitudeDegrees>-33.5925880</LatitudeDegrees>
      <LongitudeDegrees>-70.8906160</LongitudeDegrees>
     </Position>
     <AltitudeMeters>380.48</AltitudeMeters>
     <DistanceMeters>75666.31022177394</DistanceMeters>
    </Trackpoint>
    <Trackpoint>
     <Time>2026-07-19T03:19:10+00:00</Time>
     <Position>
      <LatitudeDegrees>-33.5920500</LatitudeDegrees>
      <LongitudeDegrees>-70.8899200</LongitudeDegrees>
     </Position>
     <AltitudeMeters>381.40000000000003</AltitudeMeters>
     <DistanceMeters>75754.33678657388</DistanceMeters>
    </Trackpoint>
    <Trackpoint>
     <Time>2026-07-19T03:19:16+00:00</Time>
     <Position>
      <LatitudeDegrees>-33.5915700</LatitudeDegrees>
      <LongitudeDegrees>-70.8892900</LongitudeDegrees>
     </Position>
     <AltitudeMeters>381.93000000000006</AltitudeMeters>
     <DistanceMeters>75833.49032874564</DistanceMeters>
    </Trackpoint>
    <Trackpoint>
     <Time>2026-07-19T03:19:22+00:00</Time>
     <Position>
      <LatitudeDegrees>-33.5910900</LatitudeDegrees>
      <LongitudeDegrees>-70.8886600</LongitudeDegrees>
     </Position>
     <AltitudeMeters>382.45</AltitudeMeters>
     <DistanceMeters>75912.6438953216</DistanceMeters>
    </Trackpoint>
    <Trackpoint>
     <Time>2026-07-19T03:19:28+00:00</Time>
     <Position>
      <LatitudeDegrees>-33.5905134</LatitudeDegrees>
      <LongitudeDegrees>-70.8878888</LongitudeDegrees>
     </Position>
     <AltitudeMeters>383.52000000000004</AltitudeMeters>
     <DistanceMeters>76008.71801421553</DistanceMeters>
    </Trackpoint>
    <Trackpoint>
     <Time>2026-07-19T03:19:35+00:00</Time>
     <Position>
      <LatitudeDegrees>-33.5899367</LatitudeDegrees>
      <LongitudeDegrees>-70.8871177</LongitudeDegrees>
     </Position>
     <AltitudeMeters>383.99000000000007</AltitudeMeters>
     <DistanceMeters>76104.79213310832</DistanceMeters>
    </Trackpoint>
    <Trackpoint>
     <Time>2026-07-19T03:19:41+00:00</Time>
     <Position>
      <LatitudeDegrees>-33.5893600</LatitudeDegrees>
      <LongitudeDegrees>-70.8863466</LongitudeDegrees>
     </Position>
     <AltitudeMeters>384.58000000000004</AltitudeMeters>
     <DistanceMeters>76200.86625200187</DistanceMeters>
    </Trackpoint>
    <Trackpoint>
     <Time>2026-07-19T03:19:47+00:00</Time>
     <Position>
      <LatitudeDegrees>-33.5887834</LatitudeDegrees>
      <LongitudeDegrees>-70.8855755</LongitudeDegrees>
     </Position>
     <AltitudeMeters>385.01</AltitudeMeters>
     <DistanceMeters>76296.94037089603</DistanceMeters>
    </Trackpoint>
    <Trackpoint>
     <Time>2026-07-19T03:19:53+00:00</Time>
     <Position>
      <LatitudeDegrees>-33.5882067</LatitudeDegrees>
      <LongitudeDegrees>-70.8848043</LongitudeDegrees>
     </Position>
     <AltitudeMeters>386.16</AltitudeMeters>
     <DistanceMeters>76393.01448978856</DistanceMeters>
    </Trackpoint>
    <Trackpoint>
     <Time>2026-07-19T03:19:59+00:00</Time>
     <Position>
      <LatitudeDegrees>-33.5876300</LatitudeDegrees>
      <LongitudeDegrees>-70.8840332</LongitudeDegrees>
     </Position>
     <AltitudeMeters>386.76000000000005</AltitudeMeters>
     <DistanceMeters>76489.08860868186</DistanceMeters>
    </Trackpoint>
    <Trackpoint>
     <Time>2026-07-19T03:20:06+00:00</Time>
     <Position>
      <LatitudeDegrees>-33.5870534</LatitudeDegrees>
      <LongitudeDegrees>-70.8832622</LongitudeDegrees>
     </Position>
     <AltitudeMeters>387.25000000000006</AltitudeMeters>
     <DistanceMeters>76585.16272757619</DistanceMeters>
    </Trackpoint>
    <Trackpoint>
     <Time>2026-07-19T03:20:12+00:00</Time>
     <Position>
      <LatitudeDegrees>-33.5864767</LatitudeDegrees>
      <LongitudeDegrees>-70.8824911</LongitudeDegrees>
     </Position>
     <AltitudeMeters>388.07</AltitudeMeters>
     <DistanceMeters>76681.23684647039</DistanceMeters>
    </Trackpoint>
    <Trackpoint>
     <Time>2026-07-19T03:20:18+00:00</Time>
     <Position>
      <LatitudeDegrees>-33.5859000</LatitudeDegrees>
      <LongitudeDegrees>-70.8817200</LongitudeDegrees>
     </Position>
     <AltitudeMeters>388.77</AltitudeMeters>
     <DistanceMeters>76777.31096362398</DistanceMeters>
    </Trackpoint>
    <Trackpoint>
     <Time>2026-07-19T03:20:24+00:00</Time>
     <Position>
      <LatitudeDegrees>-33.5857400</LatitudeDegrees>
      <LongitudeDegrees>-70.8815500</LongitudeDegrees>
     </Position>
     <AltitudeMeters>388.97</AltitudeMeters>
     <DistanceMeters>76801.09185631115</DistanceMeters>
    </Trackpoint>
    <Trackpoint>
     <Time>2026-07-19T03:20:30+00:00</Time>
     <Position>
      <LatitudeDegrees>-33.5855700</LatitudeDegrees>
      <LongitudeDegrees>-70.8814000</LongitudeDegrees>
     </Position>
     <AltitudeMeters>389.03000000000003</AltitudeMeters>
     <DistanceMeters>76824.57359440708</DistanceMeters>
    </Trackpoint>
    <Trackpoint>
     <Time>2026-07-19T03:20:37+00:00</Time>
     <Position>
      <LatitudeDegrees>-33.5852500</LatitudeDegrees>
      <LongitudeDegrees>-70.8809900</LongitudeDegrees>
     </Position>
     <AltitudeMeters>389.1</AltitudeMeters>
     <DistanceMeters>76876.6642696596</DistanceMeters>
    </Trackpoint>
    <Trackpoint>
     <Time>2026-07-19T03:20:43+00:00</Time>
     <Position>
      <LatitudeDegrees>-33.5848367</LatitudeDegrees>
      <LongitudeDegrees>-70.8803833</LongitudeDegrees>
     </Position>
     <AltitudeMeters>389.73</AltitudeMeters>
     <DistanceMeters>76949.32843282554</DistanceMeters>
    </Trackpoint>
    <Trackpoint>
     <Time>2026-07-19T03:20:49+00:00</Time>
     <Position>
      <LatitudeDegrees>-33.5844233</LatitudeDegrees>
      <LongitudeDegrees>-70.8797767</LongitudeDegrees>
     </Position>
     <AltitudeMeters>390.05</AltitudeMeters>
     <DistanceMeters>77021.99259599169</DistanceMeters>
    </Trackpoint>
    <Trackpoint>
     <Time>2026-07-19T03:20:55+00:00</Time>
     <Position>
      <LatitudeDegrees>-33.5840100</LatitudeDegrees>
      <LongitudeDegrees>-70.8791700</LongitudeDegrees>
     </Position>
     <AltitudeMeters>390.45</AltitudeMeters>
     <DistanceMeters>77094.6567496846</DistanceMeters>
    </Trackpoint>
    <Trackpoint>
     <Time>2026-07-19T03:21:01+00:00</Time>
     <Position>
      <LatitudeDegrees>-33.5835060</LatitudeDegrees>
      <LongitudeDegrees>-70.8784160</LongitudeDegrees>
     </Position>
     <AltitudeMeters>390.8</AltitudeMeters>
     <DistanceMeters>77184.28855739272</DistanceMeters>
    </Trackpoint>
    <Trackpoint>
     <Time>2026-07-19T03:21:08+00:00</Time>
     <Position>
      <LatitudeDegrees>-33.5830020</LatitudeDegrees>
      <LongitudeDegrees>-70.8776620</LongitudeDegrees>
     </Position>
     <AltitudeMeters>391.31000000000006</AltitudeMeters>
     <DistanceMeters>77273.92036510076</DistanceMeters>
    </Trackpoint>
    <Trackpoint>
     <Time>2026-07-19T03:21:14+00:00</Time>
     <Position>
      <LatitudeDegrees>-33.5824980</LatitudeDegrees>
      <LongitudeDegrees>-70.8769080</LongitudeDegrees>
     </Position>
     <AltitudeMeters>392.06</AltitudeMeters>
     <DistanceMeters>77363.55217280911</DistanceMeters>
    </Trackpoint>
    <Trackpoint>
     <Time>2026-07-19T03:21:20+00:00</Time>
     <Position>
      <LatitudeDegrees>-33.5819940</LatitudeDegrees>
      <LongitudeDegrees>-70.8761540</LongitudeDegrees>
     </Position>
     <AltitudeMeters>392.62</AltitudeMeters>
     <DistanceMeters>77453.18398051785</DistanceMeters>
    </Trackpoint>
    <Trackpoint>
     <Time>2026-07-19T03:21:26+00:00</Time>
     <Position>
      <LatitudeDegrees>-33.5814900</LatitudeDegrees>
      <LongitudeDegrees>-70.8754000</LongitudeDegrees>
     </Position>
     <AltitudeMeters>393.3</AltitudeMeters>
     <DistanceMeters>77542.81578094624</DistanceMeters>
    </Trackpoint>
    <Trackpoint>
     <Time>2026-07-19T03:21:32+00:00</Time>
     <Position>
      <LatitudeDegrees>-33.5810800</LatitudeDegrees>
      <LongitudeDegrees>-70.8748700</LongitudeDegrees>
     </Position>
     <AltitudeMeters>393.62</AltitudeMeters>
     <DistanceMeters>77609.87649696943</DistanceMeters>
    </Trackpoint>
    <Trackpoint>
     <Time>2026-07-19T03:21:39+00:00</Time>
     <Position>
      <LatitudeDegrees>-33.5805275</LatitudeDegrees>
      <LongitudeDegrees>-70.8742300</LongitudeDegrees>
     </Position>
     <AltitudeMeters>394.16</AltitudeMeters>
     <DistanceMeters>77695.33182353208</DistanceMeters>
    </Trackpoint>
    <Trackpoint>
     <Time>2026-07-19T03:21:45+00:00</Time>
     <Position>
      <LatitudeDegrees>-33.5799750</LatitudeDegrees>
      <LongitudeDegrees>-70.8735900</LongitudeDegrees>
     </Position>
     <AltitudeMeters>394.62</AltitudeMeters>
     <DistanceMeters>77780.78715009354</DistanceMeters>
    </Trackpoint>
    <Trackpoint>
     <Time>2026-07-19T03:21:51+00:00</Time>
     <Position>
      <LatitudeDegrees>-33.5794225</LatitudeDegrees>
      <LongitudeDegrees>-70.8729500</LongitudeDegrees>
     </Position>
     <AltitudeMeters>394.78000000000003</AltitudeMeters>
     <DistanceMeters>77866.24247665498</DistanceMeters>
    </Trackpoint>
    <Trackpoint>
     <Time>2026-07-19T03:21:57+00:00</Time>
     <Position>
      <LatitudeDegrees>-33.5788700</LatitudeDegrees>
      <LongitudeDegrees>-70.8723100</LongitudeDegrees>
     </Position>
     <AltitudeMeters>395.53000000000003</AltitudeMeters>
     <DistanceMeters>77951.69780469594</DistanceMeters>
    </Trackpoint>
    <Trackpoint>
     <Time>2026-07-19T03:22:03+00:00</Time>
     <Position>
      <LatitudeDegrees>-33.5782322</LatitudeDegrees>
      <LongitudeDegrees>-70.8715866</LongitudeDegrees>
     </Position>
     <AltitudeMeters>396.12</AltitudeMeters>
     <DistanceMeters>78049.35583252757</DistanceMeters>
    </Trackpoint>
    <Trackpoint>
     <Time>2026-07-19T03:22:10+00:00</Time>
     <Position>
      <LatitudeDegrees>-33.5775945</LatitudeDegrees>
      <LongitudeDegrees>-70.8708633</LongitudeDegrees>
     </Position>
     <AltitudeMeters>396.68</AltitudeMeters>
     <DistanceMeters>78147.01386035947</DistanceMeters>
    </Trackpoint>
    <Trackpoint>
     <Time>2026-07-19T03:22:16+00:00</Time>
     <Position>
      <LatitudeDegrees>-33.5769567</LatitudeDegrees>
      <LongitudeDegrees>-70.8701399</LongitudeDegrees>
     </Position>
     <AltitudeMeters>397.19000000000005</AltitudeMeters>
     <DistanceMeters>78244.6718881905</DistanceMeters>
    </Trackpoint>
    <Trackpoint>
     <Time>2026-07-19T03:22:22+00:00</Time>
     <Position>
      <LatitudeDegrees>-33.5763189</LatitudeDegrees>
      <LongitudeDegrees>-70.8694166</LongitudeDegrees>
     </Position>
     <AltitudeMeters>397.31000000000006</AltitudeMeters>
     <DistanceMeters>78342.32991602071</DistanceMeters>
    </Trackpoint>
    <Trackpoint>
     <Time>2026-07-19T03:22:28+00:00</Time>
     <Position>
      <LatitudeDegrees>-33.5756812</LatitudeDegrees>
      <LongitudeDegrees>-70.8686932</LongitudeDegrees>
     </Position>
     <AltitudeMeters>397.91</AltitudeMeters>
     <DistanceMeters>78439.98794385191</DistanceMeters>
    </Trackpoint>
    <Trackpoint>
     <Time>2026-07-19T03:22:34+00:00</Time>
     <Position>
      <LatitudeDegrees>-33.5750434</LatitudeDegrees>
      <LongitudeDegrees>-70.8679699</LongitudeDegrees>
     </Position>
     <AltitudeMeters>398.15000000000003</AltitudeMeters>
     <DistanceMeters>78537.6459716844</DistanceMeters>
    </Trackpoint>
    <Trackpoint>
     <Time>2026-07-19T03:22:41+00:00</Time>
     <Position>
      <LatitudeDegrees>-33.5744056</LatitudeDegrees>
      <LongitudeDegrees>-70.8672466</LongitudeDegrees>
     </Position>
     <AltitudeMeters>398.53000000000003</AltitudeMeters>
     <DistanceMeters>78635.30399951595</DistanceMeters>
    </Trackpoint>
    <Trackpoint>
     <Time>2026-07-19T03:22:47+00:00</Time>
     <Position>
      <LatitudeDegrees>-33.5737678</LatitudeDegrees>
      <LongitudeDegrees>-70.8665233</LongitudeDegrees>
     </Position>
     <AltitudeMeters>399.81000000000006</AltitudeMeters>
     <DistanceMeters>78732.96202734624</DistanceMeters>
    </Trackpoint>
    <Trackpoint>
     <Time>2026-07-19T03:22:53+00:00</Time>
     <Position>
      <LatitudeDegrees>-33.5731300</LatitudeDegrees>
      <LongitudeDegrees>-70.8658000</LongitudeDegrees>
     </Position>
     <AltitudeMeters>400.31000000000006</AltitudeMeters>
     <DistanceMeters>78830.62006360907</DistanceMeters>
    </Trackpoint>
    <Trackpoint>
     <Time>2026-07-19T03:22:59+00:00</Time>
     <Position>
      <LatitudeDegrees>-33.5725190</LatitudeDegrees>
      <LongitudeDegrees>-70.8651040</LongitudeDegrees>
     </Position>
     <AltitudeMeters>401.0</AltitudeMeters>
     <DistanceMeters>78924.37447363822</DistanceMeters>
    </Trackpoint>
    <Trackpoint>
     <Time>2026-07-19T03:23:05+00:00</Time>
     <Position>
      <LatitudeDegrees>-33.5719080</LatitudeDegrees>
      <LongitudeDegrees>-70.8644079</LongitudeDegrees>
     </Position>
     <AltitudeMeters>401.95000000000005</AltitudeMeters>
     <DistanceMeters>79018.1288836662</DistanceMeters>
    </Trackpoint>
    <Trackpoint>
     <Time>2026-07-19T03:23:12+00:00</Time>
     <Position>
      <LatitudeDegrees>-33.5712970</LatitudeDegrees>
      <LongitudeDegrees>-70.8637119</LongitudeDegrees>
     </Position>
     <AltitudeMeters>402.64000000000004</AltitudeMeters>
     <DistanceMeters>79111.88329369493</DistanceMeters>
    </Trackpoint>
    <Trackpoint>
     <Time>2026-07-19T03:23:18+00:00</Time>
     <Position>
      <LatitudeDegrees>-33.5706860</LatitudeDegrees>
      <LongitudeDegrees>-70.8630159</LongitudeDegrees>
     </Position>
     <AltitudeMeters>403.38</AltitudeMeters>
     <DistanceMeters>79205.63770372378</DistanceMeters>
    </Trackpoint>
    <Trackpoint>
     <Time>2026-07-19T03:23:24+00:00</Time>
     <Position>
      <LatitudeDegrees>-33.5700750</LatitudeDegrees>
      <LongitudeDegrees>-70.8623199</LongitudeDegrees>
     </Position>
     <AltitudeMeters>404.07000000000005</AltitudeMeters>
     <DistanceMeters>79299.39211375252</DistanceMeters>
    </Trackpoint>
    <Trackpoint>
     <Time>2026-07-19T03:23:30+00:00</Time>
     <Position>
      <LatitudeDegrees>-33.5694640</LatitudeDegrees>
      <LongitudeDegrees>-70.8616239</LongitudeDegrees>
     </Position>
     <AltitudeMeters>404.34000000000003</AltitudeMeters>
     <DistanceMeters>79393.14652378077</DistanceMeters>
    </Trackpoint>
    <Trackpoint>
     <Time>2026-07-19T03:23:36+00:00</Time>
     <Position>
      <LatitudeDegrees>-33.5688530</LatitudeDegrees>
      <LongitudeDegrees>-70.8609279</LongitudeDegrees>
     </Position>
     <AltitudeMeters>405.25000000000006</AltitudeMeters>
     <DistanceMeters>79486.90093380783</DistanceMeters>
    </Trackpoint>
    <Trackpoint>
     <Time>2026-07-19T03:23:43+00:00</Time>
     <Position>
      <LatitudeDegrees>-33.5682420</LatitudeDegrees>
      <LongitudeDegrees>-70.8602319</LongitudeDegrees>
     </Position>
     <AltitudeMeters>405.83000000000004</AltitudeMeters>
     <DistanceMeters>79580.65534383593</DistanceMeters>
    </Trackpoint>
    <Trackpoint>
     <Time>2026-07-19T03:23:49+00:00</Time>
     <Position>
      <LatitudeDegrees>-33.5676310</LatitudeDegrees>
      <LongitudeDegrees>-70.8595360</LongitudeDegrees>
     </Position>
     <AltitudeMeters>406.38</AltitudeMeters>
     <DistanceMeters>79674.40975386435</DistanceMeters>
    </Trackpoint>
    <Trackpoint>
     <Time>2026-07-19T03:23:55+00:00</Time>
     <Position>
      <LatitudeDegrees>-33.5670200</LatitudeDegrees>
      <LongitudeDegrees>-70.8588400</LongitudeDegrees>
     </Position>
     <AltitudeMeters>406.74</AltitudeMeters>
     <DistanceMeters>79768.16416533852</DistanceMeters>
    </Trackpoint>
    <Trackpoint>
     <Time>2026-07-19T03:24:01+00:00</Time>
     <Position>
      <LatitudeDegrees>-33.5668200</LatitudeDegrees>
      <LongitudeDegrees>-70.8586700</LongitudeDegrees>
     </Position>
     <AltitudeMeters>407.02000000000004</AltitudeMeters>
     <DistanceMeters>79795.4406857199</DistanceMeters>
    </Trackpoint>
    <Trackpoint>
     <Time>2026-07-19T03:24:07+00:00</Time>
     <Position>
      <LatitudeDegrees>-33.5661867</LatitudeDegrees>
      <LongitudeDegrees>-70.8583967</LongitudeDegrees>
     </Position>
     <AltitudeMeters>407.48</AltitudeMeters>
     <DistanceMeters>79870.34719606057</DistanceMeters>
    </Trackpoint>
    <Trackpoint>
     <Time>2026-07-19T03:24:13+00:00</Time>
     <Position>
      <LatitudeDegrees>-33.5655533</LatitudeDegrees>
      <LongitudeDegrees>-70.8581233</LongitudeDegrees>
     </Position>
     <AltitudeMeters>408.05</AltitudeMeters>
     <DistanceMeters>79945.25370640056</DistanceMeters>
    </Trackpoint>
    <Trackpoint>
     <Time>2026-07-19T03:24:20+00:00</Time>
     <Position>
      <LatitudeDegrees>-33.5649200</LatitudeDegrees>
      <LongitudeDegrees>-70.8578500</LongitudeDegrees>
     </Position>
     <AltitudeMeters>408.43</AltitudeMeters>
     <DistanceMeters>80020.16019196338</DistanceMeters>
    </Trackpoint>
    <Trackpoint>
     <Time>2026-07-19T03:24:26+00:00</Time>
     <Position>
      <LatitudeDegrees>-33.5642700</LatitudeDegrees>
      <LongitudeDegrees>-70.8575900</LongitudeDegrees>
     </Position>
     <AltitudeMeters>408.49</AltitudeMeters>
     <DistanceMeters>80096.41491426778</DistanceMeters>
    </Trackpoint>
    <Trackpoint>
     <Time>2026-07-19T03:24:32+00:00</Time>
     <Position>
      <LatitudeDegrees>-33.5640500</LatitudeDegrees>
      <LongitudeDegrees>-70.8574500</LongitudeDegrees>
     </Position>
     <AltitudeMeters>408.63000000000005</AltitudeMeters>
     <DistanceMeters>80124.129315569</DistanceMeters>
    </Trackpoint>
    <Trackpoint>
     <Time>2026-07-19T03:24:38+00:00</Time>
     <Position>
      <LatitudeDegrees>-33.5637600</LatitudeDegrees>
      <LongitudeDegrees>-70.8572400</LongitudeDegrees>
     </Position>
     <AltitudeMeters>408.79</AltitudeMeters>
     <DistanceMeters>80161.82559480095</DistanceMeters>
    </Trackpoint>
    <Trackpoint>
     <Time>2026-07-19T03:24:44+00:00</Time>
     <Position>
      <LatitudeDegrees>-33.5630518</LatitudeDegrees>
      <LongitudeDegrees>-70.8565918</LongitudeDegrees>
     </Position>
     <AltitudeMeters>409.1</AltitudeMeters>
     <DistanceMeters>80260.95174506743</DistanceMeters>
    </Trackpoint>
    <Trackpoint>
     <Time>2026-07-19T03:24:51+00:00</Time>
     <Position>
      <LatitudeDegrees>-33.5623437</LatitudeDegrees>
      <LongitudeDegrees>-70.8559435</LongitudeDegrees>
     </Position>
     <AltitudeMeters>410.32</AltitudeMeters>
     <DistanceMeters>80360.07789533344</DistanceMeters>
    </Trackpoint>
    <Trackpoint>
     <Time>2026-07-19T03:24:57+00:00</Time>
     <Position>
      <LatitudeDegrees>-33.5616355</LatitudeDegrees>
      <LongitudeDegrees>-70.8552953</LongitudeDegrees>
     </Position>
     <AltitudeMeters>410.75000000000006</AltitudeMeters>
     <DistanceMeters>80459.20404559853</DistanceMeters>
    </Trackpoint>
    <Trackpoint>
     <Time>2026-07-19T03:25:03+00:00</Time>
     <Position>
      <LatitudeDegrees>-33.5609273</LatitudeDegrees>
      <LongitudeDegrees>-70.8546471</LongitudeDegrees>
     </Position>
     <AltitudeMeters>411.40000000000003</AltitudeMeters>
     <DistanceMeters>80558.33019586519</DistanceMeters>
    </Trackpoint>
    <Trackpoint>
     <Time>2026-07-19T03:25:09+00:00</Time>
     <Position>
      <LatitudeDegrees>-33.5602191</LatitudeDegrees>
      <LongitudeDegrees>-70.8539989</LongitudeDegrees>
     </Position>
     <AltitudeMeters>412.2</AltitudeMeters>
     <DistanceMeters>80657.4563461317</DistanceMeters>
    </Trackpoint>
    <Trackpoint>
     <Time>2026-07-19T03:25:15+00:00</Time>
     <Position>
      <LatitudeDegrees>-33.5595110</LatitudeDegrees>
      <LongitudeDegrees>-70.8533507</LongitudeDegrees>
     </Position>
     <AltitudeMeters>412.79</AltitudeMeters>
     <DistanceMeters>80756.58249639701</DistanceMeters>
    </Trackpoint>
    <Trackpoint>
     <Time>2026-07-19T03:25:22+00:00</Time>
     <Position>
      <LatitudeDegrees>-33.5588028</LatitudeDegrees>
      <LongitudeDegrees>-70.8527026</LongitudeDegrees>
     </Position>
     <AltitudeMeters>413.56</AltitudeMeters>
     <DistanceMeters>80855.7086466637</DistanceMeters>
    </Trackpoint>
    <Trackpoint>
     <Time>2026-07-19T03:25:28+00:00</Time>
     <Position>
      <LatitudeDegrees>-33.5580946</LatitudeDegrees>
      <LongitudeDegrees>-70.8520544</LongitudeDegrees>
     </Position>
     <AltitudeMeters>414.0</AltitudeMeters>
     <DistanceMeters>80954.8347969306</DistanceMeters>
    </Trackpoint>
    <Trackpoint>
     <Time>2026-07-19T03:25:34+00:00</Time>
     <Position>
      <LatitudeDegrees>-33.5573864</LatitudeDegrees>
      <LongitudeDegrees>-70.8514063</LongitudeDegrees>
     </Position>
     <AltitudeMeters>414.73</AltitudeMeters>
     <DistanceMeters>81053.96094719584</DistanceMeters>
    </Trackpoint>
    <Trackpoint>
     <Time>2026-07-19T03:25:40+00:00</Time>
     <Position>
      <LatitudeDegrees>-33.5566782</LatitudeDegrees>
      <LongitudeDegrees>-70.8507581</LongitudeDegrees>
     </Position>
     <AltitudeMeters>415.33000000000004</AltitudeMeters>
     <DistanceMeters>81153.08709746138</DistanceMeters>
    </Trackpoint>
    <Trackpoint>
     <Time>2026-07-19T03:25:46+00:00</Time>
     <Position>
      <LatitudeDegrees>-33.5559700</LatitudeDegrees>
      <LongitudeDegrees>-70.8501100</LongitudeDegrees>
     </Position>
     <AltitudeMeters>415.47</AltitudeMeters>
     <DistanceMeters>81252.2132500759</DistanceMeters>
    </Trackpoint>
    <Trackpoint>
     <Time>2026-07-19T03:25:53+00:00</Time>
     <Position>
      <LatitudeDegrees>-33.5555000</LatitudeDegrees>
      <LongitudeDegrees>-70.8495300</LongitudeDegrees>
     </Position>
     <AltitudeMeters>416.46000000000004</AltitudeMeters>
     <DistanceMeters>81327.24665020869</DistanceMeters>
    </Trackpoint>
    <Trackpoint>
     <Time>2026-07-19T03:25:59+00:00</Time>
     <Position>
      <LatitudeDegrees>-33.5550700</LatitudeDegrees>
      <LongitudeDegrees>-70.8489900</LongitudeDegrees>
     </Position>
     <AltitudeMeters>416.88</AltitudeMeters>
     <DistanceMeters>81396.51956065833</DistanceMeters>
    </Trackpoint>
    <Trackpoint>
     <Time>2026-07-19T03:26:05+00:00</Time>
     <Position>
      <LatitudeDegrees>-33.5549400</LatitudeDegrees>
      <LongitudeDegrees>-70.8488500</LongitudeDegrees>
     </Position>
     <AltitudeMeters>416.66</AltitudeMeters>
     <DistanceMeters>81415.96028696708</DistanceMeters>
    </Trackpoint>
    <Trackpoint>
     <Time>2026-07-19T03:26:11+00:00</Time>
     <Position>
      <LatitudeDegrees>-33.5542480</LatitudeDegrees>
      <LongitudeDegrees>-70.8482980</LongitudeDegrees>
     </Position>
     <AltitudeMeters>416.39000000000004</AltitudeMeters>
     <DistanceMeters>81508.44184859433</DistanceMeters>
    </Trackpoint>
    <Trackpoint>
     <Time>2026-07-19T03:26:17+00:00</Time>
     <Position>
      <LatitudeDegrees>-33.5535560</LatitudeDegrees>
      <LongitudeDegrees>-70.8477460</LongitudeDegrees>
     </Position>
     <AltitudeMeters>415.82</AltitudeMeters>
     <DistanceMeters>81600.92341022176</DistanceMeters>
    </Trackpoint>
    <Trackpoint>
     <Time>2026-07-19T03:26:24+00:00</Time>
     <Position>
      <LatitudeDegrees>-33.5528640</LatitudeDegrees>
      <LongitudeDegrees>-70.8471940</LongitudeDegrees>
     </Position>
     <AltitudeMeters>416.01000000000005</AltitudeMeters>
     <DistanceMeters>81693.40497185076</DistanceMeters>
    </Trackpoint>
    <Trackpoint>
     <Time>2026-07-19T03:26:30+00:00</Time>
     <Position>
      <LatitudeDegrees>-33.5521720</LatitudeDegrees>
      <LongitudeDegrees>-70.8466420</LongitudeDegrees>
     </Position>
     <AltitudeMeters>417.27000000000004</AltitudeMeters>
     <DistanceMeters>81785.88653347647</DistanceMeters>
    </Trackpoint>
    <Trackpoint>
     <Time>2026-07-19T03:26:36+00:00</Time>
     <Position>
      <LatitudeDegrees>-33.5514800</LatitudeDegrees>
      <LongitudeDegrees>-70.8460900</LongitudeDegrees>
     </Position>
     <AltitudeMeters>419.41</AltitudeMeters>
     <DistanceMeters>81878.36808160091</DistanceMeters>
    </Trackpoint>
    <Trackpoint>
     <Time>2026-07-19T03:26:42+00:00</Time>
     <Position>
      <LatitudeDegrees>-33.5513300</LatitudeDegrees>
      <LongitudeDegrees>-70.8463000</LongitudeDegrees>
     </Position>
     <AltitudeMeters>419.2</AltitudeMeters>
     <DistanceMeters>81904.02147905639</DistanceMeters>
    </Trackpoint>
    <Trackpoint>
     <Time>2026-07-19T03:26:48+00:00</Time>
     <Position>
      <LatitudeDegrees>-33.5511800</LatitudeDegrees>
      <LongitudeDegrees>-70.8464900</LongitudeDegrees>
     </Position>
     <AltitudeMeters>419.09000000000003</AltitudeMeters>
     <DistanceMeters>81928.29643146275</DistanceMeters>
    </Trackpoint>
    <Trackpoint>
     <Time>2026-07-19T03:26:55+00:00</Time>
     <Position>
      <LatitudeDegrees>-33.5510000</LatitudeDegrees>
      <LongitudeDegrees>-70.8466600</LongitudeDegrees>
     </Position>
     <AltitudeMeters>419.1</AltitudeMeters>
     <DistanceMeters>81953.79075534288</DistanceMeters>
    </Trackpoint>
    <Trackpoint>
     <Time>2026-07-19T03:27:01+00:00</Time>
     <Position>
      <LatitudeDegrees>-33.5508200</LatitudeDegrees>
      <LongitudeDegrees>-70.8467900</LongitudeDegrees>
     </Position>
     <AltitudeMeters>419.26</AltitudeMeters>
     <DistanceMeters>81977.17287576676</DistanceMeters>
    </Trackpoint>
    <Trackpoint>
     <Time>2026-07-19T03:27:07+00:00</Time>
     <Position>
      <LatitudeDegrees>-33.5505700</LatitudeDegrees>
      <LongitudeDegrees>-70.8469200</LongitudeDegrees>
     </Position>
     <AltitudeMeters>419.37</AltitudeMeters>
     <DistanceMeters>82007.49720263158</DistanceMeters>
    </Trackpoint>
    <Trackpoint>
     <Time>2026-07-19T03:27:13+00:00</Time>
     <Position>
      <LatitudeDegrees>-33.5500100</LatitudeDegrees>
      <LongitudeDegrees>-70.8471450</LongitudeDegrees>
     </Position>
     <AltitudeMeters>420.16</AltitudeMeters>
     <DistanceMeters>82073.22410840473</DistanceMeters>
    </Trackpoint>
    <Trackpoint>
     <Time>2026-07-19T03:27:19+00:00</Time>
     <Position>
      <LatitudeDegrees>-33.5494500</LatitudeDegrees>
      <LongitudeDegrees>-70.8473700</LongitudeDegrees>
     </Position>
     <AltitudeMeters>420.84000000000003</AltitudeMeters>
     <DistanceMeters>82138.95095873666</DistanceMeters>
    </Trackpoint>
    <Trackpoint>
     <Time>2026-07-19T03:27:26+00:00</Time>
     <Position>
      <LatitudeDegrees>-33.5488200</LatitudeDegrees>
      <LongitudeDegrees>-70.8476467</LongitudeDegrees>
     </Position>
     <AltitudeMeters>420.92</AltitudeMeters>
     <DistanceMeters>82213.61591063878</DistanceMeters>
    </Trackpoint>
    <Trackpoint>
     <Time>2026-07-19T03:27:32+00:00</Time>
     <Position>
      <LatitudeDegrees>-33.5481900</LatitudeDegrees>
      <LongitudeDegrees>-70.8479233</LongitudeDegrees>
     </Position>
     <AltitudeMeters>420.86</AltitudeMeters>
     <DistanceMeters>82288.28086254216</DistanceMeters>
    </Trackpoint>
    <Trackpoint>
     <Time>2026-07-19T03:27:38+00:00</Time>
     <Position>
      <LatitudeDegrees>-33.5475600</LatitudeDegrees>
      <LongitudeDegrees>-70.8482000</LongitudeDegrees>
     </Position>
     <AltitudeMeters>420.92</AltitudeMeters>
     <DistanceMeters>82362.94579182501</DistanceMeters>
    </Trackpoint>
    <Trackpoint>
     <Time>2026-07-19T03:27:44+00:00</Time>
     <Position>
      <LatitudeDegrees>-33.5473300</LatitudeDegrees>
      <LongitudeDegrees>-70.8483600</LongitudeDegrees>
     </Position>
     <AltitudeMeters>420.89000000000004</AltitudeMeters>
     <DistanceMeters>82392.53492365197</DistanceMeters>
    </Trackpoint>
    <Trackpoint>
     <Time>2026-07-19T03:27:50+00:00</Time>
     <Position>
      <LatitudeDegrees>-33.5471700</LatitudeDegrees>
      <LongitudeDegrees>-70.8485400</LongitudeDegrees>
     </Position>
     <AltitudeMeters>420.89000000000004</AltitudeMeters>
     <DistanceMeters>82416.94530140235</DistanceMeters>
    </Trackpoint>
    <Trackpoint>
     <Time>2026-07-19T03:27:57+00:00</Time>
     <Position>
      <LatitudeDegrees>-33.5469900</LatitudeDegrees>
      <LongitudeDegrees>-70.8489000</LongitudeDegrees>
     </Position>
     <AltitudeMeters>420.82</AltitudeMeters>
     <DistanceMeters>82455.88627695246</DistanceMeters>
    </Trackpoint>
    <Trackpoint>
     <Time>2026-07-19T03:28:03+00:00</Time>
     <Position>
      <LatitudeDegrees>-33.5468100</LatitudeDegrees>
      <LongitudeDegrees>-70.8494000</LongitudeDegrees>
     </Position>
     <AltitudeMeters>420.64</AltitudeMeters>
     <DistanceMeters>82506.4067870974</DistanceMeters>
    </Trackpoint>
    <Trackpoint>
     <Time>2026-07-19T03:28:09+00:00</Time>
     <Position>
      <LatitudeDegrees>-33.5467400</LatitudeDegrees>
      <LongitudeDegrees>-70.8497400</LongitudeDegrees>
     </Position>
     <AltitudeMeters>420.52000000000004</AltitudeMeters>
     <DistanceMeters>82538.89242274784</DistanceMeters>
    </Trackpoint>
    <Trackpoint>
     <Time>2026-07-19T03:28:15+00:00</Time>
     <Position>
      <LatitudeDegrees>-33.5467400</LatitudeDegrees>
      <LongitudeDegrees>-70.8500300</LongitudeDegrees>
     </Position>
     <AltitudeMeters>420.40000000000003</AltitudeMeters>
     <DistanceMeters>82565.79216942779</DistanceMeters>
    </Trackpoint>
    <Trackpoint>
     <Time>2026-07-19T03:28:21+00:00</Time>
     <Position>
      <LatitudeDegrees>-33.5468100</LatitudeDegrees>
      <LongitudeDegrees>-70.8503800</LongitudeDegrees>
     </Position>
     <AltitudeMeters>419.82</AltitudeMeters>
     <DistanceMeters>82599.17905417489</DistanceMeters>
    </Trackpoint>
    <Trackpoint>
     <Time>2026-07-19T03:28:28+00:00</Time>
     <Position>
      <LatitudeDegrees>-33.5469100</LatitudeDegrees>
      <LongitudeDegrees>-70.8506700</LongitudeDegrees>
     </Position>
     <AltitudeMeters>419.82</AltitudeMeters>
     <DistanceMeters>82628.29024866114</DistanceMeters>
    </Trackpoint>
    <Trackpoint>
     <Time>2026-07-19T03:28:34+00:00</Time>
     <Position>
      <LatitudeDegrees>-33.5471900</LatitudeDegrees>
      <LongitudeDegrees>-70.8512400</LongitudeDegrees>
     </Position>
     <AltitudeMeters>419.44000000000005</AltitudeMeters>
     <DistanceMeters>82689.66238344739</DistanceMeters>
    </Trackpoint>
    <Trackpoint>
     <Time>2026-07-19T03:28:40+00:00</Time>
     <Position>
      <LatitudeDegrees>-33.5475300</LatitudeDegrees>
      <LongitudeDegrees>-70.8519900</LongitudeDegrees>
     </Position>
     <AltitudeMeters>418.94</AltitudeMeters>
     <DistanceMeters>82768.85573004723</DistanceMeters>
    </Trackpoint>
    <Trackpoint>
     <Time>2026-07-19T03:28:46+00:00</Time>
     <Position>
      <LatitudeDegrees>-33.5476200</LatitudeDegrees>
      <LongitudeDegrees>-70.8523000</LongitudeDegrees>
     </Position>
     <AltitudeMeters>418.56000000000006</AltitudeMeters>
     <DistanceMeters>82799.30504673057</DistanceMeters>
    </Trackpoint>
    <Trackpoint>
     <Time>2026-07-19T03:28:52+00:00</Time>
     <Position>
      <LatitudeDegrees>-33.5477300</LatitudeDegrees>
      <LongitudeDegrees>-70.8527500</LongitudeDegrees>
     </Position>
     <AltitudeMeters>418.49</AltitudeMeters>
     <DistanceMeters>82842.80391612092</DistanceMeters>
    </Trackpoint>
    <Trackpoint>
     <Time>2026-07-19T03:28:59+00:00</Time>
     <Position>
      <LatitudeDegrees>-33.5478600</LatitudeDegrees>
      <LongitudeDegrees>-70.8537700</LongitudeDegrees>
     </Position>
     <AltitudeMeters>417.97</AltitudeMeters>
     <DistanceMeters>82938.51555790007</DistanceMeters>
    </Trackpoint>
    <Trackpoint>
     <Time>2026-07-19T03:29:05+00:00</Time>
     <Position>
      <LatitudeDegrees>-33.5479700</LatitudeDegrees>
      <LongitudeDegrees>-70.8540900</LongitudeDegrees>
     </Position>
     <AltitudeMeters>417.45000000000005</AltitudeMeters>
     <DistanceMeters>82970.62326750942</DistanceMeters>
    </Trackpoint>
    <Trackpoint>
     <Time>2026-07-19T03:29:11+00:00</Time>
     <Position>
      <LatitudeDegrees>-33.5480900</LatitudeDegrees>
      <LongitudeDegrees>-70.8542800</LongitudeDegrees>
     </Position>
     <AltitudeMeters>417.45000000000005</AltitudeMeters>
     <DistanceMeters>82992.73579791367</DistanceMeters>
    </Trackpoint>
    <Trackpoint>
     <Time>2026-07-19T03:29:17+00:00</Time>
     <Position>
      <LatitudeDegrees>-33.5485200</LatitudeDegrees>
      <LongitudeDegrees>-70.8549150</LongitudeDegrees>
     </Position>
     <AltitudeMeters>415.90000000000003</AltitudeMeters>
     <DistanceMeters>83068.62726107804</DistanceMeters>
    </Trackpoint>
    <Trackpoint>
     <Time>2026-07-19T03:29:23+00:00</Time>
     <Position>
      <LatitudeDegrees>-33.5489500</LatitudeDegrees>
      <LongitudeDegrees>-70.8555500</LongitudeDegrees>
     </Position>
     <AltitudeMeters>415.46000000000004</AltitudeMeters>
     <DistanceMeters>83144.5186808167</DistanceMeters>
    </Trackpoint>
    <Trackpoint>
     <Time>2026-07-19T03:29:29+00:00</Time>
     <Position>
      <LatitudeDegrees>-33.5492900</LatitudeDegrees>
      <LongitudeDegrees>-70.8560400</LongitudeDegrees>
     </Position>
     <AltitudeMeters>415.22</AltitudeMeters>
     <DistanceMeters>83203.65924230829</DistanceMeters>
    </Trackpoint>
    <Trackpoint>
     <Time>2026-07-19T03:29:36+00:00</Time>
     <Position>
      <LatitudeDegrees>-33.5496300</LatitudeDegrees>
      <LongitudeDegrees>-70.8565300</LongitudeDegrees>
     </Position>
     <AltitudeMeters>415.69000000000005</AltitudeMeters>
     <DistanceMeters>83262.79977276974</DistanceMeters>
    </Trackpoint>
    <Trackpoint>
     <Time>2026-07-19T03:29:42+00:00</Time>
     <Position>
      <LatitudeDegrees>-33.5492767</LatitudeDegrees>
      <LongitudeDegrees>-70.8574723</LongitudeDegrees>
     </Position>
     <AltitudeMeters>414.92</AltitudeMeters>
     <DistanceMeters>83358.63790530227</DistanceMeters>
    </Trackpoint>
    <Trackpoint>
     <Time>2026-07-19T03:29:48+00:00</Time>
     <Position>
      <LatitudeDegrees>-33.5489234</LatitudeDegrees>
      <LongitudeDegrees>-70.8584146</LongitudeDegrees>
     </Position>
     <AltitudeMeters>414.02000000000004</AltitudeMeters>
     <DistanceMeters>83454.47603783225</DistanceMeters>
    </Trackpoint>
    <Trackpoint>
     <Time>2026-07-19T03:29:54+00:00</Time>
     <Position>
      <LatitudeDegrees>-33.5485702</LatitudeDegrees>
      <LongitudeDegrees>-70.8593568</LongitudeDegrees>
     </Position>
     <AltitudeMeters>413.42</AltitudeMeters>
     <DistanceMeters>83550.31417036252</DistanceMeters>
    </Trackpoint>
    <Trackpoint>
     <Time>2026-07-19T03:30:00+00:00</Time>
     <Position>
      <LatitudeDegrees>-33.5482169</LatitudeDegrees>
      <LongitudeDegrees>-70.8602991</LongitudeDegrees>
     </Position>
     <AltitudeMeters>412.35</AltitudeMeters>
     <DistanceMeters>83646.15230289304</DistanceMeters>
    </Trackpoint>
    <Trackpoint>
     <Time>2026-07-19T03:30:07+00:00</Time>
     <Position>
      <LatitudeDegrees>-33.5478636</LatitudeDegrees>
      <LongitudeDegrees>-70.8612414</LongitudeDegrees>
     </Position>
     <AltitudeMeters>411.85</AltitudeMeters>
     <DistanceMeters>83741.99043542403</DistanceMeters>
    </Trackpoint>
    <Trackpoint>
     <Time>2026-07-19T03:30:13+00:00</Time>
     <Position>
      <LatitudeDegrees>-33.5475103</LatitudeDegrees>
      <LongitudeDegrees>-70.8621836</LongitudeDegrees>
     </Position>
     <AltitudeMeters>410.87</AltitudeMeters>
     <DistanceMeters>83837.82856795567</DistanceMeters>
    </Trackpoint>
    <Trackpoint>
     <Time>2026-07-19T03:30:19+00:00</Time>
     <Position>
      <LatitudeDegrees>-33.5471569</LatitudeDegrees>
      <LongitudeDegrees>-70.8631259</LongitudeDegrees>
     </Position>
     <AltitudeMeters>410.51000000000005</AltitudeMeters>
     <DistanceMeters>83933.66670048513</DistanceMeters>
    </Trackpoint>
    <Trackpoint>
     <Time>2026-07-19T03:30:25+00:00</Time>
     <Position>
      <LatitudeDegrees>-33.5468036</LatitudeDegrees>
      <LongitudeDegrees>-70.8640681</LongitudeDegrees>
     </Position>
     <AltitudeMeters>410.04</AltitudeMeters>
     <DistanceMeters>84029.50483301665</DistanceMeters>
    </Trackpoint>
    <Trackpoint>
     <Time>2026-07-19T03:30:31+00:00</Time>
     <Position>
      <LatitudeDegrees>-33.5464503</LatitudeDegrees>
      <LongitudeDegrees>-70.8650103</LongitudeDegrees>
     </Position>
     <AltitudeMeters>409.69000000000005</AltitudeMeters>
     <DistanceMeters>84125.3429655479</DistanceMeters>
    </Trackpoint>
    <Trackpoint>
     <Time>2026-07-19T03:30:38+00:00</Time>
     <Position>
      <LatitudeDegrees>-33.5460970</LatitudeDegrees>
      <LongitudeDegrees>-70.8659525</LongitudeDegrees>
     </Position>
     <AltitudeMeters>409.08000000000004</AltitudeMeters>
     <DistanceMeters>84221.18109807975</DistanceMeters>
    </Trackpoint>
    <Trackpoint>
     <Time>2026-07-19T03:30:44+00:00</Time>
     <Position>
      <LatitudeDegrees>-33.5457436</LatitudeDegrees>
      <LongitudeDegrees>-70.8668947</LongitudeDegrees>
     </Position>
     <AltitudeMeters>408.76</AltitudeMeters>
     <DistanceMeters>84317.01923060975</DistanceMeters>
    </Trackpoint>
    <Trackpoint>
     <Time>2026-07-19T03:30:50+00:00</Time>
     <Position>
      <LatitudeDegrees>-33.5453903</LatitudeDegrees>
      <LongitudeDegrees>-70.8678369</LongitudeDegrees>
     </Position>
     <AltitudeMeters>408.40000000000003</AltitudeMeters>
     <DistanceMeters>84412.85736314162</DistanceMeters>
    </Trackpoint>
    <Trackpoint>
     <Time>2026-07-19T03:30:56+00:00</Time>
     <Position>
      <LatitudeDegrees>-33.5450369</LatitudeDegrees>
      <LongitudeDegrees>-70.8687791</LongitudeDegrees>
     </Position>
     <AltitudeMeters>407.85</AltitudeMeters>
     <DistanceMeters>84508.69549567171</DistanceMeters>
    </Trackpoint>
    <Trackpoint>
     <Time>2026-07-19T03:31:02+00:00</Time>
     <Position>
      <LatitudeDegrees>-33.5446835</LatitudeDegrees>
      <LongitudeDegrees>-70.8697213</LongitudeDegrees>
     </Position>
     <AltitudeMeters>407.40000000000003</AltitudeMeters>
     <DistanceMeters>84604.53362820287</DistanceMeters>
    </Trackpoint>
    <Trackpoint>
     <Time>2026-07-19T03:31:09+00:00</Time>
     <Position>
      <LatitudeDegrees>-33.5443302</LatitudeDegrees>
      <LongitudeDegrees>-70.8706635</LongitudeDegrees>
     </Position>
     <AltitudeMeters>406.88</AltitudeMeters>
     <DistanceMeters>84700.37176073482</DistanceMeters>
    </Trackpoint>
    <Trackpoint>
     <Time>2026-07-19T03:31:15+00:00</Time>
     <Position>
      <LatitudeDegrees>-33.5439768</LatitudeDegrees>
      <LongitudeDegrees>-70.8716057</LongitudeDegrees>
     </Position>
     <AltitudeMeters>406.2</AltitudeMeters>
     <DistanceMeters>84796.20989326462</DistanceMeters>
    </Trackpoint>
    <Trackpoint>
     <Time>2026-07-19T03:31:21+00:00</Time>
     <Position>
      <LatitudeDegrees>-33.5436234</LatitudeDegrees>
      <LongitudeDegrees>-70.8725478</LongitudeDegrees>
     </Position>
     <AltitudeMeters>405.80000000000007</AltitudeMeters>
     <DistanceMeters>84892.04802579591</DistanceMeters>
    </Trackpoint>
    <Trackpoint>
     <Time>2026-07-19T03:31:27+00:00</Time>
     <Position>
      <LatitudeDegrees>-33.5432700</LatitudeDegrees>
      <LongitudeDegrees>-70.8734900</LongitudeDegrees>
     </Position>
     <AltitudeMeters>405.22</AltitudeMeters>
     <DistanceMeters>84987.88615683978</DistanceMeters>
    </Trackpoint>
    <Trackpoint>
     <Time>2026-07-19T03:31:33+00:00</Time>
     <Position>
      <LatitudeDegrees>-33.5429042</LatitudeDegrees>
      <LongitudeDegrees>-70.8744671</LongitudeDegrees>
     </Position>
     <AltitudeMeters>404.6</AltitudeMeters>
     <DistanceMeters>85087.2502198789</DistanceMeters>
    </Trackpoint>
    <Trackpoint>
     <Time>2026-07-19T03:31:40+00:00</Time>
     <Position>
      <LatitudeDegrees>-33.5425384</LatitudeDegrees>
      <LongitudeDegrees>-70.8754442</LongitudeDegrees>
     </Position>
     <AltitudeMeters>403.9200000000001</AltitudeMeters>
     <DistanceMeters>85186.61428291947</DistanceMeters>
    </Trackpoint>
    <Trackpoint>
     <Time>2026-07-19T03:31:46+00:00</Time>
     <Position>
      <LatitudeDegrees>-33.5421725</LatitudeDegrees>
      <LongitudeDegrees>-70.8764214</LongitudeDegrees>
     </Position>
     <AltitudeMeters>403.34000000000003</AltitudeMeters>
     <DistanceMeters>85285.97834595939</DistanceMeters>
    </Trackpoint>
    <Trackpoint>
     <Time>2026-07-19T03:31:52+00:00</Time>
     <Position>
      <LatitudeDegrees>-33.5418067</LatitudeDegrees>
      <LongitudeDegrees>-70.8773985</LongitudeDegrees>
     </Position>
     <AltitudeMeters>402.81000000000006</AltitudeMeters>
     <DistanceMeters>85385.34240900047</DistanceMeters>
    </Trackpoint>
    <Trackpoint>
     <Time>2026-07-19T03:31:58+00:00</Time>
     <Position>
      <LatitudeDegrees>-33.5414408</LatitudeDegrees>
      <LongitudeDegrees>-70.8783755</LongitudeDegrees>
     </Position>
     <AltitudeMeters>402.24</AltitudeMeters>
     <DistanceMeters>85484.70647203909</DistanceMeters>
    </Trackpoint>
    <Trackpoint>
     <Time>2026-07-19T03:32:04+00:00</Time>
     <Position>
      <LatitudeDegrees>-33.5410750</LatitudeDegrees>
      <LongitudeDegrees>-70.8793526</LongitudeDegrees>
     </Position>
     <AltitudeMeters>401.69000000000005</AltitudeMeters>
     <DistanceMeters>85584.07053508033</DistanceMeters>
    </Trackpoint>
    <Trackpoint>
     <Time>2026-07-19T03:32:11+00:00</Time>
     <Position>
      <LatitudeDegrees>-33.5407091</LatitudeDegrees>
      <LongitudeDegrees>-70.8803297</LongitudeDegrees>
     </Position>
     <AltitudeMeters>401.28000000000003</AltitudeMeters>
     <DistanceMeters>85683.43459812089</DistanceMeters>
    </Trackpoint>
    <Trackpoint>
     <Time>2026-07-19T03:32:17+00:00</Time>
     <Position>
      <LatitudeDegrees>-33.5403432</LatitudeDegrees>
      <LongitudeDegrees>-70.8813068</LongitudeDegrees>
     </Position>
     <AltitudeMeters>400.97</AltitudeMeters>
     <DistanceMeters>85782.79866115986</DistanceMeters>
    </Trackpoint>
    <Trackpoint>
     <Time>2026-07-19T03:32:23+00:00</Time>
     <Position>
      <LatitudeDegrees>-33.5399773</LatitudeDegrees>
      <LongitudeDegrees>-70.8822838</LongitudeDegrees>
     </Position>
     <AltitudeMeters>400.77</AltitudeMeters>
     <DistanceMeters>85882.16272419927</DistanceMeters>
    </Trackpoint>
    <Trackpoint>
     <Time>2026-07-19T03:32:29+00:00</Time>
     <Position>
      <LatitudeDegrees>-33.5396114</LatitudeDegrees>
      <LongitudeDegrees>-70.8832609</LongitudeDegrees>
     </Position>
     <AltitudeMeters>400.68</AltitudeMeters>
     <DistanceMeters>85981.52678723983</DistanceMeters>
    </Trackpoint>
    <Trackpoint>
     <Time>2026-07-19T03:32:35+00:00</Time>
     <Position>
      <LatitudeDegrees>-33.5392455</LatitudeDegrees>
      <LongitudeDegrees>-70.8842379</LongitudeDegrees>
     </Position>
     <AltitudeMeters>400.41</AltitudeMeters>
     <DistanceMeters>86080.89085027987</DistanceMeters>
    </Trackpoint>
    <Trackpoint>
     <Time>2026-07-19T03:32:42+00:00</Time>
     <Position>
      <LatitudeDegrees>-33.5388796</LatitudeDegrees>
      <LongitudeDegrees>-70.8852150</LongitudeDegrees>
     </Position>
     <AltitudeMeters>400.46000000000004</AltitudeMeters>
     <DistanceMeters>86180.25491331915</DistanceMeters>
    </Trackpoint>
    <Trackpoint>
     <Time>2026-07-19T03:32:48+00:00</Time>
     <Position>
      <LatitudeDegrees>-33.5385137</LatitudeDegrees>
      <LongitudeDegrees>-70.8861920</LongitudeDegrees>
     </Position>
     <AltitudeMeters>400.6</AltitudeMeters>
     <DistanceMeters>86279.61897636067</DistanceMeters>
    </Trackpoint>
    <Trackpoint>
     <Time>2026-07-19T03:32:54+00:00</Time>
     <Position>
      <LatitudeDegrees>-33.5381478</LatitudeDegrees>
      <LongitudeDegrees>-70.8871690</LongitudeDegrees>
     </Position>
     <AltitudeMeters>400.83</AltitudeMeters>
     <DistanceMeters>86378.9830394011</DistanceMeters>
    </Trackpoint>
    <Trackpoint>
     <Time>2026-07-19T03:33:00+00:00</Time>
     <Position>
      <LatitudeDegrees>-33.5377819</LatitudeDegrees>
      <LongitudeDegrees>-70.8881460</LongitudeDegrees>
     </Position>
     <AltitudeMeters>401.28000000000003</AltitudeMeters>
     <DistanceMeters>86478.3471024404</DistanceMeters>
    </Trackpoint>
    <Trackpoint>
     <Time>2026-07-19T03:33:06+00:00</Time>
     <Position>
      <LatitudeDegrees>-33.5374159</LatitudeDegrees>
      <LongitudeDegrees>-70.8891230</LongitudeDegrees>
     </Position>
     <AltitudeMeters>401.47</AltitudeMeters>
     <DistanceMeters>86577.71116548094</DistanceMeters>
    </Trackpoint>
    <Trackpoint>
     <Time>2026-07-19T03:33:13+00:00</Time>
     <Position>
      <LatitudeDegrees>-33.5370500</LatitudeDegrees>
      <LongitudeDegrees>-70.8901000</LongitudeDegrees>
     </Position>
     <AltitudeMeters>401.24</AltitudeMeters>
     <DistanceMeters>86677.07522817246</DistanceMeters>
    </Trackpoint>
    <Trackpoint>
     <Time>2026-07-19T03:33:19+00:00</Time>
     <Position>
      <LatitudeDegrees>-33.5369200</LatitudeDegrees>
      <LongitudeDegrees>-70.8903200</LongitudeDegrees>
     </Position>
     <AltitudeMeters>401.4200000000001</AltitudeMeters>
     <DistanceMeters>86702.09248835733</DistanceMeters>
    </Trackpoint>
    <Trackpoint>
     <Time>2026-07-19T03:33:25+00:00</Time>
     <Position>
      <LatitudeDegrees>-33.5367600</LatitudeDegrees>
      <LongitudeDegrees>-70.8905300</LongitudeDegrees>
     </Position>
     <AltitudeMeters>401.85</AltitudeMeters>
     <DistanceMeters>86728.48611571528</DistanceMeters>
    </Trackpoint>
    <Trackpoint>
     <Time>2026-07-19T03:33:31+00:00</Time>
     <Position>
      <LatitudeDegrees>-33.5364900</LatitudeDegrees>
      <LongitudeDegrees>-70.8907600</LongitudeDegrees>
     </Position>
     <AltitudeMeters>402.12</AltitudeMeters>
     <DistanceMeters>86765.34056756728</DistanceMeters>
    </Trackpoint>
    <Trackpoint>
     <Time>2026-07-19T03:33:37+00:00</Time>
     <Position>
      <LatitudeDegrees>-33.5357500</LatitudeDegrees>
      <LongitudeDegrees>-70.8913000</LongitudeDegrees>
     </Position>
     <AltitudeMeters>403.88</AltitudeMeters>
     <DistanceMeters>86861.73847580393</DistanceMeters>
    </Trackpoint>
    <Trackpoint>
     <Time>2026-07-19T03:33:44+00:00</Time>
     <Position>
      <LatitudeDegrees>-33.5350100</LatitudeDegrees>
      <LongitudeDegrees>-70.8918400</LongitudeDegrees>
     </Position>
     <AltitudeMeters>405.73</AltitudeMeters>
     <DistanceMeters>86958.13638404416</DistanceMeters>
    </Trackpoint>
    <Trackpoint>
     <Time>2026-07-19T03:33:50+00:00</Time>
     <Position>
      <LatitudeDegrees>-33.5342700</LatitudeDegrees>
      <LongitudeDegrees>-70.8923800</LongitudeDegrees>
     </Position>
     <AltitudeMeters>408.32</AltitudeMeters>
     <DistanceMeters>87054.53431714322</DistanceMeters>
    </Trackpoint>
    <Trackpoint>
     <Time>2026-07-19T03:33:56+00:00</Time>
     <Position>
      <LatitudeDegrees>-33.5335200</LatitudeDegrees>
      <LongitudeDegrees>-70.8929550</LongitudeDegrees>
     </Position>
     <AltitudeMeters>414.13000000000005</AltitudeMeters>
     <DistanceMeters>87153.5954198091</DistanceMeters>
    </Trackpoint>
    <Trackpoint>
     <Time>2026-07-19T03:34:02+00:00</Time>
     <Position>
      <LatitudeDegrees>-33.5327700</LatitudeDegrees>
      <LongitudeDegrees>-70.8935300</LongitudeDegrees>
     </Position>
     <AltitudeMeters>418.50000000000006</AltitudeMeters>
     <DistanceMeters>87252.65652556093</DistanceMeters>
    </Trackpoint>
    <Trackpoint>
     <Time>2026-07-19T03:34:08+00:00</Time>
     <Position>
      <LatitudeDegrees>-33.5325500</LatitudeDegrees>
      <LongitudeDegrees>-70.8937200</LongitudeDegrees>
     </Position>
     <AltitudeMeters>420.26</AltitudeMeters>
     <DistanceMeters>87282.82643185757</DistanceMeters>
    </Trackpoint>
    <Trackpoint>
     <Time>2026-07-19T03:34:15+00:00</Time>
     <Position>
      <LatitudeDegrees>-33.5324800</LatitudeDegrees>
      <LongitudeDegrees>-70.8938000</LongitudeDegrees>
     </Position>
     <AltitudeMeters>422.15000000000003</AltitudeMeters>
     <DistanceMeters>87293.5864827024</DistanceMeters>
    </Trackpoint>
    <Trackpoint>
     <Time>2026-07-19T03:34:21+00:00</Time>
     <Position>
      <LatitudeDegrees>-33.5324200</LatitudeDegrees>
      <LongitudeDegrees>-70.8939800</LongitudeDegrees>
     </Position>
     <AltitudeMeters>422.15000000000003</AltitudeMeters>
     <DistanceMeters>87311.57130970761</DistanceMeters>
    </Trackpoint>
    <Trackpoint>
     <Time>2026-07-19T03:34:27+00:00</Time>
     <Position>
      <LatitudeDegrees>-33.5323300</LatitudeDegrees>
      <LongitudeDegrees>-70.8947900</LongitudeDegrees>
     </Position>
     <AltitudeMeters>426.47</AltitudeMeters>
     <DistanceMeters>87387.38221495588</DistanceMeters>
    </Trackpoint>
    <Trackpoint>
     <Time>2026-07-19T03:34:33+00:00</Time>
     <Position>
      <LatitudeDegrees>-33.5322400</LatitudeDegrees>
      <LongitudeDegrees>-70.8950600</LongitudeDegrees>
     </Position>
     <AltitudeMeters>428.03000000000003</AltitudeMeters>
     <DistanceMeters>87414.3594998504</DistanceMeters>
    </Trackpoint>
    <Trackpoint>
     <Time>2026-07-19T03:34:39+00:00</Time>
     <Position>
      <LatitudeDegrees>-33.5320800</LatitudeDegrees>
      <LongitudeDegrees>-70.8952500</LongitudeDegrees>
     </Position>
     <AltitudeMeters>430.06000000000006</AltitudeMeters>
     <DistanceMeters>87439.41562555566</DistanceMeters>
    </Trackpoint>
    <Trackpoint>
     <Time>2026-07-19T03:34:45+00:00</Time>
     <Position>
      <LatitudeDegrees>-33.5319500</LatitudeDegrees>
      <LongitudeDegrees>-70.8953700</LongitudeDegrees>
     </Position>
     <AltitudeMeters>431.33000000000004</AltitudeMeters>
     <DistanceMeters>87457.67146089542</DistanceMeters>
    </Trackpoint>
    <Trackpoint>
     <Time>2026-07-19T03:34:52+00:00</Time>
     <Position>
      <LatitudeDegrees>-33.5317700</LatitudeDegrees>
      <LongitudeDegrees>-70.8954600</LongitudeDegrees>
     </Position>
     <AltitudeMeters>432.43</AltitudeMeters>
     <DistanceMeters>87479.37506410667</DistanceMeters>
    </Trackpoint>
    <Trackpoint>
     <Time>2026-07-19T03:34:58+00:00</Time>
     <Position>
      <LatitudeDegrees>-33.5309250</LatitudeDegrees>
      <LongitudeDegrees>-70.8957050</LongitudeDegrees>
     </Position>
     <AltitudeMeters>434.56000000000006</AltitudeMeters>
     <DistanceMeters>87576.12771870868</DistanceMeters>
    </Trackpoint>
    <Trackpoint>
     <Time>2026-07-19T03:35:04+00:00</Time>
     <Position>
      <LatitudeDegrees>-33.5300800</LatitudeDegrees>
      <LongitudeDegrees>-70.8959500</LongitudeDegrees>
     </Position>
     <AltitudeMeters>438.89000000000004</AltitudeMeters>
     <DistanceMeters>87672.88038959714</DistanceMeters>
    </Trackpoint>
    <Trackpoint>
     <Time>2026-07-19T03:35:10+00:00</Time>
     <Position>
      <LatitudeDegrees>-33.5298700</LatitudeDegrees>
      <LongitudeDegrees>-70.8960900</LongitudeDegrees>
     </Position>
     <AltitudeMeters>439.53000000000003</AltitudeMeters>
     <DistanceMeters>87699.61909820653</DistanceMeters>
    </Trackpoint>
    <Trackpoint>
     <Time>2026-07-19T03:35:16+00:00</Time>
     <Position>
      <LatitudeDegrees>-33.5296900</LatitudeDegrees>
      <LongitudeDegrees>-70.8963500</LongitudeDegrees>
     </Position>
     <AltitudeMeters>441.48</AltitudeMeters>
     <DistanceMeters>87730.97493750852</DistanceMeters>
    </Trackpoint>
    <Trackpoint>
     <Time>2026-07-19T03:35:23+00:00</Time>
     <Position>
      <LatitudeDegrees>-33.5296200</LatitudeDegrees>
      <LongitudeDegrees>-70.8965400</LongitudeDegrees>
     </Position>
     <AltitudeMeters>441.48</AltitudeMeters>
     <DistanceMeters>87750.24725352065</DistanceMeters>
    </Trackpoint>
    <Trackpoint>
     <Time>2026-07-19T03:35:29+00:00</Time>
     <Position>
      <LatitudeDegrees>-33.5296000</LatitudeDegrees>
      <LongitudeDegrees>-70.8967600</LongitudeDegrees>
     </Position>
     <AltitudeMeters>443.09000000000003</AltitudeMeters>
     <DistanceMeters>87770.77901817996</DistanceMeters>
    </Trackpoint>
    <Trackpoint>
     <Time>2026-07-19T03:35:35+00:00</Time>
     <Position>
      <LatitudeDegrees>-33.5296200</LatitudeDegrees>
      <LongitudeDegrees>-70.8971200</LongitudeDegrees>
     </Position>
     <AltitudeMeters>444.75</AltitudeMeters>
     <DistanceMeters>87804.2525165558</DistanceMeters>
    </Trackpoint>
    <Trackpoint>
     <Time>2026-07-19T03:35:41+00:00</Time>
     <Position>
      <LatitudeDegrees>-33.5297300</LatitudeDegrees>
      <LongitudeDegrees>-70.8973400</LongitudeDegrees>
     </Position>
     <AltitudeMeters>445.88000000000005</AltitudeMeters>
     <DistanceMeters>87828.05330339896</DistanceMeters>
    </Trackpoint>
    <Trackpoint>
     <Time>2026-07-19T03:35:47+00:00</Time>
     <Position>
      <LatitudeDegrees>-33.5301800</LatitudeDegrees>
      <LongitudeDegrees>-70.8980600</LongitudeDegrees>
     </Position>
     <AltitudeMeters>449.79</AltitudeMeters>
     <DistanceMeters>87911.5419761333</DistanceMeters>
    </Trackpoint>
    <Trackpoint>
     <Time>2026-07-19T03:35:54+00:00</Time>
     <Position>
      <LatitudeDegrees>-33.5302500</LatitudeDegrees>
      <LongitudeDegrees>-70.8982800</LongitudeDegrees>
     </Position>
     <AltitudeMeters>451.59000000000003</AltitudeMeters>
     <DistanceMeters>87933.38889370573</DistanceMeters>
    </Trackpoint>
    <Trackpoint>
     <Time>2026-07-19T03:36:00+00:00</Time>
     <Position>
      <LatitudeDegrees>-33.5302500</LatitudeDegrees>
      <LongitudeDegrees>-70.8986400</LongitudeDegrees>
     </Position>
     <AltitudeMeters>452.34000000000003</AltitudeMeters>
     <DistanceMeters>87966.78805370684</DistanceMeters>
    </Trackpoint>
    <Trackpoint>
     <Time>2026-07-19T03:36:06+00:00</Time>
     <Position>
      <LatitudeDegrees>-33.5301800</LatitudeDegrees>
      <LongitudeDegrees>-70.8988600</LongitudeDegrees>
     </Position>
     <AltitudeMeters>454.0</AltitudeMeters>
     <DistanceMeters>87988.63497127927</DistanceMeters>
    </Trackpoint>
    <Trackpoint>
     <Time>2026-07-19T03:36:12+00:00</Time>
     <Position>
      <LatitudeDegrees>-33.5300900</LatitudeDegrees>
      <LongitudeDegrees>-70.8990400</LongitudeDegrees>
     </Position>
     <AltitudeMeters>455.23</AltitudeMeters>
     <DistanceMeters>88008.10826614522</DistanceMeters>
    </Trackpoint>
    <Trackpoint>
     <Time>2026-07-19T03:36:18+00:00</Time>
     <Position>
      <LatitudeDegrees>-33.5297750</LatitudeDegrees>
      <LongitudeDegrees>-70.8994650</LongitudeDegrees>
     </Position>
     <AltitudeMeters>456.37000000000006</AltitudeMeters>
     <DistanceMeters>88060.86978886546</DistanceMeters>
    </Trackpoint>
    <Trackpoint>
     <Time>2026-07-19T03:36:25+00:00</Time>
     <Position>
      <LatitudeDegrees>-33.5294600</LatitudeDegrees>
      <LongitudeDegrees>-70.8998900</LongitudeDegrees>
     </Position>
     <AltitudeMeters>459.99</AltitudeMeters>
     <DistanceMeters>88113.63135749091</DistanceMeters>
    </Trackpoint>
    <Trackpoint>
     <Time>2026-07-19T03:36:31+00:00</Time>
     <Position>
      <LatitudeDegrees>-33.5293300</LatitudeDegrees>
      <LongitudeDegrees>-70.9000300</LongitudeDegrees>
     </Position>
     <AltitudeMeters>460.47</AltitudeMeters>
     <DistanceMeters>88133.07465434638</DistanceMeters>
    </Trackpoint>
    <Trackpoint>
     <Time>2026-07-19T03:36:37+00:00</Time>
     <Position>
      <LatitudeDegrees>-33.5291500</LatitudeDegrees>
      <LongitudeDegrees>-70.9001300</LongitudeDegrees>
     </Position>
     <AltitudeMeters>461.29</AltitudeMeters>
     <DistanceMeters>88155.15190139947</DistanceMeters>
    </Trackpoint>
    <Trackpoint>
     <Time>2026-07-19T03:36:43+00:00</Time>
     <Position>
      <LatitudeDegrees>-33.5289700</LatitudeDegrees>
      <LongitudeDegrees>-70.9001600</LongitudeDegrees>
     </Position>
     <AltitudeMeters>463.18</AltitudeMeters>
     <DistanceMeters>88175.377547587</DistanceMeters>
    </Trackpoint>
    <Trackpoint>
     <Time>2026-07-19T03:36:49+00:00</Time>
     <Position>
      <LatitudeDegrees>-33.5288300</LatitudeDegrees>
      <LongitudeDegrees>-70.9001600</LongitudeDegrees>
     </Position>
     <AltitudeMeters>464.5400000000001</AltitudeMeters>
     <DistanceMeters>88190.95894270892</DistanceMeters>
    </Trackpoint>
    <Trackpoint>
     <Time>2026-07-19T03:36:56+00:00</Time>
     <Position>
      <LatitudeDegrees>-33.5287500</LatitudeDegrees>
      <LongitudeDegrees>-70.9001600</LongitudeDegrees>
     </Position>
     <AltitudeMeters>464.5400000000001</AltitudeMeters>
     <DistanceMeters>88199.86259706385</DistanceMeters>
    </Trackpoint>
    <Trackpoint>
     <Time>2026-07-19T03:37:02+00:00</Time>
     <Position>
      <LatitudeDegrees>-33.5283000</LatitudeDegrees>
      <LongitudeDegrees>-70.8999000</LongitudeDegrees>
     </Position>
     <AltitudeMeters>468.67</AltitudeMeters>
     <DistanceMeters>88255.45205673017</DistanceMeters>
    </Trackpoint>
    <Trackpoint>
     <Time>2026-07-19T03:37:08+00:00</Time>
     <Position>
      <LatitudeDegrees>-33.5281000</LatitudeDegrees>
      <LongitudeDegrees>-70.8998600</LongitudeDegrees>
     </Position>
     <AltitudeMeters>470.16</AltitudeMeters>
     <DistanceMeters>88278.0184351823</DistanceMeters>
    </Trackpoint>
    <Trackpoint>
     <Time>2026-07-19T03:37:14+00:00</Time>
     <Position>
      <LatitudeDegrees>-33.5278700</LatitudeDegrees>
      <LongitudeDegrees>-70.8999000</LongitudeDegrees>
     </Position>
     <AltitudeMeters>470.16</AltitudeMeters>
     <DistanceMeters>88303.8840552121</DistanceMeters>
    </Trackpoint>
    <Trackpoint>
     <Time>2026-07-19T03:37:20+00:00</Time>
     <Position>
      <LatitudeDegrees>-33.5271300</LatitudeDegrees>
      <LongitudeDegrees>-70.9002100</LongitudeDegrees>
     </Position>
     <AltitudeMeters>476.83000000000004</AltitudeMeters>
     <DistanceMeters>88391.1204290226</DistanceMeters>
    </Trackpoint>
    <Trackpoint>
     <Time>2026-07-19T03:37:27+00:00</Time>
     <Position>
      <LatitudeDegrees>-33.5268600</LatitudeDegrees>
      <LongitudeDegrees>-70.9003900</LongitudeDegrees>
     </Position>
     <AltitudeMeters>476.83000000000004</AltitudeMeters>
     <DistanceMeters>88425.49904823102</DistanceMeters>
    </Trackpoint>
    <Trackpoint>
     <Time>2026-07-19T03:37:33+00:00</Time>
     <Position>
      <LatitudeDegrees>-33.5267500</LatitudeDegrees>
      <LongitudeDegrees>-70.9005200</LongitudeDegrees>
     </Position>
     <AltitudeMeters>478.21000000000004</AltitudeMeters>
     <DistanceMeters>88442.6849170536</DistanceMeters>
    </Trackpoint>
    <Trackpoint>
     <Time>2026-07-19T03:37:39+00:00</Time>
     <Position>
      <LatitudeDegrees>-33.5266400</LatitudeDegrees>
      <LongitudeDegrees>-70.9006900</LongitudeDegrees>
     </Position>
     <AltitudeMeters>478.21000000000004</AltitudeMeters>
     <DistanceMeters>88462.65114723056</DistanceMeters>
    </Trackpoint>
    <Trackpoint>
     <Time>2026-07-19T03:37:45+00:00</Time>
     <Position>
      <LatitudeDegrees>-33.5263100</LatitudeDegrees>
      <LongitudeDegrees>-70.9013300</LongitudeDegrees>
     </Position>
     <AltitudeMeters>481.59000000000003</AltitudeMeters>
     <DistanceMeters>88532.47066955882</DistanceMeters>
    </Trackpoint>
    <Trackpoint>
     <Time>2026-07-19T03:37:51+00:00</Time>
     <Position>
      <LatitudeDegrees>-33.5261900</LatitudeDegrees>
      <LongitudeDegrees>-70.9014600</LongitudeDegrees>
     </Position>
     <AltitudeMeters>482.64</AltitudeMeters>
     <DistanceMeters>88550.46637542114</DistanceMeters>
    </Trackpoint>
    <Trackpoint>
     <Time>2026-07-19T03:37:58+00:00</Time>
     <Position>
      <LatitudeDegrees>-33.5260600</LatitudeDegrees>
      <LongitudeDegrees>-70.9015900</LongitudeDegrees>
     </Position>
     <AltitudeMeters>482.64</AltitudeMeters>
     <DistanceMeters>88569.30284724267</DistanceMeters>
    </Trackpoint>
    <Trackpoint>
     <Time>2026-07-19T03:38:04+00:00</Time>
     <Position>
      <LatitudeDegrees>-33.5253400</LatitudeDegrees>
      <LongitudeDegrees>-70.9020400</LongitudeDegrees>
     </Position>
     <AltitudeMeters>487.87</AltitudeMeters>
     <DistanceMeters>88659.66012802208</DistanceMeters>
    </Trackpoint>
    <Trackpoint>
     <Time>2026-07-19T03:38:10+00:00</Time>
     <Position>
      <LatitudeDegrees>-33.5250900</LatitudeDegrees>
      <LongitudeDegrees>-70.9022500</LongitudeDegrees>
     </Position>
     <AltitudeMeters>490.46000000000004</AltitudeMeters>
     <DistanceMeters>88693.62769941399</DistanceMeters>
    </Trackpoint>
    <Trackpoint>
     <Time>2026-07-19T03:38:16+00:00</Time>
     <Position>
      <LatitudeDegrees>-33.5247550</LatitudeDegrees>
      <LongitudeDegrees>-70.9027050</LongitudeDegrees>
     </Position>
     <AltitudeMeters>495.05</AltitudeMeters>
     <DistanceMeters>88749.95041844869</DistanceMeters>
    </Trackpoint>
    <Trackpoint>
     <Time>2026-07-19T03:38:22+00:00</Time>
     <Position>
      <LatitudeDegrees>-33.5244200</LatitudeDegrees>
      <LongitudeDegrees>-70.9031600</LongitudeDegrees>
     </Position>
     <AltitudeMeters>496.62000000000006</AltitudeMeters>
     <DistanceMeters>88806.27315808923</DistanceMeters>
    </Trackpoint>
    <Trackpoint>
     <Time>2026-07-19T03:38:29+00:00</Time>
     <Position>
      <LatitudeDegrees>-33.5243600</LatitudeDegrees>
      <LongitudeDegrees>-70.9034800</LongitudeDegrees>
     </Position>
     <AltitudeMeters>498.61000000000007</AltitudeMeters>
     <DistanceMeters>88836.70500774309</DistanceMeters>
    </Trackpoint>
    <Trackpoint>
     <Time>2026-07-19T03:38:35+00:00</Time>
     <Position>
      <LatitudeDegrees>-33.5243800</LatitudeDegrees>
      <LongitudeDegrees>-70.9036500</LongitudeDegrees>
     </Position>
     <AltitudeMeters>498.61000000000007</AltitudeMeters>
     <DistanceMeters>88852.63419489584</DistanceMeters>
    </Trackpoint>
    <Trackpoint>
     <Time>2026-07-19T03:38:41+00:00</Time>
     <Position>
      <LatitudeDegrees>-33.5244500</LatitudeDegrees>
      <LongitudeDegrees>-70.9037800</LongitudeDegrees>
     </Position>
     <AltitudeMeters>500.75</AltitudeMeters>
     <DistanceMeters>88866.99308359655</DistanceMeters>
    </Trackpoint>
    <Trackpoint>
     <Time>2026-07-19T03:38:47+00:00</Time>
     <Position>
      <LatitudeDegrees>-33.5247950</LatitudeDegrees>
      <LongitudeDegrees>-70.9042550</LongitudeDegrees>
     </Position>
     <AltitudeMeters>502.8</AltitudeMeters>
     <DistanceMeters>88925.44473123546</DistanceMeters>
    </Trackpoint>
    <Trackpoint>
     <Time>2026-07-19T03:38:53+00:00</Time>
     <Position>
      <LatitudeDegrees>-33.5251400</LatitudeDegrees>
      <LongitudeDegrees>-70.9047300</LongitudeDegrees>
     </Position>
     <AltitudeMeters>505.78</AltitudeMeters>
     <DistanceMeters>88983.89635316296</DistanceMeters>
    </Trackpoint>
    <Trackpoint>
     <Time>2026-07-19T03:39:00+00:00</Time>
     <Position>
      <LatitudeDegrees>-33.5253000</LatitudeDegrees>
      <LongitudeDegrees>-70.9051000</LongitudeDegrees>
     </Position>
     <AltitudeMeters>507.19</AltitudeMeters>
     <DistanceMeters>89022.5690100427</DistanceMeters>
    </Trackpoint>
    <Trackpoint>
     <Time>2026-07-19T03:39:06+00:00</Time>
     <Position>
      <LatitudeDegrees>-33.5253200</LatitudeDegrees>
      <LongitudeDegrees>-70.9052200</LongitudeDegrees>
     </Position>
     <AltitudeMeters>509.30000000000007</AltitudeMeters>
     <DistanceMeters>89033.9230282714</DistanceMeters>
    </Trackpoint>
    <Trackpoint>
     <Time>2026-07-19T03:39:12+00:00</Time>
     <Position>
      <LatitudeDegrees>-33.5253200</LatitudeDegrees>
      <LongitudeDegrees>-70.9054000</LongitudeDegrees>
     </Position>
     <AltitudeMeters>509.30000000000007</AltitudeMeters>
     <DistanceMeters>89050.62356037207</DistanceMeters>
    </Trackpoint>
    <Trackpoint>
     <Time>2026-07-19T03:39:18+00:00</Time>
     <Position>
      <LatitudeDegrees>-33.5252300</LatitudeDegrees>
      <LongitudeDegrees>-70.9056700</LongitudeDegrees>
     </Position>
     <AltitudeMeters>511.06000000000006</AltitudeMeters>
     <DistanceMeters>89077.60273085602</DistanceMeters>
    </Trackpoint>
    <Trackpoint>
     <Time>2026-07-19T03:39:24+00:00</Time>
     <Position>
      <LatitudeDegrees>-33.5248300</LatitudeDegrees>
      <LongitudeDegrees>-70.9062100</LongitudeDegrees>
     </Position>
     <AltitudeMeters>515.15</AltitudeMeters>
     <DistanceMeters>89144.62558747022</DistanceMeters>
    </Trackpoint>
    <Trackpoint>
     <Time>2026-07-19T03:39:31+00:00</Time>
     <Position>
      <LatitudeDegrees>-33.5247200</LatitudeDegrees>
      <LongitudeDegrees>-70.9064200</LongitudeDegrees>
     </Position>
     <AltitudeMeters>516.35</AltitudeMeters>
     <DistanceMeters>89167.6366427431</DistanceMeters>
    </Trackpoint>
    <Trackpoint>
     <Time>2026-07-19T03:39:37+00:00</Time>
     <Position>
      <LatitudeDegrees>-33.5246300</LatitudeDegrees>
      <LongitudeDegrees>-70.9066200</LongitudeDegrees>
     </Position>
     <AltitudeMeters>517.7</AltitudeMeters>
     <DistanceMeters>89188.72380040708</DistanceMeters>
    </Trackpoint>
    <Trackpoint>
     <Time>2026-07-19T03:39:43+00:00</Time>
     <Position>
      <LatitudeDegrees>-33.5245600</LatitudeDegrees>
      <LongitudeDegrees>-70.9068800</LongitudeDegrees>
     </Position>
     <AltitudeMeters>518.86</AltitudeMeters>
     <DistanceMeters>89214.07381837437</DistanceMeters>
    </Trackpoint>
    <Trackpoint>
     <Time>2026-07-19T03:39:49+00:00</Time>
     <Position>
      <LatitudeDegrees>-33.5244700</LatitudeDegrees>
      <LongitudeDegrees>-70.9075900</LongitudeDegrees>
     </Position>
     <AltitudeMeters>521.3000000000001</AltitudeMeters>
     <DistanceMeters>89280.70593870594</DistanceMeters>
    </Trackpoint>
    <Trackpoint>
     <Time>2026-07-19T03:39:55+00:00</Time>
     <Position>
      <LatitudeDegrees>-33.5243600</LatitudeDegrees>
      <LongitudeDegrees>-70.9078700</LongitudeDegrees>
     </Position>
     <AltitudeMeters>522.9100000000001</AltitudeMeters>
     <DistanceMeters>89309.42494774281</DistanceMeters>
    </Trackpoint>
    <Trackpoint>
     <Time>2026-07-19T03:40:02+00:00</Time>
     <Position>
      <LatitudeDegrees>-33.5242500</LatitudeDegrees>
      <LongitudeDegrees>-70.9080900</LongitudeDegrees>
     </Position>
     <AltitudeMeters>524.34</AltitudeMeters>
     <DistanceMeters>89333.22682156692</DistanceMeters>
    </Trackpoint>
    <Trackpoint>
     <Time>2026-07-19T03:40:08+00:00</Time>
     <Position>
      <LatitudeDegrees>-33.5237100</LatitudeDegrees>
      <LongitudeDegrees>-70.9085900</LongitudeDegrees>
     </Position>
     <AltitudeMeters>527.86</AltitudeMeters>
     <DistanceMeters>89409.14851014859</DistanceMeters>
    </Trackpoint>
    <Trackpoint>
     <Time>2026-07-19T03:40:14+00:00</Time>
     <Position>
      <LatitudeDegrees>-33.5235500</LatitudeDegrees>
      <LongitudeDegrees>-70.9088400</LongitudeDegrees>
     </Position>
     <AltitudeMeters>528.87</AltitudeMeters>
     <DistanceMeters>89438.39124954201</DistanceMeters>
    </Trackpoint>
    <Trackpoint>
     <Time>2026-07-19T03:40:20+00:00</Time>
     <Position>
      <LatitudeDegrees>-33.5234000</LatitudeDegrees>
      <LongitudeDegrees>-70.9095600</LongitudeDegrees>
     </Position>
     <AltitudeMeters>532.1100000000001</AltitudeMeters>
     <DistanceMeters>89507.24919134827</DistanceMeters>
    </Trackpoint>
    <Trackpoint>
     <Time>2026-07-19T03:40:26+00:00</Time>
     <Position>
      <LatitudeDegrees>-33.5233300</LatitudeDegrees>
      <LongitudeDegrees>-70.9097100</LongitudeDegrees>
     </Position>
     <AltitudeMeters>532.1100000000001</AltitudeMeters>
     <DistanceMeters>89523.19878941195</DistanceMeters>
    </Trackpoint>
    <Trackpoint>
     <Time>2026-07-19T03:40:32+00:00</Time>
     <Position>
      <LatitudeDegrees>-33.5232200</LatitudeDegrees>
      <LongitudeDegrees>-70.9098000</LongitudeDegrees>
     </Position>
     <AltitudeMeters>534.1700000000001</AltitudeMeters>
     <DistanceMeters>89538.01802193785</DistanceMeters>
    </Trackpoint>
    <Trackpoint>
     <Time>2026-07-19T03:40:39+00:00</Time>
     <Position>
      <LatitudeDegrees>-33.5231000</LatitudeDegrees>
      <LongitudeDegrees>-70.9098800</LongitudeDegrees>
     </Position>
     <AltitudeMeters>534.1700000000001</AltitudeMeters>
     <DistanceMeters>89553.2975681454</DistanceMeters>
    </Trackpoint>
    <Trackpoint>
     <Time>2026-07-19T03:40:45+00:00</Time>
     <Position>
      <LatitudeDegrees>-33.5229400</LatitudeDegrees>
      <LongitudeDegrees>-70.9098800</LongitudeDegrees>
     </Position>
     <AltitudeMeters>535.35</AltitudeMeters>
     <DistanceMeters>89571.10487685526</DistanceMeters>
    </Trackpoint>
    <Trackpoint>
     <Time>2026-07-19T03:40:51+00:00</Time>
     <Position>
      <LatitudeDegrees>-33.5225900</LatitudeDegrees>
      <LongitudeDegrees>-70.9098700</LongitudeDegrees>
     </Position>
     <AltitudeMeters>537.21</AltitudeMeters>
     <DistanceMeters>89610.06941316044</DistanceMeters>
    </Trackpoint>
    <Trackpoint>
     <Time>2026-07-19T03:40:57+00:00</Time>
     <Position>
      <LatitudeDegrees>-33.5222800</LatitudeDegrees>
      <LongitudeDegrees>-70.9097400</LongitudeDegrees>
     </Position>
     <AltitudeMeters>539.2600000000001</AltitudeMeters>
     <DistanceMeters>89646.61874918143</DistanceMeters>
    </Trackpoint>
    <Trackpoint>
     <Time>2026-07-19T03:41:03+00:00</Time>
     <Position>
      <LatitudeDegrees>-33.5219400</LatitudeDegrees>
      <LongitudeDegrees>-70.9095500</LongitudeDegrees>
     </Position>
     <AltitudeMeters>542.58</AltitudeMeters>
     <DistanceMeters>89688.36425441573</DistanceMeters>
    </Trackpoint>
    <Trackpoint>
     <Time>2026-07-19T03:41:10+00:00</Time>
     <Position>
      <LatitudeDegrees>-33.5218700</LatitudeDegrees>
      <LongitudeDegrees>-70.9095200</LongitudeDegrees>
     </Position>
     <AltitudeMeters>543.19</AltitudeMeters>
     <DistanceMeters>89696.63728399776</DistanceMeters>
    </Trackpoint>
    <Trackpoint>
     <Time>2026-07-19T03:41:16+00:00</Time>
     <Position>
      <LatitudeDegrees>-33.5217400</LatitudeDegrees>
      <LongitudeDegrees>-70.9095200</LongitudeDegrees>
     </Position>
     <AltitudeMeters>543.19</AltitudeMeters>
     <DistanceMeters>89711.10572232491</DistanceMeters>
    </Trackpoint>
    <Trackpoint>
     <Time>2026-07-19T03:41:22+00:00</Time>
     <Position>
      <LatitudeDegrees>-33.5216700</LatitudeDegrees>
      <LongitudeDegrees>-70.9095600</LongitudeDegrees>
     </Position>
     <AltitudeMeters>543.19</AltitudeMeters>
     <DistanceMeters>89719.7352844952</DistanceMeters>
    </Trackpoint>
    <Trackpoint>
     <Time>2026-07-19T03:41:28+00:00</Time>
     <Position>
      <LatitudeDegrees>-33.5215800</LatitudeDegrees>
      <LongitudeDegrees>-70.9096200</LongitudeDegrees>
     </Position>
     <AltitudeMeters>546.0200000000001</AltitudeMeters>
     <DistanceMeters>89731.19499214781</DistanceMeters>
    </Trackpoint>
    <Trackpoint>
     <Time>2026-07-19T03:41:34+00:00</Time>
     <Position>
      <LatitudeDegrees>-33.5214900</LatitudeDegrees>
      <LongitudeDegrees>-70.9097400</LongitudeDegrees>
     </Position>
     <AltitudeMeters>546.0200000000001</AltitudeMeters>
     <DistanceMeters>89746.17171939784</DistanceMeters>
    </Trackpoint>
    <Trackpoint>
     <Time>2026-07-19T03:41:41+00:00</Time>
     <Position>
      <LatitudeDegrees>-33.5213100</LatitudeDegrees>
      <LongitudeDegrees>-70.9101900</LongitudeDegrees>
     </Position>
     <AltitudeMeters>548.37</AltitudeMeters>
     <DistanceMeters>89792.48221061578</DistanceMeters>
    </Trackpoint>
    <Trackpoint>
     <Time>2026-07-19T03:41:47+00:00</Time>
     <Position>
      <LatitudeDegrees>-33.5212200</LatitudeDegrees>
      <LongitudeDegrees>-70.9102900</LongitudeDegrees>
     </Position>
     <AltitudeMeters>549.79</AltitudeMeters>
     <DistanceMeters>89806.13589938871</DistanceMeters>
    </Trackpoint>
    <Trackpoint>
     <Time>2026-07-19T03:41:53+00:00</Time>
     <Position>
      <LatitudeDegrees>-33.5211100</LatitudeDegrees>
      <LongitudeDegrees>-70.9103700</LongitudeDegrees>
     </Position>
     <AltitudeMeters>549.79</AltitudeMeters>
     <DistanceMeters>89820.45293815386</DistanceMeters>
    </Trackpoint>
    <Trackpoint>
     <Time>2026-07-19T03:41:59+00:00</Time>
     <Position>
      <LatitudeDegrees>-33.5209300</LatitudeDegrees>
      <LongitudeDegrees>-70.9104100</LongitudeDegrees>
     </Position>
     <AltitudeMeters>551.86</AltitudeMeters>
     <DistanceMeters>89840.82705380676</DistanceMeters>
    </Trackpoint>
    <Trackpoint>
     <Time>2026-07-19T03:42:05+00:00</Time>
     <Position>
      <LatitudeDegrees>-33.5202600</LatitudeDegrees>
      <LongitudeDegrees>-70.9102800</LongitudeDegrees>
     </Position>
     <AltitudeMeters>555.96</AltitudeMeters>
     <DistanceMeters>89916.36444775586</DistanceMeters>
    </Trackpoint>
    <Trackpoint>
     <Time>2026-07-19T03:42:12+00:00</Time>
     <Position>
      <LatitudeDegrees>-33.5201900</LatitudeDegrees>
      <LongitudeDegrees>-70.9102800</LongitudeDegrees>
     </Position>
     <AltitudeMeters>556.7500000000001</AltitudeMeters>
     <DistanceMeters>89924.1551453168</DistanceMeters>
    </Trackpoint>
    <Trackpoint>
     <Time>2026-07-19T03:42:18+00:00</Time>
     <Position>
      <LatitudeDegrees>-33.5200600</LatitudeDegrees>
      <LongitudeDegrees>-70.9102900</LongitudeDegrees>
     </Position>
     <AltitudeMeters>557.21</AltitudeMeters>
     <DistanceMeters>89938.65330511391</DistanceMeters>
    </Trackpoint>
    <Trackpoint>
     <Time>2026-07-19T03:42:24+00:00</Time>
     <Position>
      <LatitudeDegrees>-33.5199500</LatitudeDegrees>
      <LongitudeDegrees>-70.9104100</LongitudeDegrees>
     </Position>
     <AltitudeMeters>558.09</AltitudeMeters>
     <DistanceMeters>89955.20182945766</DistanceMeters>
    </Trackpoint>
    <Trackpoint>
     <Time>2026-07-19T03:42:30+00:00</Time>
     <Position>
      <LatitudeDegrees>-33.5198600</LatitudeDegrees>
      <LongitudeDegrees>-70.9105000</LongitudeDegrees>
     </Position>
     <AltitudeMeters>558.8100000000001</AltitudeMeters>
     <DistanceMeters>89968.24284834179</DistanceMeters>
    </Trackpoint>
    <Trackpoint>
     <Time>2026-07-19T03:42:36+00:00</Time>
     <Position>
      <LatitudeDegrees>-33.5198100</LatitudeDegrees>
      <LongitudeDegrees>-70.9106900</LongitudeDegrees>
     </Position>
     <AltitudeMeters>558.8100000000001</AltitudeMeters>
     <DistanceMeters>89986.72972448569</DistanceMeters>
    </Trackpoint>
    <Trackpoint>
     <Time>2026-07-19T03:42:43+00:00</Time>
     <Position>
      <LatitudeDegrees>-33.5197550</LatitudeDegrees>
      <LongitudeDegrees>-70.9112700</LongitudeDegrees>
     </Position>
     <AltitudeMeters>563.1400000000001</AltitudeMeters>
     <DistanceMeters>90040.89300101485</DistanceMeters>
    </Trackpoint>
    <Trackpoint>
     <Time>2026-07-19T03:42:49+00:00</Time>
     <Position>
      <LatitudeDegrees>-33.5197000</LatitudeDegrees>
      <LongitudeDegrees>-70.9118500</LongitudeDegrees>
     </Position>
     <AltitudeMeters>564.4</AltitudeMeters>
     <DistanceMeters>90095.05631825911</DistanceMeters>
    </Trackpoint>
    <Trackpoint>
     <Time>2026-07-19T03:42:55+00:00</Time>
     <Position>
      <LatitudeDegrees>-33.5194333</LatitudeDegrees>
      <LongitudeDegrees>-70.9125200</LongitudeDegrees>
     </Position>
     <AltitudeMeters>567.73</AltitudeMeters>
     <DistanceMeters>90163.94480057941</DistanceMeters>
    </Trackpoint>
    <Trackpoint>
     <Time>2026-07-19T03:43:01+00:00</Time>
     <Position>
      <LatitudeDegrees>-33.5191667</LatitudeDegrees>
      <LongitudeDegrees>-70.9131900</LongitudeDegrees>
     </Position>
     <AltitudeMeters>571.49</AltitudeMeters>
     <DistanceMeters>90232.83328290028</DistanceMeters>
    </Trackpoint>
    <Trackpoint>
     <Time>2026-07-19T03:43:07+00:00</Time>
     <Position>
      <LatitudeDegrees>-33.5189000</LatitudeDegrees>
      <LongitudeDegrees>-70.9138600</LongitudeDegrees>
     </Position>
     <AltitudeMeters>575.49</AltitudeMeters>
     <DistanceMeters>90301.7217422108</DistanceMeters>
    </Trackpoint>
    <Trackpoint>
     <Time>2026-07-19T03:43:14+00:00</Time>
     <Position>
      <LatitudeDegrees>-33.5188800</LatitudeDegrees>
      <LongitudeDegrees>-70.9140200</LongitudeDegrees>
     </Position>
     <AltitudeMeters>575.49</AltitudeMeters>
     <DistanceMeters>90316.73370520218</DistanceMeters>
    </Trackpoint>
    <Trackpoint>
     <Time>2026-07-19T03:43:20+00:00</Time>
     <Position>
      <LatitudeDegrees>-33.5188700</LatitudeDegrees>
      <LongitudeDegrees>-70.9140400</LongitudeDegrees>
     </Position>
     <AltitudeMeters>575.49</AltitudeMeters>
     <DistanceMeters>90316.73370520218</DistanceMeters>
    </Trackpoint>
    <Trackpoint>
     <Time>2026-07-19T03:43:26+00:00</Time>
     <Position>
      <LatitudeDegrees>-33.5189000</LatitudeDegrees>
      <LongitudeDegrees>-70.9143100</LongitudeDegrees>
     </Position>
     <AltitudeMeters>577.3000000000001</AltitudeMeters>
     <DistanceMeters>90342.0078803356</DistanceMeters>
    </Trackpoint>
    <Trackpoint>
     <Time>2026-07-19T03:43:32+00:00</Time>
     <Position>
      <LatitudeDegrees>-33.5190300</LatitudeDegrees>
      <LongitudeDegrees>-70.9144800</LongitudeDegrees>
     </Position>
     <AltitudeMeters>577.85</AltitudeMeters>
     <DistanceMeters>90363.41234517071</DistanceMeters>
    </Trackpoint>
    <Trackpoint>
     <Time>2026-07-19T03:43:38+00:00</Time>
     <Position>
      <LatitudeDegrees>-33.5195400</LatitudeDegrees>
      <LongitudeDegrees>-70.9147100</LongitudeDegrees>
     </Position>
     <AltitudeMeters>581.5100000000001</AltitudeMeters>
     <DistanceMeters>90424.0525032373</DistanceMeters>
    </Trackpoint>
    <Trackpoint>
     <Time>2026-07-19T03:43:45+00:00</Time>
     <Position>
      <LatitudeDegrees>-33.5196600</LatitudeDegrees>
      <LongitudeDegrees>-70.9148900</LongitudeDegrees>
     </Position>
     <AltitudeMeters>582.23</AltitudeMeters>
     <DistanceMeters>90445.4373939912</DistanceMeters>
    </Trackpoint>
    <Trackpoint>
     <Time>2026-07-19T03:43:51+00:00</Time>
     <Position>
      <LatitudeDegrees>-33.5196800</LatitudeDegrees>
      <LongitudeDegrees>-70.9151200</LongitudeDegrees>
     </Position>
     <AltitudeMeters>582.23</AltitudeMeters>
     <DistanceMeters>90466.89412688692</DistanceMeters>
    </Trackpoint>
    <Trackpoint>
     <Time>2026-07-19T03:43:57+00:00</Time>
     <Position>
      <LatitudeDegrees>-33.5195400</LatitudeDegrees>
      <LongitudeDegrees>-70.9155600</LongitudeDegrees>
     </Position>
     <AltitudeMeters>584.98</AltitudeMeters>
     <DistanceMeters>90510.59263898252</DistanceMeters>
    </Trackpoint>
    <Trackpoint>
     <Time>2026-07-19T03:44:03+00:00</Time>
     <Position>
      <LatitudeDegrees>-33.5195400</LatitudeDegrees>
      <LongitudeDegrees>-70.9157800</LongitudeDegrees>
     </Position>
     <AltitudeMeters>585.7800000000001</AltitudeMeters>
     <DistanceMeters>90531.00576455967</DistanceMeters>
    </Trackpoint>
    <Trackpoint>
     <Time>2026-07-19T03:44:09+00:00</Time>
     <Position>
      <LatitudeDegrees>-33.5196100</LatitudeDegrees>
      <LongitudeDegrees>-70.9159200</LongitudeDegrees>
     </Position>
     <AltitudeMeters>586.71</AltitudeMeters>
     <DistanceMeters>90546.15302074225</DistanceMeters>
    </Trackpoint>
    <Trackpoint>
     <Time>2026-07-19T03:44:16+00:00</Time>
     <Position>
      <LatitudeDegrees>-33.5198600</LatitudeDegrees>
      <LongitudeDegrees>-70.9162300</LongitudeDegrees>
     </Position>
     <AltitudeMeters>588.5400000000001</AltitudeMeters>
     <DistanceMeters>90586.17216100039</DistanceMeters>
    </Trackpoint>
    <Trackpoint>
     <Time>2026-07-19T03:44:22+00:00</Time>
     <Position>
      <LatitudeDegrees>-33.5199500</LatitudeDegrees>
      <LongitudeDegrees>-70.9164100</LongitudeDegrees>
     </Position>
     <AltitudeMeters>589.1500000000001</AltitudeMeters>
     <DistanceMeters>90605.6471500215</DistanceMeters>
    </Trackpoint>
    <Trackpoint>
     <Time>2026-07-19T03:44:28+00:00</Time>
     <Position>
      <LatitudeDegrees>-33.5199700</LatitudeDegrees>
      <LongitudeDegrees>-70.9165900</LongitudeDegrees>
     </Position>
     <AltitudeMeters>590.04</AltitudeMeters>
     <DistanceMeters>90622.49639436729</DistanceMeters>
    </Trackpoint>
    <Trackpoint>
     <Time>2026-07-19T03:44:34+00:00</Time>
     <Position>
      <LatitudeDegrees>-33.5199300</LatitudeDegrees>
      <LongitudeDegrees>-70.9169600</LongitudeDegrees>
     </Position>
     <AltitudeMeters>591.98</AltitudeMeters>
     <DistanceMeters>90657.11483646519</DistanceMeters>
    </Trackpoint>
    <Trackpoint>
     <Time>2026-07-19T03:44:40+00:00</Time>
     <Position>
      <LatitudeDegrees>-33.5199300</LatitudeDegrees>
      <LongitudeDegrees>-70.9171400</LongitudeDegrees>
     </Position>
     <AltitudeMeters>591.98</AltitudeMeters>
     <DistanceMeters>90673.81640936142</DistanceMeters>
    </Trackpoint>
    <Trackpoint>
     <Time>2026-07-19T03:44:47+00:00</Time>
     <Position>
      <LatitudeDegrees>-33.5199700</LatitudeDegrees>
      <LongitudeDegrees>-70.9172600</LongitudeDegrees>
     </Position>
     <AltitudeMeters>593.4200000000001</AltitudeMeters>
     <DistanceMeters>90685.80778830046</DistanceMeters>
    </Trackpoint>
    <Trackpoint>
     <Time>2026-07-19T03:44:53+00:00</Time>
     <Position>
      <LatitudeDegrees>-33.5200400</LatitudeDegrees>
      <LongitudeDegrees>-70.9173200</LongitudeDegrees>
     </Position>
     <AltitudeMeters>593.4200000000001</AltitudeMeters>
     <DistanceMeters>90695.38320108477</DistanceMeters>
    </Trackpoint>
    <Trackpoint>
     <Time>2026-07-19T03:44:59+00:00</Time>
     <Position>
      <LatitudeDegrees>-33.5201700</LatitudeDegrees>
      <LongitudeDegrees>-70.9174000</LongitudeDegrees>
     </Position>
     <AltitudeMeters>593.4200000000001</AltitudeMeters>
     <DistanceMeters>90711.64466612051</DistanceMeters>
    </Trackpoint>
    <Trackpoint>
     <Time>2026-07-19T03:45:05+00:00</Time>
     <Position>
      <LatitudeDegrees>-33.5202800</LatitudeDegrees>
      <LongitudeDegrees>-70.9174000</LongitudeDegrees>
     </Position>
     <AltitudeMeters>594.83</AltitudeMeters>
     <DistanceMeters>90723.88719085894</DistanceMeters>
    </Trackpoint>
    <Trackpoint>
     <Time>2026-07-19T03:45:11+00:00</Time>
     <Position>
      <LatitudeDegrees>-33.5203300</LatitudeDegrees>
      <LongitudeDegrees>-70.9173600</LongitudeDegrees>
     </Position>
     <AltitudeMeters>594.83</AltitudeMeters>
     <DistanceMeters>90730.57611015342</DistanceMeters>
    </Trackpoint>
    <Trackpoint>
     <Time>2026-07-19T03:45:18+00:00</Time>
     <Position>
      <LatitudeDegrees>-33.5209800</LatitudeDegrees>
      <LongitudeDegrees>-70.9166800</LongitudeDegrees>
     </Position>
     <AltitudeMeters>599.07</AltitudeMeters>
     <DistanceMeters>90826.56717040611</DistanceMeters>
    </Trackpoint>
    <Trackpoint>
     <Time>2026-07-19T03:45:24+00:00</Time>
     <Position>
      <LatitudeDegrees>-33.5213800</LatitudeDegrees>
      <LongitudeDegrees>-70.9162900</LongitudeDegrees>
     </Position>
     <AltitudeMeters>601.13</AltitudeMeters>
     <DistanceMeters>90883.93718800266</DistanceMeters>
    </Trackpoint>
    <Trackpoint>
     <Time>2026-07-19T03:45:30+00:00</Time>
     <Position>
      <LatitudeDegrees>-33.5215400</LatitudeDegrees>
      <LongitudeDegrees>-70.9161900</LongitudeDegrees>
     </Position>
     <AltitudeMeters>602.59</AltitudeMeters>
     <DistanceMeters>90904.01679391316</DistanceMeters>
    </Trackpoint>
    <Trackpoint>
     <Time>2026-07-19T03:45:36+00:00</Time>
     <Position>
      <LatitudeDegrees>-33.5219800</LatitudeDegrees>
      <LongitudeDegrees>-70.9161000</LongitudeDegrees>
     </Position>
     <AltitudeMeters>605.36</AltitudeMeters>
     <DistanceMeters>90953.69378330566</DistanceMeters>
    </Trackpoint>
    <Trackpoint>
     <Time>2026-07-19T03:45:42+00:00</Time>
     <Position>
      <LatitudeDegrees>-33.5220700</LatitudeDegrees>
      <LongitudeDegrees>-70.9160500</LongitudeDegrees>
     </Position>
     <AltitudeMeters>605.9</AltitudeMeters>
     <DistanceMeters>90964.73256948126</DistanceMeters>
    </Trackpoint>
    <Trackpoint>
     <Time>2026-07-19T03:45:48+00:00</Time>
     <Position>
      <LatitudeDegrees>-33.5222100</LatitudeDegrees>
      <LongitudeDegrees>-70.9158700</LongitudeDegrees>
     </Position>
     <AltitudeMeters>605.9</AltitudeMeters>
     <DistanceMeters>90987.57350110172</DistanceMeters>
    </Trackpoint>
    <Trackpoint>
     <Time>2026-07-19T03:45:55+00:00</Time>
     <Position>
      <LatitudeDegrees>-33.5223700</LatitudeDegrees>
      <LongitudeDegrees>-70.9153500</LongitudeDegrees>
     </Position>
     <AltitudeMeters>609.5400000000001</AltitudeMeters>
     <DistanceMeters>91039.00246268592</DistanceMeters>
    </Trackpoint>
    <Trackpoint>
     <Time>2026-07-19T03:46:01+00:00</Time>
     <Position>
      <LatitudeDegrees>-33.5225400</LatitudeDegrees>
      <LongitudeDegrees>-70.9152500</LongitudeDegrees>
     </Position>
     <AltitudeMeters>610.47</AltitudeMeters>
     <DistanceMeters>91060.07530767765</DistanceMeters>
    </Trackpoint>
    <Trackpoint>
     <Time>2026-07-19T03:46:07+00:00</Time>
     <Position>
      <LatitudeDegrees>-33.5226300</LatitudeDegrees>
      <LongitudeDegrees>-70.9152500</LongitudeDegrees>
     </Position>
     <AltitudeMeters>611.0600000000001</AltitudeMeters>
     <DistanceMeters>91070.09191882733</DistanceMeters>
    </Trackpoint>
    <Trackpoint>
     <Time>2026-07-19T03:46:13+00:00</Time>
     <Position>
      <LatitudeDegrees>-33.5227500</LatitudeDegrees>
      <LongitudeDegrees>-70.9152900</LongitudeDegrees>
     </Position>
     <AltitudeMeters>611.38</AltitudeMeters>
     <DistanceMeters>91083.95348252036</DistanceMeters>
    </Trackpoint>
    <Trackpoint>
     <Time>2026-07-19T03:46:19+00:00</Time>
     <Position>
      <LatitudeDegrees>-33.5230600</LatitudeDegrees>
      <LongitudeDegrees>-70.9155600</LongitudeDegrees>
     </Position>
     <AltitudeMeters>614.68</AltitudeMeters>
     <DistanceMeters>91126.59081500852</DistanceMeters>
    </Trackpoint>
    <Trackpoint>
     <Time>2026-07-19T03:46:26+00:00</Time>
     <Position>
      <LatitudeDegrees>-33.5231900</LatitudeDegrees>
      <LongitudeDegrees>-70.9156100</LongitudeDegrees>
     </Position>
     <AltitudeMeters>615.47</AltitudeMeters>
     <DistanceMeters>91141.78480926623</DistanceMeters>
    </Trackpoint>
    <Trackpoint>
     <Time>2026-07-19T03:46:32+00:00</Time>
     <Position>
      <LatitudeDegrees>-33.5233500</LatitudeDegrees>
      <LongitudeDegrees>-70.9156500</LongitudeDegrees>
     </Position>
     <AltitudeMeters>615.47</AltitudeMeters>
     <DistanceMeters>91159.97475483545</DistanceMeters>
    </Trackpoint>
    <Trackpoint>
     <Time>2026-07-19T03:46:38+00:00</Time>
     <Position>
      <LatitudeDegrees>-33.5239100</LatitudeDegrees>
      <LongitudeDegrees>-70.9156900</LongitudeDegrees>
     </Position>
     <AltitudeMeters>618.83</AltitudeMeters>
     <DistanceMeters>91222.41073600549</DistanceMeters>
    </Trackpoint>
    <Trackpoint>
     <Time>2026-07-19T03:46:44+00:00</Time>
     <Position>
      <LatitudeDegrees>-33.5240900</LatitudeDegrees>
      <LongitudeDegrees>-70.9157400</LongitudeDegrees>
     </Position>
     <AltitudeMeters>620.45</AltitudeMeters>
     <DistanceMeters>91242.97408481082</DistanceMeters>
    </Trackpoint>
    <Trackpoint>
     <Time>2026-07-19T03:46:50+00:00</Time>
     <Position>
      <LatitudeDegrees>-33.5242200</LatitudeDegrees>
      <LongitudeDegrees>-70.9158300</LongitudeDegrees>
     </Position>
     <AltitudeMeters>620.45</AltitudeMeters>
     <DistanceMeters>91259.67930942228</DistanceMeters>
    </Trackpoint>
    <Trackpoint>
     <Time>2026-07-19T03:46:57+00:00</Time>
     <Position>
      <LatitudeDegrees>-33.5244000</LatitudeDegrees>
      <LongitudeDegrees>-70.9160000</LongitudeDegrees>
     </Position>
     <AltitudeMeters>624.02</AltitudeMeters>
     <DistanceMeters>91285.17665542098</DistanceMeters>
    </Trackpoint>
    <Trackpoint>
     <Time>2026-07-19T03:47:03+00:00</Time>
     <Position>
      <LatitudeDegrees>-33.5244900</LatitudeDegrees>
      <LongitudeDegrees>-70.9161100</LongitudeDegrees>
     </Position>
     <AltitudeMeters>624.02</AltitudeMeters>
     <DistanceMeters>91299.47681654137</DistanceMeters>
    </Trackpoint>
    <Trackpoint>
     <Time>2026-07-19T03:47:09+00:00</Time>
     <Position>
      <LatitudeDegrees>-33.5246000</LatitudeDegrees>
      <LongitudeDegrees>-70.9164200</LongitudeDegrees>
     </Position>
     <AltitudeMeters>624.47</AltitudeMeters>
     <DistanceMeters>91330.73619057525</DistanceMeters>
    </Trackpoint>
    <Trackpoint>
     <Time>2026-07-19T03:47:15+00:00</Time>
     <Position>
      <LatitudeDegrees>-33.5246000</LatitudeDegrees>
      <LongitudeDegrees>-70.9165600</LongitudeDegrees>
     </Position>
     <AltitudeMeters>625.11</AltitudeMeters>
     <DistanceMeters>91343.72560146163</DistanceMeters>
    </Trackpoint>
    <Trackpoint>
     <Time>2026-07-19T03:47:21+00:00</Time>
     <Position>
      <LatitudeDegrees>-33.5245100</LatitudeDegrees>
      <LongitudeDegrees>-70.9171300</LongitudeDegrees>
     </Position>
     <AltitudeMeters>628.2700000000001</AltitudeMeters>
     <DistanceMeters>91397.55131224802</DistanceMeters>
    </Trackpoint>
    <Trackpoint>
     <Time>2026-07-19T03:47:28+00:00</Time>
     <Position>
      <LatitudeDegrees>-33.5244900</LatitudeDegrees>
      <LongitudeDegrees>-70.9174400</LongitudeDegrees>
     </Position>
     <AltitudeMeters>628.74</AltitudeMeters>
     <DistanceMeters>91426.39961558158</DistanceMeters>
    </Trackpoint>
    <Trackpoint>
     <Time>2026-07-19T03:47:34+00:00</Time>
     <Position>
      <LatitudeDegrees>-33.5246500</LatitudeDegrees>
      <LongitudeDegrees>-70.9183400</LongitudeDegrees>
     </Position>
     <AltitudeMeters>632.58</AltitudeMeters>
     <DistanceMeters>91511.78061753014</DistanceMeters>
    </Trackpoint>
    <Trackpoint>
     <Time>2026-07-19T03:47:40+00:00</Time>
     <Position>
      <LatitudeDegrees>-33.5247200</LatitudeDegrees>
      <LongitudeDegrees>-70.9186100</LongitudeDegrees>
     </Position>
     <AltitudeMeters>634.45</AltitudeMeters>
     <DistanceMeters>91538.01507334791</DistanceMeters>
    </Trackpoint>
    <Trackpoint>
     <Time>2026-07-19T03:47:46+00:00</Time>
     <Position>
      <LatitudeDegrees>-33.5247400</LatitudeDegrees>
      <LongitudeDegrees>-70.9188800</LongitudeDegrees>
     </Position>
     <AltitudeMeters>634.8900000000001</AltitudeMeters>
     <DistanceMeters>91563.16474018079</DistanceMeters>
    </Trackpoint>
    <Trackpoint>
     <Time>2026-07-19T03:47:52+00:00</Time>
     <Position>
      <LatitudeDegrees>-33.5247200</LatitudeDegrees>
      <LongitudeDegrees>-70.9190600</LongitudeDegrees>
     </Position>
     <AltitudeMeters>636.0600000000001</AltitudeMeters>
     <DistanceMeters>91580.01307153153</DistanceMeters>
    </Trackpoint>
    <Trackpoint>
     <Time>2026-07-19T03:47:59+00:00</Time>
     <Position>
      <LatitudeDegrees>-33.5246500</LatitudeDegrees>
      <LongitudeDegrees>-70.9192300</LongitudeDegrees>
     </Position>
     <AltitudeMeters>637.27</AltitudeMeters>
     <DistanceMeters>91597.60504323016</DistanceMeters>
    </Trackpoint>
    <Trackpoint>
     <Time>2026-07-19T03:48:05+00:00</Time>
     <Position>
      <LatitudeDegrees>-33.5245100</LatitudeDegrees>
      <LongitudeDegrees>-70.9194100</LongitudeDegrees>
     </Position>
     <AltitudeMeters>637.27</AltitudeMeters>
     <DistanceMeters>91620.44563033851</DistanceMeters>
    </Trackpoint>
    <Trackpoint>
     <Time>2026-07-19T03:48:11+00:00</Time>
     <Position>
      <LatitudeDegrees>-33.5243100</LatitudeDegrees>
      <LongitudeDegrees>-70.9196400</LongitudeDegrees>
     </Position>
     <AltitudeMeters>639.1600000000001</AltitudeMeters>
     <DistanceMeters>91651.28158192431</DistanceMeters>
    </Trackpoint>
    <Trackpoint>
     <Time>2026-07-19T03:48:17+00:00</Time>
     <Position>
      <LatitudeDegrees>-33.5242200</LatitudeDegrees>
      <LongitudeDegrees>-70.9198100</LongitudeDegrees>
     </Position>
     <AltitudeMeters>639.7900000000001</AltitudeMeters>
     <DistanceMeters>91669.96626589543</DistanceMeters>
    </Trackpoint>
    <Trackpoint>
     <Time>2026-07-19T03:48:23+00:00</Time>
     <Position>
      <LatitudeDegrees>-33.5242000</LatitudeDegrees>
      <LongitudeDegrees>-70.9199000</LongitudeDegrees>
     </Position>
     <AltitudeMeters>640.54</AltitudeMeters>
     <DistanceMeters>91678.60822309907</DistanceMeters>
    </Trackpoint>
    <Trackpoint>
     <Time>2026-07-19T03:48:30+00:00</Time>
     <Position>
      <LatitudeDegrees>-33.5242000</LatitudeDegrees>
      <LongitudeDegrees>-70.9200400</LongitudeDegrees>
     </Position>
     <AltitudeMeters>640.95</AltitudeMeters>
     <DistanceMeters>91691.59769406171</DistanceMeters>
    </Trackpoint>
    <Trackpoint>
     <Time>2026-07-19T03:48:36+00:00</Time>
     <Position>
      <LatitudeDegrees>-33.5242700</LatitudeDegrees>
      <LongitudeDegrees>-70.9202200</LongitudeDegrees>
     </Position>
     <AltitudeMeters>640.95</AltitudeMeters>
     <DistanceMeters>91710.02619750763</DistanceMeters>
    </Trackpoint>
    <Trackpoint>
     <Time>2026-07-19T03:48:42+00:00</Time>
     <Position>
      <LatitudeDegrees>-33.5243800</LatitudeDegrees>
      <LongitudeDegrees>-70.9203500</LongitudeDegrees>
     </Position>
     <AltitudeMeters>643.0300000000001</AltitudeMeters>
     <DistanceMeters>91727.21230907962</DistanceMeters>
    </Trackpoint>
    <Trackpoint>
     <Time>2026-07-19T03:48:48+00:00</Time>
     <Position>
      <LatitudeDegrees>-33.5248050</LatitudeDegrees>
      <LongitudeDegrees>-70.9206400</LongitudeDegrees>
     </Position>
     <AltitudeMeters>645.2</AltitudeMeters>
     <DistanceMeters>91781.63028871107</DistanceMeters>
    </Trackpoint>
    <Trackpoint>
     <Time>2026-07-19T03:48:54+00:00</Time>
     <Position>
      <LatitudeDegrees>-33.5252300</LatitudeDegrees>
      <LongitudeDegrees>-70.9209300</LongitudeDegrees>
     </Position>
     <AltitudeMeters>647.66</AltitudeMeters>
     <DistanceMeters>91836.04826758611</DistanceMeters>
    </Trackpoint>
    <Trackpoint>
     <Time>2026-07-19T03:49:01+00:00</Time>
     <Position>
      <LatitudeDegrees>-33.5256100</LatitudeDegrees>
      <LongitudeDegrees>-70.9210300</LongitudeDegrees>
     </Position>
     <AltitudeMeters>649.11</AltitudeMeters>
     <DistanceMeters>91879.3463738701</DistanceMeters>
    </Trackpoint>
    <Trackpoint>
     <Time>2026-07-19T03:49:07+00:00</Time>
     <Position>
      <LatitudeDegrees>-33.5260600</LatitudeDegrees>
      <LongitudeDegrees>-70.9210700</LongitudeDegrees>
     </Position>
     <AltitudeMeters>651.1600000000001</AltitudeMeters>
     <DistanceMeters>91929.56674356599</DistanceMeters>
    </Trackpoint>
    <Trackpoint>
     <Time>2026-07-19T03:49:13+00:00</Time>
     <Position>
      <LatitudeDegrees>-33.5261700</LatitudeDegrees>
      <LongitudeDegrees>-70.9211100</LongitudeDegrees>
     </Position>
     <AltitudeMeters>651.5500000000001</AltitudeMeters>
     <DistanceMeters>91942.35941264135</DistanceMeters>
    </Trackpoint>
    <Trackpoint>
     <Time>2026-07-19T03:49:19+00:00</Time>
     <Position>
      <LatitudeDegrees>-33.5262600</LatitudeDegrees>
      <LongitudeDegrees>-70.9212500</LongitudeDegrees>
     </Position>
     <AltitudeMeters>652.4300000000001</AltitudeMeters>
     <DistanceMeters>91958.76218656782</DistanceMeters>
    </Trackpoint>
    <Trackpoint>
     <Time>2026-07-19T03:49:25+00:00</Time>
     <Position>
      <LatitudeDegrees>-33.5264200</LatitudeDegrees>
      <LongitudeDegrees>-70.9216100</LongitudeDegrees>
     </Position>
     <AltitudeMeters>654.1</AltitudeMeters>
     <DistanceMeters>91996.61327659982</DistanceMeters>
    </Trackpoint>
    <Trackpoint>
     <Time>2026-07-19T03:49:32+00:00</Time>
     <Position>
      <LatitudeDegrees>-33.5265300</LatitudeDegrees>
      <LongitudeDegrees>-70.9217800</LongitudeDegrees>
     </Position>
     <AltitudeMeters>655.24</AltitudeMeters>
     <DistanceMeters>92016.57953847428</DistanceMeters>
    </Trackpoint>
    <Trackpoint>
     <Time>2026-07-19T03:49:38+00:00</Time>
     <Position>
      <LatitudeDegrees>-33.5266900</LatitudeDegrees>
      <LongitudeDegrees>-70.9219100</LongitudeDegrees>
     </Position>
     <AltitudeMeters>655.24</AltitudeMeters>
     <DistanceMeters>92038.08710864867</DistanceMeters>
    </Trackpoint>
    <Trackpoint>
     <Time>2026-07-19T03:49:44+00:00</Time>
     <Position>
      <LatitudeDegrees>-33.5268500</LatitudeDegrees>
      <LongitudeDegrees>-70.9219500</LongitudeDegrees>
     </Position>
     <AltitudeMeters>656.8900000000001</AltitudeMeters>
     <DistanceMeters>92056.27702357373</DistanceMeters>
    </Trackpoint>
    <Trackpoint>
     <Time>2026-07-19T03:49:50+00:00</Time>
     <Position>
      <LatitudeDegrees>-33.5273600</LatitudeDegrees>
      <LongitudeDegrees>-70.9220100</LongitudeDegrees>
     </Position>
     <AltitudeMeters>660.1800000000001</AltitudeMeters>
     <DistanceMeters>92113.31014109479</DistanceMeters>
    </Trackpoint>
    <Trackpoint>
     <Time>2026-07-19T03:49:56+00:00</Time>
     <Position>
      <LatitudeDegrees>-33.5274900</LatitudeDegrees>
      <LongitudeDegrees>-70.9220600</LongitudeDegrees>
     </Position>
     <AltitudeMeters>660.1800000000001</AltitudeMeters>
     <DistanceMeters>92128.504064927</DistanceMeters>
    </Trackpoint>
    <Trackpoint>
     <Time>2026-07-19T03:50:03+00:00</Time>
     <Position>
      <LatitudeDegrees>-33.5276300</LatitudeDegrees>
      <LongitudeDegrees>-70.9221800</LongitudeDegrees>
     </Position>
     <AltitudeMeters>660.1800000000001</AltitudeMeters>
     <DistanceMeters>92147.65432503962</DistanceMeters>
    </Trackpoint>
    <Trackpoint>
     <Time>2026-07-19T03:50:09+00:00</Time>
     <Position>
      <LatitudeDegrees>-33.5279600</LatitudeDegrees>
      <LongitudeDegrees>-70.9225000</LongitudeDegrees>
     </Position>
     <AltitudeMeters>663.1700000000001</AltitudeMeters>
     <DistanceMeters>92194.88091231452</DistanceMeters>
    </Trackpoint>
    <Trackpoint>
     <Time>2026-07-19T03:50:15+00:00</Time>
     <Position>
      <LatitudeDegrees>-33.5281000</LatitudeDegrees>
      <LongitudeDegrees>-70.9226000</LongitudeDegrees>
     </Position>
     <AltitudeMeters>663.1700000000001</AltitudeMeters>
     <DistanceMeters>92213.01533054758</DistanceMeters>
    </Trackpoint>
    <Trackpoint>
     <Time>2026-07-19T03:50:21+00:00</Time>
     <Position>
      <LatitudeDegrees>-33.5282500</LatitudeDegrees>
      <LongitudeDegrees>-70.9226400</LongitudeDegrees>
     </Position>
     <AltitudeMeters>663.1700000000001</AltitudeMeters>
     <DistanceMeters>92230.11719301382</DistanceMeters>
    </Trackpoint>
    <Trackpoint>
     <Time>2026-07-19T03:50:27+00:00</Time>
     <Position>
      <LatitudeDegrees>-33.5287200</LatitudeDegrees>
      <LongitudeDegrees>-70.9226500</LongitudeDegrees>
     </Position>
     <AltitudeMeters>666.9600000000002</AltitudeMeters>
     <DistanceMeters>92282.43438938909</DistanceMeters>
    </Trackpoint>
    <Trackpoint>
     <Time>2026-07-19T03:50:34+00:00</Time>
     <Position>
      <LatitudeDegrees>-33.5289000</LatitudeDegrees>
      <LongitudeDegrees>-70.9227300</LongitudeDegrees>
     </Position>
     <AltitudeMeters>666.9600000000002</AltitudeMeters>
     <DistanceMeters>92303.7983413245</DistanceMeters>
    </Trackpoint>
    <Trackpoint>
     <Time>2026-07-19T03:50:40+00:00</Time>
     <Position>
      <LatitudeDegrees>-33.5295300</LatitudeDegrees>
      <LongitudeDegrees>-70.9231550</LongitudeDegrees>
     </Position>
     <AltitudeMeters>671.19</AltitudeMeters>
     <DistanceMeters>92384.24091652922</DistanceMeters>
    </Trackpoint>
    <Trackpoint>
     <Time>2026-07-19T03:50:46+00:00</Time>
     <Position>
      <LatitudeDegrees>-33.5301600</LatitudeDegrees>
      <LongitudeDegrees>-70.9235800</LongitudeDegrees>
     </Position>
     <AltitudeMeters>675.3800000000001</AltitudeMeters>
     <DistanceMeters>92464.68350344388</DistanceMeters>
    </Trackpoint>
    <Trackpoint>
     <Time>2026-07-19T03:50:52+00:00</Time>
     <Position>
      <LatitudeDegrees>-33.5302900</LatitudeDegrees>
      <LongitudeDegrees>-70.9237100</LongitudeDegrees>
     </Position>
     <AltitudeMeters>676.5600000000001</AltitudeMeters>
     <DistanceMeters>92483.51960909239</DistanceMeters>
    </Trackpoint>
    <Trackpoint>
     <Time>2026-07-19T03:50:58+00:00</Time>
     <Position>
      <LatitudeDegrees>-33.5304000</LatitudeDegrees>
      <LongitudeDegrees>-70.9239800</LongitudeDegrees>
     </Position>
     <AltitudeMeters>677.9300000000001</AltitudeMeters>
     <DistanceMeters>92511.40058774443</DistanceMeters>
    </Trackpoint>
    <Trackpoint>
     <Time>2026-07-19T03:51:05+00:00</Time>
     <Position>
      <LatitudeDegrees>-33.5304500</LatitudeDegrees>
      <LongitudeDegrees>-70.9241600</LongitudeDegrees>
     </Position>
     <AltitudeMeters>679.1700000000001</AltitudeMeters>
     <DistanceMeters>92529.00290759146</DistanceMeters>
    </Trackpoint>
    <Trackpoint>
     <Time>2026-07-19T03:51:11+00:00</Time>
     <Position>
      <LatitudeDegrees>-33.5304300</LatitudeDegrees>
      <LongitudeDegrees>-70.9243800</LongitudeDegrees>
     </Position>
     <AltitudeMeters>680.13</AltitudeMeters>
     <DistanceMeters>92549.53447748072</DistanceMeters>
    </Trackpoint>
    <Trackpoint>
     <Time>2026-07-19T03:51:17+00:00</Time>
     <Position>
      <LatitudeDegrees>-33.5304500</LatitudeDegrees>
      <LongitudeDegrees>-70.9249700</LongitudeDegrees>
     </Position>
     <AltitudeMeters>682.94</AltitudeMeters>
     <DistanceMeters>92604.31710947312</DistanceMeters>
    </Trackpoint>
    <Trackpoint>
     <Time>2026-07-19T03:51:23+00:00</Time>
     <Position>
      <LatitudeDegrees>-33.5305100</LatitudeDegrees>
      <LongitudeDegrees>-70.9258500</LongitudeDegrees>
     </Position>
     <AltitudeMeters>682.7500000000001</AltitudeMeters>
     <DistanceMeters>92686.231923688</DistanceMeters>
    </Trackpoint>
    <Trackpoint>
     <Time>2026-07-19T03:51:29+00:00</Time>
     <Position>
      <LatitudeDegrees>-33.5305800</LatitudeDegrees>
      <LongitudeDegrees>-70.9261700</LongitudeDegrees>
     </Position>
     <AltitudeMeters>681.73</AltitudeMeters>
     <DistanceMeters>92716.92515979776</DistanceMeters>
    </Trackpoint>
    <Trackpoint>
     <Time>2026-07-19T03:51:35+00:00</Time>
     <Position>
      <LatitudeDegrees>-33.5307400</LatitudeDegrees>
      <LongitudeDegrees>-70.9264900</LongitudeDegrees>
     </Position>
     <AltitudeMeters>679.95</AltitudeMeters>
     <DistanceMeters>92751.54419608526</DistanceMeters>
    </Trackpoint>
    <Trackpoint>
     <Time>2026-07-19T03:51:42+00:00</Time>
     <Position>
      <LatitudeDegrees>-33.5311200</LatitudeDegrees>
      <LongitudeDegrees>-70.9271100</LongitudeDegrees>
     </Position>
     <AltitudeMeters>675.71</AltitudeMeters>
     <DistanceMeters>92822.93909184376</DistanceMeters>
    </Trackpoint>
    <Trackpoint>
     <Time>2026-07-19T03:51:48+00:00</Time>
     <Position>
      <LatitudeDegrees>-33.5312700</LatitudeDegrees>
      <LongitudeDegrees>-70.9272900</LongitudeDegrees>
     </Position>
     <AltitudeMeters>674.1</AltitudeMeters>
     <DistanceMeters>92846.55203876353</DistanceMeters>
    </Trackpoint>
    <Trackpoint>
     <Time>2026-07-19T03:51:54+00:00</Time>
     <Position>
      <LatitudeDegrees>-33.5314300</LatitudeDegrees>
      <LongitudeDegrees>-70.9274300</LongitudeDegrees>
     </Position>
     <AltitudeMeters>672.3</AltitudeMeters>
     <DistanceMeters>92868.59288039146</DistanceMeters>
    </Trackpoint>
    <Trackpoint>
     <Time>2026-07-19T03:52:00+00:00</Time>
     <Position>
      <LatitudeDegrees>-33.5315900</LatitudeDegrees>
      <LongitudeDegrees>-70.9275100</LongitudeDegrees>
     </Position>
     <AltitudeMeters>671.2</AltitudeMeters>
     <DistanceMeters>92887.88498369379</DistanceMeters>
    </Trackpoint>
    <Trackpoint>
     <Time>2026-07-19T03:52:06+00:00</Time>
     <Position>
      <LatitudeDegrees>-33.5320600</LatitudeDegrees>
      <LongitudeDegrees>-70.9276500</LongitudeDegrees>
     </Position>
     <AltitudeMeters>669.07</AltitudeMeters>
     <DistanceMeters>92941.78233869058</DistanceMeters>
    </Trackpoint>
    <Trackpoint>
     <Time>2026-07-19T03:52:13+00:00</Time>
     <Position>
      <LatitudeDegrees>-33.5322300</LatitudeDegrees>
      <LongitudeDegrees>-70.9277300</LongitudeDegrees>
     </Position>
     <AltitudeMeters>668.2300000000001</AltitudeMeters>
     <DistanceMeters>92962.10623211622</DistanceMeters>
    </Trackpoint>
    <Trackpoint>
     <Time>2026-07-19T03:52:19+00:00</Time>
     <Position>
      <LatitudeDegrees>-33.5323500</LatitudeDegrees>
      <LongitudeDegrees>-70.9278400</LongitudeDegrees>
     </Position>
     <AltitudeMeters>667.71</AltitudeMeters>
     <DistanceMeters>92978.91432831709</DistanceMeters>
    </Trackpoint>
    <Trackpoint>
     <Time>2026-07-19T03:52:25+00:00</Time>
     <Position>
      <LatitudeDegrees>-33.5324400</LatitudeDegrees>
      <LongitudeDegrees>-70.9279800</LongitudeDegrees>
     </Position>
     <AltitudeMeters>667.39</AltitudeMeters>
     <DistanceMeters>92995.31636712844</DistanceMeters>
    </Trackpoint>
    <Trackpoint>
     <Time>2026-07-19T03:52:31+00:00</Time>
     <Position>
      <LatitudeDegrees>-33.5325500</LatitudeDegrees>
      <LongitudeDegrees>-70.9281900</LongitudeDegrees>
     </Position>
     <AltitudeMeters>666.7</AltitudeMeters>
     <DistanceMeters>93018.32594958818</DistanceMeters>
    </Trackpoint>
    <Trackpoint>
     <Time>2026-07-19T03:52:37+00:00</Time>
     <Position>
      <LatitudeDegrees>-33.5328900</LatitudeDegrees>
      <LongitudeDegrees>-70.9289500</LongitudeDegrees>
     </Position>
     <AltitudeMeters>663.6899999999999</AltitudeMeters>
     <DistanceMeters>93098.3458749613</DistanceMeters>
    </Trackpoint>
    <Trackpoint>
     <Time>2026-07-19T03:52:44+00:00</Time>
     <Position>
      <LatitudeDegrees>-33.5330700</LatitudeDegrees>
      <LongitudeDegrees>-70.9292600</LongitudeDegrees>
     </Position>
     <AltitudeMeters>662.1400000000001</AltitudeMeters>
     <DistanceMeters>93133.39495008976</DistanceMeters>
    </Trackpoint>
    <Trackpoint>
     <Time>2026-07-19T03:52:50+00:00</Time>
     <Position>
      <LatitudeDegrees>-33.5332700</LatitudeDegrees>
      <LongitudeDegrees>-70.9294100</LongitudeDegrees>
     </Position>
     <AltitudeMeters>661.0</AltitudeMeters>
     <DistanceMeters>93159.64604377045</DistanceMeters>
    </Trackpoint>
    <Trackpoint>
     <Time>2026-07-19T03:52:56+00:00</Time>
     <Position>
      <LatitudeDegrees>-33.5334700</LatitudeDegrees>
      <LongitudeDegrees>-70.9295400</LongitudeDegrees>
     </Position>
     <AltitudeMeters>658.8900000000001</AltitudeMeters>
     <DistanceMeters>93184.96247552463</DistanceMeters>
    </Trackpoint>
    <Trackpoint>
     <Time>2026-07-19T03:53:02+00:00</Time>
     <Position>
      <LatitudeDegrees>-33.5336000</LatitudeDegrees>
      <LongitudeDegrees>-70.9295800</LongitudeDegrees>
     </Position>
     <AltitudeMeters>658.8900000000001</AltitudeMeters>
     <DistanceMeters>93199.89921928353</DistanceMeters>
    </Trackpoint>
    <Trackpoint>
     <Time>2026-07-19T03:53:08+00:00</Time>
     <Position>
      <LatitudeDegrees>-33.5340100</LatitudeDegrees>
      <LongitudeDegrees>-70.9295700</LongitudeDegrees>
     </Position>
     <AltitudeMeters>655.1600000000001</AltitudeMeters>
     <DistanceMeters>93245.5398774561</DistanceMeters>
    </Trackpoint>
    <Trackpoint>
     <Time>2026-07-19T03:53:15+00:00</Time>
     <Position>
      <LatitudeDegrees>-33.5341800</LatitudeDegrees>
      <LongitudeDegrees>-70.9294900</LongitudeDegrees>
     </Position>
     <AltitudeMeters>652.39</AltitudeMeters>
     <DistanceMeters>93265.86370975146</DistanceMeters>
    </Trackpoint>
    <Trackpoint>
     <Time>2026-07-19T03:53:21+00:00</Time>
     <Position>
      <LatitudeDegrees>-33.5343000</LatitudeDegrees>
      <LongitudeDegrees>-70.9294000</LongitudeDegrees>
     </Position>
     <AltitudeMeters>652.39</AltitudeMeters>
     <DistanceMeters>93281.61431118057</DistanceMeters>
    </Trackpoint>
    <Trackpoint>
     <Time>2026-07-19T03:53:27+00:00</Time>
     <Position>
      <LatitudeDegrees>-33.5344500</LatitudeDegrees>
      <LongitudeDegrees>-70.9292300</LongitudeDegrees>
     </Position>
     <AltitudeMeters>651.12</AltitudeMeters>
     <DistanceMeters>93304.58011472065</DistanceMeters>
    </Trackpoint>
    <Trackpoint>
     <Time>2026-07-19T03:53:33+00:00</Time>
     <Position>
      <LatitudeDegrees>-33.5350600</LatitudeDegrees>
      <LongitudeDegrees>-70.9284700</LongitudeDegrees>
     </Position>
     <AltitudeMeters>645.6</AltitudeMeters>
     <DistanceMeters>93402.4583565708</DistanceMeters>
    </Trackpoint>
    <Trackpoint>
     <Time>2026-07-19T03:53:39+00:00</Time>
     <Position>
      <LatitudeDegrees>-33.5351500</LatitudeDegrees>
      <LongitudeDegrees>-70.9283800</LongitudeDegrees>
     </Position>
     <AltitudeMeters>644.2800000000001</AltitudeMeters>
     <DistanceMeters>93415.49843564605</DistanceMeters>
    </Trackpoint>
    <Trackpoint>
     <Time>2026-07-19T03:53:46+00:00</Time>
     <Position>
      <LatitudeDegrees>-33.5353900</LatitudeDegrees>
      <LongitudeDegrees>-70.9282300</LongitudeDegrees>
     </Position>
     <AltitudeMeters>642.61</AltitudeMeters>
     <DistanceMeters>93445.61681756101</DistanceMeters>
    </Trackpoint>
    <Trackpoint>
     <Time>2026-07-19T03:53:52+00:00</Time>
     <Position>
      <LatitudeDegrees>-33.5356800</LatitudeDegrees>
      <LongitudeDegrees>-70.9281100</LongitudeDegrees>
     </Position>
     <AltitudeMeters>641.72</AltitudeMeters>
     <DistanceMeters>93479.75848669212</DistanceMeters>
    </Trackpoint>
    <Trackpoint>
     <Time>2026-07-19T03:53:58+00:00</Time>
     <Position>
      <LatitudeDegrees>-33.5360900</LatitudeDegrees>
      <LongitudeDegrees>-70.9281100</LongitudeDegrees>
     </Position>
     <AltitudeMeters>638.05</AltitudeMeters>
     <DistanceMeters>93525.38971526311</DistanceMeters>
    </Trackpoint>
    <Trackpoint>
     <Time>2026-07-19T03:54:04+00:00</Time>
     <Position>
      <LatitudeDegrees>-33.5362700</LatitudeDegrees>
      <LongitudeDegrees>-70.9281000</LongitudeDegrees>
     </Position>
     <AltitudeMeters>637.23</AltitudeMeters>
     <DistanceMeters>93545.44440563567</DistanceMeters>
    </Trackpoint>
    <Trackpoint>
     <Time>2026-07-19T03:54:10+00:00</Time>
     <Position>
      <LatitudeDegrees>-33.5364500</LatitudeDegrees>
      <LongitudeDegrees>-70.9280100</LongitudeDegrees>
     </Position>
     <AltitudeMeters>635.45</AltitudeMeters>
     <DistanceMeters>93567.14784165451</DistanceMeters>
    </Trackpoint>
    <Trackpoint>
     <Time>2026-07-19T03:54:17+00:00</Time>
     <Position>
      <LatitudeDegrees>-33.5366900</LatitudeDegrees>
      <LongitudeDegrees>-70.9278700</LongitudeDegrees>
     </Position>
     <AltitudeMeters>635.45</AltitudeMeters>
     <DistanceMeters>93596.84891290391</DistanceMeters>
    </Trackpoint>
    <Trackpoint>
     <Time>2026-07-19T03:54:23+00:00</Time>
     <Position>
      <LatitudeDegrees>-33.5369200</LatitudeDegrees>
      <LongitudeDegrees>-70.9278200</LongitudeDegrees>
     </Position>
     <AltitudeMeters>633.22</AltitudeMeters>
     <DistanceMeters>93622.86377154336</DistanceMeters>
    </Trackpoint>
    <Trackpoint>
     <Time>2026-07-19T03:54:29+00:00</Time>
     <Position>
      <LatitudeDegrees>-33.5371000</LatitudeDegrees>
      <LongitudeDegrees>-70.9278300</LongitudeDegrees>
     </Position>
     <AltitudeMeters>632.36</AltitudeMeters>
     <DistanceMeters>93642.91846150384</DistanceMeters>
    </Trackpoint>
    <Trackpoint>
     <Time>2026-07-19T03:54:35+00:00</Time>
     <Position>
      <LatitudeDegrees>-33.5372300</LatitudeDegrees>
      <LongitudeDegrees>-70.9279200</LongitudeDegrees>
     </Position>
     <AltitudeMeters>629.9800000000001</AltitudeMeters>
     <DistanceMeters>93659.62305813615</DistanceMeters>
    </Trackpoint>
    <Trackpoint>
     <Time>2026-07-19T03:54:41+00:00</Time>
     <Position>
      <LatitudeDegrees>-33.5373200</LatitudeDegrees>
      <LongitudeDegrees>-70.9280100</LongitudeDegrees>
     </Position>
     <AltitudeMeters>629.9800000000001</AltitudeMeters>
     <DistanceMeters>93672.66300301856</DistanceMeters>
    </Trackpoint>
    <Trackpoint>
     <Time>2026-07-19T03:54:48+00:00</Time>
     <Position>
      <LatitudeDegrees>-33.5378000</LatitudeDegrees>
      <LongitudeDegrees>-70.9285900</LongitudeDegrees>
     </Position>
     <AltitudeMeters>625.33</AltitudeMeters>
     <DistanceMeters>93748.48441812384</DistanceMeters>
    </Trackpoint>
    <Trackpoint>
     <Time>2026-07-19T03:54:54+00:00</Time>
     <Position>
      <LatitudeDegrees>-33.5382800</LatitudeDegrees>
      <LongitudeDegrees>-70.9291700</LongitudeDegrees>
     </Position>
     <AltitudeMeters>622.2200000000001</AltitudeMeters>
     <DistanceMeters>93824.30582727322</DistanceMeters>
    </Trackpoint>
    <Trackpoint>
     <Time>2026-07-19T03:55:00+00:00</Time>
     <Position>
      <LatitudeDegrees>-33.5384800</LatitudeDegrees>
      <LongitudeDegrees>-70.9293000</LongitudeDegrees>
     </Position>
     <AltitudeMeters>619.71</AltitudeMeters>
     <DistanceMeters>93849.6219260732</DistanceMeters>
    </Trackpoint>
    <Trackpoint>
     <Time>2026-07-19T03:55:06+00:00</Time>
     <Position>
      <LatitudeDegrees>-33.5391800</LatitudeDegrees>
      <LongitudeDegrees>-70.9294500</LongitudeDegrees>
     </Position>
     <AltitudeMeters>614.99</AltitudeMeters>
     <DistanceMeters>93928.76181665224</DistanceMeters>
    </Trackpoint>
    <Trackpoint>
     <Time>2026-07-19T03:55:12+00:00</Time>
     <Position>
      <LatitudeDegrees>-33.5394500</LatitudeDegrees>
      <LongitudeDegrees>-70.9295300</LongitudeDegrees>
     </Position>
     <AltitudeMeters>613.7600000000001</AltitudeMeters>
     <DistanceMeters>93959.71448294763</DistanceMeters>
    </Trackpoint>
    <Trackpoint>
     <Time>2026-07-19T03:55:19+00:00</Time>
     <Position>
      <LatitudeDegrees>-33.5395500</LatitudeDegrees>
      <LongitudeDegrees>-70.9295800</LongitudeDegrees>
     </Position>
     <AltitudeMeters>613.24</AltitudeMeters>
     <DistanceMeters>93971.77188258598</DistanceMeters>
    </Trackpoint>
    <Trackpoint>
     <Time>2026-07-19T03:55:25+00:00</Time>
     <Position>
      <LatitudeDegrees>-33.5397300</LatitudeDegrees>
      <LongitudeDegrees>-70.9297300</LongitudeDegrees>
     </Position>
     <AltitudeMeters>611.5500000000001</AltitudeMeters>
     <DistanceMeters>93996.16351638015</DistanceMeters>
    </Trackpoint>
    <Trackpoint>
     <Time>2026-07-19T03:55:31+00:00</Time>
     <Position>
      <LatitudeDegrees>-33.5401600</LatitudeDegrees>
      <LongitudeDegrees>-70.9302300</LongitudeDegrees>
     </Position>
     <AltitudeMeters>607.41</AltitudeMeters>
     <DistanceMeters>94062.80917823648</DistanceMeters>
    </Trackpoint>
    <Trackpoint>
     <Time>2026-07-19T03:55:37+00:00</Time>
     <Position>
      <LatitudeDegrees>-33.5402700</LatitudeDegrees>
      <LongitudeDegrees>-70.9303900</LongitudeDegrees>
     </Position>
     <AltitudeMeters>606.47</AltitudeMeters>
     <DistanceMeters>94082.04911238773</DistanceMeters>
    </Trackpoint>
    <Trackpoint>
     <Time>2026-07-19T03:55:43+00:00</Time>
     <Position>
      <LatitudeDegrees>-33.5403900</LatitudeDegrees>
      <LongitudeDegrees>-70.9306100</LongitudeDegrees>
     </Position>
     <AltitudeMeters>605.89</AltitudeMeters>
     <DistanceMeters>94106.43895145791</DistanceMeters>
    </Trackpoint>
    <Trackpoint>
     <Time>2026-07-19T03:55:50+00:00</Time>
     <Position>
      <LatitudeDegrees>-33.5404800</LatitudeDegrees>
      <LongitudeDegrees>-70.9315100</LongitudeDegrees>
     </Position>
     <AltitudeMeters>599.9100000000001</AltitudeMeters>
     <DistanceMeters>94190.52574708466</DistanceMeters>
    </Trackpoint>
    <Trackpoint>
     <Time>2026-07-19T03:55:56+00:00</Time>
     <Position>
      <LatitudeDegrees>-33.5405600</LatitudeDegrees>
      <LongitudeDegrees>-70.9316800</LongitudeDegrees>
     </Position>
     <AltitudeMeters>599.31</AltitudeMeters>
     <DistanceMeters>94208.63559099799</DistanceMeters>
    </Trackpoint>
    <Trackpoint>
     <Time>2026-07-19T03:56:02+00:00</Time>
     <Position>
      <LatitudeDegrees>-33.5406800</LatitudeDegrees>
      <LongitudeDegrees>-70.9317700</LongitudeDegrees>
     </Position>
     <AltitudeMeters>598.07</AltitudeMeters>
     <DistanceMeters>94224.38586577644</DistanceMeters>
    </Trackpoint>
    <Trackpoint>
     <Time>2026-07-19T03:56:08+00:00</Time>
     <Position>
      <LatitudeDegrees>-33.5409000</LatitudeDegrees>
      <LongitudeDegrees>-70.9317800</LongitudeDegrees>
     </Position>
     <AltitudeMeters>597.49</AltitudeMeters>
     <DistanceMeters>94248.88848127628</DistanceMeters>
    </Trackpoint>
    <Trackpoint>
     <Time>2026-07-19T03:56:14+00:00</Time>
     <Position>
      <LatitudeDegrees>-33.5410600</LatitudeDegrees>
      <LongitudeDegrees>-70.9317600</LongitudeDegrees>
     </Position>
     <AltitudeMeters>595.34</AltitudeMeters>
     <DistanceMeters>94266.79217648646</DistanceMeters>
    </Trackpoint>
    <Trackpoint>
     <Time>2026-07-19T03:56:21+00:00</Time>
     <Position>
      <LatitudeDegrees>-33.5412800</LatitudeDegrees>
      <LongitudeDegrees>-70.9315900</LongitudeDegrees>
     </Position>
     <AltitudeMeters>593.94</AltitudeMeters>
     <DistanceMeters>94295.916140727</DistanceMeters>
    </Trackpoint>
    <Trackpoint>
     <Time>2026-07-19T03:56:27+00:00</Time>
     <Position>
      <LatitudeDegrees>-33.5416600</LatitudeDegrees>
      <LongitudeDegrees>-70.9312300</LongitudeDegrees>
     </Position>
     <AltitudeMeters>590.59</AltitudeMeters>
     <DistanceMeters>94349.80353362011</DistanceMeters>
    </Trackpoint>
    <Trackpoint>
     <Time>2026-07-19T03:56:33+00:00</Time>
     <Position>
      <LatitudeDegrees>-33.5420400</LatitudeDegrees>
      <LongitudeDegrees>-70.9308700</LongitudeDegrees>
     </Position>
     <AltitudeMeters>587.19</AltitudeMeters>
     <DistanceMeters>94403.69096190658</DistanceMeters>
    </Trackpoint>
    <Trackpoint>
     <Time>2026-07-19T03:56:39+00:00</Time>
     <Position>
      <LatitudeDegrees>-33.5421800</LatitudeDegrees>
      <LongitudeDegrees>-70.9308700</LongitudeDegrees>
     </Position>
     <AltitudeMeters>587.19</AltitudeMeters>
     <DistanceMeters>94419.2723570285</DistanceMeters>
    </Trackpoint>
    <Trackpoint>
     <Time>2026-07-19T03:56:45+00:00</Time>
     <Position>
      <LatitudeDegrees>-33.5422900</LatitudeDegrees>
      <LongitudeDegrees>-70.9308800</LongitudeDegrees>
     </Position>
     <AltitudeMeters>586.57</AltitudeMeters>
     <DistanceMeters>94431.54997494271</DistanceMeters>
    </Trackpoint>
    <Trackpoint>
     <Time>2026-07-19T03:56:51+00:00</Time>
     <Position>
      <LatitudeDegrees>-33.5424200</LatitudeDegrees>
      <LongitudeDegrees>-70.9310000</LongitudeDegrees>
     </Position>
     <AltitudeMeters>585.6999999999999</AltitudeMeters>
     <DistanceMeters>94449.80499827606</DistanceMeters>
    </Trackpoint>
    <Trackpoint>
     <Time>2026-07-19T03:56:58+00:00</Time>
     <Position>
      <LatitudeDegrees>-33.5425100</LatitudeDegrees>
      <LongitudeDegrees>-70.9311800</LongitudeDegrees>
     </Position>
     <AltitudeMeters>584.2900000000001</AltitudeMeters>
     <DistanceMeters>94469.27625067683</DistanceMeters>
    </Trackpoint>
    <Trackpoint>
     <Time>2026-07-19T03:57:04+00:00</Time>
     <Position>
      <LatitudeDegrees>-33.5426200</LatitudeDegrees>
      <LongitudeDegrees>-70.9315500</LongitudeDegrees>
     </Position>
     <AltitudeMeters>582.1400000000001</AltitudeMeters>
     <DistanceMeters>94505.71634922732</DistanceMeters>
    </Trackpoint>
    <Trackpoint>
     <Time>2026-07-19T03:57:10+00:00</Time>
     <Position>
      <LatitudeDegrees>-33.5427800</LatitudeDegrees>
      <LongitudeDegrees>-70.9317800</LongitudeDegrees>
     </Position>
     <AltitudeMeters>580.2700000000001</AltitudeMeters>
     <DistanceMeters>94533.5065342552</DistanceMeters>
    </Trackpoint>
    <Trackpoint>
     <Time>2026-07-19T03:57:16+00:00</Time>
     <Position>
      <LatitudeDegrees>-33.5429200</LatitudeDegrees>
      <LongitudeDegrees>-70.9319000</LongitudeDegrees>
     </Position>
     <AltitudeMeters>579.3100000000001</AltitudeMeters>
     <DistanceMeters>94552.65564973872</DistanceMeters>
    </Trackpoint>
    <Trackpoint>
     <Time>2026-07-19T03:57:22+00:00</Time>
     <Position>
      <LatitudeDegrees>-33.5431600</LatitudeDegrees>
      <LongitudeDegrees>-70.9319900</LongitudeDegrees>
     </Position>
     <AltitudeMeters>578.1700000000001</AltitudeMeters>
     <DistanceMeters>94580.64089430134</DistanceMeters>
    </Trackpoint>
    <Trackpoint>
     <Time>2026-07-19T03:57:29+00:00</Time>
     <Position>
      <LatitudeDegrees>-33.5434300</LatitudeDegrees>
      <LongitudeDegrees>-70.9320400</LongitudeDegrees>
     </Position>
     <AltitudeMeters>577.0500000000001</AltitudeMeters>
     <DistanceMeters>94611.04655503297</DistanceMeters>
    </Trackpoint>
    <Trackpoint>
     <Time>2026-07-19T03:57:35+00:00</Time>
     <Position>
      <LatitudeDegrees>-33.5435900</LatitudeDegrees>
      <LongitudeDegrees>-70.9320300</LongitudeDegrees>
     </Position>
     <AltitudeMeters>576.61</AltitudeMeters>
     <DistanceMeters>94628.87800780052</DistanceMeters>
    </Trackpoint>
    <Trackpoint>
     <Time>2026-07-19T03:57:41+00:00</Time>
     <Position>
      <LatitudeDegrees>-33.5439000</LatitudeDegrees>
      <LongitudeDegrees>-70.9319400</LongitudeDegrees>
     </Position>
     <AltitudeMeters>575.5400000000001</AltitudeMeters>
     <DistanceMeters>94664.3753571972</DistanceMeters>
    </Trackpoint>
    <Trackpoint>
     <Time>2026-07-19T03:57:47+00:00</Time>
     <Position>
      <LatitudeDegrees>-33.5439900</LatitudeDegrees>
      <LongitudeDegrees>-70.9319400</LongitudeDegrees>
     </Position>
     <AltitudeMeters>575.22</AltitudeMeters>
     <DistanceMeters>94674.3919683469</DistanceMeters>
    </Trackpoint>
    <Trackpoint>
     <Time>2026-07-19T03:57:53+00:00</Time>
     <Position>
      <LatitudeDegrees>-33.5441500</LatitudeDegrees>
      <LongitudeDegrees>-70.9319900</LongitudeDegrees>
     </Position>
     <AltitudeMeters>575.22</AltitudeMeters>
     <DistanceMeters>94692.79336970375</DistanceMeters>
    </Trackpoint>
    <Trackpoint>
     <Time>2026-07-19T03:58:00+00:00</Time>
     <Position>
      <LatitudeDegrees>-33.5442900</LatitudeDegrees>
      <LongitudeDegrees>-70.9321200</LongitudeDegrees>
     </Position>
     <AltitudeMeters>574.0</AltitudeMeters>
     <DistanceMeters>94712.4960585835</DistanceMeters>
    </Trackpoint>
    <Trackpoint>
     <Time>2026-07-19T03:58:06+00:00</Time>
     <Position>
      <LatitudeDegrees>-33.5443500</LatitudeDegrees>
      <LongitudeDegrees>-70.9322200</LongitudeDegrees>
     </Position>
     <AltitudeMeters>573.5100000000001</AltitudeMeters>
     <DistanceMeters>94723.92571463481</DistanceMeters>
    </Trackpoint>
    <Trackpoint>
     <Time>2026-07-19T03:58:12+00:00</Time>
     <Position>
      <LatitudeDegrees>-33.5443900</LatitudeDegrees>
      <LongitudeDegrees>-70.9324000</LongitudeDegrees>
     </Position>
     <AltitudeMeters>573.2</AltitudeMeters>
     <DistanceMeters>94741.20586641613</DistanceMeters>
    </Trackpoint>
    <Trackpoint>
     <Time>2026-07-19T03:58:18+00:00</Time>
     <Position>
      <LatitudeDegrees>-33.5443900</LatitudeDegrees>
      <LongitudeDegrees>-70.9331100</LongitudeDegrees>
     </Position>
     <AltitudeMeters>571.33</AltitudeMeters>
     <DistanceMeters>94807.06565789817</DistanceMeters>
    </Trackpoint>
    <Trackpoint>
     <Time>2026-07-19T03:58:24+00:00</Time>
     <Position>
      <LatitudeDegrees>-33.5443500</LatitudeDegrees>
      <LongitudeDegrees>-70.9333800</LongitudeDegrees>
     </Position>
     <AltitudeMeters>570.95</AltitudeMeters>
     <DistanceMeters>94832.50351838299</DistanceMeters>
    </Trackpoint>
    <Trackpoint>
     <Time>2026-07-19T03:58:31+00:00</Time>
     <Position>
      <LatitudeDegrees>-33.5442600</LatitudeDegrees>
      <LongitudeDegrees>-70.9335200</LongitudeDegrees>
     </Position>
     <AltitudeMeters>570.46</AltitudeMeters>
     <DistanceMeters>94848.9041402097</DistanceMeters>
    </Trackpoint>
    <Trackpoint>
     <Time>2026-07-19T03:58:37+00:00</Time>
     <Position>
      <LatitudeDegrees>-33.5438800</LatitudeDegrees>
      <LongitudeDegrees>-70.9339600</LongitudeDegrees>
     </Position>
     <AltitudeMeters>569.5400000000001</AltitudeMeters>
     <DistanceMeters>94907.67897182675</DistanceMeters>
    </Trackpoint>
    <Trackpoint>
     <Time>2026-07-19T03:58:43+00:00</Time>
     <Position>
      <LatitudeDegrees>-33.5437000</LatitudeDegrees>
      <LongitudeDegrees>-70.9342300</LongitudeDegrees>
     </Position>
     <AltitudeMeters>568.4</AltitudeMeters>
     <DistanceMeters>94939.75083482629</DistanceMeters>
    </Trackpoint>
    <Trackpoint>
     <Time>2026-07-19T03:58:49+00:00</Time>
     <Position>
      <LatitudeDegrees>-33.5436100</LatitudeDegrees>
      <LongitudeDegrees>-70.9345000</LongitudeDegrees>
     </Position>
     <AltitudeMeters>567.5</AltitudeMeters>
     <DistanceMeters>94966.72506065849</DistanceMeters>
    </Trackpoint>
    <Trackpoint>
     <Time>2026-07-19T03:58:55+00:00</Time>
     <Position>
      <LatitudeDegrees>-33.5435700</LatitudeDegrees>
      <LongitudeDegrees>-70.9348700</LongitudeDegrees>
     </Position>
     <AltitudeMeters>565.4</AltitudeMeters>
     <DistanceMeters>95001.33419519388</DistanceMeters>
    </Trackpoint>
    <Trackpoint>
     <Time>2026-07-19T03:59:02+00:00</Time>
     <Position>
      <LatitudeDegrees>-33.5435400</LatitudeDegrees>
      <LongitudeDegrees>-70.9358400</LongitudeDegrees>
     </Position>
     <AltitudeMeters>559.61</AltitudeMeters>
     <DistanceMeters>95091.37445341558</DistanceMeters>
    </Trackpoint>
    <Trackpoint>
     <Time>2026-07-19T03:59:08+00:00</Time>
     <Position>
      <LatitudeDegrees>-33.5435600</LatitudeDegrees>
      <LongitudeDegrees>-70.9359900</LongitudeDegrees>
     </Position>
     <AltitudeMeters>559.61</AltitudeMeters>
     <DistanceMeters>95105.46554906777</DistanceMeters>
    </Trackpoint>
    <Trackpoint>
     <Time>2026-07-19T03:59:14+00:00</Time>
     <Position>
      <LatitudeDegrees>-33.5436000</LatitudeDegrees>
      <LongitudeDegrees>-70.9360600</LongitudeDegrees>
     </Position>
     <AltitudeMeters>559.61</AltitudeMeters>
     <DistanceMeters>95113.33837873675</DistanceMeters>
    </Trackpoint>
    <Trackpoint>
     <Time>2026-07-19T03:59:20+00:00</Time>
     <Position>
      <LatitudeDegrees>-33.5437000</LatitudeDegrees>
      <LongitudeDegrees>-70.9361600</LongitudeDegrees>
     </Position>
     <AltitudeMeters>558.86</AltitudeMeters>
     <DistanceMeters>95127.82676831295</DistanceMeters>
    </Trackpoint>
    <Trackpoint>
     <Time>2026-07-19T03:59:26+00:00</Time>
     <Position>
      <LatitudeDegrees>-33.5437900</LatitudeDegrees>
      <LongitudeDegrees>-70.9362100</LongitudeDegrees>
     </Position>
     <AltitudeMeters>558.86</AltitudeMeters>
     <DistanceMeters>95138.86506478983</DistanceMeters>
    </Trackpoint>
    <Trackpoint>
     <Time>2026-07-19T03:59:33+00:00</Time>
     <Position>
      <LatitudeDegrees>-33.5439700</LatitudeDegrees>
      <LongitudeDegrees>-70.9362100</LongitudeDegrees>
     </Position>
     <AltitudeMeters>556.49</AltitudeMeters>
     <DistanceMeters>95158.8982870892</DistanceMeters>
    </Trackpoint>
    <Trackpoint>
     <Time>2026-07-19T03:59:39+00:00</Time>
     <Position>
      <LatitudeDegrees>-33.5441900</LatitudeDegrees>
      <LongitudeDegrees>-70.9361600</LongitudeDegrees>
     </Position>
     <AltitudeMeters>556.49</AltitudeMeters>
     <DistanceMeters>95183.81873996023</DistanceMeters>
    </Trackpoint>
    <Trackpoint>
     <Time>2026-07-19T03:59:45+00:00</Time>
     <Position>
      <LatitudeDegrees>-33.5445000</LatitudeDegrees>
      <LongitudeDegrees>-70.9359800</LongitudeDegrees>
     </Position>
     <AltitudeMeters>553.4499999999999</AltitudeMeters>
     <DistanceMeters>95222.14822766428</DistanceMeters>
    </Trackpoint>
    <Trackpoint>
     <Time>2026-07-19T03:59:51+00:00</Time>
     <Position>
      <LatitudeDegrees>-33.5452200</LatitudeDegrees>
      <LongitudeDegrees>-70.9354850</LongitudeDegrees>
     </Position>
     <AltitudeMeters>548.71</AltitudeMeters>
     <DistanceMeters>95314.50379190172</DistanceMeters>
    </Trackpoint>
    <Trackpoint>
     <Time>2026-07-19T03:59:57+00:00</Time>
     <Position>
      <LatitudeDegrees>-33.5459400</LatitudeDegrees>
      <LongitudeDegrees>-70.9349900</LongitudeDegrees>
     </Position>
     <AltitudeMeters>545.61</AltitudeMeters>
     <DistanceMeters>95406.85934389297</DistanceMeters>
    </Trackpoint>
    <Trackpoint>
     <Time>2026-07-19T04:00:04+00:00</Time>
     <Position>
      <LatitudeDegrees>-33.5460000</LatitudeDegrees>
      <LongitudeDegrees>-70.9349600</LongitudeDegrees>
     </Position>
     <AltitudeMeters>543.84</AltitudeMeters>
     <DistanceMeters>95414.09370353543</DistanceMeters>
    </Trackpoint>
    <Trackpoint>
     <Time>2026-07-19T04:00:10+00:00</Time>
     <Position>
      <LatitudeDegrees>-33.5461600</LatitudeDegrees>
      <LongitudeDegrees>-70.9349500</LongitudeDegrees>
     </Position>
     <AltitudeMeters>543.2</AltitudeMeters>
     <DistanceMeters>95431.92515486802</DistanceMeters>
    </Trackpoint>
    <Trackpoint>
     <Time>2026-07-19T04:00:16+00:00</Time>
     <Position>
      <LatitudeDegrees>-33.5463000</LatitudeDegrees>
      <LongitudeDegrees>-70.9349900</LongitudeDegrees>
     </Position>
     <AltitudeMeters>542.44</AltitudeMeters>
     <DistanceMeters>95447.9422218873</DistanceMeters>
    </Trackpoint>
    <Trackpoint>
     <Time>2026-07-19T04:00:22+00:00</Time>
     <Position>
      <LatitudeDegrees>-33.5464300</LatitudeDegrees>
      <LongitudeDegrees>-70.9351700</LongitudeDegrees>
     </Position>
     <AltitudeMeters>541.62</AltitudeMeters>
     <DistanceMeters>95470.03538182865</DistanceMeters>
    </Trackpoint>
    <Trackpoint>
     <Time>2026-07-19T04:00:28+00:00</Time>
     <Position>
      <LatitudeDegrees>-33.5465000</LatitudeDegrees>
      <LongitudeDegrees>-70.9353500</LongitudeDegrees>
     </Position>
     <AltitudeMeters>540.6899999999999</AltitudeMeters>
     <DistanceMeters>95488.45999395051</DistanceMeters>
    </Trackpoint>
    <Trackpoint>
     <Time>2026-07-19T04:00:35+00:00</Time>
     <Position>
      <LatitudeDegrees>-33.5464700</LatitudeDegrees>
      <LongitudeDegrees>-70.9355800</LongitudeDegrees>
     </Position>
     <AltitudeMeters>540.15</AltitudeMeters>
     <DistanceMeters>95510.05402840015</DistanceMeters>
    </Trackpoint>
    <Trackpoint>
     <Time>2026-07-19T04:00:41+00:00</Time>
     <Position>
      <LatitudeDegrees>-33.5463050</LatitudeDegrees>
      <LongitudeDegrees>-70.9360950</LongitudeDegrees>
     </Position>
     <AltitudeMeters>536.36</AltitudeMeters>
     <DistanceMeters>95561.23260204043</DistanceMeters>
    </Trackpoint>
    <Trackpoint>
     <Time>2026-07-19T04:00:47+00:00</Time>
     <Position>
      <LatitudeDegrees>-33.5461400</LatitudeDegrees>
      <LongitudeDegrees>-70.9366100</LongitudeDegrees>
     </Position>
     <AltitudeMeters>533.6800000000001</AltitudeMeters>
     <DistanceMeters>95612.41119644113</DistanceMeters>
    </Trackpoint>
    <Trackpoint>
     <Time>2026-07-19T04:00:53+00:00</Time>
     <Position>
      <LatitudeDegrees>-33.5461200</LatitudeDegrees>
      <LongitudeDegrees>-70.9368300</LongitudeDegrees>
     </Position>
     <AltitudeMeters>532.64</AltitudeMeters>
     <DistanceMeters>95632.93908367517</DistanceMeters>
    </Trackpoint>
    <Trackpoint>
     <Time>2026-07-19T04:00:59+00:00</Time>
     <Position>
      <LatitudeDegrees>-33.5461600</LatitudeDegrees>
      <LongitudeDegrees>-70.9370600</LongitudeDegrees>
     </Position>
     <AltitudeMeters>532.2</AltitudeMeters>
     <DistanceMeters>95654.73304311321</DistanceMeters>
    </Trackpoint>
    <Trackpoint>
     <Time>2026-07-19T04:01:06+00:00</Time>
     <Position>
      <LatitudeDegrees>-33.5462100</LatitudeDegrees>
      <LongitudeDegrees>-70.9371900</LongitudeDegrees>
     </Position>
     <AltitudeMeters>531.48</AltitudeMeters>
     <DistanceMeters>95668.01371639273</DistanceMeters>
    </Trackpoint>
    <Trackpoint>
     <Time>2026-07-19T04:01:12+00:00</Time>
     <Position>
      <LatitudeDegrees>-33.5463600</LatitudeDegrees>
      <LongitudeDegrees>-70.9373800</LongitudeDegrees>
     </Position>
     <AltitudeMeters>529.96</AltitudeMeters>
     <DistanceMeters>95692.289404738</DistanceMeters>
    </Trackpoint>
    <Trackpoint>
     <Time>2026-07-19T04:01:18+00:00</Time>
     <Position>
      <LatitudeDegrees>-33.5464700</LatitudeDegrees>
      <LongitudeDegrees>-70.9374600</LongitudeDegrees>
     </Position>
     <AltitudeMeters>529.03</AltitudeMeters>
     <DistanceMeters>95706.60531979811</DistanceMeters>
    </Trackpoint>
    <Trackpoint>
     <Time>2026-07-19T04:01:24+00:00</Time>
     <Position>
      <LatitudeDegrees>-33.5466500</LatitudeDegrees>
      <LongitudeDegrees>-70.9375500</LongitudeDegrees>
     </Position>
     <AltitudeMeters>528.6200000000001</AltitudeMeters>
     <DistanceMeters>95728.30837680161</DistanceMeters>
    </Trackpoint>
    <Trackpoint>
     <Time>2026-07-19T04:01:30+00:00</Time>
     <Position>
      <LatitudeDegrees>-33.5471200</LatitudeDegrees>
      <LongitudeDegrees>-70.9376800</LongitudeDegrees>
     </Position>
     <AltitudeMeters>527.0600000000001</AltitudeMeters>
     <DistanceMeters>95781.98924284706</DistanceMeters>
    </Trackpoint>
    <Trackpoint>
     <Time>2026-07-19T04:01:37+00:00</Time>
     <Position>
      <LatitudeDegrees>-33.5473500</LatitudeDegrees>
      <LongitudeDegrees>-70.9378100</LongitudeDegrees>
     </Position>
     <AltitudeMeters>525.2</AltitudeMeters>
     <DistanceMeters>95810.28524704251</DistanceMeters>
    </Trackpoint>
    <Trackpoint>
     <Time>2026-07-19T04:01:43+00:00</Time>
     <Position>
      <LatitudeDegrees>-33.5474400</LatitudeDegrees>
      <LongitudeDegrees>-70.9379100</LongitudeDegrees>
     </Position>
     <AltitudeMeters>524.09</AltitudeMeters>
     <DistanceMeters>95823.937030485</DistanceMeters>
    </Trackpoint>
    <Trackpoint>
     <Time>2026-07-19T04:01:49+00:00</Time>
     <Position>
      <LatitudeDegrees>-33.5474800</LatitudeDegrees>
      <LongitudeDegrees>-70.9379900</LongitudeDegrees>
     </Position>
     <AltitudeMeters>524.09</AltitudeMeters>
     <DistanceMeters>95832.59055262331</DistanceMeters>
    </Trackpoint>
    <Trackpoint>
     <Time>2026-07-19T04:01:55+00:00</Time>
     <Position>
      <LatitudeDegrees>-33.5474800</LatitudeDegrees>
      <LongitudeDegrees>-70.9380800</LongitudeDegrees>
     </Position>
     <AltitudeMeters>523.6</AltitudeMeters>
     <DistanceMeters>95840.93867837689</DistanceMeters>
    </Trackpoint>
    <Trackpoint>
     <Time>2026-07-19T04:02:01+00:00</Time>
     <Position>
      <LatitudeDegrees>-33.5474400</LatitudeDegrees>
      <LongitudeDegrees>-70.9383000</LongitudeDegrees>
     </Position>
     <AltitudeMeters>523.07</AltitudeMeters>
     <DistanceMeters>95861.82516705166</DistanceMeters>
    </Trackpoint>
    <Trackpoint>
     <Time>2026-07-19T04:02:08+00:00</Time>
     <Position>
      <LatitudeDegrees>-33.5472800</LatitudeDegrees>
      <LongitudeDegrees>-70.9384100</LongitudeDegrees>
     </Position>
     <AltitudeMeters>520.88</AltitudeMeters>
     <DistanceMeters>95882.34849878502</DistanceMeters>
    </Trackpoint>
    <Trackpoint>
     <Time>2026-07-19T04:02:14+00:00</Time>
     <Position>
      <LatitudeDegrees>-33.5467300</LatitudeDegrees>
      <LongitudeDegrees>-70.9387650</LongitudeDegrees>
     </Position>
     <AltitudeMeters>517.57</AltitudeMeters>
     <DistanceMeters>95951.85608957711</DistanceMeters>
    </Trackpoint>
    <Trackpoint>
     <Time>2026-07-19T04:02:20+00:00</Time>
     <Position>
      <LatitudeDegrees>-33.5461800</LatitudeDegrees>
      <LongitudeDegrees>-70.9391200</LongitudeDegrees>
     </Position>
     <AltitudeMeters>515.45</AltitudeMeters>
     <DistanceMeters>96021.3636721653</DistanceMeters>
    </Trackpoint>
    <Trackpoint>
     <Time>2026-07-19T04:02:26+00:00</Time>
     <Position>
      <LatitudeDegrees>-33.5460000</LatitudeDegrees>
      <LongitudeDegrees>-70.9392900</LongitudeDegrees>
     </Position>
     <AltitudeMeters>514.57</AltitudeMeters>
     <DistanceMeters>96046.85856041235</DistanceMeters>
    </Trackpoint>
    <Trackpoint>
     <Time>2026-07-19T04:02:32+00:00</Time>
     <Position>
      <LatitudeDegrees>-33.5459100</LatitudeDegrees>
      <LongitudeDegrees>-70.9393900</LongitudeDegrees>
     </Position>
     <AltitudeMeters>514.57</AltitudeMeters>
     <DistanceMeters>96060.51044888189</DistanceMeters>
    </Trackpoint>
    <Trackpoint>
     <Time>2026-07-19T04:02:38+00:00</Time>
     <Position>
      <LatitudeDegrees>-33.5458300</LatitudeDegrees>
      <LongitudeDegrees>-70.9396400</LongitudeDegrees>
     </Position>
     <AltitudeMeters>513.5200000000001</AltitudeMeters>
     <DistanceMeters>96085.35065556226</DistanceMeters>
    </Trackpoint>
    <Trackpoint>
     <Time>2026-07-19T04:02:45+00:00</Time>
     <Position>
      <LatitudeDegrees>-33.5458500</LatitudeDegrees>
      <LongitudeDegrees>-70.9397800</LongitudeDegrees>
     </Position>
     <AltitudeMeters>513.11</AltitudeMeters>
     <DistanceMeters>96098.52626171333</DistanceMeters>
    </Trackpoint>
    <Trackpoint>
     <Time>2026-07-19T04:02:51+00:00</Time>
     <Position>
      <LatitudeDegrees>-33.5459400</LatitudeDegrees>
      <LongitudeDegrees>-70.9400000</LongitudeDegrees>
     </Position>
     <AltitudeMeters>512.82</AltitudeMeters>
     <DistanceMeters>96121.25893042971</DistanceMeters>
    </Trackpoint>
    <Trackpoint>
     <Time>2026-07-19T04:02:57+00:00</Time>
     <Position>
      <LatitudeDegrees>-33.5461400</LatitudeDegrees>
      <LongitudeDegrees>-70.9402700</LongitudeDegrees>
     </Position>
     <AltitudeMeters>511.2300000000001</AltitudeMeters>
     <DistanceMeters>96154.76580834856</DistanceMeters>
    </Trackpoint>
    <Trackpoint>
     <Time>2026-07-19T04:03:03+00:00</Time>
     <Position>
      <LatitudeDegrees>-33.5461800</LatitudeDegrees>
      <LongitudeDegrees>-70.9403700</LongitudeDegrees>
     </Position>
     <AltitudeMeters>511.2300000000001</AltitudeMeters>
     <DistanceMeters>96165.05463319982</DistanceMeters>
    </Trackpoint>
    <Trackpoint>
     <Time>2026-07-19T04:03:09+00:00</Time>
     <Position>
      <LatitudeDegrees>-33.5462000</LatitudeDegrees>
      <LongitudeDegrees>-70.9405000</LongitudeDegrees>
     </Position>
     <AltitudeMeters>510.75</AltitudeMeters>
     <DistanceMeters>96177.31693871632</DistanceMeters>
    </Trackpoint>
    <Trackpoint>
     <Time>2026-07-19T04:03:16+00:00</Time>
     <Position>
      <LatitudeDegrees>-33.5461800</LatitudeDegrees>
      <LongitudeDegrees>-70.9406800</LongitudeDegrees>
     </Position>
     <AltitudeMeters>509.59</AltitudeMeters>
     <DistanceMeters>96194.16116113815</DistanceMeters>
    </Trackpoint>
    <Trackpoint>
     <Time>2026-07-19T04:03:22+00:00</Time>
     <Position>
      <LatitudeDegrees>-33.5460700</LatitudeDegrees>
      <LongitudeDegrees>-70.9408100</LongitudeDegrees>
     </Position>
     <AltitudeMeters>509.59</AltitudeMeters>
     <DistanceMeters>96211.34513844253</DistanceMeters>
    </Trackpoint>
    <Trackpoint>
     <Time>2026-07-19T04:03:28+00:00</Time>
     <Position>
      <LatitudeDegrees>-33.5452400</LatitudeDegrees>
      <LongitudeDegrees>-70.9412200</LongitudeDegrees>
     </Position>
     <AltitudeMeters>506.5200000000001</AltitudeMeters>
     <DistanceMeters>96311.24301511439</DistanceMeters>
    </Trackpoint>
    <Trackpoint>
     <Time>2026-07-19T04:03:34+00:00</Time>
     <Position>
      <LatitudeDegrees>-33.5450200</LatitudeDegrees>
      <LongitudeDegrees>-70.9414300</LongitudeDegrees>
     </Position>
     <AltitudeMeters>505.07</AltitudeMeters>
     <DistanceMeters>96342.53148219077</DistanceMeters>
    </Trackpoint>
    <Trackpoint>
     <Time>2026-07-19T04:03:40+00:00</Time>
     <Position>
      <LatitudeDegrees>-33.5447500</LatitudeDegrees>
      <LongitudeDegrees>-70.9417200</LongitudeDegrees>
     </Position>
     <AltitudeMeters>503.31</AltitudeMeters>
     <DistanceMeters>96382.86285866605</DistanceMeters>
    </Trackpoint>
    <Trackpoint>
     <Time>2026-07-19T04:03:47+00:00</Time>
     <Position>
      <LatitudeDegrees>-33.5445900</LatitudeDegrees>
      <LongitudeDegrees>-70.9419800</LongitudeDegrees>
     </Position>
     <AltitudeMeters>503.31</AltitudeMeters>
     <DistanceMeters>96412.84215963054</DistanceMeters>
    </Trackpoint>
    <Trackpoint>
     <Time>2026-07-19T04:03:53+00:00</Time>
     <Position>
      <LatitudeDegrees>-33.5445300</LatitudeDegrees>
      <LongitudeDegrees>-70.9421600</LongitudeDegrees>
     </Position>
     <AltitudeMeters>503.31</AltitudeMeters>
     <DistanceMeters>96430.82481450235</DistanceMeters>
    </Trackpoint>
    <Trackpoint>
     <Time>2026-07-19T04:03:59+00:00</Time>
     <Position>
      <LatitudeDegrees>-33.5444800</LatitudeDegrees>
      <LongitudeDegrees>-70.9424300</LongitudeDegrees>
     </Position>
     <AltitudeMeters>500.11000000000007</AltitudeMeters>
     <DistanceMeters>96456.48082435787</DistanceMeters>
    </Trackpoint>
    <Trackpoint>
     <Time>2026-07-19T04:04:05+00:00</Time>
     <Position>
      <LatitudeDegrees>-33.5445300</LatitudeDegrees>
      <LongitudeDegrees>-70.9427000</LongitudeDegrees>
     </Position>
     <AltitudeMeters>500.11000000000007</AltitudeMeters>
     <DistanceMeters>96482.13683421341</DistanceMeters>
    </Trackpoint>
    <Trackpoint>
     <Time>2026-07-19T04:04:11+00:00</Time>
     <Position>
      <LatitudeDegrees>-33.5446200</LatitudeDegrees>
      <LongitudeDegrees>-70.9429200</LongitudeDegrees>
     </Position>
     <AltitudeMeters>499.11000000000007</AltitudeMeters>
     <DistanceMeters>96504.86978275374</DistanceMeters>
    </Trackpoint>
    <Trackpoint>
     <Time>2026-07-19T04:04:18+00:00</Time>
     <Position>
      <LatitudeDegrees>-33.5447700</LatitudeDegrees>
      <LongitudeDegrees>-70.9431400</LongitudeDegrees>
     </Position>
     <AltitudeMeters>497.34000000000003</AltitudeMeters>
     <DistanceMeters>96531.23556891177</DistanceMeters>
    </Trackpoint>
    <Trackpoint>
     <Time>2026-07-19T04:04:24+00:00</Time>
     <Position>
      <LatitudeDegrees>-33.5448900</LatitudeDegrees>
      <LongitudeDegrees>-70.9432300</LongitudeDegrees>
     </Position>
     <AltitudeMeters>497.34000000000003</AltitudeMeters>
     <DistanceMeters>96546.98562812118</DistanceMeters>
    </Trackpoint>
    <Trackpoint>
     <Time>2026-07-19T04:04:30+00:00</Time>
     <Position>
      <LatitudeDegrees>-33.5450400</LatitudeDegrees>
      <LongitudeDegrees>-70.9432900</LongitudeDegrees>
     </Position>
     <AltitudeMeters>495.90000000000003</AltitudeMeters>
     <DistanceMeters>96564.58327163299</DistanceMeters>
    </Trackpoint>
    <Trackpoint>
     <Time>2026-07-19T04:04:36+00:00</Time>
     <Position>
      <LatitudeDegrees>-33.5452000</LatitudeDegrees>
      <LongitudeDegrees>-70.9433200</LongitudeDegrees>
     </Position>
     <AltitudeMeters>495.44000000000005</AltitudeMeters>
     <DistanceMeters>96582.60670453442</DistanceMeters>
    </Trackpoint>
    <Trackpoint>
     <Time>2026-07-19T04:04:42+00:00</Time>
     <Position>
      <LatitudeDegrees>-33.5452700</LatitudeDegrees>
      <LongitudeDegrees>-70.9433200</LongitudeDegrees>
     </Position>
     <AltitudeMeters>495.44000000000005</AltitudeMeters>
     <DistanceMeters>96590.39740209538</DistanceMeters>
    </Trackpoint>
    <Trackpoint>
     <Time>2026-07-19T04:04:49+00:00</Time>
     <Position>
      <LatitudeDegrees>-33.5458900</LatitudeDegrees>
      <LongitudeDegrees>-70.9430200</LongitudeDegrees>
     </Position>
     <AltitudeMeters>491.82000000000005</AltitudeMeters>
     <DistanceMeters>96664.8006218075</DistanceMeters>
    </Trackpoint>
    <Trackpoint>
     <Time>2026-07-19T04:04:55+00:00</Time>
     <Position>
      <LatitudeDegrees>-33.5461400</LatitudeDegrees>
      <LongitudeDegrees>-70.9429600</LongitudeDegrees>
     </Position>
     <AltitudeMeters>490.88000000000005</AltitudeMeters>
     <DistanceMeters>96693.17570656392</DistanceMeters>
    </Trackpoint>
    <Trackpoint>
     <Time>2026-07-19T04:05:01+00:00</Time>
     <Position>
      <LatitudeDegrees>-33.5466000</LatitudeDegrees>
      <LongitudeDegrees>-70.9429850</LongitudeDegrees>
     </Position>
     <AltitudeMeters>486.77000000000004</AltitudeMeters>
     <DistanceMeters>96744.42422802375</DistanceMeters>
    </Trackpoint>
    <Trackpoint>
     <Time>2026-07-19T04:05:07+00:00</Time>
     <Position>
      <LatitudeDegrees>-33.5470600</LatitudeDegrees>
      <LongitudeDegrees>-70.9430100</LongitudeDegrees>
     </Position>
     <AltitudeMeters>485.03000000000003</AltitudeMeters>
     <DistanceMeters>96795.67271564218</DistanceMeters>
    </Trackpoint>
    <Trackpoint>
     <Time>2026-07-19T04:05:13+00:00</Time>
     <Position>
      <LatitudeDegrees>-33.5471900</LatitudeDegrees>
      <LongitudeDegrees>-70.9430500</LongitudeDegrees>
     </Position>
     <AltitudeMeters>483.72</AltitudeMeters>
     <DistanceMeters>96810.6093144656</DistanceMeters>
    </Trackpoint>
    <Trackpoint>
     <Time>2026-07-19T04:05:20+00:00</Time>
     <Position>
      <LatitudeDegrees>-33.5474100</LatitudeDegrees>
      <LongitudeDegrees>-70.9431400</LongitudeDegrees>
     </Position>
     <AltitudeMeters>482.30000000000007</AltitudeMeters>
     <DistanceMeters>96836.47839140761</DistanceMeters>
    </Trackpoint>
    <Trackpoint>
     <Time>2026-07-19T04:05:26+00:00</Time>
     <Position>
      <LatitudeDegrees>-33.5475300</LatitudeDegrees>
      <LongitudeDegrees>-70.9432400</LongitudeDegrees>
     </Position>
     <AltitudeMeters>480.92</AltitudeMeters>
     <DistanceMeters>96852.73900117054</DistanceMeters>
    </Trackpoint>
    <Trackpoint>
     <Time>2026-07-19T04:05:32+00:00</Time>
     <Position>
      <LatitudeDegrees>-33.5476200</LatitudeDegrees>
      <LongitudeDegrees>-70.9433700</LongitudeDegrees>
     </Position>
     <AltitudeMeters>479.84000000000003</AltitudeMeters>
     <DistanceMeters>96868.41501096253</DistanceMeters>
    </Trackpoint>
    <Trackpoint>
     <Time>2026-07-19T04:05:38+00:00</Time>
     <Position>
      <LatitudeDegrees>-33.5477100</LatitudeDegrees>
      <LongitudeDegrees>-70.9436000</LongitudeDegrees>
     </Position>
     <AltitudeMeters>477.80000000000007</AltitudeMeters>
     <DistanceMeters>96891.98351402218</DistanceMeters>
    </Trackpoint>
    <Trackpoint>
     <Time>2026-07-19T04:05:44+00:00</Time>
     <Position>
      <LatitudeDegrees>-33.5477300</LatitudeDegrees>
      <LongitudeDegrees>-70.9439000</LongitudeDegrees>
     </Position>
     <AltitudeMeters>475.56</AltitudeMeters>
     <DistanceMeters>96919.89940728074</DistanceMeters>
    </Trackpoint>
    <Trackpoint>
     <Time>2026-07-19T04:05:51+00:00</Time>
     <Position>
      <LatitudeDegrees>-33.5476400</LatitudeDegrees>
      <LongitudeDegrees>-70.9444300</LongitudeDegrees>
     </Position>
     <AltitudeMeters>472.26</AltitudeMeters>
     <DistanceMeters>96970.07054581078</DistanceMeters>
    </Trackpoint>
    <Trackpoint>
     <Time>2026-07-19T04:05:57+00:00</Time>
     <Position>
      <LatitudeDegrees>-33.5476400</LatitudeDegrees>
      <LongitudeDegrees>-70.9446600</LongitudeDegrees>
     </Position>
     <AltitudeMeters>471.08000000000004</AltitudeMeters>
     <DistanceMeters>96991.40460545398</DistanceMeters>
    </Trackpoint>
    <Trackpoint>
     <Time>2026-07-19T04:06:03+00:00</Time>
     <Position>
      <LatitudeDegrees>-33.5477300</LatitudeDegrees>
      <LongitudeDegrees>-70.9448900</LongitudeDegrees>
     </Position>
     <AltitudeMeters>470.13000000000005</AltitudeMeters>
     <DistanceMeters>97014.9731040438</DistanceMeters>
    </Trackpoint>
    <Trackpoint>
     <Time>2026-07-19T04:06:09+00:00</Time>
     <Position>
      <LatitudeDegrees>-33.5478400</LatitudeDegrees>
      <LongitudeDegrees>-70.9450400</LongitudeDegrees>
     </Position>
     <AltitudeMeters>469.49</AltitudeMeters>
     <DistanceMeters>97033.50590528974</DistanceMeters>
    </Trackpoint>
    <Trackpoint>
     <Time>2026-07-19T04:06:15+00:00</Time>
     <Position>
      <LatitudeDegrees>-33.5482400</LatitudeDegrees>
      <LongitudeDegrees>-70.9454800</LongitudeDegrees>
     </Position>
     <AltitudeMeters>466.38</AltitudeMeters>
     <DistanceMeters>97093.90094429172</DistanceMeters>
    </Trackpoint>
    <Trackpoint>
     <Time>2026-07-19T04:06:22+00:00</Time>
     <Position>
      <LatitudeDegrees>-33.5483300</LatitudeDegrees>
      <LongitudeDegrees>-70.9456500</LongitudeDegrees>
     </Position>
     <AltitudeMeters>465.41</AltitudeMeters>
     <DistanceMeters>97112.58192920366</DistanceMeters>
    </Trackpoint>
    <Trackpoint>
     <Time>2026-07-19T04:06:28+00:00</Time>
     <Position>
      <LatitudeDegrees>-33.5483800</LatitudeDegrees>
      <LongitudeDegrees>-70.9459200</LongitudeDegrees>
     </Position>
     <AltitudeMeters>464.3</AltitudeMeters>
     <DistanceMeters>97138.23684978671</DistanceMeters>
    </Trackpoint>
    <Trackpoint>
     <Time>2026-07-19T04:06:34+00:00</Time>
     <Position>
      <LatitudeDegrees>-33.5483200</LatitudeDegrees>
      <LongitudeDegrees>-70.9461700</LongitudeDegrees>
     </Position>
     <AltitudeMeters>463.4200000000001</AltitudeMeters>
     <DistanceMeters>97162.36820204486</DistanceMeters>
    </Trackpoint>
    <Trackpoint>
     <Time>2026-07-19T04:06:40+00:00</Time>
     <Position>
      <LatitudeDegrees>-33.5483300</LatitudeDegrees>
      <LongitudeDegrees>-70.9461500</LongitudeDegrees>
     </Position>
     <AltitudeMeters>463.4200000000001</AltitudeMeters>
     <DistanceMeters>97162.36820204486</DistanceMeters>
    </Trackpoint>
    <Trackpoint>
     <Time>2026-07-19T04:06:46+00:00</Time>
     <Position>
      <LatitudeDegrees>-33.5482200</LatitudeDegrees>
      <LongitudeDegrees>-70.9463200</LongitudeDegrees>
     </Position>
     <AltitudeMeters>461.87000000000006</AltitudeMeters>
     <DistanceMeters>97182.33132223887</DistanceMeters>
    </Trackpoint>
    <Trackpoint>
     <Time>2026-07-19T04:06:53+00:00</Time>
     <Position>
      <LatitudeDegrees>-33.5477700</LatitudeDegrees>
      <LongitudeDegrees>-70.9468100</LongitudeDegrees>
     </Position>
     <AltitudeMeters>460.05</AltitudeMeters>
     <DistanceMeters>97249.96321401293</DistanceMeters>
    </Trackpoint>
    <Trackpoint>
     <Time>2026-07-19T04:06:59+00:00</Time>
     <Position>
      <LatitudeDegrees>-33.5474800</LatitudeDegrees>
      <LongitudeDegrees>-70.9469900</LongitudeDegrees>
     </Position>
     <AltitudeMeters>457.52000000000004</AltitudeMeters>
     <DistanceMeters>97286.30172974573</DistanceMeters>
    </Trackpoint>
    <Trackpoint>
     <Time>2026-07-19T04:07:05+00:00</Time>
     <Position>
      <LatitudeDegrees>-33.5470600</LatitudeDegrees>
      <LongitudeDegrees>-70.9472100</LongitudeDegrees>
     </Position>
     <AltitudeMeters>454.0</AltitudeMeters>
     <DistanceMeters>97337.30611525023</DistanceMeters>
    </Trackpoint>
    <Trackpoint>
     <Time>2026-07-19T04:07:11+00:00</Time>
     <Position>
      <LatitudeDegrees>-33.5469700</LatitudeDegrees>
      <LongitudeDegrees>-70.9472600</LongitudeDegrees>
     </Position>
     <AltitudeMeters>454.0</AltitudeMeters>
     <DistanceMeters>97348.34433798562</DistanceMeters>
    </Trackpoint>
    <Trackpoint>
     <Time>2026-07-19T04:07:17+00:00</Time>
     <Position>
      <LatitudeDegrees>-33.5468300</LatitudeDegrees>
      <LongitudeDegrees>-70.9473900</LongitudeDegrees>
     </Position>
     <AltitudeMeters>452.69000000000005</AltitudeMeters>
     <DistanceMeters>97368.04679797837</DistanceMeters>
    </Trackpoint>
    <Trackpoint>
     <Time>2026-07-19T04:07:24+00:00</Time>
     <Position>
      <LatitudeDegrees>-33.5466800</LatitudeDegrees>
      <LongitudeDegrees>-70.9476300</LongitudeDegrees>
     </Position>
     <AltitudeMeters>451.75000000000006</AltitudeMeters>
     <DistanceMeters>97395.87289354108</DistanceMeters>
    </Trackpoint>
    <Trackpoint>
     <Time>2026-07-19T04:07:30+00:00</Time>
     <Position>
      <LatitudeDegrees>-33.5464300</LatitudeDegrees>
      <LongitudeDegrees>-70.9482500</LongitudeDegrees>
     </Position>
     <AltitudeMeters>448.85</AltitudeMeters>
     <DistanceMeters>97459.75999824698</DistanceMeters>
    </Trackpoint>
    <Trackpoint>
     <Time>2026-07-19T04:07:36+00:00</Time>
     <Position>
      <LatitudeDegrees>-33.5463000</LatitudeDegrees>
      <LongitudeDegrees>-70.9484600</LongitudeDegrees>
     </Position>
     <AltitudeMeters>447.63</AltitudeMeters>
     <DistanceMeters>97484.0246924752</DistanceMeters>
    </Trackpoint>
    <Trackpoint>
     <Time>2026-07-19T04:07:42+00:00</Time>
     <Position>
      <LatitudeDegrees>-33.5461600</LatitudeDegrees>
      <LongitudeDegrees>-70.9485100</LongitudeDegrees>
     </Position>
     <AltitudeMeters>446.45</AltitudeMeters>
     <DistanceMeters>97500.28169487388</DistanceMeters>
    </Trackpoint>
    <Trackpoint>
     <Time>2026-07-19T04:07:48+00:00</Time>
     <Position>
      <LatitudeDegrees>-33.5460300</LatitudeDegrees>
      <LongitudeDegrees>-70.9485100</LongitudeDegrees>
     </Position>
     <AltitudeMeters>445.93000000000006</AltitudeMeters>
     <DistanceMeters>97514.75013320103</DistanceMeters>
    </Trackpoint>
    <Trackpoint>
     <Time>2026-07-19T04:07:54+00:00</Time>
     <Position>
      <LatitudeDegrees>-33.5456000</LatitudeDegrees>
      <LongitudeDegrees>-70.9484200</LongitudeDegrees>
     </Position>
     <AltitudeMeters>444.57</AltitudeMeters>
     <DistanceMeters>97563.32996384092</DistanceMeters>
    </Trackpoint>
    <Trackpoint>
     <Time>2026-07-19T04:08:01+00:00</Time>
     <Position>
      <LatitudeDegrees>-33.5453100</LatitudeDegrees>
      <LongitudeDegrees>-70.9483800</LongitudeDegrees>
     </Position>
     <AltitudeMeters>441.08000000000004</AltitudeMeters>
     <DistanceMeters>97595.81827952109</DistanceMeters>
    </Trackpoint>
    <Trackpoint>
     <Time>2026-07-19T04:08:07+00:00</Time>
     <Position>
      <LatitudeDegrees>-33.5451300</LatitudeDegrees>
      <LongitudeDegrees>-70.9484200</LongitudeDegrees>
     </Position>
     <AltitudeMeters>440.54</AltitudeMeters>
     <DistanceMeters>97616.19220598256</DistanceMeters>
    </Trackpoint>
    <Trackpoint>
     <Time>2026-07-19T04:08:13+00:00</Time>
     <Position>
      <LatitudeDegrees>-33.5449300</LatitudeDegrees>
      <LongitudeDegrees>-70.9485100</LongitudeDegrees>
     </Position>
     <AltitudeMeters>440.54</AltitudeMeters>
     <DistanceMeters>97639.96539016145</DistanceMeters>
    </Trackpoint>
    <Trackpoint>
     <Time>2026-07-19T04:08:19+00:00</Time>
     <Position>
      <LatitudeDegrees>-33.5448000</LatitudeDegrees>
      <LongitudeDegrees>-70.9486400</LongitudeDegrees>
     </Position>
     <AltitudeMeters>438.05000000000007</AltitudeMeters>
     <DistanceMeters>97658.80018806613</DistanceMeters>
    </Trackpoint>
    <Trackpoint>
     <Time>2026-07-19T04:08:25+00:00</Time>
     <Position>
      <LatitudeDegrees>-33.5446800</LatitudeDegrees>
      <LongitudeDegrees>-70.9487800</LongitudeDegrees>
     </Position>
     <AltitudeMeters>437.57</AltitudeMeters>
     <DistanceMeters>97677.42852901506</DistanceMeters>
    </Trackpoint>
    <Trackpoint>
     <Time>2026-07-19T04:08:32+00:00</Time>
     <Position>
      <LatitudeDegrees>-33.5443300</LatitudeDegrees>
      <LongitudeDegrees>-70.9495400</LongitudeDegrees>
     </Position>
     <AltitudeMeters>433.95000000000005</AltitudeMeters>
     <DistanceMeters>97757.97231518112</DistanceMeters>
    </Trackpoint>
    <Trackpoint>
     <Time>2026-07-19T04:08:38+00:00</Time>
     <Position>
      <LatitudeDegrees>-33.5442400</LatitudeDegrees>
      <LongitudeDegrees>-70.9496800</LongitudeDegrees>
     </Position>
     <AltitudeMeters>433.57</AltitudeMeters>
     <DistanceMeters>97774.37293938764</DistanceMeters>
    </Trackpoint>
    <Trackpoint>
     <Time>2026-07-19T04:08:44+00:00</Time>
     <Position>
      <LatitudeDegrees>-33.5441500</LatitudeDegrees>
      <LongitudeDegrees>-70.9497800</LongitudeDegrees>
     </Position>
     <AltitudeMeters>433.03000000000003</AltitudeMeters>
     <DistanceMeters>97788.02495621945</DistanceMeters>
    </Trackpoint>
    <Trackpoint>
     <Time>2026-07-19T04:08:50+00:00</Time>
     <Position>
      <LatitudeDegrees>-33.5440100</LatitudeDegrees>
      <LongitudeDegrees>-70.9498500</LongitudeDegrees>
     </Position>
     <AltitudeMeters>432.71000000000004</AltitudeMeters>
     <DistanceMeters>97804.90518334598</DistanceMeters>
    </Trackpoint>
    <Trackpoint>
     <Time>2026-07-19T04:08:56+00:00</Time>
     <Position>
      <LatitudeDegrees>-33.5437700</LatitudeDegrees>
      <LongitudeDegrees>-70.9497800</LongitudeDegrees>
     </Position>
     <AltitudeMeters>431.68</AltitudeMeters>
     <DistanceMeters>97832.39405249662</DistanceMeters>
    </Trackpoint>
    <Trackpoint>
     <Time>2026-07-19T04:09:03+00:00</Time>
     <Position>
      <LatitudeDegrees>-33.5432500</LatitudeDegrees>
      <LongitudeDegrees>-70.9495000</LongitudeDegrees>
     </Position>
     <AltitudeMeters>429.01000000000005</AltitudeMeters>
     <DistanceMeters>97895.82886410003</DistanceMeters>
    </Trackpoint>
    <Trackpoint>
     <Time>2026-07-19T04:09:09+00:00</Time>
     <Position>
      <LatitudeDegrees>-33.5430500</LatitudeDegrees>
      <LongitudeDegrees>-70.9494100</LongitudeDegrees>
     </Position>
     <AltitudeMeters>428.52</AltitudeMeters>
     <DistanceMeters>97919.6021120565</DistanceMeters>
    </Trackpoint>
    <Trackpoint>
     <Time>2026-07-19T04:09:15+00:00</Time>
     <Position>
      <LatitudeDegrees>-33.5427400</LatitudeDegrees>
      <LongitudeDegrees>-70.9493600</LongitudeDegrees>
     </Position>
     <AltitudeMeters>427.82000000000005</AltitudeMeters>
     <DistanceMeters>97954.41412865014</DistanceMeters>
    </Trackpoint>
    <Trackpoint>
     <Time>2026-07-19T04:09:21+00:00</Time>
     <Position>
      <LatitudeDegrees>-33.5423700</LatitudeDegrees>
      <LongitudeDegrees>-70.9493300</LongitudeDegrees>
     </Position>
     <AltitudeMeters>426.67</AltitudeMeters>
     <DistanceMeters>97995.68745476767</DistanceMeters>
    </Trackpoint>
    <Trackpoint>
     <Time>2026-07-19T04:09:27+00:00</Time>
     <Position>
      <LatitudeDegrees>-33.5418000</LatitudeDegrees>
      <LongitudeDegrees>-70.9493700</LongitudeDegrees>
     </Position>
     <AltitudeMeters>424.18000000000006</AltitudeMeters>
     <DistanceMeters>98059.2344129564</DistanceMeters>
    </Trackpoint>
    <Trackpoint>
     <Time>2026-07-19T04:09:34+00:00</Time>
     <Position>
      <LatitudeDegrees>-33.5415900</LatitudeDegrees>
      <LongitudeDegrees>-70.9493700</LongitudeDegrees>
     </Position>
     <AltitudeMeters>423.64</AltitudeMeters>
     <DistanceMeters>98082.60650563927</DistanceMeters>
    </Trackpoint>
    <Trackpoint>
     <Time>2026-07-19T04:09:40+00:00</Time>
     <Position>
      <LatitudeDegrees>-33.5414400</LatitudeDegrees>
      <LongitudeDegrees>-70.9493600</LongitudeDegrees>
     </Position>
     <AltitudeMeters>423.25</AltitudeMeters>
     <DistanceMeters>98099.32661000207</DistanceMeters>
    </Trackpoint>
    <Trackpoint>
     <Time>2026-07-19T04:09:46+00:00</Time>
     <Position>
      <LatitudeDegrees>-33.5408300</LatitudeDegrees>
      <LongitudeDegrees>-70.9491400</LongitudeDegrees>
     </Position>
     <AltitudeMeters>420.56000000000006</AltitudeMeters>
     <DistanceMeters>98170.21800010759</DistanceMeters>
    </Trackpoint>
    <Trackpoint>
     <Time>2026-07-19T04:09:52+00:00</Time>
     <Position>
      <LatitudeDegrees>-33.5405200</LatitudeDegrees>
      <LongitudeDegrees>-70.9491400</LongitudeDegrees>
     </Position>
     <AltitudeMeters>418.78000000000003</AltitudeMeters>
     <DistanceMeters>98204.71966073413</DistanceMeters>
    </Trackpoint>
    <Trackpoint>
     <Time>2026-07-19T04:09:58+00:00</Time>
     <Position>
      <LatitudeDegrees>-33.5397800</LatitudeDegrees>
      <LongitudeDegrees>-70.9492300</LongitudeDegrees>
     </Position>
     <AltitudeMeters>413.68000000000006</AltitudeMeters>
     <DistanceMeters>98287.50055933272</DistanceMeters>
    </Trackpoint>
    <Trackpoint>
     <Time>2026-07-19T04:10:05+00:00</Time>
     <Position>
      <LatitudeDegrees>-33.5390400</LatitudeDegrees>
      <LongitudeDegrees>-70.9493200</LongitudeDegrees>
     </Position>
     <AltitudeMeters>410.57000000000005</AltitudeMeters>
     <DistanceMeters>98370.28144400328</DistanceMeters>
    </Trackpoint>
    <Trackpoint>
     <Time>2026-07-19T04:10:11+00:00</Time>
     <Position>
      <LatitudeDegrees>-33.5388900</LatitudeDegrees>
      <LongitudeDegrees>-70.9494000</LongitudeDegrees>
     </Position>
     <AltitudeMeters>408.14000000000004</AltitudeMeters>
     <DistanceMeters>98388.55100591407</DistanceMeters>
    </Trackpoint>
    <Trackpoint>
     <Time>2026-07-19T04:10:17+00:00</Time>
     <Position>
      <LatitudeDegrees>-33.5387500</LatitudeDegrees>
      <LongitudeDegrees>-70.9495000</LongitudeDegrees>
     </Position>
     <AltitudeMeters>408.14000000000004</AltitudeMeters>
     <DistanceMeters>98406.68483180829</DistanceMeters>
    </Trackpoint>
    <Trackpoint>
     <Time>2026-07-19T04:10:23+00:00</Time>
     <Position>
      <LatitudeDegrees>-33.5385700</LatitudeDegrees>
      <LongitudeDegrees>-70.9497200</LongitudeDegrees>
     </Position>
     <AltitudeMeters>406.62</AltitudeMeters>
     <DistanceMeters>98435.28275923338</DistanceMeters>
    </Trackpoint>
    <Trackpoint>
     <Time>2026-07-19T04:10:29+00:00</Time>
     <Position>
      <LatitudeDegrees>-33.5384600</LatitudeDegrees>
      <LongitudeDegrees>-70.9499900</LongitudeDegrees>
     </Position>
     <AltitudeMeters>404.37</AltitudeMeters>
     <DistanceMeters>98463.16161116998</DistanceMeters>
    </Trackpoint>
    <Trackpoint>
     <Time>2026-07-19T04:10:36+00:00</Time>
     <Position>
      <LatitudeDegrees>-33.5384400</LatitudeDegrees>
      <LongitudeDegrees>-70.9502700</LongitudeDegrees>
     </Position>
     <AltitudeMeters>404.37</AltitudeMeters>
     <DistanceMeters>98489.23147280306</DistanceMeters>
    </Trackpoint>
    <Trackpoint>
     <Time>2026-07-19T04:10:42+00:00</Time>
     <Position>
      <LatitudeDegrees>-33.5385100</LatitudeDegrees>
      <LongitudeDegrees>-70.9505300</LongitudeDegrees>
     </Position>
     <AltitudeMeters>403.03000000000003</AltitudeMeters>
     <DistanceMeters>98514.57780590067</DistanceMeters>
    </Trackpoint>
    <Trackpoint>
     <Time>2026-07-19T04:10:48+00:00</Time>
     <Position>
      <LatitudeDegrees>-33.5386200</LatitudeDegrees>
      <LongitudeDegrees>-70.9507100</LongitudeDegrees>
     </Position>
     <AltitudeMeters>401.96000000000004</AltitudeMeters>
     <DistanceMeters>98535.28291986356</DistanceMeters>
    </Trackpoint>
    <Trackpoint>
     <Time>2026-07-19T04:10:54+00:00</Time>
     <Position>
      <LatitudeDegrees>-33.5389300</LatitudeDegrees>
      <LongitudeDegrees>-70.9512000</LongitudeDegrees>
     </Position>
     <AltitudeMeters>399.44</AltitudeMeters>
     <DistanceMeters>98592.3492472228</DistanceMeters>
    </Trackpoint>
    <Trackpoint>
     <Time>2026-07-19T04:11:00+00:00</Time>
     <Position>
      <LatitudeDegrees>-33.5391800</LatitudeDegrees>
      <LongitudeDegrees>-70.9514700</LongitudeDegrees>
     </Position>
     <AltitudeMeters>398.13000000000005</AltitudeMeters>
     <DistanceMeters>98629.78604264217</DistanceMeters>
    </Trackpoint>
    <Trackpoint>
     <Time>2026-07-19T04:11:07+00:00</Time>
     <Position>
      <LatitudeDegrees>-33.5396500</LatitudeDegrees>
      <LongitudeDegrees>-70.9517800</LongitudeDegrees>
     </Position>
     <AltitudeMeters>395.89</AltitudeMeters>
     <DistanceMeters>98689.4786955787</DistanceMeters>
    </Trackpoint>
    <Trackpoint>
     <Time>2026-07-19T04:11:13+00:00</Time>
     <Position>
      <LatitudeDegrees>-33.5398500</LatitudeDegrees>
      <LongitudeDegrees>-70.9519600</LongitudeDegrees>
     </Position>
     <AltitudeMeters>393.79</AltitudeMeters>
     <DistanceMeters>98717.3046514073</DistanceMeters>
    </Trackpoint>
    <Trackpoint>
     <Time>2026-07-19T04:11:19+00:00</Time>
     <Position>
      <LatitudeDegrees>-33.5401200</LatitudeDegrees>
      <LongitudeDegrees>-70.9522700</LongitudeDegrees>
     </Position>
     <AltitudeMeters>392.28000000000003</AltitudeMeters>
     <DistanceMeters>98758.89751287024</DistanceMeters>
    </Trackpoint>
    <Trackpoint>
     <Time>2026-07-19T04:11:25+00:00</Time>
     <Position>
      <LatitudeDegrees>-33.5404800</LatitudeDegrees>
      <LongitudeDegrees>-70.9528100</LongitudeDegrees>
     </Position>
     <AltitudeMeters>389.41</AltitudeMeters>
     <DistanceMeters>98823.04281849143</DistanceMeters>
    </Trackpoint>
    <Trackpoint>
     <Time>2026-07-19T04:11:31+00:00</Time>
     <Position>
      <LatitudeDegrees>-33.5405200</LatitudeDegrees>
      <LongitudeDegrees>-70.9529000</LongitudeDegrees>
     </Position>
     <AltitudeMeters>388.95</AltitudeMeters>
     <DistanceMeters>98832.50438429097</DistanceMeters>
    </Trackpoint>
    <Trackpoint>
     <Time>2026-07-19T04:11:38+00:00</Time>
     <Position>
      <LatitudeDegrees>-33.5405600</LatitudeDegrees>
      <LongitudeDegrees>-70.9531300</LongitudeDegrees>
     </Position>
     <AltitudeMeters>387.96000000000004</AltitudeMeters>
     <DistanceMeters>98854.29969705507</DistanceMeters>
    </Trackpoint>
    <Trackpoint>
     <Time>2026-07-19T04:11:44+00:00</Time>
     <Position>
      <LatitudeDegrees>-33.5405400</LatitudeDegrees>
      <LongitudeDegrees>-70.9534900</LongitudeDegrees>
     </Position>
     <AltitudeMeters>386.83</AltitudeMeters>
     <DistanceMeters>98887.7689784271</DistanceMeters>
    </Trackpoint>
    <Trackpoint>
     <Time>2026-07-19T04:11:50+00:00</Time>
     <Position>
      <LatitudeDegrees>-33.5404800</LatitudeDegrees>
      <LongitudeDegrees>-70.9536600</LongitudeDegrees>
     </Position>
     <AltitudeMeters>385.8</AltitudeMeters>
     <DistanceMeters>98904.89450513375</DistanceMeters>
    </Trackpoint>
    <Trackpoint>
     <Time>2026-07-19T04:11:56+00:00</Time>
     <Position>
      <LatitudeDegrees>-33.5404100</LatitudeDegrees>
      <LongitudeDegrees>-70.9538000</LongitudeDegrees>
     </Position>
     <AltitudeMeters>385.37000000000006</AltitudeMeters>
     <DistanceMeters>98920.03907284261</DistanceMeters>
    </Trackpoint>
    <Trackpoint>
     <Time>2026-07-19T04:12:02+00:00</Time>
     <Position>
      <LatitudeDegrees>-33.5403000</LatitudeDegrees>
      <LongitudeDegrees>-70.9539300</LongitudeDegrees>
     </Position>
     <AltitudeMeters>384.19</AltitudeMeters>
     <DistanceMeters>98937.22361513523</DistanceMeters>
    </Trackpoint>
    <Trackpoint>
     <Time>2026-07-19T04:12:09+00:00</Time>
     <Position>
      <LatitudeDegrees>-33.5401800</LatitudeDegrees>
      <LongitudeDegrees>-70.9540200</LongitudeDegrees>
     </Position>
     <AltitudeMeters>383.74</AltitudeMeters>
     <DistanceMeters>98952.97390937041</DistanceMeters>
    </Trackpoint>
    <Trackpoint>
     <Time>2026-07-19T04:12:15+00:00</Time>
     <Position>
      <LatitudeDegrees>-33.5400300</LatitudeDegrees>
      <LongitudeDegrees>-70.9540700</LongitudeDegrees>
     </Position>
     <AltitudeMeters>383.12</AltitudeMeters>
     <DistanceMeters>98970.30061385022</DistanceMeters>
    </Trackpoint>
    <Trackpoint>
     <Time>2026-07-19T04:12:21+00:00</Time>
     <Position>
      <LatitudeDegrees>-33.5397800</LatitudeDegrees>
      <LongitudeDegrees>-70.9541100</LongitudeDegrees>
     </Position>
     <AltitudeMeters>381.57</AltitudeMeters>
     <DistanceMeters>98998.37086667317</DistanceMeters>
    </Trackpoint>
    <Trackpoint>
     <Time>2026-07-19T04:12:27+00:00</Time>
     <Position>
      <LatitudeDegrees>-33.5391800</LatitudeDegrees>
      <LongitudeDegrees>-70.9539800</LongitudeDegrees>
     </Position>
     <AltitudeMeters>379.25</AltitudeMeters>
     <DistanceMeters>99066.22846905273</DistanceMeters>
    </Trackpoint>
    <Trackpoint>
     <Time>2026-07-19T04:12:33+00:00</Time>
     <Position>
      <LatitudeDegrees>-33.5388900</LatitudeDegrees>
      <LongitudeDegrees>-70.9538900</LongitudeDegrees>
     </Position>
     <AltitudeMeters>377.70000000000005</AltitudeMeters>
     <DistanceMeters>99099.56656545715</DistanceMeters>
    </Trackpoint>
    <Trackpoint>
     <Time>2026-07-19T04:12:40+00:00</Time>
     <Position>
      <LatitudeDegrees>-33.5383500</LatitudeDegrees>
      <LongitudeDegrees>-70.9536650</LongitudeDegrees>
     </Position>
     <AltitudeMeters>374.46</AltitudeMeters>
     <DistanceMeters>99163.18757787318</DistanceMeters>
    </Trackpoint>
    <Trackpoint>
     <Time>2026-07-19T04:12:46+00:00</Time>
     <Position>
      <LatitudeDegrees>-33.5378100</LatitudeDegrees>
      <LongitudeDegrees>-70.9534400</LongitudeDegrees>
     </Position>
     <AltitudeMeters>371.41</AltitudeMeters>
     <DistanceMeters>99226.80857145572</DistanceMeters>
    </Trackpoint>
    <Trackpoint>
     <Time>2026-07-19T04:12:52+00:00</Time>
     <Position>
      <LatitudeDegrees>-33.5374800</LatitudeDegrees>
      <LongitudeDegrees>-70.9533500</LongitudeDegrees>
     </Position>
     <AltitudeMeters>369.82000000000005</AltitudeMeters>
     <DistanceMeters>99264.47316722691</DistanceMeters>
    </Trackpoint>
    <Trackpoint>
     <Time>2026-07-19T04:12:58+00:00</Time>
     <Position>
      <LatitudeDegrees>-33.5372300</LatitudeDegrees>
      <LongitudeDegrees>-70.9533500</LongitudeDegrees>
     </Position>
     <AltitudeMeters>367.1</AltitudeMeters>
     <DistanceMeters>99292.29708708724</DistanceMeters>
    </Trackpoint>
    <Trackpoint>
     <Time>2026-07-19T04:13:04+00:00</Time>
     <Position>
      <LatitudeDegrees>-33.5371000</LatitudeDegrees>
      <LongitudeDegrees>-70.9534800</LongitudeDegrees>
     </Position>
     <AltitudeMeters>367.1</AltitudeMeters>
     <DistanceMeters>99311.13257285417</DistanceMeters>
    </Trackpoint>
    <Trackpoint>
     <Time>2026-07-19T04:13:10+00:00</Time>
     <Position>
      <LatitudeDegrees>-33.5370300</LatitudeDegrees>
      <LongitudeDegrees>-70.9536100</LongitudeDegrees>
     </Position>
     <AltitudeMeters>366.62000000000006</AltitudeMeters>
     <DistanceMeters>99325.4899793563</DistanceMeters>
    </Trackpoint>
    <Trackpoint>
     <Time>2026-07-19T04:13:17+00:00</Time>
     <Position>
      <LatitudeDegrees>-33.5369800</LatitudeDegrees>
      <LongitudeDegrees>-70.9537900</LongitudeDegrees>
     </Position>
     <AltitudeMeters>365.74</AltitudeMeters>
     <DistanceMeters>99343.09109343874</DistanceMeters>
    </Trackpoint>
    <Trackpoint>
     <Time>2026-07-19T04:13:23+00:00</Time>
     <Position>
      <LatitudeDegrees>-33.5369800</LatitudeDegrees>
      <LongitudeDegrees>-70.9545600</LongitudeDegrees>
     </Position>
     <AltitudeMeters>362.26</AltitudeMeters>
     <DistanceMeters>99414.52262488271</DistanceMeters>
    </Trackpoint>
    <Trackpoint>
     <Time>2026-07-19T04:13:29+00:00</Time>
     <Position>
      <LatitudeDegrees>-33.5369400</LatitudeDegrees>
      <LongitudeDegrees>-70.9548800</LongitudeDegrees>
     </Position>
     <AltitudeMeters>360.83000000000004</AltitudeMeters>
     <DistanceMeters>99444.54041544111</DistanceMeters>
    </Trackpoint>
    <Trackpoint>
     <Time>2026-07-19T04:13:35+00:00</Time>
     <Position>
      <LatitudeDegrees>-33.5366000</LatitudeDegrees>
      <LongitudeDegrees>-70.9557800</LongitudeDegrees>
     </Position>
     <AltitudeMeters>355.25</AltitudeMeters>
     <DistanceMeters>99536.20695020264</DistanceMeters>
    </Trackpoint>
    <Trackpoint>
     <Time>2026-07-19T04:13:41+00:00</Time>
     <Position>
      <LatitudeDegrees>-33.5365800</LatitudeDegrees>
      <LongitudeDegrees>-70.9559600</LongitudeDegrees>
     </Position>
     <AltitudeMeters>354.39000000000004</AltitudeMeters>
     <DistanceMeters>99553.05301101352</DistanceMeters>
    </Trackpoint>
    <Trackpoint>
     <Time>2026-07-19T04:13:48+00:00</Time>
     <Position>
      <LatitudeDegrees>-33.5365800</LatitudeDegrees>
      <LongitudeDegrees>-70.9561700</LongitudeDegrees>
     </Position>
     <AltitudeMeters>353.61</AltitudeMeters>
     <DistanceMeters>99572.53442791662</DistanceMeters>
    </Trackpoint>
    <Trackpoint>
     <Time>2026-07-19T04:13:54+00:00</Time>
     <Position>
      <LatitudeDegrees>-33.5366600</LatitudeDegrees>
      <LongitudeDegrees>-70.9565100</LongitudeDegrees>
     </Position>
     <AltitudeMeters>352.2</AltitudeMeters>
     <DistanceMeters>99605.30835617578</DistanceMeters>
    </Trackpoint>
    <Trackpoint>
     <Time>2026-07-19T04:14:00+00:00</Time>
     <Position>
      <LatitudeDegrees>-33.5369600</LatitudeDegrees>
      <LongitudeDegrees>-70.9573800</LongitudeDegrees>
     </Position>
     <AltitudeMeters>348.49</AltitudeMeters>
     <DistanceMeters>99692.65061125567</DistanceMeters>
    </Trackpoint>
    <Trackpoint>
     <Time>2026-07-19T04:14:06+00:00</Time>
     <Position>
      <LatitudeDegrees>-33.5370100</LatitudeDegrees>
      <LongitudeDegrees>-70.9576000</LongitudeDegrees>
     </Position>
     <AltitudeMeters>347.0</AltitudeMeters>
     <DistanceMeters>99713.8046751723</DistanceMeters>
    </Trackpoint>
    <Trackpoint>
     <Time>2026-07-19T04:14:12+00:00</Time>
     <Position>
      <LatitudeDegrees>-33.5370100</LatitudeDegrees>
      <LongitudeDegrees>-70.9579700</LongitudeDegrees>
     </Position>
     <AltitudeMeters>345.21000000000004</AltitudeMeters>
     <DistanceMeters>99748.12890564314</DistanceMeters>
    </Trackpoint>
    <Trackpoint>
     <Time>2026-07-19T04:14:19+00:00</Time>
     <Position>
      <LatitudeDegrees>-33.5369500</LatitudeDegrees>
      <LongitudeDegrees>-70.9583300</LongitudeDegrees>
     </Position>
     <AltitudeMeters>343.27000000000004</AltitudeMeters>
     <DistanceMeters>99782.1865399122</DistanceMeters>
    </Trackpoint>
    <Trackpoint>
     <Time>2026-07-19T04:14:25+00:00</Time>
     <Position>
      <LatitudeDegrees>-33.5368700</LatitudeDegrees>
      <LongitudeDegrees>-70.9585400</LongitudeDegrees>
     </Position>
     <AltitudeMeters>342.1</AltitudeMeters>
     <DistanceMeters>99803.60610498181</DistanceMeters>
    </Trackpoint>
    <Trackpoint>
     <Time>2026-07-19T04:14:31+00:00</Time>
     <Position>
      <LatitudeDegrees>-33.5367800</LatitudeDegrees>
      <LongitudeDegrees>-70.9587300</LongitudeDegrees>
     </Position>
     <AltitudeMeters>341.36000000000007</AltitudeMeters>
     <DistanceMeters>99823.87944117073</DistanceMeters>
    </Trackpoint>
    <Trackpoint>
     <Time>2026-07-19T04:14:37+00:00</Time>
     <Position>
      <LatitudeDegrees>-33.5366500</LatitudeDegrees>
      <LongitudeDegrees>-70.9589100</LongitudeDegrees>
     </Position>
     <AltitudeMeters>340.04</AltitudeMeters>
     <DistanceMeters>99845.97401006822</DistanceMeters>
    </Trackpoint>
    <Trackpoint>
     <Time>2026-07-19T04:14:43+00:00</Time>
     <Position>
      <LatitudeDegrees>-33.5364900</LatitudeDegrees>
      <LongitudeDegrees>-70.9590800</LongitudeDegrees>
     </Position>
     <AltitudeMeters>338.26</AltitudeMeters>
     <DistanceMeters>99869.76086272622</DistanceMeters>
    </Trackpoint>
    <Trackpoint>
     <Time>2026-07-19T04:14:50+00:00</Time>
     <Position>
      <LatitudeDegrees>-33.5363100</LatitudeDegrees>
      <LongitudeDegrees>-70.9591700</LongitudeDegrees>
     </Position>
     <AltitudeMeters>338.26</AltitudeMeters>
     <DistanceMeters>99891.46429725886</DistanceMeters>
    </Trackpoint>
    <Trackpoint>
     <Time>2026-07-19T04:14:56+00:00</Time>
     <Position>
      <LatitudeDegrees>-33.5361300</LatitudeDegrees>
      <LongitudeDegrees>-70.9592600</LongitudeDegrees>
     </Position>
     <AltitudeMeters>335.6</AltitudeMeters>
     <DistanceMeters>99913.16773847945</DistanceMeters>
    </Trackpoint>
    <Trackpoint>
     <Time>2026-07-19T04:15:02+00:00</Time>
     <Position>
      <LatitudeDegrees>-33.5359300</LatitudeDegrees>
      <LongitudeDegrees>-70.9593000</LongitudeDegrees>
     </Position>
     <AltitudeMeters>335.6</AltitudeMeters>
     <DistanceMeters>99935.73406166573</DistanceMeters>
    </Trackpoint>
    <Trackpoint>
     <Time>2026-07-19T04:15:08+00:00</Time>
     <Position>
      <LatitudeDegrees>-33.5357400</LatitudeDegrees>
      <LongitudeDegrees>-70.9593200</LongitudeDegrees>
     </Position>
     <AltitudeMeters>334.34000000000003</AltitudeMeters>
     <DistanceMeters>99956.96148163843</DistanceMeters>
    </Trackpoint>
    <Trackpoint>
     <Time>2026-07-19T04:15:14+00:00</Time>
     <Position>
      <LatitudeDegrees>-33.5355100</LatitudeDegrees>
      <LongitudeDegrees>-70.9592900</LongitudeDegrees>
     </Position>
     <AltitudeMeters>334.05</AltitudeMeters>
     <DistanceMeters>99982.71033630644</DistanceMeters>
    </Trackpoint>
    <Trackpoint>
     <Time>2026-07-19T04:15:21+00:00</Time>
     <Position>
      <LatitudeDegrees>-33.5350500</LatitudeDegrees>
      <LongitudeDegrees>-70.9592300</LongitudeDegrees>
     </Position>
     <AltitudeMeters>331.45</AltitudeMeters>
     <DistanceMeters>100034.2080335909</DistanceMeters>
    </Trackpoint>
    <Trackpoint>
     <Time>2026-07-19T04:15:27+00:00</Time>
     <Position>
      <LatitudeDegrees>-33.5345900</LatitudeDegrees>
      <LongitudeDegrees>-70.9591700</LongitudeDegrees>
     </Position>
     <AltitudeMeters>329.64000000000004</AltitudeMeters>
     <DistanceMeters>100085.70576298129</DistanceMeters>
    </Trackpoint>
    <Trackpoint>
     <Time>2026-07-19T04:15:33+00:00</Time>
     <Position>
      <LatitudeDegrees>-33.5343900</LatitudeDegrees>
      <LongitudeDegrees>-70.9591600</LongitudeDegrees>
     </Position>
     <AltitudeMeters>329.64000000000004</AltitudeMeters>
     <DistanceMeters>100107.9842228557</DistanceMeters>
    </Trackpoint>
    <Trackpoint>
     <Time>2026-07-19T04:15:39+00:00</Time>
     <Position>
      <LatitudeDegrees>-33.5341000</LatitudeDegrees>
      <LongitudeDegrees>-70.9591700</LongitudeDegrees>
     </Position>
     <AltitudeMeters>326.41</AltitudeMeters>
     <DistanceMeters>100140.27329988827</DistanceMeters>
    </Trackpoint>
    <Trackpoint>
     <Time>2026-07-19T04:15:45+00:00</Time>
     <Position>
      <LatitudeDegrees>-33.5333450</LatitudeDegrees>
      <LongitudeDegrees>-70.9592650</LongitudeDegrees>
     </Position>
     <AltitudeMeters>324.75000000000006</AltitudeMeters>
     <DistanceMeters>100224.7624547478</DistanceMeters>
    </Trackpoint>
    <Trackpoint>
     <Time>2026-07-19T04:15:52+00:00</Time>
     <Position>
      <LatitudeDegrees>-33.5325900</LatitudeDegrees>
      <LongitudeDegrees>-70.9593600</LongitudeDegrees>
     </Position>
     <AltitudeMeters>321.33</AltitudeMeters>
     <DistanceMeters>100309.25164105989</DistanceMeters>
    </Trackpoint>
    <Trackpoint>
     <Time>2026-07-19T04:15:58+00:00</Time>
     <Position>
      <LatitudeDegrees>-33.5321900</LatitudeDegrees>
      <LongitudeDegrees>-70.9594400</LongitudeDegrees>
     </Position>
     <AltitudeMeters>320.06</AltitudeMeters>
     <DistanceMeters>100354.3843388187</DistanceMeters>
    </Trackpoint>
    <Trackpoint>
     <Time>2026-07-19T04:16:04+00:00</Time>
     <Position>
      <LatitudeDegrees>-33.5319200</LatitudeDegrees>
      <LongitudeDegrees>-70.9595700</LongitudeDegrees>
     </Position>
     <AltitudeMeters>318.03000000000003</AltitudeMeters>
     <DistanceMeters>100386.76410875742</DistanceMeters>
    </Trackpoint>
    <Trackpoint>
     <Time>2026-07-19T04:16:10+00:00</Time>
     <Position>
      <LatitudeDegrees>-33.5318100</LatitudeDegrees>
      <LongitudeDegrees>-70.9596600</LongitudeDegrees>
     </Position>
     <AltitudeMeters>318.03000000000003</AltitudeMeters>
     <DistanceMeters>100401.58287390714</DistanceMeters>
    </Trackpoint>
    <Trackpoint>
     <Time>2026-07-19T04:16:16+00:00</Time>
     <Position>
      <LatitudeDegrees>-33.5317200</LatitudeDegrees>
      <LongitudeDegrees>-70.9597500</LongitudeDegrees>
     </Position>
     <AltitudeMeters>316.42</AltitudeMeters>
     <DistanceMeters>100414.62315951692</DistanceMeters>
    </Trackpoint>
    <Trackpoint>
     <Time>2026-07-19T04:16:23+00:00</Time>
     <Position>
      <LatitudeDegrees>-33.5315700</LatitudeDegrees>
      <LongitudeDegrees>-70.9600300</LongitudeDegrees>
     </Position>
     <AltitudeMeters>314.57</AltitudeMeters>
     <DistanceMeters>100445.50180271581</DistanceMeters>
    </Trackpoint>
    <Trackpoint>
     <Time>2026-07-19T04:16:29+00:00</Time>
     <Position>
      <LatitudeDegrees>-33.5314800</LatitudeDegrees>
      <LongitudeDegrees>-70.9603300</LongitudeDegrees>
     </Position>
     <AltitudeMeters>314.57</AltitudeMeters>
     <DistanceMeters>100475.08161223453</DistanceMeters>
    </Trackpoint>
    <Trackpoint>
     <Time>2026-07-19T04:16:35+00:00</Time>
     <Position>
      <LatitudeDegrees>-33.5314800</LatitudeDegrees>
      <LongitudeDegrees>-70.9611000</LongitudeDegrees>
     </Position>
     <AltitudeMeters>311.37</AltitudeMeters>
     <DistanceMeters>100546.517688224</DistanceMeters>
    </Trackpoint>
    <Trackpoint>
     <Time>2026-07-19T04:16:41+00:00</Time>
     <Position>
      <LatitudeDegrees>-33.5314300</LatitudeDegrees>
      <LongitudeDegrees>-70.9613200</LongitudeDegrees>
     </Position>
     <AltitudeMeters>311.37</AltitudeMeters>
     <DistanceMeters>100567.67301168553</DistanceMeters>
    </Trackpoint>
    <Trackpoint>
     <Time>2026-07-19T04:16:47+00:00</Time>
     <Position>
      <LatitudeDegrees>-33.5313400</LatitudeDegrees>
      <LongitudeDegrees>-70.9614900</LongitudeDegrees>
     </Position>
     <AltitudeMeters>310.07</AltitudeMeters>
     <DistanceMeters>100586.35659939634</DistanceMeters>
    </Trackpoint>
    <Trackpoint>
     <Time>2026-07-19T04:16:54+00:00</Time>
     <Position>
      <LatitudeDegrees>-33.5312500</LatitudeDegrees>
      <LongitudeDegrees>-70.9615900</LongitudeDegrees>
     </Position>
     <AltitudeMeters>310.07</AltitudeMeters>
     <DistanceMeters>100600.00955692572</DistanceMeters>
    </Trackpoint>
    <Trackpoint>
     <Time>2026-07-19T04:17:00+00:00</Time>
     <Position>
      <LatitudeDegrees>-33.5307800</LatitudeDegrees>
      <LongitudeDegrees>-70.9620000</LongitudeDegrees>
     </Position>
     <AltitudeMeters>307.04</AltitudeMeters>
     <DistanceMeters>100664.6863453297</DistanceMeters>
    </Trackpoint>
    <Trackpoint>
     <Time>2026-07-19T04:17:06+00:00</Time>
     <Position>
      <LatitudeDegrees>-33.5306500</LatitudeDegrees>
      <LongitudeDegrees>-70.9621700</LongitudeDegrees>
     </Position>
     <AltitudeMeters>304.97</AltitudeMeters>
     <DistanceMeters>100686.08923096408</DistanceMeters>
    </Trackpoint>
    <Trackpoint>
     <Time>2026-07-19T04:17:12+00:00</Time>
     <Position>
      <LatitudeDegrees>-33.5305800</LatitudeDegrees>
      <LongitudeDegrees>-70.9623000</LongitudeDegrees>
     </Position>
     <AltitudeMeters>304.97</AltitudeMeters>
     <DistanceMeters>100700.44739326435</DistanceMeters>
    </Trackpoint>
    <Trackpoint>
     <Time>2026-07-19T04:17:18+00:00</Time>
     <Position>
      <LatitudeDegrees>-33.5305600</LatitudeDegrees>
      <LongitudeDegrees>-70.9624900</LongitudeDegrees>
     </Position>
     <AltitudeMeters>304.43</AltitudeMeters>
     <DistanceMeters>100718.21464716112</DistanceMeters>
    </Trackpoint>
    <Trackpoint>
     <Time>2026-07-19T04:17:25+00:00</Time>
     <Position>
      <LatitudeDegrees>-33.5306550</LatitudeDegrees>
      <LongitudeDegrees>-70.9630400</LongitudeDegrees>
     </Position>
     <AltitudeMeters>301.17</AltitudeMeters>
     <DistanceMeters>100770.32480927088</DistanceMeters>
    </Trackpoint>
    <Trackpoint>
     <Time>2026-07-19T04:17:31+00:00</Time>
     <Position>
      <LatitudeDegrees>-33.5307500</LatitudeDegrees>
      <LongitudeDegrees>-70.9635900</LongitudeDegrees>
     </Position>
     <AltitudeMeters>297.67</AltitudeMeters>
     <DistanceMeters>100822.43497083502</DistanceMeters>
    </Trackpoint>
    <Trackpoint>
     <Time>2026-07-19T04:17:37+00:00</Time>
     <Position>
      <LatitudeDegrees>-33.5308300</LatitudeDegrees>
      <LongitudeDegrees>-70.9639600</LongitudeDegrees>
     </Position>
     <AltitudeMeters>294.82</AltitudeMeters>
     <DistanceMeters>100857.89759056343</DistanceMeters>
    </Trackpoint>
    <Trackpoint>
     <Time>2026-07-19T04:17:43+00:00</Time>
     <Position>
      <LatitudeDegrees>-33.5308300</LatitudeDegrees>
      <LongitudeDegrees>-70.9641800</LongitudeDegrees>
     </Position>
     <AltitudeMeters>292.16</AltitudeMeters>
     <DistanceMeters>100878.30805142851</DistanceMeters>
    </Trackpoint>
    <Trackpoint>
     <Time>2026-07-19T04:17:49+00:00</Time>
     <Position>
      <LatitudeDegrees>-33.5308300</LatitudeDegrees>
      <LongitudeDegrees>-70.9644100</LongitudeDegrees>
     </Position>
     <AltitudeMeters>290.84000000000003</AltitudeMeters>
     <DistanceMeters>100899.64626051504</DistanceMeters>
    </Trackpoint>
    <Trackpoint>
     <Time>2026-07-19T04:17:56+00:00</Time>
     <Position>
      <LatitudeDegrees>-33.5307800</LatitudeDegrees>
      <LongitudeDegrees>-70.9645400</LongitudeDegrees>
     </Position>
     <AltitudeMeters>289.58</AltitudeMeters>
     <DistanceMeters>100912.92888215094</DistanceMeters>
    </Trackpoint>
    <Trackpoint>
     <Time>2026-07-19T04:18:02+00:00</Time>
     <Position>
      <LatitudeDegrees>-33.5306300</LatitudeDegrees>
      <LongitudeDegrees>-70.9649000</LongitudeDegrees>
     </Position>
     <AltitudeMeters>287.3</AltitudeMeters>
     <DistanceMeters>100950.26778324027</DistanceMeters>
    </Trackpoint>
    <Trackpoint>
     <Time>2026-07-19T04:18:08+00:00</Time>
     <Position>
      <LatitudeDegrees>-33.5304200</LatitudeDegrees>
      <LongitudeDegrees>-70.9651200</LongitudeDegrees>
     </Position>
     <AltitudeMeters>286.62000000000006</AltitudeMeters>
     <DistanceMeters>100981.29752007642</DistanceMeters>
    </Trackpoint>
    <Trackpoint>
     <Time>2026-07-19T04:18:14+00:00</Time>
     <Position>
      <LatitudeDegrees>-33.5298140</LatitudeDegrees>
      <LongitudeDegrees>-70.9656080</LongitudeDegrees>
     </Position>
     <AltitudeMeters>279.51000000000005</AltitudeMeters>
     <DistanceMeters>101062.52983717396</DistanceMeters>
    </Trackpoint>
    <Trackpoint>
     <Time>2026-07-19T04:18:20+00:00</Time>
     <Position>
      <LatitudeDegrees>-33.5292080</LatitudeDegrees>
      <LongitudeDegrees>-70.9660960</LongitudeDegrees>
     </Position>
     <AltitudeMeters>274.45000000000005</AltitudeMeters>
     <DistanceMeters>101143.7621542734</DistanceMeters>
    </Trackpoint>
    <Trackpoint>
     <Time>2026-07-19T04:18:27+00:00</Time>
     <Position>
      <LatitudeDegrees>-33.5286020</LatitudeDegrees>
      <LongitudeDegrees>-70.9665840</LongitudeDegrees>
     </Position>
     <AltitudeMeters>271.43</AltitudeMeters>
     <DistanceMeters>101224.99447137235</DistanceMeters>
    </Trackpoint>
    <Trackpoint>
     <Time>2026-07-19T04:18:33+00:00</Time>
     <Position>
      <LatitudeDegrees>-33.5279960</LatitudeDegrees>
      <LongitudeDegrees>-70.9670720</LongitudeDegrees>
     </Position>
     <AltitudeMeters>270.36</AltitudeMeters>
     <DistanceMeters>101306.22678847068</DistanceMeters>
    </Trackpoint>
    <Trackpoint>
     <Time>2026-07-19T04:18:39+00:00</Time>
     <Position>
      <LatitudeDegrees>-33.5273900</LatitudeDegrees>
      <LongitudeDegrees>-70.9675600</LongitudeDegrees>
     </Position>
     <AltitudeMeters>268.78000000000003</AltitudeMeters>
     <DistanceMeters>101387.45909916339</DistanceMeters>
    </Trackpoint>
    <Trackpoint>
     <Time>2026-07-19T04:18:45+00:00</Time>
     <Position>
      <LatitudeDegrees>-33.5267600</LatitudeDegrees>
      <LongitudeDegrees>-70.9681100</LongitudeDegrees>
     </Position>
     <AltitudeMeters>266.55</AltitudeMeters>
     <DistanceMeters>101474.17810973192</DistanceMeters>
    </Trackpoint>
    <Trackpoint>
     <Time>2026-07-19T04:18:51+00:00</Time>
     <Position>
      <LatitudeDegrees>-33.5260700</LatitudeDegrees>
      <LongitudeDegrees>-70.9687800</LongitudeDegrees>
     </Position>
     <AltitudeMeters>263.94</AltitudeMeters>
     <DistanceMeters>101572.97859377907</DistanceMeters>
    </Trackpoint>
    <Trackpoint>
     <Time>2026-07-19T04:18:57+00:00</Time>
     <Position>
      <LatitudeDegrees>-33.5253800</LatitudeDegrees>
      <LongitudeDegrees>-70.9694500</LongitudeDegrees>
     </Position>
     <AltitudeMeters>261.45</AltitudeMeters>
     <DistanceMeters>101671.77907782841</DistanceMeters>
    </Trackpoint>
    <Trackpoint>
     <Time>2026-07-19T04:19:04+00:00</Time>
     <Position>
      <LatitudeDegrees>-33.5246900</LatitudeDegrees>
      <LongitudeDegrees>-70.9701200</LongitudeDegrees>
     </Position>
     <AltitudeMeters>259.3</AltitudeMeters>
     <DistanceMeters>101770.57955358495</DistanceMeters>
    </Trackpoint>
    <Trackpoint>
     <Time>2026-07-19T04:19:10+00:00</Time>
     <Position>
      <LatitudeDegrees>-33.5240050</LatitudeDegrees>
      <LongitudeDegrees>-70.9707775</LongitudeDegrees>
     </Position>
     <AltitudeMeters>255.48000000000005</AltitudeMeters>
     <DistanceMeters>101868.22043115224</DistanceMeters>
    </Trackpoint>
    <Trackpoint>
     <Time>2026-07-19T04:19:16+00:00</Time>
     <Position>
      <LatitudeDegrees>-33.5233200</LatitudeDegrees>
      <LongitudeDegrees>-70.9714350</LongitudeDegrees>
     </Position>
     <AltitudeMeters>253.87000000000003</AltitudeMeters>
     <DistanceMeters>101965.86130872025</DistanceMeters>
    </Trackpoint>
    <Trackpoint>
     <Time>2026-07-19T04:19:22+00:00</Time>
     <Position>
      <LatitudeDegrees>-33.5226350</LatitudeDegrees>
      <LongitudeDegrees>-70.9720925</LongitudeDegrees>
     </Position>
     <AltitudeMeters>250.74</AltitudeMeters>
     <DistanceMeters>102063.50218628808</DistanceMeters>
    </Trackpoint>
    <Trackpoint>
     <Time>2026-07-19T04:19:28+00:00</Time>
     <Position>
      <LatitudeDegrees>-33.5219500</LatitudeDegrees>
      <LongitudeDegrees>-70.9727500</LongitudeDegrees>
     </Position>
     <AltitudeMeters>249.18</AltitudeMeters>
     <DistanceMeters>102161.14306995498</DistanceMeters>
    </Trackpoint>
    <Trackpoint>
     <Time>2026-07-19T04:19:35+00:00</Time>
     <Position>
      <LatitudeDegrees>-33.5212686</LatitudeDegrees>
      <LongitudeDegrees>-70.9734115</LongitudeDegrees>
     </Position>
     <AltitudeMeters>247.19000000000003</AltitudeMeters>
     <DistanceMeters>102258.70446355885</DistanceMeters>
    </Trackpoint>
    <Trackpoint>
     <Time>2026-07-19T04:19:41+00:00</Time>
     <Position>
      <LatitudeDegrees>-33.5205872</LatitudeDegrees>
      <LongitudeDegrees>-70.9740729</LongitudeDegrees>
     </Position>
     <AltitudeMeters>245.48000000000002</AltitudeMeters>
     <DistanceMeters>102356.26585716098</DistanceMeters>
    </Trackpoint>
    <Trackpoint>
     <Time>2026-07-19T04:19:47+00:00</Time>
     <Position>
      <LatitudeDegrees>-33.5199057</LatitudeDegrees>
      <LongitudeDegrees>-70.9747343</LongitudeDegrees>
     </Position>
     <AltitudeMeters>243.29</AltitudeMeters>
     <DistanceMeters>102453.82725076421</DistanceMeters>
    </Trackpoint>
    <Trackpoint>
     <Time>2026-07-19T04:19:53+00:00</Time>
     <Position>
      <LatitudeDegrees>-33.5192243</LatitudeDegrees>
      <LongitudeDegrees>-70.9753958</LongitudeDegrees>
     </Position>
     <AltitudeMeters>241.58</AltitudeMeters>
     <DistanceMeters>102551.3886443681</DistanceMeters>
    </Trackpoint>
    <Trackpoint>
     <Time>2026-07-19T04:19:59+00:00</Time>
     <Position>
      <LatitudeDegrees>-33.5185429</LatitudeDegrees>
      <LongitudeDegrees>-70.9760572</LongitudeDegrees>
     </Position>
     <AltitudeMeters>239.78000000000003</AltitudeMeters>
     <DistanceMeters>102648.95003797034</DistanceMeters>
    </Trackpoint>
    <Trackpoint>
     <Time>2026-07-19T04:20:06+00:00</Time>
     <Position>
      <LatitudeDegrees>-33.5178614</LatitudeDegrees>
      <LongitudeDegrees>-70.9767186</LongitudeDegrees>
     </Position>
     <AltitudeMeters>238.20000000000002</AltitudeMeters>
     <DistanceMeters>102746.51143157322</DistanceMeters>
    </Trackpoint>
    <Trackpoint>
     <Time>2026-07-19T04:20:12+00:00</Time>
     <Position>
      <LatitudeDegrees>-33.5171800</LatitudeDegrees>
      <LongitudeDegrees>-70.9773800</LongitudeDegrees>
     </Position>
     <AltitudeMeters>237.17000000000002</AltitudeMeters>
     <DistanceMeters>102844.07282861914</DistanceMeters>
    </Trackpoint>
    <Trackpoint>
     <Time>2026-07-19T04:20:18+00:00</Time>
     <Position>
      <LatitudeDegrees>-33.5165700</LatitudeDegrees>
      <LongitudeDegrees>-70.9780200</LongitudeDegrees>
     </Position>
     <AltitudeMeters>235.56</AltitudeMeters>
     <DistanceMeters>102934.27113980237</DistanceMeters>
    </Trackpoint>
    <Trackpoint>
     <Time>2026-07-19T04:20:24+00:00</Time>
     <Position>
      <LatitudeDegrees>-33.5161900</LatitudeDegrees>
      <LongitudeDegrees>-70.9784700</LongitudeDegrees>
     </Position>
     <AltitudeMeters>234.87</AltitudeMeters>
     <DistanceMeters>102993.70326508398</DistanceMeters>
    </Trackpoint>
    <Trackpoint>
     <Time>2026-07-19T04:20:30+00:00</Time>
     <Position>
      <LatitudeDegrees>-33.5159000</LatitudeDegrees>
      <LongitudeDegrees>-70.9789100</LongitudeDegrees>
     </Position>
     <AltitudeMeters>233.58</AltitudeMeters>
     <DistanceMeters>103045.74787400124</DistanceMeters>
    </Trackpoint>
    <Trackpoint>
     <Time>2026-07-19T04:20:37+00:00</Time>
     <Position>
      <LatitudeDegrees>-33.5155333</LatitudeDegrees>
      <LongitudeDegrees>-70.9795167</LongitudeDegrees>
     </Position>
     <AltitudeMeters>232.72</AltitudeMeters>
     <DistanceMeters>103115.2768625624</DistanceMeters>
    </Trackpoint>
    <Trackpoint>
     <Time>2026-07-19T04:20:43+00:00</Time>
     <Position>
      <LatitudeDegrees>-33.5151667</LatitudeDegrees>
      <LongitudeDegrees>-70.9801233</LongitudeDegrees>
     </Position>
     <AltitudeMeters>231.97</AltitudeMeters>
     <DistanceMeters>103184.80585112466</DistanceMeters>
    </Trackpoint>
    <Trackpoint>
     <Time>2026-07-19T04:20:49+00:00</Time>
     <Position>
      <LatitudeDegrees>-33.5148000</LatitudeDegrees>
      <LongitudeDegrees>-70.9807300</LongitudeDegrees>
     </Position>
     <AltitudeMeters>230.92000000000002</AltitudeMeters>
     <DistanceMeters>103254.33486012559</DistanceMeters>
    </Trackpoint>
    <Trackpoint>
     <Time>2026-07-19T04:20:55+00:00</Time>
     <Position>
      <LatitudeDegrees>-33.5143600</LatitudeDegrees>
      <LongitudeDegrees>-70.9814875</LongitudeDegrees>
     </Position>
     <AltitudeMeters>229.67000000000002</AltitudeMeters>
     <DistanceMeters>103340.00194059586</DistanceMeters>
    </Trackpoint>
    <Trackpoint>
     <Time>2026-07-19T04:21:01+00:00</Time>
     <Position>
      <LatitudeDegrees>-33.5139200</LatitudeDegrees>
      <LongitudeDegrees>-70.9822450</LongitudeDegrees>
     </Position>
     <AltitudeMeters>228.5</AltitudeMeters>
     <DistanceMeters>103425.66902106651</DistanceMeters>
    </Trackpoint>
    <Trackpoint>
     <Time>2026-07-19T04:21:08+00:00</Time>
     <Position>
      <LatitudeDegrees>-33.5134800</LatitudeDegrees>
      <LongitudeDegrees>-70.9830025</LongitudeDegrees>
     </Position>
     <AltitudeMeters>227.39000000000001</AltitudeMeters>
     <DistanceMeters>103511.3361015357</DistanceMeters>
    </Trackpoint>
    <Trackpoint>
     <Time>2026-07-19T04:21:14+00:00</Time>
     <Position>
      <LatitudeDegrees>-33.5130400</LatitudeDegrees>
      <LongitudeDegrees>-70.9837600</LongitudeDegrees>
     </Position>
     <AltitudeMeters>226.55</AltitudeMeters>
     <DistanceMeters>103597.00318360748</DistanceMeters>
    </Trackpoint>
    <Trackpoint>
     <Time>2026-07-19T04:21:20+00:00</Time>
     <Position>
      <LatitudeDegrees>-33.5125814</LatitudeDegrees>
      <LongitudeDegrees>-70.9845300</LongitudeDegrees>
     </Position>
     <AltitudeMeters>225.53</AltitudeMeters>
     <DistanceMeters>103684.81124763735</DistanceMeters>
    </Trackpoint>
    <Trackpoint>
     <Time>2026-07-19T04:21:26+00:00</Time>
     <Position>
      <LatitudeDegrees>-33.5121229</LatitudeDegrees>
      <LongitudeDegrees>-70.9853000</LongitudeDegrees>
     </Position>
     <AltitudeMeters>224.05</AltitudeMeters>
     <DistanceMeters>103772.6193116682</DistanceMeters>
    </Trackpoint>
    <Trackpoint>
     <Time>2026-07-19T04:21:32+00:00</Time>
     <Position>
      <LatitudeDegrees>-33.5116643</LatitudeDegrees>
      <LongitudeDegrees>-70.9860700</LongitudeDegrees>
     </Position>
     <AltitudeMeters>223.07000000000002</AltitudeMeters>
     <DistanceMeters>103860.42737569875</DistanceMeters>
    </Trackpoint>
    <Trackpoint>
     <Time>2026-07-19T04:21:39+00:00</Time>
     <Position>
      <LatitudeDegrees>-33.5112057</LatitudeDegrees>
      <LongitudeDegrees>-70.9868400</LongitudeDegrees>
     </Position>
     <AltitudeMeters>221.81</AltitudeMeters>
     <DistanceMeters>103948.2354397297</DistanceMeters>
    </Trackpoint>
    <Trackpoint>
     <Time>2026-07-19T04:21:45+00:00</Time>
     <Position>
      <LatitudeDegrees>-33.5107472</LatitudeDegrees>
      <LongitudeDegrees>-70.9876100</LongitudeDegrees>
     </Position>
     <AltitudeMeters>220.94000000000003</AltitudeMeters>
     <DistanceMeters>104036.04350376081</DistanceMeters>
    </Trackpoint>
    <Trackpoint>
     <Time>2026-07-19T04:21:51+00:00</Time>
     <Position>
      <LatitudeDegrees>-33.5102886</LatitudeDegrees>
      <LongitudeDegrees>-70.9883800</LongitudeDegrees>
     </Position>
     <AltitudeMeters>219.64000000000001</AltitudeMeters>
     <DistanceMeters>104123.85156779204</DistanceMeters>
    </Trackpoint>
    <Trackpoint>
     <Time>2026-07-19T04:21:57+00:00</Time>
     <Position>
      <LatitudeDegrees>-33.5098300</LatitudeDegrees>
      <LongitudeDegrees>-70.9891500</LongitudeDegrees>
     </Position>
     <AltitudeMeters>218.53000000000003</AltitudeMeters>
     <DistanceMeters>104211.65963021929</DistanceMeters>
    </Trackpoint>
    <Trackpoint>
     <Time>2026-07-19T04:22:03+00:00</Time>
     <Position>
      <LatitudeDegrees>-33.5094000</LatitudeDegrees>
      <LongitudeDegrees>-70.9898800</LongitudeDegrees>
     </Position>
     <AltitudeMeters>216.77</AltitudeMeters>
     <DistanceMeters>104294.60140318568</DistanceMeters>
    </Trackpoint>
    <Trackpoint>
     <Time>2026-07-19T04:22:10+00:00</Time>
     <Position>
      <LatitudeDegrees>-33.5089700</LatitudeDegrees>
      <LongitudeDegrees>-70.9906100</LongitudeDegrees>
     </Position>
     <AltitudeMeters>216.10000000000002</AltitudeMeters>
     <DistanceMeters>104377.54319157344</DistanceMeters>
    </Trackpoint>
    <Trackpoint>
     <Time>2026-07-19T04:22:16+00:00</Time>
     <Position>
      <LatitudeDegrees>-33.5085600</LatitudeDegrees>
      <LongitudeDegrees>-70.9913367</LongitudeDegrees>
     </Position>
     <AltitudeMeters>214.61</AltitudeMeters>
     <DistanceMeters>104458.9651694207</DistanceMeters>
    </Trackpoint>
    <Trackpoint>
     <Time>2026-07-19T04:22:22+00:00</Time>
     <Position>
      <LatitudeDegrees>-33.5081500</LatitudeDegrees>
      <LongitudeDegrees>-70.9920633</LongitudeDegrees>
     </Position>
     <AltitudeMeters>213.55</AltitudeMeters>
     <DistanceMeters>104540.38714726831</DistanceMeters>
    </Trackpoint>
    <Trackpoint>
     <Time>2026-07-19T04:22:28+00:00</Time>
     <Position>
      <LatitudeDegrees>-33.5077400</LatitudeDegrees>
      <LongitudeDegrees>-70.9927900</LongitudeDegrees>
     </Position>
     <AltitudeMeters>212.96</AltitudeMeters>
     <DistanceMeters>104621.8091251528</DistanceMeters>
    </Trackpoint>
    <Trackpoint>
     <Time>2026-07-19T04:22:34+00:00</Time>
     <Position>
      <LatitudeDegrees>-33.5072700</LatitudeDegrees>
      <LongitudeDegrees>-70.9935600</LongitudeDegrees>
     </Position>
     <AltitudeMeters>212.26</AltitudeMeters>
     <DistanceMeters>104710.36531040518</DistanceMeters>
    </Trackpoint>
    <Trackpoint>
     <Time>2026-07-19T04:22:41+00:00</Time>
     <Position>
      <LatitudeDegrees>-33.5068000</LatitudeDegrees>
      <LongitudeDegrees>-70.9943300</LongitudeDegrees>
     </Position>
     <AltitudeMeters>211.34000000000003</AltitudeMeters>
     <DistanceMeters>104798.92150256959</DistanceMeters>
    </Trackpoint>
    <Trackpoint>
     <Time>2026-07-19T04:22:47+00:00</Time>
     <Position>
      <LatitudeDegrees>-33.5063333</LatitudeDegrees>
      <LongitudeDegrees>-70.9951333</LongitudeDegrees>
     </Position>
     <AltitudeMeters>210.57</AltitudeMeters>
     <DistanceMeters>104889.78028534932</DistanceMeters>
    </Trackpoint>
    <Trackpoint>
     <Time>2026-07-19T04:22:53+00:00</Time>
     <Position>
      <LatitudeDegrees>-33.5058667</LatitudeDegrees>
      <LongitudeDegrees>-70.9959367</LongitudeDegrees>
     </Position>
     <AltitudeMeters>210.05</AltitudeMeters>
     <DistanceMeters>104980.63906812965</DistanceMeters>
    </Trackpoint>
    <Trackpoint>
     <Time>2026-07-19T04:22:59+00:00</Time>
     <Position>
      <LatitudeDegrees>-33.5054000</LatitudeDegrees>
      <LongitudeDegrees>-70.9967400</LongitudeDegrees>
     </Position>
     <AltitudeMeters>209.50000000000003</AltitudeMeters>
     <DistanceMeters>105071.49785725331</DistanceMeters>
    </Trackpoint>
    <Trackpoint>
     <Time>2026-07-19T04:23:05+00:00</Time>
     <Position>
      <LatitudeDegrees>-33.5054000</LatitudeDegrees>
      <LongitudeDegrees>-70.9967500</LongitudeDegrees>
     </Position>
     <AltitudeMeters>209.50000000000003</AltitudeMeters>
     <DistanceMeters>105071.49785725331</DistanceMeters>
    </Trackpoint>
    <Trackpoint>
     <Time>2026-07-19T04:23:12+00:00</Time>
     <Position>
      <LatitudeDegrees>-33.5045714</LatitudeDegrees>
      <LongitudeDegrees>-70.9967471</LongitudeDegrees>
     </Position>
     <AltitudeMeters>207.55</AltitudeMeters>
     <DistanceMeters>105163.71465847835</DistanceMeters>
    </Trackpoint>
    <Trackpoint>
     <Time>2026-07-19T04:23:18+00:00</Time>
     <Position>
      <LatitudeDegrees>-33.5037429</LatitudeDegrees>
      <LongitudeDegrees>-70.9967443</LongitudeDegrees>
     </Position>
     <AltitudeMeters>206.97</AltitudeMeters>
     <DistanceMeters>105255.93145970558</DistanceMeters>
    </Trackpoint>
    <Trackpoint>
     <Time>2026-07-19T04:23:24+00:00</Time>
     <Position>
      <LatitudeDegrees>-33.5029143</LatitudeDegrees>
      <LongitudeDegrees>-70.9967414</LongitudeDegrees>
     </Position>
     <AltitudeMeters>206.39000000000001</AltitudeMeters>
     <DistanceMeters>105348.14826093025</DistanceMeters>
    </Trackpoint>
    <Trackpoint>
     <Time>2026-07-19T04:23:30+00:00</Time>
     <Position>
      <LatitudeDegrees>-33.5020857</LatitudeDegrees>
      <LongitudeDegrees>-70.9967386</LongitudeDegrees>
     </Position>
     <AltitudeMeters>206.1</AltitudeMeters>
     <DistanceMeters>105440.36506215554</DistanceMeters>
    </Trackpoint>
    <Trackpoint>
     <Time>2026-07-19T04:23:36+00:00</Time>
     <Position>
      <LatitudeDegrees>-33.5012571</LatitudeDegrees>
      <LongitudeDegrees>-70.9967357</LongitudeDegrees>
     </Position>
     <AltitudeMeters>205.41</AltitudeMeters>
     <DistanceMeters>105532.58186338143</DistanceMeters>
    </Trackpoint>
    <Trackpoint>
     <Time>2026-07-19T04:23:43+00:00</Time>
     <Position>
      <LatitudeDegrees>-33.5004286</LatitudeDegrees>
      <LongitudeDegrees>-70.9967329</LongitudeDegrees>
     </Position>
     <AltitudeMeters>205.1</AltitudeMeters>
     <DistanceMeters>105624.79866460635</DistanceMeters>
    </Trackpoint>
    <Trackpoint>
     <Time>2026-07-19T04:23:49+00:00</Time>
     <Position>
      <LatitudeDegrees>-33.4996000</LatitudeDegrees>
      <LongitudeDegrees>-70.9967300</LongitudeDegrees>
     </Position>
     <AltitudeMeters>204.47</AltitudeMeters>
     <DistanceMeters>105717.01546651198</DistanceMeters>
    </Trackpoint>
    <Trackpoint>
     <Time>2026-07-19T04:23:55+00:00</Time>
     <Position>
      <LatitudeDegrees>-33.4987544</LatitudeDegrees>
      <LongitudeDegrees>-70.9967200</LongitudeDegrees>
     </Position>
     <AltitudeMeters>203.86</AltitudeMeters>
     <DistanceMeters>105811.12672327942</DistanceMeters>
    </Trackpoint>
    <Trackpoint>
     <Time>2026-07-19T04:24:01+00:00</Time>
     <Position>
      <LatitudeDegrees>-33.4979089</LatitudeDegrees>
      <LongitudeDegrees>-70.9967100</LongitudeDegrees>
     </Position>
     <AltitudeMeters>203.24</AltitudeMeters>
     <DistanceMeters>105905.2379800476</DistanceMeters>
    </Trackpoint>
    <Trackpoint>
     <Time>2026-07-19T04:24:07+00:00</Time>
     <Position>
      <LatitudeDegrees>-33.4970633</LatitudeDegrees>
      <LongitudeDegrees>-70.9967000</LongitudeDegrees>
     </Position>
     <AltitudeMeters>202.58</AltitudeMeters>
     <DistanceMeters>105999.34923681653</DistanceMeters>
    </Trackpoint>
    <Trackpoint>
     <Time>2026-07-19T04:24:13+00:00</Time>
     <Position>
      <LatitudeDegrees>-33.4962178</LatitudeDegrees>
      <LongitudeDegrees>-70.9966900</LongitudeDegrees>
     </Position>
     <AltitudeMeters>201.8</AltitudeMeters>
     <DistanceMeters>106093.46049358541</DistanceMeters>
    </Trackpoint>
    <Trackpoint>
     <Time>2026-07-19T04:24:20+00:00</Time>
     <Position>
      <LatitudeDegrees>-33.4953722</LatitudeDegrees>
      <LongitudeDegrees>-70.9966800</LongitudeDegrees>
     </Position>
     <AltitudeMeters>201.08</AltitudeMeters>
     <DistanceMeters>106187.57175035348</DistanceMeters>
    </Trackpoint>
    <Trackpoint>
     <Time>2026-07-19T04:24:26+00:00</Time>
     <Position>
      <LatitudeDegrees>-33.4945267</LatitudeDegrees>
      <LongitudeDegrees>-70.9966700</LongitudeDegrees>
     </Position>
     <AltitudeMeters>200.81</AltitudeMeters>
     <DistanceMeters>106281.68300712308</DistanceMeters>
    </Trackpoint>
    <Trackpoint>
     <Time>2026-07-19T04:24:32+00:00</Time>
     <Position>
      <LatitudeDegrees>-33.4936811</LatitudeDegrees>
      <LongitudeDegrees>-70.9966600</LongitudeDegrees>
     </Position>
     <AltitudeMeters>200.72</AltitudeMeters>
     <DistanceMeters>106375.79426389108</DistanceMeters>
    </Trackpoint>
    <Trackpoint>
     <Time>2026-07-19T04:24:38+00:00</Time>
     <Position>
      <LatitudeDegrees>-33.4928356</LatitudeDegrees>
      <LongitudeDegrees>-70.9966500</LongitudeDegrees>
     </Position>
     <AltitudeMeters>200.66</AltitudeMeters>
     <DistanceMeters>106469.90552065983</DistanceMeters>
    </Trackpoint>
    <Trackpoint>
     <Time>2026-07-19T04:24:44+00:00</Time>
     <Position>
      <LatitudeDegrees>-33.4919900</LatitudeDegrees>
      <LongitudeDegrees>-70.9966400</LongitudeDegrees>
     </Position>
     <AltitudeMeters>200.92000000000002</AltitudeMeters>
     <DistanceMeters>106564.01677721662</DistanceMeters>
    </Trackpoint>
    <Trackpoint>
     <Time>2026-07-19T04:24:51+00:00</Time>
     <Position>
      <LatitudeDegrees>-33.4912650</LatitudeDegrees>
      <LongitudeDegrees>-70.9965800</LongitudeDegrees>
     </Position>
     <AltitudeMeters>200.70000000000002</AltitudeMeters>
     <DistanceMeters>106644.89808924586</DistanceMeters>
    </Trackpoint>
    <Trackpoint>
     <Time>2026-07-19T04:24:57+00:00</Time>
     <Position>
      <LatitudeDegrees>-33.4905400</LatitudeDegrees>
      <LongitudeDegrees>-70.9965200</LongitudeDegrees>
     </Position>
     <AltitudeMeters>200.57000000000002</AltitudeMeters>
     <DistanceMeters>106725.77942056395</DistanceMeters>
    </Trackpoint>
    <Trackpoint>
     <Time>2026-07-19T04:25:03+00:00</Time>
     <Position>
      <LatitudeDegrees>-33.4899133</LatitudeDegrees>
      <LongitudeDegrees>-70.9964567</LongitudeDegrees>
     </Position>
     <AltitudeMeters>200.04000000000002</AltitudeMeters>
     <DistanceMeters>106795.772008489</DistanceMeters>
    </Trackpoint>
    <Trackpoint>
     <Time>2026-07-19T04:25:09+00:00</Time>
     <Position>
      <LatitudeDegrees>-33.4892867</LatitudeDegrees>
      <LongitudeDegrees>-70.9963933</LongitudeDegrees>
     </Position>
     <AltitudeMeters>200.09</AltitudeMeters>
     <DistanceMeters>106865.76459641225</DistanceMeters>
    </Trackpoint>
    <Trackpoint>
     <Time>2026-07-19T04:25:15+00:00</Time>
     <Position>
      <LatitudeDegrees>-33.4886600</LatitudeDegrees>
      <LongitudeDegrees>-70.9963300</LongitudeDegrees>
     </Position>
     <AltitudeMeters>200.53</AltitudeMeters>
     <DistanceMeters>106935.75719882303</DistanceMeters>
    </Trackpoint>
    <Trackpoint>
     <Time>2026-07-19T04:25:22+00:00</Time>
     <Position>
      <LatitudeDegrees>-33.4884550</LatitudeDegrees>
      <LongitudeDegrees>-70.9957250</LongitudeDegrees>
     </Position>
     <AltitudeMeters>200.85000000000002</AltitudeMeters>
     <DistanceMeters>106996.37137879067</DistanceMeters>
    </Trackpoint>
    <Trackpoint>
     <Time>2026-07-19T04:25:28+00:00</Time>
     <Position>
      <LatitudeDegrees>-33.4882500</LatitudeDegrees>
      <LongitudeDegrees>-70.9951200</LongitudeDegrees>
     </Position>
     <AltitudeMeters>201.74</AltitudeMeters>
     <DistanceMeters>107056.9855424467</DistanceMeters>
    </Trackpoint>
    <Trackpoint>
     <Time>2026-07-19T04:25:34+00:00</Time>
     <Position>
      <LatitudeDegrees>-33.4880400</LatitudeDegrees>
      <LongitudeDegrees>-70.9947500</LongitudeDegrees>
     </Position>
     <AltitudeMeters>202.46000000000004</AltitudeMeters>
     <DistanceMeters>107098.52755752731</DistanceMeters>
    </Trackpoint>
    <Trackpoint>
     <Time>2026-07-19T04:25:40+00:00</Time>
     <Position>
      <LatitudeDegrees>-33.4878500</LatitudeDegrees>
      <LongitudeDegrees>-70.9944900</LongitudeDegrees>
     </Position>
     <AltitudeMeters>202.46000000000004</AltitudeMeters>
     <DistanceMeters>107130.61466423621</DistanceMeters>
    </Trackpoint>
    <Trackpoint>
     <Time>2026-07-19T04:25:46+00:00</Time>
     <Position>
      <LatitudeDegrees>-33.4876000</LatitudeDegrees>
      <LongitudeDegrees>-70.9942400</LongitudeDegrees>
     </Position>
     <AltitudeMeters>203.07000000000002</AltitudeMeters>
     <DistanceMeters>107166.84524100773</DistanceMeters>
    </Trackpoint>
    <Trackpoint>
     <Time>2026-07-19T04:25:53+00:00</Time>
     <Position>
      <LatitudeDegrees>-33.4869167</LatitudeDegrees>
      <LongitudeDegrees>-70.9936467</LongitudeDegrees>
     </Position>
     <AltitudeMeters>203.53</AltitudeMeters>
     <DistanceMeters>107260.74476711344</DistanceMeters>
    </Trackpoint>
    <Trackpoint>
     <Time>2026-07-19T04:25:59+00:00</Time>
     <Position>
      <LatitudeDegrees>-33.4862333</LatitudeDegrees>
      <LongitudeDegrees>-70.9930533</LongitudeDegrees>
     </Position>
     <AltitudeMeters>204.27</AltitudeMeters>
     <DistanceMeters>107354.64429321927</DistanceMeters>
    </Trackpoint>
    <Trackpoint>
     <Time>2026-07-19T04:26:05+00:00</Time>
     <Position>
      <LatitudeDegrees>-33.4855500</LatitudeDegrees>
      <LongitudeDegrees>-70.9924600</LongitudeDegrees>
     </Position>
     <AltitudeMeters>205.47</AltitudeMeters>
     <DistanceMeters>107448.54380815124</DistanceMeters>
    </Trackpoint>
    <Trackpoint>
     <Time>2026-07-19T04:26:11+00:00</Time>
     <Position>
      <LatitudeDegrees>-33.4856550</LatitudeDegrees>
      <LongitudeDegrees>-70.9914550</LongitudeDegrees>
     </Position>
     <AltitudeMeters>206.35</AltitudeMeters>
     <DistanceMeters>107542.5602838982</DistanceMeters>
    </Trackpoint>
    <Trackpoint>
     <Time>2026-07-19T04:26:17+00:00</Time>
     <Position>
      <LatitudeDegrees>-33.4857600</LatitudeDegrees>
      <LongitudeDegrees>-70.9904500</LongitudeDegrees>
     </Position>
     <AltitudeMeters>207.36</AltitudeMeters>
     <DistanceMeters>107636.57677711429</DistanceMeters>
    </Trackpoint>
    <Trackpoint>
     <Time>2026-07-19T04:26:24+00:00</Time>
     <Position>
      <LatitudeDegrees>-33.4858400</LatitudeDegrees>
      <LongitudeDegrees>-70.9895133</LongitudeDegrees>
     </Position>
     <AltitudeMeters>209.22</AltitudeMeters>
     <DistanceMeters>107723.97570751778</DistanceMeters>
    </Trackpoint>
    <Trackpoint>
     <Time>2026-07-19T04:26:30+00:00</Time>
     <Position>
      <LatitudeDegrees>-33.4859200</LatitudeDegrees>
      <LongitudeDegrees>-70.9885767</LongitudeDegrees>
     </Position>
     <AltitudeMeters>210.36</AltitudeMeters>
     <DistanceMeters>107811.3746379222</DistanceMeters>
    </Trackpoint>
    <Trackpoint>
     <Time>2026-07-19T04:26:36+00:00</Time>
     <Position>
      <LatitudeDegrees>-33.4860000</LatitudeDegrees>
      <LongitudeDegrees>-70.9876400</LongitudeDegrees>
     </Position>
     <AltitudeMeters>211.64000000000001</AltitudeMeters>
     <DistanceMeters>107898.77359756596</DistanceMeters>
    </Trackpoint>
    <Trackpoint>
     <Time>2026-07-19T04:26:42+00:00</Time>
     <Position>
      <LatitudeDegrees>-33.4861050</LatitudeDegrees>
      <LongitudeDegrees>-70.9869950</LongitudeDegrees>
     </Position>
     <AltitudeMeters>212.36</AltitudeMeters>
     <DistanceMeters>107959.77411999558</DistanceMeters>
    </Trackpoint>
    <Trackpoint>
     <Time>2026-07-19T04:26:48+00:00</Time>
     <Position>
      <LatitudeDegrees>-33.4862100</LatitudeDegrees>
      <LongitudeDegrees>-70.9863500</LongitudeDegrees>
     </Position>
     <AltitudeMeters>213.75000000000003</AltitudeMeters>
     <DistanceMeters>108020.77464424912</DistanceMeters>
    </Trackpoint>
    <Trackpoint>
     <Time>2026-07-19T04:26:55+00:00</Time>
     <Position>
      <LatitudeDegrees>-33.4863025</LatitudeDegrees>
      <LongitudeDegrees>-70.9855000</LongitudeDegrees>
     </Position>
     <AltitudeMeters>214.94000000000003</AltitudeMeters>
     <DistanceMeters>108100.34255928668</DistanceMeters>
    </Trackpoint>
    <Trackpoint>
     <Time>2026-07-19T04:27:01+00:00</Time>
     <Position>
      <LatitudeDegrees>-33.4863950</LatitudeDegrees>
      <LongitudeDegrees>-70.9846500</LongitudeDegrees>
     </Position>
     <AltitudeMeters>216.89000000000001</AltitudeMeters>
     <DistanceMeters>108179.91047432444</DistanceMeters>
    </Trackpoint>
    <Trackpoint>
     <Time>2026-07-19T04:27:07+00:00</Time>
     <Position>
      <LatitudeDegrees>-33.4864875</LatitudeDegrees>
      <LongitudeDegrees>-70.9838000</LongitudeDegrees>
     </Position>
     <AltitudeMeters>217.79000000000002</AltitudeMeters>
     <DistanceMeters>108259.4783893588</DistanceMeters>
    </Trackpoint>
    <Trackpoint>
     <Time>2026-07-19T04:27:13+00:00</Time>
     <Position>
      <LatitudeDegrees>-33.4865800</LatitudeDegrees>
      <LongitudeDegrees>-70.9829500</LongitudeDegrees>
     </Position>
     <AltitudeMeters>219.3</AltitudeMeters>
     <DistanceMeters>108339.04628213662</DistanceMeters>
    </Trackpoint>
    <Trackpoint>
     <Time>2026-07-19T04:27:19+00:00</Time>
     <Position>
      <LatitudeDegrees>-33.4866625</LatitudeDegrees>
      <LongitudeDegrees>-70.9821000</LongitudeDegrees>
     </Position>
     <AltitudeMeters>221.91000000000003</AltitudeMeters>
     <DistanceMeters>108418.47754689436</DistanceMeters>
    </Trackpoint>
    <Trackpoint>
     <Time>2026-07-19T04:27:26+00:00</Time>
     <Position>
      <LatitudeDegrees>-33.4867450</LatitudeDegrees>
      <LongitudeDegrees>-70.9812500</LongitudeDegrees>
     </Position>
     <AltitudeMeters>222.93</AltitudeMeters>
     <DistanceMeters>108497.90881165065</DistanceMeters>
    </Trackpoint>
    <Trackpoint>
     <Time>2026-07-19T04:27:32+00:00</Time>
     <Position>
      <LatitudeDegrees>-33.4868275</LatitudeDegrees>
      <LongitudeDegrees>-70.9804000</LongitudeDegrees>
     </Position>
     <AltitudeMeters>224.15</AltitudeMeters>
     <DistanceMeters>108577.34007640848</DistanceMeters>
    </Trackpoint>
    <Trackpoint>
     <Time>2026-07-19T04:27:38+00:00</Time>
     <Position>
      <LatitudeDegrees>-33.4869100</LatitudeDegrees>
      <LongitudeDegrees>-70.9795500</LongitudeDegrees>
     </Position>
     <AltitudeMeters>226.26000000000002</AltitudeMeters>
     <DistanceMeters>108656.77132377753</DistanceMeters>
    </Trackpoint>
    <Trackpoint>
     <Time>2026-07-19T04:27:44+00:00</Time>
     <Position>
      <LatitudeDegrees>-33.4869550</LatitudeDegrees>
      <LongitudeDegrees>-70.9785233</LongitudeDegrees>
     </Position>
     <AltitudeMeters>229.19000000000003</AltitudeMeters>
     <DistanceMeters>108752.1998607641</DistanceMeters>
    </Trackpoint>
    <Trackpoint>
     <Time>2026-07-19T04:27:50+00:00</Time>
     <Position>
      <LatitudeDegrees>-33.4870000</LatitudeDegrees>
      <LongitudeDegrees>-70.9774967</LongitudeDegrees>
     </Position>
     <AltitudeMeters>230.41000000000003</AltitudeMeters>
     <DistanceMeters>108847.62839775275</DistanceMeters>
    </Trackpoint>
    <Trackpoint>
     <Time>2026-07-19T04:27:57+00:00</Time>
     <Position>
      <LatitudeDegrees>-33.4870450</LatitudeDegrees>
      <LongitudeDegrees>-70.9764700</LongitudeDegrees>
     </Position>
     <AltitudeMeters>232.69</AltitudeMeters>
     <DistanceMeters>108943.05693474076</DistanceMeters>
    </Trackpoint>
    <Trackpoint>
     <Time>2026-07-19T04:28:03+00:00</Time>
     <Position>
      <LatitudeDegrees>-33.4870900</LatitudeDegrees>
      <LongitudeDegrees>-70.9754433</LongitudeDegrees>
     </Position>
     <AltitudeMeters>234.34</AltitudeMeters>
     <DistanceMeters>109038.48547172801</DistanceMeters>
    </Trackpoint>
    <Trackpoint>
     <Time>2026-07-19T04:28:09+00:00</Time>
     <Position>
      <LatitudeDegrees>-33.4871350</LatitudeDegrees>
      <LongitudeDegrees>-70.9744167</LongitudeDegrees>
     </Position>
     <AltitudeMeters>237.59000000000003</AltitudeMeters>
     <DistanceMeters>109133.91400871573</DistanceMeters>
    </Trackpoint>
    <Trackpoint>
     <Time>2026-07-19T04:28:15+00:00</Time>
     <Position>
      <LatitudeDegrees>-33.4871800</LatitudeDegrees>
      <LongitudeDegrees>-70.9733900</LongitudeDegrees>
     </Position>
     <AltitudeMeters>240.8</AltitudeMeters>
     <DistanceMeters>109229.34255008919</DistanceMeters>
    </Trackpoint>
    <Trackpoint>
     <Time>2026-07-19T04:28:21+00:00</Time>
     <Position>
      <LatitudeDegrees>-33.4872146</LatitudeDegrees>
      <LongitudeDegrees>-70.9723382</LongitudeDegrees>
     </Position>
     <AltitudeMeters>242.23000000000002</AltitudeMeters>
     <DistanceMeters>109327.04948995846</DistanceMeters>
    </Trackpoint>
    <Trackpoint>
     <Time>2026-07-19T04:28:28+00:00</Time>
     <Position>
      <LatitudeDegrees>-33.4872492</LatitudeDegrees>
      <LongitudeDegrees>-70.9712864</LongitudeDegrees>
     </Position>
     <AltitudeMeters>244.95000000000002</AltitudeMeters>
     <DistanceMeters>109424.75642982619</DistanceMeters>
    </Trackpoint>
    <Trackpoint>
     <Time>2026-07-19T04:28:34+00:00</Time>
     <Position>
      <LatitudeDegrees>-33.4872837</LatitudeDegrees>
      <LongitudeDegrees>-70.9702346</LongitudeDegrees>
     </Position>
     <AltitudeMeters>249.65</AltitudeMeters>
     <DistanceMeters>109522.46336969634</DistanceMeters>
    </Trackpoint>
    <Trackpoint>
     <Time>2026-07-19T04:28:40+00:00</Time>
     <Position>
      <LatitudeDegrees>-33.4873183</LatitudeDegrees>
      <LongitudeDegrees>-70.9691827</LongitudeDegrees>
     </Position>
     <AltitudeMeters>252.82000000000005</AltitudeMeters>
     <DistanceMeters>109620.1703095637</DistanceMeters>
    </Trackpoint>
    <Trackpoint>
     <Time>2026-07-19T04:28:46+00:00</Time>
     <Position>
      <LatitudeDegrees>-33.4873529</LatitudeDegrees>
      <LongitudeDegrees>-70.9681309</LongitudeDegrees>
     </Position>
     <AltitudeMeters>255.1</AltitudeMeters>
     <DistanceMeters>109717.87724943378</DistanceMeters>
    </Trackpoint>
    <Trackpoint>
     <Time>2026-07-19T04:28:52+00:00</Time>
     <Position>
      <LatitudeDegrees>-33.4873874</LatitudeDegrees>
      <LongitudeDegrees>-70.9670791</LongitudeDegrees>
     </Position>
     <AltitudeMeters>257.03000000000003</AltitudeMeters>
     <DistanceMeters>109815.5841893012</DistanceMeters>
    </Trackpoint>
    <Trackpoint>
     <Time>2026-07-19T04:28:59+00:00</Time>
     <Position>
      <LatitudeDegrees>-33.4874219</LatitudeDegrees>
      <LongitudeDegrees>-70.9660273</LongitudeDegrees>
     </Position>
     <AltitudeMeters>258.62</AltitudeMeters>
     <DistanceMeters>109913.2911291701</DistanceMeters>
    </Trackpoint>
    <Trackpoint>
     <Time>2026-07-19T04:29:05+00:00</Time>
     <Position>
      <LatitudeDegrees>-33.4874565</LatitudeDegrees>
      <LongitudeDegrees>-70.9649755</LongitudeDegrees>
     </Position>
     <AltitudeMeters>261.21</AltitudeMeters>
     <DistanceMeters>110010.99806903918</DistanceMeters>
    </Trackpoint>
    <Trackpoint>
     <Time>2026-07-19T04:29:11+00:00</Time>
     <Position>
      <LatitudeDegrees>-33.4874910</LatitudeDegrees>
      <LongitudeDegrees>-70.9639236</LongitudeDegrees>
     </Position>
     <AltitudeMeters>264.45</AltitudeMeters>
     <DistanceMeters>110108.70500890858</DistanceMeters>
    </Trackpoint>
    <Trackpoint>
     <Time>2026-07-19T04:29:17+00:00</Time>
     <Position>
      <LatitudeDegrees>-33.4875255</LatitudeDegrees>
      <LongitudeDegrees>-70.9628718</LongitudeDegrees>
     </Position>
     <AltitudeMeters>268.35</AltitudeMeters>
     <DistanceMeters>110206.41194877705</DistanceMeters>
    </Trackpoint>
    <Trackpoint>
     <Time>2026-07-19T04:29:23+00:00</Time>
     <Position>
      <LatitudeDegrees>-33.4875600</LatitudeDegrees>
      <LongitudeDegrees>-70.9618200</LongitudeDegrees>
     </Position>
     <AltitudeMeters>273.0</AltitudeMeters>
     <DistanceMeters>110304.11889211783</DistanceMeters>
    </Trackpoint>
    <Trackpoint>
     <Time>2026-07-19T04:29:30+00:00</Time>
     <Position>
      <LatitudeDegrees>-33.4875450</LatitudeDegrees>
      <LongitudeDegrees>-70.9609850</LongitudeDegrees>
     </Position>
     <AltitudeMeters>277.1</AltitudeMeters>
     <DistanceMeters>110381.64260383598</DistanceMeters>
    </Trackpoint>
    <Trackpoint>
     <Time>2026-07-19T04:29:36+00:00</Time>
     <Position>
      <LatitudeDegrees>-33.4875300</LatitudeDegrees>
      <LongitudeDegrees>-70.9601500</LongitudeDegrees>
     </Position>
     <AltitudeMeters>280.66</AltitudeMeters>
     <DistanceMeters>110459.16631798798</DistanceMeters>
    </Trackpoint>
    <Trackpoint>
     <Time>2026-07-19T04:29:42+00:00</Time>
     <Position>
      <LatitudeDegrees>-33.4874933</LatitudeDegrees>
      <LongitudeDegrees>-70.9592400</LongitudeDegrees>
     </Position>
     <AltitudeMeters>284.59000000000003</AltitudeMeters>
     <DistanceMeters>110543.73223632245</DistanceMeters>
    </Trackpoint>
    <Trackpoint>
     <Time>2026-07-19T04:29:48+00:00</Time>
     <Position>
      <LatitudeDegrees>-33.4874567</LatitudeDegrees>
      <LongitudeDegrees>-70.9583300</LongitudeDegrees>
     </Position>
     <AltitudeMeters>289.65000000000003</AltitudeMeters>
     <DistanceMeters>110628.29815465471</DistanceMeters>
    </Trackpoint>
    <Trackpoint>
     <Time>2026-07-19T04:29:54+00:00</Time>
     <Position>
      <LatitudeDegrees>-33.4874200</LatitudeDegrees>
      <LongitudeDegrees>-70.9574200</LongitudeDegrees>
     </Position>
     <AltitudeMeters>295.17</AltitudeMeters>
     <DistanceMeters>110712.86407058332</DistanceMeters>
    </Trackpoint>
    <Trackpoint>
     <Time>2026-07-19T04:30:00+00:00</Time>
     <Position>
      <LatitudeDegrees>-33.4872900</LatitudeDegrees>
      <LongitudeDegrees>-70.9564800</LongitudeDegrees>
     </Position>
     <AltitudeMeters>298.95000000000005</AltitudeMeters>
     <DistanceMeters>110801.30769474272</DistanceMeters>
    </Trackpoint>
    <Trackpoint>
     <Time>2026-07-19T04:30:07+00:00</Time>
     <Position>
      <LatitudeDegrees>-33.4872000</LatitudeDegrees>
      <LongitudeDegrees>-70.9559250</LongitudeDegrees>
     </Position>
     <AltitudeMeters>302.58</AltitudeMeters>
     <DistanceMeters>110853.78845989102</DistanceMeters>
    </Trackpoint>
    <Trackpoint>
     <Time>2026-07-19T04:30:13+00:00</Time>
     <Position>
      <LatitudeDegrees>-33.4871100</LatitudeDegrees>
      <LongitudeDegrees>-70.9553700</LongitudeDegrees>
     </Position>
     <AltitudeMeters>304.14000000000004</AltitudeMeters>
     <DistanceMeters>110906.26921324193</DistanceMeters>
    </Trackpoint>
    <Trackpoint>
     <Time>2026-07-19T04:30:19+00:00</Time>
     <Position>
      <LatitudeDegrees>-33.4869250</LatitudeDegrees>
      <LongitudeDegrees>-70.9545050</LongitudeDegrees>
     </Position>
     <AltitudeMeters>310.31</AltitudeMeters>
     <DistanceMeters>110989.15829479115</DistanceMeters>
    </Trackpoint>
    <Trackpoint>
     <Time>2026-07-19T04:30:25+00:00</Time>
     <Position>
      <LatitudeDegrees>-33.4867400</LatitudeDegrees>
      <LongitudeDegrees>-70.9536400</LongitudeDegrees>
     </Position>
     <AltitudeMeters>316.5</AltitudeMeters>
     <DistanceMeters>111072.04737633807</DistanceMeters>
    </Trackpoint>
    <Trackpoint>
     <Time>2026-07-19T04:30:31+00:00</Time>
     <Position>
      <LatitudeDegrees>-33.4865550</LatitudeDegrees>
      <LongitudeDegrees>-70.9527750</LongitudeDegrees>
     </Position>
     <AltitudeMeters>322.35</AltitudeMeters>
     <DistanceMeters>111154.9364578869</DistanceMeters>
    </Trackpoint>
    <Trackpoint>
     <Time>2026-07-19T04:30:38+00:00</Time>
     <Position>
      <LatitudeDegrees>-33.4863700</LatitudeDegrees>
      <LongitudeDegrees>-70.9519100</LongitudeDegrees>
     </Position>
     <AltitudeMeters>326.48</AltitudeMeters>
     <DistanceMeters>111237.82553324132</DistanceMeters>
    </Trackpoint>
    <Trackpoint>
     <Time>2026-07-19T04:30:44+00:00</Time>
     <Position>
      <LatitudeDegrees>-33.4862400</LatitudeDegrees>
      <LongitudeDegrees>-70.9510700</LongitudeDegrees>
     </Position>
     <AltitudeMeters>331.76000000000005</AltitudeMeters>
     <DistanceMeters>111317.12752579998</DistanceMeters>
    </Trackpoint>
    <Trackpoint>
     <Time>2026-07-19T04:30:50+00:00</Time>
     <Position>
      <LatitudeDegrees>-33.4861900</LatitudeDegrees>
      <LongitudeDegrees>-70.9508400</LongitudeDegrees>
     </Position>
     <AltitudeMeters>334.97</AltitudeMeters>
     <DistanceMeters>111339.1900669283</DistanceMeters>
    </Trackpoint>
    <Trackpoint>
     <Time>2026-07-19T04:30:56+00:00</Time>
     <Position>
      <LatitudeDegrees>-33.4859800</LatitudeDegrees>
      <LongitudeDegrees>-70.9501250</LongitudeDegrees>
     </Position>
     <AltitudeMeters>341.13000000000005</AltitudeMeters>
     <DistanceMeters>111409.55352938463</DistanceMeters>
    </Trackpoint>
    <Trackpoint>
     <Time>2026-07-19T04:31:02+00:00</Time>
     <Position>
      <LatitudeDegrees>-33.4857700</LatitudeDegrees>
      <LongitudeDegrees>-70.9494100</LongitudeDegrees>
     </Position>
     <AltitudeMeters>349.05</AltitudeMeters>
     <DistanceMeters>111479.91699942866</DistanceMeters>
    </Trackpoint>
    <Trackpoint>
     <Time>2026-07-19T04:31:09+00:00</Time>
     <Position>
      <LatitudeDegrees>-33.4855733</LatitudeDegrees>
      <LongitudeDegrees>-70.9487233</LongitudeDegrees>
     </Position>
     <AltitudeMeters>354.57000000000005</AltitudeMeters>
     <DistanceMeters>111547.30930573937</DistanceMeters>
    </Trackpoint>
    <Trackpoint>
     <Time>2026-07-19T04:31:15+00:00</Time>
     <Position>
      <LatitudeDegrees>-33.4853767</LatitudeDegrees>
      <LongitudeDegrees>-70.9480367</LongitudeDegrees>
     </Position>
     <AltitudeMeters>361.01000000000005</AltitudeMeters>
     <DistanceMeters>111614.70161205107</DistanceMeters>
    </Trackpoint>
    <Trackpoint>
     <Time>2026-07-19T04:31:21+00:00</Time>
     <Position>
      <LatitudeDegrees>-33.4851800</LatitudeDegrees>
      <LongitudeDegrees>-70.9473500</LongitudeDegrees>
     </Position>
     <AltitudeMeters>363.75</AltitudeMeters>
     <DistanceMeters>111682.09390977201</DistanceMeters>
    </Trackpoint>
    <Trackpoint>
     <Time>2026-07-19T04:31:27+00:00</Time>
     <Position>
      <LatitudeDegrees>-33.4850700</LatitudeDegrees>
      <LongitudeDegrees>-70.9472600</LongitudeDegrees>
     </Position>
     <AltitudeMeters>365.11</AltitudeMeters>
     <DistanceMeters>111696.91521711826</DistanceMeters>
    </Trackpoint>
    <Trackpoint>
     <Time>2026-07-19T04:31:33+00:00</Time>
     <Position>
      <LatitudeDegrees>-33.4847500</LatitudeDegrees>
      <LongitudeDegrees>-70.9471600</LongitudeDegrees>
     </Position>
     <AltitudeMeters>367.08</AltitudeMeters>
     <DistanceMeters>111733.71961961425</DistanceMeters>
    </Trackpoint>
    <Trackpoint>
     <Time>2026-07-19T04:31:40+00:00</Time>
     <Position>
      <LatitudeDegrees>-33.4843800</LatitudeDegrees>
      <LongitudeDegrees>-70.9472100</LongitudeDegrees>
     </Position>
     <AltitudeMeters>369.14000000000004</AltitudeMeters>
     <DistanceMeters>111775.15974555524</DistanceMeters>
    </Trackpoint>
    <Trackpoint>
     <Time>2026-07-19T04:31:46+00:00</Time>
     <Position>
      <LatitudeDegrees>-33.4843100</LatitudeDegrees>
      <LongitudeDegrees>-70.9471700</LongitudeDegrees>
     </Position>
     <AltitudeMeters>369.14000000000004</AltitudeMeters>
     <DistanceMeters>111783.78999696573</DistanceMeters>
    </Trackpoint>
    <Trackpoint>
     <Time>2026-07-19T04:31:52+00:00</Time>
     <Position>
      <LatitudeDegrees>-33.4842700</LatitudeDegrees>
      <LongitudeDegrees>-70.9470800</LongitudeDegrees>
     </Position>
     <AltitudeMeters>369.14000000000004</AltitudeMeters>
     <DistanceMeters>111793.25635055896</DistanceMeters>
    </Trackpoint>
    <Trackpoint>
     <Time>2026-07-19T04:31:58+00:00</Time>
     <Position>
      <LatitudeDegrees>-33.4842900</LatitudeDegrees>
      <LongitudeDegrees>-70.9470400</LongitudeDegrees>
     </Position>
     <AltitudeMeters>369.79</AltitudeMeters>
     <DistanceMeters>111797.58543624861</DistanceMeters>
    </Trackpoint>
    <Trackpoint>
     <Time>2026-07-19T04:32:04+00:00</Time>
     <Position>
      <LatitudeDegrees>-33.4843300</LatitudeDegrees>
      <LongitudeDegrees>-70.9469900</LongitudeDegrees>
     </Position>
     <AltitudeMeters>369.79</AltitudeMeters>
     <DistanceMeters>111804.01659718037</DistanceMeters>
    </Trackpoint>
    <Trackpoint>
     <Time>2026-07-19T04:32:11+00:00</Time>
     <Position>
      <LatitudeDegrees>-33.4846500</LatitudeDegrees>
      <LongitudeDegrees>-70.9469000</LongitudeDegrees>
     </Position>
     <AltitudeMeters>371.46</AltitudeMeters>
     <DistanceMeters>111840.59792762212</DistanceMeters>
    </Trackpoint>
    <Trackpoint>
     <Time>2026-07-19T04:32:17+00:00</Time>
     <Position>
      <LatitudeDegrees>-33.4848300</LatitudeDegrees>
      <LongitudeDegrees>-70.9467800</LongitudeDegrees>
     </Position>
     <AltitudeMeters>372.49</AltitudeMeters>
     <DistanceMeters>111863.51964881046</DistanceMeters>
    </Trackpoint>
    <Trackpoint>
     <Time>2026-07-19T04:32:23+00:00</Time>
     <Position>
      <LatitudeDegrees>-33.4849800</LatitudeDegrees>
      <LongitudeDegrees>-70.9465900</LongitudeDegrees>
     </Position>
     <AltitudeMeters>374.36</AltitudeMeters>
     <DistanceMeters>111887.80441978431</DistanceMeters>
    </Trackpoint>
    <Trackpoint>
     <Time>2026-07-19T04:32:29+00:00</Time>
     <Position>
      <LatitudeDegrees>-33.4850500</LatitudeDegrees>
      <LongitudeDegrees>-70.9464900</LongitudeDegrees>
     </Position>
     <AltitudeMeters>374.92</AltitudeMeters>
     <DistanceMeters>111899.92291097163</DistanceMeters>
    </Trackpoint>
    <Trackpoint>
     <Time>2026-07-19T04:32:35+00:00</Time>
     <Position>
      <LatitudeDegrees>-33.4850300</LatitudeDegrees>
      <LongitudeDegrees>-70.9464000</LongitudeDegrees>
     </Position>
     <AltitudeMeters>375.41</AltitudeMeters>
     <DistanceMeters>111908.5685207112</DistanceMeters>
    </Trackpoint>
    <Trackpoint>
     <Time>2026-07-19T04:32:42+00:00</Time>
     <Position>
      <LatitudeDegrees>-33.4849800</LatitudeDegrees>
      <LongitudeDegrees>-70.9464100</LongitudeDegrees>
     </Position>
     <AltitudeMeters>375.41</AltitudeMeters>
     <DistanceMeters>111914.21019151482</DistanceMeters>
    </Trackpoint>
    <Trackpoint>
     <Time>2026-07-19T04:32:48+00:00</Time>
     <Position>
      <LatitudeDegrees>-33.4847400</LatitudeDegrees>
      <LongitudeDegrees>-70.9466400</LongitudeDegrees>
     </Position>
     <AltitudeMeters>377.17</AltitudeMeters>
     <DistanceMeters>111948.4049090844</DistanceMeters>
    </Trackpoint>
    <Trackpoint>
     <Time>2026-07-19T04:32:54+00:00</Time>
     <Position>
      <LatitudeDegrees>-33.4845600</LatitudeDegrees>
      <LongitudeDegrees>-70.9467200</LongitudeDegrees>
     </Position>
     <AltitudeMeters>377.71000000000004</AltitudeMeters>
     <DistanceMeters>111969.77017741832</DistanceMeters>
    </Trackpoint>
    <Trackpoint>
     <Time>2026-07-19T04:33:00+00:00</Time>
     <Position>
      <LatitudeDegrees>-33.4845100</LatitudeDegrees>
      <LongitudeDegrees>-70.9467200</LongitudeDegrees>
     </Position>
     <AltitudeMeters>378.90000000000003</AltitudeMeters>
     <DistanceMeters>111975.33496139054</DistanceMeters>
    </Trackpoint>
    <Trackpoint>
     <Time>2026-07-19T04:33:06+00:00</Time>
     <Position>
      <LatitudeDegrees>-33.4844700</LatitudeDegrees>
      <LongitudeDegrees>-70.9466400</LongitudeDegrees>
     </Position>
     <AltitudeMeters>378.90000000000003</AltitudeMeters>
     <DistanceMeters>111983.99311732786</DistanceMeters>
    </Trackpoint>
    <Trackpoint>
     <Time>2026-07-19T04:33:13+00:00</Time>
     <Position>
      <LatitudeDegrees>-33.4845100</LatitudeDegrees>
      <LongitudeDegrees>-70.9465900</LongitudeDegrees>
     </Position>
     <AltitudeMeters>379.18</AltitudeMeters>
     <DistanceMeters>111990.4242712989</DistanceMeters>
    </Trackpoint>
    <Trackpoint>
     <Time>2026-07-19T04:33:19+00:00</Time>
     <Position>
      <LatitudeDegrees>-33.4845600</LatitudeDegrees>
      <LongitudeDegrees>-70.9465400</LongitudeDegrees>
     </Position>
     <AltitudeMeters>379.18</AltitudeMeters>
     <DistanceMeters>111997.67049614059</DistanceMeters>
    </Trackpoint>
    <Trackpoint>
     <Time>2026-07-19T04:33:25+00:00</Time>
     <Position>
      <LatitudeDegrees>-33.4847100</LatitudeDegrees>
      <LongitudeDegrees>-70.9464900</LongitudeDegrees>
     </Position>
     <AltitudeMeters>380.43000000000006</AltitudeMeters>
     <DistanceMeters>112014.99799711272</DistanceMeters>
    </Trackpoint>
    <Trackpoint>
     <Time>2026-07-19T04:33:31+00:00</Time>
     <Position>
      <LatitudeDegrees>-33.4848000</LatitudeDegrees>
      <LongitudeDegrees>-70.9464100</LongitudeDegrees>
     </Position>
     <AltitudeMeters>381.25</AltitudeMeters>
     <DistanceMeters>112027.4670412031</DistanceMeters>
    </Trackpoint>
    <Trackpoint>
     <Time>2026-07-19T04:33:37+00:00</Time>
     <Position>
      <LatitudeDegrees>-33.4848900</LatitudeDegrees>
      <LongitudeDegrees>-70.9461900</LongitudeDegrees>
     </Position>
     <AltitudeMeters>382.85</AltitudeMeters>
     <DistanceMeters>112050.21264252003</DistanceMeters>
    </Trackpoint>
    <Trackpoint>
     <Time>2026-07-19T04:33:44+00:00</Time>
     <Position>
      <LatitudeDegrees>-33.4850500</LatitudeDegrees>
      <LongitudeDegrees>-70.9455200</LongitudeDegrees>
     </Position>
     <AltitudeMeters>385.92</AltitudeMeters>
     <DistanceMeters>112114.90387111004</DistanceMeters>
    </Trackpoint>
    <Trackpoint>
     <Time>2026-07-19T04:33:50+00:00</Time>
     <Position>
      <LatitudeDegrees>-33.4850700</LatitudeDegrees>
      <LongitudeDegrees>-70.9452500</LongitudeDegrees>
     </Position>
     <AltitudeMeters>392.96000000000004</AltitudeMeters>
     <DistanceMeters>112140.06497779085</DistanceMeters>
    </Trackpoint>
    <Trackpoint>
     <Time>2026-07-19T04:33:56+00:00</Time>
     <Position>
      <LatitudeDegrees>-33.4850050</LatitudeDegrees>
      <LongitudeDegrees>-70.9446000</LongitudeDegrees>
     </Position>
     <AltitudeMeters>398.51000000000005</AltitudeMeters>
     <DistanceMeters>112200.83270797183</DistanceMeters>
    </Trackpoint>
    <Trackpoint>
     <Time>2026-07-19T04:34:02+00:00</Time>
     <Position>
      <LatitudeDegrees>-33.4849400</LatitudeDegrees>
      <LongitudeDegrees>-70.9439500</LongitudeDegrees>
     </Position>
     <AltitudeMeters>404.23</AltitudeMeters>
     <DistanceMeters>112261.60041477083</DistanceMeters>
    </Trackpoint>
    <Trackpoint>
     <Time>2026-07-19T04:34:08+00:00</Time>
     <Position>
      <LatitudeDegrees>-33.4849600</LatitudeDegrees>
      <LongitudeDegrees>-70.9435500</LongitudeDegrees>
     </Position>
     <AltitudeMeters>407.37</AltitudeMeters>
     <DistanceMeters>112298.79668506104</DistanceMeters>
    </Trackpoint>
    <Trackpoint>
     <Time>2026-07-19T04:34:15+00:00</Time>
     <Position>
      <LatitudeDegrees>-33.4849600</LatitudeDegrees>
      <LongitudeDegrees>-70.9435400</LongitudeDegrees>
     </Position>
     <AltitudeMeters>407.37</AltitudeMeters>
     <DistanceMeters>112298.79668506104</DistanceMeters>
    </Trackpoint>
    <Trackpoint>
     <Time>2026-07-19T04:34:21+00:00</Time>
     <Position>
      <LatitudeDegrees>-33.4849300</LatitudeDegrees>
      <LongitudeDegrees>-70.9434300</LongitudeDegrees>
     </Position>
     <AltitudeMeters>408.75000000000006</AltitudeMeters>
     <DistanceMeters>112309.53937023586</DistanceMeters>
    </Trackpoint>
    <Trackpoint>
     <Time>2026-07-19T04:34:27+00:00</Time>
     <Position>
      <LatitudeDegrees>-33.4848700</LatitudeDegrees>
      <LongitudeDegrees>-70.9434200</LongitudeDegrees>
     </Position>
     <AltitudeMeters>409.47</AltitudeMeters>
     <DistanceMeters>112316.28131747991</DistanceMeters>
    </Trackpoint>
    <Trackpoint>
     <Time>2026-07-19T04:34:33+00:00</Time>
     <Position>
      <LatitudeDegrees>-33.4848300</LatitudeDegrees>
      <LongitudeDegrees>-70.9434600</LongitudeDegrees>
     </Position>
     <AltitudeMeters>409.47</AltitudeMeters>
     <DistanceMeters>112322.07828870395</DistanceMeters>
    </Trackpoint>
    <Trackpoint>
     <Time>2026-07-19T04:34:39+00:00</Time>
     <Position>
      <LatitudeDegrees>-33.4847800</LatitudeDegrees>
      <LongitudeDegrees>-70.9437700</LongitudeDegrees>
     </Position>
     <AltitudeMeters>410.40000000000003</AltitudeMeters>
     <DistanceMeters>112351.386920918</DistanceMeters>
    </Trackpoint>
    <Trackpoint>
     <Time>2026-07-19T04:34:46+00:00</Time>
     <Position>
      <LatitudeDegrees>-33.4846700</LatitudeDegrees>
      <LongitudeDegrees>-70.9442600</LongitudeDegrees>
     </Position>
     <AltitudeMeters>411.86000000000007</AltitudeMeters>
     <DistanceMeters>112398.48961233153</DistanceMeters>
    </Trackpoint>
    <Trackpoint>
     <Time>2026-07-19T04:34:52+00:00</Time>
     <Position>
      <LatitudeDegrees>-33.4846500</LatitudeDegrees>
      <LongitudeDegrees>-70.9449400</LongitudeDegrees>
     </Position>
     <AltitudeMeters>413.52000000000004</AltitudeMeters>
     <DistanceMeters>112461.64939388537</DistanceMeters>
    </Trackpoint>
    <Trackpoint>
     <Time>2026-07-19T04:34:58+00:00</Time>
     <Position>
      <LatitudeDegrees>-33.4845800</LatitudeDegrees>
      <LongitudeDegrees>-70.9452000</LongitudeDegrees>
     </Position>
     <AltitudeMeters>418.04</AltitudeMeters>
     <DistanceMeters>112487.01001854624</DistanceMeters>
    </Trackpoint>
    <Trackpoint>
     <Time>2026-07-19T04:35:04+00:00</Time>
     <Position>
      <LatitudeDegrees>-33.4845300</LatitudeDegrees>
      <LongitudeDegrees>-70.9452900</LongitudeDegrees>
     </Position>
     <AltitudeMeters>418.04</AltitudeMeters>
     <DistanceMeters>112497.04792065425</DistanceMeters>
    </Trackpoint>
    <Trackpoint>
     <Time>2026-07-19T04:35:10+00:00</Time>
     <Position>
      <LatitudeDegrees>-33.4844400</LatitudeDegrees>
      <LongitudeDegrees>-70.9454200</LongitudeDegrees>
     </Position>
     <AltitudeMeters>419.05</AltitudeMeters>
     <DistanceMeters>112512.73069830178</DistanceMeters>
    </Trackpoint>
    <Trackpoint>
     <Time>2026-07-19T04:35:16+00:00</Time>
     <Position>
      <LatitudeDegrees>-33.4843300</LatitudeDegrees>
      <LongitudeDegrees>-70.9454800</LongitudeDegrees>
     </Position>
     <AltitudeMeters>419.81</AltitudeMeters>
     <DistanceMeters>112526.18054933687</DistanceMeters>
    </Trackpoint>
    <Trackpoint>
     <Time>2026-07-19T04:35:23+00:00</Time>
     <Position>
      <LatitudeDegrees>-33.4842900</LatitudeDegrees>
      <LongitudeDegrees>-70.9454700</LongitudeDegrees>
     </Position>
     <AltitudeMeters>420.22</AltitudeMeters>
     <DistanceMeters>112530.72812097974</DistanceMeters>
    </Trackpoint>
    <Trackpoint>
     <Time>2026-07-19T04:35:29+00:00</Time>
     <Position>
      <LatitudeDegrees>-33.4842700</LatitudeDegrees>
      <LongitudeDegrees>-70.9454300</LongitudeDegrees>
     </Position>
     <AltitudeMeters>420.22</AltitudeMeters>
     <DistanceMeters>112535.05720666937</DistanceMeters>
    </Trackpoint>
    <Trackpoint>
     <Time>2026-07-19T04:35:35+00:00</Time>
     <Position>
      <LatitudeDegrees>-33.4844400</LatitudeDegrees>
      <LongitudeDegrees>-70.9451600</LongitudeDegrees>
     </Position>
     <AltitudeMeters>423.51000000000005</AltitudeMeters>
     <DistanceMeters>112566.45964718304</DistanceMeters>
    </Trackpoint>
    <Trackpoint>
     <Time>2026-07-19T04:35:41+00:00</Time>
     <Position>
      <LatitudeDegrees>-33.4844700</LatitudeDegrees>
      <LongitudeDegrees>-70.9450700</LongitudeDegrees>
     </Position>
     <AltitudeMeters>423.51000000000005</AltitudeMeters>
     <DistanceMeters>112575.45636184262</DistanceMeters>
    </Trackpoint>
    <Trackpoint>
     <Time>2026-07-19T04:35:47+00:00</Time>
     <Position>
      <LatitudeDegrees>-33.4844900</LatitudeDegrees>
      <LongitudeDegrees>-70.9448900</LongitudeDegrees>
     </Position>
     <AltitudeMeters>424.83000000000004</AltitudeMeters>
     <DistanceMeters>112592.3123936135</DistanceMeters>
    </Trackpoint>
    <Trackpoint>
     <Time>2026-07-19T04:35:54+00:00</Time>
     <Position>
      <LatitudeDegrees>-33.4844000</LatitudeDegrees>
      <LongitudeDegrees>-70.9442700</LongitudeDegrees>
     </Position>
     <AltitudeMeters>429.37</AltitudeMeters>
     <DistanceMeters>112650.72879916798</DistanceMeters>
    </Trackpoint>
    <Trackpoint>
     <Time>2026-07-19T04:36:00+00:00</Time>
     <Position>
      <LatitudeDegrees>-33.4842400</LatitudeDegrees>
      <LongitudeDegrees>-70.9437200</LongitudeDegrees>
     </Position>
     <AltitudeMeters>432.68</AltitudeMeters>
     <DistanceMeters>112704.79883331546</DistanceMeters>
    </Trackpoint>
    <Trackpoint>
     <Time>2026-07-19T04:36:06+00:00</Time>
     <Position>
      <LatitudeDegrees>-33.4841800</LatitudeDegrees>
      <LongitudeDegrees>-70.9426500</LongitudeDegrees>
     </Position>
     <AltitudeMeters>442.16</AltitudeMeters>
     <DistanceMeters>112804.3456135405</DistanceMeters>
    </Trackpoint>
    <Trackpoint>
     <Time>2026-07-19T04:36:12+00:00</Time>
     <Position>
      <LatitudeDegrees>-33.4841100</LatitudeDegrees>
      <LongitudeDegrees>-70.9422500</LongitudeDegrees>
     </Position>
     <AltitudeMeters>444.48</AltitudeMeters>
     <DistanceMeters>112842.28409567176</DistanceMeters>
    </Trackpoint>
    <Trackpoint>
     <Time>2026-07-19T04:36:18+00:00</Time>
     <Position>
      <LatitudeDegrees>-33.4840900</LatitudeDegrees>
      <LongitudeDegrees>-70.9417500</LongitudeDegrees>
     </Position>
     <AltitudeMeters>450.49000000000007</AltitudeMeters>
     <DistanceMeters>112888.74990791712</DistanceMeters>
    </Trackpoint>
    <Trackpoint>
     <Time>2026-07-19T04:36:25+00:00</Time>
     <Position>
      <LatitudeDegrees>-33.4840400</LatitudeDegrees>
      <LongitudeDegrees>-70.9417100</LongitudeDegrees>
     </Position>
     <AltitudeMeters>451.08000000000004</AltitudeMeters>
     <DistanceMeters>112895.43968972989</DistanceMeters>
    </Trackpoint>
    <Trackpoint>
     <Time>2026-07-19T04:36:31+00:00</Time>
     <Position>
      <LatitudeDegrees>-33.4840000</LatitudeDegrees>
      <LongitudeDegrees>-70.9417100</LongitudeDegrees>
     </Position>
     <AltitudeMeters>451.08000000000004</AltitudeMeters>
     <DistanceMeters>112899.89151690734</DistanceMeters>
    </Trackpoint>
    <Trackpoint>
     <Time>2026-07-19T04:36:37+00:00</Time>
     <Position>
      <LatitudeDegrees>-33.4839700</LatitudeDegrees>
      <LongitudeDegrees>-70.9418000</LongitudeDegrees>
     </Position>
     <AltitudeMeters>452.12</AltitudeMeters>
     <DistanceMeters>112908.88827366152</DistanceMeters>
    </Trackpoint>
    <Trackpoint>
     <Time>2026-07-19T04:36:43+00:00</Time>
     <Position>
      <LatitudeDegrees>-33.4839500</LatitudeDegrees>
      <LongitudeDegrees>-70.9422000</LongitudeDegrees>
     </Position>
     <AltitudeMeters>454.37000000000006</AltitudeMeters>
     <DistanceMeters>112946.08496757837</DistanceMeters>
    </Trackpoint>
    <Trackpoint>
     <Time>2026-07-19T04:36:49+00:00</Time>
     <Position>
      <LatitudeDegrees>-33.4838800</LatitudeDegrees>
      <LongitudeDegrees>-70.9426900</LongitudeDegrees>
     </Position>
     <AltitudeMeters>456.90000000000003</AltitudeMeters>
     <DistanceMeters>112992.2316661413</DistanceMeters>
    </Trackpoint>
    <Trackpoint>
     <Time>2026-07-19T04:36:56+00:00</Time>
     <Position>
      <LatitudeDegrees>-33.4838200</LatitudeDegrees>
      <LongitudeDegrees>-70.9430200</LongitudeDegrees>
     </Position>
     <AltitudeMeters>460.36</AltitudeMeters>
     <DistanceMeters>113023.58339672582</DistanceMeters>
    </Trackpoint>
    <Trackpoint>
     <Time>2026-07-19T04:37:02+00:00</Time>
     <Position>
      <LatitudeDegrees>-33.4837100</LatitudeDegrees>
      <LongitudeDegrees>-70.9434600</LongitudeDegrees>
     </Position>
     <AltitudeMeters>464.22</AltitudeMeters>
     <DistanceMeters>113066.22188324737</DistanceMeters>
    </Trackpoint>
    <Trackpoint>
     <Time>2026-07-19T04:37:08+00:00</Time>
     <Position>
      <LatitudeDegrees>-33.4836200</LatitudeDegrees>
      <LongitudeDegrees>-70.9440300</LongitudeDegrees>
     </Position>
     <AltitudeMeters>467.39000000000004</AltitudeMeters>
     <DistanceMeters>113120.07214872589</DistanceMeters>
    </Trackpoint>
    <Trackpoint>
     <Time>2026-07-19T04:37:14+00:00</Time>
     <Position>
      <LatitudeDegrees>-33.4835300</LatitudeDegrees>
      <LongitudeDegrees>-70.9440900</LongitudeDegrees>
     </Position>
     <AltitudeMeters>468.59000000000003</AltitudeMeters>
     <DistanceMeters>113131.53304572284</DistanceMeters>
    </Trackpoint>
    <Trackpoint>
     <Time>2026-07-19T04:37:20+00:00</Time>
     <Position>
      <LatitudeDegrees>-33.4834100</LatitudeDegrees>
      <LongitudeDegrees>-70.9440900</LongitudeDegrees>
     </Position>
     <AltitudeMeters>470.23</AltitudeMeters>
     <DistanceMeters>113144.88852725603</DistanceMeters>
    </Trackpoint>
    <Trackpoint>
     <Time>2026-07-19T04:37:27+00:00</Time>
     <Position>
      <LatitudeDegrees>-33.4831900</LatitudeDegrees>
      <LongitudeDegrees>-70.9440400</LongitudeDegrees>
     </Position>
     <AltitudeMeters>471.5</AltitudeMeters>
     <DistanceMeters>113169.80958694374</DistanceMeters>
    </Trackpoint>
    <Trackpoint>
     <Time>2026-07-19T04:37:33+00:00</Time>
     <Position>
      <LatitudeDegrees>-33.4831200</LatitudeDegrees>
      <LongitudeDegrees>-70.9439900</LongitudeDegrees>
     </Position>
     <AltitudeMeters>473.31000000000006</AltitudeMeters>
     <DistanceMeters>113178.8780272</DistanceMeters>
    </Trackpoint>
    <Trackpoint>
     <Time>2026-07-19T04:37:39+00:00</Time>
     <Position>
      <LatitudeDegrees>-33.4831200</LatitudeDegrees>
      <LongitudeDegrees>-70.9439500</LongitudeDegrees>
     </Position>
     <AltitudeMeters>473.31000000000006</AltitudeMeters>
     <DistanceMeters>113182.59106650285</DistanceMeters>
    </Trackpoint>
    <Trackpoint>
     <Time>2026-07-19T04:37:45+00:00</Time>
     <Position>
      <LatitudeDegrees>-33.4831500</LatitudeDegrees>
      <LongitudeDegrees>-70.9439000</LongitudeDegrees>
     </Position>
     <AltitudeMeters>473.31000000000006</AltitudeMeters>
     <DistanceMeters>113188.30855769923</DistanceMeters>
    </Trackpoint>
    <Trackpoint>
     <Time>2026-07-19T04:37:51+00:00</Time>
     <Position>
      <LatitudeDegrees>-33.4833000</LatitudeDegrees>
      <LongitudeDegrees>-70.9438600</LongitudeDegrees>
     </Position>
     <AltitudeMeters>474.13000000000005</AltitudeMeters>
     <DistanceMeters>113205.41083863868</DistanceMeters>
    </Trackpoint>
    <Trackpoint>
     <Time>2026-07-19T04:37:58+00:00</Time>
     <Position>
      <LatitudeDegrees>-33.4833700</LatitudeDegrees>
      <LongitudeDegrees>-70.9438100</LongitudeDegrees>
     </Position>
     <AltitudeMeters>476.07000000000005</AltitudeMeters>
     <DistanceMeters>113214.47927395866</DistanceMeters>
    </Trackpoint>
    <Trackpoint>
     <Time>2026-07-19T04:38:04+00:00</Time>
     <Position>
      <LatitudeDegrees>-33.4834600</LatitudeDegrees>
      <LongitudeDegrees>-70.9436300</LongitudeDegrees>
     </Position>
     <AltitudeMeters>477.68000000000006</AltitudeMeters>
     <DistanceMeters>113233.96030267508</DistanceMeters>
    </Trackpoint>
    <Trackpoint>
     <Time>2026-07-19T04:38:10+00:00</Time>
     <Position>
      <LatitudeDegrees>-33.4834400</LatitudeDegrees>
      <LongitudeDegrees>-70.9435900</LongitudeDegrees>
     </Position>
     <AltitudeMeters>477.68000000000006</AltitudeMeters>
     <DistanceMeters>113238.28941888065</DistanceMeters>
    </Trackpoint>
    <Trackpoint>
     <Time>2026-07-19T04:38:16+00:00</Time>
     <Position>
      <LatitudeDegrees>-33.4834100</LatitudeDegrees>
      <LongitudeDegrees>-70.9435400</LongitudeDegrees>
     </Position>
     <AltitudeMeters>477.68000000000006</AltitudeMeters>
     <DistanceMeters>113244.00689746297</DistanceMeters>
    </Trackpoint>
    <Trackpoint>
     <Time>2026-07-19T04:38:22+00:00</Time>
     <Position>
      <LatitudeDegrees>-33.4832800</LatitudeDegrees>
      <LongitudeDegrees>-70.9436300</LongitudeDegrees>
     </Position>
     <AltitudeMeters>479.57000000000005</AltitudeMeters>
     <DistanceMeters>113260.71409099345</DistanceMeters>
    </Trackpoint>
    <Trackpoint>
     <Time>2026-07-19T04:38:29+00:00</Time>
     <Position>
      <LatitudeDegrees>-33.4831700</LatitudeDegrees>
      <LongitudeDegrees>-70.9436800</LongitudeDegrees>
     </Position>
     <AltitudeMeters>480.44</AltitudeMeters>
     <DistanceMeters>113273.80687592826</DistanceMeters>
    </Trackpoint>
    <Trackpoint>
     <Time>2026-07-19T04:38:35+00:00</Time>
     <Position>
      <LatitudeDegrees>-33.4830800</LatitudeDegrees>
      <LongitudeDegrees>-70.9436800</LongitudeDegrees>
     </Position>
     <AltitudeMeters>481.88</AltitudeMeters>
     <DistanceMeters>113283.82348707796</DistanceMeters>
    </Trackpoint>
    <Trackpoint>
     <Time>2026-07-19T04:38:41+00:00</Time>
     <Position>
      <LatitudeDegrees>-33.4830600</LatitudeDegrees>
      <LongitudeDegrees>-70.9436300</LongitudeDegrees>
     </Position>
     <AltitudeMeters>481.88</AltitudeMeters>
     <DistanceMeters>113288.97094992653</DistanceMeters>
    </Trackpoint>
    <Trackpoint>
     <Time>2026-07-19T04:38:47+00:00</Time>
     <Position>
      <LatitudeDegrees>-33.4830800</LatitudeDegrees>
      <LongitudeDegrees>-70.9435500</LongitudeDegrees>
     </Position>
     <AltitudeMeters>482.34000000000003</AltitudeMeters>
     <DistanceMeters>113296.72345909629</DistanceMeters>
    </Trackpoint>
    <Trackpoint>
     <Time>2026-07-19T04:38:53+00:00</Time>
     <Position>
      <LatitudeDegrees>-33.4832600</LatitudeDegrees>
      <LongitudeDegrees>-70.9434200</LongitudeDegrees>
     </Position>
     <AltitudeMeters>483.55</AltitudeMeters>
     <DistanceMeters>113320.11045191216</DistanceMeters>
    </Trackpoint>
    <Trackpoint>
     <Time>2026-07-19T04:39:00+00:00</Time>
     <Position>
      <LatitudeDegrees>-33.4833500</LatitudeDegrees>
      <LongitudeDegrees>-70.9432700</LongitudeDegrees>
     </Position>
     <AltitudeMeters>485.40000000000003</AltitudeMeters>
     <DistanceMeters>113337.26290331646</DistanceMeters>
    </Trackpoint>
    <Trackpoint>
     <Time>2026-07-19T04:39:06+00:00</Time>
     <Position>
      <LatitudeDegrees>-33.4833900</LatitudeDegrees>
      <LongitudeDegrees>-70.9431100</LongitudeDegrees>
     </Position>
     <AltitudeMeters>487.05</AltitudeMeters>
     <DistanceMeters>113352.76787238395</DistanceMeters>
    </Trackpoint>
    <Trackpoint>
     <Time>2026-07-19T04:39:12+00:00</Time>
     <Position>
      <LatitudeDegrees>-33.4834100</LatitudeDegrees>
      <LongitudeDegrees>-70.9428700</LongitudeDegrees>
     </Position>
     <AltitudeMeters>488.00000000000006</AltitudeMeters>
     <DistanceMeters>113375.15696065829</DistanceMeters>
    </Trackpoint>
    <Trackpoint>
     <Time>2026-07-19T04:39:18+00:00</Time>
     <Position>
      <LatitudeDegrees>-33.4833700</LatitudeDegrees>
      <LongitudeDegrees>-70.9427300</LongitudeDegrees>
     </Position>
     <AltitudeMeters>490.52000000000004</AltitudeMeters>
     <DistanceMeters>113388.89392931688</DistanceMeters>
    </Trackpoint>
    <Trackpoint>
     <Time>2026-07-19T04:39:24+00:00</Time>
     <Position>
      <LatitudeDegrees>-33.4833000</LatitudeDegrees>
      <LongitudeDegrees>-70.9426900</LongitudeDegrees>
     </Position>
     <AltitudeMeters>490.95000000000005</AltitudeMeters>
     <DistanceMeters>113397.52419935439</DistanceMeters>
    </Trackpoint>
    <Trackpoint>
     <Time>2026-07-19T04:39:31+00:00</Time>
     <Position>
      <LatitudeDegrees>-33.4832800</LatitudeDegrees>
      <LongitudeDegrees>-70.9427300</LongitudeDegrees>
     </Position>
     <AltitudeMeters>491.33000000000004</AltitudeMeters>
     <DistanceMeters>113401.85332144362</DistanceMeters>
    </Trackpoint>
    <Trackpoint>
     <Time>2026-07-19T04:39:37+00:00</Time>
     <Position>
      <LatitudeDegrees>-33.4832600</LatitudeDegrees>
      <LongitudeDegrees>-70.9429600</LongitudeDegrees>
     </Position>
     <AltitudeMeters>492.94000000000005</AltitudeMeters>
     <DistanceMeters>113423.3189821002</DistanceMeters>
    </Trackpoint>
    <Trackpoint>
     <Time>2026-07-19T04:39:43+00:00</Time>
     <Position>
      <LatitudeDegrees>-33.4832400</LatitudeDegrees>
      <LongitudeDegrees>-70.9430100</LongitudeDegrees>
     </Position>
     <AltitudeMeters>492.94000000000005</AltitudeMeters>
     <DistanceMeters>113428.46643625235</DistanceMeters>
    </Trackpoint>
    <Trackpoint>
     <Time>2026-07-19T04:39:49+00:00</Time>
     <Position>
      <LatitudeDegrees>-33.4831900</LatitudeDegrees>
      <LongitudeDegrees>-70.9430600</LongitudeDegrees>
     </Position>
     <AltitudeMeters>493.46000000000004</AltitudeMeters>
     <DistanceMeters>113435.71270639703</DistanceMeters>
    </Trackpoint>
    <Trackpoint>
     <Time>2026-07-19T04:39:55+00:00</Time>
     <Position>
      <LatitudeDegrees>-33.4830100</LatitudeDegrees>
      <LongitudeDegrees>-70.9431000</LongitudeDegrees>
     </Position>
     <AltitudeMeters>494.33000000000004</AltitudeMeters>
     <DistanceMeters>113456.08711836222</DistanceMeters>
    </Trackpoint>
    <Trackpoint>
     <Time>2026-07-19T04:40:02+00:00</Time>
     <Position>
      <LatitudeDegrees>-33.4827400</LatitudeDegrees>
      <LongitudeDegrees>-70.9430200</LongitudeDegrees>
     </Position>
     <AltitudeMeters>496.43</AltitudeMeters>
     <DistanceMeters>113487.04094600491</DistanceMeters>
    </Trackpoint>
    <Trackpoint>
     <Time>2026-07-19T04:40:08+00:00</Time>
     <Position>
      <LatitudeDegrees>-33.4825900</LatitudeDegrees>
      <LongitudeDegrees>-70.9429200</LongitudeDegrees>
     </Position>
     <AltitudeMeters>497.66</AltitudeMeters>
     <DistanceMeters>113506.14248839136</DistanceMeters>
    </Trackpoint>
    <Trackpoint>
     <Time>2026-07-19T04:40:14+00:00</Time>
     <Position>
      <LatitudeDegrees>-33.4823000</LatitudeDegrees>
      <LongitudeDegrees>-70.9426500</LongitudeDegrees>
     </Position>
     <AltitudeMeters>502.0800000000001</AltitudeMeters>
     <DistanceMeters>113547.00675606477</DistanceMeters>
    </Trackpoint>
    <Trackpoint>
     <Time>2026-07-19T04:40:20+00:00</Time>
     <Position>
      <LatitudeDegrees>-33.4819200</LatitudeDegrees>
      <LongitudeDegrees>-70.9424300</LongitudeDegrees>
     </Position>
     <AltitudeMeters>506.05</AltitudeMeters>
     <DistanceMeters>113593.97163419513</DistanceMeters>
    </Trackpoint>
    <Trackpoint>
     <Time>2026-07-19T04:40:26+00:00</Time>
     <Position>
      <LatitudeDegrees>-33.4818300</LatitudeDegrees>
      <LongitudeDegrees>-70.9423400</LongitudeDegrees>
     </Position>
     <AltitudeMeters>506.05</AltitudeMeters>
     <DistanceMeters>113607.01500323396</DistanceMeters>
    </Trackpoint>
    <Trackpoint>
     <Time>2026-07-19T04:40:32+00:00</Time>
     <Position>
      <LatitudeDegrees>-33.4817100</LatitudeDegrees>
      <LongitudeDegrees>-70.9422000</LongitudeDegrees>
     </Position>
     <AltitudeMeters>509.75</AltitudeMeters>
     <DistanceMeters>113625.64993674186</DistanceMeters>
    </Trackpoint>
    <Trackpoint>
     <Time>2026-07-19T04:40:39+00:00</Time>
     <Position>
      <LatitudeDegrees>-33.4815100</LatitudeDegrees>
      <LongitudeDegrees>-70.9420200</LongitudeDegrees>
     </Position>
     <AltitudeMeters>511.16</AltitudeMeters>
     <DistanceMeters>113653.48262878734</DistanceMeters>
    </Trackpoint>
    <Trackpoint>
     <Time>2026-07-19T04:40:45+00:00</Time>
     <Position>
      <LatitudeDegrees>-33.4815300</LatitudeDegrees>
      <LongitudeDegrees>-70.9419700</LongitudeDegrees>
     </Position>
     <AltitudeMeters>512.0400000000001</AltitudeMeters>
     <DistanceMeters>113658.63016651913</DistanceMeters>
    </Trackpoint>
    <Trackpoint>
     <Time>2026-07-19T04:40:51+00:00</Time>
     <Position>
      <LatitudeDegrees>-33.4816200</LatitudeDegrees>
      <LongitudeDegrees>-70.9419800</LongitudeDegrees>
     </Position>
     <AltitudeMeters>512.7700000000001</AltitudeMeters>
     <DistanceMeters>113668.68969911087</DistanceMeters>
    </Trackpoint>
    <Trackpoint>
     <Time>2026-07-19T04:40:57+00:00</Time>
     <Position>
      <LatitudeDegrees>-33.4818700</LatitudeDegrees>
      <LongitudeDegrees>-70.9421100</LongitudeDegrees>
     </Position>
     <AltitudeMeters>514.6500000000001</AltitudeMeters>
     <DistanceMeters>113699.01785014114</DistanceMeters>
    </Trackpoint>
    <Trackpoint>
     <Time>2026-07-19T04:41:03+00:00</Time>
     <Position>
      <LatitudeDegrees>-33.4820000</LatitudeDegrees>
      <LongitudeDegrees>-70.9421600</LongitudeDegrees>
     </Position>
     <AltitudeMeters>515.22</AltitudeMeters>
     <DistanceMeters>113714.21251876619</DistanceMeters>
    </Trackpoint>
    <Trackpoint>
     <Time>2026-07-19T04:41:10+00:00</Time>
     <Position>
      <LatitudeDegrees>-33.4821800</LatitudeDegrees>
      <LongitudeDegrees>-70.9421200</LongitudeDegrees>
     </Position>
     <AltitudeMeters>516.98</AltitudeMeters>
     <DistanceMeters>113734.58693862132</DistanceMeters>
    </Trackpoint>
    <Trackpoint>
     <Time>2026-07-19T04:41:16+00:00</Time>
     <Position>
      <LatitudeDegrees>-33.4823000</LatitudeDegrees>
      <LongitudeDegrees>-70.9420600</LongitudeDegrees>
     </Position>
     <AltitudeMeters>518.24</AltitudeMeters>
     <DistanceMeters>113749.05723592998</DistanceMeters>
    </Trackpoint>
    <Trackpoint>
     <Time>2026-07-19T04:41:22+00:00</Time>
     <Position>
      <LatitudeDegrees>-33.4824100</LatitudeDegrees>
      <LongitudeDegrees>-70.9419000</LongitudeDegrees>
     </Position>
     <AltitudeMeters>519.6</AltitudeMeters>
     <DistanceMeters>113768.30483012048</DistanceMeters>
    </Trackpoint>
    <Trackpoint>
     <Time>2026-07-19T04:41:28+00:00</Time>
     <Position>
      <LatitudeDegrees>-33.4824700</LatitudeDegrees>
      <LongitudeDegrees>-70.9417900</LongitudeDegrees>
     </Position>
     <AltitudeMeters>519.6</AltitudeMeters>
     <DistanceMeters>113780.50546459176</DistanceMeters>
    </Trackpoint>
    <Trackpoint>
     <Time>2026-07-19T04:41:34+00:00</Time>
     <Position>
      <LatitudeDegrees>-33.4825600</LatitudeDegrees>
      <LongitudeDegrees>-70.9414900</LongitudeDegrees>
     </Position>
     <AltitudeMeters>523.39</AltitudeMeters>
     <DistanceMeters>113810.1001094726</DistanceMeters>
    </Trackpoint>
    <Trackpoint>
     <Time>2026-07-19T04:41:41+00:00</Time>
     <Position>
      <LatitudeDegrees>-33.4825700</LatitudeDegrees>
      <LongitudeDegrees>-70.9414000</LongitudeDegrees>
     </Position>
     <AltitudeMeters>524.5200000000001</AltitudeMeters>
     <DistanceMeters>113818.52830844093</DistanceMeters>
    </Trackpoint>
    <Trackpoint>
     <Time>2026-07-19T04:41:47+00:00</Time>
     <Position>
      <LatitudeDegrees>-33.4826000</LatitudeDegrees>
      <LongitudeDegrees>-70.9414100</LongitudeDegrees>
     </Position>
     <AltitudeMeters>518.78</AltitudeMeters>
     <DistanceMeters>113821.99381452033</DistanceMeters>
    </Trackpoint>
    <Trackpoint>
     <Time>2026-07-19T04:41:53+00:00</Time>
     <Position>
      <LatitudeDegrees>-33.4826300</LatitudeDegrees>
      <LongitudeDegrees>-70.9411800</LongitudeDegrees>
     </Position>
     <AltitudeMeters>517.8000000000001</AltitudeMeters>
     <DistanceMeters>113843.60341528541</DistanceMeters>
    </Trackpoint>
    <Trackpoint>
     <Time>2026-07-19T04:41:59+00:00</Time>
     <Position>
      <LatitudeDegrees>-33.4818089</LatitudeDegrees>
      <LongitudeDegrees>-70.9407489</LongitudeDegrees>
     </Position>
     <AltitudeMeters>517.8000000000001</AltitudeMeters>
     <DistanceMeters>113943.36835318971</DistanceMeters>
    </Trackpoint>
    <Trackpoint>
     <Time>2026-07-19T04:42:05+00:00</Time>
     <Position>
      <LatitudeDegrees>-33.4809878</LatitudeDegrees>
      <LongitudeDegrees>-70.9403177</LongitudeDegrees>
     </Position>
     <AltitudeMeters>517.8000000000001</AltitudeMeters>
     <DistanceMeters>114043.13329109477</DistanceMeters>
    </Trackpoint>
    <Trackpoint>
     <Time>2026-07-19T04:42:12+00:00</Time>
     <Position>
      <LatitudeDegrees>-33.4801667</LatitudeDegrees>
      <LongitudeDegrees>-70.9398866</LongitudeDegrees>
     </Position>
     <AltitudeMeters>517.8000000000001</AltitudeMeters>
     <DistanceMeters>114142.89822900033</DistanceMeters>
    </Trackpoint>
    <Trackpoint>
     <Time>2026-07-19T04:42:18+00:00</Time>
     <Position>
      <LatitudeDegrees>-33.4793456</LatitudeDegrees>
      <LongitudeDegrees>-70.9394555</LongitudeDegrees>
     </Position>
     <AltitudeMeters>517.8000000000001</AltitudeMeters>
     <DistanceMeters>114242.66316690514</DistanceMeters>
    </Trackpoint>
    <Trackpoint>
     <Time>2026-07-19T04:42:24+00:00</Time>
     <Position>
      <LatitudeDegrees>-33.4785245</LatitudeDegrees>
      <LongitudeDegrees>-70.9390244</LongitudeDegrees>
     </Position>
     <AltitudeMeters>796.0</AltitudeMeters>
     <DistanceMeters>114342.42810481023</DistanceMeters>
    </Trackpoint>
    <Trackpoint>
     <Time>2026-07-19T04:42:30+00:00</Time>
     <Position>
      <LatitudeDegrees>-33.4777033</LatitudeDegrees>
      <LongitudeDegrees>-70.9385933</LongitudeDegrees>
     </Position>
     <AltitudeMeters>796.0</AltitudeMeters>
     <DistanceMeters>114442.19304271534</DistanceMeters>
    </Trackpoint>
    <Trackpoint>
     <Time>2026-07-19T04:42:36+00:00</Time>
     <Position>
      <LatitudeDegrees>-33.4768822</LatitudeDegrees>
      <LongitudeDegrees>-70.9381622</LongitudeDegrees>
     </Position>
     <AltitudeMeters>796.0</AltitudeMeters>
     <DistanceMeters>114541.95798062049</DistanceMeters>
    </Trackpoint>
    <Trackpoint>
     <Time>2026-07-19T04:42:43+00:00</Time>
     <Position>
      <LatitudeDegrees>-33.4760611</LatitudeDegrees>
      <LongitudeDegrees>-70.9377311</LongitudeDegrees>
     </Position>
     <AltitudeMeters>796.0</AltitudeMeters>
     <DistanceMeters>114641.72291852636</DistanceMeters>
    </Trackpoint>
    <Trackpoint>
     <Time>2026-07-19T04:42:49+00:00</Time>
     <Position>
      <LatitudeDegrees>-33.4752400</LatitudeDegrees>
      <LongitudeDegrees>-70.9373000</LongitudeDegrees>
     </Position>
     <AltitudeMeters>796.0</AltitudeMeters>
     <DistanceMeters>114741.48785572851</DistanceMeters>
    </Trackpoint>
    <Trackpoint>
     <Time>2026-07-19T04:42:55+00:00</Time>
     <Position>
      <LatitudeDegrees>-33.4752600</LatitudeDegrees>
      <LongitudeDegrees>-70.9373400</LongitudeDegrees>
     </Position>
     <AltitudeMeters>795.49</AltitudeMeters>
     <DistanceMeters>114745.81727338534</DistanceMeters>
    </Trackpoint>
    <Trackpoint>
     <Time>2026-07-19T04:43:01+00:00</Time>
     <Position>
      <LatitudeDegrees>-33.4751800</LatitudeDegrees>
      <LongitudeDegrees>-70.9373500</LongitudeDegrees>
     </Position>
     <AltitudeMeters>788.6200000000001</AltitudeMeters>
     <DistanceMeters>114754.76919409292</DistanceMeters>
    </Trackpoint>
    <Trackpoint>
     <Time>2026-07-19T04:43:07+00:00</Time>
     <Position>
      <LatitudeDegrees>-33.4751100</LatitudeDegrees>
      <LongitudeDegrees>-70.9369200</LongitudeDegrees>
     </Position>
     <AltitudeMeters>787.66</AltitudeMeters>
     <DistanceMeters>114795.44116625618</DistanceMeters>
    </Trackpoint>
    <Trackpoint>
     <Time>2026-07-19T04:43:14+00:00</Time>
     <Position>
      <LatitudeDegrees>-33.4750700</LatitudeDegrees>
      <LongitudeDegrees>-70.9367400</LongitudeDegrees>
     </Position>
     <AltitudeMeters>786.6200000000001</AltitudeMeters>
     <DistanceMeters>114812.73424020971</DistanceMeters>
    </Trackpoint>
    <Trackpoint>
     <Time>2026-07-19T04:43:20+00:00</Time>
     <Position>
      <LatitudeDegrees>-33.4748400</LatitudeDegrees>
      <LongitudeDegrees>-70.9363400</LongitudeDegrees>
     </Position>
     <AltitudeMeters>784.3100000000001</AltitudeMeters>
     <DistanceMeters>114857.83616820158</DistanceMeters>
    </Trackpoint>
    <Trackpoint>
     <Time>2026-07-19T04:43:26+00:00</Time>
     <Position>
      <LatitudeDegrees>-33.4746600</LatitudeDegrees>
      <LongitudeDegrees>-70.9360700</LongitudeDegrees>
     </Position>
     <AltitudeMeters>782.83</AltitudeMeters>
     <DistanceMeters>114889.92364426046</DistanceMeters>
    </Trackpoint>
    <Trackpoint>
     <Time>2026-07-19T04:43:32+00:00</Time>
     <Position>
      <LatitudeDegrees>-33.4745100</LatitudeDegrees>
      <LongitudeDegrees>-70.9357900</LongitudeDegrees>
     </Position>
     <AltitudeMeters>781.5200000000001</AltitudeMeters>
     <DistanceMeters>114920.81669992488</DistanceMeters>
    </Trackpoint>
    <Trackpoint>
     <Time>2026-07-19T04:43:38+00:00</Time>
     <Position>
      <LatitudeDegrees>-33.4744800</LatitudeDegrees>
      <LongitudeDegrees>-70.9356300</LongitudeDegrees>
     </Position>
     <AltitudeMeters>780.39</AltitudeMeters>
     <DistanceMeters>114936.04097512618</DistanceMeters>
    </Trackpoint>
    <Trackpoint>
     <Time>2026-07-19T04:43:45+00:00</Time>
     <Position>
      <LatitudeDegrees>-33.4744800</LatitudeDegrees>
      <LongitudeDegrees>-70.9354900</LongitudeDegrees>
     </Position>
     <AltitudeMeters>780.39</AltitudeMeters>
     <DistanceMeters>114949.03790880337</DistanceMeters>
    </Trackpoint>
    <Trackpoint>
     <Time>2026-07-19T04:43:51+00:00</Time>
     <Position>
      <LatitudeDegrees>-33.4746200</LatitudeDegrees>
      <LongitudeDegrees>-70.9350500</LongitudeDegrees>
     </Position>
     <AltitudeMeters>778.63</AltitudeMeters>
     <DistanceMeters>114992.75627921642</DistanceMeters>
    </Trackpoint>
    <Trackpoint>
     <Time>2026-07-19T04:43:57+00:00</Time>
     <Position>
      <LatitudeDegrees>-33.4746200</LatitudeDegrees>
      <LongitudeDegrees>-70.9349500</LongitudeDegrees>
     </Position>
     <AltitudeMeters>777.48</AltitudeMeters>
     <DistanceMeters>115002.03978827209</DistanceMeters>
    </Trackpoint>
    <Trackpoint>
     <Time>2026-07-19T04:44:03+00:00</Time>
     <Position>
      <LatitudeDegrees>-33.4745200</LatitudeDegrees>
      <LongitudeDegrees>-70.9347000</LongitudeDegrees>
     </Position>
     <AltitudeMeters>776.7400000000001</AltitudeMeters>
     <DistanceMeters>115027.77915562285</DistanceMeters>
    </Trackpoint>
    <Trackpoint>
     <Time>2026-07-19T04:44:09+00:00</Time>
     <Position>
      <LatitudeDegrees>-33.4744600</LatitudeDegrees>
      <LongitudeDegrees>-70.9344600</LongitudeDegrees>
     </Position>
     <AltitudeMeters>775.6</AltitudeMeters>
     <DistanceMeters>115051.03879671938</DistanceMeters>
    </Trackpoint>
    <Trackpoint>
     <Time>2026-07-19T04:44:16+00:00</Time>
     <Position>
      <LatitudeDegrees>-33.4744600</LatitudeDegrees>
      <LongitudeDegrees>-70.9341100</LongitudeDegrees>
     </Position>
     <AltitudeMeters>773.3700000000001</AltitudeMeters>
     <DistanceMeters>115083.53113841152</DistanceMeters>
    </Trackpoint>
    <Trackpoint>
     <Time>2026-07-19T04:44:22+00:00</Time>
     <Position>
      <LatitudeDegrees>-33.4743900</LatitudeDegrees>
      <LongitudeDegrees>-70.9339600</LongitudeDegrees>
     </Position>
     <AltitudeMeters>771.63</AltitudeMeters>
     <DistanceMeters>115099.48760440973</DistanceMeters>
    </Trackpoint>
    <Trackpoint>
     <Time>2026-07-19T04:44:28+00:00</Time>
     <Position>
      <LatitudeDegrees>-33.4743000</LatitudeDegrees>
      <LongitudeDegrees>-70.9338700</LongitudeDegrees>
     </Position>
     <AltitudeMeters>770.5500000000001</AltitudeMeters>
     <DistanceMeters>115112.53143857553</DistanceMeters>
    </Trackpoint>
    <Trackpoint>
     <Time>2026-07-19T04:44:34+00:00</Time>
     <Position>
      <LatitudeDegrees>-33.4742100</LatitudeDegrees>
      <LongitudeDegrees>-70.9338300</LongitudeDegrees>
     </Position>
     <AltitudeMeters>769.3700000000001</AltitudeMeters>
     <DistanceMeters>115123.21422761012</DistanceMeters>
    </Trackpoint>
    <Trackpoint>
     <Time>2026-07-19T04:44:40+00:00</Time>
     <Position>
      <LatitudeDegrees>-33.4738600</LatitudeDegrees>
      <LongitudeDegrees>-70.9337800</LongitudeDegrees>
     </Position>
     <AltitudeMeters>763.69</AltitudeMeters>
     <DistanceMeters>115162.44330341015</DistanceMeters>
    </Trackpoint>
    <Trackpoint>
     <Time>2026-07-19T04:44:47+00:00</Time>
     <Position>
      <LatitudeDegrees>-33.4737000</LatitudeDegrees>
      <LongitudeDegrees>-70.9337400</LongitudeDegrees>
     </Position>
     <AltitudeMeters>762.61</AltitudeMeters>
     <DistanceMeters>115180.63368211249</DistanceMeters>
    </Trackpoint>
    <Trackpoint>
     <Time>2026-07-19T04:44:53+00:00</Time>
     <Position>
      <LatitudeDegrees>-33.4729200</LatitudeDegrees>
      <LongitudeDegrees>-70.9333800</LongitudeDegrees>
     </Position>
     <AltitudeMeters>753.1600000000001</AltitudeMeters>
     <DistanceMeters>115273.65549638717</DistanceMeters>
    </Trackpoint>
    <Trackpoint>
     <Time>2026-07-19T04:44:59+00:00</Time>
     <Position>
      <LatitudeDegrees>-33.4726900</LatitudeDegrees>
      <LongitudeDegrees>-70.9332400</LongitudeDegrees>
     </Position>
     <AltitudeMeters>750.38</AltitudeMeters>
     <DistanceMeters>115302.36411427062</DistanceMeters>
    </Trackpoint>
    <Trackpoint>
     <Time>2026-07-19T04:45:05+00:00</Time>
     <Position>
      <LatitudeDegrees>-33.4724200</LatitudeDegrees>
      <LongitudeDegrees>-70.9330200</LongitudeDegrees>
     </Position>
     <AltitudeMeters>748.23</AltitudeMeters>
     <DistanceMeters>115338.69785489267</DistanceMeters>
    </Trackpoint>
    <Trackpoint>
     <Time>2026-07-19T04:45:11+00:00</Time>
     <Position>
      <LatitudeDegrees>-33.4721300</LatitudeDegrees>
      <LongitudeDegrees>-70.9329300</LongitudeDegrees>
     </Position>
     <AltitudeMeters>745.1500000000001</AltitudeMeters>
     <DistanceMeters>115372.03756534483</DistanceMeters>
    </Trackpoint>
    <Trackpoint>
     <Time>2026-07-19T04:45:18+00:00</Time>
     <Position>
      <LatitudeDegrees>-33.4716000</LatitudeDegrees>
      <LongitudeDegrees>-70.9329300</LongitudeDegrees>
     </Position>
     <AltitudeMeters>742.04</AltitudeMeters>
     <DistanceMeters>115431.02427544822</DistanceMeters>
    </Trackpoint>
    <Trackpoint>
     <Time>2026-07-19T04:45:24+00:00</Time>
     <Position>
      <LatitudeDegrees>-33.4715100</LatitudeDegrees>
      <LongitudeDegrees>-70.9328900</LongitudeDegrees>
     </Position>
     <AltitudeMeters>742.04</AltitudeMeters>
     <DistanceMeters>115441.70710470389</DistanceMeters>
    </Trackpoint>
    <Trackpoint>
     <Time>2026-07-19T04:45:30+00:00</Time>
     <Position>
      <LatitudeDegrees>-33.4713900</LatitudeDegrees>
      <LongitudeDegrees>-70.9328000</LongitudeDegrees>
     </Position>
     <AltitudeMeters>741.1700000000001</AltitudeMeters>
     <DistanceMeters>115457.4609189231</DistanceMeters>
    </Trackpoint>
    <Trackpoint>
     <Time>2026-07-19T04:45:36+00:00</Time>
     <Position>
      <LatitudeDegrees>-33.4713300</LatitudeDegrees>
      <LongitudeDegrees>-70.9326700</LongitudeDegrees>
     </Position>
     <AltitudeMeters>739.62</AltitudeMeters>
     <DistanceMeters>115471.25415510866</DistanceMeters>
    </Trackpoint>
    <Trackpoint>
     <Time>2026-07-19T04:45:42+00:00</Time>
     <Position>
      <LatitudeDegrees>-33.4713000</LatitudeDegrees>
      <LongitudeDegrees>-70.9326100</LongitudeDegrees>
     </Position>
     <AltitudeMeters>739.62</AltitudeMeters>
     <DistanceMeters>115477.74849855168</DistanceMeters>
    </Trackpoint>
    <Trackpoint>
     <Time>2026-07-19T04:45:49+00:00</Time>
     <Position>
      <LatitudeDegrees>-33.4713300</LatitudeDegrees>
      <LongitudeDegrees>-70.9324100</LongitudeDegrees>
     </Position>
     <AltitudeMeters>739.62</AltitudeMeters>
     <DistanceMeters>115496.61403630329</DistanceMeters>
    </Trackpoint>
    <Trackpoint>
     <Time>2026-07-19T04:45:55+00:00</Time>
     <Position>
      <LatitudeDegrees>-33.4713900</LatitudeDegrees>
      <LongitudeDegrees>-70.9322600</LongitudeDegrees>
     </Position>
     <AltitudeMeters>736.41</AltitudeMeters>
     <DistanceMeters>115512.05812185882</DistanceMeters>
    </Trackpoint>
    <Trackpoint>
     <Time>2026-07-19T04:46:01+00:00</Time>
     <Position>
      <LatitudeDegrees>-33.4716000</LatitudeDegrees>
      <LongitudeDegrees>-70.9319900</LongitudeDegrees>
     </Position>
     <AltitudeMeters>734.97</AltitudeMeters>
     <DistanceMeters>115546.3302394335</DistanceMeters>
    </Trackpoint>
    <Trackpoint>
     <Time>2026-07-19T04:46:07+00:00</Time>
     <Position>
      <LatitudeDegrees>-33.4718400</LatitudeDegrees>
      <LongitudeDegrees>-70.9317800</LongitudeDegrees>
     </Position>
     <AltitudeMeters>733.95</AltitudeMeters>
     <DistanceMeters>115579.39941543389</DistanceMeters>
    </Trackpoint>
    <Trackpoint>
     <Time>2026-07-19T04:46:13+00:00</Time>
     <Position>
      <LatitudeDegrees>-33.4719500</LatitudeDegrees>
      <LongitudeDegrees>-70.9317300</LongitudeDegrees>
     </Position>
     <AltitudeMeters>732.72</AltitudeMeters>
     <DistanceMeters>115592.49241555759</DistanceMeters>
    </Trackpoint>
    <Trackpoint>
     <Time>2026-07-19T04:46:19+00:00</Time>
     <Position>
      <LatitudeDegrees>-33.4722700</LatitudeDegrees>
      <LongitudeDegrees>-70.9316800</LongitudeDegrees>
     </Position>
     <AltitudeMeters>731.62</AltitudeMeters>
     <DistanceMeters>115628.40826313791</DistanceMeters>
    </Trackpoint>
    <Trackpoint>
     <Time>2026-07-19T04:46:26+00:00</Time>
     <Position>
      <LatitudeDegrees>-33.4723800</LatitudeDegrees>
      <LongitudeDegrees>-70.9315900</LongitudeDegrees>
     </Position>
     <AltitudeMeters>730.58</AltitudeMeters>
     <DistanceMeters>115643.23026629518</DistanceMeters>
    </Trackpoint>
    <Trackpoint>
     <Time>2026-07-19T04:46:32+00:00</Time>
     <Position>
      <LatitudeDegrees>-33.4724500</LatitudeDegrees>
      <LongitudeDegrees>-70.9314600</LongitudeDegrees>
     </Position>
     <AltitudeMeters>730.58</AltitudeMeters>
     <DistanceMeters>115657.59524330763</DistanceMeters>
    </Trackpoint>
    <Trackpoint>
     <Time>2026-07-19T04:46:38+00:00</Time>
     <Position>
      <LatitudeDegrees>-33.4726300</LatitudeDegrees>
      <LongitudeDegrees>-70.9309300</LongitudeDegrees>
     </Position>
     <AltitudeMeters>727.8000000000001</AltitudeMeters>
     <DistanceMeters>115710.72096091599</DistanceMeters>
    </Trackpoint>
    <Trackpoint>
     <Time>2026-07-19T04:46:44+00:00</Time>
     <Position>
      <LatitudeDegrees>-33.4726500</LatitudeDegrees>
      <LongitudeDegrees>-70.9308300</LongitudeDegrees>
     </Position>
     <AltitudeMeters>727.22</AltitudeMeters>
     <DistanceMeters>115720.26780177637</DistanceMeters>
    </Trackpoint>
    <Trackpoint>
     <Time>2026-07-19T04:46:50+00:00</Time>
     <Position>
      <LatitudeDegrees>-33.4726500</LatitudeDegrees>
      <LongitudeDegrees>-70.9306900</LongitudeDegrees>
     </Position>
     <AltitudeMeters>726.6100000000001</AltitudeMeters>
     <DistanceMeters>115733.265009939</DistanceMeters>
    </Trackpoint>
    <Trackpoint>
     <Time>2026-07-19T04:46:57+00:00</Time>
     <Position>
      <LatitudeDegrees>-33.4724200</LatitudeDegrees>
      <LongitudeDegrees>-70.9302100</LongitudeDegrees>
     </Position>
     <AltitudeMeters>725.01</AltitudeMeters>
     <DistanceMeters>115784.6558871063</DistanceMeters>
    </Trackpoint>
    <Trackpoint>
     <Time>2026-07-19T04:47:03+00:00</Time>
     <Position>
      <LatitudeDegrees>-33.4723100</LatitudeDegrees>
      <LongitudeDegrees>-70.9300700</LongitudeDegrees>
     </Position>
     <AltitudeMeters>721.1</AltitudeMeters>
     <DistanceMeters>115802.51108083829</DistanceMeters>
    </Trackpoint>
    <Trackpoint>
     <Time>2026-07-19T04:47:09+00:00</Time>
     <Position>
      <LatitudeDegrees>-33.4721800</LatitudeDegrees>
      <LongitudeDegrees>-70.9299800</LongitudeDegrees>
     </Position>
     <AltitudeMeters>721.1</AltitudeMeters>
     <DistanceMeters>115819.21880965315</DistanceMeters>
    </Trackpoint>
    <Trackpoint>
     <Time>2026-07-19T04:47:15+00:00</Time>
     <Position>
      <LatitudeDegrees>-33.4719500</LatitudeDegrees>
      <LongitudeDegrees>-70.9298500</LongitudeDegrees>
     </Position>
     <AltitudeMeters>719.22</AltitudeMeters>
     <DistanceMeters>115847.51928134149</DistanceMeters>
    </Trackpoint>
    <Trackpoint>
     <Time>2026-07-19T04:47:21+00:00</Time>
     <Position>
      <LatitudeDegrees>-33.4718200</LatitudeDegrees>
      <LongitudeDegrees>-70.9298100</LongitudeDegrees>
     </Position>
     <AltitudeMeters>718.33</AltitudeMeters>
     <DistanceMeters>115862.45668220572</DistanceMeters>
    </Trackpoint>
    <Trackpoint>
     <Time>2026-07-19T04:47:28+00:00</Time>
     <Position>
      <LatitudeDegrees>-33.4713700</LatitudeDegrees>
      <LongitudeDegrees>-70.9297150</LongitudeDegrees>
     </Position>
     <AltitudeMeters>716.0200000000001</AltitudeMeters>
     <DistanceMeters>115913.31040138329</DistanceMeters>
    </Trackpoint>
    <Trackpoint>
     <Time>2026-07-19T04:47:34+00:00</Time>
     <Position>
      <LatitudeDegrees>-33.4709200</LatitudeDegrees>
      <LongitudeDegrees>-70.9296200</LongitudeDegrees>
     </Position>
     <AltitudeMeters>711.04</AltitudeMeters>
     <DistanceMeters>115964.16408514122</DistanceMeters>
    </Trackpoint>
    <Trackpoint>
     <Time>2026-07-19T04:47:40+00:00</Time>
     <Position>
      <LatitudeDegrees>-33.4703000</LatitudeDegrees>
      <LongitudeDegrees>-70.9294000</LongitudeDegrees>
     </Position>
     <AltitudeMeters>708.6300000000001</AltitudeMeters>
     <DistanceMeters>116036.12675106627</DistanceMeters>
    </Trackpoint>
    <Trackpoint>
     <Time>2026-07-19T04:47:46+00:00</Time>
     <Position>
      <LatitudeDegrees>-33.4702500</LatitudeDegrees>
      <LongitudeDegrees>-70.9293500</LongitudeDegrees>
     </Position>
     <AltitudeMeters>708.1</AltitudeMeters>
     <DistanceMeters>116043.37346525567</DistanceMeters>
    </Trackpoint>
    <Trackpoint>
     <Time>2026-07-19T04:47:52+00:00</Time>
     <Position>
      <LatitudeDegrees>-33.4702100</LatitudeDegrees>
      <LongitudeDegrees>-70.9292600</LongitudeDegrees>
     </Position>
     <AltitudeMeters>707.1800000000001</AltitudeMeters>
     <DistanceMeters>116052.84101543442</DistanceMeters>
    </Trackpoint>
    <Trackpoint>
     <Time>2026-07-19T04:47:59+00:00</Time>
     <Position>
      <LatitudeDegrees>-33.4701900</LatitudeDegrees>
      <LongitudeDegrees>-70.9291300</LongitudeDegrees>
     </Position>
     <AltitudeMeters>707.1800000000001</AltitudeMeters>
     <DistanceMeters>116065.1137385879</DistanceMeters>
    </Trackpoint>
    <Trackpoint>
     <Time>2026-07-19T04:48:05+00:00</Time>
     <Position>
      <LatitudeDegrees>-33.4703000</LatitudeDegrees>
      <LongitudeDegrees>-70.9288200</LongitudeDegrees>
     </Position>
     <AltitudeMeters>704.2700000000001</AltitudeMeters>
     <DistanceMeters>116096.38971769676</DistanceMeters>
    </Trackpoint>
    <Trackpoint>
     <Time>2026-07-19T04:48:11+00:00</Time>
     <Position>
      <LatitudeDegrees>-33.4703900</LatitudeDegrees>
      <LongitudeDegrees>-70.9285900</LongitudeDegrees>
     </Position>
     <AltitudeMeters>703.6800000000001</AltitudeMeters>
     <DistanceMeters>116119.97548487216</DistanceMeters>
    </Trackpoint>
    <Trackpoint>
     <Time>2026-07-19T04:48:17+00:00</Time>
     <Position>
      <LatitudeDegrees>-33.4706600</LatitudeDegrees>
      <LongitudeDegrees>-70.9281900</LongitudeDegrees>
     </Position>
     <AltitudeMeters>700.38</AltitudeMeters>
     <DistanceMeters>116167.74639097882</DistanceMeters>
    </Trackpoint>
    <Trackpoint>
     <Time>2026-07-19T04:48:23+00:00</Time>
     <Position>
      <LatitudeDegrees>-33.4706600</LatitudeDegrees>
      <LongitudeDegrees>-70.9281000</LongitudeDegrees>
     </Position>
     <AltitudeMeters>700.38</AltitudeMeters>
     <DistanceMeters>116176.10193095806</DistanceMeters>
    </Trackpoint>
    <Trackpoint>
     <Time>2026-07-19T04:48:30+00:00</Time>
     <Position>
      <LatitudeDegrees>-33.4706300</LatitudeDegrees>
      <LongitudeDegrees>-70.9280800</LongitudeDegrees>
     </Position>
     <AltitudeMeters>699.82</AltitudeMeters>
     <DistanceMeters>116179.9223646163</DistanceMeters>
    </Trackpoint>
    <Trackpoint>
     <Time>2026-07-19T04:48:36+00:00</Time>
     <Position>
      <LatitudeDegrees>-33.4706100</LatitudeDegrees>
      <LongitudeDegrees>-70.9280700</LongitudeDegrees>
     </Position>
     <AltitudeMeters>699.82</AltitudeMeters>
     <DistanceMeters>116179.9223646163</DistanceMeters>
    </Trackpoint>
    <Trackpoint>
     <Time>2026-07-19T04:48:42+00:00</Time>
     <Position>
      <LatitudeDegrees>-33.4705400</LatitudeDegrees>
      <LongitudeDegrees>-70.9281000</LongitudeDegrees>
     </Position>
     <AltitudeMeters>699.82</AltitudeMeters>
     <DistanceMeters>116188.19594976996</DistanceMeters>
    </Trackpoint>
    <Trackpoint>
     <Time>2026-07-19T04:48:48+00:00</Time>
     <Position>
      <LatitudeDegrees>-33.4701000</LatitudeDegrees>
      <LongitudeDegrees>-70.9287300</LongitudeDegrees>
     </Position>
     <AltitudeMeters>695.2</AltitudeMeters>
     <DistanceMeters>116264.47854806966</DistanceMeters>
    </Trackpoint>
    <Trackpoint>
     <Time>2026-07-19T04:48:54+00:00</Time>
     <Position>
      <LatitudeDegrees>-33.4698700</LatitudeDegrees>
      <LongitudeDegrees>-70.9289400</LongitudeDegrees>
     </Position>
     <AltitudeMeters>692.8000000000001</AltitudeMeters>
     <DistanceMeters>116296.65568278414</DistanceMeters>
    </Trackpoint>
    <Trackpoint>
     <Time>2026-07-19T04:49:01+00:00</Time>
     <Position>
      <LatitudeDegrees>-33.4695400</LatitudeDegrees>
      <LongitudeDegrees>-70.9291300</LongitudeDegrees>
     </Position>
     <AltitudeMeters>690.5400000000001</AltitudeMeters>
     <DistanceMeters>116337.39967109326</DistanceMeters>
    </Trackpoint>
    <Trackpoint>
     <Time>2026-07-19T04:49:07+00:00</Time>
     <Position>
      <LatitudeDegrees>-33.4694500</LatitudeDegrees>
      <LongitudeDegrees>-70.9292200</LongitudeDegrees>
     </Position>
     <AltitudeMeters>688.96</AltitudeMeters>
     <DistanceMeters>116350.44380480649</DistanceMeters>
    </Trackpoint>
    <Trackpoint>
     <Time>2026-07-19T04:49:13+00:00</Time>
     <Position>
      <LatitudeDegrees>-33.4693800</LatitudeDegrees>
      <LongitudeDegrees>-70.9293100</LongitudeDegrees>
     </Position>
     <AltitudeMeters>688.96</AltitudeMeters>
     <DistanceMeters>116361.86799067624</DistanceMeters>
    </Trackpoint>
    <Trackpoint>
     <Time>2026-07-19T04:49:19+00:00</Time>
     <Position>
      <LatitudeDegrees>-33.4693800</LatitudeDegrees>
      <LongitudeDegrees>-70.9294500</LongitudeDegrees>
     </Position>
     <AltitudeMeters>686.6800000000001</AltitudeMeters>
     <DistanceMeters>116374.86568928354</DistanceMeters>
    </Trackpoint>
    <Trackpoint>
     <Time>2026-07-19T04:49:25+00:00</Time>
     <Position>
      <LatitudeDegrees>-33.4694200</LatitudeDegrees>
      <LongitudeDegrees>-70.9295400</LongitudeDegrees>
     </Position>
     <AltitudeMeters>686.6800000000001</AltitudeMeters>
     <DistanceMeters>116384.33331008743</DistanceMeters>
    </Trackpoint>
    <Trackpoint>
     <Time>2026-07-19T04:49:32+00:00</Time>
     <Position>
      <LatitudeDegrees>-33.4695100</LatitudeDegrees>
      <LongitudeDegrees>-70.9296200</LongitudeDegrees>
     </Position>
     <AltitudeMeters>686.6800000000001</AltitudeMeters>
     <DistanceMeters>116396.80313476762</DistanceMeters>
    </Trackpoint>
    <Trackpoint>
     <Time>2026-07-19T04:49:38+00:00</Time>
     <Position>
      <LatitudeDegrees>-33.4700300</LatitudeDegrees>
      <LongitudeDegrees>-70.9298000</LongitudeDegrees>
     </Position>
     <AltitudeMeters>681.21</AltitudeMeters>
     <DistanceMeters>116457.04130581736</DistanceMeters>
    </Trackpoint>
    <Trackpoint>
     <Time>2026-07-19T04:49:44+00:00</Time>
     <Position>
      <LatitudeDegrees>-33.4707000</LatitudeDegrees>
      <LongitudeDegrees>-70.9301600</LongitudeDegrees>
     </Position>
     <AltitudeMeters>676.59</AltitudeMeters>
     <DistanceMeters>116538.75697564492</DistanceMeters>
    </Trackpoint>
    <Trackpoint>
     <Time>2026-07-19T04:49:50+00:00</Time>
     <Position>
      <LatitudeDegrees>-33.4712800</LatitudeDegrees>
      <LongitudeDegrees>-70.9303900</LongitudeDegrees>
     </Position>
     <AltitudeMeters>674.1</AltitudeMeters>
     <DistanceMeters>116606.7484788978</DistanceMeters>
    </Trackpoint>
    <Trackpoint>
     <Time>2026-07-19T04:49:56+00:00</Time>
     <Position>
      <LatitudeDegrees>-33.4715300</LatitudeDegrees>
      <LongitudeDegrees>-70.9305200</LongitudeDegrees>
     </Position>
     <AltitudeMeters>673.6500000000001</AltitudeMeters>
     <DistanceMeters>116637.07720303594</DistanceMeters>
    </Trackpoint>
    <Trackpoint>
     <Time>2026-07-19T04:50:03+00:00</Time>
     <Position>
      <LatitudeDegrees>-33.4715700</LatitudeDegrees>
      <LongitudeDegrees>-70.9305700</LongitudeDegrees>
     </Position>
     <AltitudeMeters>673.35</AltitudeMeters>
     <DistanceMeters>116643.50885733747</DistanceMeters>
    </Trackpoint>
    <Trackpoint>
     <Time>2026-07-19T04:50:09+00:00</Time>
     <Position>
      <LatitudeDegrees>-33.4716000</LatitudeDegrees>
      <LongitudeDegrees>-70.9306600</LongitudeDegrees>
     </Position>
     <AltitudeMeters>673.22</AltitudeMeters>
     <DistanceMeters>116652.50672449528</DistanceMeters>
    </Trackpoint>
    <Trackpoint>
     <Time>2026-07-19T04:50:15+00:00</Time>
     <Position>
      <LatitudeDegrees>-33.4716000</LatitudeDegrees>
      <LongitudeDegrees>-70.9307800</LongitudeDegrees>
     </Position>
     <AltitudeMeters>672.88</AltitudeMeters>
     <DistanceMeters>116663.64732362493</DistanceMeters>
    </Trackpoint>
    <Trackpoint>
     <Time>2026-07-19T04:50:21+00:00</Time>
     <Position>
      <LatitudeDegrees>-33.4715700</LatitudeDegrees>
      <LongitudeDegrees>-70.9308400</LongitudeDegrees>
     </Position>
     <AltitudeMeters>672.6800000000001</AltitudeMeters>
     <DistanceMeters>116670.14165218196</DistanceMeters>
    </Trackpoint>
    <Trackpoint>
     <Time>2026-07-19T04:50:27+00:00</Time>
     <Position>
      <LatitudeDegrees>-33.4714600</LatitudeDegrees>
      <LongitudeDegrees>-70.9309300</LongitudeDegrees>
     </Position>
     <AltitudeMeters>671.64</AltitudeMeters>
     <DistanceMeters>116684.96369936546</DistanceMeters>
    </Trackpoint>
    <Trackpoint>
     <Time>2026-07-19T04:50:34+00:00</Time>
     <Position>
      <LatitudeDegrees>-33.4709500</LatitudeDegrees>
      <LongitudeDegrees>-70.9311900</LongitudeDegrees>
     </Position>
     <AltitudeMeters>667.9600000000002</AltitudeMeters>
     <DistanceMeters>116746.64379888034</DistanceMeters>
    </Trackpoint>
    <Trackpoint>
     <Time>2026-07-19T04:50:40+00:00</Time>
     <Position>
      <LatitudeDegrees>-33.4702700</LatitudeDegrees>
      <LongitudeDegrees>-70.9316300</LongitudeDegrees>
     </Position>
     <AltitudeMeters>662.4300000000001</AltitudeMeters>
     <DistanceMeters>116832.64549026449</DistanceMeters>
    </Trackpoint>
    <Trackpoint>
     <Time>2026-07-19T04:50:46+00:00</Time>
     <Position>
      <LatitudeDegrees>-33.4695100</LatitudeDegrees>
      <LongitudeDegrees>-70.9319500</LongitudeDegrees>
     </Position>
     <AltitudeMeters>657.2600000000001</AltitudeMeters>
     <DistanceMeters>116922.29586698204</DistanceMeters>
    </Trackpoint>
    <Trackpoint>
     <Time>2026-07-19T04:50:52+00:00</Time>
     <Position>
      <LatitudeDegrees>-33.4690400</LatitudeDegrees>
      <LongitudeDegrees>-70.9322700</LongitudeDegrees>
     </Position>
     <AltitudeMeters>651.82</AltitudeMeters>
     <DistanceMeters>116982.45280009307</DistanceMeters>
    </Trackpoint>
    <Trackpoint>
     <Time>2026-07-19T04:50:58+00:00</Time>
     <Position>
      <LatitudeDegrees>-33.4685700</LatitudeDegrees>
      <LongitudeDegrees>-70.9324900</LongitudeDegrees>
     </Position>
     <AltitudeMeters>650.15</AltitudeMeters>
     <DistanceMeters>117038.6080544662</DistanceMeters>
    </Trackpoint>
    <Trackpoint>
     <Time>2026-07-19T04:51:05+00:00</Time>
     <Position>
      <LatitudeDegrees>-33.4680400</LatitudeDegrees>
      <LongitudeDegrees>-70.9326300</LongitudeDegrees>
     </Position>
     <AltitudeMeters>645.8000000000001</AltitudeMeters>
     <DistanceMeters>117099.00984524234</DistanceMeters>
    </Trackpoint>
    <Trackpoint>
     <Time>2026-07-19T04:51:11+00:00</Time>
     <Position>
      <LatitudeDegrees>-33.4679000</LatitudeDegrees>
      <LongitudeDegrees>-70.9327100</LongitudeDegrees>
     </Position>
     <AltitudeMeters>645.2800000000001</AltitudeMeters>
     <DistanceMeters>117116.27095197843</DistanceMeters>
    </Trackpoint>
    <Trackpoint>
     <Time>2026-07-19T04:51:17+00:00</Time>
     <Position>
      <LatitudeDegrees>-33.4676600</LatitudeDegrees>
      <LongitudeDegrees>-70.9328800</LongitudeDegrees>
     </Position>
     <AltitudeMeters>643.6200000000001</AltitudeMeters>
     <DistanceMeters>117147.29651081262</DistanceMeters>
    </Trackpoint>
    <Trackpoint>
     <Time>2026-07-19T04:51:23+00:00</Time>
     <Position>
      <LatitudeDegrees>-33.4675700</LatitudeDegrees>
      <LongitudeDegrees>-70.9328400</LongitudeDegrees>
     </Position>
     <AltitudeMeters>643.08</AltitudeMeters>
     <DistanceMeters>117157.97939875857</DistanceMeters>
    </Trackpoint>
    <Trackpoint>
     <Time>2026-07-19T04:51:29+00:00</Time>
     <Position>
      <LatitudeDegrees>-33.4675400</LatitudeDegrees>
      <LongitudeDegrees>-70.9328000</LongitudeDegrees>
     </Position>
     <AltitudeMeters>642.78</AltitudeMeters>
     <DistanceMeters>117162.97336216102</DistanceMeters>
    </Trackpoint>
    <Trackpoint>
     <Time>2026-07-19T04:51:35+00:00</Time>
     <Position>
      <LatitudeDegrees>-33.4675400</LatitudeDegrees>
      <LongitudeDegrees>-70.9327100</LongitudeDegrees>
     </Position>
     <AltitudeMeters>642.11</AltitudeMeters>
     <DistanceMeters>117171.32920294745</DistanceMeters>
    </Trackpoint>
    <Trackpoint>
     <Time>2026-07-19T04:51:42+00:00</Time>
     <Position>
      <LatitudeDegrees>-33.4675700</LatitudeDegrees>
      <LongitudeDegrees>-70.9326700</LongitudeDegrees>
     </Position>
     <AltitudeMeters>642.11</AltitudeMeters>
     <DistanceMeters>117176.3231663499</DistanceMeters>
    </Trackpoint>
    <Trackpoint>
     <Time>2026-07-19T04:51:48+00:00</Time>
     <Position>
      <LatitudeDegrees>-33.4680700</LatitudeDegrees>
      <LongitudeDegrees>-70.9324200</LongitudeDegrees>
     </Position>
     <AltitudeMeters>638.9200000000001</AltitudeMeters>
     <DistanceMeters>117236.61756210825</DistanceMeters>
    </Trackpoint>
    <Trackpoint>
     <Time>2026-07-19T04:51:54+00:00</Time>
     <Position>
      <LatitudeDegrees>-33.4685700</LatitudeDegrees>
      <LongitudeDegrees>-70.9321700</LongitudeDegrees>
     </Position>
     <AltitudeMeters>633.78</AltitudeMeters>
     <DistanceMeters>117296.91189924315</DistanceMeters>
    </Trackpoint>
    <Trackpoint>
     <Time>2026-07-19T04:52:00+00:00</Time>
     <Position>
      <LatitudeDegrees>-33.4691200</LatitudeDegrees>
      <LongitudeDegrees>-70.9316850</LongitudeDegrees>
     </Position>
     <AltitudeMeters>630.0600000000001</AltitudeMeters>
     <DistanceMeters>117372.90198660162</DistanceMeters>
    </Trackpoint>
    <Trackpoint>
     <Time>2026-07-19T04:52:06+00:00</Time>
     <Position>
      <LatitudeDegrees>-33.4696700</LatitudeDegrees>
      <LongitudeDegrees>-70.9312000</LongitudeDegrees>
     </Position>
     <AltitudeMeters>624.3000000000001</AltitudeMeters>
     <DistanceMeters>117448.89209503532</DistanceMeters>
    </Trackpoint>
    <Trackpoint>
     <Time>2026-07-19T04:52:13+00:00</Time>
     <Position>
      <LatitudeDegrees>-33.4697400</LatitudeDegrees>
      <LongitudeDegrees>-70.9311000</LongitudeDegrees>
     </Position>
     <AltitudeMeters>623.5400000000001</AltitudeMeters>
     <DistanceMeters>117461.01184279843</DistanceMeters>
    </Trackpoint>
    <Trackpoint>
     <Time>2026-07-19T04:52:19+00:00</Time>
     <Position>
      <LatitudeDegrees>-33.4697400</LatitudeDegrees>
      <LongitudeDegrees>-70.9309600</LongitudeDegrees>
     </Position>
     <AltitudeMeters>622.3000000000001</AltitudeMeters>
     <DistanceMeters>117474.00948741403</DistanceMeters>
    </Trackpoint>
    <Trackpoint>
     <Time>2026-07-19T04:52:25+00:00</Time>
     <Position>
      <LatitudeDegrees>-33.4697200</LatitudeDegrees>
      <LongitudeDegrees>-70.9308700</LongitudeDegrees>
     </Position>
     <AltitudeMeters>620.56</AltitudeMeters>
     <DistanceMeters>117482.65652378944</DistanceMeters>
    </Trackpoint>
    <Trackpoint>
     <Time>2026-07-19T04:52:31+00:00</Time>
     <Position>
      <LatitudeDegrees>-33.4696300</LatitudeDegrees>
      <LongitudeDegrees>-70.9307900</LongitudeDegrees>
     </Position>
     <AltitudeMeters>620.56</AltitudeMeters>
     <DistanceMeters>117495.12633775015</DistanceMeters>
    </Trackpoint>
    <Trackpoint>
     <Time>2026-07-19T04:52:37+00:00</Time>
     <Position>
      <LatitudeDegrees>-33.4695400</LatitudeDegrees>
      <LongitudeDegrees>-70.9307800</LongitudeDegrees>
     </Position>
     <AltitudeMeters>619.71</AltitudeMeters>
     <DistanceMeters>117505.18588219721</DistanceMeters>
    </Trackpoint>
    <Trackpoint>
     <Time>2026-07-19T04:52:44+00:00</Time>
     <Position>
      <LatitudeDegrees>-33.4688400</LatitudeDegrees>
      <LongitudeDegrees>-70.9308300</LongitudeDegrees>
     </Position>
     <AltitudeMeters>613.7900000000001</AltitudeMeters>
     <DistanceMeters>117583.23103216784</DistanceMeters>
    </Trackpoint>
    <Trackpoint>
     <Time>2026-07-19T04:52:50+00:00</Time>
     <Position>
      <LatitudeDegrees>-33.4682200</LatitudeDegrees>
      <LongitudeDegrees>-70.9308300</LongitudeDegrees>
     </Position>
     <AltitudeMeters>609.4000000000001</AltitudeMeters>
     <DistanceMeters>117652.2343534209</DistanceMeters>
    </Trackpoint>
    <Trackpoint>
     <Time>2026-07-19T04:52:56+00:00</Time>
     <Position>
      <LatitudeDegrees>-33.4678600</LatitudeDegrees>
      <LongitudeDegrees>-70.9307000</LongitudeDegrees>
     </Position>
     <AltitudeMeters>606.6100000000001</AltitudeMeters>
     <DistanceMeters>117694.07921315503</DistanceMeters>
    </Trackpoint>
    <Trackpoint>
     <Time>2026-07-19T04:53:02+00:00</Time>
     <Position>
      <LatitudeDegrees>-33.4675200</LatitudeDegrees>
      <LongitudeDegrees>-70.9304700</LongitudeDegrees>
     </Position>
     <AltitudeMeters>603.6400000000001</AltitudeMeters>
     <DistanceMeters>117737.52906515134</DistanceMeters>
    </Trackpoint>
    <Trackpoint>
     <Time>2026-07-19T04:53:08+00:00</Time>
     <Position>
      <LatitudeDegrees>-33.4673900</LatitudeDegrees>
      <LongitudeDegrees>-70.9304300</LongitudeDegrees>
     </Position>
     <AltitudeMeters>602.99</AltitudeMeters>
     <DistanceMeters>117752.46651320912</DistanceMeters>
    </Trackpoint>
    <Trackpoint>
     <Time>2026-07-19T04:53:15+00:00</Time>
     <Position>
      <LatitudeDegrees>-33.4672500</LatitudeDegrees>
      <LongitudeDegrees>-70.9304700</LongitudeDegrees>
     </Position>
     <AltitudeMeters>602.09</AltitudeMeters>
     <DistanceMeters>117768.48436461814</DistanceMeters>
    </Trackpoint>
    <Trackpoint>
     <Time>2026-07-19T04:53:21+00:00</Time>
     <Position>
      <LatitudeDegrees>-33.4670300</LatitudeDegrees>
      <LongitudeDegrees>-70.9306100</LongitudeDegrees>
     </Position>
     <AltitudeMeters>600.6600000000001</AltitudeMeters>
     <DistanceMeters>117796.20559384579</DistanceMeters>
    </Trackpoint>
    <Trackpoint>
     <Time>2026-07-19T04:53:27+00:00</Time>
     <Position>
      <LatitudeDegrees>-33.4669200</LatitudeDegrees>
      <LongitudeDegrees>-70.9306500</LongitudeDegrees>
     </Position>
     <AltitudeMeters>600.6600000000001</AltitudeMeters>
     <DistanceMeters>117808.99899884929</DistanceMeters>
    </Trackpoint>
    <Trackpoint>
     <Time>2026-07-19T04:53:33+00:00</Time>
     <Position>
      <LatitudeDegrees>-33.4668300</LatitudeDegrees>
      <LongitudeDegrees>-70.9306600</LongitudeDegrees>
     </Position>
     <AltitudeMeters>598.25</AltitudeMeters>
     <DistanceMeters>117819.05854597576</DistanceMeters>
    </Trackpoint>
    <Trackpoint>
     <Time>2026-07-19T04:53:39+00:00</Time>
     <Position>
      <LatitudeDegrees>-33.4666900</LatitudeDegrees>
      <LongitudeDegrees>-70.9306500</LongitudeDegrees>
     </Position>
     <AltitudeMeters>598.25</AltitudeMeters>
     <DistanceMeters>117834.66757751835</DistanceMeters>
    </Trackpoint>
    <Trackpoint>
     <Time>2026-07-19T04:53:46+00:00</Time>
     <Position>
      <LatitudeDegrees>-33.4664500</LatitudeDegrees>
      <LongitudeDegrees>-70.9305300</LongitudeDegrees>
     </Position>
     <AltitudeMeters>595.16</AltitudeMeters>
     <DistanceMeters>117863.60894763826</DistanceMeters>
    </Trackpoint>
    <Trackpoint>
     <Time>2026-07-19T04:53:52+00:00</Time>
     <Position>
      <LatitudeDegrees>-33.4662200</LatitudeDegrees>
      <LongitudeDegrees>-70.9303800</LongitudeDegrees>
     </Position>
     <AltitudeMeters>594.5100000000001</AltitudeMeters>
     <DistanceMeters>117892.75012076818</DistanceMeters>
    </Trackpoint>
    <Trackpoint>
     <Time>2026-07-19T04:53:58+00:00</Time>
     <Position>
      <LatitudeDegrees>-33.4658900</LatitudeDegrees>
      <LongitudeDegrees>-70.9299800</LongitudeDegrees>
     </Position>
     <AltitudeMeters>592.14</AltitudeMeters>
     <DistanceMeters>117944.98156673516</DistanceMeters>
    </Trackpoint>
    <Trackpoint>
     <Time>2026-07-19T04:54:04+00:00</Time>
     <Position>
      <LatitudeDegrees>-33.4658000</LatitudeDegrees>
      <LongitudeDegrees>-70.9299300</LongitudeDegrees>
     </Position>
     <AltitudeMeters>592.14</AltitudeMeters>
     <DistanceMeters>117956.02161871537</DistanceMeters>
    </Trackpoint>
    <Trackpoint>
     <Time>2026-07-19T04:54:10+00:00</Time>
     <Position>
      <LatitudeDegrees>-33.4656200</LatitudeDegrees>
      <LongitudeDegrees>-70.9298900</LongitudeDegrees>
     </Position>
     <AltitudeMeters>586.84</AltitudeMeters>
     <DistanceMeters>117976.39616651133</DistanceMeters>
    </Trackpoint>
    <Trackpoint>
     <Time>2026-07-19T04:54:17+00:00</Time>
     <Position>
      <LatitudeDegrees>-33.4653600</LatitudeDegrees>
      <LongitudeDegrees>-70.9299000</LongitudeDegrees>
     </Position>
     <AltitudeMeters>586.84</AltitudeMeters>
     <DistanceMeters>118005.34793411748</DistanceMeters>
    </Trackpoint>
    <Trackpoint>
     <Time>2026-07-19T04:54:23+00:00</Time>
     <Position>
      <LatitudeDegrees>-33.4651700</LatitudeDegrees>
      <LongitudeDegrees>-70.9299700</LongitudeDegrees>
     </Position>
     <AltitudeMeters>585.62</AltitudeMeters>
     <DistanceMeters>118027.47031968544</DistanceMeters>
    </Trackpoint>
    <Trackpoint>
     <Time>2026-07-19T04:54:29+00:00</Time>
     <Position>
      <LatitudeDegrees>-33.4643900</LatitudeDegrees>
      <LongitudeDegrees>-70.9303800</LongitudeDegrees>
     </Position>
     <AltitudeMeters>580.1</AltitudeMeters>
     <DistanceMeters>118122.26040256563</DistanceMeters>
    </Trackpoint>
    <Trackpoint>
     <Time>2026-07-19T04:54:35+00:00</Time>
     <Position>
      <LatitudeDegrees>-33.4642300</LatitudeDegrees>
      <LongitudeDegrees>-70.9304200</LongitudeDegrees>
     </Position>
     <AltitudeMeters>578.9000000000001</AltitudeMeters>
     <DistanceMeters>118140.45086411161</DistanceMeters>
    </Trackpoint>
    <Trackpoint>
     <Time>2026-07-19T04:54:41+00:00</Time>
     <Position>
      <LatitudeDegrees>-33.4641200</LatitudeDegrees>
      <LongitudeDegrees>-70.9304200</LongitudeDegrees>
     </Position>
     <AltitudeMeters>577.97</AltitudeMeters>
     <DistanceMeters>118152.69338885004</DistanceMeters>
    </Trackpoint>
    <Trackpoint>
     <Time>2026-07-19T04:54:48+00:00</Time>
     <Position>
      <LatitudeDegrees>-33.4638300</LatitudeDegrees>
      <LongitudeDegrees>-70.9303400</LongitudeDegrees>
     </Position>
     <AltitudeMeters>576.2700000000001</AltitudeMeters>
     <DistanceMeters>118185.81279198811</DistanceMeters>
    </Trackpoint>
    <Trackpoint>
     <Time>2026-07-19T04:54:54+00:00</Time>
     <Position>
      <LatitudeDegrees>-33.4633600</LatitudeDegrees>
      <LongitudeDegrees>-70.9300700</LongitudeDegrees>
     </Position>
     <AltitudeMeters>570.9200000000001</AltitudeMeters>
     <DistanceMeters>118243.81853439815</DistanceMeters>
    </Trackpoint>
    <Trackpoint>
     <Time>2026-07-19T04:55:00+00:00</Time>
     <Position>
      <LatitudeDegrees>-33.4629500</LatitudeDegrees>
      <LongitudeDegrees>-70.9297200</LongitudeDegrees>
     </Position>
     <AltitudeMeters>568.32</AltitudeMeters>
     <DistanceMeters>118299.8385018568</DistanceMeters>
    </Trackpoint>
    <Trackpoint>
     <Time>2026-07-19T04:55:06+00:00</Time>
     <Position>
      <LatitudeDegrees>-33.4628400</LatitudeDegrees>
      <LongitudeDegrees>-70.9296200</LongitudeDegrees>
     </Position>
     <AltitudeMeters>568.32</AltitudeMeters>
     <DistanceMeters>118315.2036010972</DistanceMeters>
    </Trackpoint>
    <Trackpoint>
     <Time>2026-07-19T04:55:12+00:00</Time>
     <Position>
      <LatitudeDegrees>-33.4627500</LatitudeDegrees>
      <LongitudeDegrees>-70.9294700</LongitudeDegrees>
     </Position>
     <AltitudeMeters>567.0</AltitudeMeters>
     <DistanceMeters>118332.3587282452</DistanceMeters>
    </Trackpoint>
    <Trackpoint>
     <Time>2026-07-19T04:55:19+00:00</Time>
     <Position>
      <LatitudeDegrees>-33.4627100</LatitudeDegrees>
      <LongitudeDegrees>-70.9292600</LongitudeDegrees>
     </Position>
     <AltitudeMeters>565.4200000000001</AltitudeMeters>
     <DistanceMeters>118352.3585401685</DistanceMeters>
    </Trackpoint>
    <Trackpoint>
     <Time>2026-07-19T04:55:25+00:00</Time>
     <Position>
      <LatitudeDegrees>-33.4627300</LatitudeDegrees>
      <LongitudeDegrees>-70.9289000</LongitudeDegrees>
     </Position>
     <AltitudeMeters>563.32</AltitudeMeters>
     <DistanceMeters>118385.85779602113</DistanceMeters>
    </Trackpoint>
    <Trackpoint>
     <Time>2026-07-19T04:55:31+00:00</Time>
     <Position>
      <LatitudeDegrees>-33.4627100</LatitudeDegrees>
      <LongitudeDegrees>-70.9287700</LongitudeDegrees>
     </Position>
     <AltitudeMeters>561.9900000000001</AltitudeMeters>
     <DistanceMeters>118398.13154351224</DistanceMeters>
    </Trackpoint>
    <Trackpoint>
     <Time>2026-07-19T04:55:37+00:00</Time>
     <Position>
      <LatitudeDegrees>-33.4626200</LatitudeDegrees>
      <LongitudeDegrees>-70.9286400</LongitudeDegrees>
     </Position>
     <AltitudeMeters>561.9900000000001</AltitudeMeters>
     <DistanceMeters>118413.81665970455</DistanceMeters>
    </Trackpoint>
    <Trackpoint>
     <Time>2026-07-19T04:55:43+00:00</Time>
     <Position>
      <LatitudeDegrees>-33.4623900</LatitudeDegrees>
      <LongitudeDegrees>-70.9284600</LongitudeDegrees>
     </Position>
     <AltitudeMeters>560.71</AltitudeMeters>
     <DistanceMeters>118444.38740836094</DistanceMeters>
    </Trackpoint>
    <Trackpoint>
     <Time>2026-07-19T04:55:50+00:00</Time>
     <Position>
      <LatitudeDegrees>-33.4623100</LatitudeDegrees>
      <LongitudeDegrees>-70.9283200</LongitudeDegrees>
     </Position>
     <AltitudeMeters>558.3</AltitudeMeters>
     <DistanceMeters>118460.14312593658</DistanceMeters>
    </Trackpoint>
    <Trackpoint>
     <Time>2026-07-19T04:55:56+00:00</Time>
     <Position>
      <LatitudeDegrees>-33.4622200</LatitudeDegrees>
      <LongitudeDegrees>-70.9281000</LongitudeDegrees>
     </Position>
     <AltitudeMeters>556.36</AltitudeMeters>
     <DistanceMeters>118482.89350569117</DistanceMeters>
    </Trackpoint>
    <Trackpoint>
     <Time>2026-07-19T04:56:02+00:00</Time>
     <Position>
      <LatitudeDegrees>-33.4622200</LatitudeDegrees>
      <LongitudeDegrees>-70.9278800</LongitudeDegrees>
     </Position>
     <AltitudeMeters>556.36</AltitudeMeters>
     <DistanceMeters>118503.32014793213</DistanceMeters>
    </Trackpoint>
    <Trackpoint>
     <Time>2026-07-19T04:56:08+00:00</Time>
     <Position>
      <LatitudeDegrees>-33.4622800</LatitudeDegrees>
      <LongitudeDegrees>-70.9277000</LongitudeDegrees>
     </Position>
     <AltitudeMeters>554.7800000000001</AltitudeMeters>
     <DistanceMeters>118521.31755367068</DistanceMeters>
    </Trackpoint>
    <Trackpoint>
     <Time>2026-07-19T04:56:14+00:00</Time>
     <Position>
      <LatitudeDegrees>-33.4623500</LatitudeDegrees>
      <LongitudeDegrees>-70.9275700</LongitudeDegrees>
     </Position>
     <AltitudeMeters>553.7800000000001</AltitudeMeters>
     <DistanceMeters>118535.68371237707</DistanceMeters>
    </Trackpoint>
    <Trackpoint>
     <Time>2026-07-19T04:56:21+00:00</Time>
     <Position>
      <LatitudeDegrees>-33.4626900</LatitudeDegrees>
      <LongitudeDegrees>-70.9273300</LongitudeDegrees>
     </Position>
     <AltitudeMeters>550.96</AltitudeMeters>
     <DistanceMeters>118579.59796532839</DistanceMeters>
    </Trackpoint>
    <Trackpoint>
     <Time>2026-07-19T04:56:27+00:00</Time>
     <Position>
      <LatitudeDegrees>-33.4628200</LatitudeDegrees>
      <LongitudeDegrees>-70.9272000</LongitudeDegrees>
     </Position>
     <AltitudeMeters>549.94</AltitudeMeters>
     <DistanceMeters>118598.4400930263</DistanceMeters>
    </Trackpoint>
    <Trackpoint>
     <Time>2026-07-19T04:56:33+00:00</Time>
     <Position>
      <LatitudeDegrees>-33.4629100</LatitudeDegrees>
      <LongitudeDegrees>-70.9270200</LongitudeDegrees>
     </Position>
     <AltitudeMeters>549.94</AltitudeMeters>
     <DistanceMeters>118617.92452084359</DistanceMeters>
    </Trackpoint>
    <Trackpoint>
     <Time>2026-07-19T04:56:39+00:00</Time>
     <Position>
      <LatitudeDegrees>-33.4630700</LatitudeDegrees>
      <LongitudeDegrees>-70.9265800</LongitudeDegrees>
     </Position>
     <AltitudeMeters>544.74</AltitudeMeters>
     <DistanceMeters>118662.4897701656</DistanceMeters>
    </Trackpoint>
    <Trackpoint>
     <Time>2026-07-19T04:56:45+00:00</Time>
     <Position>
      <LatitudeDegrees>-33.4630900</LatitudeDegrees>
      <LongitudeDegrees>-70.9262300</LongitudeDegrees>
     </Position>
     <AltitudeMeters>543.8100000000001</AltitudeMeters>
     <DistanceMeters>118695.0625233777</DistanceMeters>
    </Trackpoint>
    <Trackpoint>
     <Time>2026-07-19T04:56:52+00:00</Time>
     <Position>
      <LatitudeDegrees>-33.4630400</LatitudeDegrees>
      <LongitudeDegrees>-70.9258200</LongitudeDegrees>
     </Position>
     <AltitudeMeters>541.74</AltitudeMeters>
     <DistanceMeters>118733.5345716558</DistanceMeters>
    </Trackpoint>
    <Trackpoint>
     <Time>2026-07-19T04:56:58+00:00</Time>
     <Position>
      <LatitudeDegrees>-33.4630400</LatitudeDegrees>
      <LongitudeDegrees>-70.9256800</LongitudeDegrees>
     </Position>
     <AltitudeMeters>539.85</AltitudeMeters>
     <DistanceMeters>118746.53322103263</DistanceMeters>
    </Trackpoint>
    <Trackpoint>
     <Time>2026-07-19T04:57:04+00:00</Time>
     <Position>
      <LatitudeDegrees>-33.4630700</LatitudeDegrees>
      <LongitudeDegrees>-70.9255000</LongitudeDegrees>
     </Position>
     <AltitudeMeters>538.86</AltitudeMeters>
     <DistanceMeters>118763.57602771142</DistanceMeters>
    </Trackpoint>
    <Trackpoint>
     <Time>2026-07-19T04:57:10+00:00</Time>
     <Position>
      <LatitudeDegrees>-33.4634500</LatitudeDegrees>
      <LongitudeDegrees>-70.9245600</LongitudeDegrees>
     </Position>
     <AltitudeMeters>531.5000000000001</AltitudeMeters>
     <DistanceMeters>118860.55962324307</DistanceMeters>
    </Trackpoint>
    <Trackpoint>
     <Time>2026-07-19T04:57:16+00:00</Time>
     <Position>
      <LatitudeDegrees>-33.4635100</LatitudeDegrees>
      <LongitudeDegrees>-70.9241600</LongitudeDegrees>
     </Position>
     <AltitudeMeters>531.5000000000001</AltitudeMeters>
     <DistanceMeters>118898.29400290221</DistanceMeters>
    </Trackpoint>
    <Trackpoint>
     <Time>2026-07-19T04:57:22+00:00</Time>
     <Position>
      <LatitudeDegrees>-33.4634700</LatitudeDegrees>
      <LongitudeDegrees>-70.9238000</LongitudeDegrees>
     </Position>
     <AltitudeMeters>527.5500000000001</AltitudeMeters>
     <DistanceMeters>118932.01409140356</DistanceMeters>
    </Trackpoint>
    <Trackpoint>
     <Time>2026-07-19T04:57:29+00:00</Time>
     <Position>
      <LatitudeDegrees>-33.4632519</LatitudeDegrees>
      <LongitudeDegrees>-70.9228454</LongitudeDegrees>
     </Position>
     <AltitudeMeters>524.1600000000001</AltitudeMeters>
     <DistanceMeters>119023.90838576636</DistanceMeters>
    </Trackpoint>
    <Trackpoint>
     <Time>2026-07-19T04:57:35+00:00</Time>
     <Position>
      <LatitudeDegrees>-33.4630337</LatitudeDegrees>
      <LongitudeDegrees>-70.9218909</LongitudeDegrees>
     </Position>
     <AltitudeMeters>522.34</AltitudeMeters>
     <DistanceMeters>119115.8026801315</DistanceMeters>
    </Trackpoint>
    <Trackpoint>
     <Time>2026-07-19T04:57:41+00:00</Time>
     <Position>
      <LatitudeDegrees>-33.4628155</LatitudeDegrees>
      <LongitudeDegrees>-70.9209363</LongitudeDegrees>
     </Position>
     <AltitudeMeters>520.86</AltitudeMeters>
     <DistanceMeters>119207.69697449444</DistanceMeters>
    </Trackpoint>
    <Trackpoint>
     <Time>2026-07-19T04:57:47+00:00</Time>
     <Position>
      <LatitudeDegrees>-33.4625974</LatitudeDegrees>
      <LongitudeDegrees>-70.9199818</LongitudeDegrees>
     </Position>
     <AltitudeMeters>519.02</AltitudeMeters>
     <DistanceMeters>119299.59126885937</DistanceMeters>
    </Trackpoint>
    <Trackpoint>
     <Time>2026-07-19T04:57:53+00:00</Time>
     <Position>
      <LatitudeDegrees>-33.4623792</LatitudeDegrees>
      <LongitudeDegrees>-70.9190272</LongitudeDegrees>
     </Position>
     <AltitudeMeters>517.36</AltitudeMeters>
     <DistanceMeters>119391.48556322305</DistanceMeters>
    </Trackpoint>
    <Trackpoint>
     <Time>2026-07-19T04:58:00+00:00</Time>
     <Position>
      <LatitudeDegrees>-33.4621610</LatitudeDegrees>
      <LongitudeDegrees>-70.9180727</LongitudeDegrees>
     </Position>
     <AltitudeMeters>515.5500000000001</AltitudeMeters>
     <DistanceMeters>119483.3798575867</DistanceMeters>
    </Trackpoint>
    <Trackpoint>
     <Time>2026-07-19T04:58:06+00:00</Time>
     <Position>
      <LatitudeDegrees>-33.4619428</LatitudeDegrees>
      <LongitudeDegrees>-70.9171181</LongitudeDegrees>
     </Position>
     <AltitudeMeters>514.6700000000001</AltitudeMeters>
     <DistanceMeters>119575.27415195068</DistanceMeters>
    </Trackpoint>
    <Trackpoint>
     <Time>2026-07-19T04:58:12+00:00</Time>
     <Position>
      <LatitudeDegrees>-33.4617246</LatitudeDegrees>
      <LongitudeDegrees>-70.9161636</LongitudeDegrees>
     </Position>
     <AltitudeMeters>512.2500000000001</AltitudeMeters>
     <DistanceMeters>119667.16844631535</DistanceMeters>
    </Trackpoint>
    <Trackpoint>
     <Time>2026-07-19T04:58:18+00:00</Time>
     <Position>
      <LatitudeDegrees>-33.4615064</LatitudeDegrees>
      <LongitudeDegrees>-70.9152090</LongitudeDegrees>
     </Position>
     <AltitudeMeters>510.41</AltitudeMeters>
     <DistanceMeters>119759.06274068024</DistanceMeters>
    </Trackpoint>
    <Trackpoint>
     <Time>2026-07-19T04:58:24+00:00</Time>
     <Position>
      <LatitudeDegrees>-33.4612882</LatitudeDegrees>
      <LongitudeDegrees>-70.9142545</LongitudeDegrees>
     </Position>
     <AltitudeMeters>507.89000000000004</AltitudeMeters>
     <DistanceMeters>119850.95703504335</DistanceMeters>
    </Trackpoint>
    <Trackpoint>
     <Time>2026-07-19T04:58:31+00:00</Time>
     <Position>
      <LatitudeDegrees>-33.4610700</LatitudeDegrees>
      <LongitudeDegrees>-70.9133000</LongitudeDegrees>
     </Position>
     <AltitudeMeters>506.39</AltitudeMeters>
     <DistanceMeters>119942.85132844168</DistanceMeters>
    </Trackpoint>
    <Trackpoint>
     <Time>2026-07-19T04:58:37+00:00</Time>
     <Position>
      <LatitudeDegrees>-33.4608675</LatitudeDegrees>
      <LongitudeDegrees>-70.9123675</LongitudeDegrees>
     </Position>
     <AltitudeMeters>504.39</AltitudeMeters>
     <DistanceMeters>120032.31915051879</DistanceMeters>
    </Trackpoint>
    <Trackpoint>
     <Time>2026-07-19T04:58:43+00:00</Time>
     <Position>
      <LatitudeDegrees>-33.4606650</LatitudeDegrees>
      <LongitudeDegrees>-70.9114350</LongitudeDegrees>
     </Position>
     <AltitudeMeters>503.38000000000005</AltitudeMeters>
     <DistanceMeters>120121.78697259785</DistanceMeters>
    </Trackpoint>
    <Trackpoint>
     <Time>2026-07-19T04:58:49+00:00</Time>
     <Position>
      <LatitudeDegrees>-33.4604625</LatitudeDegrees>
      <LongitudeDegrees>-70.9105025</LongitudeDegrees>
     </Position>
     <AltitudeMeters>502.17</AltitudeMeters>
     <DistanceMeters>120211.2547946757</DistanceMeters>
    </Trackpoint>
    <Trackpoint>
     <Time>2026-07-19T04:58:55+00:00</Time>
     <Position>
      <LatitudeDegrees>-33.4602600</LatitudeDegrees>
      <LongitudeDegrees>-70.9095700</LongitudeDegrees>
     </Position>
     <AltitudeMeters>501.29</AltitudeMeters>
     <DistanceMeters>120300.72260294463</DistanceMeters>
    </Trackpoint>
    <Trackpoint>
     <Time>2026-07-19T04:59:02+00:00</Time>
     <Position>
      <LatitudeDegrees>-33.4600650</LatitudeDegrees>
      <LongitudeDegrees>-70.9086300</LongitudeDegrees>
     </Position>
     <AltitudeMeters>500.07</AltitudeMeters>
     <DistanceMeters>120390.6600294999</DistanceMeters>
    </Trackpoint>
    <Trackpoint>
     <Time>2026-07-19T04:59:08+00:00</Time>
     <Position>
      <LatitudeDegrees>-33.4598700</LatitudeDegrees>
      <LongitudeDegrees>-70.9076900</LongitudeDegrees>
     </Position>
     <AltitudeMeters>499.46</AltitudeMeters>
     <DistanceMeters>120480.59746021888</DistanceMeters>
    </Trackpoint>
    <Trackpoint>
     <Time>2026-07-19T04:59:14+00:00</Time>
     <Position>
      <LatitudeDegrees>-33.4596600</LatitudeDegrees>
      <LongitudeDegrees>-70.9070500</LongitudeDegrees>
     </Position>
     <AltitudeMeters>498.97</AltitudeMeters>
     <DistanceMeters>120544.45310051253</DistanceMeters>
    </Trackpoint>
    <Trackpoint>
     <Time>2026-07-19T04:59:20+00:00</Time>
     <Position>
      <LatitudeDegrees>-33.4593367</LatitudeDegrees>
      <LongitudeDegrees>-70.9061800</LongitudeDegrees>
     </Position>
     <AltitudeMeters>498.03000000000003</AltitudeMeters>
     <DistanceMeters>120632.88722112737</DistanceMeters>
    </Trackpoint>
    <Trackpoint>
     <Time>2026-07-19T04:59:26+00:00</Time>
     <Position>
      <LatitudeDegrees>-33.4590134</LatitudeDegrees>
      <LongitudeDegrees>-70.9053100</LongitudeDegrees>
     </Position>
     <AltitudeMeters>497.08</AltitudeMeters>
     <DistanceMeters>120721.3213417422</DistanceMeters>
    </Trackpoint>
    <Trackpoint>
     <Time>2026-07-19T04:59:33+00:00</Time>
     <Position>
      <LatitudeDegrees>-33.4586900</LatitudeDegrees>
      <LongitudeDegrees>-70.9044400</LongitudeDegrees>
     </Position>
     <AltitudeMeters>495.91</AltitudeMeters>
     <DistanceMeters>120809.75546235741</DistanceMeters>
    </Trackpoint>
    <Trackpoint>
     <Time>2026-07-19T04:59:39+00:00</Time>
     <Position>
      <LatitudeDegrees>-33.4583667</LatitudeDegrees>
      <LongitudeDegrees>-70.9035700</LongitudeDegrees>
     </Position>
     <AltitudeMeters>494.37</AltitudeMeters>
     <DistanceMeters>120898.18958297183</DistanceMeters>
    </Trackpoint>
    <Trackpoint>
     <Time>2026-07-19T04:59:45+00:00</Time>
     <Position>
      <LatitudeDegrees>-33.4580433</LatitudeDegrees>
      <LongitudeDegrees>-70.9027000</LongitudeDegrees>
     </Position>
     <AltitudeMeters>493.24000000000007</AltitudeMeters>
     <DistanceMeters>120986.62370358608</DistanceMeters>
    </Trackpoint>
    <Trackpoint>
     <Time>2026-07-19T04:59:51+00:00</Time>
     <Position>
      <LatitudeDegrees>-33.4577200</LatitudeDegrees>
      <LongitudeDegrees>-70.9018300</LongitudeDegrees>
     </Position>
     <AltitudeMeters>493.01000000000005</AltitudeMeters>
     <DistanceMeters>121075.05783715515</DistanceMeters>
    </Trackpoint>
    <Trackpoint>
     <Time>2026-07-19T04:59:57+00:00</Time>
     <Position>
      <LatitudeDegrees>-33.4576700</LatitudeDegrees>
      <LongitudeDegrees>-70.9016000</LongitudeDegrees>
     </Position>
     <AltitudeMeters>492.92</AltitudeMeters>
     <DistanceMeters>121097.12717864603</DistanceMeters>
    </Trackpoint>
    <Trackpoint>
     <Time>2026-07-19T05:00:04+00:00</Time>
     <Position>
      <LatitudeDegrees>-33.4576300</LatitudeDegrees>
      <LongitudeDegrees>-70.9012000</LongitudeDegrees>
     </Position>
     <AltitudeMeters>492.71000000000004</AltitudeMeters>
     <DistanceMeters>121134.53433669475</DistanceMeters>
    </Trackpoint>
    <Trackpoint>
     <Time>2026-07-19T05:00:10+00:00</Time>
     <Position>
      <LatitudeDegrees>-33.4576500</LatitudeDegrees>
      <LongitudeDegrees>-70.9007900</LongitudeDegrees>
     </Position>
     <AltitudeMeters>491.78000000000003</AltitudeMeters>
     <DistanceMeters>121172.66919924924</DistanceMeters>
    </Trackpoint>
    <Trackpoint>
     <Time>2026-07-19T05:00:16+00:00</Time>
     <Position>
      <LatitudeDegrees>-33.4577833</LatitudeDegrees>
      <LongitudeDegrees>-70.9000867</LongitudeDegrees>
     </Position>
     <AltitudeMeters>491.14</AltitudeMeters>
     <DistanceMeters>121239.64058852517</DistanceMeters>
    </Trackpoint>
    <Trackpoint>
     <Time>2026-07-19T05:00:22+00:00</Time>
     <Position>
      <LatitudeDegrees>-33.4579167</LatitudeDegrees>
      <LongitudeDegrees>-70.8993833</LongitudeDegrees>
     </Position>
     <AltitudeMeters>490.7900000000001</AltitudeMeters>
     <DistanceMeters>121306.6119778021</DistanceMeters>
    </Trackpoint>
    <Trackpoint>
     <Time>2026-07-19T05:00:28+00:00</Time>
     <Position>
      <LatitudeDegrees>-33.4580500</LatitudeDegrees>
      <LongitudeDegrees>-70.8986800</LongitudeDegrees>
     </Position>
     <AltitudeMeters>489.76</AltitudeMeters>
     <DistanceMeters>121373.58336253841</DistanceMeters>
    </Trackpoint>
    <Trackpoint>
     <Time>2026-07-19T05:00:35+00:00</Time>
     <Position>
      <LatitudeDegrees>-33.4580500</LatitudeDegrees>
      <LongitudeDegrees>-70.8983300</LongitudeDegrees>
     </Position>
     <AltitudeMeters>489.76</AltitudeMeters>
     <DistanceMeters>121406.0818564965</DistanceMeters>
    </Trackpoint>
    <Trackpoint>
     <Time>2026-07-19T05:00:41+00:00</Time>
     <Position>
      <LatitudeDegrees>-33.4580100</LatitudeDegrees>
      <LongitudeDegrees>-70.8980700</LongitudeDegrees>
     </Position>
     <AltitudeMeters>489.49</AltitudeMeters>
     <DistanceMeters>121430.63063580566</DistanceMeters>
    </Trackpoint>
    <Trackpoint>
     <Time>2026-07-19T05:00:47+00:00</Time>
     <Position>
      <LatitudeDegrees>-33.4579200</LatitudeDegrees>
      <LongitudeDegrees>-70.8978700</LongitudeDegrees>
     </Position>
     <AltitudeMeters>489.49</AltitudeMeters>
     <DistanceMeters>121451.7303791701</DistanceMeters>
    </Trackpoint>
    <Trackpoint>
     <Time>2026-07-19T05:00:53+00:00</Time>
     <Position>
      <LatitudeDegrees>-33.4577800</LatitudeDegrees>
      <LongitudeDegrees>-70.8976500</LongitudeDegrees>
     </Position>
     <AltitudeMeters>489.25</AltitudeMeters>
     <DistanceMeters>121477.42219991217</DistanceMeters>
    </Trackpoint>
    <Trackpoint>
     <Time>2026-07-19T05:00:59+00:00</Time>
     <Position>
      <LatitudeDegrees>-33.4574250</LatitudeDegrees>
      <LongitudeDegrees>-70.8972500</LongitudeDegrees>
     </Position>
     <AltitudeMeters>488.88000000000005</AltitudeMeters>
     <DistanceMeters>121531.6487648575</DistanceMeters>
    </Trackpoint>
    <Trackpoint>
     <Time>2026-07-19T05:01:06+00:00</Time>
     <Position>
      <LatitudeDegrees>-33.4570700</LatitudeDegrees>
      <LongitudeDegrees>-70.8968500</LongitudeDegrees>
     </Position>
     <AltitudeMeters>488.68000000000006</AltitudeMeters>
     <DistanceMeters>121585.87534734205</DistanceMeters>
    </Trackpoint>
    <Trackpoint>
     <Time>2026-07-19T05:01:12+00:00</Time>
     <Position>
      <LatitudeDegrees>-33.4565300</LatitudeDegrees>
      <LongitudeDegrees>-70.8962200</LongitudeDegrees>
     </Position>
     <AltitudeMeters>487.51000000000005</AltitudeMeters>
     <DistanceMeters>121669.74430145693</DistanceMeters>
    </Trackpoint>
    <Trackpoint>
     <Time>2026-07-19T05:01:18+00:00</Time>
     <Position>
      <LatitudeDegrees>-33.4563100</LatitudeDegrees>
      <LongitudeDegrees>-70.8959500</LongitudeDegrees>
     </Position>
     <AltitudeMeters>486.98</AltitudeMeters>
     <DistanceMeters>121704.78798213747</DistanceMeters>
    </Trackpoint>
    <Trackpoint>
     <Time>2026-07-19T05:01:24+00:00</Time>
     <Position>
      <LatitudeDegrees>-33.4560200</LatitudeDegrees>
      <LongitudeDegrees>-70.8954700</LongitudeDegrees>
     </Position>
     <AltitudeMeters>486.44000000000005</AltitudeMeters>
     <DistanceMeters>121759.81741381394</DistanceMeters>
    </Trackpoint>
    <Trackpoint>
     <Time>2026-07-19T05:01:30+00:00</Time>
     <Position>
      <LatitudeDegrees>-33.4557900</LatitudeDegrees>
      <LongitudeDegrees>-70.8950600</LongitudeDegrees>
     </Position>
     <AltitudeMeters>485.37</AltitudeMeters>
     <DistanceMeters>121805.69364925852</DistanceMeters>
    </Trackpoint>
    <Trackpoint>
     <Time>2026-07-19T05:01:37+00:00</Time>
     <Position>
      <LatitudeDegrees>-33.4555700</LatitudeDegrees>
      <LongitudeDegrees>-70.8944300</LongitudeDegrees>
     </Position>
     <AltitudeMeters>484.69000000000005</AltitudeMeters>
     <DistanceMeters>121869.11003165274</DistanceMeters>
    </Trackpoint>
    <Trackpoint>
     <Time>2026-07-19T05:01:43+00:00</Time>
     <Position>
      <LatitudeDegrees>-33.4553400</LatitudeDegrees>
      <LongitudeDegrees>-70.8936400</LongitudeDegrees>
     </Position>
     <AltitudeMeters>483.9700000000001</AltitudeMeters>
     <DistanceMeters>121946.80406578361</DistanceMeters>
    </Trackpoint>
    <Trackpoint>
     <Time>2026-07-19T05:01:49+00:00</Time>
     <Position>
      <LatitudeDegrees>-33.4551100</LatitudeDegrees>
      <LongitudeDegrees>-70.8928500</LongitudeDegrees>
     </Position>
     <AltitudeMeters>483.28000000000003</AltitudeMeters>
     <DistanceMeters>122024.49813893453</DistanceMeters>
    </Trackpoint>
    <Trackpoint>
     <Time>2026-07-19T05:01:55+00:00</Time>
     <Position>
      <LatitudeDegrees>-33.4549450</LatitudeDegrees>
      <LongitudeDegrees>-70.8922250</LongitudeDegrees>
     </Position>
     <AltitudeMeters>482.63000000000005</AltitudeMeters>
     <DistanceMeters>122085.36932482083</DistanceMeters>
    </Trackpoint>
    <Trackpoint>
     <Time>2026-07-19T05:02:01+00:00</Time>
     <Position>
      <LatitudeDegrees>-33.4547800</LatitudeDegrees>
      <LongitudeDegrees>-70.8916000</LongitudeDegrees>
     </Position>
     <AltitudeMeters>482.47</AltitudeMeters>
     <DistanceMeters>122146.24052057983</DistanceMeters>
    </Trackpoint>
    <Trackpoint>
     <Time>2026-07-19T05:02:08+00:00</Time>
     <Position>
      <LatitudeDegrees>-33.4545119</LatitudeDegrees>
      <LongitudeDegrees>-70.8905743</LongitudeDegrees>
     </Position>
     <AltitudeMeters>481.53000000000003</AltitudeMeters>
     <DistanceMeters>122246.04431803765</DistanceMeters>
    </Trackpoint>
    <Trackpoint>
     <Time>2026-07-19T05:02:14+00:00</Time>
     <Position>
      <LatitudeDegrees>-33.4542439</LatitudeDegrees>
      <LongitudeDegrees>-70.8895487</LongitudeDegrees>
     </Position>
     <AltitudeMeters>480.17</AltitudeMeters>
     <DistanceMeters>122345.8481154959</DistanceMeters>
    </Trackpoint>
    <Trackpoint>
     <Time>2026-07-19T05:02:20+00:00</Time>
     <Position>
      <LatitudeDegrees>-33.4539758</LatitudeDegrees>
      <LongitudeDegrees>-70.8885230</LongitudeDegrees>
     </Position>
     <AltitudeMeters>479.07000000000005</AltitudeMeters>
     <DistanceMeters>122445.65191295242</DistanceMeters>
    </Trackpoint>
    <Trackpoint>
     <Time>2026-07-19T05:02:26+00:00</Time>
     <Position>
      <LatitudeDegrees>-33.4537077</LatitudeDegrees>
      <LongitudeDegrees>-70.8874973</LongitudeDegrees>
     </Position>
     <AltitudeMeters>478.08000000000004</AltitudeMeters>
     <DistanceMeters>122545.45571041048</DistanceMeters>
    </Trackpoint>
    <Trackpoint>
     <Time>2026-07-19T05:02:32+00:00</Time>
     <Position>
      <LatitudeDegrees>-33.4534396</LatitudeDegrees>
      <LongitudeDegrees>-70.8864717</LongitudeDegrees>
     </Position>
     <AltitudeMeters>477.23</AltitudeMeters>
     <DistanceMeters>122645.2595078682</DistanceMeters>
    </Trackpoint>
    <Trackpoint>
     <Time>2026-07-19T05:02:38+00:00</Time>
     <Position>
      <LatitudeDegrees>-33.4531715</LatitudeDegrees>
      <LongitudeDegrees>-70.8854461</LongitudeDegrees>
     </Position>
     <AltitudeMeters>475.81000000000006</AltitudeMeters>
     <DistanceMeters>122745.06330532556</DistanceMeters>
    </Trackpoint>
    <Trackpoint>
     <Time>2026-07-19T05:02:45+00:00</Time>
     <Position>
      <LatitudeDegrees>-33.4529034</LatitudeDegrees>
      <LongitudeDegrees>-70.8844204</LongitudeDegrees>
     </Position>
     <AltitudeMeters>475.16</AltitudeMeters>
     <DistanceMeters>122844.86710278265</DistanceMeters>
    </Trackpoint>
    <Trackpoint>
     <Time>2026-07-19T05:02:51+00:00</Time>
     <Position>
      <LatitudeDegrees>-33.4526353</LatitudeDegrees>
      <LongitudeDegrees>-70.8833948</LongitudeDegrees>
     </Position>
     <AltitudeMeters>474.4200000000001</AltitudeMeters>
     <DistanceMeters>122944.67090024077</DistanceMeters>
    </Trackpoint>
    <Trackpoint>
     <Time>2026-07-19T05:02:57+00:00</Time>
     <Position>
      <LatitudeDegrees>-33.4523671</LatitudeDegrees>
      <LongitudeDegrees>-70.8823692</LongitudeDegrees>
     </Position>
     <AltitudeMeters>473.95000000000005</AltitudeMeters>
     <DistanceMeters>123044.474697698</DistanceMeters>
    </Trackpoint>
    <Trackpoint>
     <Time>2026-07-19T05:03:03+00:00</Time>
     <Position>
      <LatitudeDegrees>-33.4520990</LatitudeDegrees>
      <LongitudeDegrees>-70.8813436</LongitudeDegrees>
     </Position>
     <AltitudeMeters>473.26</AltitudeMeters>
     <DistanceMeters>123144.2784951556</DistanceMeters>
    </Trackpoint>
    <Trackpoint>
     <Time>2026-07-19T05:03:09+00:00</Time>
     <Position>
      <LatitudeDegrees>-33.4518309</LatitudeDegrees>
      <LongitudeDegrees>-70.8803180</LongitudeDegrees>
     </Position>
     <AltitudeMeters>472.66</AltitudeMeters>
     <DistanceMeters>123244.08229261314</DistanceMeters>
    </Trackpoint>
    <Trackpoint>
     <Time>2026-07-19T05:03:16+00:00</Time>
     <Position>
      <LatitudeDegrees>-33.4515627</LatitudeDegrees>
      <LongitudeDegrees>-70.8792923</LongitudeDegrees>
     </Position>
     <AltitudeMeters>471.64000000000004</AltitudeMeters>
     <DistanceMeters>123343.88609007042</DistanceMeters>
    </Trackpoint>
    <Trackpoint>
     <Time>2026-07-19T05:03:22+00:00</Time>
     <Position>
      <LatitudeDegrees>-33.4512945</LatitudeDegrees>
      <LongitudeDegrees>-70.8782668</LongitudeDegrees>
     </Position>
     <AltitudeMeters>470.68</AltitudeMeters>
     <DistanceMeters>123443.6898875295</DistanceMeters>
    </Trackpoint>
    <Trackpoint>
     <Time>2026-07-19T05:03:28+00:00</Time>
     <Position>
      <LatitudeDegrees>-33.4510264</LatitudeDegrees>
      <LongitudeDegrees>-70.8772412</LongitudeDegrees>
     </Position>
     <AltitudeMeters>469.80000000000007</AltitudeMeters>
     <DistanceMeters>123543.49368498592</DistanceMeters>
    </Trackpoint>
    <Trackpoint>
     <Time>2026-07-19T05:03:34+00:00</Time>
     <Position>
      <LatitudeDegrees>-33.4507582</LatitudeDegrees>
      <LongitudeDegrees>-70.8762156</LongitudeDegrees>
     </Position>
     <AltitudeMeters>469.03000000000003</AltitudeMeters>
     <DistanceMeters>123643.29748244295</DistanceMeters>
    </Trackpoint>
    <Trackpoint>
     <Time>2026-07-19T05:03:40+00:00</Time>
     <Position>
      <LatitudeDegrees>-33.4504900</LatitudeDegrees>
      <LongitudeDegrees>-70.8751900</LongitudeDegrees>
     </Position>
     <AltitudeMeters>470.16</AltitudeMeters>
     <DistanceMeters>123743.10127996153</DistanceMeters>
    </Trackpoint>
    <Trackpoint>
     <Time>2026-07-19T05:03:47+00:00</Time>
     <Position>
      <LatitudeDegrees>-33.4504400</LatitudeDegrees>
      <LongitudeDegrees>-70.8748200</LongitudeDegrees>
     </Position>
     <AltitudeMeters>471.75000000000006</AltitudeMeters>
     <DistanceMeters>123777.90756086518</DistanceMeters>
    </Trackpoint>
    <Trackpoint>
     <Time>2026-07-19T05:03:53+00:00</Time>
     <Position>
      <LatitudeDegrees>-33.4504400</LatitudeDegrees>
      <LongitudeDegrees>-70.8746000</LongitudeDegrees>
     </Position>
     <AltitudeMeters>472.33000000000004</AltitudeMeters>
     <DistanceMeters>123798.3369784233</DistanceMeters>
    </Trackpoint>
    <Trackpoint>
     <Time>2026-07-19T05:03:59+00:00</Time>
     <Position>
      <LatitudeDegrees>-33.4504900</LatitudeDegrees>
      <LongitudeDegrees>-70.8741500</LongitudeDegrees>
     </Position>
     <AltitudeMeters>475.53000000000003</AltitudeMeters>
     <DistanceMeters>123840.49331097292</DistanceMeters>
    </Trackpoint>
    <Trackpoint>
     <Time>2026-07-19T05:04:05+00:00</Time>
     <Position>
      <LatitudeDegrees>-33.4504900</LatitudeDegrees>
      <LongitudeDegrees>-70.8739400</LongitudeDegrees>
     </Position>
     <AltitudeMeters>476.32</AltitudeMeters>
     <DistanceMeters>123859.99410739914</DistanceMeters>
    </Trackpoint>
    <Trackpoint>
     <Time>2026-07-19T05:04:11+00:00</Time>
     <Position>
      <LatitudeDegrees>-33.4504400</LatitudeDegrees>
      <LongitudeDegrees>-70.8737600</LongitudeDegrees>
     </Position>
     <AltitudeMeters>476.71000000000004</AltitudeMeters>
     <DistanceMeters>123877.61106369691</DistanceMeters>
    </Trackpoint>
    <Trackpoint>
     <Time>2026-07-19T05:04:18+00:00</Time>
     <Position>
      <LatitudeDegrees>-33.4501100</LatitudeDegrees>
      <LongitudeDegrees>-70.8727700</LongitudeDegrees>
     </Position>
     <AltitudeMeters>471.9800000000001</AltitudeMeters>
     <DistanceMeters>123976.6085847616</DistanceMeters>
    </Trackpoint>
    <Trackpoint>
     <Time>2026-07-19T05:04:24+00:00</Time>
     <Position>
      <LatitudeDegrees>-33.4498950</LatitudeDegrees>
      <LongitudeDegrees>-70.8719850</LongitudeDegrees>
     </Position>
     <AltitudeMeters>470.39000000000004</AltitudeMeters>
     <DistanceMeters>124053.33179735493</DistanceMeters>
    </Trackpoint>
    <Trackpoint>
     <Time>2026-07-19T05:04:30+00:00</Time>
     <Position>
      <LatitudeDegrees>-33.4496800</LatitudeDegrees>
      <LongitudeDegrees>-70.8712000</LongitudeDegrees>
     </Position>
     <AltitudeMeters>470.14000000000004</AltitudeMeters>
     <DistanceMeters>124130.05501942613</DistanceMeters>
    </Trackpoint>
    <Trackpoint>
     <Time>2026-07-19T05:04:36+00:00</Time>
     <Position>
      <LatitudeDegrees>-33.4495700</LatitudeDegrees>
      <LongitudeDegrees>-70.8709400</LongitudeDegrees>
     </Position>
     <AltitudeMeters>470.14000000000004</AltitudeMeters>
     <DistanceMeters>124157.12559762574</DistanceMeters>
    </Trackpoint>
    <Trackpoint>
     <Time>2026-07-19T05:04:42+00:00</Time>
     <Position>
      <LatitudeDegrees>-33.4492800</LatitudeDegrees>
      <LongitudeDegrees>-70.8703900</LongitudeDegrees>
     </Position>
     <AltitudeMeters>469.87000000000006</AltitudeMeters>
     <DistanceMeters>124217.5432423081</DistanceMeters>
    </Trackpoint>
    <Trackpoint>
     <Time>2026-07-19T05:04:49+00:00</Time>
     <Position>
      <LatitudeDegrees>-33.4491200</LatitudeDegrees>
      <LongitudeDegrees>-70.8700400</LongitudeDegrees>
     </Position>
     <AltitudeMeters>469.87000000000006</AltitudeMeters>
     <DistanceMeters>124254.60357081277</DistanceMeters>
    </Trackpoint>
    <Trackpoint>
     <Time>2026-07-19T05:04:55+00:00</Time>
     <Position>
      <LatitudeDegrees>-33.4488920</LatitudeDegrees>
      <LongitudeDegrees>-70.8691720</LongitudeDegrees>
     </Position>
     <AltitudeMeters>469.76</AltitudeMeters>
     <DistanceMeters>124339.10856073107</DistanceMeters>
    </Trackpoint>
    <Trackpoint>
     <Time>2026-07-19T05:05:01+00:00</Time>
     <Position>
      <LatitudeDegrees>-33.4486640</LatitudeDegrees>
      <LongitudeDegrees>-70.8683040</LongitudeDegrees>
     </Position>
     <AltitudeMeters>469.57000000000005</AltitudeMeters>
     <DistanceMeters>124423.61355064926</DistanceMeters>
    </Trackpoint>
    <Trackpoint>
     <Time>2026-07-19T05:05:07+00:00</Time>
     <Position>
      <LatitudeDegrees>-33.4484360</LatitudeDegrees>
      <LongitudeDegrees>-70.8674360</LongitudeDegrees>
     </Position>
     <AltitudeMeters>469.35</AltitudeMeters>
     <DistanceMeters>124508.11854056784</DistanceMeters>
    </Trackpoint>
    <Trackpoint>
     <Time>2026-07-19T05:05:13+00:00</Time>
     <Position>
      <LatitudeDegrees>-33.4482080</LatitudeDegrees>
      <LongitudeDegrees>-70.8665680</LongitudeDegrees>
     </Position>
     <AltitudeMeters>469.33000000000004</AltitudeMeters>
     <DistanceMeters>124592.62353048637</DistanceMeters>
    </Trackpoint>
    <Trackpoint>
     <Time>2026-07-19T05:05:20+00:00</Time>
     <Position>
      <LatitudeDegrees>-33.4479800</LatitudeDegrees>
      <LongitudeDegrees>-70.8657000</LongitudeDegrees>
     </Position>
     <AltitudeMeters>469.09000000000003</AltitudeMeters>
     <DistanceMeters>124677.12851086706</DistanceMeters>
    </Trackpoint>
    <Trackpoint>
     <Time>2026-07-19T05:05:26+00:00</Time>
     <Position>
      <LatitudeDegrees>-33.4477500</LatitudeDegrees>
      <LongitudeDegrees>-70.8647900</LongitudeDegrees>
     </Position>
     <AltitudeMeters>468.49</AltitudeMeters>
     <DistanceMeters>124765.42643522592</DistanceMeters>
    </Trackpoint>
    <Trackpoint>
     <Time>2026-07-19T05:05:32+00:00</Time>
     <Position>
      <LatitudeDegrees>-33.4474920</LatitudeDegrees>
      <LongitudeDegrees>-70.8638040</LongitudeDegrees>
     </Position>
     <AltitudeMeters>468.02000000000004</AltitudeMeters>
     <DistanceMeters>124861.38767351754</DistanceMeters>
    </Trackpoint>
    <Trackpoint>
     <Time>2026-07-19T05:05:38+00:00</Time>
     <Position>
      <LatitudeDegrees>-33.4472340</LatitudeDegrees>
      <LongitudeDegrees>-70.8628180</LongitudeDegrees>
     </Position>
     <AltitudeMeters>467.79</AltitudeMeters>
     <DistanceMeters>124957.34891180854</DistanceMeters>
    </Trackpoint>
    <Trackpoint>
     <Time>2026-07-19T05:05:44+00:00</Time>
     <Position>
      <LatitudeDegrees>-33.4469760</LatitudeDegrees>
      <LongitudeDegrees>-70.8618320</LongitudeDegrees>
     </Position>
     <AltitudeMeters>467.47</AltitudeMeters>
     <DistanceMeters>125053.31015010171</DistanceMeters>
    </Trackpoint>
    <Trackpoint>
     <Time>2026-07-19T05:05:51+00:00</Time>
     <Position>
      <LatitudeDegrees>-33.4467180</LatitudeDegrees>
      <LongitudeDegrees>-70.8608460</LongitudeDegrees>
     </Position>
     <AltitudeMeters>467.13000000000005</AltitudeMeters>
     <DistanceMeters>125149.27138839207</DistanceMeters>
    </Trackpoint>
    <Trackpoint>
     <Time>2026-07-19T05:05:57+00:00</Time>
     <Position>
      <LatitudeDegrees>-33.4464600</LatitudeDegrees>
      <LongitudeDegrees>-70.8598600</LongitudeDegrees>
     </Position>
     <AltitudeMeters>466.89000000000004</AltitudeMeters>
     <DistanceMeters>125245.23263928555</DistanceMeters>
    </Trackpoint>
    <Trackpoint>
     <Time>2026-07-19T05:06:03+00:00</Time>
     <Position>
      <LatitudeDegrees>-33.4462250</LatitudeDegrees>
      <LongitudeDegrees>-70.8590100</LongitudeDegrees>
     </Position>
     <AltitudeMeters>467.1</AltitudeMeters>
     <DistanceMeters>125328.38850871002</DistanceMeters>
    </Trackpoint>
    <Trackpoint>
     <Time>2026-07-19T05:06:09+00:00</Time>
     <Position>
      <LatitudeDegrees>-33.4459900</LatitudeDegrees>
      <LongitudeDegrees>-70.8581600</LongitudeDegrees>
     </Position>
     <AltitudeMeters>467.90000000000003</AltitudeMeters>
     <DistanceMeters>125411.54437176645</DistanceMeters>
    </Trackpoint>
    <Trackpoint>
     <Time>2026-07-19T05:06:15+00:00</Time>
     <Position>
      <LatitudeDegrees>-33.4458550</LatitudeDegrees>
      <LongitudeDegrees>-70.8576000</LongitudeDegrees>
     </Position>
     <AltitudeMeters>467.79</AltitudeMeters>
     <DistanceMeters>125465.67623695976</DistanceMeters>
    </Trackpoint>
    <Trackpoint>
     <Time>2026-07-19T05:06:22+00:00</Time>
     <Position>
      <LatitudeDegrees>-33.4457200</LatitudeDegrees>
      <LongitudeDegrees>-70.8570400</LongitudeDegrees>
     </Position>
     <AltitudeMeters>467.69000000000005</AltitudeMeters>
     <DistanceMeters>125519.80808754277</DistanceMeters>
    </Trackpoint>
    <Trackpoint>
     <Time>2026-07-19T05:06:28+00:00</Time>
     <Position>
      <LatitudeDegrees>-33.4455400</LatitudeDegrees>
      <LongitudeDegrees>-70.8563600</LongitudeDegrees>
     </Position>
     <AltitudeMeters>467.4200000000001</AltitudeMeters>
     <DistanceMeters>125586.05854382234</DistanceMeters>
    </Trackpoint>
    <Trackpoint>
     <Time>2026-07-19T05:06:34+00:00</Time>
     <Position>
      <LatitudeDegrees>-33.4455600</LatitudeDegrees>
      <LongitudeDegrees>-70.8563500</LongitudeDegrees>
     </Position>
     <AltitudeMeters>467.19000000000005</AltitudeMeters>
     <DistanceMeters>125588.47041132873</DistanceMeters>
    </Trackpoint>
    <Trackpoint>
     <Time>2026-07-19T05:06:40+00:00</Time>
     <Position>
      <LatitudeDegrees>-33.4454200</LatitudeDegrees>
      <LongitudeDegrees>-70.8558600</LongitudeDegrees>
     </Position>
     <AltitudeMeters>465.13000000000005</AltitudeMeters>
     <DistanceMeters>125636.568620278</DistanceMeters>
    </Trackpoint>
    <Trackpoint>
     <Time>2026-07-19T05:06:46+00:00</Time>
     <Position>
      <LatitudeDegrees>-33.4453100</LatitudeDegrees>
      <LongitudeDegrees>-70.8555000</LongitudeDegrees>
     </Position>
     <AltitudeMeters>466.55</AltitudeMeters>
     <DistanceMeters>125672.1715998946</DistanceMeters>
    </Trackpoint>
    <Trackpoint>
     <Time>2026-07-19T05:06:53+00:00</Time>
     <Position>
      <LatitudeDegrees>-33.4452800</LatitudeDegrees>
      <LongitudeDegrees>-70.8555100</LongitudeDegrees>
     </Position>
     <AltitudeMeters>466.52000000000004</AltitudeMeters>
     <DistanceMeters>125675.63721298134</DistanceMeters>
    </Trackpoint>
    <Trackpoint>
     <Time>2026-07-19T05:06:59+00:00</Time>
     <Position>
      <LatitudeDegrees>-33.4450550</LatitudeDegrees>
      <LongitudeDegrees>-70.8549450</LongitudeDegrees>
     </Position>
     <AltitudeMeters>468.89000000000004</AltitudeMeters>
     <DistanceMeters>125733.77626481195</DistanceMeters>
    </Trackpoint>
    <Trackpoint>
     <Time>2026-07-19T05:07:05+00:00</Time>
     <Position>
      <LatitudeDegrees>-33.4448300</LatitudeDegrees>
      <LongitudeDegrees>-70.8543800</LongitudeDegrees>
     </Position>
     <AltitudeMeters>469.09000000000003</AltitudeMeters>
     <DistanceMeters>125791.91531472353</DistanceMeters>
    </Trackpoint>
    <Trackpoint>
     <Time>2026-07-19T05:07:11+00:00</Time>
     <Position>
      <LatitudeDegrees>-33.4445633</LatitudeDegrees>
      <LongitudeDegrees>-70.8533833</LongitudeDegrees>
     </Position>
     <AltitudeMeters>469.5</AltitudeMeters>
     <DistanceMeters>125889.11506874292</DistanceMeters>
    </Trackpoint>
    <Trackpoint>
     <Time>2026-07-19T05:07:17+00:00</Time>
     <Position>
      <LatitudeDegrees>-33.4442967</LatitudeDegrees>
      <LongitudeDegrees>-70.8523867</LongitudeDegrees>
     </Position>
     <AltitudeMeters>470.02000000000004</AltitudeMeters>
     <DistanceMeters>125986.31482276144</DistanceMeters>
    </Trackpoint>
    <Trackpoint>
     <Time>2026-07-19T05:07:24+00:00</Time>
     <Position>
      <LatitudeDegrees>-33.4440300</LatitudeDegrees>
      <LongitudeDegrees>-70.8513900</LongitudeDegrees>
     </Position>
     <AltitudeMeters>470.55</AltitudeMeters>
     <DistanceMeters>126083.51458089962</DistanceMeters>
    </Trackpoint>
    <Trackpoint>
     <Time>2026-07-19T05:07:30+00:00</Time>
     <Position>
      <LatitudeDegrees>-33.4439250</LatitudeDegrees>
      <LongitudeDegrees>-70.8507950</LongitudeDegrees>
     </Position>
     <AltitudeMeters>470.47</AltitudeMeters>
     <DistanceMeters>126139.9932252752</DistanceMeters>
    </Trackpoint>
    <Trackpoint>
     <Time>2026-07-19T05:07:36+00:00</Time>
     <Position>
      <LatitudeDegrees>-33.4438200</LatitudeDegrees>
      <LongitudeDegrees>-70.8502000</LongitudeDegrees>
     </Position>
     <AltitudeMeters>470.52000000000004</AltitudeMeters>
     <DistanceMeters>126196.47187703593</DistanceMeters>
    </Trackpoint>
    <Trackpoint>
     <Time>2026-07-19T05:07:42+00:00</Time>
     <Position>
      <LatitudeDegrees>-33.4436950</LatitudeDegrees>
      <LongitudeDegrees>-70.8493100</LongitudeDegrees>
     </Position>
     <AltitudeMeters>472.75000000000006</AltitudeMeters>
     <DistanceMeters>126280.28722413667</DistanceMeters>
    </Trackpoint>
    <Trackpoint>
     <Time>2026-07-19T05:07:48+00:00</Time>
     <Position>
      <LatitudeDegrees>-33.4435700</LatitudeDegrees>
      <LongitudeDegrees>-70.8484200</LongitudeDegrees>
     </Position>
     <AltitudeMeters>477.47</AltitudeMeters>
     <DistanceMeters>126364.10257384896</DistanceMeters>
    </Trackpoint>
    <Trackpoint>
     <Time>2026-07-19T05:07:54+00:00</Time>
     <Position>
      <LatitudeDegrees>-33.4435900</LatitudeDegrees>
      <LongitudeDegrees>-70.8482300</LongitudeDegrees>
     </Position>
     <AltitudeMeters>478.32</AltitudeMeters>
     <DistanceMeters>126381.88740245532</DistanceMeters>
    </Trackpoint>
    <Trackpoint>
     <Time>2026-07-19T05:08:01+00:00</Time>
     <Position>
      <LatitudeDegrees>-33.4436700</LatitudeDegrees>
      <LongitudeDegrees>-70.8480600</LongitudeDegrees>
     </Position>
     <AltitudeMeters>479.01000000000005</AltitudeMeters>
     <DistanceMeters>126400.01262283743</DistanceMeters>
    </Trackpoint>
    <Trackpoint>
     <Time>2026-07-19T05:08:07+00:00</Time>
     <Position>
      <LatitudeDegrees>-33.4434300</LatitudeDegrees>
      <LongitudeDegrees>-70.8480900</LongitudeDegrees>
     </Position>
     <AltitudeMeters>479.25000000000006</AltitudeMeters>
     <DistanceMeters>126426.86849050004</DistanceMeters>
    </Trackpoint>
    <Trackpoint>
     <Time>2026-07-19T05:08:13+00:00</Time>
     <Position>
      <LatitudeDegrees>-33.4427000</LatitudeDegrees>
      <LongitudeDegrees>-70.8483600</LongitudeDegrees>
     </Position>
     <AltitudeMeters>479.14000000000004</AltitudeMeters>
     <DistanceMeters>126511.89568026597</DistanceMeters>
    </Trackpoint>
    <Trackpoint>
     <Time>2026-07-19T05:08:19+00:00</Time>
     <Position>
      <LatitudeDegrees>-33.4425767</LatitudeDegrees>
      <LongitudeDegrees>-70.8474567</LongitudeDegrees>
     </Position>
     <AltitudeMeters>477.66</AltitudeMeters>
     <DistanceMeters>126596.90331843156</DistanceMeters>
    </Trackpoint>
    <Trackpoint>
     <Time>2026-07-19T05:08:25+00:00</Time>
     <Position>
      <LatitudeDegrees>-33.4424533</LatitudeDegrees>
      <LongitudeDegrees>-70.8465533</LongitudeDegrees>
     </Position>
     <AltitudeMeters>473.98</AltitudeMeters>
     <DistanceMeters>126681.9109565979</DistanceMeters>
    </Trackpoint>
    <Trackpoint>
     <Time>2026-07-19T05:08:32+00:00</Time>
     <Position>
      <LatitudeDegrees>-33.4423300</LatitudeDegrees>
      <LongitudeDegrees>-70.8456500</LongitudeDegrees>
     </Position>
     <AltitudeMeters>473.90000000000003</AltitudeMeters>
     <DistanceMeters>126766.91859995695</DistanceMeters>
    </Trackpoint>
    <Trackpoint>
     <Time>2026-07-19T05:08:38+00:00</Time>
     <Position>
      <LatitudeDegrees>-33.4422000</LatitudeDegrees>
      <LongitudeDegrees>-70.8449200</LongitudeDegrees>
     </Position>
     <AltitudeMeters>474.19000000000005</AltitudeMeters>
     <DistanceMeters>126836.24021034733</DistanceMeters>
    </Trackpoint>
   </Track>
  </Course>
 </Courses>
</TrainingCenterDatabase>
