<?xml version="1.0" encoding="UTF-8"?>
<gpx creator="StravaGPX" version="1.1" xmlns="http://www.topografix.com/GPX/1/1" xmlns:xsi="http://www.w3.org/2001/XMLSchema-instance" xsi:schemaLocation="http://www.topografix.com/GPX/1/1 http://www.topografix.com/GPX/1/1/gpx.xsd">
 <metadata>
  <name>68 Ribs - Ibacache - Casa Blanca - Cuesta zapata</name>
  <author>
   <name>Cesar Mora 🇨🇱</name>
   <link href="https://www.strava.com/athletes/1288291"/>
  </author>
  <copyright author="OpenStreetMap contributors">
   <year>2020</year>
   <license>https://www.openstreetmap.org/copyright</license>
  </copyright>
  <link href="https://www.strava.com/routes/3513706981803296238"/>
 </metadata>
 <trk>
  <name>68 Ribs - Ibacache - Casa Blanca - Cuesta zapata</name>
  <link href="https://www.strava.com/routes/3513706981803296238"/>
  <type>cycling</type>
  <trkseg>
   <trkpt lat="-33.40632" lon="-71.18834000000001">
    <ele>229.78</ele>
   </trkpt>
   <trkpt lat="-33.406496681961045" lon="-71.18746667555355">
    <ele>229.13000000000002</ele>
   </trkpt>
   <trkpt lat="-33.4066733578039" lon="-71.18659334755478">
    <ele>229.04000000000002</ele>
   </trkpt>
   <trkpt lat="-33.40685002752851" lon="-71.1857200160038">
    <ele>229.13000000000002</ele>
   </trkpt>
   <trkpt lat="-33.40702669113483" lon="-71.18484668090066">
    <ele>228.73000000000002</ele>
   </trkpt>
   <trkpt lat="-33.407203348622765" lon="-71.18397334224548">
    <ele>227.85000000000002</ele>
   </trkpt>
   <trkpt lat="-33.40738" lon="-71.18310000000001">
    <ele>226.57000000000002</ele>
   </trkpt>
   <trkpt lat="-33.407577512508404" lon="-71.1820800070116">
    <ele>224.53</ele>
   </trkpt>
   <trkpt lat="-33.4077750166709" lon="-71.18106000938499">
    <ele>222.99</ele>
   </trkpt>
   <trkpt lat="-33.40797251248743" lon="-71.1800400071203">
    <ele>221.51000000000002</ele>
   </trkpt>
   <trkpt lat="-33.408170000000005" lon="-71.17902000000001">
    <ele>220.72000000000003</ele>
   </trkpt>
   <trkpt lat="-33.40832667155716" lon="-71.17824000276413">
    <ele>220.32000000000002</ele>
   </trkpt>
   <trkpt lat="-33.40848333823377" lon="-71.17746000271467">
    <ele>219.44000000000003</ele>
   </trkpt>
   <trkpt lat="-33.408640000000005" lon="-71.17668">
    <ele>218.7</ele>
   </trkpt>
   <trkpt lat="-33.40871" lon="-71.17670000000001">
    <ele>220.83</ele>
   </trkpt>
   <trkpt lat="-33.40887" lon="-71.17591">
    <ele>219.76000000000002</ele>
   </trkpt>
   <trkpt lat="-33.4088" lon="-71.17589000000001">
    <ele>218.72000000000003</ele>
   </trkpt>
   <trkpt lat="-33.40901000423365" lon="-71.17486000259626">
    <ele>217.34</ele>
   </trkpt>
   <trkpt lat="-33.409220000000005" lon="-71.17383000000001">
    <ele>216.29</ele>
   </trkpt>
   <trkpt lat="-33.40952" lon="-71.17315">
    <ele>217.07000000000002</ele>
   </trkpt>
   <trkpt lat="-33.40981" lon="-71.17255">
    <ele>217.66000000000003</ele>
   </trkpt>
   <trkpt lat="-33.40995" lon="-71.1721">
    <ele>219.11</ele>
   </trkpt>
   <trkpt lat="-33.410090000000004" lon="-71.17150000000001">
    <ele>221.32000000000002</ele>
   </trkpt>
   <trkpt lat="-33.41039" lon="-71.17152">
    <ele>220.58</ele>
   </trkpt>
   <trkpt lat="-33.41048" lon="-71.17143">
    <ele>220.22000000000003</ele>
   </trkpt>
   <trkpt lat="-33.41051" lon="-71.17135">
    <ele>219.77</ele>
   </trkpt>
   <trkpt lat="-33.41055" lon="-71.17089">
    <ele>216.91000000000003</ele>
   </trkpt>
   <trkpt lat="-33.41051" lon="-71.16986">
    <ele>212.11</ele>
   </trkpt>
   <trkpt lat="-33.41051" lon="-71.16896000000001">
    <ele>211.18</ele>
   </trkpt>
   <trkpt lat="-33.41053" lon="-71.16829">
    <ele>210.99</ele>
   </trkpt>
   <trkpt lat="-33.41062" lon="-71.16758">
    <ele>210.71</ele>
   </trkpt>
   <trkpt lat="-33.41077333763808" lon="-71.16684666930101">
    <ele>210.68</ele>
   </trkpt>
   <trkpt lat="-33.41092667096199" lon="-71.16611333601281">
    <ele>210.53000000000003</ele>
   </trkpt>
   <trkpt lat="-33.411080000000005" lon="-71.16538">
    <ele>210.12000000000003</ele>
   </trkpt>
   <trkpt lat="-33.41125573396763" lon="-71.1644757252542">
    <ele>209.74</ele>
   </trkpt>
   <trkpt lat="-33.411431461375294" lon="-71.16357144684929">
    <ele>209.21</ele>
   </trkpt>
   <trkpt lat="-33.411607182222895" lon="-71.16266716478533">
    <ele>209.05</ele>
   </trkpt>
   <trkpt lat="-33.411782896510374" lon="-71.16176287906248">
    <ele>208.32</ele>
   </trkpt>
   <trkpt lat="-33.411958604237675" lon="-71.16085858968079">
    <ele>207.75</ele>
   </trkpt>
   <trkpt lat="-33.412134305404706" lon="-71.15995429664036">
    <ele>207.19</ele>
   </trkpt>
   <trkpt lat="-33.412310000000005" lon="-71.15905000000001">
    <ele>206.37000000000003</ele>
   </trkpt>
   <trkpt lat="-33.41245" lon="-71.15863">
    <ele>206.29000000000002</ele>
   </trkpt>
   <trkpt lat="-33.41266" lon="-71.1577">
    <ele>206.18000000000004</ele>
   </trkpt>
   <trkpt lat="-33.41277" lon="-71.15738">
    <ele>205.93000000000004</ele>
   </trkpt>
   <trkpt lat="-33.41299" lon="-71.15692">
    <ele>205.22</ele>
   </trkpt>
   <trkpt lat="-33.41315" lon="-71.15653">
    <ele>204.88</ele>
   </trkpt>
   <trkpt lat="-33.413270000000004" lon="-71.1559">
    <ele>204.69</ele>
   </trkpt>
   <trkpt lat="-33.41342" lon="-71.15495">
    <ele>203.3</ele>
   </trkpt>
   <trkpt lat="-33.41348" lon="-71.15482">
    <ele>203.06</ele>
   </trkpt>
   <trkpt lat="-33.41359" lon="-71.15473">
    <ele>203.06</ele>
   </trkpt>
   <trkpt lat="-33.414410000000004" lon="-71.15445000000001">
    <ele>202.47</ele>
   </trkpt>
   <trkpt lat="-33.414550000000006" lon="-71.15439">
    <ele>202.32000000000002</ele>
   </trkpt>
   <trkpt lat="-33.41463" lon="-71.15431000000001">
    <ele>202.32000000000002</ele>
   </trkpt>
   <trkpt lat="-33.41472" lon="-71.15411">
    <ele>202.14000000000001</ele>
   </trkpt>
   <trkpt lat="-33.41487" lon="-71.15388">
    <ele>201.04000000000002</ele>
   </trkpt>
   <trkpt lat="-33.41521500084161" lon="-71.15345500154419">
    <ele>200.15</ele>
   </trkpt>
   <trkpt lat="-33.41556" lon="-71.15303">
    <ele>200.27</ele>
   </trkpt>
   <trkpt lat="-33.41577" lon="-71.15271">
    <ele>200.51000000000002</ele>
   </trkpt>
   <trkpt lat="-33.41597" lon="-71.15236">
    <ele>200.78</ele>
   </trkpt>
   <trkpt lat="-33.41624" lon="-71.15181000000001">
    <ele>200.51000000000002</ele>
   </trkpt>
   <trkpt lat="-33.41639" lon="-71.15124">
    <ele>199.82000000000002</ele>
   </trkpt>
   <trkpt lat="-33.41648000136769" lon="-71.15066000048365">
    <ele>199.44</ele>
   </trkpt>
   <trkpt lat="-33.41657" lon="-71.15008">
    <ele>199.46</ele>
   </trkpt>
   <trkpt lat="-33.41662" lon="-71.14927">
    <ele>199.76000000000002</ele>
   </trkpt>
   <trkpt lat="-33.41659" lon="-71.14869">
    <ele>199.69</ele>
   </trkpt>
   <trkpt lat="-33.41648" lon="-71.14788">
    <ele>199.92000000000002</ele>
   </trkpt>
   <trkpt lat="-33.41619" lon="-71.14712">
    <ele>200.11</ele>
   </trkpt>
   <trkpt lat="-33.41586" lon="-71.14644000000001">
    <ele>200.42000000000002</ele>
   </trkpt>
   <trkpt lat="-33.41562500136459" lon="-71.14585999846786">
    <ele>200.42000000000002</ele>
   </trkpt>
   <trkpt lat="-33.41539" lon="-71.14528">
    <ele>200.22</ele>
   </trkpt>
   <trkpt lat="-33.41521" lon="-71.14506">
    <ele>200.04000000000002</ele>
   </trkpt>
   <trkpt lat="-33.41507" lon="-71.14497">
    <ele>200.02</ele>
   </trkpt>
   <trkpt lat="-33.4149" lon="-71.1449">
    <ele>200.02</ele>
   </trkpt>
   <trkpt lat="-33.41415" lon="-71.14466">
    <ele>200.22</ele>
   </trkpt>
   <trkpt lat="-33.41377" lon="-71.14448">
    <ele>200.20000000000002</ele>
   </trkpt>
   <trkpt lat="-33.41318000065893" lon="-71.14405499706557">
    <ele>199.89000000000001</ele>
   </trkpt>
   <trkpt lat="-33.41259" lon="-71.14363">
    <ele>199.97</ele>
   </trkpt>
   <trkpt lat="-33.41239" lon="-71.14344000000001">
    <ele>200.07000000000002</ele>
   </trkpt>
   <trkpt lat="-33.41216" lon="-71.14313">
    <ele>200.04000000000002</ele>
   </trkpt>
   <trkpt lat="-33.41169" lon="-71.14222000000001">
    <ele>199.75</ele>
   </trkpt>
   <trkpt lat="-33.41134" lon="-71.14137000000001">
    <ele>199.51000000000002</ele>
   </trkpt>
   <trkpt lat="-33.411280000000005" lon="-71.14118">
    <ele>199.47</ele>
   </trkpt>
   <trkpt lat="-33.41122" lon="-71.14076">
    <ele>198.92000000000002</ele>
   </trkpt>
   <trkpt lat="-33.41124" lon="-71.14018">
    <ele>198.71</ele>
   </trkpt>
   <trkpt lat="-33.41122" lon="-71.13981000000001">
    <ele>198.78</ele>
   </trkpt>
   <trkpt lat="-33.41113" lon="-71.13919">
    <ele>198.88000000000002</ele>
   </trkpt>
   <trkpt lat="-33.41095" lon="-71.13852">
    <ele>198.53</ele>
   </trkpt>
   <trkpt lat="-33.41077500131131" lon="-71.13793999870538">
    <ele>198.99000000000004</ele>
   </trkpt>
   <trkpt lat="-33.4106" lon="-71.13736">
    <ele>199.08</ele>
   </trkpt>
   <trkpt lat="-33.41047000396848" lon="-71.1366566645617">
    <ele>198.84</ele>
   </trkpt>
   <trkpt lat="-33.41034000396853" lon="-71.13595333122869">
    <ele>198.75</ele>
   </trkpt>
   <trkpt lat="-33.41021" lon="-71.13525">
    <ele>198.87</ele>
   </trkpt>
   <trkpt lat="-33.41009500295907" lon="-71.13438999880503">
    <ele>198.46</ele>
   </trkpt>
   <trkpt lat="-33.409980000000004" lon="-71.13353000000001">
    <ele>198.57000000000002</ele>
   </trkpt>
   <trkpt lat="-33.40995" lon="-71.13293">
    <ele>198.39000000000001</ele>
   </trkpt>
   <trkpt lat="-33.40995" lon="-71.13261">
    <ele>198.22</ele>
   </trkpt>
   <trkpt lat="-33.410003339592855" lon="-71.13172666775142">
    <ele>197.93</ele>
   </trkpt>
   <trkpt lat="-33.4100566729262" lon="-71.13084333441805">
    <ele>197.78</ele>
   </trkpt>
   <trkpt lat="-33.41011" lon="-71.12996000000001">
    <ele>198.07000000000002</ele>
   </trkpt>
   <trkpt lat="-33.41015" lon="-71.12943">
    <ele>197.94</ele>
   </trkpt>
   <trkpt lat="-33.41018667146435" lon="-71.12865666731852">
    <ele>197.93</ele>
   </trkpt>
   <trkpt lat="-33.41022333813106" lon="-71.12788333398414">
    <ele>197.35000000000002</ele>
   </trkpt>
   <trkpt lat="-33.41026" lon="-71.12711">
    <ele>197.66</ele>
   </trkpt>
   <trkpt lat="-33.41024" lon="-71.12697">
    <ele>197.67000000000002</ele>
   </trkpt>
   <trkpt lat="-33.410160000000005" lon="-71.12682000000001">
    <ele>197.5</ele>
   </trkpt>
   <trkpt lat="-33.40952" lon="-71.12710000000001">
    <ele>197.58</ele>
   </trkpt>
   <trkpt lat="-33.40954" lon="-71.12657">
    <ele>197.59</ele>
   </trkpt>
   <trkpt lat="-33.40948" lon="-71.12581">
    <ele>197.85000000000002</ele>
   </trkpt>
   <trkpt lat="-33.40932" lon="-71.12519">
    <ele>197.60000000000002</ele>
   </trkpt>
   <trkpt lat="-33.4091" lon="-71.1246">
    <ele>196.92000000000002</ele>
   </trkpt>
   <trkpt lat="-33.4088" lon="-71.12407">
    <ele>196.58</ele>
   </trkpt>
   <trkpt lat="-33.40849" lon="-71.12365000000001">
    <ele>196.74</ele>
   </trkpt>
   <trkpt lat="-33.40811" lon="-71.12325">
    <ele>196.97</ele>
   </trkpt>
   <trkpt lat="-33.40751" lon="-71.12275000000001">
    <ele>198.72</ele>
   </trkpt>
   <trkpt lat="-33.40682500357639" lon="-71.12220498710968">
    <ele>200.70000000000002</ele>
   </trkpt>
   <trkpt lat="-33.40614000477" lon="-71.12165998281436">
    <ele>201.98000000000002</ele>
   </trkpt>
   <trkpt lat="-33.40545500358099" lon="-71.12111498711376">
    <ele>202.07000000000002</ele>
   </trkpt>
   <trkpt lat="-33.40477" lon="-71.12057">
    <ele>202.92000000000002</ele>
   </trkpt>
   <trkpt lat="-33.40453" lon="-71.12034">
    <ele>202.99</ele>
   </trkpt>
   <trkpt lat="-33.40428" lon="-71.12008">
    <ele>203.21000000000004</ele>
   </trkpt>
   <trkpt lat="-33.40404" lon="-71.11976">
    <ele>203.21000000000004</ele>
   </trkpt>
   <trkpt lat="-33.40386" lon="-71.11949">
    <ele>203.52</ele>
   </trkpt>
   <trkpt lat="-33.403506669599736" lon="-71.1188866617819">
    <ele>203.28</ele>
   </trkpt>
   <trkpt lat="-33.403153336279566" lon="-71.11828332847112">
    <ele>202.72</ele>
   </trkpt>
   <trkpt lat="-33.402800000000006" lon="-71.11768000000001">
    <ele>202.04000000000002</ele>
   </trkpt>
   <trkpt lat="-33.402330002653855" lon="-71.11686499557385">
    <ele>201.84</ele>
   </trkpt>
   <trkpt lat="-33.40186" lon="-71.11605">
    <ele>201.79000000000002</ele>
   </trkpt>
   <trkpt lat="-33.40169" lon="-71.11573">
    <ele>201.35000000000002</ele>
   </trkpt>
   <trkpt lat="-33.40151" lon="-71.11524">
    <ele>201.12</ele>
   </trkpt>
   <trkpt lat="-33.40133" lon="-71.11448">
    <ele>199.76000000000002</ele>
   </trkpt>
   <trkpt lat="-33.40128" lon="-71.11398000000001">
    <ele>198.78</ele>
   </trkpt>
   <trkpt lat="-33.40126" lon="-71.11304000000001">
    <ele>198.04000000000002</ele>
   </trkpt>
   <trkpt lat="-33.401282256702736" lon="-71.11200333545402">
    <ele>196.36</ele>
   </trkpt>
   <trkpt lat="-33.401304504785365" lon="-71.11096667037704">
    <ele>194.86</ele>
   </trkpt>
   <trkpt lat="-33.401326744247896" lon="-71.10993000476928">
    <ele>194.05</ele>
   </trkpt>
   <trkpt lat="-33.401348975090315" lon="-71.10889333863095">
    <ele>193.47</ele>
   </trkpt>
   <trkpt lat="-33.401371197312606" lon="-71.10785667196227">
    <ele>193.27</ele>
   </trkpt>
   <trkpt lat="-33.40139341091476" lon="-71.1068200047634">
    <ele>194.10000000000002</ele>
   </trkpt>
   <trkpt lat="-33.40141561589675" lon="-71.1057833370346">
    <ele>195.9</ele>
   </trkpt>
   <trkpt lat="-33.40143781225859" lon="-71.10474666877604">
    <ele>196.4</ele>
   </trkpt>
   <trkpt lat="-33.40146" lon="-71.10371">
    <ele>194.5</ele>
   </trkpt>
   <trkpt lat="-33.40148" lon="-71.10333">
    <ele>194.23000000000002</ele>
   </trkpt>
   <trkpt lat="-33.4016" lon="-71.10275">
    <ele>193.10000000000002</ele>
   </trkpt>
   <trkpt lat="-33.40184601629621" lon="-71.10174201143164">
    <ele>192.5</ele>
   </trkpt>
   <trkpt lat="-33.402092024442496" lon="-71.10073401715525">
    <ele>192.39000000000001</ele>
   </trkpt>
   <trkpt lat="-33.40233802443876" lon="-71.09972601717094">
    <ele>192.20000000000002</ele>
   </trkpt>
   <trkpt lat="-33.40258401628489" lon="-71.09871801147881">
    <ele>191.95000000000002</ele>
   </trkpt>
   <trkpt lat="-33.40283" lon="-71.09771">
    <ele>192.05</ele>
   </trkpt>
   <trkpt lat="-33.403031035449324" lon="-71.09671902063357">
    <ele>192.06</ele>
   </trkpt>
   <trkpt lat="-33.403232063021335" lon="-71.09572803668127">
    <ele>191.96</ele>
   </trkpt>
   <trkpt lat="-33.403433082715935" lon="-71.09473704814322">
    <ele>191.69000000000003</ele>
   </trkpt>
   <trkpt lat="-33.40363409453304" lon="-71.09374605501955">
    <ele>191.41000000000003</ele>
   </trkpt>
   <trkpt lat="-33.403835098472555" lon="-71.09275505731037">
    <ele>191.15</ele>
   </trkpt>
   <trkpt lat="-33.40403609453438" lon="-71.09176405501582">
    <ele>191.3</ele>
   </trkpt>
   <trkpt lat="-33.4042370827184" lon="-71.090773048136">
    <ele>191.48000000000002</ele>
   </trkpt>
   <trkpt lat="-33.40443806302454" lon="-71.08978203667107">
    <ele>191.53</ele>
   </trkpt>
   <trkpt lat="-33.404639035452696" lon="-71.08879102062112">
    <ele>191.92000000000002</ele>
   </trkpt>
   <trkpt lat="-33.40484" lon="-71.0878">
    <ele>193.53</ele>
   </trkpt>
   <trkpt lat="-33.40496" lon="-71.08732">
    <ele>194.20000000000002</ele>
   </trkpt>
   <trkpt lat="-33.4052" lon="-71.08668">
    <ele>195.05</ele>
   </trkpt>
   <trkpt lat="-33.4054" lon="-71.08569">
    <ele>195.46</ele>
   </trkpt>
   <trkpt lat="-33.40542" lon="-71.08551">
    <ele>195.46</ele>
   </trkpt>
   <trkpt lat="-33.40545" lon="-71.08479000000001">
    <ele>195.5</ele>
   </trkpt>
   <trkpt lat="-33.40554" lon="-71.08408">
    <ele>195.9</ele>
   </trkpt>
   <trkpt lat="-33.405742016950434" lon="-71.08305200958108">
    <ele>196.55</ele>
   </trkpt>
   <trkpt lat="-33.40594402542382" lon="-71.08202401438129">
    <ele>196.59</ele>
   </trkpt>
   <trkpt lat="-33.40614602542007" lon="-71.0809960144008">
    <ele>195.52</ele>
   </trkpt>
   <trkpt lat="-33.40634801693906" lon="-71.07996800963974">
    <ele>195.12</ele>
   </trkpt>
   <trkpt lat="-33.40655" lon="-71.07894">
    <ele>195.04000000000002</ele>
   </trkpt>
   <trkpt lat="-33.40669750760608" lon="-71.07814500404342">
    <ele>194.73000000000002</ele>
   </trkpt>
   <trkpt lat="-33.40684501014224" lon="-71.07735000538705">
    <ele>194.84</ele>
   </trkpt>
   <trkpt lat="-33.40699250760842" lon="-71.076555004031">
    <ele>195.61</ele>
   </trkpt>
   <trkpt lat="-33.407140000000005" lon="-71.07576">
    <ele>196.04000000000002</ele>
   </trkpt>
   <trkpt lat="-33.407332511736705" lon="-71.07477250655013">
    <ele>196.5</ele>
   </trkpt>
   <trkpt lat="-33.40752501565093" lon="-71.07378500872358">
    <ele>196.42000000000002</ele>
   </trkpt>
   <trkpt lat="-33.40771751174257" lon="-71.07279750652043">
    <ele>196.95000000000002</ele>
   </trkpt>
   <trkpt lat="-33.40791" lon="-71.07181">
    <ele>196.56</ele>
   </trkpt>
   <trkpt lat="-33.40813" lon="-71.07100000000001">
    <ele>196.19</ele>
   </trkpt>
   <trkpt lat="-33.40843500347755" lon="-71.07006500337172">
    <ele>196.75</ele>
   </trkpt>
   <trkpt lat="-33.40874" lon="-71.06913">
    <ele>197.61</ele>
   </trkpt>
   <trkpt lat="-33.408895001279376" lon="-71.06856500101199">
    <ele>197.37</ele>
   </trkpt>
   <trkpt lat="-33.40905" lon="-71.06800000000001">
    <ele>197.01000000000002</ele>
   </trkpt>
   <trkpt lat="-33.409245002999995" lon="-71.06714000178322">
    <ele>197.0</ele>
   </trkpt>
   <trkpt lat="-33.409440000000004" lon="-71.06628">
    <ele>197.76000000000002</ele>
   </trkpt>
   <trkpt lat="-33.40965750808261" lon="-71.06546000619193">
    <ele>197.43</ele>
   </trkpt>
   <trkpt lat="-33.40987501077118" lon="-71.06464000827722">
    <ele>197.52000000000004</ele>
   </trkpt>
   <trkpt lat="-33.410092508065674" lon="-71.06382000625597">
    <ele>197.62</ele>
   </trkpt>
   <trkpt lat="-33.41031" lon="-71.063">
    <ele>197.33</ele>
   </trkpt>
   <trkpt lat="-33.4106" lon="-71.06241">
    <ele>196.94</ele>
   </trkpt>
   <trkpt lat="-33.410700000000006" lon="-71.06211">
    <ele>195.73000000000002</ele>
   </trkpt>
   <trkpt lat="-33.41075" lon="-71.06174">
    <ele>195.29000000000002</ele>
   </trkpt>
   <trkpt lat="-33.41077" lon="-71.06106000000001">
    <ele>194.75</ele>
   </trkpt>
   <trkpt lat="-33.41082" lon="-71.06062">
    <ele>194.27</ele>
   </trkpt>
   <trkpt lat="-33.41089" lon="-71.06035">
    <ele>194.03</ele>
   </trkpt>
   <trkpt lat="-33.411075001213035" lon="-71.05979500124964">
    <ele>193.26000000000002</ele>
   </trkpt>
   <trkpt lat="-33.411260000000006" lon="-71.05924">
    <ele>192.55</ele>
   </trkpt>
   <trkpt lat="-33.41147" lon="-71.0587">
    <ele>191.64000000000001</ele>
   </trkpt>
   <trkpt lat="-33.4118" lon="-71.05798">
    <ele>191.02</ele>
   </trkpt>
   <trkpt lat="-33.41203" lon="-71.05757000000001">
    <ele>190.66000000000003</ele>
   </trkpt>
   <trkpt lat="-33.41230000097897" lon="-71.05711000120822">
    <ele>190.41000000000003</ele>
   </trkpt>
   <trkpt lat="-33.41257" lon="-71.05665">
    <ele>189.65</ele>
   </trkpt>
   <trkpt lat="-33.41295666987775" lon="-71.05602000556574">
    <ele>189.41000000000003</ele>
   </trkpt>
   <trkpt lat="-33.41334333657139" lon="-71.05539000552186">
    <ele>189.01000000000002</ele>
   </trkpt>
   <trkpt lat="-33.41373" lon="-71.05476">
    <ele>188.19000000000003</ele>
   </trkpt>
   <trkpt lat="-33.414055000858816" lon="-71.05432500149432">
    <ele>187.69000000000003</ele>
   </trkpt>
   <trkpt lat="-33.41438" lon="-71.05389000000001">
    <ele>187.06</ele>
   </trkpt>
   <trkpt lat="-33.41476000072764" lon="-71.05345500193935">
    <ele>186.62</ele>
   </trkpt>
   <trkpt lat="-33.41514" lon="-71.05302">
    <ele>186.15</ele>
   </trkpt>
   <trkpt lat="-33.41551000076127" lon="-71.05256500202367">
    <ele>185.82000000000002</ele>
   </trkpt>
   <trkpt lat="-33.41588" lon="-71.05211">
    <ele>185.75000000000003</ele>
   </trkpt>
   <trkpt lat="-33.416465002200376" lon="-71.0513700049804">
    <ele>185.39000000000001</ele>
   </trkpt>
   <trkpt lat="-33.41705" lon="-71.05063000000001">
    <ele>185.63000000000002</ele>
   </trkpt>
   <trkpt lat="-33.41761600759078" lon="-71.04994201794361">
    <ele>185.64000000000001</ele>
   </trkpt>
   <trkpt lat="-33.41818201138401" lon="-71.04925402691842">
    <ele>186.15</ele>
   </trkpt>
   <trkpt lat="-33.4187480113796" lon="-71.0485660269242">
    <ele>186.34</ele>
   </trkpt>
   <trkpt lat="-33.419314007577384" lon="-71.0478780179607">
    <ele>186.73</ele>
   </trkpt>
   <trkpt lat="-33.419880000000006" lon="-71.04719">
    <ele>187.01000000000002</ele>
   </trkpt>
   <trkpt lat="-33.42027" lon="-71.04691000000001">
    <ele>186.72000000000003</ele>
   </trkpt>
   <trkpt lat="-33.42065" lon="-71.04665">
    <ele>186.60000000000002</ele>
   </trkpt>
   <trkpt lat="-33.4208" lon="-71.04661">
    <ele>186.49</ele>
   </trkpt>
   <trkpt lat="-33.42099" lon="-71.04662">
    <ele>186.41000000000003</ele>
   </trkpt>
   <trkpt lat="-33.42112" lon="-71.04665">
    <ele>186.16000000000003</ele>
   </trkpt>
   <trkpt lat="-33.42141" lon="-71.04693">
    <ele>186.12</ele>
   </trkpt>
   <trkpt lat="-33.42156" lon="-71.04697">
    <ele>186.50000000000003</ele>
   </trkpt>
   <trkpt lat="-33.42172" lon="-71.04691000000001">
    <ele>186.57000000000002</ele>
   </trkpt>
   <trkpt lat="-33.42177" lon="-71.04683">
    <ele>186.59</ele>
   </trkpt>
   <trkpt lat="-33.42231846642112" lon="-71.04762254144691">
    <ele>185.59</ele>
   </trkpt>
   <trkpt lat="-33.42286692780234" lon="-71.04841509290725">
    <ele>184.55</ele>
   </trkpt>
   <trkpt lat="-33.42341538414351" lon="-71.04920765438126">
    <ele>184.15</ele>
   </trkpt>
   <trkpt lat="-33.42396383544444" lon="-71.05000022586921">
    <ele>184.04</ele>
   </trkpt>
   <trkpt lat="-33.424512281704985" lon="-71.05079280737131">
    <ele>183.98</ele>
   </trkpt>
   <trkpt lat="-33.42506072292497" lon="-71.05158539888781">
    <ele>184.00000000000003</ele>
   </trkpt>
   <trkpt lat="-33.425609159104205" lon="-71.05237800041897">
    <ele>184.09</ele>
   </trkpt>
   <trkpt lat="-33.426157590242546" lon="-71.05317061196502">
    <ele>184.69000000000003</ele>
   </trkpt>
   <trkpt lat="-33.42670601633981" lon="-71.05396323352619">
    <ele>184.91000000000003</ele>
   </trkpt>
   <trkpt lat="-33.42725443739584" lon="-71.05475586510275">
    <ele>185.06</ele>
   </trkpt>
   <trkpt lat="-33.42780285341045" lon="-71.05554850669492">
    <ele>185.17000000000002</ele>
   </trkpt>
   <trkpt lat="-33.428351264383494" lon="-71.05634115830296">
    <ele>185.26</ele>
   </trkpt>
   <trkpt lat="-33.42889967031479" lon="-71.05713381992709">
    <ele>185.3</ele>
   </trkpt>
   <trkpt lat="-33.42944807120416" lon="-71.05792649156759">
    <ele>185.65</ele>
   </trkpt>
   <trkpt lat="-33.42999646705146" lon="-71.05871917322466">
    <ele>186.69000000000003</ele>
   </trkpt>
   <trkpt lat="-33.4305448578565" lon="-71.05951186489858">
    <ele>186.66000000000003</ele>
   </trkpt>
   <trkpt lat="-33.43109324361913" lon="-71.06030456658958">
    <ele>185.79000000000002</ele>
   </trkpt>
   <trkpt lat="-33.431641624339164" lon="-71.0610972782979">
    <ele>185.54000000000002</ele>
   </trkpt>
   <trkpt lat="-33.432190000000006" lon="-71.06189">
    <ele>185.69000000000003</ele>
   </trkpt>
   <trkpt lat="-33.43269500211098" lon="-71.06260499592403">
    <ele>185.50000000000003</ele>
   </trkpt>
   <trkpt lat="-33.4332" lon="-71.06332">
    <ele>185.65</ele>
   </trkpt>
   <trkpt lat="-33.43336" lon="-71.06349">
    <ele>185.83</ele>
   </trkpt>
   <trkpt lat="-33.433530000000005" lon="-71.06363">
    <ele>185.84</ele>
   </trkpt>
   <trkpt lat="-33.43372" lon="-71.06371">
    <ele>185.71</ele>
   </trkpt>
   <trkpt lat="-33.434070000000006" lon="-71.06384">
    <ele>185.85000000000002</ele>
   </trkpt>
   <trkpt lat="-33.43437" lon="-71.06398">
    <ele>185.93</ele>
   </trkpt>
   <trkpt lat="-33.4348050002329" lon="-71.06426499851044">
    <ele>186.11</ele>
   </trkpt>
   <trkpt lat="-33.43524" lon="-71.06455000000001">
    <ele>186.08</ele>
   </trkpt>
   <trkpt lat="-33.43590000055003" lon="-71.06489999736898">
    <ele>185.81</ele>
   </trkpt>
   <trkpt lat="-33.43656" lon="-71.06525">
    <ele>185.55</ele>
   </trkpt>
   <trkpt lat="-33.43688" lon="-71.06537">
    <ele>185.48</ele>
   </trkpt>
   <trkpt lat="-33.4376" lon="-71.06554000000001">
    <ele>185.34</ele>
   </trkpt>
   <trkpt lat="-33.43814499984877" lon="-71.06567999906159">
    <ele>185.55</ele>
   </trkpt>
   <trkpt lat="-33.43869" lon="-71.06582">
    <ele>185.57000000000002</ele>
   </trkpt>
   <trkpt lat="-33.43927000026778" lon="-71.06603999855724">
    <ele>185.33</ele>
   </trkpt>
   <trkpt lat="-33.43985" lon="-71.06626">
    <ele>185.10000000000002</ele>
   </trkpt>
   <trkpt lat="-33.44003" lon="-71.06631">
    <ele>185.10000000000002</ele>
   </trkpt>
   <trkpt lat="-33.44035" lon="-71.06631">
    <ele>184.92000000000002</ele>
   </trkpt>
   <trkpt lat="-33.4411300001587" lon="-71.066150001427">
    <ele>184.61</ele>
   </trkpt>
   <trkpt lat="-33.44191" lon="-71.06599">
    <ele>184.3</ele>
   </trkpt>
   <trkpt lat="-33.44234" lon="-71.06599">
    <ele>184.28000000000003</ele>
   </trkpt>
   <trkpt lat="-33.442799999977986" lon="-71.06603499975844">
    <ele>184.15</ele>
   </trkpt>
   <trkpt lat="-33.44326" lon="-71.06608">
    <ele>184.2</ele>
   </trkpt>
   <trkpt lat="-33.44382" lon="-71.06612000000001">
    <ele>184.9</ele>
   </trkpt>
   <trkpt lat="-33.44429" lon="-71.06604">
    <ele>185.18</ele>
   </trkpt>
   <trkpt lat="-33.44451" lon="-71.06596">
    <ele>185.08</ele>
   </trkpt>
   <trkpt lat="-33.44496" lon="-71.06573">
    <ele>184.4</ele>
   </trkpt>
   <trkpt lat="-33.445440000458184" lon="-71.0653750019996">
    <ele>183.32</ele>
   </trkpt>
   <trkpt lat="-33.44592" lon="-71.06502">
    <ele>183.06000000000003</ele>
   </trkpt>
   <trkpt lat="-33.44617" lon="-71.06492">
    <ele>183.03000000000003</ele>
   </trkpt>
   <trkpt lat="-33.44634" lon="-71.06492">
    <ele>183.03000000000003</ele>
   </trkpt>
   <trkpt lat="-33.4465" lon="-71.06493">
    <ele>183.03000000000003</ele>
   </trkpt>
   <trkpt lat="-33.446740000000005" lon="-71.06504000000001">
    <ele>182.86</ele>
   </trkpt>
   <trkpt lat="-33.44739500068986" lon="-71.06546999671856">
    <ele>182.24</ele>
   </trkpt>
   <trkpt lat="-33.44805" lon="-71.0659">
    <ele>182.17000000000002</ele>
   </trkpt>
   <trkpt lat="-33.44834" lon="-71.06603000000001">
    <ele>182.09</ele>
   </trkpt>
   <trkpt lat="-33.44852" lon="-71.06605">
    <ele>182.09</ele>
   </trkpt>
   <trkpt lat="-33.44887" lon="-71.06608">
    <ele>182.03000000000003</ele>
   </trkpt>
   <trkpt lat="-33.44959" lon="-71.0659">
    <ele>181.97000000000003</ele>
   </trkpt>
   <trkpt lat="-33.44979" lon="-71.06587">
    <ele>181.97000000000003</ele>
   </trkpt>
   <trkpt lat="-33.45053" lon="-71.06586">
    <ele>181.75000000000003</ele>
   </trkpt>
   <trkpt lat="-33.45111500011606" lon="-71.06581500029525">
    <ele>181.53000000000003</ele>
   </trkpt>
   <trkpt lat="-33.4517" lon="-71.06577">
    <ele>181.50000000000003</ele>
   </trkpt>
   <trkpt lat="-33.4519" lon="-71.06577">
    <ele>181.56000000000003</ele>
   </trkpt>
   <trkpt lat="-33.4521" lon="-71.06582">
    <ele>181.56000000000003</ele>
   </trkpt>
   <trkpt lat="-33.452805000351326" lon="-71.06608499787177">
    <ele>181.14000000000001</ele>
   </trkpt>
   <trkpt lat="-33.45351" lon="-71.06635">
    <ele>180.70000000000002</ele>
   </trkpt>
   <trkpt lat="-33.45375" lon="-71.06644">
    <ele>180.65</ele>
   </trkpt>
   <trkpt lat="-33.45431500052467" lon="-71.06675999797937">
    <ele>180.49</ele>
   </trkpt>
   <trkpt lat="-33.45488" lon="-71.06708">
    <ele>180.38</ele>
   </trkpt>
   <trkpt lat="-33.45537" lon="-71.06742000000001">
    <ele>180.04</ele>
   </trkpt>
   <trkpt lat="-33.45591500066347" lon="-71.06784499728076">
    <ele>179.70000000000002</ele>
   </trkpt>
   <trkpt lat="-33.45646" lon="-71.06827000000001">
    <ele>179.75000000000003</ele>
   </trkpt>
   <trkpt lat="-33.45725500086644" lon="-71.06872499584838">
    <ele>179.37</ele>
   </trkpt>
   <trkpt lat="-33.45805" lon="-71.06918">
    <ele>179.18</ele>
   </trkpt>
   <trkpt lat="-33.45846" lon="-71.06952000000001">
    <ele>179.36</ele>
   </trkpt>
   <trkpt lat="-33.45913" lon="-71.0702">
    <ele>179.25000000000003</ele>
   </trkpt>
   <trkpt lat="-33.45966" lon="-71.07069">
    <ele>179.29</ele>
   </trkpt>
   <trkpt lat="-33.45998" lon="-71.07101">
    <ele>179.16</ele>
   </trkpt>
   <trkpt lat="-33.46036000118814" lon="-71.07156499749678">
    <ele>179.14000000000001</ele>
   </trkpt>
   <trkpt lat="-33.46074" lon="-71.07212000000001">
    <ele>179.25000000000003</ele>
   </trkpt>
   <trkpt lat="-33.461265002097925" lon="-71.07282999580092">
    <ele>179.46</ele>
   </trkpt>
   <trkpt lat="-33.46179" lon="-71.07354000000001">
    <ele>179.53000000000003</ele>
   </trkpt>
   <trkpt lat="-33.4621" lon="-71.07387">
    <ele>179.48000000000002</ele>
   </trkpt>
   <trkpt lat="-33.462430000000005" lon="-71.07412000000001">
    <ele>179.49</ele>
   </trkpt>
   <trkpt lat="-33.46269" lon="-71.07428">
    <ele>179.41</ele>
   </trkpt>
   <trkpt lat="-33.46309" lon="-71.07445">
    <ele>179.14000000000001</ele>
   </trkpt>
   <trkpt lat="-33.463260000000005" lon="-71.07459">
    <ele>179.02</ele>
   </trkpt>
   <trkpt lat="-33.4634" lon="-71.07477">
    <ele>178.89000000000001</ele>
   </trkpt>
   <trkpt lat="-33.463480000000004" lon="-71.07494000000001">
    <ele>178.89000000000001</ele>
   </trkpt>
   <trkpt lat="-33.46372" lon="-71.07587000000001">
    <ele>178.21</ele>
   </trkpt>
   <trkpt lat="-33.46396801192899" lon="-71.07673199012734">
    <ele>177.9</ele>
   </trkpt>
   <trkpt lat="-33.464216017892475" lon="-71.07759398518719">
    <ele>177.75000000000003</ele>
   </trkpt>
   <trkpt lat="-33.464464017890336" lon="-71.0784559851795">
    <ele>177.45000000000002</ele>
   </trkpt>
   <trkpt lat="-33.4647120119225" lon="-71.07931799010422">
    <ele>177.24</ele>
   </trkpt>
   <trkpt lat="-33.464960000000005" lon="-71.08018000000001">
    <ele>177.20000000000002</ele>
   </trkpt>
   <trkpt lat="-33.465243351641696" lon="-71.08113498439897">
    <ele>176.99</ele>
   </trkpt>
   <trkpt lat="-33.46552669596116" lon="-71.08208997504153">
    <ele>176.69</ele>
   </trkpt>
   <trkpt lat="-33.465810032958224" lon="-71.08304497192763">
    <ele>176.65</ele>
   </trkpt>
   <trkpt lat="-33.46609336263278" lon="-71.08399997505725">
    <ele>176.44</ele>
   </trkpt>
   <trkpt lat="-33.4663766849847" lon="-71.08495498443031">
    <ele>176.38</ele>
   </trkpt>
   <trkpt lat="-33.466660000000005" lon="-71.08591000000001">
    <ele>176.17000000000002</ele>
   </trkpt>
   <trkpt lat="-33.46691501450311" lon="-71.08675998749851">
    <ele>175.86</ele>
   </trkpt>
   <trkpt lat="-33.467170023205405" lon="-71.08760997999876">
    <ele>175.83</ele>
   </trkpt>
   <trkpt lat="-33.467425026106824" lon="-71.08845997750068">
    <ele>175.57</ele>
   </trkpt>
   <trkpt lat="-33.467680023207265" lon="-71.08930998000423">
    <ele>175.54</ele>
   </trkpt>
   <trkpt lat="-33.46793501450663" lon="-71.0901599875094">
    <ele>175.45000000000002</ele>
   </trkpt>
   <trkpt lat="-33.46819" lon="-71.09101000000001">
    <ele>175.37000000000003</ele>
   </trkpt>
   <trkpt lat="-33.46847669417748" lon="-71.09193553105722">
    <ele>175.16</ele>
   </trkpt>
   <trkpt lat="-33.46876338147709" lon="-71.09286106823761">
    <ele>174.95000000000002</ele>
   </trkpt>
   <trkpt lat="-33.469050061898685" lon="-71.09378661154115">
    <ele>174.6</ele>
   </trkpt>
   <trkpt lat="-33.46933673544214" lon="-71.09471216096779">
    <ele>174.29</ele>
   </trkpt>
   <trkpt lat="-33.469623402107345" lon="-71.09563771651749">
    <ele>174.16</ele>
   </trkpt>
   <trkpt lat="-33.4699100618942" lon="-71.0965632781902">
    <ele>173.79000000000002</ele>
   </trkpt>
   <trkpt lat="-33.47019671480255" lon="-71.09748884598588">
    <ele>173.52</ele>
   </trkpt>
   <trkpt lat="-33.47048336083229" lon="-71.09841441990453">
    <ele>173.49</ele>
   </trkpt>
   <trkpt lat="-33.47077" lon="-71.09934000000001">
    <ele>173.48000000000002</ele>
   </trkpt>
   <trkpt lat="-33.47079" lon="-71.09948">
    <ele>173.54000000000002</ele>
   </trkpt>
   <trkpt lat="-33.47077" lon="-71.09966">
    <ele>173.53</ele>
   </trkpt>
   <trkpt lat="-33.4707" lon="-71.09988">
    <ele>173.39000000000001</ele>
   </trkpt>
   <trkpt lat="-33.47063" lon="-71.10001000000001">
    <ele>173.39000000000001</ele>
   </trkpt>
   <trkpt lat="-33.47048" lon="-71.10012">
    <ele>173.34000000000003</ele>
   </trkpt>
   <trkpt lat="-33.469770000000004" lon="-71.10044">
    <ele>173.0</ele>
   </trkpt>
   <trkpt lat="-33.46936" lon="-71.10065">
    <ele>173.07</ele>
   </trkpt>
   <trkpt lat="-33.46916" lon="-71.10078">
    <ele>173.16</ele>
   </trkpt>
   <trkpt lat="-33.46904" lon="-71.10091">
    <ele>173.53</ele>
   </trkpt>
   <trkpt lat="-33.46895" lon="-71.10105">
    <ele>173.53</ele>
   </trkpt>
   <trkpt lat="-33.46882" lon="-71.10132">
    <ele>173.75</ele>
   </trkpt>
   <trkpt lat="-33.4686" lon="-71.10208">
    <ele>174.19</ele>
   </trkpt>
   <trkpt lat="-33.46853" lon="-71.10239">
    <ele>174.5</ele>
   </trkpt>
   <trkpt lat="-33.46851" lon="-71.10284">
    <ele>175.22</ele>
   </trkpt>
   <trkpt lat="-33.46855" lon="-71.10312">
    <ele>175.66</ele>
   </trkpt>
   <trkpt lat="-33.468630000000005" lon="-71.10341000000001">
    <ele>175.96</ele>
   </trkpt>
   <trkpt lat="-33.468790000000006" lon="-71.10383">
    <ele>176.35</ele>
   </trkpt>
   <trkpt lat="-33.46917586798604" lon="-71.10471578994996">
    <ele>177.26</ele>
   </trkpt>
   <trkpt lat="-33.46956172967208" lon="-71.10560158778763">
    <ele>177.77</ele>
   </trkpt>
   <trkpt lat="-33.46994758505797" lon="-71.10648739351306">
    <ele>177.78000000000003</ele>
   </trkpt>
   <trkpt lat="-33.47033343414358" lon="-71.10737320712629">
    <ele>177.41</ele>
   </trkpt>
   <trkpt lat="-33.470719276928754" lon="-71.10825902862739">
    <ele>177.15</ele>
   </trkpt>
   <trkpt lat="-33.47110511341332" lon="-71.10914485801644">
    <ele>176.43</ele>
   </trkpt>
   <trkpt lat="-33.47149094359716" lon="-71.11003069529345">
    <ele>175.77</ele>
   </trkpt>
   <trkpt lat="-33.471876767480126" lon="-71.11091654045852">
    <ele>175.19</ele>
   </trkpt>
   <trkpt lat="-33.47226258506205" lon="-71.11180239351167">
    <ele>174.82</ele>
   </trkpt>
   <trkpt lat="-33.47264839634279" lon="-71.11268825445298">
    <ele>174.61</ele>
   </trkpt>
   <trkpt lat="-33.4730342013222" lon="-71.1135741232825">
    <ele>174.38</ele>
   </trkpt>
   <trkpt lat="-33.473420000000004" lon="-71.11446000000001">
    <ele>174.48000000000002</ele>
   </trkpt>
   <trkpt lat="-33.47384000700455" lon="-71.11539332430696">
    <ele>174.43</ele>
   </trkpt>
   <trkpt lat="-33.474260007014294" lon="-71.11632665766182">
    <ele>174.33</ele>
   </trkpt>
   <trkpt lat="-33.47468" lon="-71.11726">
    <ele>174.31000000000003</ele>
   </trkpt>
   <trkpt lat="-33.475" lon="-71.11806">
    <ele>173.97</ele>
   </trkpt>
   <trkpt lat="-33.475220003716565" lon="-71.11874332976079">
    <ele>173.73000000000002</ele>
   </trkpt>
   <trkpt lat="-33.475440003683595" lon="-71.11942666299166">
    <ele>173.49</ele>
   </trkpt>
   <trkpt lat="-33.475660000000005" lon="-71.12011000000001">
    <ele>172.90000000000003</ele>
   </trkpt>
   <trkpt lat="-33.4759383512617" lon="-71.12105498482383">
    <ele>171.81</ele>
   </trkpt>
   <trkpt lat="-33.47621669535255" lon="-71.12199997571932">
    <ele>171.22</ele>
   </trkpt>
   <trkpt lat="-33.47649503227242" lon="-71.1229449726864">
    <ele>170.40000000000003</ele>
   </trkpt>
   <trkpt lat="-33.47677336202118" lon="-71.12388997572505">
    <ele>170.75</ele>
   </trkpt>
   <trkpt lat="-33.47705168459873" lon="-71.1248349848352">
    <ele>171.79000000000002</ele>
   </trkpt>
   <trkpt lat="-33.47733" lon="-71.12578">
    <ele>172.76000000000002</ele>
   </trkpt>
   <trkpt lat="-33.47757" lon="-71.12673000000001">
    <ele>173.84000000000003</ele>
   </trkpt>
   <trkpt lat="-33.47773250761117" lon="-71.12752499551769">
    <ele>174.56000000000003</ele>
   </trkpt>
   <trkpt lat="-33.47789501014705" lon="-71.1283199940177">
    <ele>174.86</ele>
   </trkpt>
   <trkpt lat="-33.47805750760759" lon="-71.12911499549996">
    <ele>175.05</ele>
   </trkpt>
   <trkpt lat="-33.47822" lon="-71.12991000000001">
    <ele>175.35</ele>
   </trkpt>
   <trkpt lat="-33.4784" lon="-71.13077000000001">
    <ele>176.1</ele>
   </trkpt>
   <trkpt lat="-33.47856" lon="-71.13114">
    <ele>175.73000000000002</ele>
   </trkpt>
   <trkpt lat="-33.47885" lon="-71.13168">
    <ele>174.86</ele>
   </trkpt>
   <trkpt lat="-33.47932667026553" lon="-71.1323499926186">
    <ele>172.8</ele>
   </trkpt>
   <trkpt lat="-33.479803336926224" lon="-71.13301999261012">
    <ele>171.65000000000003</ele>
   </trkpt>
   <trkpt lat="-33.48028" lon="-71.13369">
    <ele>170.53</ele>
   </trkpt>
   <trkpt lat="-33.48078000373547" lon="-71.13437332542549">
    <ele>169.87</ele>
   </trkpt>
   <trkpt lat="-33.481280003721125" lon="-71.1350566587391">
    <ele>169.29000000000002</ele>
   </trkpt>
   <trkpt lat="-33.48178" lon="-71.13574000000001">
    <ele>168.69</ele>
   </trkpt>
   <trkpt lat="-33.482186668944586" lon="-71.13627999484494">
    <ele>168.54000000000002</ele>
   </trkpt>
   <trkpt lat="-33.48259333554742" lon="-71.13681999476012">
    <ele>168.42000000000002</ele>
   </trkpt>
   <trkpt lat="-33.483000000000004" lon="-71.13736">
    <ele>168.36</ele>
   </trkpt>
   <trkpt lat="-33.48303" lon="-71.13733">
    <ele>168.36</ele>
   </trkpt>
   <trkpt lat="-33.48362000478263" lon="-71.13809998953774">
    <ele>167.91</ele>
   </trkpt>
   <trkpt lat="-33.48421000480377" lon="-71.13886998956515">
    <ele>167.26000000000002</ele>
   </trkpt>
   <trkpt lat="-33.4848" lon="-71.13964">
    <ele>167.22</ele>
   </trkpt>
   <trkpt lat="-33.48533801017247" lon="-71.14043598021483">
    <ele>167.22</ele>
   </trkpt>
   <trkpt lat="-33.485876015256444" lon="-71.14123197031842">
    <ele>167.13</ele>
   </trkpt>
   <trkpt lat="-33.48641401525176" lon="-71.14202797031102">
    <ele>167.53</ele>
   </trkpt>
   <trkpt lat="-33.486952010158255" lon="-71.14282398019283">
    <ele>168.02</ele>
   </trkpt>
   <trkpt lat="-33.48749" lon="-71.14362000000001">
    <ele>169.13</ele>
   </trkpt>
   <trkpt lat="-33.487942007476605" lon="-71.14430198577001">
    <ele>170.11</ele>
   </trkpt>
   <trkpt lat="-33.48839401121768" lon="-71.14498397865891">
    <ele>170.97</ele>
   </trkpt>
   <trkpt lat="-33.48884601122314" lon="-71.14566597866686">
    <ele>172.35</ele>
   </trkpt>
   <trkpt lat="-33.48929800749287" lon="-71.14634798579397">
    <ele>174.63</ele>
   </trkpt>
   <trkpt lat="-33.48975" lon="-71.14703">
    <ele>176.64000000000001</ele>
   </trkpt>
   <trkpt lat="-33.49002" lon="-71.14752">
    <ele>176.83</ele>
   </trkpt>
   <trkpt lat="-33.49044000916902" lon="-71.14839248729984">
    <ele>176.47</ele>
   </trkpt>
   <trkpt lat="-33.49086001222391" lon="-71.14926498306316">
    <ele>177.15</ele>
   </trkpt>
   <trkpt lat="-33.49128000916452" lon="-71.15013748729007">
    <ele>178.27</ele>
   </trkpt>
   <trkpt lat="-33.4917" lon="-71.15101">
    <ele>178.98000000000002</ele>
   </trkpt>
   <trkpt lat="-33.492055000576826" lon="-71.15141499824617">
    <ele>178.62</ele>
   </trkpt>
   <trkpt lat="-33.49241" lon="-71.15182">
    <ele>176.19</ele>
   </trkpt>
   <trkpt lat="-33.4928966707798" lon="-71.15253665859258">
    <ele>173.98000000000002</ele>
   </trkpt>
   <trkpt lat="-33.493383337434295" lon="-71.1532533252412">
    <ele>172.87000000000003</ele>
   </trkpt>
   <trkpt lat="-33.49387" lon="-71.15397">
    <ele>173.59000000000003</ele>
   </trkpt>
   <trkpt lat="-33.49403" lon="-71.15442">
    <ele>173.62000000000003</ele>
   </trkpt>
   <trkpt lat="-33.49414" lon="-71.15482">
    <ele>172.87000000000003</ele>
   </trkpt>
   <trkpt lat="-33.49418" lon="-71.15535000000001">
    <ele>171.66</ele>
   </trkpt>
   <trkpt lat="-33.494020000000006" lon="-71.15622">
    <ele>169.41</ele>
   </trkpt>
   <trkpt lat="-33.49398" lon="-71.15621">
    <ele>169.41</ele>
   </trkpt>
   <trkpt lat="-33.49383333781776" lon="-71.1569566691637">
    <ele>169.0</ele>
   </trkpt>
   <trkpt lat="-33.49368667115746" lon="-71.15770333579788">
    <ele>169.18000000000004</ele>
   </trkpt>
   <trkpt lat="-33.49354" lon="-71.15845">
    <ele>168.93000000000004</ele>
   </trkpt>
   <trkpt lat="-33.49334004778251" lon="-71.15949002641838">
    <ele>168.37</ele>
   </trkpt>
   <trkpt lat="-33.49314008687705" lon="-71.16053004803322">
    <ele>168.3</ele>
   </trkpt>
   <trkpt lat="-33.492940117283766" lon="-71.16157006484443">
    <ele>168.47</ele>
   </trkpt>
   <trkpt lat="-33.49274013900273" lon="-71.16261007685179">
    <ele>168.61</ele>
   </trkpt>
   <trkpt lat="-33.49254015203406" lon="-71.16365008405519">
    <ele>169.25</ele>
   </trkpt>
   <trkpt lat="-33.49234015637787" lon="-71.16469008645446">
    <ele>169.59</ele>
   </trkpt>
   <trkpt lat="-33.492140152034274" lon="-71.16573008404944">
    <ele>169.24</ele>
   </trkpt>
   <trkpt lat="-33.49194013900335" lon="-71.16677007684004">
    <ele>169.29000000000002</ele>
   </trkpt>
   <trkpt lat="-33.491740117285204" lon="-71.16781006482606">
    <ele>169.36</ele>
   </trkpt>
   <trkpt lat="-33.49154008687998" lon="-71.16885004800734">
    <ele>169.63</ele>
   </trkpt>
   <trkpt lat="-33.491340047787745" lon="-71.16989002638377">
    <ele>169.94</ele>
   </trkpt>
   <trkpt lat="-33.49114" lon="-71.17093000000001">
    <ele>170.27</ele>
   </trkpt>
   <trkpt lat="-33.49095667518749" lon="-71.17196000436225">
    <ele>170.09</ele>
   </trkpt>
   <trkpt lat="-33.49077334185396" lon="-71.17299000436323">
    <ele>169.83</ele>
   </trkpt>
   <trkpt lat="-33.490590000000005" lon="-71.17402">
    <ele>169.99</ele>
   </trkpt>
   <trkpt lat="-33.49043000927319" lon="-71.17489750488363">
    <ele>170.06</ele>
   </trkpt>
   <trkpt lat="-33.49027001236181" lon="-71.17577500652473">
    <ele>170.41</ele>
   </trkpt>
   <trkpt lat="-33.49011000926594" lon="-71.17665250492321">
    <ele>170.72</ele>
   </trkpt>
   <trkpt lat="-33.48995" lon="-71.17753">
    <ele>170.95000000000002</ele>
   </trkpt>
   <trkpt lat="-33.489733341971466" lon="-71.17856667182231">
    <ele>171.86</ele>
   </trkpt>
   <trkpt lat="-33.4895166753114" lon="-71.17960333845728">
    <ele>173.83</ele>
   </trkpt>
   <trkpt lat="-33.4893" lon="-71.18064000000001">
    <ele>175.17000000000002</ele>
   </trkpt>
   <trkpt lat="-33.489146670562135" lon="-71.18133666914568">
    <ele>176.14000000000001</ele>
   </trkpt>
   <trkpt lat="-33.488993337226155" lon="-71.18203333582436">
    <ele>177.33</ele>
   </trkpt>
   <trkpt lat="-33.48884" lon="-71.18273">
    <ele>179.11</ele>
   </trkpt>
   <trkpt lat="-33.48869000347914" lon="-71.18366000157435">
    <ele>180.86</ele>
   </trkpt>
   <trkpt lat="-33.48854" lon="-71.18459">
    <ele>181.85</ele>
   </trkpt>
   <trkpt lat="-33.48854" lon="-71.18477">
    <ele>181.70000000000002</ele>
   </trkpt>
   <trkpt lat="-33.48859" lon="-71.18499">
    <ele>181.70000000000002</ele>
   </trkpt>
   <trkpt lat="-33.4889080114467" lon="-71.18583398761456">
    <ele>180.85</ele>
   </trkpt>
   <trkpt lat="-33.48922601717233" lon="-71.18667798142758">
    <ele>180.28000000000003</ele>
   </trkpt>
   <trkpt lat="-33.489544017176776" lon="-71.18752198143908">
    <ele>179.08</ele>
   </trkpt>
   <trkpt lat="-33.489862011459934" lon="-71.18836598764905">
    <ele>178.1</ele>
   </trkpt>
   <trkpt lat="-33.49018" lon="-71.18921">
    <ele>176.91</ele>
   </trkpt>
   <trkpt lat="-33.49053558367375" lon="-71.19014552481991">
    <ele>175.49</ele>
   </trkpt>
   <trkpt lat="-33.49089116031795" lon="-71.19108105732278">
    <ele>174.41</ele>
   </trkpt>
   <trkpt lat="-33.49124672993247" lon="-71.19201659750863">
    <ele>173.3</ele>
   </trkpt>
   <trkpt lat="-33.49160229251714" lon="-71.19295214537748">
    <ele>172.69</ele>
   </trkpt>
   <trkpt lat="-33.49195784807181" lon="-71.19388770092934">
    <ele>172.11</ele>
   </trkpt>
   <trkpt lat="-33.49231339659635" lon="-71.19482326416423">
    <ele>171.93000000000004</ele>
   </trkpt>
   <trkpt lat="-33.49266893809058" lon="-71.19575883508215">
    <ele>172.11</ele>
   </trkpt>
   <trkpt lat="-33.49302447255436" lon="-71.19669441368313">
    <ele>172.57</ele>
   </trkpt>
   <trkpt lat="-33.49338" lon="-71.19763">
    <ele>172.73000000000002</ele>
   </trkpt>
   <trkpt lat="-33.49371" lon="-71.19854000000001">
    <ele>172.40000000000003</ele>
   </trkpt>
   <trkpt lat="-33.4940000065049" lon="-71.19927499260476">
    <ele>171.83</ele>
   </trkpt>
   <trkpt lat="-33.49429000867065" lon="-71.2000099901331">
    <ele>171.23000000000002</ele>
   </trkpt>
   <trkpt lat="-33.49458000649718" lon="-71.200744992585">
    <ele>170.51000000000002</ele>
   </trkpt>
   <trkpt lat="-33.494870000000006" lon="-71.20148">
    <ele>169.84</ele>
   </trkpt>
   <trkpt lat="-33.49520401283942" lon="-71.20237398620453">
    <ele>169.59</ele>
   </trkpt>
   <trkpt lat="-33.495538019259236" lon="-71.20326797930674">
    <ele>169.19</ele>
   </trkpt>
   <trkpt lat="-33.49587201925933" lon="-71.20416197930663">
    <ele>168.96000000000004</ele>
   </trkpt>
   <trkpt lat="-33.496206012839565" lon="-71.20505598620423">
    <ele>168.73000000000002</ele>
   </trkpt>
   <trkpt lat="-33.49654" lon="-71.20595">
    <ele>168.29000000000002</ele>
   </trkpt>
   <trkpt lat="-33.4968400112293" lon="-71.2067859884163">
    <ele>167.95000000000002</ele>
   </trkpt>
   <trkpt lat="-33.497140016844796" lon="-71.20762198262653">
    <ele>167.4</ele>
   </trkpt>
   <trkpt lat="-33.49744001684639" lon="-71.20845798263069">
    <ele>167.20000000000002</ele>
   </trkpt>
   <trkpt lat="-33.497740011233994" lon="-71.2092939884288">
    <ele>167.06</ele>
   </trkpt>
   <trkpt lat="-33.49804" lon="-71.21013">
    <ele>166.9</ele>
   </trkpt>
   <trkpt lat="-33.498385003240365" lon="-71.21102499649332">
    <ele>166.74000000000004</ele>
   </trkpt>
   <trkpt lat="-33.49873" lon="-71.21192">
    <ele>166.77</ele>
   </trkpt>
   <trkpt lat="-33.49899500201007" lon="-71.21262499787865">
    <ele>166.82000000000002</ele>
   </trkpt>
   <trkpt lat="-33.49926" lon="-71.21333">
    <ele>167.02</ele>
   </trkpt>
   <trkpt lat="-33.49933" lon="-71.21361">
    <ele>167.05</ele>
   </trkpt>
   <trkpt lat="-33.49938" lon="-71.21397">
    <ele>166.98000000000002</ele>
   </trkpt>
   <trkpt lat="-33.499420001682715" lon="-71.21461499989192">
    <ele>166.86</ele>
   </trkpt>
   <trkpt lat="-33.499460000000006" lon="-71.21526">
    <ele>166.93</ele>
   </trkpt>
   <trkpt lat="-33.499475003549826" lon="-71.21619999989419">
    <ele>167.12</ele>
   </trkpt>
   <trkpt lat="-33.49949" lon="-71.21714">
    <ele>166.9</ele>
   </trkpt>
   <trkpt lat="-33.499530012782856" lon="-71.21816999856603">
    <ele>166.67000000000002</ele>
   </trkpt>
   <trkpt lat="-33.499570017043666" lon="-71.21919999808412">
    <ele>166.19</ele>
   </trkpt>
   <trkpt lat="-33.499610012782405" lon="-71.2202299985541">
    <ele>166.38</ele>
   </trkpt>
   <trkpt lat="-33.49965" lon="-71.22126">
    <ele>166.33</ele>
   </trkpt>
   <trkpt lat="-33.499691484813184" lon="-71.22229785068136">
    <ele>166.32000000000002</ele>
   </trkpt>
   <trkpt lat="-33.49973296097387" lon="-71.22333570235737">
    <ele>165.68</ele>
   </trkpt>
   <trkpt lat="-33.49977442848202" lon="-71.22437355502781">
    <ele>165.38000000000002</ele>
   </trkpt>
   <trkpt lat="-33.49981588733765" lon="-71.22541140869248">
    <ele>165.06</ele>
   </trkpt>
   <trkpt lat="-33.4998573375407" lon="-71.22644926335117">
    <ele>164.89000000000001</ele>
   </trkpt>
   <trkpt lat="-33.49989877909116" lon="-71.22748711900367">
    <ele>165.95000000000002</ele>
   </trkpt>
   <trkpt lat="-33.49994021198901" lon="-71.22852497564979">
    <ele>166.04000000000002</ele>
   </trkpt>
   <trkpt lat="-33.499981636234246" lon="-71.22956283328931">
    <ele>165.43</ele>
   </trkpt>
   <trkpt lat="-33.50002305182681" lon="-71.23060069192202">
    <ele>165.14000000000001</ele>
   </trkpt>
   <trkpt lat="-33.500064458766694" lon="-71.23163855154775">
    <ele>165.4</ele>
   </trkpt>
   <trkpt lat="-33.50010585705389" lon="-71.23267641216626">
    <ele>165.84</ele>
   </trkpt>
   <trkpt lat="-33.50014724668837" lon="-71.23371427377735">
    <ele>166.48000000000002</ele>
   </trkpt>
   <trkpt lat="-33.50018862767009" lon="-71.23475213638083">
    <ele>166.71</ele>
   </trkpt>
   <trkpt lat="-33.50023" lon="-71.23579000000001">
    <ele>166.41</ele>
   </trkpt>
   <trkpt lat="-33.5002680124411" lon="-71.23666999844681">
    <ele>166.10000000000002</ele>
   </trkpt>
   <trkpt lat="-33.50030601866149" lon="-71.2375499976664">
    <ele>166.37</ele>
   </trkpt>
   <trkpt lat="-33.50034401866116" lon="-71.23842999765868">
    <ele>166.31</ele>
   </trkpt>
   <trkpt lat="-33.500382012440106" lon="-71.23930999842352">
    <ele>165.95000000000002</ele>
   </trkpt>
   <trkpt lat="-33.500420000000005" lon="-71.24019000000001">
    <ele>165.89000000000001</ele>
   </trkpt>
   <trkpt lat="-33.50045" lon="-71.24073">
    <ele>165.73000000000002</ele>
   </trkpt>
   <trkpt lat="-33.50052" lon="-71.24109">
    <ele>165.33</ele>
   </trkpt>
   <trkpt lat="-33.50065" lon="-71.24164">
    <ele>164.59</ele>
   </trkpt>
   <trkpt lat="-33.500840000000004" lon="-71.24220000000001">
    <ele>164.4</ele>
   </trkpt>
   <trkpt lat="-33.50116000198366" lon="-71.24290499736587">
    <ele>164.31</ele>
   </trkpt>
   <trkpt lat="-33.50148" lon="-71.24361">
    <ele>163.83</ele>
   </trkpt>
   <trkpt lat="-33.50164" lon="-71.24431000000001">
    <ele>163.01000000000002</ele>
   </trkpt>
   <trkpt lat="-33.50164" lon="-71.24455">
    <ele>163.01000000000002</ele>
   </trkpt>
   <trkpt lat="-33.50161" lon="-71.24485">
    <ele>162.94</ele>
   </trkpt>
   <trkpt lat="-33.501400003077855" lon="-71.24572500211158">
    <ele>163.18</ele>
   </trkpt>
   <trkpt lat="-33.50119" lon="-71.2466">
    <ele>163.44</ele>
   </trkpt>
   <trkpt lat="-33.50117" lon="-71.24687">
    <ele>163.44</ele>
   </trkpt>
   <trkpt lat="-33.50119" lon="-71.24714">
    <ele>163.20000000000002</ele>
   </trkpt>
   <trkpt lat="-33.50136447875409" lon="-71.24817331666982">
    <ele>163.18</ele>
   </trkpt>
   <trkpt lat="-33.501538948930865" lon="-71.24920663750524">
    <ele>163.46</ele>
   </trkpt>
   <trkpt lat="-33.50171341053024" lon="-71.25023996250611">
    <ele>164.64000000000001</ele>
   </trkpt>
   <trkpt lat="-33.50188786355214" lon="-71.25127329167229">
    <ele>166.08</ele>
   </trkpt>
   <trkpt lat="-33.502062307996454" lon="-71.2523066250036">
    <ele>167.36</ele>
   </trkpt>
   <trkpt lat="-33.5022367438631" lon="-71.25333996249987">
    <ele>167.91</ele>
   </trkpt>
   <trkpt lat="-33.502411171151984" lon="-71.25437330416094">
    <ele>168.15</ele>
   </trkpt>
   <trkpt lat="-33.50258558986301" lon="-71.25540664998668">
    <ele>168.21000000000004</ele>
   </trkpt>
   <trkpt lat="-33.50276" lon="-71.25644000000001">
    <ele>168.84</ele>
   </trkpt>
   <trkpt lat="-33.50287" lon="-71.25680000000001">
    <ele>169.42000000000002</ele>
   </trkpt>
   <trkpt lat="-33.50303" lon="-71.25711000000001">
    <ele>169.46000000000004</ele>
   </trkpt>
   <trkpt lat="-33.502495001068255" lon="-71.25764500338822">
    <ele>168.88</ele>
   </trkpt>
   <trkpt lat="-33.501960000000004" lon="-71.25818000000001">
    <ele>169.45000000000002</ele>
   </trkpt>
   <trkpt lat="-33.5013183421252" lon="-71.25884169119104">
    <ele>169.46000000000004</ele>
   </trkpt>
   <trkpt lat="-33.5006766807333" lon="-71.25950337257207">
    <ele>169.65</ele>
   </trkpt>
   <trkpt lat="-33.500035015824395" lon="-71.26016504414343">
    <ele>170.04000000000002</ele>
   </trkpt>
   <trkpt lat="-33.49939334739869" lon="-71.26082670590546">
    <ele>170.35</ele>
   </trkpt>
   <trkpt lat="-33.49875167545626" lon="-71.26148835785847">
    <ele>170.62</ele>
   </trkpt>
   <trkpt lat="-33.498110000000004" lon="-71.26215">
    <ele>171.43000000000004</ele>
   </trkpt>
   <trkpt lat="-33.49803" lon="-71.26227">
    <ele>171.43000000000004</ele>
   </trkpt>
   <trkpt lat="-33.49792" lon="-71.26272">
    <ele>171.81</ele>
   </trkpt>
   <trkpt lat="-33.497783339231376" lon="-71.26357666935228">
    <ele>172.63</ele>
   </trkpt>
   <trkpt lat="-33.497646672567754" lon="-71.26443333599985">
    <ele>173.64000000000001</ele>
   </trkpt>
   <trkpt lat="-33.497510000000005" lon="-71.26529000000001">
    <ele>174.03</ele>
   </trkpt>
   <trkpt lat="-33.49738667256701" lon="-71.2661466690701">
    <ele>174.41</ele>
   </trkpt>
   <trkpt lat="-33.49726333923905" lon="-71.2670033356994">
    <ele>175.03</ele>
   </trkpt>
   <trkpt lat="-33.49714" lon="-71.26786">
    <ele>176.48000000000002</ele>
   </trkpt>
   <trkpt lat="-33.49711" lon="-71.268">
    <ele>176.48000000000002</ele>
   </trkpt>
   <trkpt lat="-33.49689" lon="-71.26831">
    <ele>176.89000000000001</ele>
   </trkpt>
   <trkpt lat="-33.49619333878953" lon="-71.26883168766129">
    <ele>177.51</ele>
   </trkpt>
   <trkpt lat="-33.49549667539301" lon="-71.2693533669269">
    <ele>177.78000000000003</ele>
   </trkpt>
   <trkpt lat="-33.49480000981052" lon="-71.26987503779709">
    <ele>177.91</ele>
   </trkpt>
   <trkpt lat="-33.49410334204214" lon="-71.27039670027229">
    <ele>177.96</ele>
   </trkpt>
   <trkpt lat="-33.49340667208797" lon="-71.27091835435276">
    <ele>178.28000000000003</ele>
   </trkpt>
   <trkpt lat="-33.49271" lon="-71.27144000000001">
    <ele>178.25000000000003</ele>
   </trkpt>
   <trkpt lat="-33.492035001001994" lon="-71.27196000411821">
    <ele>178.19</ele>
   </trkpt>
   <trkpt lat="-33.49136" lon="-71.27248">
    <ele>178.25000000000003</ele>
   </trkpt>
   <trkpt lat="-33.49109" lon="-71.27265">
    <ele>178.08</ele>
   </trkpt>
   <trkpt lat="-33.49085" lon="-71.27278000000001">
    <ele>177.87000000000003</ele>
   </trkpt>
   <trkpt lat="-33.49010000027886" lon="-71.27305500239083">
    <ele>176.57</ele>
   </trkpt>
   <trkpt lat="-33.48935" lon="-71.27333">
    <ele>175.78000000000003</ele>
   </trkpt>
   <trkpt lat="-33.48854" lon="-71.27368">
    <ele>176.07</ele>
   </trkpt>
   <trkpt lat="-33.48794" lon="-71.27401">
    <ele>176.49</ele>
   </trkpt>
   <trkpt lat="-33.48767" lon="-71.27427">
    <ele>176.74</ele>
   </trkpt>
   <trkpt lat="-33.48738" lon="-71.27462">
    <ele>177.19</ele>
   </trkpt>
   <trkpt lat="-33.48707500088078" lon="-71.275070001485">
    <ele>177.46</ele>
   </trkpt>
   <trkpt lat="-33.48677" lon="-71.27552">
    <ele>177.56000000000003</ele>
   </trkpt>
   <trkpt lat="-33.4865" lon="-71.27579">
    <ele>177.85</ele>
   </trkpt>
   <trkpt lat="-33.486105000402695" lon="-71.27607500124458">
    <ele>178.47000000000003</ele>
   </trkpt>
   <trkpt lat="-33.485710000000005" lon="-71.27636000000001">
    <ele>178.67000000000002</ele>
   </trkpt>
   <trkpt lat="-33.485073335324245" lon="-71.27685667396064">
    <ele>178.55</ele>
   </trkpt>
   <trkpt lat="-33.48443666866735" lon="-71.27735334061957">
    <ele>178.49</ele>
   </trkpt>
   <trkpt lat="-33.4838" lon="-71.27785">
    <ele>178.81000000000003</ele>
   </trkpt>
   <trkpt lat="-33.48304" lon="-71.27839">
    <ele>180.11</ele>
   </trkpt>
   <trkpt lat="-33.48239000096403" lon="-71.27888500372951">
    <ele>180.86</ele>
   </trkpt>
   <trkpt lat="-33.48174" lon="-71.27938">
    <ele>182.4</ele>
   </trkpt>
   <trkpt lat="-33.48113500422023" lon="-71.27997001233523">
    <ele>182.58</ele>
   </trkpt>
   <trkpt lat="-33.480530005644894" lon="-71.28056001642925">
    <ele>181.73</ele>
   </trkpt>
   <trkpt lat="-33.479925004274115" lon="-71.28115001228231">
    <ele>182.11</ele>
   </trkpt>
   <trkpt lat="-33.47932" lon="-71.28174">
    <ele>184.29</ele>
   </trkpt>
   <trkpt lat="-33.478850000426895" lon="-71.28210000202463">
    <ele>184.92000000000002</ele>
   </trkpt>
   <trkpt lat="-33.47838" lon="-71.28246">
    <ele>184.58</ele>
   </trkpt>
   <trkpt lat="-33.4777650024492" lon="-71.2829100095756">
    <ele>184.39000000000001</ele>
   </trkpt>
   <trkpt lat="-33.477150003272236" lon="-71.28336001276244">
    <ele>184.54</ele>
   </trkpt>
   <trkpt lat="-33.476535002469156" lon="-71.28381000956074">
    <ele>185.57000000000002</ele>
   </trkpt>
   <trkpt lat="-33.47592" lon="-71.28426">
    <ele>188.38000000000002</ele>
   </trkpt>
   <trkpt lat="-33.47561" lon="-71.28468000000001">
    <ele>189.59</ele>
   </trkpt>
   <trkpt lat="-33.47529" lon="-71.28541">
    <ele>190.0</ele>
   </trkpt>
   <trkpt lat="-33.47493" lon="-71.28631">
    <ele>187.84</ele>
   </trkpt>
   <trkpt lat="-33.4746" lon="-71.28703">
    <ele>188.47000000000003</ele>
   </trkpt>
   <trkpt lat="-33.474340000000005" lon="-71.2877">
    <ele>189.82000000000002</ele>
   </trkpt>
   <trkpt lat="-33.47419" lon="-71.28824">
    <ele>190.93</ele>
   </trkpt>
   <trkpt lat="-33.47393500245558" lon="-71.28902000225592">
    <ele>191.75</ele>
   </trkpt>
   <trkpt lat="-33.47368" lon="-71.2898">
    <ele>192.63000000000002</ele>
   </trkpt>
   <trkpt lat="-33.47357" lon="-71.29007">
    <ele>192.83</ele>
   </trkpt>
   <trkpt lat="-33.47324500154792" lon="-71.29070000245123">
    <ele>193.46</ele>
   </trkpt>
   <trkpt lat="-33.47292" lon="-71.29133">
    <ele>194.26000000000002</ele>
   </trkpt>
   <trkpt lat="-33.47265" lon="-71.29167000000001">
    <ele>194.4</ele>
   </trkpt>
   <trkpt lat="-33.47245" lon="-71.29186">
    <ele>194.98000000000002</ele>
   </trkpt>
   <trkpt lat="-33.47224" lon="-71.292">
    <ele>194.98000000000002</ele>
   </trkpt>
   <trkpt lat="-33.47177" lon="-71.29221000000001">
    <ele>196.18</ele>
   </trkpt>
   <trkpt lat="-33.47097428647794" lon="-71.29238715261428">
    <ele>197.39000000000001</ele>
   </trkpt>
   <trkpt lat="-33.4701785727039" lon="-71.29256430197535">
    <ele>197.86</ele>
   </trkpt>
   <trkpt lat="-33.46938285867789" lon="-71.29274144808335">
    <ele>197.66</ele>
   </trkpt>
   <trkpt lat="-33.46858714439991" lon="-71.29291859093844">
    <ele>197.27000000000004</ele>
   </trkpt>
   <trkpt lat="-33.46779142986999" lon="-71.2930957305408">
    <ele>196.78</ele>
   </trkpt>
   <trkpt lat="-33.46699571508814" lon="-71.29327286689056">
    <ele>196.51000000000002</ele>
   </trkpt>
   <trkpt lat="-33.4662" lon="-71.29345">
    <ele>196.27</ele>
   </trkpt>
   <trkpt lat="-33.46540000123383" lon="-71.29363501536696">
    <ele>194.88000000000002</ele>
   </trkpt>
   <trkpt lat="-33.464600002192846" lon="-71.29382002731873">
    <ele>194.10000000000002</ele>
   </trkpt>
   <trkpt lat="-33.46380000287704" lon="-71.29400503585549">
    <ele>193.55</ele>
   </trkpt>
   <trkpt lat="-33.46300000328644" lon="-71.2941900409774">
    <ele>193.26000000000002</ele>
   </trkpt>
   <trkpt lat="-33.46220000342105" lon="-71.29437504268462">
    <ele>192.66000000000003</ele>
   </trkpt>
   <trkpt lat="-33.46140000328091" lon="-71.29456004097733">
    <ele>192.28</ele>
   </trkpt>
   <trkpt lat="-33.46060000286598" lon="-71.29474503585568">
    <ele>192.10000000000002</ele>
   </trkpt>
   <trkpt lat="-33.459800002176316" lon="-71.29493002731986">
    <ele>192.09</ele>
   </trkpt>
   <trkpt lat="-33.45900000121192" lon="-71.29511501537002">
    <ele>192.24</ele>
   </trkpt>
   <trkpt lat="-33.458200000000005" lon="-71.29530000000001">
    <ele>192.94000000000003</ele>
   </trkpt>
   <trkpt lat="-33.45785" lon="-71.29544">
    <ele>193.16000000000003</ele>
   </trkpt>
   <trkpt lat="-33.45747" lon="-71.29567">
    <ele>193.39000000000001</ele>
   </trkpt>
   <trkpt lat="-33.4572" lon="-71.29585">
    <ele>193.89000000000001</ele>
   </trkpt>
   <trkpt lat="-33.45698" lon="-71.29611">
    <ele>194.61</ele>
   </trkpt>
   <trkpt lat="-33.4566" lon="-71.29665">
    <ele>196.01000000000002</ele>
   </trkpt>
   <trkpt lat="-33.45609400903157" lon="-71.297400017506">
    <ele>199.24000000000004</ele>
   </trkpt>
   <trkpt lat="-33.4555880135474" lon="-71.29815002625854">
    <ele>200.09</ele>
   </trkpt>
   <trkpt lat="-33.455082013547646" lon="-71.29890002625777">
    <ele>200.8</ele>
   </trkpt>
   <trkpt lat="-33.45457600903243" lon="-71.29965001750394">
    <ele>201.78</ele>
   </trkpt>
   <trkpt lat="-33.45407" lon="-71.30040000000001">
    <ele>202.53</ele>
   </trkpt>
   <trkpt lat="-33.45352001669711" lon="-71.30123288884748">
    <ele>203.11</ele>
   </trkpt>
   <trkpt lat="-33.45297002782569" lon="-71.30206576713016">
    <ele>204.57000000000002</ele>
   </trkpt>
   <trkpt lat="-33.45242003338589" lon="-71.30289863484832">
    <ele>205.24</ele>
   </trkpt>
   <trkpt lat="-33.45187003337792" lon="-71.30373149200219">
    <ele>205.70000000000002</ele>
   </trkpt>
   <trkpt lat="-33.451320027801955" lon="-71.30456433859202">
    <ele>206.61</ele>
   </trkpt>
   <trkpt lat="-33.45077001665819" lon="-71.30539717461804">
    <ele>207.63</ele>
   </trkpt>
   <trkpt lat="-33.45022" lon="-71.30623">
    <ele>208.16</ele>
   </trkpt>
   <trkpt lat="-33.44979500146571" lon="-71.3068350029694">
    <ele>209.47</ele>
   </trkpt>
   <trkpt lat="-33.44937" lon="-71.30744">
    <ele>211.62000000000003</ele>
   </trkpt>
   <trkpt lat="-33.449045001040126" lon="-71.30794000181702">
    <ele>214.29</ele>
   </trkpt>
   <trkpt lat="-33.44872" lon="-71.30844">
    <ele>216.78000000000003</ele>
   </trkpt>
   <trkpt lat="-33.44863" lon="-71.30866">
    <ele>217.19000000000003</ele>
   </trkpt>
   <trkpt lat="-33.448505001906" lon="-71.30935000102076">
    <ele>220.37</ele>
   </trkpt>
   <trkpt lat="-33.44838" lon="-71.31004">
    <ele>222.28</ele>
   </trkpt>
   <trkpt lat="-33.44836" lon="-71.31022">
    <ele>222.58</ele>
   </trkpt>
   <trkpt lat="-33.44838" lon="-71.31071">
    <ele>222.93</ele>
   </trkpt>
   <trkpt lat="-33.44845" lon="-71.31093">
    <ele>223.15</ele>
   </trkpt>
   <trkpt lat="-33.4487" lon="-71.31147">
    <ele>224.01000000000002</ele>
   </trkpt>
   <trkpt lat="-33.44874" lon="-71.31161">
    <ele>224.01000000000002</ele>
   </trkpt>
   <trkpt lat="-33.4487950011908" lon="-71.31214999985872">
    <ele>224.74</ele>
   </trkpt>
   <trkpt lat="-33.44885" lon="-71.31269">
    <ele>225.20000000000002</ele>
   </trkpt>
   <trkpt lat="-33.44892" lon="-71.31295">
    <ele>225.48000000000002</ele>
   </trkpt>
   <trkpt lat="-33.449020000000004" lon="-71.31314">
    <ele>225.83</ele>
   </trkpt>
   <trkpt lat="-33.44921" lon="-71.3134">
    <ele>226.01000000000002</ele>
   </trkpt>
   <trkpt lat="-33.44964" lon="-71.31385">
    <ele>226.29000000000002</ele>
   </trkpt>
   <trkpt lat="-33.44972" lon="-71.31402">
    <ele>226.29000000000002</ele>
   </trkpt>
   <trkpt lat="-33.44977" lon="-71.31417">
    <ele>226.3</ele>
   </trkpt>
   <trkpt lat="-33.44979" lon="-71.31429">
    <ele>226.23000000000002</ele>
   </trkpt>
   <trkpt lat="-33.44977" lon="-71.31443">
    <ele>226.23000000000002</ele>
   </trkpt>
   <trkpt lat="-33.44964500128045" lon="-71.31499000070932">
    <ele>226.68</ele>
   </trkpt>
   <trkpt lat="-33.44952" lon="-71.31555">
    <ele>227.98000000000002</ele>
   </trkpt>
   <trkpt lat="-33.4495" lon="-71.31581">
    <ele>228.47</ele>
   </trkpt>
   <trkpt lat="-33.44957" lon="-71.31618">
    <ele>229.06</ele>
   </trkpt>
   <trkpt lat="-33.44975000205099" lon="-71.3168899986361">
    <ele>229.71</ele>
   </trkpt>
   <trkpt lat="-33.44993" lon="-71.3176">
    <ele>231.66000000000003</ele>
   </trkpt>
   <trkpt lat="-33.45009" lon="-71.31812000000001">
    <ele>233.21000000000004</ele>
   </trkpt>
   <trkpt lat="-33.45042" lon="-71.31895">
    <ele>234.75</ele>
   </trkpt>
   <trkpt lat="-33.45049" lon="-71.31926">
    <ele>235.89000000000001</ele>
   </trkpt>
   <trkpt lat="-33.45049" lon="-71.31998">
    <ele>236.74</ele>
   </trkpt>
   <trkpt lat="-33.45047000234772" lon="-71.32074500021797">
    <ele>239.32000000000002</ele>
   </trkpt>
   <trkpt lat="-33.450450000000004" lon="-71.32151">
    <ele>244.05</ele>
   </trkpt>
   <trkpt lat="-33.45044" lon="-71.32257">
    <ele>250.04000000000005</ele>
   </trkpt>
   <trkpt lat="-33.45049" lon="-71.32307">
    <ele>251.26000000000005</ele>
   </trkpt>
   <trkpt lat="-33.45056" lon="-71.32338">
    <ele>251.82000000000005</ele>
   </trkpt>
   <trkpt lat="-33.45064" lon="-71.32366">
    <ele>252.35000000000002</ele>
   </trkpt>
   <trkpt lat="-33.45084" lon="-71.32406">
    <ele>253.98999999999998</ele>
   </trkpt>
   <trkpt lat="-33.45114" lon="-71.3245">
    <ele>256.65999999999997</ele>
   </trkpt>
   <trkpt lat="-33.45131" lon="-71.32464">
    <ele>257.45</ele>
   </trkpt>
   <trkpt lat="-33.45154" lon="-71.32472">
    <ele>258.59000000000003</ele>
   </trkpt>
   <trkpt lat="-33.45176" lon="-71.32476000000001">
    <ele>261.52000000000004</ele>
   </trkpt>
   <trkpt lat="-33.45252" lon="-71.32468">
    <ele>265.88</ele>
   </trkpt>
   <trkpt lat="-33.45275" lon="-71.32468">
    <ele>267.55</ele>
   </trkpt>
   <trkpt lat="-33.45299" lon="-71.32472">
    <ele>268.85</ele>
   </trkpt>
   <trkpt lat="-33.4532" lon="-71.32480000000001">
    <ele>271.35</ele>
   </trkpt>
   <trkpt lat="-33.45389" lon="-71.32522">
    <ele>275.36000000000007</ele>
   </trkpt>
   <trkpt lat="-33.45443" lon="-71.32562">
    <ele>276.84000000000003</ele>
   </trkpt>
   <trkpt lat="-33.45449" lon="-71.32571">
    <ele>276.90000000000003</ele>
   </trkpt>
   <trkpt lat="-33.45454" lon="-71.32589">
    <ele>276.77000000000004</ele>
   </trkpt>
   <trkpt lat="-33.45454" lon="-71.32602">
    <ele>276.73</ele>
   </trkpt>
   <trkpt lat="-33.45452" lon="-71.32611">
    <ele>276.73</ele>
   </trkpt>
   <trkpt lat="-33.45427" lon="-71.32651">
    <ele>278.76</ele>
   </trkpt>
   <trkpt lat="-33.45421" lon="-71.32653">
    <ele>278.76</ele>
   </trkpt>
   <trkpt lat="-33.45416" lon="-71.32656">
    <ele>279.52000000000004</ele>
   </trkpt>
   <trkpt lat="-33.45405" lon="-71.3266">
    <ele>281.1</ele>
   </trkpt>
   <trkpt lat="-33.45366" lon="-71.32651">
    <ele>283.52000000000004</ele>
   </trkpt>
   <trkpt lat="-33.45349" lon="-71.32651">
    <ele>284.6</ele>
   </trkpt>
   <trkpt lat="-33.45326" lon="-71.3266">
    <ele>284.76</ele>
   </trkpt>
   <trkpt lat="-33.45293" lon="-71.32691000000001">
    <ele>286.56000000000006</ele>
   </trkpt>
   <trkpt lat="-33.45279" lon="-71.32696">
    <ele>287.48</ele>
   </trkpt>
   <trkpt lat="-33.45259" lon="-71.32701">
    <ele>288.2</ele>
   </trkpt>
   <trkpt lat="-33.4519" lon="-71.32691000000001">
    <ele>293.69</ele>
   </trkpt>
   <trkpt lat="-33.45178" lon="-71.32696">
    <ele>294.68</ele>
   </trkpt>
   <trkpt lat="-33.45172" lon="-71.32705">
    <ele>295.44000000000005</ele>
   </trkpt>
   <trkpt lat="-33.45167" lon="-71.32719">
    <ele>295.66</ele>
   </trkpt>
   <trkpt lat="-33.45172" lon="-71.32736">
    <ele>296.46</ele>
   </trkpt>
   <trkpt lat="-33.45209000145679" lon="-71.3279449976357">
    <ele>300.74</ele>
   </trkpt>
   <trkpt lat="-33.45246" lon="-71.32853">
    <ele>306.25</ele>
   </trkpt>
   <trkpt lat="-33.4525" lon="-71.32866">
    <ele>306.95</ele>
   </trkpt>
   <trkpt lat="-33.45246" lon="-71.3288">
    <ele>306.95</ele>
   </trkpt>
   <trkpt lat="-33.45237" lon="-71.32889">
    <ele>308.95</ele>
   </trkpt>
   <trkpt lat="-33.45228" lon="-71.32889">
    <ele>308.95</ele>
   </trkpt>
   <trkpt lat="-33.45192" lon="-71.32875">
    <ele>311.37</ele>
   </trkpt>
   <trkpt lat="-33.45161" lon="-71.32866">
    <ele>312.88000000000005</ele>
   </trkpt>
   <trkpt lat="-33.45131" lon="-71.32862">
    <ele>313.31</ele>
   </trkpt>
   <trkpt lat="-33.45096" lon="-71.32863">
    <ele>312.45</ele>
   </trkpt>
   <trkpt lat="-33.45087" lon="-71.32876">
    <ele>311.20000000000005</ele>
   </trkpt>
   <trkpt lat="-33.45087" lon="-71.32885">
    <ele>311.20000000000005</ele>
   </trkpt>
   <trkpt lat="-33.45089" lon="-71.32893">
    <ele>311.20000000000005</ele>
   </trkpt>
   <trkpt lat="-33.45114" lon="-71.32929">
    <ele>310.76000000000005</ele>
   </trkpt>
   <trkpt lat="-33.4512" lon="-71.32943">
    <ele>311.29</ele>
   </trkpt>
   <trkpt lat="-33.45125" lon="-71.3296">
    <ele>312.49000000000007</ele>
   </trkpt>
   <trkpt lat="-33.45127" lon="-71.32988">
    <ele>314.16</ele>
   </trkpt>
   <trkpt lat="-33.45136" lon="-71.33005">
    <ele>316.49000000000007</ele>
   </trkpt>
   <trkpt lat="-33.45152" lon="-71.33018000000001">
    <ele>317.62</ele>
   </trkpt>
   <trkpt lat="-33.45187" lon="-71.33019">
    <ele>320.58000000000004</ele>
   </trkpt>
   <trkpt lat="-33.45201" lon="-71.33023">
    <ele>321.89</ele>
   </trkpt>
   <trkpt lat="-33.45219" lon="-71.33036">
    <ele>323.12</ele>
   </trkpt>
   <trkpt lat="-33.45221" lon="-71.33046">
    <ele>323.12</ele>
   </trkpt>
   <trkpt lat="-33.45219" lon="-71.33063">
    <ele>325.12</ele>
   </trkpt>
   <trkpt lat="-33.45214" lon="-71.33072">
    <ele>325.12</ele>
   </trkpt>
   <trkpt lat="-33.45208" lon="-71.33077">
    <ele>325.12</ele>
   </trkpt>
   <trkpt lat="-33.45199" lon="-71.33086">
    <ele>326.61</ele>
   </trkpt>
   <trkpt lat="-33.45194" lon="-71.33108">
    <ele>327.47</ele>
   </trkpt>
   <trkpt lat="-33.45203" lon="-71.3313">
    <ele>329.84000000000003</ele>
   </trkpt>
   <trkpt lat="-33.45237" lon="-71.33148">
    <ele>330.69000000000005</ele>
   </trkpt>
   <trkpt lat="-33.45268" lon="-71.33157">
    <ele>333.72</ele>
   </trkpt>
   <trkpt lat="-33.45304" lon="-71.33162">
    <ele>336.34000000000003</ele>
   </trkpt>
   <trkpt lat="-33.45315" lon="-71.33170000000001">
    <ele>337.56</ele>
   </trkpt>
   <trkpt lat="-33.45326" lon="-71.33184">
    <ele>339.4200000000001</ele>
   </trkpt>
   <trkpt lat="-33.45328" lon="-71.33203">
    <ele>342.0</ele>
   </trkpt>
   <trkpt lat="-33.45324" lon="-71.33215000000001">
    <ele>342.0</ele>
   </trkpt>
   <trkpt lat="-33.45319" lon="-71.33221">
    <ele>342.98</ele>
   </trkpt>
   <trkpt lat="-33.45313" lon="-71.33228000000001">
    <ele>343.86000000000007</ele>
   </trkpt>
   <trkpt lat="-33.45304" lon="-71.33229">
    <ele>344.25</ele>
   </trkpt>
   <trkpt lat="-33.45286" lon="-71.33225">
    <ele>345.94</ele>
   </trkpt>
   <trkpt lat="-33.45272" lon="-71.33229">
    <ele>345.94</ele>
   </trkpt>
   <trkpt lat="-33.45257" lon="-71.33242">
    <ele>348.68000000000006</ele>
   </trkpt>
   <trkpt lat="-33.4525" lon="-71.33256">
    <ele>348.68000000000006</ele>
   </trkpt>
   <trkpt lat="-33.45248" lon="-71.33274">
    <ele>350.62000000000006</ele>
   </trkpt>
   <trkpt lat="-33.45255" lon="-71.3331">
    <ele>352.52000000000004</ele>
   </trkpt>
   <trkpt lat="-33.45255" lon="-71.33354">
    <ele>354.90999999999997</ele>
   </trkpt>
   <trkpt lat="-33.45261" lon="-71.33381">
    <ele>357.36</ele>
   </trkpt>
   <trkpt lat="-33.45268" lon="-71.33398000000001">
    <ele>357.36</ele>
   </trkpt>
   <trkpt lat="-33.45281" lon="-71.33416000000001">
    <ele>359.73</ele>
   </trkpt>
   <trkpt lat="-33.45297" lon="-71.33426">
    <ele>360.38000000000005</ele>
   </trkpt>
   <trkpt lat="-33.45335" lon="-71.33436">
    <ele>363.12000000000006</ele>
   </trkpt>
   <trkpt lat="-33.45344" lon="-71.33444">
    <ele>363.8</ele>
   </trkpt>
   <trkpt lat="-33.45355" lon="-71.33457">
    <ele>364.54</ele>
   </trkpt>
   <trkpt lat="-33.45358" lon="-71.33479000000001">
    <ele>367.74</ele>
   </trkpt>
   <trkpt lat="-33.45349" lon="-71.33565">
    <ele>372.35</ele>
   </trkpt>
   <trkpt lat="-33.45344" lon="-71.33574">
    <ele>373.86</ele>
   </trkpt>
   <trkpt lat="-33.45337" lon="-71.33583">
    <ele>373.86</ele>
   </trkpt>
   <trkpt lat="-33.45328" lon="-71.33592">
    <ele>374.50000000000006</ele>
   </trkpt>
   <trkpt lat="-33.45313" lon="-71.33596">
    <ele>376.19</ele>
   </trkpt>
   <trkpt lat="-33.45297" lon="-71.33592">
    <ele>377.11000000000007</ele>
   </trkpt>
   <trkpt lat="-33.45279" lon="-71.33578">
    <ele>379.65000000000003</ele>
   </trkpt>
   <trkpt lat="-33.4527" lon="-71.33578">
    <ele>379.65000000000003</ele>
   </trkpt>
   <trkpt lat="-33.45259" lon="-71.33583">
    <ele>379.65000000000003</ele>
   </trkpt>
   <trkpt lat="-33.4525" lon="-71.33596">
    <ele>381.27000000000004</ele>
   </trkpt>
   <trkpt lat="-33.45248" lon="-71.33605">
    <ele>381.27000000000004</ele>
   </trkpt>
   <trkpt lat="-33.45246" lon="-71.33672">
    <ele>385.13</ele>
   </trkpt>
   <trkpt lat="-33.45237" lon="-71.33754">
    <ele>392.28000000000003</ele>
   </trkpt>
   <trkpt lat="-33.452310000000004" lon="-71.33829">
    <ele>395.48</ele>
   </trkpt>
   <trkpt lat="-33.45232" lon="-71.33869">
    <ele>394.76000000000005</ele>
   </trkpt>
   <trkpt lat="-33.45237" lon="-71.33888">
    <ele>393.65000000000003</ele>
   </trkpt>
   <trkpt lat="-33.45241" lon="-71.33896">
    <ele>393.65000000000003</ele>
   </trkpt>
   <trkpt lat="-33.45281" lon="-71.33941">
    <ele>390.02000000000004</ele>
   </trkpt>
   <trkpt lat="-33.45304" lon="-71.33972">
    <ele>388.16</ele>
   </trkpt>
   <trkpt lat="-33.45317" lon="-71.33999">
    <ele>384.71000000000004</ele>
   </trkpt>
   <trkpt lat="-33.45355" lon="-71.34048">
    <ele>380.27000000000004</ele>
   </trkpt>
   <trkpt lat="-33.45362" lon="-71.34062">
    <ele>380.27000000000004</ele>
   </trkpt>
   <trkpt lat="-33.45364" lon="-71.34075">
    <ele>379.43000000000006</ele>
   </trkpt>
   <trkpt lat="-33.45358" lon="-71.34088000000001">
    <ele>378.50000000000006</ele>
   </trkpt>
   <trkpt lat="-33.45349" lon="-71.34089">
    <ele>377.8</ele>
   </trkpt>
   <trkpt lat="-33.45335" lon="-71.34072">
    <ele>375.02000000000004</ele>
   </trkpt>
   <trkpt lat="-33.45313" lon="-71.34035">
    <ele>372.34</ele>
   </trkpt>
   <trkpt lat="-33.45302" lon="-71.34021">
    <ele>370.20000000000005</ele>
   </trkpt>
   <trkpt lat="-33.4529" lon="-71.34017">
    <ele>370.20000000000005</ele>
   </trkpt>
   <trkpt lat="-33.45277" lon="-71.34027">
    <ele>368.99</ele>
   </trkpt>
   <trkpt lat="-33.45275" lon="-71.34035">
    <ele>367.85</ele>
   </trkpt>
   <trkpt lat="-33.45299" lon="-71.34097000000001">
    <ele>363.58</ele>
   </trkpt>
   <trkpt lat="-33.45308" lon="-71.34148">
    <ele>361.59000000000003</ele>
   </trkpt>
   <trkpt lat="-33.45308" lon="-71.34183">
    <ele>359.64</ele>
   </trkpt>
   <trkpt lat="-33.45302" lon="-71.34215">
    <ele>357.02</ele>
   </trkpt>
   <trkpt lat="-33.45293" lon="-71.34245">
    <ele>356.29</ele>
   </trkpt>
   <trkpt lat="-33.45263" lon="-71.34299">
    <ele>350.46000000000004</ele>
   </trkpt>
   <trkpt lat="-33.452440001889" lon="-71.34368500170443">
    <ele>346.77000000000004</ele>
   </trkpt>
   <trkpt lat="-33.45225" lon="-71.34438">
    <ele>342.27000000000004</ele>
   </trkpt>
   <trkpt lat="-33.45216" lon="-71.34456">
    <ele>340.03000000000003</ele>
   </trkpt>
   <trkpt lat="-33.45187" lon="-71.34497">
    <ele>336.96000000000004</ele>
   </trkpt>
   <trkpt lat="-33.45165" lon="-71.34541">
    <ele>332.89</ele>
   </trkpt>
   <trkpt lat="-33.45152" lon="-71.34563">
    <ele>331.73</ele>
   </trkpt>
   <trkpt lat="-33.45131" lon="-71.34578">
    <ele>330.39</ele>
   </trkpt>
   <trkpt lat="-33.45111" lon="-71.34599">
    <ele>329.79</ele>
   </trkpt>
   <trkpt lat="-33.45105" lon="-71.34612">
    <ele>329.24</ele>
   </trkpt>
   <trkpt lat="-33.45098" lon="-71.34635">
    <ele>329.24</ele>
   </trkpt>
   <trkpt lat="-33.45096" lon="-71.34653">
    <ele>328.02000000000004</ele>
   </trkpt>
   <trkpt lat="-33.45100500232002" lon="-71.347289999636">
    <ele>327.06</ele>
   </trkpt>
   <trkpt lat="-33.45105" lon="-71.34805">
    <ele>325.41</ele>
   </trkpt>
   <trkpt lat="-33.45105" lon="-71.3485">
    <ele>323.36</ele>
   </trkpt>
   <trkpt lat="-33.45096" lon="-71.34935">
    <ele>321.41</ele>
   </trkpt>
   <trkpt lat="-33.45088000293501" lon="-71.35020500077789">
    <ele>318.70000000000005</ele>
   </trkpt>
   <trkpt lat="-33.4508" lon="-71.35106">
    <ele>316.69</ele>
   </trkpt>
   <trkpt lat="-33.45073500251156" lon="-71.35185000051045">
    <ele>314.53000000000003</ele>
   </trkpt>
   <trkpt lat="-33.45067" lon="-71.35264000000001">
    <ele>313.14000000000004</ele>
   </trkpt>
   <trkpt lat="-33.45062" lon="-71.35350000000001">
    <ele>312.14000000000004</ele>
   </trkpt>
   <trkpt lat="-33.45065" lon="-71.3537">
    <ele>311.88000000000005</ele>
   </trkpt>
   <trkpt lat="-33.45073" lon="-71.35387">
    <ele>311.18</ele>
   </trkpt>
   <trkpt lat="-33.45109" lon="-71.3545">
    <ele>309.14000000000004</ele>
   </trkpt>
   <trkpt lat="-33.45114" lon="-71.35462000000001">
    <ele>308.38000000000005</ele>
   </trkpt>
   <trkpt lat="-33.45116" lon="-71.3549">
    <ele>307.56</ele>
   </trkpt>
   <trkpt lat="-33.45114" lon="-71.35588">
    <ele>302.67</ele>
   </trkpt>
   <trkpt lat="-33.45108000354156" lon="-71.35682000072559">
    <ele>295.57</ele>
   </trkpt>
   <trkpt lat="-33.45102" lon="-71.35776">
    <ele>295.2</ele>
   </trkpt>
   <trkpt lat="-33.45105" lon="-71.35871">
    <ele>300.29</ele>
   </trkpt>
   <trkpt lat="-33.45102" lon="-71.35894">
    <ele>302.56000000000006</ele>
   </trkpt>
   <trkpt lat="-33.450950000000006" lon="-71.35923000000001">
    <ele>302.56000000000006</ele>
   </trkpt>
   <trkpt lat="-33.45096" lon="-71.35921">
    <ele>302.56000000000006</ele>
   </trkpt>
   <trkpt lat="-33.45089" lon="-71.35933">
    <ele>303.23</ele>
   </trkpt>
   <trkpt lat="-33.45075" lon="-71.35947">
    <ele>304.13</ele>
   </trkpt>
   <trkpt lat="-33.45062" lon="-71.35956">
    <ele>305.46</ele>
   </trkpt>
   <trkpt lat="-33.45049" lon="-71.35961">
    <ele>305.46</ele>
   </trkpt>
   <trkpt lat="-33.45028" lon="-71.35964">
    <ele>307.17</ele>
   </trkpt>
   <trkpt lat="-33.4497999998126" lon="-71.35961999988145">
    <ele>310.15000000000003</ele>
   </trkpt>
   <trkpt lat="-33.44932" lon="-71.3596">
    <ele>312.43</ele>
   </trkpt>
   <trkpt lat="-33.44908" lon="-71.35951">
    <ele>313.89</ele>
   </trkpt>
   <trkpt lat="-33.44892" lon="-71.35946000000001">
    <ele>315.38000000000005</ele>
   </trkpt>
   <trkpt lat="-33.44849" lon="-71.35911">
    <ele>319.74</ele>
   </trkpt>
   <trkpt lat="-33.44834" lon="-71.35903">
    <ele>321.3</ele>
   </trkpt>
   <trkpt lat="-33.44814" lon="-71.35902">
    <ele>322.41</ele>
   </trkpt>
   <trkpt lat="-33.44764" lon="-71.35902">
    <ele>326.74</ele>
   </trkpt>
   <trkpt lat="-33.44749" lon="-71.35897">
    <ele>328.39</ele>
   </trkpt>
   <trkpt lat="-33.44728" lon="-71.35888">
    <ele>329.28000000000003</ele>
   </trkpt>
   <trkpt lat="-33.44695" lon="-71.35865000000001">
    <ele>334.32</ele>
   </trkpt>
   <trkpt lat="-33.44675" lon="-71.35853">
    <ele>336.82</ele>
   </trkpt>
   <trkpt lat="-33.44619" lon="-71.35849">
    <ele>341.87</ele>
   </trkpt>
   <trkpt lat="-33.44599" lon="-71.35844">
    <ele>343.12</ele>
   </trkpt>
   <trkpt lat="-33.44581" lon="-71.3583">
    <ele>344.48</ele>
   </trkpt>
   <trkpt lat="-33.44543" lon="-71.35794">
    <ele>350.56000000000006</ele>
   </trkpt>
   <trkpt lat="-33.44529" lon="-71.35785">
    <ele>351.79</ele>
   </trkpt>
   <trkpt lat="-33.44489" lon="-71.35771000000001">
    <ele>355.24000000000007</ele>
   </trkpt>
   <trkpt lat="-33.44473" lon="-71.35759">
    <ele>356.85</ele>
   </trkpt>
   <trkpt lat="-33.44464" lon="-71.3575">
    <ele>357.7</ele>
   </trkpt>
   <trkpt lat="-33.44429" lon="-71.35705">
    <ele>363.92</ele>
   </trkpt>
   <trkpt lat="-33.44408" lon="-71.35691">
    <ele>365.24</ele>
   </trkpt>
   <trkpt lat="-33.4439" lon="-71.35686000000001">
    <ele>368.68</ele>
   </trkpt>
   <trkpt lat="-33.44375" lon="-71.35683">
    <ele>368.68</ele>
   </trkpt>
   <trkpt lat="-33.44366" lon="-71.35686000000001">
    <ele>370.37</ele>
   </trkpt>
   <trkpt lat="-33.44343" lon="-71.35696">
    <ele>373.28000000000003</ele>
   </trkpt>
   <trkpt lat="-33.44328" lon="-71.35709">
    <ele>373.28000000000003</ele>
   </trkpt>
   <trkpt lat="-33.44292" lon="-71.35755">
    <ele>378.43000000000006</ele>
   </trkpt>
   <trkpt lat="-33.44279" lon="-71.35768">
    <ele>379.69</ele>
   </trkpt>
   <trkpt lat="-33.44261" lon="-71.35781">
    <ele>381.48</ele>
   </trkpt>
   <trkpt lat="-33.44238" lon="-71.3579">
    <ele>384.26000000000005</ele>
   </trkpt>
   <trkpt lat="-33.44211" lon="-71.35791">
    <ele>388.43000000000006</ele>
   </trkpt>
   <trkpt lat="-33.44193" lon="-71.3579">
    <ele>388.43000000000006</ele>
   </trkpt>
   <trkpt lat="-33.441610000000004" lon="-71.35781">
    <ele>393.25000000000006</ele>
   </trkpt>
   <trkpt lat="-33.4414" lon="-71.35780000000001">
    <ele>394.56</ele>
   </trkpt>
   <trkpt lat="-33.44122" lon="-71.35781">
    <ele>397.37000000000006</ele>
   </trkpt>
   <trkpt lat="-33.44108" lon="-71.3579">
    <ele>398.81000000000006</ele>
   </trkpt>
   <trkpt lat="-33.44095" lon="-71.35799">
    <ele>399.85</ele>
   </trkpt>
   <trkpt lat="-33.44079" lon="-71.35817">
    <ele>401.01000000000005</ele>
   </trkpt>
   <trkpt lat="-33.44061" lon="-71.35853">
    <ele>402.05</ele>
   </trkpt>
   <trkpt lat="-33.44051" lon="-71.35885">
    <ele>401.70000000000005</ele>
   </trkpt>
   <trkpt lat="-33.44035000217126" lon="-71.35958500133994">
    <ele>398.97</ele>
   </trkpt>
   <trkpt lat="-33.44019" lon="-71.36032">
    <ele>395.67</ele>
   </trkpt>
   <trkpt lat="-33.440145001479664" lon="-71.36092500016807">
    <ele>393.3</ele>
   </trkpt>
   <trkpt lat="-33.4401" lon="-71.36153">
    <ele>390.73</ele>
   </trkpt>
   <trkpt lat="-33.44005" lon="-71.36167">
    <ele>390.22</ele>
   </trkpt>
   <trkpt lat="-33.43979" lon="-71.36216">
    <ele>387.75000000000006</ele>
   </trkpt>
   <trkpt lat="-33.43965" lon="-71.36250000000001">
    <ele>384.95</ele>
   </trkpt>
   <trkpt lat="-33.43958" lon="-71.36279">
    <ele>383.82000000000005</ele>
   </trkpt>
   <trkpt lat="-33.43954" lon="-71.36345">
    <ele>382.21000000000004</ele>
   </trkpt>
   <trkpt lat="-33.43947" lon="-71.36364">
    <ele>380.93000000000006</ele>
   </trkpt>
   <trkpt lat="-33.43934" lon="-71.36385">
    <ele>379.92</ele>
   </trkpt>
   <trkpt lat="-33.43898" lon="-71.36422">
    <ele>377.52000000000004</ele>
   </trkpt>
   <trkpt lat="-33.43882" lon="-71.36443000000001">
    <ele>375.41</ele>
   </trkpt>
   <trkpt lat="-33.4386" lon="-71.3648">
    <ele>373.97</ele>
   </trkpt>
   <trkpt lat="-33.43844" lon="-71.36529">
    <ele>372.49</ele>
   </trkpt>
   <trkpt lat="-33.43831" lon="-71.36556">
    <ele>371.53000000000003</ele>
   </trkpt>
   <trkpt lat="-33.43822" lon="-71.36569">
    <ele>370.87</ele>
   </trkpt>
   <trkpt lat="-33.43775" lon="-71.36623">
    <ele>367.63</ele>
   </trkpt>
   <trkpt lat="-33.43744" lon="-71.36663">
    <ele>365.28000000000003</ele>
   </trkpt>
   <trkpt lat="-33.43695500204404" lon="-71.36734500400726">
    <ele>359.84000000000003</ele>
   </trkpt>
   <trkpt lat="-33.43647" lon="-71.36806">
    <ele>353.78000000000003</ele>
   </trkpt>
   <trkpt lat="-33.43641" lon="-71.36823000000001">
    <ele>352.96000000000004</ele>
   </trkpt>
   <trkpt lat="-33.43632" lon="-71.36851">
    <ele>352.24000000000007</ele>
   </trkpt>
   <trkpt lat="-33.43616" lon="-71.36923">
    <ele>348.02000000000004</ele>
   </trkpt>
   <trkpt lat="-33.43596" lon="-71.36968">
    <ele>346.05</ele>
   </trkpt>
   <trkpt lat="-33.43576" lon="-71.36994">
    <ele>344.42</ele>
   </trkpt>
   <trkpt lat="-33.435290001691335" lon="-71.37040333838333">
    <ele>341.71</ele>
   </trkpt>
   <trkpt lat="-33.43482000165983" lon="-71.37086667174766">
    <ele>336.65</ele>
   </trkpt>
   <trkpt lat="-33.43435" lon="-71.37133">
    <ele>333.42</ele>
   </trkpt>
   <trkpt lat="-33.43419" lon="-71.37155">
    <ele>331.66</ele>
   </trkpt>
   <trkpt lat="-33.43408" lon="-71.37174">
    <ele>330.82</ele>
   </trkpt>
   <trkpt lat="-33.43397" lon="-71.37218">
    <ele>328.69000000000005</ele>
   </trkpt>
   <trkpt lat="-33.4339" lon="-71.37236">
    <ele>327.59000000000003</ele>
   </trkpt>
   <trkpt lat="-33.43374" lon="-71.37263">
    <ele>326.68</ele>
   </trkpt>
   <trkpt lat="-33.43348" lon="-71.37291">
    <ele>326.0</ele>
   </trkpt>
   <trkpt lat="-33.43314" lon="-71.37338000000001">
    <ele>324.3</ele>
   </trkpt>
   <trkpt lat="-33.433" lon="-71.37361">
    <ele>323.02000000000004</ele>
   </trkpt>
   <trkpt lat="-33.43296" lon="-71.37388">
    <ele>322.6</ele>
   </trkpt>
   <trkpt lat="-33.43294" lon="-71.37464">
    <ele>321.61</ele>
   </trkpt>
   <trkpt lat="-33.43285" lon="-71.37495000000001">
    <ele>321.31000000000006</ele>
   </trkpt>
   <trkpt lat="-33.4326" lon="-71.37536">
    <ele>320.21000000000004</ele>
   </trkpt>
   <trkpt lat="-33.43226" lon="-71.37575000000001">
    <ele>319.71000000000004</ele>
   </trkpt>
   <trkpt lat="-33.43209" lon="-71.37608">
    <ele>318.83</ele>
   </trkpt>
   <trkpt lat="-33.43191" lon="-71.37656000000001">
    <ele>317.29</ele>
   </trkpt>
   <trkpt lat="-33.431730001669756" lon="-71.37719500113408">
    <ele>313.51</ele>
   </trkpt>
   <trkpt lat="-33.43155" lon="-71.37783">
    <ele>311.13</ele>
   </trkpt>
   <trkpt lat="-33.43135" lon="-71.37836">
    <ele>309.77000000000004</ele>
   </trkpt>
   <trkpt lat="-33.43126" lon="-71.37858">
    <ele>308.51</ele>
   </trkpt>
   <trkpt lat="-33.43080201036659" lon="-71.3793840169845">
    <ele>307.44000000000005</ele>
   </trkpt>
   <trkpt lat="-33.43034401554574" lon="-71.38018802548362">
    <ele>305.43</ele>
   </trkpt>
   <trkpt lat="-33.42988601553761" lon="-71.38099202549749">
    <ele>304.57</ele>
   </trkpt>
   <trkpt lat="-33.42942801034234" lon="-71.38179601702628">
    <ele>303.9</ele>
   </trkpt>
   <trkpt lat="-33.42897" lon="-71.38260000000001">
    <ele>302.46</ele>
   </trkpt>
   <trkpt lat="-33.4288" lon="-71.38289">
    <ele>301.51</ele>
   </trkpt>
   <trkpt lat="-33.428515000658614" lon="-71.38331000145146">
    <ele>298.97</ele>
   </trkpt>
   <trkpt lat="-33.42823" lon="-71.38373">
    <ele>296.19</ele>
   </trkpt>
   <trkpt lat="-33.42777250504697" lon="-71.38437751023721">
    <ele>293.44000000000005</ele>
   </trkpt>
   <trkpt lat="-33.42731500672963" lon="-71.38502501364897">
    <ele>291.37</ele>
   </trkpt>
   <trkpt lat="-33.42685750504807" lon="-71.38567251023538">
    <ele>289.88</ele>
   </trkpt>
   <trkpt lat="-33.4264" lon="-71.38632000000001">
    <ele>288.89000000000004</ele>
   </trkpt>
   <trkpt lat="-33.425875002078186" lon="-71.38704500442698">
    <ele>286.95000000000005</ele>
   </trkpt>
   <trkpt lat="-33.42535" lon="-71.38777">
    <ele>284.84000000000003</ele>
   </trkpt>
   <trkpt lat="-33.424787504238765" lon="-71.38836251150306">
    <ele>282.46000000000004</ele>
   </trkpt>
   <trkpt lat="-33.42422500566059" lon="-71.38895501532781">
    <ele>280.0</ele>
   </trkpt>
   <trkpt lat="-33.423662504265586" lon="-71.38954751147448">
    <ele>277.72</ele>
   </trkpt>
   <trkpt lat="-33.423100000000005" lon="-71.39014">
    <ele>276.06</ele>
   </trkpt>
   <trkpt lat="-33.422745000737514" lon="-71.39056000168209">
    <ele>275.44</ele>
   </trkpt>
   <trkpt lat="-33.42239" lon="-71.39098">
    <ele>273.66</ele>
   </trkpt>
   <trkpt lat="-33.42212" lon="-71.39125">
    <ele>273.01000000000005</ele>
   </trkpt>
   <trkpt lat="-33.42199" lon="-71.39134">
    <ele>272.73</ele>
   </trkpt>
   <trkpt lat="-33.42150500022227" lon="-71.3916050015128">
    <ele>271.82</ele>
   </trkpt>
   <trkpt lat="-33.421020000000006" lon="-71.39187000000001">
    <ele>270.21</ele>
   </trkpt>
   <trkpt lat="-33.42105" lon="-71.39201">
    <ele>270.06</ele>
   </trkpt>
   <trkpt lat="-33.42105" lon="-71.39219">
    <ele>269.7</ele>
   </trkpt>
   <trkpt lat="-33.421" lon="-71.39242">
    <ele>269.7</ele>
   </trkpt>
   <trkpt lat="-33.42059000074854" lon="-71.39286500215113">
    <ele>269.0</ele>
   </trkpt>
   <trkpt lat="-33.42018" lon="-71.39331">
    <ele>269.09</ele>
   </trkpt>
   <trkpt lat="-33.42011" lon="-71.39344000000001">
    <ele>269.17</ele>
   </trkpt>
   <trkpt lat="-33.42011" lon="-71.39358">
    <ele>269.25000000000006</ele>
   </trkpt>
   <trkpt lat="-33.4202" lon="-71.39375000000001">
    <ele>269.32</ele>
   </trkpt>
   <trkpt lat="-33.42031" lon="-71.39389">
    <ele>269.48</ele>
   </trkpt>
   <trkpt lat="-33.42047" lon="-71.39403">
    <ele>269.83</ele>
   </trkpt>
   <trkpt lat="-33.42065" lon="-71.39412">
    <ele>270.42</ele>
   </trkpt>
   <trkpt lat="-33.42114000016256" lon="-71.39427499914616">
    <ele>271.46000000000004</ele>
   </trkpt>
   <trkpt lat="-33.42163" lon="-71.39443">
    <ele>272.16</ele>
   </trkpt>
   <trkpt lat="-33.4217" lon="-71.39452">
    <ele>272.14000000000004</ele>
   </trkpt>
   <trkpt lat="-33.42172" lon="-71.39461">
    <ele>271.95000000000005</ele>
   </trkpt>
   <trkpt lat="-33.42168" lon="-71.3947">
    <ele>271.95000000000005</ele>
   </trkpt>
   <trkpt lat="-33.42159" lon="-71.39479">
    <ele>271.31</ele>
   </trkpt>
   <trkpt lat="-33.42152" lon="-71.39492">
    <ele>271.04</ele>
   </trkpt>
   <trkpt lat="-33.42125" lon="-71.39573">
    <ele>271.61</ele>
   </trkpt>
   <trkpt lat="-33.42123" lon="-71.39590000000001">
    <ele>271.48</ele>
   </trkpt>
   <trkpt lat="-33.42132" lon="-71.39627">
    <ele>271.11</ele>
   </trkpt>
   <trkpt lat="-33.42132" lon="-71.39641">
    <ele>270.90000000000003</ele>
   </trkpt>
   <trkpt lat="-33.42121" lon="-71.39677">
    <ele>269.88</ele>
   </trkpt>
   <trkpt lat="-33.42114" lon="-71.39716">
    <ele>269.23</ele>
   </trkpt>
   <trkpt lat="-33.42109" lon="-71.39766">
    <ele>268.67</ele>
   </trkpt>
   <trkpt lat="-33.42103" lon="-71.3978">
    <ele>268.29</ele>
   </trkpt>
   <trkpt lat="-33.42069500065298" lon="-71.39822000168905">
    <ele>266.82</ele>
   </trkpt>
   <trkpt lat="-33.42036" lon="-71.39864">
    <ele>265.29</ele>
   </trkpt>
   <trkpt lat="-33.41999000044773" lon="-71.39899500156828">
    <ele>264.26</ele>
   </trkpt>
   <trkpt lat="-33.41962" lon="-71.39935000000001">
    <ele>262.79</ele>
   </trkpt>
   <trkpt lat="-33.41933" lon="-71.39971">
    <ele>262.33</ele>
   </trkpt>
   <trkpt lat="-33.41881500065167" lon="-71.40011500240705">
    <ele>260.96000000000004</ele>
   </trkpt>
   <trkpt lat="-33.4183" lon="-71.40052">
    <ele>261.51</ele>
   </trkpt>
   <trkpt lat="-33.41796" lon="-71.40088">
    <ele>263.86</ele>
   </trkpt>
   <trkpt lat="-33.41758" lon="-71.40119">
    <ele>263.33</ele>
   </trkpt>
   <trkpt lat="-33.41738" lon="-71.40138">
    <ele>262.36</ele>
   </trkpt>
   <trkpt lat="-33.4172" lon="-71.40168">
    <ele>261.28000000000003</ele>
   </trkpt>
   <trkpt lat="-33.41713" lon="-71.40182">
    <ele>261.28000000000003</ele>
   </trkpt>
   <trkpt lat="-33.41709" lon="-71.40248000000001">
    <ele>259.42</ele>
   </trkpt>
   <trkpt lat="-33.41695500110543" lon="-71.40299500064242">
    <ele>258.52000000000004</ele>
   </trkpt>
   <trkpt lat="-33.41682" lon="-71.40351000000001">
    <ele>257.89</ele>
   </trkpt>
   <trkpt lat="-33.41675" lon="-71.40365">
    <ele>257.89</ele>
   </trkpt>
   <trkpt lat="-33.41639333658171" lon="-71.40429000532502">
    <ele>257.41</ele>
   </trkpt>
   <trkpt lat="-33.41603666987721" lon="-71.40493000539286">
    <ele>257.67</ele>
   </trkpt>
   <trkpt lat="-33.41568" lon="-71.40557000000001">
    <ele>256.62</ele>
   </trkpt>
   <trkpt lat="-33.415600000000005" lon="-71.40575000000001">
    <ele>256.21</ele>
   </trkpt>
   <trkpt lat="-33.41559" lon="-71.40576">
    <ele>256.21</ele>
   </trkpt>
   <trkpt lat="-33.41554" lon="-71.40595">
    <ele>255.01000000000002</ele>
   </trkpt>
   <trkpt lat="-33.41552" lon="-71.40616">
    <ele>254.38</ele>
   </trkpt>
   <trkpt lat="-33.41554" lon="-71.40666">
    <ele>253.37000000000003</ele>
   </trkpt>
   <trkpt lat="-33.41548" lon="-71.40733">
    <ele>252.74</ele>
   </trkpt>
   <trkpt lat="-33.41556" lon="-71.40769">
    <ele>252.46</ele>
   </trkpt>
   <trkpt lat="-33.41584" lon="-71.40820000000001">
    <ele>251.76999999999998</ele>
   </trkpt>
   <trkpt lat="-33.41588" lon="-71.4084">
    <ele>251.76999999999998</ele>
   </trkpt>
   <trkpt lat="-33.41588" lon="-71.40862">
    <ele>251.4</ele>
   </trkpt>
   <trkpt lat="-33.4157900055254" lon="-71.40945000173471">
    <ele>250.9</ele>
   </trkpt>
   <trkpt lat="-33.41570000552384" lon="-71.41028000174909">
    <ele>250.52</ele>
   </trkpt>
   <trkpt lat="-33.41561" lon="-71.41111000000001">
    <ele>249.55</ele>
   </trkpt>
   <trkpt lat="-33.41561" lon="-71.41131">
    <ele>249.22000000000003</ele>
   </trkpt>
   <trkpt lat="-33.41563" lon="-71.41149">
    <ele>249.22000000000003</ele>
   </trkpt>
   <trkpt lat="-33.415780000000005" lon="-71.41202000000001">
    <ele>248.56000000000003</ele>
   </trkpt>
   <trkpt lat="-33.41601000198181" lon="-71.41271999819534">
    <ele>247.10000000000002</ele>
   </trkpt>
   <trkpt lat="-33.41624" lon="-71.41342">
    <ele>245.88000000000002</ele>
   </trkpt>
   <trkpt lat="-33.416270000000004" lon="-71.41349000000001">
    <ele>245.88000000000002</ele>
   </trkpt>
   <trkpt lat="-33.41637" lon="-71.41354000000001">
    <ele>245.6</ele>
   </trkpt>
   <trkpt lat="-33.41642" lon="-71.41354000000001">
    <ele>245.6</ele>
   </trkpt>
   <trkpt lat="-33.41718" lon="-71.41332">
    <ele>247.32</ele>
   </trkpt>
   <trkpt lat="-33.41731" lon="-71.41332">
    <ele>248.01</ele>
   </trkpt>
   <trkpt lat="-33.4174" lon="-71.41333">
    <ele>248.22000000000003</ele>
   </trkpt>
   <trkpt lat="-33.41745" lon="-71.41341">
    <ele>248.22000000000003</ele>
   </trkpt>
   <trkpt lat="-33.41758" lon="-71.41373">
    <ele>247.08</ele>
   </trkpt>
   <trkpt lat="-33.41789" lon="-71.41462">
    <ele>244.28000000000003</ele>
   </trkpt>
   <trkpt lat="-33.41830500161288" lon="-71.41524999702047">
    <ele>242.17000000000002</ele>
   </trkpt>
   <trkpt lat="-33.41872" lon="-71.41588">
    <ele>240.82</ele>
   </trkpt>
   <trkpt lat="-33.4191250018896" lon="-71.41657499667576">
    <ele>239.82000000000002</ele>
   </trkpt>
   <trkpt lat="-33.41953" lon="-71.41727">
    <ele>239.87000000000003</ele>
   </trkpt>
   <trkpt lat="-33.41966" lon="-71.41744">
    <ele>240.25</ele>
   </trkpt>
   <trkpt lat="-33.4198" lon="-71.41754">
    <ele>240.81000000000003</ele>
   </trkpt>
   <trkpt lat="-33.41995" lon="-71.41762">
    <ele>240.90000000000003</ele>
   </trkpt>
   <trkpt lat="-33.42065" lon="-71.41776">
    <ele>238.55</ele>
   </trkpt>
   <trkpt lat="-33.42094" lon="-71.4179">
    <ele>238.34000000000003</ele>
   </trkpt>
   <trkpt lat="-33.42107" lon="-71.41803">
    <ele>238.51000000000002</ele>
   </trkpt>
   <trkpt lat="-33.42159" lon="-71.41887000000001">
    <ele>238.56000000000003</ele>
   </trkpt>
   <trkpt lat="-33.4217" lon="-71.41900000000001">
    <ele>239.03</ele>
   </trkpt>
   <trkpt lat="-33.42186" lon="-71.41909000000001">
    <ele>239.12000000000003</ele>
   </trkpt>
   <trkpt lat="-33.422475000261095" lon="-71.41927999869003">
    <ele>238.89000000000001</ele>
   </trkpt>
   <trkpt lat="-33.42309" lon="-71.41947">
    <ele>238.56000000000003</ele>
   </trkpt>
   <trkpt lat="-33.42327" lon="-71.41947">
    <ele>238.56000000000003</ele>
   </trkpt>
   <trkpt lat="-33.42338" lon="-71.41941">
    <ele>238.3</ele>
   </trkpt>
   <trkpt lat="-33.42365" lon="-71.41919">
    <ele>238.08</ele>
   </trkpt>
   <trkpt lat="-33.42371" lon="-71.41919">
    <ele>238.08</ele>
   </trkpt>
   <trkpt lat="-33.42399" lon="-71.4193">
    <ele>237.63</ele>
   </trkpt>
   <trkpt lat="-33.42427" lon="-71.41946">
    <ele>237.29000000000002</ele>
   </trkpt>
   <trkpt lat="-33.42452" lon="-71.41962000000001">
    <ele>237.34000000000003</ele>
   </trkpt>
   <trkpt lat="-33.42494" lon="-71.41987">
    <ele>237.39000000000001</ele>
   </trkpt>
   <trkpt lat="-33.42512" lon="-71.41994000000001">
    <ele>237.59000000000003</ele>
   </trkpt>
   <trkpt lat="-33.42528" lon="-71.41994000000001">
    <ele>237.72</ele>
   </trkpt>
   <trkpt lat="-33.42546" lon="-71.41991">
    <ele>238.48000000000002</ele>
   </trkpt>
   <trkpt lat="-33.42564" lon="-71.41982">
    <ele>238.48000000000002</ele>
   </trkpt>
   <trkpt lat="-33.42631" lon="-71.41919">
    <ele>241.51000000000002</ele>
   </trkpt>
   <trkpt lat="-33.42671" lon="-71.41892">
    <ele>243.3</ele>
   </trkpt>
   <trkpt lat="-33.42687" lon="-71.41883">
    <ele>243.16</ele>
   </trkpt>
   <trkpt lat="-33.42698" lon="-71.41881000000001">
    <ele>242.82</ele>
   </trkpt>
   <trkpt lat="-33.42718" lon="-71.41892">
    <ele>240.94</ele>
   </trkpt>
   <trkpt lat="-33.42741" lon="-71.41946">
    <ele>237.55</ele>
   </trkpt>
   <trkpt lat="-33.4275" lon="-71.41956">
    <ele>236.64000000000001</ele>
   </trkpt>
   <trkpt lat="-33.42784" lon="-71.41990000000001">
    <ele>235.65000000000003</ele>
   </trkpt>
   <trkpt lat="-33.428070000000005" lon="-71.42020000000001">
    <ele>235.26000000000002</ele>
   </trkpt>
   <trkpt lat="-33.42843000114271" lon="-71.42071999792684">
    <ele>234.55</ele>
   </trkpt>
   <trkpt lat="-33.42879" lon="-71.42124000000001">
    <ele>234.05</ele>
   </trkpt>
   <trkpt lat="-33.42909" lon="-71.42143">
    <ele>232.83</ele>
   </trkpt>
   <trkpt lat="-33.4299" lon="-71.42177000000001">
    <ele>231.03</ele>
   </trkpt>
   <trkpt lat="-33.43061" lon="-71.4221">
    <ele>230.26000000000002</ele>
   </trkpt>
   <trkpt lat="-33.4309" lon="-71.42233">
    <ele>230.37</ele>
   </trkpt>
   <trkpt lat="-33.43139" lon="-71.42291">
    <ele>230.88000000000002</ele>
   </trkpt>
   <trkpt lat="-33.4315" lon="-71.42309">
    <ele>230.9</ele>
   </trkpt>
   <trkpt lat="-33.43157" lon="-71.42331">
    <ele>230.82000000000002</ele>
   </trkpt>
   <trkpt lat="-33.431630000000006" lon="-71.42353">
    <ele>230.82000000000002</ele>
   </trkpt>
   <trkpt lat="-33.43169000156198" lon="-71.42415499951213">
    <ele>229.94</ele>
   </trkpt>
   <trkpt lat="-33.43175" lon="-71.42478000000001">
    <ele>229.94</ele>
   </trkpt>
   <trkpt lat="-33.43184000235085" lon="-71.4255449992296">
    <ele>230.08</ele>
   </trkpt>
   <trkpt lat="-33.43193" lon="-71.42631">
    <ele>230.99000000000004</ele>
   </trkpt>
   <trkpt lat="-33.43206" lon="-71.4268">
    <ele>231.68</ele>
   </trkpt>
   <trkpt lat="-33.43215" lon="-71.42699">
    <ele>231.8</ele>
   </trkpt>
   <trkpt lat="-33.43226" lon="-71.42716">
    <ele>231.9</ele>
   </trkpt>
   <trkpt lat="-33.43262" lon="-71.42752">
    <ele>230.63000000000002</ele>
   </trkpt>
   <trkpt lat="-33.43294500073619" lon="-71.42793999846386">
    <ele>231.83</ele>
   </trkpt>
   <trkpt lat="-33.43327" lon="-71.42836000000001">
    <ele>232.8</ele>
   </trkpt>
   <trkpt lat="-33.43365" lon="-71.42872000000001">
    <ele>233.24000000000004</ele>
   </trkpt>
   <trkpt lat="-33.43388" lon="-71.42886">
    <ele>233.64000000000001</ele>
   </trkpt>
   <trkpt lat="-33.43461" lon="-71.42922">
    <ele>234.39000000000001</ele>
   </trkpt>
   <trkpt lat="-33.43486" lon="-71.4294">
    <ele>235.26000000000002</ele>
   </trkpt>
   <trkpt lat="-33.43508" lon="-71.42966000000001">
    <ele>235.52</ele>
   </trkpt>
   <trkpt lat="-33.43525" lon="-71.42994">
    <ele>234.25</ele>
   </trkpt>
   <trkpt lat="-33.43553" lon="-71.43075">
    <ele>227.88000000000002</ele>
   </trkpt>
   <trkpt lat="-33.43578" lon="-71.43174">
    <ele>225.09</ele>
   </trkpt>
   <trkpt lat="-33.43592500118468" lon="-71.43226999932463">
    <ele>224.85000000000002</ele>
   </trkpt>
   <trkpt lat="-33.43607" lon="-71.4328">
    <ele>223.28</ele>
   </trkpt>
   <trkpt lat="-33.43618" lon="-71.43299">
    <ele>222.79000000000002</ele>
   </trkpt>
   <trkpt lat="-33.436495000885074" lon="-71.43340999871167">
    <ele>222.50000000000003</ele>
   </trkpt>
   <trkpt lat="-33.43681" lon="-71.43383">
    <ele>222.96</ele>
   </trkpt>
   <trkpt lat="-33.43719000075649" lon="-71.43424999821444">
    <ele>222.93</ele>
   </trkpt>
   <trkpt lat="-33.43757" lon="-71.43467000000001">
    <ele>222.85000000000002</ele>
   </trkpt>
   <trkpt lat="-33.43779" lon="-71.43486">
    <ele>222.95000000000002</ele>
   </trkpt>
   <trkpt lat="-33.43804" lon="-71.435">
    <ele>222.54000000000002</ele>
   </trkpt>
   <trkpt lat="-33.43822" lon="-71.43517">
    <ele>221.86</ele>
   </trkpt>
   <trkpt lat="-33.43835" lon="-71.43535">
    <ele>221.05</ele>
   </trkpt>
   <trkpt lat="-33.438745002677614" lon="-71.43615499649262">
    <ele>219.38000000000002</ele>
   </trkpt>
   <trkpt lat="-33.43914" lon="-71.43696">
    <ele>217.46</ele>
   </trkpt>
   <trkpt lat="-33.439450002508" lon="-71.43774499728436">
    <ele>214.92000000000002</ele>
   </trkpt>
   <trkpt lat="-33.43976" lon="-71.43853">
    <ele>214.02</ele>
   </trkpt>
   <trkpt lat="-33.43994" lon="-71.43876">
    <ele>213.97000000000003</ele>
   </trkpt>
   <trkpt lat="-33.44039" lon="-71.43929">
    <ele>213.79</ele>
   </trkpt>
   <trkpt lat="-33.44052" lon="-71.43947">
    <ele>213.76</ele>
   </trkpt>
   <trkpt lat="-33.44057" lon="-71.43961">
    <ele>213.76</ele>
   </trkpt>
   <trkpt lat="-33.44059" lon="-71.43981000000001">
    <ele>213.73000000000002</ele>
   </trkpt>
   <trkpt lat="-33.44055" lon="-71.44015">
    <ele>213.69000000000003</ele>
   </trkpt>
   <trkpt lat="-33.44035401566625" lon="-71.44113800894007">
    <ele>213.03000000000003</ele>
   </trkpt>
   <trkpt lat="-33.44015802349806" lon="-71.4421260134164">
    <ele>212.01</ele>
   </trkpt>
   <trkpt lat="-33.43996202349551" lon="-71.4431140134289">
    <ele>210.25000000000003</ele>
   </trkpt>
   <trkpt lat="-33.43976601565871" lon="-71.4441020089774">
    <ele>208.77</ele>
   </trkpt>
   <trkpt lat="-33.43957" lon="-71.44509000000001">
    <ele>206.82</ele>
   </trkpt>
   <trkpt lat="-33.43929" lon="-71.44605">
    <ele>205.6</ele>
   </trkpt>
   <trkpt lat="-33.43918" lon="-71.44628">
    <ele>205.6</ele>
   </trkpt>
   <trkpt lat="-33.43905" lon="-71.44645000000001">
    <ele>205.74</ele>
   </trkpt>
   <trkpt lat="-33.43896" lon="-71.44672">
    <ele>206.22</ele>
   </trkpt>
   <trkpt lat="-33.43881500223402" lon="-71.44747000137329">
    <ele>206.1</ele>
   </trkpt>
   <trkpt lat="-33.43867" lon="-71.44822">
    <ele>205.55</ele>
   </trkpt>
   <trkpt lat="-33.43855" lon="-71.44901">
    <ele>204.42000000000002</ele>
   </trkpt>
   <trkpt lat="-33.43858" lon="-71.44924">
    <ele>204.21000000000004</ele>
   </trkpt>
   <trkpt lat="-33.43864" lon="-71.4495">
    <ele>203.91</ele>
   </trkpt>
   <trkpt lat="-33.43871" lon="-71.44964">
    <ele>203.95000000000002</ele>
   </trkpt>
   <trkpt lat="-33.439" lon="-71.45005">
    <ele>204.52</ele>
   </trkpt>
   <trkpt lat="-33.439" lon="-71.45012000000001">
    <ele>204.52</ele>
   </trkpt>
   <trkpt lat="-33.43911" lon="-71.45017">
    <ele>204.31</ele>
   </trkpt>
   <trkpt lat="-33.439690000000006" lon="-71.45070000000001">
    <ele>204.06</ele>
   </trkpt>
   <trkpt lat="-33.43911" lon="-71.45017">
    <ele>204.52</ele>
   </trkpt>
   <trkpt lat="-33.439" lon="-71.45012000000001">
    <ele>204.52</ele>
   </trkpt>
   <trkpt lat="-33.43876" lon="-71.4501">
    <ele>204.82000000000002</ele>
   </trkpt>
   <trkpt lat="-33.43849" lon="-71.45012000000001">
    <ele>204.96</ele>
   </trkpt>
   <trkpt lat="-33.43802" lon="-71.45022">
    <ele>204.68000000000004</ele>
   </trkpt>
   <trkpt lat="-33.43761" lon="-71.45039000000001">
    <ele>204.89000000000001</ele>
   </trkpt>
   <trkpt lat="-33.43737" lon="-71.45044">
    <ele>205.17000000000002</ele>
   </trkpt>
   <trkpt lat="-33.43689500001835" lon="-71.45044">
    <ele>206.27</ele>
   </trkpt>
   <trkpt lat="-33.436420000000005" lon="-71.45044">
    <ele>206.95000000000002</ele>
   </trkpt>
   <trkpt lat="-33.43627" lon="-71.45043000000001">
    <ele>207.04000000000002</ele>
   </trkpt>
   <trkpt lat="-33.43611" lon="-71.45036">
    <ele>207.04000000000002</ele>
   </trkpt>
   <trkpt lat="-33.43563500040408" lon="-71.45005499835027">
    <ele>207.58</ele>
   </trkpt>
   <trkpt lat="-33.43516" lon="-71.44975000000001">
    <ele>207.94</ele>
   </trkpt>
   <trkpt lat="-33.43488" lon="-71.44959">
    <ele>207.96</ele>
   </trkpt>
   <trkpt lat="-33.43412" lon="-71.44931000000001">
    <ele>207.96</ele>
   </trkpt>
   <trkpt lat="-33.43372" lon="-71.44919">
    <ele>208.25</ele>
   </trkpt>
   <trkpt lat="-33.43327" lon="-71.44916">
    <ele>208.79</ele>
   </trkpt>
   <trkpt lat="-33.43292" lon="-71.44838">
    <ele>209.91</ele>
   </trkpt>
   <trkpt lat="-33.43250500007106" lon="-71.44863000130373">
    <ele>209.62000000000003</ele>
   </trkpt>
   <trkpt lat="-33.43209" lon="-71.44888">
    <ele>209.24</ele>
   </trkpt>
   <trkpt lat="-33.43195" lon="-71.44896">
    <ele>209.1</ele>
   </trkpt>
   <trkpt lat="-33.43173" lon="-71.44901">
    <ele>209.1</ele>
   </trkpt>
   <trkpt lat="-33.43135" lon="-71.44905">
    <ele>209.18</ele>
   </trkpt>
   <trkpt lat="-33.43114" lon="-71.44905">
    <ele>209.32</ele>
   </trkpt>
   <trkpt lat="-33.43039666682748" lon="-71.44889999742671">
    <ele>209.84000000000003</ele>
   </trkpt>
   <trkpt lat="-33.42965333347439" lon="-71.44874999742278">
    <ele>210.86</ele>
   </trkpt>
   <trkpt lat="-33.42891" lon="-71.4486">
    <ele>213.34000000000003</ele>
   </trkpt>
   <trkpt lat="-33.42864" lon="-71.44857">
    <ele>214.21</ele>
   </trkpt>
   <trkpt lat="-33.42812" lon="-71.44857">
    <ele>215.3</ele>
   </trkpt>
   <trkpt lat="-33.42750000011408" lon="-71.44863500045409">
    <ele>217.97000000000003</ele>
   </trkpt>
   <trkpt lat="-33.426880000000004" lon="-71.4487">
    <ele>221.79000000000002</ele>
   </trkpt>
   <trkpt lat="-33.42629" lon="-71.44878">
    <ele>224.89000000000001</ele>
   </trkpt>
   <trkpt lat="-33.42566" lon="-71.44879">
    <ele>226.9</ele>
   </trkpt>
   <trkpt lat="-33.4253" lon="-71.44874">
    <ele>228.20000000000002</ele>
   </trkpt>
   <trkpt lat="-33.42450400040467" lon="-71.44857799405516">
    <ele>230.43</ele>
   </trkpt>
   <trkpt lat="-33.423708000598744" lon="-71.44841599108119">
    <ele>232.99000000000004</ele>
   </trkpt>
   <trkpt lat="-33.42291200058223" lon="-71.44825399107798">
    <ele>235.90000000000003</ele>
   </trkpt>
   <trkpt lat="-33.42211600035515" lon="-71.44809199404537">
    <ele>238.74</ele>
   </trkpt>
   <trkpt lat="-33.42132" lon="-71.44793">
    <ele>241.40000000000003</ele>
   </trkpt>
   <trkpt lat="-33.42091" lon="-71.44779000000001">
    <ele>242.70000000000002</ele>
   </trkpt>
   <trkpt lat="-33.42051" lon="-71.44753">
    <ele>244.42000000000002</ele>
   </trkpt>
   <trkpt lat="-33.41989500085809" lon="-71.44703499639343">
    <ele>246.63000000000002</ele>
   </trkpt>
   <trkpt lat="-33.41928" lon="-71.44654">
    <ele>248.68</ele>
   </trkpt>
   <trkpt lat="-33.41897" lon="-71.44632">
    <ele>250.26000000000002</ele>
   </trkpt>
   <trkpt lat="-33.41866" lon="-71.44616">
    <ele>251.49000000000004</ele>
   </trkpt>
   <trkpt lat="-33.4185" lon="-71.4461">
    <ele>251.49000000000004</ele>
   </trkpt>
   <trkpt lat="-33.41821" lon="-71.44605">
    <ele>253.51000000000002</ele>
   </trkpt>
   <trkpt lat="-33.41794" lon="-71.44605">
    <ele>254.94</ele>
   </trkpt>
   <trkpt lat="-33.41754" lon="-71.44607">
    <ele>256.29</ele>
   </trkpt>
   <trkpt lat="-33.41727" lon="-71.44614">
    <ele>257.59999999999997</ele>
   </trkpt>
   <trkpt lat="-33.41677500009854" lon="-71.44634000116507">
    <ele>259.15000000000003</ele>
   </trkpt>
   <trkpt lat="-33.41628" lon="-71.44654">
    <ele>261.73</ele>
   </trkpt>
   <trkpt lat="-33.41588" lon="-71.44659">
    <ele>263.17</ele>
   </trkpt>
   <trkpt lat="-33.41563" lon="-71.44659">
    <ele>263.70000000000005</ele>
   </trkpt>
   <trkpt lat="-33.41521" lon="-71.4465">
    <ele>264.52000000000004</ele>
   </trkpt>
   <trkpt lat="-33.41452500037556" lon="-71.4461849975051">
    <ele>265.07000000000005</ele>
   </trkpt>
   <trkpt lat="-33.41384" lon="-71.44587">
    <ele>264.76</ele>
   </trkpt>
   <trkpt lat="-33.413240000173744" lon="-71.44557499787581">
    <ele>263.48</ele>
   </trkpt>
   <trkpt lat="-33.41264" lon="-71.44528000000001">
    <ele>262.01</ele>
   </trkpt>
   <trkpt lat="-33.41193500133819" lon="-71.44494499183665">
    <ele>259.86</ele>
   </trkpt>
   <trkpt lat="-33.41123000177605" lon="-71.44460998911178">
    <ele>256.88</ele>
   </trkpt>
   <trkpt lat="-33.41052500131361" lon="-71.44427499182521">
    <ele>254.96</ele>
   </trkpt>
   <trkpt lat="-33.40982" lon="-71.44394000000001">
    <ele>254.38</ele>
   </trkpt>
   <trkpt lat="-33.40906428856996" lon="-71.443595696316">
    <ele>253.26999999999998</ele>
   </trkpt>
   <trkpt lat="-33.40830857618893" lon="-71.44325139862279">
    <ele>251.87000000000003</ele>
   </trkpt>
   <trkpt lat="-33.40755286285701" lon="-71.44290710692015">
    <ele>251.53000000000003</ele>
   </trkpt>
   <trkpt lat="-33.406797148574206" lon="-71.44256282120776">
    <ele>251.20000000000002</ele>
   </trkpt>
   <trkpt lat="-33.40604143334058" lon="-71.44221854148537">
    <ele>253.12</ele>
   </trkpt>
   <trkpt lat="-33.40528571715617" lon="-71.44187426775275">
    <ele>255.76000000000005</ele>
   </trkpt>
   <trkpt lat="-33.40453" lon="-71.44153">
    <ele>256.13</ele>
   </trkpt>
   <trkpt lat="-33.40397" lon="-71.44113">
    <ele>255.58</ele>
   </trkpt>
   <trkpt lat="-33.4032600032883" lon="-71.4404866561236">
    <ele>252.65000000000003</ele>
   </trkpt>
   <trkpt lat="-33.40255000325668" lon="-71.43984332276179">
    <ele>248.76</ele>
   </trkpt>
   <trkpt lat="-33.40184" lon="-71.4392">
    <ele>244.51000000000002</ele>
   </trkpt>
   <trkpt lat="-33.40122" lon="-71.43876">
    <ele>242.11</ele>
   </trkpt>
   <trkpt lat="-33.40084" lon="-71.43862">
    <ele>241.26000000000002</ele>
   </trkpt>
   <trkpt lat="-33.40025500012635" lon="-71.43841999864186">
    <ele>240.63</ele>
   </trkpt>
   <trkpt lat="-33.39967" lon="-71.43822">
    <ele>240.31000000000003</ele>
   </trkpt>
   <trkpt lat="-33.39936" lon="-71.43813">
    <ele>239.96</ele>
   </trkpt>
   <trkpt lat="-33.399" lon="-71.43805">
    <ele>239.51000000000002</ele>
   </trkpt>
   <trkpt lat="-33.398200000045115" lon="-71.43794499903348">
    <ele>238.86</ele>
   </trkpt>
   <trkpt lat="-33.397400000000005" lon="-71.43784000000001">
    <ele>242.24</ele>
   </trkpt>
   <trkpt lat="-33.39661000014512" lon="-71.43774399650903">
    <ele>246.98000000000002</ele>
   </trkpt>
   <trkpt lat="-33.395820000216304" lon="-71.43764799476347">
    <ele>249.35000000000002</ele>
   </trkpt>
   <trkpt lat="-33.39503000021357" lon="-71.43755199476321">
    <ele>249.44000000000003</ele>
   </trkpt>
   <trkpt lat="-33.39424000013694" lon="-71.4374559965082">
    <ele>246.75000000000003</ele>
   </trkpt>
   <trkpt lat="-33.39345" lon="-71.43736000000001">
    <ele>242.53000000000003</ele>
   </trkpt>
   <trkpt lat="-33.39280999996469" lon="-71.43728999947858">
    <ele>241.24</ele>
   </trkpt>
   <trkpt lat="-33.39217" lon="-71.43722000000001">
    <ele>240.66</ele>
   </trkpt>
   <trkpt lat="-33.39175" lon="-71.43719">
    <ele>240.49</ele>
   </trkpt>
   <trkpt lat="-33.391110000000005" lon="-71.43708000000001">
    <ele>240.44</ele>
   </trkpt>
   <trkpt lat="-33.39087" lon="-71.43705">
    <ele>240.39000000000001</ele>
   </trkpt>
   <trkpt lat="-33.390153333624006" lon="-71.43686999703974">
    <ele>240.07000000000002</ele>
   </trkpt>
   <trkpt lat="-33.389436666988175" lon="-71.43668999704752">
    <ele>238.94</ele>
   </trkpt>
   <trkpt lat="-33.38872" lon="-71.43651000000001">
    <ele>235.22</ele>
   </trkpt>
   <trkpt lat="-33.38794250038747" lon="-71.43633249523954">
    <ele>229.84</ele>
   </trkpt>
   <trkpt lat="-33.38716500052226" lon="-71.43615499365409">
    <ele>226.96</ele>
   </trkpt>
   <trkpt lat="-33.386387500404396" lon="-71.43597749524353">
    <ele>226.84</ele>
   </trkpt>
   <trkpt lat="-33.38561" lon="-71.4358">
    <ele>227.8</ele>
   </trkpt>
   <trkpt lat="-33.38548" lon="-71.43579000000001">
    <ele>227.73000000000002</ele>
   </trkpt>
   <trkpt lat="-33.38534" lon="-71.4358">
    <ele>227.72</ele>
   </trkpt>
   <trkpt lat="-33.38519" lon="-71.43589">
    <ele>227.76000000000002</ele>
   </trkpt>
   <trkpt lat="-33.38499" lon="-71.43612">
    <ele>227.87</ele>
   </trkpt>
   <trkpt lat="-33.384475002229756" lon="-71.43685500426271">
    <ele>227.89000000000001</ele>
   </trkpt>
   <trkpt lat="-33.38396" lon="-71.43759">
    <ele>227.65</ele>
   </trkpt>
   <trkpt lat="-33.38346000356015" lon="-71.43826000775873">
    <ele>227.78</ele>
   </trkpt>
   <trkpt lat="-33.382960003520544" lon="-71.43893000781169">
    <ele>227.94000000000003</ele>
   </trkpt>
   <trkpt lat="-33.38246" lon="-71.43960000000001">
    <ele>228.27</ele>
   </trkpt>
   <trkpt lat="-33.38191667131303" lon="-71.4403633429093">
    <ele>228.91000000000003</ele>
   </trkpt>
   <trkpt lat="-33.38137333795363" lon="-71.4411266762791">
    <ele>230.81</ele>
   </trkpt>
   <trkpt lat="-33.38083" lon="-71.44189">
    <ele>232.51000000000002</ele>
   </trkpt>
   <trkpt lat="-33.38042500100675" lon="-71.44241500257257">
    <ele>234.42000000000002</ele>
   </trkpt>
   <trkpt lat="-33.38002" lon="-71.44294000000001">
    <ele>235.48000000000002</ele>
   </trkpt>
   <trkpt lat="-33.379705000814376" lon="-71.44340500176192">
    <ele>236.88</ele>
   </trkpt>
   <trkpt lat="-33.37939" lon="-71.44387">
    <ele>239.66</ele>
   </trkpt>
   <trkpt lat="-33.37919" lon="-71.44435">
    <ele>243.35</ele>
   </trkpt>
   <trkpt lat="-33.3789" lon="-71.44464">
    <ele>244.56000000000003</ele>
   </trkpt>
   <trkpt lat="-33.37848500119196" lon="-71.44516000234631">
    <ele>244.50000000000003</ele>
   </trkpt>
   <trkpt lat="-33.37807" lon="-71.44568000000001">
    <ele>244.59000000000003</ele>
   </trkpt>
   <trkpt lat="-33.37778" lon="-71.4461">
    <ele>244.53000000000003</ele>
   </trkpt>
   <trkpt lat="-33.377323335366114" lon="-71.44660667201602">
    <ele>244.46</ele>
   </trkpt>
   <trkpt lat="-33.37686666867382" lon="-71.44711333871105">
    <ele>244.99</ele>
   </trkpt>
   <trkpt lat="-33.37641" lon="-71.44762">
    <ele>248.00000000000003</ele>
   </trkpt>
   <trkpt lat="-33.3763" lon="-71.44767">
    <ele>248.74</ele>
   </trkpt>
   <trkpt lat="-33.37605" lon="-71.44772">
    <ele>251.75000000000003</ele>
   </trkpt>
   <trkpt lat="-33.37588" lon="-71.44772">
    <ele>252.72</ele>
   </trkpt>
   <trkpt lat="-33.37567" lon="-71.44767">
    <ele>253.72</ele>
   </trkpt>
   <trkpt lat="-33.37554" lon="-71.44762">
    <ele>253.93000000000004</ele>
   </trkpt>
   <trkpt lat="-33.37498666782788" lon="-71.44724666194595">
    <ele>253.53000000000003</ele>
   </trkpt>
   <trkpt lat="-33.37443333453823" lon="-71.44687332864217">
    <ele>253.18</ele>
   </trkpt>
   <trkpt lat="-33.37388" lon="-71.4465">
    <ele>253.54999999999998</ele>
   </trkpt>
   <trkpt lat="-33.3737" lon="-71.44641">
    <ele>253.76999999999998</ele>
   </trkpt>
   <trkpt lat="-33.37352" lon="-71.44637">
    <ele>254.13000000000002</ele>
   </trkpt>
   <trkpt lat="-33.37332" lon="-71.44636000000001">
    <ele>254.54000000000005</ele>
   </trkpt>
   <trkpt lat="-33.37314" lon="-71.44637">
    <ele>254.9</ele>
   </trkpt>
   <trkpt lat="-33.37257000017719" lon="-71.44648000069598">
    <ele>256.18</ele>
   </trkpt>
   <trkpt lat="-33.372" lon="-71.44659">
    <ele>257.21</ele>
   </trkpt>
   <trkpt lat="-33.3712" lon="-71.44663">
    <ele>260.45</ele>
   </trkpt>
   <trkpt lat="-33.3705" lon="-71.44669">
    <ele>264.21</ele>
   </trkpt>
   <trkpt lat="-33.3703" lon="-71.44677">
    <ele>265.38</ele>
   </trkpt>
   <trkpt lat="-33.37012" lon="-71.4469">
    <ele>266.99</ele>
   </trkpt>
   <trkpt lat="-33.36997" lon="-71.44708">
    <ele>268.21</ele>
   </trkpt>
   <trkpt lat="-33.36988" lon="-71.44735">
    <ele>269.54</ele>
   </trkpt>
   <trkpt lat="-33.36963000171083" lon="-71.4480000018233">
    <ele>273.32</ele>
   </trkpt>
   <trkpt lat="-33.36938" lon="-71.44865">
    <ele>279.29</ele>
   </trkpt>
   <trkpt lat="-33.369240000000005" lon="-71.44912000000001">
    <ele>281.46000000000004</ele>
   </trkpt>
   <trkpt lat="-33.36918" lon="-71.44964">
    <ele>285.54</ele>
   </trkpt>
   <trkpt lat="-33.36909" lon="-71.44995">
    <ele>286.43</ele>
   </trkpt>
   <trkpt lat="-33.36898" lon="-71.45013">
    <ele>287.78000000000003</ele>
   </trkpt>
   <trkpt lat="-33.36873" lon="-71.45044">
    <ele>292.22</ele>
   </trkpt>
   <trkpt lat="-33.36856" lon="-71.45062">
    <ele>294.50000000000006</ele>
   </trkpt>
   <trkpt lat="-33.36838" lon="-71.45070000000001">
    <ele>297.33000000000004</ele>
   </trkpt>
   <trkpt lat="-33.36788" lon="-71.4508">
    <ele>301.6</ele>
   </trkpt>
   <trkpt lat="-33.36775" lon="-71.45085">
    <ele>303.12</ele>
   </trkpt>
   <trkpt lat="-33.36762" lon="-71.45094">
    <ele>304.58</ele>
   </trkpt>
   <trkpt lat="-33.36744" lon="-71.45111">
    <ele>308.27000000000004</ele>
   </trkpt>
   <trkpt lat="-33.36706" lon="-71.45165">
    <ele>312.08000000000004</ele>
   </trkpt>
   <trkpt lat="-33.3669" lon="-71.45178">
    <ele>315.25</ele>
   </trkpt>
   <trkpt lat="-33.36672" lon="-71.45192">
    <ele>316.20000000000005</ele>
   </trkpt>
   <trkpt lat="-33.36612" lon="-71.45223">
    <ele>324.53000000000003</ele>
   </trkpt>
   <trkpt lat="-33.36571" lon="-71.45241">
    <ele>327.46000000000004</ele>
   </trkpt>
   <trkpt lat="-33.36529" lon="-71.45263">
    <ele>328.90000000000003</ele>
   </trkpt>
   <trkpt lat="-33.36455000058863" lon="-71.45304000353413">
    <ele>331.61</ele>
   </trkpt>
   <trkpt lat="-33.36381" lon="-71.45345">
    <ele>330.99</ele>
   </trkpt>
   <trkpt lat="-33.36363" lon="-71.45361000000001">
    <ele>329.95</ele>
   </trkpt>
   <trkpt lat="-33.36345" lon="-71.45384">
    <ele>329.52000000000004</ele>
   </trkpt>
   <trkpt lat="-33.363060000000004" lon="-71.45452">
    <ele>326.46000000000004</ele>
   </trkpt>
   <trkpt lat="-33.362585003043215" lon="-71.45539000473188">
    <ele>324.66</ele>
   </trkpt>
   <trkpt lat="-33.36211" lon="-71.45626">
    <ele>325.47</ele>
   </trkpt>
   <trkpt lat="-33.36182000091062" lon="-71.45672500147917">
    <ele>324.58000000000004</ele>
   </trkpt>
   <trkpt lat="-33.36153" lon="-71.45719000000001">
    <ele>324.11</ele>
   </trkpt>
   <trkpt lat="-33.36121500120044" lon="-71.45771500174092">
    <ele>323.27</ele>
   </trkpt>
   <trkpt lat="-33.3609" lon="-71.45824">
    <ele>322.62</ele>
   </trkpt>
   <trkpt lat="-33.36083" lon="-71.4585">
    <ele>322.39</ele>
   </trkpt>
   <trkpt lat="-33.36081" lon="-71.45873">
    <ele>322.32000000000005</ele>
   </trkpt>
   <trkpt lat="-33.36091000262281" lon="-71.45953499927967">
    <ele>322.85</ele>
   </trkpt>
   <trkpt lat="-33.36101" lon="-71.46034">
    <ele>321.85</ele>
   </trkpt>
   <trkpt lat="-33.361135001367884" lon="-71.46091999925753">
    <ele>321.74</ele>
   </trkpt>
   <trkpt lat="-33.36126" lon="-71.4615">
    <ele>321.83</ele>
   </trkpt>
   <trkpt lat="-33.36132" lon="-71.4619">
    <ele>321.54</ele>
   </trkpt>
   <trkpt lat="-33.36135" lon="-71.46234000000001">
    <ele>320.56</ele>
   </trkpt>
   <trkpt lat="-33.36135" lon="-71.46271">
    <ele>319.78000000000003</ele>
   </trkpt>
   <trkpt lat="-33.36126" lon="-71.46303">
    <ele>319.5</ele>
   </trkpt>
   <trkpt lat="-33.36115" lon="-71.46329">
    <ele>319.47</ele>
   </trkpt>
   <trkpt lat="-33.36092" lon="-71.46365">
    <ele>320.67</ele>
   </trkpt>
   <trkpt lat="-33.36059" lon="-71.46409">
    <ele>325.59000000000003</ele>
   </trkpt>
   <trkpt lat="-33.36043" lon="-71.46418">
    <ele>326.93000000000006</ele>
   </trkpt>
   <trkpt lat="-33.36038" lon="-71.46423">
    <ele>326.93000000000006</ele>
   </trkpt>
   <trkpt lat="-33.36027" lon="-71.46424">
    <ele>327.85</ele>
   </trkpt>
   <trkpt lat="-33.35976" lon="-71.46427">
    <ele>336.17</ele>
   </trkpt>
   <trkpt lat="-33.35965" lon="-71.46431000000001">
    <ele>336.17</ele>
   </trkpt>
   <trkpt lat="-33.35947" lon="-71.46441">
    <ele>336.17</ele>
   </trkpt>
   <trkpt lat="-33.359190000000005" lon="-71.46467000000001">
    <ele>339.91</ele>
   </trkpt>
   <trkpt lat="-33.35891" lon="-71.46499">
    <ele>344.44</ele>
   </trkpt>
   <trkpt lat="-33.35855" lon="-71.46517">
    <ele>343.90000000000003</ele>
   </trkpt>
   <trkpt lat="-33.35794" lon="-71.46531">
    <ele>338.06</ele>
   </trkpt>
   <trkpt lat="-33.35734" lon="-71.46561000000001">
    <ele>334.70000000000005</ele>
   </trkpt>
   <trkpt lat="-33.35716" lon="-71.46572">
    <ele>329.75000000000006</ele>
   </trkpt>
   <trkpt lat="-33.35694" lon="-71.46592000000001">
    <ele>326.5</ele>
   </trkpt>
   <trkpt lat="-33.356260000000006" lon="-71.46659000000001">
    <ele>321.36</ele>
   </trkpt>
   <trkpt lat="-33.35571" lon="-71.46718">
    <ele>315.55000000000007</ele>
   </trkpt>
   <trkpt lat="-33.35555" lon="-71.46732">
    <ele>314.44000000000005</ele>
   </trkpt>
   <trkpt lat="-33.35490500068248" lon="-71.46775000322542">
    <ele>313.18</ele>
   </trkpt>
   <trkpt lat="-33.354260000000004" lon="-71.46818">
    <ele>313.08000000000004</ele>
   </trkpt>
   <trkpt lat="-33.35392" lon="-71.46862">
    <ele>313.44000000000005</ele>
   </trkpt>
   <trkpt lat="-33.35374" lon="-71.4688">
    <ele>313.12</ele>
   </trkpt>
   <trkpt lat="-33.35318" lon="-71.46915">
    <ele>310.9</ele>
   </trkpt>
   <trkpt lat="-33.35295" lon="-71.4692">
    <ele>309.39</ele>
   </trkpt>
   <trkpt lat="-33.35266" lon="-71.4692">
    <ele>308.42</ele>
   </trkpt>
   <trkpt lat="-33.35239" lon="-71.46915">
    <ele>305.6</ele>
   </trkpt>
   <trkpt lat="-33.35183" lon="-71.46892000000001">
    <ele>303.47</ele>
   </trkpt>
   <trkpt lat="-33.351226667030524" lon="-71.46869999694182">
    <ele>303.34</ele>
   </trkpt>
   <trkpt lat="-33.350623333673106" lon="-71.46847999693308">
    <ele>303.61</ele>
   </trkpt>
   <trkpt lat="-33.35002" lon="-71.46826">
    <ele>303.83000000000004</ele>
   </trkpt>
   <trkpt lat="-33.349270000000004" lon="-71.46794000000001">
    <ele>304.35</ele>
   </trkpt>
   <trkpt lat="-33.34877" lon="-71.46777">
    <ele>305.02</ele>
   </trkpt>
   <trkpt lat="-33.3485" lon="-71.46772">
    <ele>305.44000000000005</ele>
   </trkpt>
   <trkpt lat="-33.34785000017011" lon="-71.46758333129704">
    <ele>306.82000000000005</ele>
   </trkpt>
   <trkpt lat="-33.347200000190526" lon="-71.46744666463469">
    <ele>308.05</ele>
   </trkpt>
   <trkpt lat="-33.34655" lon="-71.46731000000001">
    <ele>309.76000000000005</ele>
   </trkpt>
   <trkpt lat="-33.34601" lon="-71.46723">
    <ele>310.82000000000005</ele>
   </trkpt>
   <trkpt lat="-33.345420000000004" lon="-71.46725">
    <ele>310.78</ele>
   </trkpt>
   <trkpt lat="-33.34501" lon="-71.46728">
    <ele>311.61</ele>
   </trkpt>
   <trkpt lat="-33.34416" lon="-71.46741">
    <ele>314.64000000000004</ele>
   </trkpt>
   <trkpt lat="-33.343474999965046" lon="-71.46740499996041">
    <ele>316.49000000000007</ele>
   </trkpt>
   <trkpt lat="-33.34279" lon="-71.46740000000001">
    <ele>318.14000000000004</ele>
   </trkpt>
   <trkpt lat="-33.34216" lon="-71.46719">
    <ele>320.41</ele>
   </trkpt>
   <trkpt lat="-33.34169" lon="-71.46694000000001">
    <ele>323.05</ele>
   </trkpt>
   <trkpt lat="-33.341370000000005" lon="-71.46674">
    <ele>324.34000000000003</ele>
   </trkpt>
   <trkpt lat="-33.34111" lon="-71.46647">
    <ele>327.39</ele>
   </trkpt>
   <trkpt lat="-33.34098" lon="-71.4663">
    <ele>328.41</ele>
   </trkpt>
   <trkpt lat="-33.34098" lon="-71.4662">
    <ele>328.55</ele>
   </trkpt>
   <trkpt lat="-33.34107" lon="-71.46589">
    <ele>329.54</ele>
   </trkpt>
   <trkpt lat="-33.34111" lon="-71.46583000000001">
    <ele>329.54</ele>
   </trkpt>
   <trkpt lat="-33.34118" lon="-71.46575">
    <ele>329.94</ele>
   </trkpt>
   <trkpt lat="-33.34129" lon="-71.46571">
    <ele>330.67</ele>
   </trkpt>
   <trkpt lat="-33.34183" lon="-71.46567">
    <ele>333.58000000000004</ele>
   </trkpt>
   <trkpt lat="-33.34207" lon="-71.46561000000001">
    <ele>335.75000000000006</ele>
   </trkpt>
   <trkpt lat="-33.34219" lon="-71.46553">
    <ele>336.65</ele>
   </trkpt>
   <trkpt lat="-33.34227" lon="-71.46544">
    <ele>337.28000000000003</ele>
   </trkpt>
   <trkpt lat="-33.34239" lon="-71.46527">
    <ele>338.9200000000001</ele>
   </trkpt>
   <trkpt lat="-33.34243" lon="-71.46504">
    <ele>339.55</ele>
   </trkpt>
   <trkpt lat="-33.34245" lon="-71.46473">
    <ele>342.13000000000005</ele>
   </trkpt>
   <trkpt lat="-33.34245" lon="-71.46405">
    <ele>345.59</ele>
   </trkpt>
   <trkpt lat="-33.34239" lon="-71.46365">
    <ele>347.35</ele>
   </trkpt>
   <trkpt lat="-33.34239" lon="-71.4632">
    <ele>350.17</ele>
   </trkpt>
   <trkpt lat="-33.34221" lon="-71.46253">
    <ele>353.72</ele>
   </trkpt>
   <trkpt lat="-33.34214" lon="-71.4624">
    <ele>354.2</ele>
   </trkpt>
   <trkpt lat="-33.34185" lon="-71.46221">
    <ele>356.02</ele>
   </trkpt>
   <trkpt lat="-33.34176" lon="-71.46209">
    <ele>356.61</ele>
   </trkpt>
   <trkpt lat="-33.34147" lon="-71.46149000000001">
    <ele>361.14</ele>
   </trkpt>
   <trkpt lat="-33.3412" lon="-71.46118">
    <ele>363.13</ele>
   </trkpt>
   <trkpt lat="-33.34084" lon="-71.46092">
    <ele>364.09000000000003</ele>
   </trkpt>
   <trkpt lat="-33.34053" lon="-71.46073000000001">
    <ele>366.29</ele>
   </trkpt>
   <trkpt lat="-33.340340000000005" lon="-71.46047">
    <ele>367.06000000000006</ele>
   </trkpt>
   <trkpt lat="-33.34022" lon="-71.46037000000001">
    <ele>367.25</ele>
   </trkpt>
   <trkpt lat="-33.33966" lon="-71.46011">
    <ele>364.21000000000004</ele>
   </trkpt>
   <trkpt lat="-33.33921" lon="-71.45985">
    <ele>359.05</ele>
   </trkpt>
   <trkpt lat="-33.33903" lon="-71.45984">
    <ele>358.27000000000004</ele>
   </trkpt>
   <trkpt lat="-33.33874" lon="-71.45993">
    <ele>355.7</ele>
   </trkpt>
   <trkpt lat="-33.338710000000006" lon="-71.45996000000001">
    <ele>355.7</ele>
   </trkpt>
   <trkpt lat="-33.33858" lon="-71.46033">
    <ele>353.17</ele>
   </trkpt>
   <trkpt lat="-33.33849" lon="-71.46042">
    <ele>353.17</ele>
   </trkpt>
   <trkpt lat="-33.33836" lon="-71.46047">
    <ele>352.35</ele>
   </trkpt>
   <trkpt lat="-33.33798" lon="-71.46055000000001">
    <ele>350.01000000000005</ele>
   </trkpt>
   <trkpt lat="-33.33784" lon="-71.46051">
    <ele>347.77000000000004</ele>
   </trkpt>
   <trkpt lat="-33.33771" lon="-71.46043">
    <ele>347.77000000000004</ele>
   </trkpt>
   <trkpt lat="-33.33751" lon="-71.46024">
    <ele>345.31</ele>
   </trkpt>
   <trkpt lat="-33.33735" lon="-71.46001000000001">
    <ele>343.34000000000003</ele>
   </trkpt>
   <trkpt lat="-33.33724" lon="-71.4599">
    <ele>341.23</ele>
   </trkpt>
   <trkpt lat="-33.3371" lon="-71.45988000000001">
    <ele>341.23</ele>
   </trkpt>
   <trkpt lat="-33.33699" lon="-71.45989">
    <ele>340.6</ele>
   </trkpt>
   <trkpt lat="-33.33679" lon="-71.46016">
    <ele>338.69000000000005</ele>
   </trkpt>
   <trkpt lat="-33.33668" lon="-71.46019000000001">
    <ele>337.94</ele>
   </trkpt>
   <trkpt lat="-33.33657" lon="-71.46011">
    <ele>337.11</ele>
   </trkpt>
   <trkpt lat="-33.33645" lon="-71.45998">
    <ele>335.46000000000004</ele>
   </trkpt>
   <trkpt lat="-33.33637" lon="-71.45984">
    <ele>334.76</ele>
   </trkpt>
   <trkpt lat="-33.33623" lon="-71.45948">
    <ele>330.87000000000006</ele>
   </trkpt>
   <trkpt lat="-33.33601" lon="-71.45913">
    <ele>328.22</ele>
   </trkpt>
   <trkpt lat="-33.33563" lon="-71.45867000000001">
    <ele>321.76000000000005</ele>
   </trkpt>
   <trkpt lat="-33.33551" lon="-71.45859">
    <ele>319.6</ele>
   </trkpt>
   <trkpt lat="-33.33518" lon="-71.45859">
    <ele>317.15000000000003</ele>
   </trkpt>
   <trkpt lat="-33.335" lon="-71.4585">
    <ele>315.73</ele>
   </trkpt>
   <trkpt lat="-33.33493" lon="-71.45841">
    <ele>315.18</ele>
   </trkpt>
   <trkpt lat="-33.33489" lon="-71.45827">
    <ele>314.52000000000004</ele>
   </trkpt>
   <trkpt lat="-33.33489" lon="-71.45801">
    <ele>312.13</ele>
   </trkpt>
   <trkpt lat="-33.33482" lon="-71.45774">
    <ele>309.50000000000006</ele>
   </trkpt>
   <trkpt lat="-33.33471" lon="-71.4576">
    <ele>308.65000000000003</ele>
   </trkpt>
   <trkpt lat="-33.3344" lon="-71.45742">
    <ele>306.37</ele>
   </trkpt>
   <trkpt lat="-33.33374666864856" lon="-71.45692665929079">
    <ele>303.46</ele>
   </trkpt>
   <trkpt lat="-33.33309333534691" lon="-71.45643332598148">
    <ele>301.29</ele>
   </trkpt>
   <trkpt lat="-33.332440000000005" lon="-71.45594000000001">
    <ele>297.96</ele>
   </trkpt>
   <trkpt lat="-33.33205000037953" lon="-71.45562999860788">
    <ele>297.05</ele>
   </trkpt>
   <trkpt lat="-33.33166" lon="-71.45532">
    <ele>295.66</ele>
   </trkpt>
   <trkpt lat="-33.33122" lon="-71.45502">
    <ele>294.1</ele>
   </trkpt>
   <trkpt lat="-33.33095" lon="-71.45475">
    <ele>292.56000000000006</ele>
   </trkpt>
   <trkpt lat="-33.33063500067422" lon="-71.4543399985186">
    <ele>292.01000000000005</ele>
   </trkpt>
   <trkpt lat="-33.33032" lon="-71.45393">
    <ele>291.48</ele>
   </trkpt>
   <trkpt lat="-33.33016" lon="-71.45381">
    <ele>291.3</ele>
   </trkpt>
   <trkpt lat="-33.329414448249814" lon="-71.45346553197838">
    <ele>289.18000000000006</ele>
   </trkpt>
   <trkpt lat="-33.32866889554889" lon="-71.45312106985202">
    <ele>286.85</ele>
   </trkpt>
   <trkpt lat="-33.32792334189729" lon="-71.4527766136206">
    <ele>284.67</ele>
   </trkpt>
   <trkpt lat="-33.32717778729505" lon="-71.45243216328389">
    <ele>283.81</ele>
   </trkpt>
   <trkpt lat="-33.3264322317422" lon="-71.45208771884163">
    <ele>281.44</ele>
   </trkpt>
   <trkpt lat="-33.3256866752388" lon="-71.45174328029357">
    <ele>279.69000000000005</ele>
   </trkpt>
   <trkpt lat="-33.32494111778488" lon="-71.45139884763941">
    <ele>278.48</ele>
   </trkpt>
   <trkpt lat="-33.32419555938049" lon="-71.45105442087893">
    <ele>276.97</ele>
   </trkpt>
   <trkpt lat="-33.32345" lon="-71.45071">
    <ele>276.24</ele>
   </trkpt>
   <trkpt lat="-33.32314" lon="-71.45053">
    <ele>275.68</ele>
   </trkpt>
   <trkpt lat="-33.32287" lon="-71.45035">
    <ele>275.35</ele>
   </trkpt>
   <trkpt lat="-33.3222" lon="-71.44964">
    <ele>274.96000000000004</ele>
   </trkpt>
   <trkpt lat="-33.32188" lon="-71.44941">
    <ele>274.32</ele>
   </trkpt>
   <trkpt lat="-33.32146" lon="-71.44914">
    <ele>272.77</ele>
   </trkpt>
   <trkpt lat="-33.320765001543435" lon="-71.44878249145162">
    <ele>271.52000000000004</ele>
   </trkpt>
   <trkpt lat="-33.320070002062906" lon="-71.44842498860491">
    <ele>270.11</ele>
   </trkpt>
   <trkpt lat="-33.31937500155849" lon="-71.44806749145962">
    <ele>268.45</ele>
   </trkpt>
   <trkpt lat="-33.31868" lon="-71.44771">
    <ele>266.87</ele>
   </trkpt>
   <trkpt lat="-33.31794714664217" lon="-71.44731283710615">
    <ele>266.12</ele>
   </trkpt>
   <trkpt lat="-33.317214292020694" lon="-71.44691568089065">
    <ele>265.47</ele>
   </trkpt>
   <trkpt lat="-33.316481436135625" lon="-71.44651853135326">
    <ele>263.99</ele>
   </trkpt>
   <trkpt lat="-33.315748578987055" lon="-71.44612138849365">
    <ele>262.44</ele>
   </trkpt>
   <trkpt lat="-33.315015720575026" lon="-71.44572425231155">
    <ele>261.41</ele>
   </trkpt>
   <trkpt lat="-33.31428286089957" lon="-71.44532712280669">
    <ele>260.88</ele>
   </trkpt>
   <trkpt lat="-33.31355" lon="-71.44493">
    <ele>261.17</ele>
   </trkpt>
   <trkpt lat="-33.31364" lon="-71.44489">
    <ele>261.24</ele>
   </trkpt>
   <trkpt lat="-33.31376" lon="-71.4448">
    <ele>261.22</ele>
   </trkpt>
   <trkpt lat="-33.314230006429796" lon="-71.44390334302251">
    <ele>261.47</ele>
   </trkpt>
   <trkpt lat="-33.31470000641901" lon="-71.44300667637658">
    <ele>262.19000000000005</ele>
   </trkpt>
   <trkpt lat="-33.31517" lon="-71.44211">
    <ele>263.03000000000003</ele>
   </trkpt>
   <trkpt lat="-33.31546000205832" lon="-71.44139000244012">
    <ele>263.0</ele>
   </trkpt>
   <trkpt lat="-33.31575" lon="-71.44067000000001">
    <ele>262.94</ele>
   </trkpt>
   <trkpt lat="-33.31603333952859" lon="-71.43979000574653">
    <ele>262.91</ele>
   </trkpt>
   <trkpt lat="-33.316316672853596" lon="-71.43891000577247">
    <ele>262.91</ele>
   </trkpt>
   <trkpt lat="-33.3166" lon="-71.43803000000001">
    <ele>262.53999999999996</ele>
   </trkpt>
   <trkpt lat="-33.316810004234206" lon="-71.43730333682055">
    <ele>262.45</ele>
   </trkpt>
   <trkpt lat="-33.3170200042383" lon="-71.43657667013979">
    <ele>262.44</ele>
   </trkpt>
   <trkpt lat="-33.31723" lon="-71.43585">
    <ele>262.56</ele>
   </trkpt>
   <trkpt lat="-33.317492510121774" lon="-71.4349325082676">
    <ele>262.69000000000005</ele>
   </trkpt>
   <trkpt lat="-33.31775501349989" lon="-71.43401501100902">
    <ele>262.95</ele>
   </trkpt>
   <trkpt lat="-33.31801751013425" lon="-71.43309750822434">
    <ele>263.17</ele>
   </trkpt>
   <trkpt lat="-33.31828" lon="-71.43218">
    <ele>264.27</ele>
   </trkpt>
   <trkpt lat="-33.31853573443987" lon="-71.43126430182878">
    <ele>264.73</ele>
   </trkpt>
   <trkpt lat="-33.31879146216233" lon="-71.43034859828433">
    <ele>264.82</ele>
   </trkpt>
   <trkpt lat="-33.319047183167235" lon="-71.42943288936671">
    <ele>265.1</ele>
   </trkpt>
   <trkpt lat="-33.319302897454534" lon="-71.428517175076">
    <ele>265.19000000000005</ele>
   </trkpt>
   <trkpt lat="-33.319558605024085" lon="-71.42760145541222">
    <ele>265.46000000000004</ele>
   </trkpt>
   <trkpt lat="-33.3198143058758" lon="-71.42668573037545">
    <ele>265.68</ele>
   </trkpt>
   <trkpt lat="-33.32007" lon="-71.42577">
    <ele>265.67</ele>
   </trkpt>
   <trkpt lat="-33.32011" lon="-71.42554000000001">
    <ele>265.64000000000004</ele>
   </trkpt>
   <trkpt lat="-33.320100000000004" lon="-71.42499000000001">
    <ele>265.66</ele>
   </trkpt>
   <trkpt lat="-33.32" lon="-71.42439">
    <ele>265.68</ele>
   </trkpt>
   <trkpt lat="-33.31984" lon="-71.42375000000001">
    <ele>265.34000000000003</ele>
   </trkpt>
   <trkpt lat="-33.31973" lon="-71.42344">
    <ele>265.16</ele>
   </trkpt>
   <trkpt lat="-33.31962" lon="-71.42322">
    <ele>265.05</ele>
   </trkpt>
   <trkpt lat="-33.3190700168424" lon="-71.42244496577041">
    <ele>264.79</ele>
   </trkpt>
   <trkpt lat="-33.31852002887272" lon="-71.42166994132165">
    <ele>264.33</ele>
   </trkpt>
   <trkpt lat="-33.317970036091076" lon="-71.4208949266535">
    <ele>264.33</ele>
   </trkpt>
   <trkpt lat="-33.31742003849763" lon="-71.42011992176569">
    <ele>263.38</ele>
   </trkpt>
   <trkpt lat="-33.31687003609259" lon="-71.41934492665798">
    <ele>263.16</ele>
   </trkpt>
   <trkpt lat="-33.31632002887608" lon="-71.41856994133015">
    <ele>263.06</ele>
   </trkpt>
   <trkpt lat="-33.31577001684827" lon="-71.41779496578194">
    <ele>262.53999999999996</ele>
   </trkpt>
   <trkpt lat="-33.315220000000004" lon="-71.41702000000001">
    <ele>262.62</ele>
   </trkpt>
   <trkpt lat="-33.31472500230958" lon="-71.41626499575328">
    <ele>262.53000000000003</ele>
   </trkpt>
   <trkpt lat="-33.31423" lon="-71.41551000000001">
    <ele>262.49</ele>
   </trkpt>
   <trkpt lat="-33.313810000000004" lon="-71.41491">
    <ele>262.55</ele>
   </trkpt>
   <trkpt lat="-33.31446250279403" lon="-71.4144275108369">
    <ele>262.03999999999996</ele>
   </trkpt>
   <trkpt lat="-33.31511500372317" lon="-71.41394501445104">
    <ele>262.41</ele>
   </trkpt>
   <trkpt lat="-33.31576750278737" lon="-71.41346251084214">
    <ele>262.66</ele>
   </trkpt>
   <trkpt lat="-33.31642" lon="-71.41298">
    <ele>263.18</ele>
   </trkpt>
   <trkpt lat="-33.3172" lon="-71.41245">
    <ele>263.52000000000004</ele>
   </trkpt>
   <trkpt lat="-33.31764000024504" lon="-71.41217500142436">
    <ele>263.76</ele>
   </trkpt>
   <trkpt lat="-33.31808" lon="-71.4119">
    <ele>263.96000000000004</ele>
   </trkpt>
   <trkpt lat="-33.31834" lon="-71.41167">
    <ele>264.01</ele>
   </trkpt>
   <trkpt lat="-33.31864" lon="-71.41123">
    <ele>264.16</ele>
   </trkpt>
   <trkpt lat="-33.31877" lon="-71.41095">
    <ele>264.18</ele>
   </trkpt>
   <trkpt lat="-33.31896000129682" lon="-71.41040500088094">
    <ele>264.46000000000004</ele>
   </trkpt>
   <trkpt lat="-33.31915" lon="-71.40986000000001">
    <ele>265.05</ele>
   </trkpt>
   <trkpt lat="-33.31958500044305" lon="-71.41007499905444">
    <ele>264.75000000000006</ele>
   </trkpt>
   <trkpt lat="-33.32002" lon="-71.41029">
    <ele>265.03000000000003</ele>
   </trkpt>
   <trkpt lat="-33.32072" lon="-71.4107">
    <ele>265.21</ele>
   </trkpt>
   <trkpt lat="-33.32112500346049" lon="-71.40976500444054">
    <ele>265.39</ele>
   </trkpt>
   <trkpt lat="-33.32153" lon="-71.40883000000001">
    <ele>265.56</ele>
   </trkpt>
   <trkpt lat="-33.32193001934328" lon="-71.40793288185229">
    <ele>265.75000000000006</ele>
   </trkpt>
   <trkpt lat="-33.32233003223862" lon="-71.40703575546921">
    <ele>265.97</ele>
   </trkpt>
   <trkpt lat="-33.32273003868585" lon="-71.40613862085068">
    <ele>266.09000000000003</ele>
   </trkpt>
   <trkpt lat="-33.32313003868483" lon="-71.40524147799667">
    <ele>266.34000000000003</ele>
   </trkpt>
   <trkpt lat="-33.32353003223541" lon="-71.40434432690707">
    <ele>266.59000000000003</ele>
   </trkpt>
   <trkpt lat="-33.32393001933742" lon="-71.40344716758185">
    <ele>266.56</ele>
   </trkpt>
   <trkpt lat="-33.32433" lon="-71.40255">
    <ele>266.38</ele>
   </trkpt>
   <trkpt lat="-33.324645006267374" lon="-71.40182750784888">
    <ele>266.08000000000004</ele>
   </trkpt>
   <trkpt lat="-33.324960008352534" lon="-71.40110501047437">
    <ele>265.79</ele>
   </trkpt>
   <trkpt lat="-33.32527500625542" lon="-71.4003825078765">
    <ele>265.36</ele>
   </trkpt>
   <trkpt lat="-33.325590000000005" lon="-71.39966000000001">
    <ele>265.26</ele>
   </trkpt>
   <trkpt lat="-33.32567" lon="-71.39962">
    <ele>265.36</ele>
   </trkpt>
   <trkpt lat="-33.325955001409405" lon="-71.39902000203139">
    <ele>265.88</ele>
   </trkpt>
   <trkpt lat="-33.326240000000006" lon="-71.39842">
    <ele>266.34000000000003</ele>
   </trkpt>
   <trkpt lat="-33.3266200029307" lon="-71.39756000382333">
    <ele>266.82</ele>
   </trkpt>
   <trkpt lat="-33.327000000000005" lon="-71.39670000000001">
    <ele>267.01000000000005</ele>
   </trkpt>
   <trkpt lat="-33.32742251027122" lon="-71.39577501348201">
    <ele>267.28000000000003</ele>
   </trkpt>
   <trkpt lat="-33.32784501368709" lon="-71.39485001799355">
    <ele>267.61</ele>
   </trkpt>
   <trkpt lat="-33.32826751024746" lon="-71.3939250135345">
    <ele>267.82</ele>
   </trkpt>
   <trkpt lat="-33.32869" lon="-71.393">
    <ele>268.27</ele>
   </trkpt>
   <trkpt lat="-33.32878" lon="-71.39282">
    <ele>268.1</ele>
   </trkpt>
   <trkpt lat="-33.32901000155669" lon="-71.3921900017545">
    <ele>268.04</ele>
   </trkpt>
   <trkpt lat="-33.329240000000006" lon="-71.39156000000001">
    <ele>268.51000000000005</ele>
   </trkpt>
   <trkpt lat="-33.329565001659354" lon="-71.39091500242057">
    <ele>273.88</ele>
   </trkpt>
   <trkpt lat="-33.329890000000006" lon="-71.39027">
    <ele>276.36000000000007</ele>
   </trkpt>
   <trkpt lat="-33.33007" lon="-71.38988">
    <ele>277.14</ele>
   </trkpt>
   <trkpt lat="-33.32980500090977" lon="-71.38940999861441">
    <ele>276.23</ele>
   </trkpt>
   <trkpt lat="-33.32954" lon="-71.38894">
    <ele>274.73</ele>
   </trkpt>
   <trkpt lat="-33.329390000000004" lon="-71.38865000000001">
    <ele>273.86000000000007</ele>
   </trkpt>
   <trkpt lat="-33.3293" lon="-71.38842000000001">
    <ele>273.22</ele>
   </trkpt>
   <trkpt lat="-33.32914" lon="-71.38802000000001">
    <ele>271.13000000000005</ele>
   </trkpt>
   <trkpt lat="-33.328840003073125" lon="-71.3871449970044">
    <ele>270.15</ele>
   </trkpt>
   <trkpt lat="-33.328540000000004" lon="-71.38627000000001">
    <ele>270.46000000000004</ele>
   </trkpt>
   <trkpt lat="-33.328265002300434" lon="-71.38551499766325">
    <ele>271.16</ele>
   </trkpt>
   <trkpt lat="-33.32799" lon="-71.38476">
    <ele>272.52000000000004</ele>
   </trkpt>
   <trkpt lat="-33.32788" lon="-71.38433">
    <ele>273.34000000000003</ele>
   </trkpt>
   <trkpt lat="-33.32786" lon="-71.3837">
    <ele>274.52000000000004</ele>
   </trkpt>
   <trkpt lat="-33.32795" lon="-71.3827">
    <ele>274.64</ele>
   </trkpt>
   <trkpt lat="-33.32795" lon="-71.38221">
    <ele>274.01000000000005</ele>
   </trkpt>
   <trkpt lat="-33.32793" lon="-71.38199">
    <ele>273.87</ele>
   </trkpt>
   <trkpt lat="-33.32786" lon="-71.38173">
    <ele>273.71</ele>
   </trkpt>
   <trkpt lat="-33.32753500395056" lon="-71.38073999638095">
    <ele>274.74</ele>
   </trkpt>
   <trkpt lat="-33.32721" lon="-71.37975">
    <ele>277.30000000000007</ele>
   </trkpt>
   <trkpt lat="-33.3271" lon="-71.37938000000001">
    <ele>277.80000000000007</ele>
   </trkpt>
   <trkpt lat="-33.32703" lon="-71.37899">
    <ele>278.19000000000005</ele>
   </trkpt>
   <trkpt lat="-33.32699" lon="-71.37867">
    <ele>278.87</ele>
   </trkpt>
   <trkpt lat="-33.326985001744106" lon="-71.37800999983672">
    <ele>279.04</ele>
   </trkpt>
   <trkpt lat="-33.326980000000006" lon="-71.37735">
    <ele>279.30000000000007</ele>
   </trkpt>
   <trkpt lat="-33.32701" lon="-71.3763">
    <ele>277.78000000000003</ele>
   </trkpt>
   <trkpt lat="-33.326975003577715" lon="-71.37535499962526">
    <ele>276.68</ele>
   </trkpt>
   <trkpt lat="-33.32694" lon="-71.37441000000001">
    <ele>274.78000000000003</ele>
   </trkpt>
   <trkpt lat="-33.32694" lon="-71.3737">
    <ele>274.57000000000005</ele>
   </trkpt>
   <trkpt lat="-33.3269" lon="-71.37311000000001">
    <ele>274.98</ele>
   </trkpt>
   <trkpt lat="-33.32676" lon="-71.37244000000001">
    <ele>275.05</ele>
   </trkpt>
   <trkpt lat="-33.32663" lon="-71.37196">
    <ele>275.92</ele>
   </trkpt>
   <trkpt lat="-33.32622" lon="-71.37102">
    <ele>276.73</ele>
   </trkpt>
   <trkpt lat="-33.32591" lon="-71.37057">
    <ele>276.91</ele>
   </trkpt>
   <trkpt lat="-33.32555000065641" lon="-71.3701449981649">
    <ele>277.87</ele>
   </trkpt>
   <trkpt lat="-33.32519" lon="-71.36972">
    <ele>279.33000000000004</ele>
   </trkpt>
   <trkpt lat="-33.32463250456016" lon="-71.36910248812396">
    <ele>280.85</ele>
   </trkpt>
   <trkpt lat="-33.32407500606525" lon="-71.36848498414894">
    <ele>282.45000000000005</ele>
   </trkpt>
   <trkpt lat="-33.32351750451537" lon="-71.36786748807471">
    <ele>284.16</ele>
   </trkpt>
   <trkpt lat="-33.32296" lon="-71.36725000000001">
    <ele>285.09000000000003</ele>
   </trkpt>
   <trkpt lat="-33.3228" lon="-71.36699">
    <ele>285.01000000000005</ele>
   </trkpt>
   <trkpt lat="-33.32267" lon="-71.36673">
    <ele>284.58</ele>
   </trkpt>
   <trkpt lat="-33.322590000000005" lon="-71.36651">
    <ele>284.58</ele>
   </trkpt>
  </trkseg>
 </trk>
</gpx>
