<?xml version="1.0" encoding="UTF-8"?>
<TrainingCenterDatabase xsi:schemaLocation="http://www.garmin.com/xmlschemas/TrainingCenterDatabase/v2 http://www.garmin.com/xmlschemas/TrainingCenterDatabasev2.xsd" xmlns:ns5="http://www.garmin.com/xmlschemas/ActivityGoals/v1" xmlns:ns3="http://www.garmin.com/xmlschemas/ActivityExtension/v2" xmlns:ns2="http://www.garmin.com/xmlschemas/UserProfile/v2" xmlns="http://www.garmin.com/xmlschemas/TrainingCenterDatabase/v2" xmlns:xsi="http://www.w3.org/2001/XMLSchema-instance">
 <Folders/>
 <Courses>
  <Course>
   <Name>Aurora - Chorom</Name>
   <Lap>
    <TotalTimeSeconds>16426.8978194565</TotalTimeSeconds>
    <DistanceMeters>123104.4426393131</DistanceMeters>
    <Intensity>Active</Intensity>
   </Lap>
   <Track>
    <Trackpoint>
     <Time>2026-07-19T00:40:17+00:00</Time>
     <Position>
      <LatitudeDegrees>-33.4314700</LatitudeDegrees>
      <LongitudeDegrees>-71.0322700</LongitudeDegrees>
     </Position>
     <AltitudeMeters>202.0</AltitudeMeters>
     <DistanceMeters>0.0</DistanceMeters>
    </Trackpoint>
    <Trackpoint>
     <Time>2026-07-19T00:40:25+00:00</Time>
     <Position>
      <LatitudeDegrees>-33.4308383</LatitudeDegrees>
      <LongitudeDegrees>-71.0330350</LongitudeDegrees>
     </Position>
     <AltitudeMeters>201.81</AltitudeMeters>
     <DistanceMeters>99.95627810058087</DistanceMeters>
    </Trackpoint>
    <Trackpoint>
     <Time>2026-07-19T00:40:33+00:00</Time>
     <Position>
      <LatitudeDegrees>-33.4302067</LatitudeDegrees>
      <LongitudeDegrees>-71.0338000</LongitudeDegrees>
     </Position>
     <AltitudeMeters>201.04000000000002</AltitudeMeters>
     <DistanceMeters>199.9125562010204</DistanceMeters>
    </Trackpoint>
    <Trackpoint>
     <Time>2026-07-19T00:40:41+00:00</Time>
     <Position>
      <LatitudeDegrees>-33.4295750</LatitudeDegrees>
      <LongitudeDegrees>-71.0345651</LongitudeDegrees>
     </Position>
     <AltitudeMeters>200.05</AltitudeMeters>
     <DistanceMeters>299.8688343004701</DistanceMeters>
    </Trackpoint>
    <Trackpoint>
     <Time>2026-07-19T00:40:50+00:00</Time>
     <Position>
      <LatitudeDegrees>-33.4289434</LatitudeDegrees>
      <LongitudeDegrees>-71.0353300</LongitudeDegrees>
     </Position>
     <AltitudeMeters>199.05</AltitudeMeters>
     <DistanceMeters>399.8251124016605</DistanceMeters>
    </Trackpoint>
    <Trackpoint>
     <Time>2026-07-19T00:40:58+00:00</Time>
     <Position>
      <LatitudeDegrees>-33.4283117</LatitudeDegrees>
      <LongitudeDegrees>-71.0360950</LongitudeDegrees>
     </Position>
     <AltitudeMeters>198.66</AltitudeMeters>
     <DistanceMeters>499.78139050245625</DistanceMeters>
    </Trackpoint>
    <Trackpoint>
     <Time>2026-07-19T00:41:06+00:00</Time>
     <Position>
      <LatitudeDegrees>-33.4276800</LatitudeDegrees>
      <LongitudeDegrees>-71.0368600</LongitudeDegrees>
     </Position>
     <AltitudeMeters>197.47</AltitudeMeters>
     <DistanceMeters>599.7376677950784</DistanceMeters>
    </Trackpoint>
    <Trackpoint>
     <Time>2026-07-19T00:41:14+00:00</Time>
     <Position>
      <LatitudeDegrees>-33.4271475</LatitudeDegrees>
      <LongitudeDegrees>-71.0375200</LongitudeDegrees>
     </Position>
     <AltitudeMeters>196.88000000000002</AltitudeMeters>
     <DistanceMeters>685.005754507841</DistanceMeters>
    </Trackpoint>
    <Trackpoint>
     <Time>2026-07-19T00:41:23+00:00</Time>
     <Position>
      <LatitudeDegrees>-33.4266150</LatitudeDegrees>
      <LongitudeDegrees>-71.0381800</LongitudeDegrees>
     </Position>
     <AltitudeMeters>196.17000000000002</AltitudeMeters>
     <DistanceMeters>770.2738412219287</DistanceMeters>
    </Trackpoint>
    <Trackpoint>
     <Time>2026-07-19T00:41:31+00:00</Time>
     <Position>
      <LatitudeDegrees>-33.4260825</LatitudeDegrees>
      <LongitudeDegrees>-71.0388400</LongitudeDegrees>
     </Position>
     <AltitudeMeters>194.75</AltitudeMeters>
     <DistanceMeters>855.5419279364503</DistanceMeters>
    </Trackpoint>
    <Trackpoint>
     <Time>2026-07-19T00:41:39+00:00</Time>
     <Position>
      <LatitudeDegrees>-33.4255500</LatitudeDegrees>
      <LongitudeDegrees>-71.0395000</LongitudeDegrees>
     </Position>
     <AltitudeMeters>193.82000000000002</AltitudeMeters>
     <DistanceMeters>940.8100362725953</DistanceMeters>
    </Trackpoint>
    <Trackpoint>
     <Time>2026-07-19T00:41:47+00:00</Time>
     <Position>
      <LatitudeDegrees>-33.4251300</LatitudeDegrees>
      <LongitudeDegrees>-71.0399750</LongitudeDegrees>
     </Position>
     <AltitudeMeters>192.77</AltitudeMeters>
     <DistanceMeters>1005.0887623848337</DistanceMeters>
    </Trackpoint>
    <Trackpoint>
     <Time>2026-07-19T00:41:56+00:00</Time>
     <Position>
      <LatitudeDegrees>-33.4247100</LatitudeDegrees>
      <LongitudeDegrees>-71.0404500</LongitudeDegrees>
     </Position>
     <AltitudeMeters>191.68</AltitudeMeters>
     <DistanceMeters>1069.36750119758</DistanceMeters>
    </Trackpoint>
    <Trackpoint>
     <Time>2026-07-19T00:42:04+00:00</Time>
     <Position>
      <LatitudeDegrees>-33.4241120</LatitudeDegrees>
      <LongitudeDegrees>-71.0411640</LongitudeDegrees>
     </Position>
     <AltitudeMeters>191.03</AltitudeMeters>
     <DistanceMeters>1163.326838771665</DistanceMeters>
    </Trackpoint>
    <Trackpoint>
     <Time>2026-07-19T00:42:12+00:00</Time>
     <Position>
      <LatitudeDegrees>-33.4235140</LatitudeDegrees>
      <LongitudeDegrees>-71.0418780</LongitudeDegrees>
     </Position>
     <AltitudeMeters>190.65</AltitudeMeters>
     <DistanceMeters>1257.2861763466099</DistanceMeters>
    </Trackpoint>
    <Trackpoint>
     <Time>2026-07-19T00:42:21+00:00</Time>
     <Position>
      <LatitudeDegrees>-33.4229160</LatitudeDegrees>
      <LongitudeDegrees>-71.0425920</LongitudeDegrees>
     </Position>
     <AltitudeMeters>189.62</AltitudeMeters>
     <DistanceMeters>1351.2455139204378</DistanceMeters>
    </Trackpoint>
    <Trackpoint>
     <Time>2026-07-19T00:42:29+00:00</Time>
     <Position>
      <LatitudeDegrees>-33.4223180</LatitudeDegrees>
      <LongitudeDegrees>-71.0433060</LongitudeDegrees>
     </Position>
     <AltitudeMeters>189.77</AltitudeMeters>
     <DistanceMeters>1445.2048514958421</DistanceMeters>
    </Trackpoint>
    <Trackpoint>
     <Time>2026-07-19T00:42:37+00:00</Time>
     <Position>
      <LatitudeDegrees>-33.4217200</LatitudeDegrees>
      <LongitudeDegrees>-71.0440200</LongitudeDegrees>
     </Position>
     <AltitudeMeters>189.11</AltitudeMeters>
     <DistanceMeters>1539.164189146214</DistanceMeters>
    </Trackpoint>
    <Trackpoint>
     <Time>2026-07-19T00:42:45+00:00</Time>
     <Position>
      <LatitudeDegrees>-33.4214100</LatitudeDegrees>
      <LongitudeDegrees>-71.0443600</LongitudeDegrees>
     </Position>
     <AltitudeMeters>189.20000000000002</AltitudeMeters>
     <DistanceMeters>1585.9388178461572</DistanceMeters>
    </Trackpoint>
    <Trackpoint>
     <Time>2026-07-19T00:42:54+00:00</Time>
     <Position>
      <LatitudeDegrees>-33.4211400</LatitudeDegrees>
      <LongitudeDegrees>-71.0445400</LongitudeDegrees>
     </Position>
     <AltitudeMeters>189.51000000000002</AltitudeMeters>
     <DistanceMeters>1620.3273457008127</DistanceMeters>
    </Trackpoint>
    <Trackpoint>
     <Time>2026-07-19T00:43:02+00:00</Time>
     <Position>
      <LatitudeDegrees>-33.4209600</LatitudeDegrees>
      <LongitudeDegrees>-71.0445900</LongitudeDegrees>
     </Position>
     <AltitudeMeters>189.51000000000002</AltitudeMeters>
     <DistanceMeters>1640.89193934223</DistanceMeters>
    </Trackpoint>
    <Trackpoint>
     <Time>2026-07-19T00:43:10+00:00</Time>
     <Position>
      <LatitudeDegrees>-33.4208000</LatitudeDegrees>
      <LongitudeDegrees>-71.0446000</LongitudeDegrees>
     </Position>
     <AltitudeMeters>190.20000000000002</AltitudeMeters>
     <DistanceMeters>1658.7234605205813</DistanceMeters>
    </Trackpoint>
    <Trackpoint>
     <Time>2026-07-19T00:43:18+00:00</Time>
     <Position>
      <LatitudeDegrees>-33.4206500</LatitudeDegrees>
      <LongitudeDegrees>-71.0445900</LongitudeDegrees>
     </Position>
     <AltitudeMeters>190.20000000000002</AltitudeMeters>
     <DistanceMeters>1675.4436367454318</DistanceMeters>
    </Trackpoint>
    <Trackpoint>
     <Time>2026-07-19T00:43:27+00:00</Time>
     <Position>
      <LatitudeDegrees>-33.4203300</LatitudeDegrees>
      <LongitudeDegrees>-71.0444600</LongitudeDegrees>
     </Position>
     <AltitudeMeters>190.49</AltitudeMeters>
     <DistanceMeters>1713.049926951188</DistanceMeters>
    </Trackpoint>
    <Trackpoint>
     <Time>2026-07-19T00:43:35+00:00</Time>
     <Position>
      <LatitudeDegrees>-33.4202200</LatitudeDegrees>
      <LongitudeDegrees>-71.0445000</LongitudeDegrees>
     </Position>
     <AltitudeMeters>190.57000000000002</AltitudeMeters>
     <DistanceMeters>1725.843912594898</DistanceMeters>
    </Trackpoint>
    <Trackpoint>
     <Time>2026-07-19T00:43:43+00:00</Time>
     <Position>
      <LatitudeDegrees>-33.4201100</LatitudeDegrees>
      <LongitudeDegrees>-71.0446000</LongitudeDegrees>
     </Position>
     <AltitudeMeters>190.64</AltitudeMeters>
     <DistanceMeters>1741.2117763007182</DistanceMeters>
    </Trackpoint>
    <Trackpoint>
     <Time>2026-07-19T00:43:52+00:00</Time>
     <Position>
      <LatitudeDegrees>-33.4206633</LatitudeDegrees>
      <LongitudeDegrees>-71.0453433</LongitudeDegrees>
     </Position>
     <AltitudeMeters>194.56</AltitudeMeters>
     <DistanceMeters>1833.7345475987117</DistanceMeters>
    </Trackpoint>
    <Trackpoint>
     <Time>2026-07-19T00:44:00+00:00</Time>
     <Position>
      <LatitudeDegrees>-33.4212167</LatitudeDegrees>
      <LongitudeDegrees>-71.0460867</LongitudeDegrees>
     </Position>
     <AltitudeMeters>192.9</AltitudeMeters>
     <DistanceMeters>1926.2573188972187</DistanceMeters>
    </Trackpoint>
    <Trackpoint>
     <Time>2026-07-19T00:44:08+00:00</Time>
     <Position>
      <LatitudeDegrees>-33.4217700</LatitudeDegrees>
      <LongitudeDegrees>-71.0468300</LongitudeDegrees>
     </Position>
     <AltitudeMeters>186.59</AltitudeMeters>
     <DistanceMeters>2018.780079519112</DistanceMeters>
    </Trackpoint>
    <Trackpoint>
     <Time>2026-07-19T00:44:16+00:00</Time>
     <Position>
      <LatitudeDegrees>-33.4223200</LatitudeDegrees>
      <LongitudeDegrees>-71.0476241</LongitudeDegrees>
     </Position>
     <AltitudeMeters>185.59</AltitudeMeters>
     <DistanceMeters>2114.638316802948</DistanceMeters>
    </Trackpoint>
    <Trackpoint>
     <Time>2026-07-19T00:44:25+00:00</Time>
     <Position>
      <LatitudeDegrees>-33.4228701</LatitudeDegrees>
      <LongitudeDegrees>-71.0484182</LongitudeDegrees>
     </Position>
     <AltitudeMeters>184.55</AltitudeMeters>
     <DistanceMeters>2210.496554086551</DistanceMeters>
    </Trackpoint>
    <Trackpoint>
     <Time>2026-07-19T00:44:33+00:00</Time>
     <Position>
      <LatitudeDegrees>-33.4234201</LatitudeDegrees>
      <LongitudeDegrees>-71.0492124</LongitudeDegrees>
     </Position>
     <AltitudeMeters>184.15</AltitudeMeters>
     <DistanceMeters>2306.3547913701314</DistanceMeters>
    </Trackpoint>
    <Trackpoint>
     <Time>2026-07-19T00:44:41+00:00</Time>
     <Position>
      <LatitudeDegrees>-33.4239701</LatitudeDegrees>
      <LongitudeDegrees>-71.0500065</LongitudeDegrees>
     </Position>
     <AltitudeMeters>184.04</AltitudeMeters>
     <DistanceMeters>2402.2130286533893</DistanceMeters>
    </Trackpoint>
    <Trackpoint>
     <Time>2026-07-19T00:44:49+00:00</Time>
     <Position>
      <LatitudeDegrees>-33.4245201</LatitudeDegrees>
      <LongitudeDegrees>-71.0508007</LongitudeDegrees>
     </Position>
     <AltitudeMeters>183.98</AltitudeMeters>
     <DistanceMeters>2498.0712659375395</DistanceMeters>
    </Trackpoint>
    <Trackpoint>
     <Time>2026-07-19T00:44:58+00:00</Time>
     <Position>
      <LatitudeDegrees>-33.4250701</LatitudeDegrees>
      <LongitudeDegrees>-71.0515948</LongitudeDegrees>
     </Position>
     <AltitudeMeters>184.00000000000003</AltitudeMeters>
     <DistanceMeters>2593.9295032207683</DistanceMeters>
    </Trackpoint>
    <Trackpoint>
     <Time>2026-07-19T00:45:06+00:00</Time>
     <Position>
      <LatitudeDegrees>-33.4256201</LatitudeDegrees>
      <LongitudeDegrees>-71.0523890</LongitudeDegrees>
     </Position>
     <AltitudeMeters>184.09</AltitudeMeters>
     <DistanceMeters>2689.7877405037916</DistanceMeters>
    </Trackpoint>
    <Trackpoint>
     <Time>2026-07-19T00:45:14+00:00</Time>
     <Position>
      <LatitudeDegrees>-33.4261701</LatitudeDegrees>
      <LongitudeDegrees>-71.0531832</LongitudeDegrees>
     </Position>
     <AltitudeMeters>184.69000000000003</AltitudeMeters>
     <DistanceMeters>2785.6459777883315</DistanceMeters>
    </Trackpoint>
    <Trackpoint>
     <Time>2026-07-19T00:45:23+00:00</Time>
     <Position>
      <LatitudeDegrees>-33.4267201</LatitudeDegrees>
      <LongitudeDegrees>-71.0539774</LongitudeDegrees>
     </Position>
     <AltitudeMeters>184.91000000000003</AltitudeMeters>
     <DistanceMeters>2881.5042150710588</DistanceMeters>
    </Trackpoint>
    <Trackpoint>
     <Time>2026-07-19T00:45:31+00:00</Time>
     <Position>
      <LatitudeDegrees>-33.4272701</LatitudeDegrees>
      <LongitudeDegrees>-71.0547716</LongitudeDegrees>
     </Position>
     <AltitudeMeters>185.06</AltitudeMeters>
     <DistanceMeters>2977.362452355722</DistanceMeters>
    </Trackpoint>
    <Trackpoint>
     <Time>2026-07-19T00:45:39+00:00</Time>
     <Position>
      <LatitudeDegrees>-33.4278200</LatitudeDegrees>
      <LongitudeDegrees>-71.0555658</LongitudeDegrees>
     </Position>
     <AltitudeMeters>185.17000000000002</AltitudeMeters>
     <DistanceMeters>3073.220689638476</DistanceMeters>
    </Trackpoint>
    <Trackpoint>
     <Time>2026-07-19T00:45:47+00:00</Time>
     <Position>
      <LatitudeDegrees>-33.4283700</LatitudeDegrees>
      <LongitudeDegrees>-71.0563600</LongitudeDegrees>
     </Position>
     <AltitudeMeters>185.26</AltitudeMeters>
     <DistanceMeters>3169.0789246758436</DistanceMeters>
    </Trackpoint>
    <Trackpoint>
     <Time>2026-07-19T00:45:56+00:00</Time>
     <Position>
      <LatitudeDegrees>-33.4288825</LatitudeDegrees>
      <LongitudeDegrees>-71.0571050</LongitudeDegrees>
     </Position>
     <AltitudeMeters>185.3</AltitudeMeters>
     <DistanceMeters>3258.7552589862457</DistanceMeters>
    </Trackpoint>
    <Trackpoint>
     <Time>2026-07-19T00:46:04+00:00</Time>
     <Position>
      <LatitudeDegrees>-33.4293950</LatitudeDegrees>
      <LongitudeDegrees>-71.0578500</LongitudeDegrees>
     </Position>
     <AltitudeMeters>185.65</AltitudeMeters>
     <DistanceMeters>3348.431593295372</DistanceMeters>
    </Trackpoint>
    <Trackpoint>
     <Time>2026-07-19T00:46:12+00:00</Time>
     <Position>
      <LatitudeDegrees>-33.4299075</LatitudeDegrees>
      <LongitudeDegrees>-71.0585950</LongitudeDegrees>
     </Position>
     <AltitudeMeters>186.57000000000002</AltitudeMeters>
     <DistanceMeters>3438.107927606603</DistanceMeters>
    </Trackpoint>
    <Trackpoint>
     <Time>2026-07-19T00:46:20+00:00</Time>
     <Position>
      <LatitudeDegrees>-33.4304200</LatitudeDegrees>
      <LongitudeDegrees>-71.0593400</LongitudeDegrees>
     </Position>
     <AltitudeMeters>186.73</AltitudeMeters>
     <DistanceMeters>3527.7842670283753</DistanceMeters>
    </Trackpoint>
    <Trackpoint>
     <Time>2026-07-19T00:46:29+00:00</Time>
     <Position>
      <LatitudeDegrees>-33.4309760</LatitudeDegrees>
      <LongitudeDegrees>-71.0601360</LongitudeDegrees>
     </Position>
     <AltitudeMeters>185.79000000000002</AltitudeMeters>
     <DistanceMeters>3624.1964289071893</DistanceMeters>
    </Trackpoint>
    <Trackpoint>
     <Time>2026-07-19T00:46:37+00:00</Time>
     <Position>
      <LatitudeDegrees>-33.4315320</LatitudeDegrees>
      <LongitudeDegrees>-71.0609320</LongitudeDegrees>
     </Position>
     <AltitudeMeters>185.54000000000002</AltitudeMeters>
     <DistanceMeters>3720.6085907851843</DistanceMeters>
    </Trackpoint>
    <Trackpoint>
     <Time>2026-07-19T00:46:45+00:00</Time>
     <Position>
      <LatitudeDegrees>-33.4320880</LatitudeDegrees>
      <LongitudeDegrees>-71.0617280</LongitudeDegrees>
     </Position>
     <AltitudeMeters>185.72000000000003</AltitudeMeters>
     <DistanceMeters>3817.0207526637314</DistanceMeters>
    </Trackpoint>
    <Trackpoint>
     <Time>2026-07-19T00:46:54+00:00</Time>
     <Position>
      <LatitudeDegrees>-33.4326440</LatitudeDegrees>
      <LongitudeDegrees>-71.0625240</LongitudeDegrees>
     </Position>
     <AltitudeMeters>185.50000000000003</AltitudeMeters>
     <DistanceMeters>3913.432914541675</DistanceMeters>
    </Trackpoint>
    <Trackpoint>
     <Time>2026-07-19T00:47:02+00:00</Time>
     <Position>
      <LatitudeDegrees>-33.4332000</LatitudeDegrees>
      <LongitudeDegrees>-71.0633200</LongitudeDegrees>
     </Position>
     <AltitudeMeters>185.65</AltitudeMeters>
     <DistanceMeters>4009.8450741230627</DistanceMeters>
    </Trackpoint>
    <Trackpoint>
     <Time>2026-07-19T00:47:10+00:00</Time>
     <Position>
      <LatitudeDegrees>-33.4333600</LatitudeDegrees>
      <LongitudeDegrees>-71.0634900</LongitudeDegrees>
     </Position>
     <AltitudeMeters>185.83</AltitudeMeters>
     <DistanceMeters>4033.644407453078</DistanceMeters>
    </Trackpoint>
    <Trackpoint>
     <Time>2026-07-19T00:47:18+00:00</Time>
     <Position>
      <LatitudeDegrees>-33.4335300</LatitudeDegrees>
      <LongitudeDegrees>-71.0636300</LongitudeDegrees>
     </Position>
     <AltitudeMeters>185.84</AltitudeMeters>
     <DistanceMeters>4056.602122450275</DistanceMeters>
    </Trackpoint>
    <Trackpoint>
     <Time>2026-07-19T00:47:27+00:00</Time>
     <Position>
      <LatitudeDegrees>-33.4337200</LatitudeDegrees>
      <LongitudeDegrees>-71.0637100</LongitudeDegrees>
     </Position>
     <AltitudeMeters>185.71</AltitudeMeters>
     <DistanceMeters>4079.0157462669604</DistanceMeters>
    </Trackpoint>
    <Trackpoint>
     <Time>2026-07-19T00:47:35+00:00</Time>
     <Position>
      <LatitudeDegrees>-33.4340700</LatitudeDegrees>
      <LongitudeDegrees>-71.0638400</LongitudeDegrees>
     </Position>
     <AltitudeMeters>185.85000000000002</AltitudeMeters>
     <DistanceMeters>4119.797620510705</DistanceMeters>
    </Trackpoint>
    <Trackpoint>
     <Time>2026-07-19T00:47:43+00:00</Time>
     <Position>
      <LatitudeDegrees>-33.4343700</LatitudeDegrees>
      <LongitudeDegrees>-71.0639800</LongitudeDegrees>
     </Position>
     <AltitudeMeters>185.93</AltitudeMeters>
     <DistanceMeters>4155.628930210132</DistanceMeters>
    </Trackpoint>
    <Trackpoint>
     <Time>2026-07-19T00:47:51+00:00</Time>
     <Position>
      <LatitudeDegrees>-33.4348050</LatitudeDegrees>
      <LongitudeDegrees>-71.0642650</LongitudeDegrees>
     </Position>
     <AltitudeMeters>186.11</AltitudeMeters>
     <DistanceMeters>4210.806337710108</DistanceMeters>
    </Trackpoint>
    <Trackpoint>
     <Time>2026-07-19T00:48:00+00:00</Time>
     <Position>
      <LatitudeDegrees>-33.4352400</LatitudeDegrees>
      <LongitudeDegrees>-71.0645500</LongitudeDegrees>
     </Position>
     <AltitudeMeters>186.08</AltitudeMeters>
     <DistanceMeters>4265.983768808112</DistanceMeters>
    </Trackpoint>
    <Trackpoint>
     <Time>2026-07-19T00:48:08+00:00</Time>
     <Position>
      <LatitudeDegrees>-33.4359000</LatitudeDegrees>
      <LongitudeDegrees>-71.0649000</LongitudeDegrees>
     </Position>
     <AltitudeMeters>185.81</AltitudeMeters>
     <DistanceMeters>4346.310300098212</DistanceMeters>
    </Trackpoint>
    <Trackpoint>
     <Time>2026-07-19T00:48:16+00:00</Time>
     <Position>
      <LatitudeDegrees>-33.4365600</LatitudeDegrees>
      <LongitudeDegrees>-71.0652500</LongitudeDegrees>
     </Position>
     <AltitudeMeters>185.55</AltitudeMeters>
     <DistanceMeters>4426.636817152696</DistanceMeters>
    </Trackpoint>
    <Trackpoint>
     <Time>2026-07-19T00:48:25+00:00</Time>
     <Position>
      <LatitudeDegrees>-33.4368800</LatitudeDegrees>
      <LongitudeDegrees>-71.0653700</LongitudeDegrees>
     </Position>
     <AltitudeMeters>185.48</AltitudeMeters>
     <DistanceMeters>4463.954558358659</DistanceMeters>
    </Trackpoint>
    <Trackpoint>
     <Time>2026-07-19T00:48:33+00:00</Time>
     <Position>
      <LatitudeDegrees>-33.4376000</LatitudeDegrees>
      <LongitudeDegrees>-71.0655400</LongitudeDegrees>
     </Position>
     <AltitudeMeters>185.34</AltitudeMeters>
     <DistanceMeters>4545.628086516828</DistanceMeters>
    </Trackpoint>
    <Trackpoint>
     <Time>2026-07-19T00:48:41+00:00</Time>
     <Position>
      <LatitudeDegrees>-33.4381450</LatitudeDegrees>
      <LongitudeDegrees>-71.0656800</LongitudeDegrees>
     </Position>
     <AltitudeMeters>185.55</AltitudeMeters>
     <DistanceMeters>4607.662162894163</DistanceMeters>
    </Trackpoint>
    <Trackpoint>
     <Time>2026-07-19T00:48:49+00:00</Time>
     <Position>
      <LatitudeDegrees>-33.4386900</LatitudeDegrees>
      <LongitudeDegrees>-71.0658200</LongitudeDegrees>
     </Position>
     <AltitudeMeters>185.57000000000002</AltitudeMeters>
     <DistanceMeters>4669.696291604929</DistanceMeters>
    </Trackpoint>
    <Trackpoint>
     <Time>2026-07-19T00:48:58+00:00</Time>
     <Position>
      <LatitudeDegrees>-33.4392700</LatitudeDegrees>
      <LongitudeDegrees>-71.0660400</LongitudeDegrees>
     </Position>
     <AltitudeMeters>185.33</AltitudeMeters>
     <DistanceMeters>4737.4042316900195</DistanceMeters>
    </Trackpoint>
    <Trackpoint>
     <Time>2026-07-19T00:49:06+00:00</Time>
     <Position>
      <LatitudeDegrees>-33.4398500</LatitudeDegrees>
      <LongitudeDegrees>-71.0662600</LongitudeDegrees>
     </Position>
     <AltitudeMeters>185.10000000000002</AltitudeMeters>
     <DistanceMeters>4805.112154600762</DistanceMeters>
    </Trackpoint>
    <Trackpoint>
     <Time>2026-07-19T00:49:14+00:00</Time>
     <Position>
      <LatitudeDegrees>-33.4400300</LatitudeDegrees>
      <LongitudeDegrees>-71.0663100</LongitudeDegrees>
     </Position>
     <AltitudeMeters>185.10000000000002</AltitudeMeters>
     <DistanceMeters>4825.67651997947</DistanceMeters>
    </Trackpoint>
    <Trackpoint>
     <Time>2026-07-19T00:49:22+00:00</Time>
     <Position>
      <LatitudeDegrees>-33.4403500</LatitudeDegrees>
      <LongitudeDegrees>-71.0663100</LongitudeDegrees>
     </Position>
     <AltitudeMeters>184.92000000000002</AltitudeMeters>
     <DistanceMeters>4861.291137400767</DistanceMeters>
    </Trackpoint>
    <Trackpoint>
     <Time>2026-07-19T00:49:31+00:00</Time>
     <Position>
      <LatitudeDegrees>-33.4411300</LatitudeDegrees>
      <LongitudeDegrees>-71.0661500</LongitudeDegrees>
     </Position>
     <AltitudeMeters>184.61</AltitudeMeters>
     <DistanceMeters>4949.364328320249</DistanceMeters>
    </Trackpoint>
    <Trackpoint>
     <Time>2026-07-19T00:49:39+00:00</Time>
     <Position>
      <LatitudeDegrees>-33.4419100</LatitudeDegrees>
      <LongitudeDegrees>-71.0659900</LongitudeDegrees>
     </Position>
     <AltitudeMeters>184.3</AltitudeMeters>
     <DistanceMeters>5037.43750660054</DistanceMeters>
    </Trackpoint>
    <Trackpoint>
     <Time>2026-07-19T00:49:47+00:00</Time>
     <Position>
      <LatitudeDegrees>-33.4423400</LatitudeDegrees>
      <LongitudeDegrees>-71.0659900</LongitudeDegrees>
     </Position>
     <AltitudeMeters>184.28000000000003</AltitudeMeters>
     <DistanceMeters>5085.2946487602585</DistanceMeters>
    </Trackpoint>
    <Trackpoint>
     <Time>2026-07-19T00:49:55+00:00</Time>
     <Position>
      <LatitudeDegrees>-33.4428000</LatitudeDegrees>
      <LongitudeDegrees>-71.0660350</LongitudeDegrees>
     </Position>
     <AltitudeMeters>184.15</AltitudeMeters>
     <DistanceMeters>5136.660944484565</DistanceMeters>
    </Trackpoint>
    <Trackpoint>
     <Time>2026-07-19T00:50:04+00:00</Time>
     <Position>
      <LatitudeDegrees>-33.4432600</LatitudeDegrees>
      <LongitudeDegrees>-71.0660800</LongitudeDegrees>
     </Position>
     <AltitudeMeters>184.2</AltitudeMeters>
     <DistanceMeters>5188.027246940632</DistanceMeters>
    </Trackpoint>
    <Trackpoint>
     <Time>2026-07-19T00:50:12+00:00</Time>
     <Position>
      <LatitudeDegrees>-33.4438200</LatitudeDegrees>
      <LongitudeDegrees>-71.0661200</LongitudeDegrees>
     </Position>
     <AltitudeMeters>184.9</AltitudeMeters>
     <DistanceMeters>5250.4634322782695</DistanceMeters>
    </Trackpoint>
    <Trackpoint>
     <Time>2026-07-19T00:50:20+00:00</Time>
     <Position>
      <LatitudeDegrees>-33.4442900</LatitudeDegrees>
      <LongitudeDegrees>-71.0660400</LongitudeDegrees>
     </Position>
     <AltitudeMeters>185.18</AltitudeMeters>
     <DistanceMeters>5303.297366862895</DistanceMeters>
    </Trackpoint>
    <Trackpoint>
     <Time>2026-07-19T00:50:29+00:00</Time>
     <Position>
      <LatitudeDegrees>-33.4445100</LatitudeDegrees>
      <LongitudeDegrees>-71.0659600</LongitudeDegrees>
     </Position>
     <AltitudeMeters>185.08</AltitudeMeters>
     <DistanceMeters>5328.884738345773</DistanceMeters>
    </Trackpoint>
    <Trackpoint>
     <Time>2026-07-19T00:50:37+00:00</Time>
     <Position>
      <LatitudeDegrees>-33.4449600</LatitudeDegrees>
      <LongitudeDegrees>-71.0657300</LongitudeDegrees>
     </Position>
     <AltitudeMeters>184.4</AltitudeMeters>
     <DistanceMeters>5383.332307812894</DistanceMeters>
    </Trackpoint>
    <Trackpoint>
     <Time>2026-07-19T00:50:45+00:00</Time>
     <Position>
      <LatitudeDegrees>-33.4454400</LatitudeDegrees>
      <LongitudeDegrees>-71.0653750</LongitudeDegrees>
     </Position>
     <AltitudeMeters>183.32</AltitudeMeters>
     <DistanceMeters>5446.107787580308</DistanceMeters>
    </Trackpoint>
    <Trackpoint>
     <Time>2026-07-19T00:50:53+00:00</Time>
     <Position>
      <LatitudeDegrees>-33.4459200</LatitudeDegrees>
      <LongitudeDegrees>-71.0650200</LongitudeDegrees>
     </Position>
     <AltitudeMeters>183.06000000000003</AltitudeMeters>
     <DistanceMeters>5508.883279793343</DistanceMeters>
    </Trackpoint>
    <Trackpoint>
     <Time>2026-07-19T00:51:02+00:00</Time>
     <Position>
      <LatitudeDegrees>-33.4461700</LatitudeDegrees>
      <LongitudeDegrees>-71.0649200</LongitudeDegrees>
     </Position>
     <AltitudeMeters>183.03000000000003</AltitudeMeters>
     <DistanceMeters>5538.216041144195</DistanceMeters>
    </Trackpoint>
    <Trackpoint>
     <Time>2026-07-19T00:51:10+00:00</Time>
     <Position>
      <LatitudeDegrees>-33.4463400</LatitudeDegrees>
      <LongitudeDegrees>-71.0649200</LongitudeDegrees>
     </Position>
     <AltitudeMeters>183.03000000000003</AltitudeMeters>
     <DistanceMeters>5557.136306648814</DistanceMeters>
    </Trackpoint>
    <Trackpoint>
     <Time>2026-07-19T00:51:18+00:00</Time>
     <Position>
      <LatitudeDegrees>-33.4465000</LatitudeDegrees>
      <LongitudeDegrees>-71.0649300</LongitudeDegrees>
     </Position>
     <AltitudeMeters>183.03000000000003</AltitudeMeters>
     <DistanceMeters>5574.967813589643</DistanceMeters>
    </Trackpoint>
    <Trackpoint>
     <Time>2026-07-19T00:51:26+00:00</Time>
     <Position>
      <LatitudeDegrees>-33.4467400</LatitudeDegrees>
      <LongitudeDegrees>-71.0650400</LongitudeDegrees>
     </Position>
     <AltitudeMeters>182.86</AltitudeMeters>
     <DistanceMeters>5603.565453609117</DistanceMeters>
    </Trackpoint>
    <Trackpoint>
     <Time>2026-07-19T00:51:35+00:00</Time>
     <Position>
      <LatitudeDegrees>-33.4473950</LatitudeDegrees>
      <LongitudeDegrees>-71.0654700</LongitudeDegrees>
     </Position>
     <AltitudeMeters>182.24</AltitudeMeters>
     <DistanceMeters>5686.684343373538</DistanceMeters>
    </Trackpoint>
    <Trackpoint>
     <Time>2026-07-19T00:51:43+00:00</Time>
     <Position>
      <LatitudeDegrees>-33.4480500</LatitudeDegrees>
      <LongitudeDegrees>-71.0659000</LongitudeDegrees>
     </Position>
     <AltitudeMeters>182.17000000000002</AltitudeMeters>
     <DistanceMeters>5769.803246389276</DistanceMeters>
    </Trackpoint>
    <Trackpoint>
     <Time>2026-07-19T00:51:51+00:00</Time>
     <Position>
      <LatitudeDegrees>-33.4483400</LatitudeDegrees>
      <LongitudeDegrees>-71.0660300</LongitudeDegrees>
     </Position>
     <AltitudeMeters>182.09</AltitudeMeters>
     <DistanceMeters>5804.262829244626</DistanceMeters>
    </Trackpoint>
    <Trackpoint>
     <Time>2026-07-19T00:52:00+00:00</Time>
     <Position>
      <LatitudeDegrees>-33.4485200</LatitudeDegrees>
      <LongitudeDegrees>-71.0660500</LongitudeDegrees>
     </Position>
     <AltitudeMeters>182.09</AltitudeMeters>
     <DistanceMeters>5824.3819599633225</DistanceMeters>
    </Trackpoint>
    <Trackpoint>
     <Time>2026-07-19T00:52:08+00:00</Time>
     <Position>
      <LatitudeDegrees>-33.4488700</LatitudeDegrees>
      <LongitudeDegrees>-71.0660800</LongitudeDegrees>
     </Position>
     <AltitudeMeters>182.03000000000003</AltitudeMeters>
     <DistanceMeters>5863.43494155664</DistanceMeters>
    </Trackpoint>
    <Trackpoint>
     <Time>2026-07-19T00:52:16+00:00</Time>
     <Position>
      <LatitudeDegrees>-33.4495900</LatitudeDegrees>
      <LongitudeDegrees>-71.0659000</LongitudeDegrees>
     </Position>
     <AltitudeMeters>181.97000000000003</AltitudeMeters>
     <DistanceMeters>5945.292612038197</DistanceMeters>
    </Trackpoint>
    <Trackpoint>
     <Time>2026-07-19T00:52:24+00:00</Time>
     <Position>
      <LatitudeDegrees>-33.4497900</LatitudeDegrees>
      <LongitudeDegrees>-71.0658700</LongitudeDegrees>
     </Position>
     <AltitudeMeters>181.97000000000003</AltitudeMeters>
     <DistanceMeters>5967.7254030291615</DistanceMeters>
    </Trackpoint>
    <Trackpoint>
     <Time>2026-07-19T00:52:33+00:00</Time>
     <Position>
      <LatitudeDegrees>-33.4505300</LatitudeDegrees>
      <LongitudeDegrees>-71.0658600</LongitudeDegrees>
     </Position>
     <AltitudeMeters>181.75000000000003</AltitudeMeters>
     <DistanceMeters>6050.089440802206</DistanceMeters>
    </Trackpoint>
    <Trackpoint>
     <Time>2026-07-19T00:52:41+00:00</Time>
     <Position>
      <LatitudeDegrees>-33.4511150</LatitudeDegrees>
      <LongitudeDegrees>-71.0658150</LongitudeDegrees>
     </Position>
     <AltitudeMeters>181.53000000000003</AltitudeMeters>
     <DistanceMeters>6115.33138500976</DistanceMeters>
    </Trackpoint>
    <Trackpoint>
     <Time>2026-07-19T00:52:49+00:00</Time>
     <Position>
      <LatitudeDegrees>-33.4517000</LatitudeDegrees>
      <LongitudeDegrees>-71.0657700</LongitudeDegrees>
     </Position>
     <AltitudeMeters>181.50000000000003</AltitudeMeters>
     <DistanceMeters>6180.573305143039</DistanceMeters>
    </Trackpoint>
    <Trackpoint>
     <Time>2026-07-19T00:52:57+00:00</Time>
     <Position>
      <LatitudeDegrees>-33.4519000</LatitudeDegrees>
      <LongitudeDegrees>-71.0657700</LongitudeDegrees>
     </Position>
     <AltitudeMeters>181.56000000000003</AltitudeMeters>
     <DistanceMeters>6202.832441031152</DistanceMeters>
    </Trackpoint>
    <Trackpoint>
     <Time>2026-07-19T00:53:06+00:00</Time>
     <Position>
      <LatitudeDegrees>-33.4521000</LatitudeDegrees>
      <LongitudeDegrees>-71.0658200</LongitudeDegrees>
     </Position>
     <AltitudeMeters>181.56000000000003</AltitudeMeters>
     <DistanceMeters>6225.570652550215</DistanceMeters>
    </Trackpoint>
    <Trackpoint>
     <Time>2026-07-19T00:53:14+00:00</Time>
     <Position>
      <LatitudeDegrees>-33.4528050</LatitudeDegrees>
      <LongitudeDegrees>-71.0660850</LongitudeDegrees>
     </Position>
     <AltitudeMeters>181.14000000000001</AltitudeMeters>
     <DistanceMeters>6307.8022982826815</DistanceMeters>
    </Trackpoint>
    <Trackpoint>
     <Time>2026-07-19T00:53:22+00:00</Time>
     <Position>
      <LatitudeDegrees>-33.4535100</LatitudeDegrees>
      <LongitudeDegrees>-71.0663500</LongitudeDegrees>
     </Position>
     <AltitudeMeters>180.70000000000002</AltitudeMeters>
     <DistanceMeters>6390.033927809242</DistanceMeters>
    </Trackpoint>
    <Trackpoint>
     <Time>2026-07-19T00:53:31+00:00</Time>
     <Position>
      <LatitudeDegrees>-33.4537500</LatitudeDegrees>
      <LongitudeDegrees>-71.0664400</LongitudeDegrees>
     </Position>
     <AltitudeMeters>180.65</AltitudeMeters>
     <DistanceMeters>6418.021747158241</DistanceMeters>
    </Trackpoint>
    <Trackpoint>
     <Time>2026-07-19T00:53:39+00:00</Time>
     <Position>
      <LatitudeDegrees>-33.4543150</LatitudeDegrees>
      <LongitudeDegrees>-71.0667600</LongitudeDegrees>
     </Position>
     <AltitudeMeters>180.49</AltitudeMeters>
     <DistanceMeters>6487.5709260522835</DistanceMeters>
    </Trackpoint>
    <Trackpoint>
     <Time>2026-07-19T00:53:47+00:00</Time>
     <Position>
      <LatitudeDegrees>-33.4548800</LatitudeDegrees>
      <LongitudeDegrees>-71.0670800</LongitudeDegrees>
     </Position>
     <AltitudeMeters>180.38</AltitudeMeters>
     <DistanceMeters>6557.120076963192</DistanceMeters>
    </Trackpoint>
    <Trackpoint>
     <Time>2026-07-19T00:53:55+00:00</Time>
     <Position>
      <LatitudeDegrees>-33.4553700</LatitudeDegrees>
      <LongitudeDegrees>-71.0674200</LongitudeDegrees>
     </Position>
     <AltitudeMeters>180.04</AltitudeMeters>
     <DistanceMeters>6620.134229554605</DistanceMeters>
    </Trackpoint>
    <Trackpoint>
     <Time>2026-07-19T00:54:04+00:00</Time>
     <Position>
      <LatitudeDegrees>-33.4559150</LatitudeDegrees>
      <LongitudeDegrees>-71.0678450</LongitudeDegrees>
     </Position>
     <AltitudeMeters>179.70000000000002</AltitudeMeters>
     <DistanceMeters>6692.498094719176</DistanceMeters>
    </Trackpoint>
    <Trackpoint>
     <Time>2026-07-19T00:54:12+00:00</Time>
     <Position>
      <LatitudeDegrees>-33.4564600</LatitudeDegrees>
      <LongitudeDegrees>-71.0682700</LongitudeDegrees>
     </Position>
     <AltitudeMeters>179.75000000000003</AltitudeMeters>
     <DistanceMeters>6764.86197622305</DistanceMeters>
    </Trackpoint>
    <Trackpoint>
     <Time>2026-07-19T00:54:20+00:00</Time>
     <Position>
      <LatitudeDegrees>-33.4572550</LatitudeDegrees>
      <LongitudeDegrees>-71.0687250</LongitudeDegrees>
     </Position>
     <AltitudeMeters>179.37</AltitudeMeters>
     <DistanceMeters>6862.9112117359655</DistanceMeters>
    </Trackpoint>
    <Trackpoint>
     <Time>2026-07-19T00:54:28+00:00</Time>
     <Position>
      <LatitudeDegrees>-33.4580500</LatitudeDegrees>
      <LongitudeDegrees>-71.0691800</LongitudeDegrees>
     </Position>
     <AltitudeMeters>179.18</AltitudeMeters>
     <DistanceMeters>6960.960438503162</DistanceMeters>
    </Trackpoint>
    <Trackpoint>
     <Time>2026-07-19T00:54:37+00:00</Time>
     <Position>
      <LatitudeDegrees>-33.4584600</LatitudeDegrees>
      <LongitudeDegrees>-71.0695200</LongitudeDegrees>
     </Position>
     <AltitudeMeters>179.36</AltitudeMeters>
     <DistanceMeters>7016.447977945163</DistanceMeters>
    </Trackpoint>
    <Trackpoint>
     <Time>2026-07-19T00:54:45+00:00</Time>
     <Position>
      <LatitudeDegrees>-33.4591300</LatitudeDegrees>
      <LongitudeDegrees>-71.0702000</LongitudeDegrees>
     </Position>
     <AltitudeMeters>179.25000000000003</AltitudeMeters>
     <DistanceMeters>7114.156650572331</DistanceMeters>
    </Trackpoint>
    <Trackpoint>
     <Time>2026-07-19T00:54:53+00:00</Time>
     <Position>
      <LatitudeDegrees>-33.4596600</LatitudeDegrees>
      <LongitudeDegrees>-71.0706900</LongitudeDegrees>
     </Position>
     <AltitudeMeters>179.28000000000003</AltitudeMeters>
     <DistanceMeters>7188.651119346347</DistanceMeters>
    </Trackpoint>
    <Trackpoint>
     <Time>2026-07-19T00:55:02+00:00</Time>
     <Position>
      <LatitudeDegrees>-33.4599800</LatitudeDegrees>
      <LongitudeDegrees>-71.0710100</LongitudeDegrees>
     </Position>
     <AltitudeMeters>179.16</AltitudeMeters>
     <DistanceMeters>7235.032385760938</DistanceMeters>
    </Trackpoint>
    <Trackpoint>
     <Time>2026-07-19T00:55:10+00:00</Time>
     <Position>
      <LatitudeDegrees>-33.4603600</LatitudeDegrees>
      <LongitudeDegrees>-71.0715650</LongitudeDegrees>
     </Position>
     <AltitudeMeters>179.14000000000001</AltitudeMeters>
     <DistanceMeters>7301.69710372346</DistanceMeters>
    </Trackpoint>
    <Trackpoint>
     <Time>2026-07-19T00:55:18+00:00</Time>
     <Position>
      <LatitudeDegrees>-33.4607400</LatitudeDegrees>
      <LongitudeDegrees>-71.0721200</LongitudeDegrees>
     </Position>
     <AltitudeMeters>179.25000000000003</AltitudeMeters>
     <DistanceMeters>7368.361838634581</DistanceMeters>
    </Trackpoint>
    <Trackpoint>
     <Time>2026-07-19T00:55:26+00:00</Time>
     <Position>
      <LatitudeDegrees>-33.4612650</LatitudeDegrees>
      <LongitudeDegrees>-71.0728300</LongitudeDegrees>
     </Position>
     <AltitudeMeters>179.46</AltitudeMeters>
     <DistanceMeters>7456.452391760668</DistanceMeters>
    </Trackpoint>
    <Trackpoint>
     <Time>2026-07-19T00:55:35+00:00</Time>
     <Position>
      <LatitudeDegrees>-33.4617900</LatitudeDegrees>
      <LongitudeDegrees>-71.0735400</LongitudeDegrees>
     </Position>
     <AltitudeMeters>179.53000000000003</AltitudeMeters>
     <DistanceMeters>7544.542919920176</DistanceMeters>
    </Trackpoint>
    <Trackpoint>
     <Time>2026-07-19T00:55:43+00:00</Time>
     <Position>
      <LatitudeDegrees>-33.4621000</LatitudeDegrees>
      <LongitudeDegrees>-71.0738700</LongitudeDegrees>
     </Position>
     <AltitudeMeters>179.48000000000002</AltitudeMeters>
     <DistanceMeters>7590.685935610887</DistanceMeters>
    </Trackpoint>
    <Trackpoint>
     <Time>2026-07-19T00:55:51+00:00</Time>
     <Position>
      <LatitudeDegrees>-33.4624300</LatitudeDegrees>
      <LongitudeDegrees>-71.0741200</LongitudeDegrees>
     </Position>
     <AltitudeMeters>179.49</AltitudeMeters>
     <DistanceMeters>7634.1337828653595</DistanceMeters>
    </Trackpoint>
    <Trackpoint>
     <Time>2026-07-19T00:55:59+00:00</Time>
     <Position>
      <LatitudeDegrees>-33.4626900</LatitudeDegrees>
      <LongitudeDegrees>-71.0742800</LongitudeDegrees>
     </Position>
     <AltitudeMeters>179.41</AltitudeMeters>
     <DistanceMeters>7666.661219049071</DistanceMeters>
    </Trackpoint>
    <Trackpoint>
     <Time>2026-07-19T00:56:08+00:00</Time>
     <Position>
      <LatitudeDegrees>-33.4630900</LatitudeDegrees>
      <LongitudeDegrees>-71.0744500</LongitudeDegrees>
     </Position>
     <AltitudeMeters>179.14000000000001</AltitudeMeters>
     <DistanceMeters>7713.8948340266425</DistanceMeters>
    </Trackpoint>
    <Trackpoint>
     <Time>2026-07-19T00:56:16+00:00</Time>
     <Position>
      <LatitudeDegrees>-33.4632600</LatitudeDegrees>
      <LongitudeDegrees>-71.0745900</LongitudeDegrees>
     </Position>
     <AltitudeMeters>179.02</AltitudeMeters>
     <DistanceMeters>7736.850025294473</DistanceMeters>
    </Trackpoint>
    <Trackpoint>
     <Time>2026-07-19T00:56:24+00:00</Time>
     <Position>
      <LatitudeDegrees>-33.4634000</LatitudeDegrees>
      <LongitudeDegrees>-71.0747700</LongitudeDegrees>
     </Position>
     <AltitudeMeters>178.91</AltitudeMeters>
     <DistanceMeters>7759.69925516822</DistanceMeters>
    </Trackpoint>
    <Trackpoint>
     <Time>2026-07-19T00:56:33+00:00</Time>
     <Position>
      <LatitudeDegrees>-33.4634700</LatitudeDegrees>
      <LongitudeDegrees>-71.0749400</LongitudeDegrees>
     </Position>
     <AltitudeMeters>178.76</AltitudeMeters>
     <DistanceMeters>7777.30123510654</DistanceMeters>
    </Trackpoint>
    <Trackpoint>
     <Time>2026-07-19T00:56:41+00:00</Time>
     <Position>
      <LatitudeDegrees>-33.4637200</LatitudeDegrees>
      <LongitudeDegrees>-71.0758700</LongitudeDegrees>
     </Position>
     <AltitudeMeters>178.21</AltitudeMeters>
     <DistanceMeters>7868.021032580192</DistanceMeters>
    </Trackpoint>
    <Trackpoint>
     <Time>2026-07-19T00:56:49+00:00</Time>
     <Position>
      <LatitudeDegrees>-33.4640120</LatitudeDegrees>
      <LongitudeDegrees>-71.0768800</LongitudeDegrees>
     </Position>
     <AltitudeMeters>177.9</AltitudeMeters>
     <DistanceMeters>7967.267132572185</DistanceMeters>
    </Trackpoint>
    <Trackpoint>
     <Time>2026-07-19T00:56:57+00:00</Time>
     <Position>
      <LatitudeDegrees>-33.4643040</LatitudeDegrees>
      <LongitudeDegrees>-71.0778900</LongitudeDegrees>
     </Position>
     <AltitudeMeters>177.55</AltitudeMeters>
     <DistanceMeters>8066.513232563551</DistanceMeters>
    </Trackpoint>
    <Trackpoint>
     <Time>2026-07-19T00:57:06+00:00</Time>
     <Position>
      <LatitudeDegrees>-33.4645960</LatitudeDegrees>
      <LongitudeDegrees>-71.0789000</LongitudeDegrees>
     </Position>
     <AltitudeMeters>177.44</AltitudeMeters>
     <DistanceMeters>8165.759332555809</DistanceMeters>
    </Trackpoint>
    <Trackpoint>
     <Time>2026-07-19T00:57:14+00:00</Time>
     <Position>
      <LatitudeDegrees>-33.4648880</LatitudeDegrees>
      <LongitudeDegrees>-71.0799100</LongitudeDegrees>
     </Position>
     <AltitudeMeters>177.14000000000001</AltitudeMeters>
     <DistanceMeters>8265.005432547467</DistanceMeters>
    </Trackpoint>
    <Trackpoint>
     <Time>2026-07-19T00:57:22+00:00</Time>
     <Position>
      <LatitudeDegrees>-33.4651800</LatitudeDegrees>
      <LongitudeDegrees>-71.0809200</LongitudeDegrees>
     </Position>
     <AltitudeMeters>176.99</AltitudeMeters>
     <DistanceMeters>8364.25153746525</DistanceMeters>
    </Trackpoint>
    <Trackpoint>
     <Time>2026-07-19T00:57:30+00:00</Time>
     <Position>
      <LatitudeDegrees>-33.4654810</LatitudeDegrees>
      <LongitudeDegrees>-71.0819290</LongitudeDegrees>
     </Position>
     <AltitudeMeters>176.79</AltitudeMeters>
     <DistanceMeters>8463.740427627017</DistanceMeters>
    </Trackpoint>
    <Trackpoint>
     <Time>2026-07-19T00:57:39+00:00</Time>
     <Position>
      <LatitudeDegrees>-33.4657821</LatitudeDegrees>
      <LongitudeDegrees>-71.0829379</LongitudeDegrees>
     </Position>
     <AltitudeMeters>176.65</AltitudeMeters>
     <DistanceMeters>8563.229317786494</DistanceMeters>
    </Trackpoint>
    <Trackpoint>
     <Time>2026-07-19T00:57:47+00:00</Time>
     <Position>
      <LatitudeDegrees>-33.4660831</LatitudeDegrees>
      <LongitudeDegrees>-71.0839469</LongitudeDegrees>
     </Position>
     <AltitudeMeters>176.44</AltitudeMeters>
     <DistanceMeters>8662.718207948565</DistanceMeters>
    </Trackpoint>
    <Trackpoint>
     <Time>2026-07-19T00:57:55+00:00</Time>
     <Position>
      <LatitudeDegrees>-33.4663841</LatitudeDegrees>
      <LongitudeDegrees>-71.0849559</LongitudeDegrees>
     </Position>
     <AltitudeMeters>176.29</AltitudeMeters>
     <DistanceMeters>8762.207098108442</DistanceMeters>
    </Trackpoint>
    <Trackpoint>
     <Time>2026-07-19T00:58:04+00:00</Time>
     <Position>
      <LatitudeDegrees>-33.4666851</LatitudeDegrees>
      <LongitudeDegrees>-71.0859649</LongitudeDegrees>
     </Position>
     <AltitudeMeters>176.09000000000003</AltitudeMeters>
     <DistanceMeters>8861.695988269325</DistanceMeters>
    </Trackpoint>
    <Trackpoint>
     <Time>2026-07-19T00:58:12+00:00</Time>
     <Position>
      <LatitudeDegrees>-33.4669861</LatitudeDegrees>
      <LongitudeDegrees>-71.0869739</LongitudeDegrees>
     </Position>
     <AltitudeMeters>175.86</AltitudeMeters>
     <DistanceMeters>8961.184878430155</DistanceMeters>
    </Trackpoint>
    <Trackpoint>
     <Time>2026-07-19T00:58:20+00:00</Time>
     <Position>
      <LatitudeDegrees>-33.4672871</LatitudeDegrees>
      <LongitudeDegrees>-71.0879829</LongitudeDegrees>
     </Position>
     <AltitudeMeters>175.77</AltitudeMeters>
     <DistanceMeters>9060.673768590676</DistanceMeters>
    </Trackpoint>
    <Trackpoint>
     <Time>2026-07-19T00:58:28+00:00</Time>
     <Position>
      <LatitudeDegrees>-33.4675881</LatitudeDegrees>
      <LongitudeDegrees>-71.0889919</LongitudeDegrees>
     </Position>
     <AltitudeMeters>175.57</AltitudeMeters>
     <DistanceMeters>9160.162658752048</DistanceMeters>
    </Trackpoint>
    <Trackpoint>
     <Time>2026-07-19T00:58:37+00:00</Time>
     <Position>
      <LatitudeDegrees>-33.4678890</LatitudeDegrees>
      <LongitudeDegrees>-71.0900010</LongitudeDegrees>
     </Position>
     <AltitudeMeters>175.45000000000002</AltitudeMeters>
     <DistanceMeters>9259.651548912503</DistanceMeters>
    </Trackpoint>
    <Trackpoint>
     <Time>2026-07-19T00:58:45+00:00</Time>
     <Position>
      <LatitudeDegrees>-33.4681900</LatitudeDegrees>
      <LongitudeDegrees>-71.0910100</LongitudeDegrees>
     </Position>
     <AltitudeMeters>175.37000000000003</AltitudeMeters>
     <DistanceMeters>9359.140445599922</DistanceMeters>
    </Trackpoint>
    <Trackpoint>
     <Time>2026-07-19T00:58:53+00:00</Time>
     <Position>
      <LatitudeDegrees>-33.4684767</LatitudeDegrees>
      <LongitudeDegrees>-71.0919355</LongitudeDegrees>
     </Position>
     <AltitudeMeters>175.16</AltitudeMeters>
     <DistanceMeters>9450.801392356914</DistanceMeters>
    </Trackpoint>
    <Trackpoint>
     <Time>2026-07-19T00:59:01+00:00</Time>
     <Position>
      <LatitudeDegrees>-33.4687634</LatitudeDegrees>
      <LongitudeDegrees>-71.0928611</LongitudeDegrees>
     </Position>
     <AltitudeMeters>174.93</AltitudeMeters>
     <DistanceMeters>9542.462339114962</DistanceMeters>
    </Trackpoint>
    <Trackpoint>
     <Time>2026-07-19T00:59:10+00:00</Time>
     <Position>
      <LatitudeDegrees>-33.4690501</LatitudeDegrees>
      <LongitudeDegrees>-71.0937866</LongitudeDegrees>
     </Position>
     <AltitudeMeters>174.6</AltitudeMeters>
     <DistanceMeters>9634.123285873251</DistanceMeters>
    </Trackpoint>
    <Trackpoint>
     <Time>2026-07-19T00:59:18+00:00</Time>
     <Position>
      <LatitudeDegrees>-33.4693367</LatitudeDegrees>
      <LongitudeDegrees>-71.0947122</LongitudeDegrees>
     </Position>
     <AltitudeMeters>174.29</AltitudeMeters>
     <DistanceMeters>9725.784232631238</DistanceMeters>
    </Trackpoint>
    <Trackpoint>
     <Time>2026-07-19T00:59:26+00:00</Time>
     <Position>
      <LatitudeDegrees>-33.4696234</LatitudeDegrees>
      <LongitudeDegrees>-71.0956377</LongitudeDegrees>
     </Position>
     <AltitudeMeters>174.09000000000003</AltitudeMeters>
     <DistanceMeters>9817.445179388938</DistanceMeters>
    </Trackpoint>
    <Trackpoint>
     <Time>2026-07-19T00:59:34+00:00</Time>
     <Position>
      <LatitudeDegrees>-33.4699101</LatitudeDegrees>
      <LongitudeDegrees>-71.0965633</LongitudeDegrees>
     </Position>
     <AltitudeMeters>173.79000000000002</AltitudeMeters>
     <DistanceMeters>9909.106126146911</DistanceMeters>
    </Trackpoint>
    <Trackpoint>
     <Time>2026-07-19T00:59:43+00:00</Time>
     <Position>
      <LatitudeDegrees>-33.4701967</LatitudeDegrees>
      <LongitudeDegrees>-71.0974888</LongitudeDegrees>
     </Position>
     <AltitudeMeters>173.52</AltitudeMeters>
     <DistanceMeters>10000.767072902556</DistanceMeters>
    </Trackpoint>
    <Trackpoint>
     <Time>2026-07-19T00:59:51+00:00</Time>
     <Position>
      <LatitudeDegrees>-33.4704834</LatitudeDegrees>
      <LongitudeDegrees>-71.0984144</LongitudeDegrees>
     </Position>
     <AltitudeMeters>173.43</AltitudeMeters>
     <DistanceMeters>10092.428019661107</DistanceMeters>
    </Trackpoint>
    <Trackpoint>
     <Time>2026-07-19T00:59:59+00:00</Time>
     <Position>
      <LatitudeDegrees>-33.4707700</LatitudeDegrees>
      <LongitudeDegrees>-71.0993400</LongitudeDegrees>
     </Position>
     <AltitudeMeters>173.54000000000002</AltitudeMeters>
     <DistanceMeters>10184.08897176043</DistanceMeters>
    </Trackpoint>
    <Trackpoint>
     <Time>2026-07-19T01:00:08+00:00</Time>
     <Position>
      <LatitudeDegrees>-33.4707900</LatitudeDegrees>
      <LongitudeDegrees>-71.0994800</LongitudeDegrees>
     </Position>
     <AltitudeMeters>173.54000000000002</AltitudeMeters>
     <DistanceMeters>10197.275684850978</DistanceMeters>
    </Trackpoint>
    <Trackpoint>
     <Time>2026-07-19T01:00:16+00:00</Time>
     <Position>
      <LatitudeDegrees>-33.4707700</LatitudeDegrees>
      <LongitudeDegrees>-71.0996600</LongitudeDegrees>
     </Position>
     <AltitudeMeters>173.53</AltitudeMeters>
     <DistanceMeters>10214.134335784394</DistanceMeters>
    </Trackpoint>
    <Trackpoint>
     <Time>2026-07-19T01:00:24+00:00</Time>
     <Position>
      <LatitudeDegrees>-33.4707000</LatitudeDegrees>
      <LongitudeDegrees>-71.0998800</LongitudeDegrees>
     </Position>
     <AltitudeMeters>173.39000000000001</AltitudeMeters>
     <DistanceMeters>10235.994361130368</DistanceMeters>
    </Trackpoint>
    <Trackpoint>
     <Time>2026-07-19T01:00:32+00:00</Time>
     <Position>
      <LatitudeDegrees>-33.4706300</LatitudeDegrees>
      <LongitudeDegrees>-71.1000100</LongitudeDegrees>
     </Position>
     <AltitudeMeters>173.39000000000001</AltitudeMeters>
     <DistanceMeters>10250.359542912553</DistanceMeters>
    </Trackpoint>
    <Trackpoint>
     <Time>2026-07-19T01:00:41+00:00</Time>
     <Position>
      <LatitudeDegrees>-33.4704800</LatitudeDegrees>
      <LongitudeDegrees>-71.1001200</LongitudeDegrees>
     </Position>
     <AltitudeMeters>173.20000000000002</AltitudeMeters>
     <DistanceMeters>10269.929756351048</DistanceMeters>
    </Trackpoint>
    <Trackpoint>
     <Time>2026-07-19T01:00:49+00:00</Time>
     <Position>
      <LatitudeDegrees>-33.4697700</LatitudeDegrees>
      <LongitudeDegrees>-71.1004400</LongitudeDegrees>
     </Position>
     <AltitudeMeters>173.0</AltitudeMeters>
     <DistanceMeters>10354.349900461879</DistanceMeters>
    </Trackpoint>
    <Trackpoint>
     <Time>2026-07-19T01:00:57+00:00</Time>
     <Position>
      <LatitudeDegrees>-33.4693600</LatitudeDegrees>
      <LongitudeDegrees>-71.1006500</LongitudeDegrees>
     </Position>
     <AltitudeMeters>173.16</AltitudeMeters>
     <DistanceMeters>10403.971697874742</DistanceMeters>
    </Trackpoint>
    <Trackpoint>
     <Time>2026-07-19T01:01:05+00:00</Time>
     <Position>
      <LatitudeDegrees>-33.4691600</LatitudeDegrees>
      <LongitudeDegrees>-71.1007800</LongitudeDegrees>
     </Position>
     <AltitudeMeters>173.16</AltitudeMeters>
     <DistanceMeters>10429.292387690155</DistanceMeters>
    </Trackpoint>
    <Trackpoint>
     <Time>2026-07-19T01:01:14+00:00</Time>
     <Position>
      <LatitudeDegrees>-33.4690400</LatitudeDegrees>
      <LongitudeDegrees>-71.1009100</LongitudeDegrees>
     </Position>
     <AltitudeMeters>173.53</AltitudeMeters>
     <DistanceMeters>10447.293432856612</DistanceMeters>
    </Trackpoint>
    <Trackpoint>
     <Time>2026-07-19T01:01:22+00:00</Time>
     <Position>
      <LatitudeDegrees>-33.4689500</LatitudeDegrees>
      <LongitudeDegrees>-71.1010500</LongitudeDegrees>
     </Position>
     <AltitudeMeters>173.53</AltitudeMeters>
     <DistanceMeters>10463.703008384393</DistanceMeters>
    </Trackpoint>
    <Trackpoint>
     <Time>2026-07-19T01:01:30+00:00</Time>
     <Position>
      <LatitudeDegrees>-33.4688200</LatitudeDegrees>
      <LongitudeDegrees>-71.1013200</LongitudeDegrees>
     </Position>
     <AltitudeMeters>173.75</AltitudeMeters>
     <DistanceMeters>10492.646002039124</DistanceMeters>
    </Trackpoint>
    <Trackpoint>
     <Time>2026-07-19T01:01:39+00:00</Time>
     <Position>
      <LatitudeDegrees>-33.4686000</LatitudeDegrees>
      <LongitudeDegrees>-71.1020800</LongitudeDegrees>
     </Position>
     <AltitudeMeters>174.35</AltitudeMeters>
     <DistanceMeters>10567.33306902694</DistanceMeters>
    </Trackpoint>
    <Trackpoint>
     <Time>2026-07-19T01:01:47+00:00</Time>
     <Position>
      <LatitudeDegrees>-33.4685300</LatitudeDegrees>
      <LongitudeDegrees>-71.1023900</LongitudeDegrees>
     </Position>
     <AltitudeMeters>174.35</AltitudeMeters>
     <DistanceMeters>10597.149751267236</DistanceMeters>
    </Trackpoint>
    <Trackpoint>
     <Time>2026-07-19T01:01:55+00:00</Time>
     <Position>
      <LatitudeDegrees>-33.4685100</LatitudeDegrees>
      <LongitudeDegrees>-71.1028400</LongitudeDegrees>
     </Position>
     <AltitudeMeters>175.22</AltitudeMeters>
     <DistanceMeters>10638.987737584128</DistanceMeters>
    </Trackpoint>
    <Trackpoint>
     <Time>2026-07-19T01:02:03+00:00</Time>
     <Position>
      <LatitudeDegrees>-33.4685500</LatitudeDegrees>
      <LongitudeDegrees>-71.1031200</LongitudeDegrees>
     </Position>
     <AltitudeMeters>175.81000000000003</AltitudeMeters>
     <DistanceMeters>10665.361828981328</DistanceMeters>
    </Trackpoint>
    <Trackpoint>
     <Time>2026-07-19T01:02:12+00:00</Time>
     <Position>
      <LatitudeDegrees>-33.4686300</LatitudeDegrees>
      <LongitudeDegrees>-71.1034100</LongitudeDegrees>
     </Position>
     <AltitudeMeters>175.96</AltitudeMeters>
     <DistanceMeters>10693.71988801422</DistanceMeters>
    </Trackpoint>
    <Trackpoint>
     <Time>2026-07-19T01:02:20+00:00</Time>
     <Position>
      <LatitudeDegrees>-33.4687900</LatitudeDegrees>
      <LongitudeDegrees>-71.1038300</LongitudeDegrees>
     </Position>
     <AltitudeMeters>176.35</AltitudeMeters>
     <DistanceMeters>10736.586953159596</DistanceMeters>
    </Trackpoint>
    <Trackpoint>
     <Time>2026-07-19T01:02:28+00:00</Time>
     <Position>
      <LatitudeDegrees>-33.4691759</LatitudeDegrees>
      <LongitudeDegrees>-71.1047158</LongitudeDegrees>
     </Position>
     <AltitudeMeters>177.26</AltitudeMeters>
     <DistanceMeters>10829.362793809098</DistanceMeters>
    </Trackpoint>
    <Trackpoint>
     <Time>2026-07-19T01:02:36+00:00</Time>
     <Position>
      <LatitudeDegrees>-33.4695617</LatitudeDegrees>
      <LongitudeDegrees>-71.1056016</LongitudeDegrees>
     </Position>
     <AltitudeMeters>177.83</AltitudeMeters>
     <DistanceMeters>10922.138634459257</DistanceMeters>
    </Trackpoint>
    <Trackpoint>
     <Time>2026-07-19T01:02:45+00:00</Time>
     <Position>
      <LatitudeDegrees>-33.4699476</LatitudeDegrees>
      <LongitudeDegrees>-71.1064874</LongitudeDegrees>
     </Position>
     <AltitudeMeters>177.79</AltitudeMeters>
     <DistanceMeters>11014.914475109661</DistanceMeters>
    </Trackpoint>
    <Trackpoint>
     <Time>2026-07-19T01:02:53+00:00</Time>
     <Position>
      <LatitudeDegrees>-33.4703334</LatitudeDegrees>
      <LongitudeDegrees>-71.1073732</LongitudeDegrees>
     </Position>
     <AltitudeMeters>177.41</AltitudeMeters>
     <DistanceMeters>11107.690315758646</DistanceMeters>
    </Trackpoint>
    <Trackpoint>
     <Time>2026-07-19T01:03:01+00:00</Time>
     <Position>
      <LatitudeDegrees>-33.4707193</LatitudeDegrees>
      <LongitudeDegrees>-71.1082590</LongitudeDegrees>
     </Position>
     <AltitudeMeters>177.15</AltitudeMeters>
     <DistanceMeters>11200.46615640814</DistanceMeters>
    </Trackpoint>
    <Trackpoint>
     <Time>2026-07-19T01:03:10+00:00</Time>
     <Position>
      <LatitudeDegrees>-33.4711051</LatitudeDegrees>
      <LongitudeDegrees>-71.1091449</LongitudeDegrees>
     </Position>
     <AltitudeMeters>176.43</AltitudeMeters>
     <DistanceMeters>11293.241997058525</DistanceMeters>
    </Trackpoint>
    <Trackpoint>
     <Time>2026-07-19T01:03:18+00:00</Time>
     <Position>
      <LatitudeDegrees>-33.4714909</LatitudeDegrees>
      <LongitudeDegrees>-71.1100307</LongitudeDegrees>
     </Position>
     <AltitudeMeters>175.52</AltitudeMeters>
     <DistanceMeters>11386.017837707343</DistanceMeters>
    </Trackpoint>
    <Trackpoint>
     <Time>2026-07-19T01:03:26+00:00</Time>
     <Position>
      <LatitudeDegrees>-33.4718768</LatitudeDegrees>
      <LongitudeDegrees>-71.1109165</LongitudeDegrees>
     </Position>
     <AltitudeMeters>175.19</AltitudeMeters>
     <DistanceMeters>11478.793678358423</DistanceMeters>
    </Trackpoint>
    <Trackpoint>
     <Time>2026-07-19T01:03:34+00:00</Time>
     <Position>
      <LatitudeDegrees>-33.4722626</LatitudeDegrees>
      <LongitudeDegrees>-71.1118024</LongitudeDegrees>
     </Position>
     <AltitudeMeters>174.82</AltitudeMeters>
     <DistanceMeters>11571.569519007106</DistanceMeters>
    </Trackpoint>
    <Trackpoint>
     <Time>2026-07-19T01:03:43+00:00</Time>
     <Position>
      <LatitudeDegrees>-33.4726484</LatitudeDegrees>
      <LongitudeDegrees>-71.1126883</LongitudeDegrees>
     </Position>
     <AltitudeMeters>174.61</AltitudeMeters>
     <DistanceMeters>11664.345359656418</DistanceMeters>
    </Trackpoint>
    <Trackpoint>
     <Time>2026-07-19T01:03:51+00:00</Time>
     <Position>
      <LatitudeDegrees>-33.4730342</LatitudeDegrees>
      <LongitudeDegrees>-71.1135741</LongitudeDegrees>
     </Position>
     <AltitudeMeters>174.38</AltitudeMeters>
     <DistanceMeters>11757.121200305948</DistanceMeters>
    </Trackpoint>
    <Trackpoint>
     <Time>2026-07-19T01:03:59+00:00</Time>
     <Position>
      <LatitudeDegrees>-33.4734200</LatitudeDegrees>
      <LongitudeDegrees>-71.1144600</LongitudeDegrees>
     </Position>
     <AltitudeMeters>174.48000000000002</AltitudeMeters>
     <DistanceMeters>11849.897040924865</DistanceMeters>
    </Trackpoint>
    <Trackpoint>
     <Time>2026-07-19T01:04:07+00:00</Time>
     <Position>
      <LatitudeDegrees>-33.4738400</LatitudeDegrees>
      <LongitudeDegrees>-71.1153933</LongitudeDegrees>
     </Position>
     <AltitudeMeters>174.43</AltitudeMeters>
     <DistanceMeters>11948.348359087322</DistanceMeters>
    </Trackpoint>
    <Trackpoint>
     <Time>2026-07-19T01:04:16+00:00</Time>
     <Position>
      <LatitudeDegrees>-33.4742600</LatitudeDegrees>
      <LongitudeDegrees>-71.1163267</LongitudeDegrees>
     </Position>
     <AltitudeMeters>174.35</AltitudeMeters>
     <DistanceMeters>12046.799677250114</DistanceMeters>
    </Trackpoint>
    <Trackpoint>
     <Time>2026-07-19T01:04:24+00:00</Time>
     <Position>
      <LatitudeDegrees>-33.4746800</LatitudeDegrees>
      <LongitudeDegrees>-71.1172600</LongitudeDegrees>
     </Position>
     <AltitudeMeters>174.19</AltitudeMeters>
     <DistanceMeters>12145.250988595868</DistanceMeters>
    </Trackpoint>
    <Trackpoint>
     <Time>2026-07-19T01:04:32+00:00</Time>
     <Position>
      <LatitudeDegrees>-33.4750000</LatitudeDegrees>
      <LongitudeDegrees>-71.1180600</LongitudeDegrees>
     </Position>
     <AltitudeMeters>173.97</AltitudeMeters>
     <DistanceMeters>12227.616755448733</DistanceMeters>
    </Trackpoint>
    <Trackpoint>
     <Time>2026-07-19T01:04:41+00:00</Time>
     <Position>
      <LatitudeDegrees>-33.4752200</LatitudeDegrees>
      <LongitudeDegrees>-71.1187433</LongitudeDegrees>
     </Position>
     <AltitudeMeters>173.73000000000002</AltitudeMeters>
     <DistanceMeters>12295.614864600826</DistanceMeters>
    </Trackpoint>
    <Trackpoint>
     <Time>2026-07-19T01:04:49+00:00</Time>
     <Position>
      <LatitudeDegrees>-33.4754400</LatitudeDegrees>
      <LongitudeDegrees>-71.1194267</LongitudeDegrees>
     </Position>
     <AltitudeMeters>173.49</AltitudeMeters>
     <DistanceMeters>12363.612973752239</DistanceMeters>
    </Trackpoint>
    <Trackpoint>
     <Time>2026-07-19T01:04:57+00:00</Time>
     <Position>
      <LatitudeDegrees>-33.4756600</LatitudeDegrees>
      <LongitudeDegrees>-71.1201100</LongitudeDegrees>
     </Position>
     <AltitudeMeters>172.68000000000004</AltitudeMeters>
     <DistanceMeters>12431.611113493855</DistanceMeters>
    </Trackpoint>
    <Trackpoint>
     <Time>2026-07-19T01:05:05+00:00</Time>
     <Position>
      <LatitudeDegrees>-33.4759384</LatitudeDegrees>
      <LongitudeDegrees>-71.1210550</LongitudeDegrees>
     </Position>
     <AltitudeMeters>171.81</AltitudeMeters>
     <DistanceMeters>12524.646942750744</DistanceMeters>
    </Trackpoint>
    <Trackpoint>
     <Time>2026-07-19T01:05:14+00:00</Time>
     <Position>
      <LatitudeDegrees>-33.4762167</LatitudeDegrees>
      <LongitudeDegrees>-71.1220000</LongitudeDegrees>
     </Position>
     <AltitudeMeters>171.22</AltitudeMeters>
     <DistanceMeters>12617.68277200839</DistanceMeters>
    </Trackpoint>
    <Trackpoint>
     <Time>2026-07-19T01:05:22+00:00</Time>
     <Position>
      <LatitudeDegrees>-33.4764950</LatitudeDegrees>
      <LongitudeDegrees>-71.1229450</LongitudeDegrees>
     </Position>
     <AltitudeMeters>170.40000000000003</AltitudeMeters>
     <DistanceMeters>12710.718601264023</DistanceMeters>
    </Trackpoint>
    <Trackpoint>
     <Time>2026-07-19T01:05:30+00:00</Time>
     <Position>
      <LatitudeDegrees>-33.4767734</LatitudeDegrees>
      <LongitudeDegrees>-71.1238900</LongitudeDegrees>
     </Position>
     <AltitudeMeters>170.75</AltitudeMeters>
     <DistanceMeters>12803.754430520581</DistanceMeters>
    </Trackpoint>
    <Trackpoint>
     <Time>2026-07-19T01:05:38+00:00</Time>
     <Position>
      <LatitudeDegrees>-33.4770517</LatitudeDegrees>
      <LongitudeDegrees>-71.1248350</LongitudeDegrees>
     </Position>
     <AltitudeMeters>171.79000000000002</AltitudeMeters>
     <DistanceMeters>12896.790259777339</DistanceMeters>
    </Trackpoint>
    <Trackpoint>
     <Time>2026-07-19T01:05:47+00:00</Time>
     <Position>
      <LatitudeDegrees>-33.4773300</LatitudeDegrees>
      <LongitudeDegrees>-71.1257800</LongitudeDegrees>
     </Position>
     <AltitudeMeters>172.76000000000002</AltitudeMeters>
     <DistanceMeters>12989.826087380417</DistanceMeters>
    </Trackpoint>
    <Trackpoint>
     <Time>2026-07-19T01:05:55+00:00</Time>
     <Position>
      <LatitudeDegrees>-33.4775700</LatitudeDegrees>
      <LongitudeDegrees>-71.1267300</LongitudeDegrees>
     </Position>
     <AltitudeMeters>173.84000000000003</AltitudeMeters>
     <DistanceMeters>13081.972883194849</DistanceMeters>
    </Trackpoint>
    <Trackpoint>
     <Time>2026-07-19T01:06:03+00:00</Time>
     <Position>
      <LatitudeDegrees>-33.4777325</LatitudeDegrees>
      <LongitudeDegrees>-71.1275250</LongitudeDegrees>
     </Position>
     <AltitudeMeters>174.72</AltitudeMeters>
     <DistanceMeters>13157.957686652</DistanceMeters>
    </Trackpoint>
    <Trackpoint>
     <Time>2026-07-19T01:06:12+00:00</Time>
     <Position>
      <LatitudeDegrees>-33.4778950</LatitudeDegrees>
      <LongitudeDegrees>-71.1283200</LongitudeDegrees>
     </Position>
     <AltitudeMeters>174.86</AltitudeMeters>
     <DistanceMeters>13233.94249010922</DistanceMeters>
    </Trackpoint>
    <Trackpoint>
     <Time>2026-07-19T01:06:20+00:00</Time>
     <Position>
      <LatitudeDegrees>-33.4780575</LatitudeDegrees>
      <LongitudeDegrees>-71.1291150</LongitudeDegrees>
     </Position>
     <AltitudeMeters>175.01000000000002</AltitudeMeters>
     <DistanceMeters>13309.927293564568</DistanceMeters>
    </Trackpoint>
    <Trackpoint>
     <Time>2026-07-19T01:06:28+00:00</Time>
     <Position>
      <LatitudeDegrees>-33.4782200</LatitudeDegrees>
      <LongitudeDegrees>-71.1299100</LongitudeDegrees>
     </Position>
     <AltitudeMeters>175.35</AltitudeMeters>
     <DistanceMeters>13385.912100420865</DistanceMeters>
    </Trackpoint>
    <Trackpoint>
     <Time>2026-07-19T01:06:36+00:00</Time>
     <Position>
      <LatitudeDegrees>-33.4784000</LatitudeDegrees>
      <LongitudeDegrees>-71.1307700</LongitudeDegrees>
     </Position>
     <AltitudeMeters>176.07</AltitudeMeters>
     <DistanceMeters>13468.222013113482</DistanceMeters>
    </Trackpoint>
    <Trackpoint>
     <Time>2026-07-19T01:06:45+00:00</Time>
     <Position>
      <LatitudeDegrees>-33.4785600</LatitudeDegrees>
      <LongitudeDegrees>-71.1311400</LongitudeDegrees>
     </Position>
     <AltitudeMeters>175.73000000000002</AltitudeMeters>
     <DistanceMeters>13506.911130288463</DistanceMeters>
    </Trackpoint>
    <Trackpoint>
     <Time>2026-07-19T01:06:53+00:00</Time>
     <Position>
      <LatitudeDegrees>-33.4788500</LatitudeDegrees>
      <LongitudeDegrees>-71.1316800</LongitudeDegrees>
     </Position>
     <AltitudeMeters>174.57</AltitudeMeters>
     <DistanceMeters>13566.531587487163</DistanceMeters>
    </Trackpoint>
    <Trackpoint>
     <Time>2026-07-19T01:07:01+00:00</Time>
     <Position>
      <LatitudeDegrees>-33.4793267</LatitudeDegrees>
      <LongitudeDegrees>-71.1323500</LongitudeDegrees>
     </Position>
     <AltitudeMeters>172.61</AltitudeMeters>
     <DistanceMeters>13648.279612851002</DistanceMeters>
    </Trackpoint>
    <Trackpoint>
     <Time>2026-07-19T01:07:09+00:00</Time>
     <Position>
      <LatitudeDegrees>-33.4798033</LatitudeDegrees>
      <LongitudeDegrees>-71.1330200</LongitudeDegrees>
     </Position>
     <AltitudeMeters>171.65000000000003</AltitudeMeters>
     <DistanceMeters>13730.027638215899</DistanceMeters>
    </Trackpoint>
    <Trackpoint>
     <Time>2026-07-19T01:07:18+00:00</Time>
     <Position>
      <LatitudeDegrees>-33.4802800</LatitudeDegrees>
      <LongitudeDegrees>-71.1336900</LongitudeDegrees>
     </Position>
     <AltitudeMeters>170.53</AltitudeMeters>
     <DistanceMeters>13811.77566666955</DistanceMeters>
    </Trackpoint>
    <Trackpoint>
     <Time>2026-07-19T01:07:26+00:00</Time>
     <Position>
      <LatitudeDegrees>-33.4807800</LatitudeDegrees>
      <LongitudeDegrees>-71.1343733</LongitudeDegrees>
     </Position>
     <AltitudeMeters>169.87</AltitudeMeters>
     <DistanceMeters>13896.158003390741</DistanceMeters>
    </Trackpoint>
    <Trackpoint>
     <Time>2026-07-19T01:07:34+00:00</Time>
     <Position>
      <LatitudeDegrees>-33.4812800</LatitudeDegrees>
      <LongitudeDegrees>-71.1350567</LongitudeDegrees>
     </Position>
     <AltitudeMeters>169.29000000000002</AltitudeMeters>
     <DistanceMeters>13980.54034011071</DistanceMeters>
    </Trackpoint>
    <Trackpoint>
     <Time>2026-07-19T01:07:42+00:00</Time>
     <Position>
      <LatitudeDegrees>-33.4817800</LatitudeDegrees>
      <LongitudeDegrees>-71.1357400</LongitudeDegrees>
     </Position>
     <AltitudeMeters>168.69</AltitudeMeters>
     <DistanceMeters>14064.922684111698</DistanceMeters>
    </Trackpoint>
    <Trackpoint>
     <Time>2026-07-19T01:07:51+00:00</Time>
     <Position>
      <LatitudeDegrees>-33.4821867</LatitudeDegrees>
      <LongitudeDegrees>-71.1362800</LongitudeDegrees>
     </Position>
     <AltitudeMeters>168.54000000000002</AltitudeMeters>
     <DistanceMeters>14132.458966615868</DistanceMeters>
    </Trackpoint>
    <Trackpoint>
     <Time>2026-07-19T01:07:59+00:00</Time>
     <Position>
      <LatitudeDegrees>-33.4825933</LatitudeDegrees>
      <LongitudeDegrees>-71.1368200</LongitudeDegrees>
     </Position>
     <AltitudeMeters>168.42000000000002</AltitudeMeters>
     <DistanceMeters>14199.995249121414</DistanceMeters>
    </Trackpoint>
    <Trackpoint>
     <Time>2026-07-19T01:08:07+00:00</Time>
     <Position>
      <LatitudeDegrees>-33.4830000</LatitudeDegrees>
      <LongitudeDegrees>-71.1373600</LongitudeDegrees>
     </Position>
     <AltitudeMeters>168.23000000000002</AltitudeMeters>
     <DistanceMeters>14267.53156344061</DistanceMeters>
    </Trackpoint>
    <Trackpoint>
     <Time>2026-07-19T01:08:16+00:00</Time>
     <Position>
      <LatitudeDegrees>-33.4834725</LatitudeDegrees>
      <LongitudeDegrees>-71.1379775</LongitudeDegrees>
     </Position>
     <AltitudeMeters>167.75</AltitudeMeters>
     <DistanceMeters>14345.319346636625</DistanceMeters>
    </Trackpoint>
    <Trackpoint>
     <Time>2026-07-19T01:08:24+00:00</Time>
     <Position>
      <LatitudeDegrees>-33.4839450</LatitudeDegrees>
      <LongitudeDegrees>-71.1385950</LongitudeDegrees>
     </Position>
     <AltitudeMeters>167.4</AltitudeMeters>
     <DistanceMeters>14423.10712983122</DistanceMeters>
    </Trackpoint>
    <Trackpoint>
     <Time>2026-07-19T01:08:32+00:00</Time>
     <Position>
      <LatitudeDegrees>-33.4844175</LatitudeDegrees>
      <LongitudeDegrees>-71.1392125</LongitudeDegrees>
     </Position>
     <AltitudeMeters>167.11</AltitudeMeters>
     <DistanceMeters>14500.89491302662</DistanceMeters>
    </Trackpoint>
    <Trackpoint>
     <Time>2026-07-19T01:08:40+00:00</Time>
     <Position>
      <LatitudeDegrees>-33.4848900</LatitudeDegrees>
      <LongitudeDegrees>-71.1398300</LongitudeDegrees>
     </Position>
     <AltitudeMeters>166.85000000000002</AltitudeMeters>
     <DistanceMeters>14578.68270062677</DistanceMeters>
    </Trackpoint>
    <Trackpoint>
     <Time>2026-07-19T01:08:49+00:00</Time>
     <Position>
      <LatitudeDegrees>-33.4854022</LatitudeDegrees>
      <LongitudeDegrees>-71.1405944</LongitudeDegrees>
     </Position>
     <AltitudeMeters>166.71</AltitudeMeters>
     <DistanceMeters>14669.703670718533</DistanceMeters>
    </Trackpoint>
    <Trackpoint>
     <Time>2026-07-19T01:08:57+00:00</Time>
     <Position>
      <LatitudeDegrees>-33.4859145</LatitudeDegrees>
      <LongitudeDegrees>-71.1413588</LongitudeDegrees>
     </Position>
     <AltitudeMeters>166.71</AltitudeMeters>
     <DistanceMeters>14760.724640810127</DistanceMeters>
    </Trackpoint>
    <Trackpoint>
     <Time>2026-07-19T01:09:05+00:00</Time>
     <Position>
      <LatitudeDegrees>-33.4864267</LatitudeDegrees>
      <LongitudeDegrees>-71.1421233</LongitudeDegrees>
     </Position>
     <AltitudeMeters>167.02</AltitudeMeters>
     <DistanceMeters>14851.745610902351</DistanceMeters>
    </Trackpoint>
    <Trackpoint>
     <Time>2026-07-19T01:09:13+00:00</Time>
     <Position>
      <LatitudeDegrees>-33.4869389</LatitudeDegrees>
      <LongitudeDegrees>-71.1428877</LongitudeDegrees>
     </Position>
     <AltitudeMeters>167.86</AltitudeMeters>
     <DistanceMeters>14942.766580992906</DistanceMeters>
    </Trackpoint>
    <Trackpoint>
     <Time>2026-07-19T01:09:22+00:00</Time>
     <Position>
      <LatitudeDegrees>-33.4874512</LatitudeDegrees>
      <LongitudeDegrees>-71.1436521</LongitudeDegrees>
     </Position>
     <AltitudeMeters>168.5</AltitudeMeters>
     <DistanceMeters>15033.787551085596</DistanceMeters>
    </Trackpoint>
    <Trackpoint>
     <Time>2026-07-19T01:09:30+00:00</Time>
     <Position>
      <LatitudeDegrees>-33.4879634</LatitudeDegrees>
      <LongitudeDegrees>-71.1444166</LongitudeDegrees>
     </Position>
     <AltitudeMeters>169.53</AltitudeMeters>
     <DistanceMeters>15124.808521176677</DistanceMeters>
    </Trackpoint>
    <Trackpoint>
     <Time>2026-07-19T01:09:38+00:00</Time>
     <Position>
      <LatitudeDegrees>-33.4884756</LatitudeDegrees>
      <LongitudeDegrees>-71.1451810</LongitudeDegrees>
     </Position>
     <AltitudeMeters>170.47</AltitudeMeters>
     <DistanceMeters>15215.829491268436</DistanceMeters>
    </Trackpoint>
    <Trackpoint>
     <Time>2026-07-19T01:09:47+00:00</Time>
     <Position>
      <LatitudeDegrees>-33.4889878</LatitudeDegrees>
      <LongitudeDegrees>-71.1459455</LongitudeDegrees>
     </Position>
     <AltitudeMeters>171.98000000000002</AltitudeMeters>
     <DistanceMeters>15306.850461360595</DistanceMeters>
    </Trackpoint>
    <Trackpoint>
     <Time>2026-07-19T01:09:55+00:00</Time>
     <Position>
      <LatitudeDegrees>-33.4895000</LatitudeDegrees>
      <LongitudeDegrees>-71.1467100</LongitudeDegrees>
     </Position>
     <AltitudeMeters>174.57</AltitudeMeters>
     <DistanceMeters>15397.87143667987</DistanceMeters>
    </Trackpoint>
    <Trackpoint>
     <Time>2026-07-19T01:10:03+00:00</Time>
     <Position>
      <LatitudeDegrees>-33.4897700</LatitudeDegrees>
      <LongitudeDegrees>-71.1471300</LongitudeDegrees>
     </Position>
     <AltitudeMeters>175.46</AltitudeMeters>
     <DistanceMeters>15447.092805955144</DistanceMeters>
    </Trackpoint>
    <Trackpoint>
     <Time>2026-07-19T01:10:11+00:00</Time>
     <Position>
      <LatitudeDegrees>-33.4901750</LatitudeDegrees>
      <LongitudeDegrees>-71.1479850</LongitudeDegrees>
     </Position>
     <AltitudeMeters>176.02</AltitudeMeters>
     <DistanceMeters>15538.360002873698</DistanceMeters>
    </Trackpoint>
    <Trackpoint>
     <Time>2026-07-19T01:10:20+00:00</Time>
     <Position>
      <LatitudeDegrees>-33.4905800</LatitudeDegrees>
      <LongitudeDegrees>-71.1488400</LongitudeDegrees>
     </Position>
     <AltitudeMeters>176.28000000000003</AltitudeMeters>
     <DistanceMeters>15629.627219918202</DistanceMeters>
    </Trackpoint>
    <Trackpoint>
     <Time>2026-07-19T01:10:28+00:00</Time>
     <Position>
      <LatitudeDegrees>-33.4907950</LatitudeDegrees>
      <LongitudeDegrees>-71.1493300</LongitudeDegrees>
     </Position>
     <AltitudeMeters>176.48000000000002</AltitudeMeters>
     <DistanceMeters>15681.018601788375</DistanceMeters>
    </Trackpoint>
    <Trackpoint>
     <Time>2026-07-19T01:10:36+00:00</Time>
     <Position>
      <LatitudeDegrees>-33.4910100</LatitudeDegrees>
      <LongitudeDegrees>-71.1498200</LongitudeDegrees>
     </Position>
     <AltitudeMeters>176.76000000000002</AltitudeMeters>
     <DistanceMeters>15732.409916210785</DistanceMeters>
    </Trackpoint>
    <Trackpoint>
     <Time>2026-07-19T01:10:44+00:00</Time>
     <Position>
      <LatitudeDegrees>-33.4913200</LatitudeDegrees>
      <LongitudeDegrees>-71.1504400</LongitudeDegrees>
     </Position>
     <AltitudeMeters>177.19</AltitudeMeters>
     <DistanceMeters>15799.506742441823</DistanceMeters>
    </Trackpoint>
    <Trackpoint>
     <Time>2026-07-19T01:10:53+00:00</Time>
     <Position>
      <LatitudeDegrees>-33.4916300</LatitudeDegrees>
      <LongitudeDegrees>-71.1510600</LongitudeDegrees>
     </Position>
     <AltitudeMeters>177.9</AltitudeMeters>
     <DistanceMeters>15866.603548006806</DistanceMeters>
    </Trackpoint>
    <Trackpoint>
     <Time>2026-07-19T01:11:01+00:00</Time>
     <Position>
      <LatitudeDegrees>-33.4918100</LatitudeDegrees>
      <LongitudeDegrees>-71.1512900</LongitudeDegrees>
     </Position>
     <AltitudeMeters>177.82</AltitudeMeters>
     <DistanceMeters>15895.87915138125</DistanceMeters>
    </Trackpoint>
    <Trackpoint>
     <Time>2026-07-19T01:11:09+00:00</Time>
     <Position>
      <LatitudeDegrees>-33.4921450</LatitudeDegrees>
      <LongitudeDegrees>-71.1516650</LongitudeDegrees>
     </Position>
     <AltitudeMeters>176.94</AltitudeMeters>
     <DistanceMeters>15946.884692854324</DistanceMeters>
    </Trackpoint>
    <Trackpoint>
     <Time>2026-07-19T01:11:18+00:00</Time>
     <Position>
      <LatitudeDegrees>-33.4924800</LatitudeDegrees>
      <LongitudeDegrees>-71.1520400</LongitudeDegrees>
     </Position>
     <AltitudeMeters>174.58</AltitudeMeters>
     <DistanceMeters>15997.890254748963</DistanceMeters>
    </Trackpoint>
    <Trackpoint>
     <Time>2026-07-19T01:11:26+00:00</Time>
     <Position>
      <LatitudeDegrees>-33.4929300</LatitudeDegrees>
      <LongitudeDegrees>-71.1526900</LongitudeDegrees>
     </Position>
     <AltitudeMeters>172.43000000000004</AltitudeMeters>
     <DistanceMeters>16076.299627443117</DistanceMeters>
    </Trackpoint>
    <Trackpoint>
     <Time>2026-07-19T01:11:34+00:00</Time>
     <Position>
      <LatitudeDegrees>-33.4933800</LatitudeDegrees>
      <LongitudeDegrees>-71.1533400</LongitudeDegrees>
     </Position>
     <AltitudeMeters>171.65000000000003</AltitudeMeters>
     <DistanceMeters>16154.708977363563</DistanceMeters>
    </Trackpoint>
    <Trackpoint>
     <Time>2026-07-19T01:11:42+00:00</Time>
     <Position>
      <LatitudeDegrees>-33.4938500</LatitudeDegrees>
      <LongitudeDegrees>-71.1541100</LongitudeDegrees>
     </Position>
     <AltitudeMeters>172.21</AltitudeMeters>
     <DistanceMeters>16243.27426237487</DistanceMeters>
    </Trackpoint>
    <Trackpoint>
     <Time>2026-07-19T01:11:51+00:00</Time>
     <Position>
      <LatitudeDegrees>-33.4940100</LatitudeDegrees>
      <LongitudeDegrees>-71.1545500</LongitudeDegrees>
     </Position>
     <AltitudeMeters>172.25</AltitudeMeters>
     <DistanceMeters>16287.82614002315</DistanceMeters>
    </Trackpoint>
    <Trackpoint>
     <Time>2026-07-19T01:11:59+00:00</Time>
     <Position>
      <LatitudeDegrees>-33.4940700</LatitudeDegrees>
      <LongitudeDegrees>-71.1548200</LongitudeDegrees>
     </Position>
     <AltitudeMeters>172.14000000000001</AltitudeMeters>
     <DistanceMeters>16313.760452510016</DistanceMeters>
    </Trackpoint>
    <Trackpoint>
     <Time>2026-07-19T01:12:07+00:00</Time>
     <Position>
      <LatitudeDegrees>-33.4940900</LatitudeDegrees>
      <LongitudeDegrees>-71.1551300</LongitudeDegrees>
     </Position>
     <AltitudeMeters>171.75</AltitudeMeters>
     <DistanceMeters>16342.61883852933</DistanceMeters>
    </Trackpoint>
    <Trackpoint>
     <Time>2026-07-19T01:12:15+00:00</Time>
     <Position>
      <LatitudeDegrees>-33.4940900</LatitudeDegrees>
      <LongitudeDegrees>-71.1555700</LongitudeDegrees>
     </Position>
     <AltitudeMeters>170.81</AltitudeMeters>
     <DistanceMeters>16383.457097488337</DistanceMeters>
    </Trackpoint>
    <Trackpoint>
     <Time>2026-07-19T01:12:24+00:00</Time>
     <Position>
      <LatitudeDegrees>-33.4939800</LatitudeDegrees>
      <LongitudeDegrees>-71.1562100</LongitudeDegrees>
     </Position>
     <AltitudeMeters>169.41</AltitudeMeters>
     <DistanceMeters>16444.10670625671</DistanceMeters>
    </Trackpoint>
    <Trackpoint>
     <Time>2026-07-19T01:12:32+00:00</Time>
     <Position>
      <LatitudeDegrees>-33.4937907</LatitudeDegrees>
      <LongitudeDegrees>-71.1571914</LongitudeDegrees>
     </Position>
     <AltitudeMeters>169.01000000000002</AltitudeMeters>
     <DistanceMeters>16537.595723430168</DistanceMeters>
    </Trackpoint>
    <Trackpoint>
     <Time>2026-07-19T01:12:40+00:00</Time>
     <Position>
      <LatitudeDegrees>-33.4936014</LatitudeDegrees>
      <LongitudeDegrees>-71.1581727</LongitudeDegrees>
     </Position>
     <AltitudeMeters>169.14000000000001</AltitudeMeters>
     <DistanceMeters>16631.08474060427</DistanceMeters>
    </Trackpoint>
    <Trackpoint>
     <Time>2026-07-19T01:12:49+00:00</Time>
     <Position>
      <LatitudeDegrees>-33.4934121</LatitudeDegrees>
      <LongitudeDegrees>-71.1591541</LongitudeDegrees>
     </Position>
     <AltitudeMeters>168.45000000000002</AltitudeMeters>
     <DistanceMeters>16724.573757778744</DistanceMeters>
    </Trackpoint>
    <Trackpoint>
     <Time>2026-07-19T01:12:57+00:00</Time>
     <Position>
      <LatitudeDegrees>-33.4932228</LatitudeDegrees>
      <LongitudeDegrees>-71.1601354</LongitudeDegrees>
     </Position>
     <AltitudeMeters>168.4</AltitudeMeters>
     <DistanceMeters>16818.06277495222</DistanceMeters>
    </Trackpoint>
    <Trackpoint>
     <Time>2026-07-19T01:13:05+00:00</Time>
     <Position>
      <LatitudeDegrees>-33.4930335</LatitudeDegrees>
      <LongitudeDegrees>-71.1611168</LongitudeDegrees>
     </Position>
     <AltitudeMeters>168.17000000000002</AltitudeMeters>
     <DistanceMeters>16911.551792124428</DistanceMeters>
    </Trackpoint>
    <Trackpoint>
     <Time>2026-07-19T01:13:13+00:00</Time>
     <Position>
      <LatitudeDegrees>-33.4928442</LatitudeDegrees>
      <LongitudeDegrees>-71.1620981</LongitudeDegrees>
     </Position>
     <AltitudeMeters>168.47</AltitudeMeters>
     <DistanceMeters>17005.04080929931</DistanceMeters>
    </Trackpoint>
    <Trackpoint>
     <Time>2026-07-19T01:13:22+00:00</Time>
     <Position>
      <LatitudeDegrees>-33.4926549</LatitudeDegrees>
      <LongitudeDegrees>-71.1630795</LongitudeDegrees>
     </Position>
     <AltitudeMeters>168.74</AltitudeMeters>
     <DistanceMeters>17098.529826472568</DistanceMeters>
    </Trackpoint>
    <Trackpoint>
     <Time>2026-07-19T01:13:30+00:00</Time>
     <Position>
      <LatitudeDegrees>-33.4924655</LatitudeDegrees>
      <LongitudeDegrees>-71.1640608</LongitudeDegrees>
     </Position>
     <AltitudeMeters>169.43000000000004</AltitudeMeters>
     <DistanceMeters>17192.01884364521</DistanceMeters>
    </Trackpoint>
    <Trackpoint>
     <Time>2026-07-19T01:13:38+00:00</Time>
     <Position>
      <LatitudeDegrees>-33.4922762</LatitudeDegrees>
      <LongitudeDegrees>-71.1650421</LongitudeDegrees>
     </Position>
     <AltitudeMeters>169.57000000000002</AltitudeMeters>
     <DistanceMeters>17285.507860819722</DistanceMeters>
    </Trackpoint>
    <Trackpoint>
     <Time>2026-07-19T01:13:46+00:00</Time>
     <Position>
      <LatitudeDegrees>-33.4920869</LatitudeDegrees>
      <LongitudeDegrees>-71.1660234</LongitudeDegrees>
     </Position>
     <AltitudeMeters>169.24</AltitudeMeters>
     <DistanceMeters>17378.996877993257</DistanceMeters>
    </Trackpoint>
    <Trackpoint>
     <Time>2026-07-19T01:13:55+00:00</Time>
     <Position>
      <LatitudeDegrees>-33.4918975</LatitudeDegrees>
      <LongitudeDegrees>-71.1670048</LongitudeDegrees>
     </Position>
     <AltitudeMeters>169.32000000000002</AltitudeMeters>
     <DistanceMeters>17472.485895165904</DistanceMeters>
    </Trackpoint>
    <Trackpoint>
     <Time>2026-07-19T01:14:03+00:00</Time>
     <Position>
      <LatitudeDegrees>-33.4917081</LatitudeDegrees>
      <LongitudeDegrees>-71.1679861</LongitudeDegrees>
     </Position>
     <AltitudeMeters>169.5</AltitudeMeters>
     <DistanceMeters>17565.974912341244</DistanceMeters>
    </Trackpoint>
    <Trackpoint>
     <Time>2026-07-19T01:14:11+00:00</Time>
     <Position>
      <LatitudeDegrees>-33.4915188</LatitudeDegrees>
      <LongitudeDegrees>-71.1689674</LongitudeDegrees>
     </Position>
     <AltitudeMeters>169.63</AltitudeMeters>
     <DistanceMeters>17659.463929513506</DistanceMeters>
    </Trackpoint>
    <Trackpoint>
     <Time>2026-07-19T01:14:20+00:00</Time>
     <Position>
      <LatitudeDegrees>-33.4913294</LatitudeDegrees>
      <LongitudeDegrees>-71.1699487</LongitudeDegrees>
     </Position>
     <AltitudeMeters>169.94</AltitudeMeters>
     <DistanceMeters>17752.952946687918</DistanceMeters>
    </Trackpoint>
    <Trackpoint>
     <Time>2026-07-19T01:14:28+00:00</Time>
     <Position>
      <LatitudeDegrees>-33.4911400</LatitudeDegrees>
      <LongitudeDegrees>-71.1709300</LongitudeDegrees>
     </Position>
     <AltitudeMeters>170.22</AltitudeMeters>
     <DistanceMeters>17846.441964312555</DistanceMeters>
    </Trackpoint>
    <Trackpoint>
     <Time>2026-07-19T01:14:36+00:00</Time>
     <Position>
      <LatitudeDegrees>-33.4909567</LatitudeDegrees>
      <LongitudeDegrees>-71.1719600</LongitudeDegrees>
     </Position>
     <AltitudeMeters>170.09</AltitudeMeters>
     <DistanceMeters>17944.19734630375</DistanceMeters>
    </Trackpoint>
    <Trackpoint>
     <Time>2026-07-19T01:14:44+00:00</Time>
     <Position>
      <LatitudeDegrees>-33.4907733</LatitudeDegrees>
      <LongitudeDegrees>-71.1729900</LongitudeDegrees>
     </Position>
     <AltitudeMeters>169.85</AltitudeMeters>
     <DistanceMeters>18041.952728294422</DistanceMeters>
    </Trackpoint>
    <Trackpoint>
     <Time>2026-07-19T01:14:53+00:00</Time>
     <Position>
      <LatitudeDegrees>-33.4905900</LatitudeDegrees>
      <LongitudeDegrees>-71.1740200</LongitudeDegrees>
     </Position>
     <AltitudeMeters>170.09</AltitudeMeters>
     <DistanceMeters>18139.708110018575</DistanceMeters>
    </Trackpoint>
    <Trackpoint>
     <Time>2026-07-19T01:15:01+00:00</Time>
     <Position>
      <LatitudeDegrees>-33.4904300</LatitudeDegrees>
      <LongitudeDegrees>-71.1748975</LongitudeDegrees>
     </Position>
     <AltitudeMeters>170.06</AltitudeMeters>
     <DistanceMeters>18223.08010499437</DistanceMeters>
    </Trackpoint>
    <Trackpoint>
     <Time>2026-07-19T01:15:09+00:00</Time>
     <Position>
      <LatitudeDegrees>-33.4902700</LatitudeDegrees>
      <LongitudeDegrees>-71.1757750</LongitudeDegrees>
     </Position>
     <AltitudeMeters>170.41</AltitudeMeters>
     <DistanceMeters>18306.45209997018</DistanceMeters>
    </Trackpoint>
    <Trackpoint>
     <Time>2026-07-19T01:15:17+00:00</Time>
     <Position>
      <LatitudeDegrees>-33.4901100</LatitudeDegrees>
      <LongitudeDegrees>-71.1766525</LongitudeDegrees>
     </Position>
     <AltitudeMeters>170.72</AltitudeMeters>
     <DistanceMeters>18389.82409494652</DistanceMeters>
    </Trackpoint>
    <Trackpoint>
     <Time>2026-07-19T01:15:26+00:00</Time>
     <Position>
      <LatitudeDegrees>-33.4899500</LatitudeDegrees>
      <LongitudeDegrees>-71.1775300</LongitudeDegrees>
     </Position>
     <AltitudeMeters>170.95000000000002</AltitudeMeters>
     <DistanceMeters>18473.196082420698</DistanceMeters>
    </Trackpoint>
    <Trackpoint>
     <Time>2026-07-19T01:15:34+00:00</Time>
     <Position>
      <LatitudeDegrees>-33.4897333</LatitudeDegrees>
      <LongitudeDegrees>-71.1785667</LongitudeDegrees>
     </Position>
     <AltitudeMeters>171.64000000000001</AltitudeMeters>
     <DistanceMeters>18572.394030260104</DistanceMeters>
    </Trackpoint>
    <Trackpoint>
     <Time>2026-07-19T01:15:42+00:00</Time>
     <Position>
      <LatitudeDegrees>-33.4895167</LatitudeDegrees>
      <LongitudeDegrees>-71.1796033</LongitudeDegrees>
     </Position>
     <AltitudeMeters>173.34000000000003</AltitudeMeters>
     <DistanceMeters>18671.59197810043</DistanceMeters>
    </Trackpoint>
    <Trackpoint>
     <Time>2026-07-19T01:15:51+00:00</Time>
     <Position>
      <LatitudeDegrees>-33.4893000</LatitudeDegrees>
      <LongitudeDegrees>-71.1806400</LongitudeDegrees>
     </Position>
     <AltitudeMeters>175.02</AltitudeMeters>
     <DistanceMeters>18770.789935053934</DistanceMeters>
    </Trackpoint>
    <Trackpoint>
     <Time>2026-07-19T01:15:59+00:00</Time>
     <Position>
      <LatitudeDegrees>-33.4891467</LatitudeDegrees>
      <LongitudeDegrees>-71.1813367</LongitudeDegrees>
     </Position>
     <AltitudeMeters>176.14000000000001</AltitudeMeters>
     <DistanceMeters>18837.66818915791</DistanceMeters>
    </Trackpoint>
    <Trackpoint>
     <Time>2026-07-19T01:16:07+00:00</Time>
     <Position>
      <LatitudeDegrees>-33.4889933</LatitudeDegrees>
      <LongitudeDegrees>-71.1820333</LongitudeDegrees>
     </Position>
     <AltitudeMeters>177.33</AltitudeMeters>
     <DistanceMeters>18904.546443262258</DistanceMeters>
    </Trackpoint>
    <Trackpoint>
     <Time>2026-07-19T01:16:15+00:00</Time>
     <Position>
      <LatitudeDegrees>-33.4888400</LatitudeDegrees>
      <LongitudeDegrees>-71.1827300</LongitudeDegrees>
     </Position>
     <AltitudeMeters>178.75000000000003</AltitudeMeters>
     <DistanceMeters>18971.424693911595</DistanceMeters>
    </Trackpoint>
    <Trackpoint>
     <Time>2026-07-19T01:16:24+00:00</Time>
     <Position>
      <LatitudeDegrees>-33.4886900</LatitudeDegrees>
      <LongitudeDegrees>-71.1836600</LongitudeDegrees>
     </Position>
     <AltitudeMeters>180.14000000000001</AltitudeMeters>
     <DistanceMeters>19059.34678526072</DistanceMeters>
    </Trackpoint>
    <Trackpoint>
     <Time>2026-07-19T01:16:32+00:00</Time>
     <Position>
      <LatitudeDegrees>-33.4885400</LatitudeDegrees>
      <LongitudeDegrees>-71.1845900</LongitudeDegrees>
     </Position>
     <AltitudeMeters>181.93</AltitudeMeters>
     <DistanceMeters>19147.268883506655</DistanceMeters>
    </Trackpoint>
    <Trackpoint>
     <Time>2026-07-19T01:16:40+00:00</Time>
     <Position>
      <LatitudeDegrees>-33.4885400</LatitudeDegrees>
      <LongitudeDegrees>-71.1847700</LongitudeDegrees>
     </Position>
     <AltitudeMeters>181.85</AltitudeMeters>
     <DistanceMeters>19163.976514796417</DistanceMeters>
    </Trackpoint>
    <Trackpoint>
     <Time>2026-07-19T01:16:48+00:00</Time>
     <Position>
      <LatitudeDegrees>-33.4885900</LatitudeDegrees>
      <LongitudeDegrees>-71.1849900</LongitudeDegrees>
     </Position>
     <AltitudeMeters>181.70000000000002</AltitudeMeters>
     <DistanceMeters>19185.141601092873</DistanceMeters>
    </Trackpoint>
    <Trackpoint>
     <Time>2026-07-19T01:16:57+00:00</Time>
     <Position>
      <LatitudeDegrees>-33.4889080</LatitudeDegrees>
      <LongitudeDegrees>-71.1858340</LongitudeDegrees>
     </Position>
     <AltitudeMeters>180.85</AltitudeMeters>
     <DistanceMeters>19271.10477381816</DistanceMeters>
    </Trackpoint>
    <Trackpoint>
     <Time>2026-07-19T01:17:05+00:00</Time>
     <Position>
      <LatitudeDegrees>-33.4892260</LatitudeDegrees>
      <LongitudeDegrees>-71.1866780</LongitudeDegrees>
     </Position>
     <AltitudeMeters>180.28000000000003</AltitudeMeters>
     <DistanceMeters>19357.067946543022</DistanceMeters>
    </Trackpoint>
    <Trackpoint>
     <Time>2026-07-19T01:17:13+00:00</Time>
     <Position>
      <LatitudeDegrees>-33.4895440</LatitudeDegrees>
      <LongitudeDegrees>-71.1875220</LongitudeDegrees>
     </Position>
     <AltitudeMeters>179.24</AltitudeMeters>
     <DistanceMeters>19443.03111926846</DistanceMeters>
    </Trackpoint>
    <Trackpoint>
     <Time>2026-07-19T01:17:21+00:00</Time>
     <Position>
      <LatitudeDegrees>-33.4898620</LatitudeDegrees>
      <LongitudeDegrees>-71.1883660</LongitudeDegrees>
     </Position>
     <AltitudeMeters>178.1</AltitudeMeters>
     <DistanceMeters>19528.994291993607</DistanceMeters>
    </Trackpoint>
    <Trackpoint>
     <Time>2026-07-19T01:17:30+00:00</Time>
     <Position>
      <LatitudeDegrees>-33.4901800</LatitudeDegrees>
      <LongitudeDegrees>-71.1892100</LongitudeDegrees>
     </Position>
     <AltitudeMeters>177.15</AltitudeMeters>
     <DistanceMeters>19614.957458860426</DistanceMeters>
    </Trackpoint>
    <Trackpoint>
     <Time>2026-07-19T01:17:38+00:00</Time>
     <Position>
      <LatitudeDegrees>-33.4905356</LatitudeDegrees>
      <LongitudeDegrees>-71.1901455</LongitudeDegrees>
     </Position>
     <AltitudeMeters>175.49</AltitudeMeters>
     <DistanceMeters>19710.38426636007</DistanceMeters>
    </Trackpoint>
    <Trackpoint>
     <Time>2026-07-19T01:17:46+00:00</Time>
     <Position>
      <LatitudeDegrees>-33.4908912</LatitudeDegrees>
      <LongitudeDegrees>-71.1910811</LongitudeDegrees>
     </Position>
     <AltitudeMeters>174.41</AltitudeMeters>
     <DistanceMeters>19805.811073858564</DistanceMeters>
    </Trackpoint>
    <Trackpoint>
     <Time>2026-07-19T01:17:55+00:00</Time>
     <Position>
      <LatitudeDegrees>-33.4912467</LatitudeDegrees>
      <LongitudeDegrees>-71.1920166</LongitudeDegrees>
     </Position>
     <AltitudeMeters>173.3</AltitudeMeters>
     <DistanceMeters>19901.237881357534</DistanceMeters>
    </Trackpoint>
    <Trackpoint>
     <Time>2026-07-19T01:18:03+00:00</Time>
     <Position>
      <LatitudeDegrees>-33.4916023</LatitudeDegrees>
      <LongitudeDegrees>-71.1929521</LongitudeDegrees>
     </Position>
     <AltitudeMeters>172.69</AltitudeMeters>
     <DistanceMeters>19996.66468885643</DistanceMeters>
    </Trackpoint>
    <Trackpoint>
     <Time>2026-07-19T01:18:11+00:00</Time>
     <Position>
      <LatitudeDegrees>-33.4919578</LatitudeDegrees>
      <LongitudeDegrees>-71.1938877</LongitudeDegrees>
     </Position>
     <AltitudeMeters>172.26000000000002</AltitudeMeters>
     <DistanceMeters>20092.091496355024</DistanceMeters>
    </Trackpoint>
    <Trackpoint>
     <Time>2026-07-19T01:18:19+00:00</Time>
     <Position>
      <LatitudeDegrees>-33.4923134</LatitudeDegrees>
      <LongitudeDegrees>-71.1948233</LongitudeDegrees>
     </Position>
     <AltitudeMeters>171.93000000000004</AltitudeMeters>
     <DistanceMeters>20187.51830385441</DistanceMeters>
    </Trackpoint>
    <Trackpoint>
     <Time>2026-07-19T01:18:28+00:00</Time>
     <Position>
      <LatitudeDegrees>-33.4926689</LatitudeDegrees>
      <LongitudeDegrees>-71.1957588</LongitudeDegrees>
     </Position>
     <AltitudeMeters>172.11</AltitudeMeters>
     <DistanceMeters>20282.94511135217</DistanceMeters>
    </Trackpoint>
    <Trackpoint>
     <Time>2026-07-19T01:18:36+00:00</Time>
     <Position>
      <LatitudeDegrees>-33.4930245</LatitudeDegrees>
      <LongitudeDegrees>-71.1966944</LongitudeDegrees>
     </Position>
     <AltitudeMeters>172.48000000000002</AltitudeMeters>
     <DistanceMeters>20378.371918851157</DistanceMeters>
    </Trackpoint>
    <Trackpoint>
     <Time>2026-07-19T01:18:44+00:00</Time>
     <Position>
      <LatitudeDegrees>-33.4933800</LatitudeDegrees>
      <LongitudeDegrees>-71.1976300</LongitudeDegrees>
     </Position>
     <AltitudeMeters>172.73000000000002</AltitudeMeters>
     <DistanceMeters>20473.798729696777</DistanceMeters>
    </Trackpoint>
    <Trackpoint>
     <Time>2026-07-19T01:18:52+00:00</Time>
     <Position>
      <LatitudeDegrees>-33.4937100</LatitudeDegrees>
      <LongitudeDegrees>-71.1985400</LongitudeDegrees>
     </Position>
     <AltitudeMeters>172.47</AltitudeMeters>
     <DistanceMeters>20565.900063487177</DistanceMeters>
    </Trackpoint>
    <Trackpoint>
     <Time>2026-07-19T01:19:01+00:00</Time>
     <Position>
      <LatitudeDegrees>-33.4940000</LatitudeDegrees>
      <LongitudeDegrees>-71.1992750</LongitudeDegrees>
     </Position>
     <AltitudeMeters>171.83</AltitudeMeters>
     <DistanceMeters>20641.368333891904</DistanceMeters>
    </Trackpoint>
    <Trackpoint>
     <Time>2026-07-19T01:19:09+00:00</Time>
     <Position>
      <LatitudeDegrees>-33.4942900</LatitudeDegrees>
      <LongitudeDegrees>-71.2000100</LongitudeDegrees>
     </Position>
     <AltitudeMeters>171.23000000000002</AltitudeMeters>
     <DistanceMeters>20716.83660429815</DistanceMeters>
    </Trackpoint>
    <Trackpoint>
     <Time>2026-07-19T01:19:17+00:00</Time>
     <Position>
      <LatitudeDegrees>-33.4945800</LatitudeDegrees>
      <LongitudeDegrees>-71.2007450</LongitudeDegrees>
     </Position>
     <AltitudeMeters>170.65000000000003</AltitudeMeters>
     <DistanceMeters>20792.304874701997</DistanceMeters>
    </Trackpoint>
    <Trackpoint>
     <Time>2026-07-19T01:19:26+00:00</Time>
     <Position>
      <LatitudeDegrees>-33.4948700</LatitudeDegrees>
      <LongitudeDegrees>-71.2014800</LongitudeDegrees>
     </Position>
     <AltitudeMeters>169.84</AltitudeMeters>
     <DistanceMeters>20867.773149161792</DistanceMeters>
    </Trackpoint>
    <Trackpoint>
     <Time>2026-07-19T01:19:34+00:00</Time>
     <Position>
      <LatitudeDegrees>-33.4952040</LatitudeDegrees>
      <LongitudeDegrees>-71.2023740</LongitudeDegrees>
     </Position>
     <AltitudeMeters>169.59</AltitudeMeters>
     <DistanceMeters>20958.693772892595</DistanceMeters>
    </Trackpoint>
    <Trackpoint>
     <Time>2026-07-19T01:19:42+00:00</Time>
     <Position>
      <LatitudeDegrees>-33.4955380</LatitudeDegrees>
      <LongitudeDegrees>-71.2032680</LongitudeDegrees>
     </Position>
     <AltitudeMeters>169.41</AltitudeMeters>
     <DistanceMeters>21049.61439662321</DistanceMeters>
    </Trackpoint>
    <Trackpoint>
     <Time>2026-07-19T01:19:50+00:00</Time>
     <Position>
      <LatitudeDegrees>-33.4958720</LatitudeDegrees>
      <LongitudeDegrees>-71.2041620</LongitudeDegrees>
     </Position>
     <AltitudeMeters>169.02</AltitudeMeters>
     <DistanceMeters>21140.535020353735</DistanceMeters>
    </Trackpoint>
    <Trackpoint>
     <Time>2026-07-19T01:19:59+00:00</Time>
     <Position>
      <LatitudeDegrees>-33.4962060</LatitudeDegrees>
      <LongitudeDegrees>-71.2050560</LongitudeDegrees>
     </Position>
     <AltitudeMeters>168.73000000000002</AltitudeMeters>
     <DistanceMeters>21231.455644085392</DistanceMeters>
    </Trackpoint>
    <Trackpoint>
     <Time>2026-07-19T01:20:07+00:00</Time>
     <Position>
      <LatitudeDegrees>-33.4965400</LatitudeDegrees>
      <LongitudeDegrees>-71.2059500</LongitudeDegrees>
     </Position>
     <AltitudeMeters>168.29000000000002</AltitudeMeters>
     <DistanceMeters>21322.37626786609</DistanceMeters>
    </Trackpoint>
    <Trackpoint>
     <Time>2026-07-19T01:20:15+00:00</Time>
     <Position>
      <LatitudeDegrees>-33.4968400</LatitudeDegrees>
      <LongitudeDegrees>-71.2067860</LongitudeDegrees>
     </Position>
     <AltitudeMeters>167.95000000000002</AltitudeMeters>
     <DistanceMeters>21406.845116753266</DistanceMeters>
    </Trackpoint>
    <Trackpoint>
     <Time>2026-07-19T01:20:23+00:00</Time>
     <Position>
      <LatitudeDegrees>-33.4971400</LatitudeDegrees>
      <LongitudeDegrees>-71.2076220</LongitudeDegrees>
     </Position>
     <AltitudeMeters>167.4</AltitudeMeters>
     <DistanceMeters>21491.31396564029</DistanceMeters>
    </Trackpoint>
    <Trackpoint>
     <Time>2026-07-19T01:20:32+00:00</Time>
     <Position>
      <LatitudeDegrees>-33.4974400</LatitudeDegrees>
      <LongitudeDegrees>-71.2084580</LongitudeDegrees>
     </Position>
     <AltitudeMeters>167.20000000000002</AltitudeMeters>
     <DistanceMeters>21575.782814526607</DistanceMeters>
    </Trackpoint>
    <Trackpoint>
     <Time>2026-07-19T01:20:40+00:00</Time>
     <Position>
      <LatitudeDegrees>-33.4977400</LatitudeDegrees>
      <LongitudeDegrees>-71.2092940</LongitudeDegrees>
     </Position>
     <AltitudeMeters>167.06</AltitudeMeters>
     <DistanceMeters>21660.251663415296</DistanceMeters>
    </Trackpoint>
    <Trackpoint>
     <Time>2026-07-19T01:20:48+00:00</Time>
     <Position>
      <LatitudeDegrees>-33.4980400</LatitudeDegrees>
      <LongitudeDegrees>-71.2101300</LongitudeDegrees>
     </Position>
     <AltitudeMeters>166.9</AltitudeMeters>
     <DistanceMeters>21744.720510199346</DistanceMeters>
    </Trackpoint>
    <Trackpoint>
     <Time>2026-07-19T01:20:57+00:00</Time>
     <Position>
      <LatitudeDegrees>-33.4983850</LatitudeDegrees>
      <LongitudeDegrees>-71.2110250</LongitudeDegrees>
     </Position>
     <AltitudeMeters>166.74000000000004</AltitudeMeters>
     <DistanceMeters>21836.230405624134</DistanceMeters>
    </Trackpoint>
    <Trackpoint>
     <Time>2026-07-19T01:21:05+00:00</Time>
     <Position>
      <LatitudeDegrees>-33.4987300</LatitudeDegrees>
      <LongitudeDegrees>-71.2119200</LongitudeDegrees>
     </Position>
     <AltitudeMeters>166.67000000000002</AltitudeMeters>
     <DistanceMeters>21927.740288761655</DistanceMeters>
    </Trackpoint>
    <Trackpoint>
     <Time>2026-07-19T01:21:13+00:00</Time>
     <Position>
      <LatitudeDegrees>-33.4989950</LatitudeDegrees>
      <LongitudeDegrees>-71.2126250</LongitudeDegrees>
     </Position>
     <AltitudeMeters>166.82000000000002</AltitudeMeters>
     <DistanceMeters>21999.5106551826</DistanceMeters>
    </Trackpoint>
    <Trackpoint>
     <Time>2026-07-19T01:21:21+00:00</Time>
     <Position>
      <LatitudeDegrees>-33.4992600</LatitudeDegrees>
      <LongitudeDegrees>-71.2133300</LongitudeDegrees>
     </Position>
     <AltitudeMeters>166.93</AltitudeMeters>
     <DistanceMeters>22071.281014115415</DistanceMeters>
    </Trackpoint>
    <Trackpoint>
     <Time>2026-07-19T01:21:30+00:00</Time>
     <Position>
      <LatitudeDegrees>-33.4993300</LatitudeDegrees>
      <LongitudeDegrees>-71.2136100</LongitudeDegrees>
     </Position>
     <AltitudeMeters>167.05</AltitudeMeters>
     <DistanceMeters>22098.41013175434</DistanceMeters>
    </Trackpoint>
    <Trackpoint>
     <Time>2026-07-19T01:21:38+00:00</Time>
     <Position>
      <LatitudeDegrees>-33.4993800</LatitudeDegrees>
      <LongitudeDegrees>-71.2139700</LongitudeDegrees>
     </Position>
     <AltitudeMeters>166.98000000000002</AltitudeMeters>
     <DistanceMeters>22132.28147201829</DistanceMeters>
    </Trackpoint>
    <Trackpoint>
     <Time>2026-07-19T01:21:46+00:00</Time>
     <Position>
      <LatitudeDegrees>-33.4994200</LatitudeDegrees>
      <LongitudeDegrees>-71.2146150</LongitudeDegrees>
     </Position>
     <AltitudeMeters>166.86</AltitudeMeters>
     <DistanceMeters>22192.30828953976</DistanceMeters>
    </Trackpoint>
    <Trackpoint>
     <Time>2026-07-19T01:21:54+00:00</Time>
     <Position>
      <LatitudeDegrees>-33.4994600</LatitudeDegrees>
      <LongitudeDegrees>-71.2152600</LongitudeDegrees>
     </Position>
     <AltitudeMeters>166.85000000000002</AltitudeMeters>
     <DistanceMeters>22252.335071704747</DistanceMeters>
    </Trackpoint>
    <Trackpoint>
     <Time>2026-07-19T01:22:03+00:00</Time>
     <Position>
      <LatitudeDegrees>-33.4994750</LatitudeDegrees>
      <LongitudeDegrees>-71.2162000</LongitudeDegrees>
     </Position>
     <AltitudeMeters>167.12</AltitudeMeters>
     <DistanceMeters>22339.590993690188</DistanceMeters>
    </Trackpoint>
    <Trackpoint>
     <Time>2026-07-19T01:22:11+00:00</Time>
     <Position>
      <LatitudeDegrees>-33.4994900</LatitudeDegrees>
      <LongitudeDegrees>-71.2171400</LongitudeDegrees>
     </Position>
     <AltitudeMeters>167.06</AltitudeMeters>
     <DistanceMeters>22426.846905081093</DistanceMeters>
    </Trackpoint>
    <Trackpoint>
     <Time>2026-07-19T01:22:19+00:00</Time>
     <Position>
      <LatitudeDegrees>-33.4995300</LatitudeDegrees>
      <LongitudeDegrees>-71.2181700</LongitudeDegrees>
     </Position>
     <AltitudeMeters>166.67000000000002</AltitudeMeters>
     <DistanceMeters>22522.543111677645</DistanceMeters>
    </Trackpoint>
    <Trackpoint>
     <Time>2026-07-19T01:22:28+00:00</Time>
     <Position>
      <LatitudeDegrees>-33.4995700</LatitudeDegrees>
      <LongitudeDegrees>-71.2192000</LongitudeDegrees>
     </Position>
     <AltitudeMeters>166.25</AltitudeMeters>
     <DistanceMeters>22618.239318273667</DistanceMeters>
    </Trackpoint>
    <Trackpoint>
     <Time>2026-07-19T01:22:36+00:00</Time>
     <Position>
      <LatitudeDegrees>-33.4996100</LatitudeDegrees>
      <LongitudeDegrees>-71.2202300</LongitudeDegrees>
     </Position>
     <AltitudeMeters>166.24</AltitudeMeters>
     <DistanceMeters>22713.935524870572</DistanceMeters>
    </Trackpoint>
    <Trackpoint>
     <Time>2026-07-19T01:22:44+00:00</Time>
     <Position>
      <LatitudeDegrees>-33.4996500</LatitudeDegrees>
      <LongitudeDegrees>-71.2212600</LongitudeDegrees>
     </Position>
     <AltitudeMeters>166.33</AltitudeMeters>
     <DistanceMeters>22809.631733719696</DistanceMeters>
    </Trackpoint>
    <Trackpoint>
     <Time>2026-07-19T01:22:52+00:00</Time>
     <Position>
      <LatitudeDegrees>-33.4996915</LatitudeDegrees>
      <LongitudeDegrees>-71.2222979</LongitudeDegrees>
     </Position>
     <AltitudeMeters>166.32000000000002</AltitudeMeters>
     <DistanceMeters>22906.06342574187</DistanceMeters>
    </Trackpoint>
    <Trackpoint>
     <Time>2026-07-19T01:23:01+00:00</Time>
     <Position>
      <LatitudeDegrees>-33.4997330</LatitudeDegrees>
      <LongitudeDegrees>-71.2233357</LongitudeDegrees>
     </Position>
     <AltitudeMeters>165.92000000000002</AltitudeMeters>
     <DistanceMeters>23002.495117766364</DistanceMeters>
    </Trackpoint>
    <Trackpoint>
     <Time>2026-07-19T01:23:09+00:00</Time>
     <Position>
      <LatitudeDegrees>-33.4997744</LatitudeDegrees>
      <LongitudeDegrees>-71.2243736</LongitudeDegrees>
     </Position>
     <AltitudeMeters>165.38000000000002</AltitudeMeters>
     <DistanceMeters>23098.926809789627</DistanceMeters>
    </Trackpoint>
    <Trackpoint>
     <Time>2026-07-19T01:23:17+00:00</Time>
     <Position>
      <LatitudeDegrees>-33.4998159</LatitudeDegrees>
      <LongitudeDegrees>-71.2254114</LongitudeDegrees>
     </Position>
     <AltitudeMeters>165.06</AltitudeMeters>
     <DistanceMeters>23195.358501813764</DistanceMeters>
    </Trackpoint>
    <Trackpoint>
     <Time>2026-07-19T01:23:25+00:00</Time>
     <Position>
      <LatitudeDegrees>-33.4998573</LatitudeDegrees>
      <LongitudeDegrees>-71.2264493</LongitudeDegrees>
     </Position>
     <AltitudeMeters>164.83</AltitudeMeters>
     <DistanceMeters>23291.790193837867</DistanceMeters>
    </Trackpoint>
    <Trackpoint>
     <Time>2026-07-19T01:23:34+00:00</Time>
     <Position>
      <LatitudeDegrees>-33.4998988</LatitudeDegrees>
      <LongitudeDegrees>-71.2274871</LongitudeDegrees>
     </Position>
     <AltitudeMeters>165.95000000000002</AltitudeMeters>
     <DistanceMeters>23388.221885861145</DistanceMeters>
    </Trackpoint>
    <Trackpoint>
     <Time>2026-07-19T01:23:42+00:00</Time>
     <Position>
      <LatitudeDegrees>-33.4999402</LatitudeDegrees>
      <LongitudeDegrees>-71.2285250</LongitudeDegrees>
     </Position>
     <AltitudeMeters>166.15</AltitudeMeters>
     <DistanceMeters>23484.653577885547</DistanceMeters>
    </Trackpoint>
    <Trackpoint>
     <Time>2026-07-19T01:23:50+00:00</Time>
     <Position>
      <LatitudeDegrees>-33.4999816</LatitudeDegrees>
      <LongitudeDegrees>-71.2295628</LongitudeDegrees>
     </Position>
     <AltitudeMeters>165.43</AltitudeMeters>
     <DistanceMeters>23581.085269909036</DistanceMeters>
    </Trackpoint>
    <Trackpoint>
     <Time>2026-07-19T01:23:59+00:00</Time>
     <Position>
      <LatitudeDegrees>-33.5000231</LatitudeDegrees>
      <LongitudeDegrees>-71.2306007</LongitudeDegrees>
     </Position>
     <AltitudeMeters>165.14000000000001</AltitudeMeters>
     <DistanceMeters>23677.516961932022</DistanceMeters>
    </Trackpoint>
    <Trackpoint>
     <Time>2026-07-19T01:24:07+00:00</Time>
     <Position>
      <LatitudeDegrees>-33.5000645</LatitudeDegrees>
      <LongitudeDegrees>-71.2316386</LongitudeDegrees>
     </Position>
     <AltitudeMeters>165.21</AltitudeMeters>
     <DistanceMeters>23773.94865395646</DistanceMeters>
    </Trackpoint>
    <Trackpoint>
     <Time>2026-07-19T01:24:15+00:00</Time>
     <Position>
      <LatitudeDegrees>-33.5001059</LatitudeDegrees>
      <LongitudeDegrees>-71.2326764</LongitudeDegrees>
     </Position>
     <AltitudeMeters>165.84</AltitudeMeters>
     <DistanceMeters>23870.380345980317</DistanceMeters>
    </Trackpoint>
    <Trackpoint>
     <Time>2026-07-19T01:24:23+00:00</Time>
     <Position>
      <LatitudeDegrees>-33.5001472</LatitudeDegrees>
      <LongitudeDegrees>-71.2337143</LongitudeDegrees>
     </Position>
     <AltitudeMeters>166.39000000000001</AltitudeMeters>
     <DistanceMeters>23966.81203800415</DistanceMeters>
    </Trackpoint>
    <Trackpoint>
     <Time>2026-07-19T01:24:32+00:00</Time>
     <Position>
      <LatitudeDegrees>-33.5001886</LatitudeDegrees>
      <LongitudeDegrees>-71.2347521</LongitudeDegrees>
     </Position>
     <AltitudeMeters>166.74000000000004</AltitudeMeters>
     <DistanceMeters>24063.243730028375</DistanceMeters>
    </Trackpoint>
    <Trackpoint>
     <Time>2026-07-19T01:24:40+00:00</Time>
     <Position>
      <LatitudeDegrees>-33.5002300</LatitudeDegrees>
      <LongitudeDegrees>-71.2357900</LongitudeDegrees>
     </Position>
     <AltitudeMeters>166.41</AltitudeMeters>
     <DistanceMeters>24159.675424237652</DistanceMeters>
    </Trackpoint>
    <Trackpoint>
     <Time>2026-07-19T01:24:48+00:00</Time>
     <Position>
      <LatitudeDegrees>-33.5002680</LatitudeDegrees>
      <LongitudeDegrees>-71.2366700</LongitudeDegrees>
     </Position>
     <AltitudeMeters>166.10000000000002</AltitudeMeters>
     <DistanceMeters>24241.455489474596</DistanceMeters>
    </Trackpoint>
    <Trackpoint>
     <Time>2026-07-19T01:24:56+00:00</Time>
     <Position>
      <LatitudeDegrees>-33.5003060</LatitudeDegrees>
      <LongitudeDegrees>-71.2375500</LongitudeDegrees>
     </Position>
     <AltitudeMeters>166.23000000000002</AltitudeMeters>
     <DistanceMeters>24323.23555471028</DistanceMeters>
    </Trackpoint>
    <Trackpoint>
     <Time>2026-07-19T01:25:05+00:00</Time>
     <Position>
      <LatitudeDegrees>-33.5003440</LatitudeDegrees>
      <LongitudeDegrees>-71.2384300</LongitudeDegrees>
     </Position>
     <AltitudeMeters>166.31</AltitudeMeters>
     <DistanceMeters>24405.015619947008</DistanceMeters>
    </Trackpoint>
    <Trackpoint>
     <Time>2026-07-19T01:25:13+00:00</Time>
     <Position>
      <LatitudeDegrees>-33.5003820</LatitudeDegrees>
      <LongitudeDegrees>-71.2393100</LongitudeDegrees>
     </Position>
     <AltitudeMeters>165.95000000000002</AltitudeMeters>
     <DistanceMeters>24486.79568518456</DistanceMeters>
    </Trackpoint>
    <Trackpoint>
     <Time>2026-07-19T01:25:21+00:00</Time>
     <Position>
      <LatitudeDegrees>-33.5004200</LatitudeDegrees>
      <LongitudeDegrees>-71.2401900</LongitudeDegrees>
     </Position>
     <AltitudeMeters>165.89000000000001</AltitudeMeters>
     <DistanceMeters>24568.575754067595</DistanceMeters>
    </Trackpoint>
    <Trackpoint>
     <Time>2026-07-19T01:25:30+00:00</Time>
     <Position>
      <LatitudeDegrees>-33.5004500</LatitudeDegrees>
      <LongitudeDegrees>-71.2407300</LongitudeDegrees>
     </Position>
     <AltitudeMeters>165.73000000000002</AltitudeMeters>
     <DistanceMeters>24618.802861714867</DistanceMeters>
    </Trackpoint>
    <Trackpoint>
     <Time>2026-07-19T01:25:38+00:00</Time>
     <Position>
      <LatitudeDegrees>-33.5005200</LatitudeDegrees>
      <LongitudeDegrees>-71.2410900</LongitudeDegrees>
     </Position>
     <AltitudeMeters>165.33</AltitudeMeters>
     <DistanceMeters>24653.10980992538</DistanceMeters>
    </Trackpoint>
    <Trackpoint>
     <Time>2026-07-19T01:25:46+00:00</Time>
     <Position>
      <LatitudeDegrees>-33.5006500</LatitudeDegrees>
      <LongitudeDegrees>-71.2416400</LongitudeDegrees>
     </Position>
     <AltitudeMeters>164.72</AltitudeMeters>
     <DistanceMeters>24706.164734657043</DistanceMeters>
    </Trackpoint>
    <Trackpoint>
     <Time>2026-07-19T01:25:54+00:00</Time>
     <Position>
      <LatitudeDegrees>-33.5008400</LatitudeDegrees>
      <LongitudeDegrees>-71.2422000</LongitudeDegrees>
     </Position>
     <AltitudeMeters>164.4</AltitudeMeters>
     <DistanceMeters>24762.27397294309</DistanceMeters>
    </Trackpoint>
    <Trackpoint>
     <Time>2026-07-19T01:26:03+00:00</Time>
     <Position>
      <LatitudeDegrees>-33.5011600</LatitudeDegrees>
      <LongitudeDegrees>-71.2429050</LongitudeDegrees>
     </Position>
     <AltitudeMeters>164.31</AltitudeMeters>
     <DistanceMeters>24836.767686518768</DistanceMeters>
    </Trackpoint>
    <Trackpoint>
     <Time>2026-07-19T01:26:11+00:00</Time>
     <Position>
      <LatitudeDegrees>-33.5014800</LatitudeDegrees>
      <LongitudeDegrees>-71.2436100</LongitudeDegrees>
     </Position>
     <AltitudeMeters>163.83</AltitudeMeters>
     <DistanceMeters>24911.26140598525</DistanceMeters>
    </Trackpoint>
    <Trackpoint>
     <Time>2026-07-19T01:26:19+00:00</Time>
     <Position>
      <LatitudeDegrees>-33.5016400</LatitudeDegrees>
      <LongitudeDegrees>-71.2443100</LongitudeDegrees>
     </Position>
     <AltitudeMeters>163.35000000000002</AltitudeMeters>
     <DistanceMeters>24978.62213062908</DistanceMeters>
    </Trackpoint>
    <Trackpoint>
     <Time>2026-07-19T01:26:27+00:00</Time>
     <Position>
      <LatitudeDegrees>-33.5016400</LatitudeDegrees>
      <LongitudeDegrees>-71.2445500</LongitudeDegrees>
     </Position>
     <AltitudeMeters>163.01000000000002</AltitudeMeters>
     <DistanceMeters>25000.895602025288</DistanceMeters>
    </Trackpoint>
    <Trackpoint>
     <Time>2026-07-19T01:26:36+00:00</Time>
     <Position>
      <LatitudeDegrees>-33.5016100</LatitudeDegrees>
      <LongitudeDegrees>-71.2448500</LongitudeDegrees>
     </Position>
     <AltitudeMeters>162.95000000000002</AltitudeMeters>
     <DistanceMeters>25028.936934673613</DistanceMeters>
    </Trackpoint>
    <Trackpoint>
     <Time>2026-07-19T01:26:44+00:00</Time>
     <Position>
      <LatitudeDegrees>-33.5014000</LatitudeDegrees>
      <LongitudeDegrees>-71.2457250</LongitudeDegrees>
     </Position>
     <AltitudeMeters>163.18</AltitudeMeters>
     <DistanceMeters>25113.439019376565</DistanceMeters>
    </Trackpoint>
    <Trackpoint>
     <Time>2026-07-19T01:26:52+00:00</Time>
     <Position>
      <LatitudeDegrees>-33.5011900</LatitudeDegrees>
      <LongitudeDegrees>-71.2466000</LongitudeDegrees>
     </Position>
     <AltitudeMeters>163.45000000000002</AltitudeMeters>
     <DistanceMeters>25197.941106247075</DistanceMeters>
    </Trackpoint>
    <Trackpoint>
     <Time>2026-07-19T01:27:00+00:00</Time>
     <Position>
      <LatitudeDegrees>-33.5011700</LatitudeDegrees>
      <LongitudeDegrees>-71.2468700</LongitudeDegrees>
     </Position>
     <AltitudeMeters>163.44</AltitudeMeters>
     <DistanceMeters>25223.097565756303</DistanceMeters>
    </Trackpoint>
    <Trackpoint>
     <Time>2026-07-19T01:27:09+00:00</Time>
     <Position>
      <LatitudeDegrees>-33.5011900</LatitudeDegrees>
      <LongitudeDegrees>-71.2471400</LongitudeDegrees>
     </Position>
     <AltitudeMeters>163.20000000000002</AltitudeMeters>
     <DistanceMeters>25248.25402526553</DistanceMeters>
    </Trackpoint>
    <Trackpoint>
     <Time>2026-07-19T01:27:17+00:00</Time>
     <Position>
      <LatitudeDegrees>-33.5013645</LatitudeDegrees>
      <LongitudeDegrees>-71.2481733</LongitudeDegrees>
     </Position>
     <AltitudeMeters>163.18</AltitudeMeters>
     <DistanceMeters>25346.09887196502</DistanceMeters>
    </Trackpoint>
    <Trackpoint>
     <Time>2026-07-19T01:27:25+00:00</Time>
     <Position>
      <LatitudeDegrees>-33.5015389</LatitudeDegrees>
      <LongitudeDegrees>-71.2492066</LongitudeDegrees>
     </Position>
     <AltitudeMeters>163.46</AltitudeMeters>
     <DistanceMeters>25443.94371866301</DistanceMeters>
    </Trackpoint>
    <Trackpoint>
     <Time>2026-07-19T01:27:34+00:00</Time>
     <Position>
      <LatitudeDegrees>-33.5017134</LatitudeDegrees>
      <LongitudeDegrees>-71.2502400</LongitudeDegrees>
     </Position>
     <AltitudeMeters>164.64000000000001</AltitudeMeters>
     <DistanceMeters>25541.788565361454</DistanceMeters>
    </Trackpoint>
    <Trackpoint>
     <Time>2026-07-19T01:27:42+00:00</Time>
     <Position>
      <LatitudeDegrees>-33.5018879</LatitudeDegrees>
      <LongitudeDegrees>-71.2512733</LongitudeDegrees>
     </Position>
     <AltitudeMeters>166.08</AltitudeMeters>
     <DistanceMeters>25639.633412060866</DistanceMeters>
    </Trackpoint>
    <Trackpoint>
     <Time>2026-07-19T01:27:50+00:00</Time>
     <Position>
      <LatitudeDegrees>-33.5020623</LatitudeDegrees>
      <LongitudeDegrees>-71.2523066</LongitudeDegrees>
     </Position>
     <AltitudeMeters>167.36</AltitudeMeters>
     <DistanceMeters>25737.47825876</DistanceMeters>
    </Trackpoint>
    <Trackpoint>
     <Time>2026-07-19T01:27:58+00:00</Time>
     <Position>
      <LatitudeDegrees>-33.5022367</LatitudeDegrees>
      <LongitudeDegrees>-71.2533400</LongitudeDegrees>
     </Position>
     <AltitudeMeters>167.91</AltitudeMeters>
     <DistanceMeters>25835.323105458214</DistanceMeters>
    </Trackpoint>
    <Trackpoint>
     <Time>2026-07-19T01:28:07+00:00</Time>
     <Position>
      <LatitudeDegrees>-33.5024112</LatitudeDegrees>
      <LongitudeDegrees>-71.2543733</LongitudeDegrees>
     </Position>
     <AltitudeMeters>168.15</AltitudeMeters>
     <DistanceMeters>25933.167952155716</DistanceMeters>
    </Trackpoint>
    <Trackpoint>
     <Time>2026-07-19T01:28:15+00:00</Time>
     <Position>
      <LatitudeDegrees>-33.5025856</LatitudeDegrees>
      <LongitudeDegrees>-71.2554066</LongitudeDegrees>
     </Position>
     <AltitudeMeters>168.32000000000002</AltitudeMeters>
     <DistanceMeters>26031.012798855445</DistanceMeters>
    </Trackpoint>
    <Trackpoint>
     <Time>2026-07-19T01:28:23+00:00</Time>
     <Position>
      <LatitudeDegrees>-33.5027600</LatitudeDegrees>
      <LongitudeDegrees>-71.2564400</LongitudeDegrees>
     </Position>
     <AltitudeMeters>168.84</AltitudeMeters>
     <DistanceMeters>26128.85764774213</DistanceMeters>
    </Trackpoint>
    <Trackpoint>
     <Time>2026-07-19T01:28:31+00:00</Time>
     <Position>
      <LatitudeDegrees>-33.5028700</LatitudeDegrees>
      <LongitudeDegrees>-71.2568000</LongitudeDegrees>
     </Position>
     <AltitudeMeters>169.42000000000002</AltitudeMeters>
     <DistanceMeters>26164.439820876105</DistanceMeters>
    </Trackpoint>
    <Trackpoint>
     <Time>2026-07-19T01:28:40+00:00</Time>
     <Position>
      <LatitudeDegrees>-33.5030300</LatitudeDegrees>
      <LongitudeDegrees>-71.2571100</LongitudeDegrees>
     </Position>
     <AltitudeMeters>169.46000000000004</AltitudeMeters>
     <DistanceMeters>26198.274453545368</DistanceMeters>
    </Trackpoint>
    <Trackpoint>
     <Time>2026-07-19T01:28:48+00:00</Time>
     <Position>
      <LatitudeDegrees>-33.5031600</LatitudeDegrees>
      <LongitudeDegrees>-71.2569600</LongitudeDegrees>
     </Position>
     <AltitudeMeters>169.63</AltitudeMeters>
     <DistanceMeters>26218.35233181221</DistanceMeters>
    </Trackpoint>
    <Trackpoint>
     <Time>2026-07-19T01:28:56+00:00</Time>
     <Position>
      <LatitudeDegrees>-33.5032900</LatitudeDegrees>
      <LongitudeDegrees>-71.2568500</LongitudeDegrees>
     </Position>
     <AltitudeMeters>169.62</AltitudeMeters>
     <DistanceMeters>26236.059644531142</DistanceMeters>
    </Trackpoint>
    <Trackpoint>
     <Time>2026-07-19T01:29:05+00:00</Time>
     <Position>
      <LatitudeDegrees>-33.5038050</LatitudeDegrees>
      <LongitudeDegrees>-71.2562700</LongitudeDegrees>
     </Position>
     <AltitudeMeters>170.11</AltitudeMeters>
     <DistanceMeters>26314.68873739259</DistanceMeters>
    </Trackpoint>
    <Trackpoint>
     <Time>2026-07-19T01:29:13+00:00</Time>
     <Position>
      <LatitudeDegrees>-33.5043200</LatitudeDegrees>
      <LongitudeDegrees>-71.2556900</LongitudeDegrees>
     </Position>
     <AltitudeMeters>170.04000000000002</AltitudeMeters>
     <DistanceMeters>26393.317786879466</DistanceMeters>
    </Trackpoint>
    <Trackpoint>
     <Time>2026-07-19T01:29:21+00:00</Time>
     <Position>
      <LatitudeDegrees>-33.5045900</LatitudeDegrees>
      <LongitudeDegrees>-71.2552800</LongitudeDegrees>
     </Position>
     <AltitudeMeters>169.76000000000002</AltitudeMeters>
     <DistanceMeters>26441.80221639534</DistanceMeters>
    </Trackpoint>
    <Trackpoint>
     <Time>2026-07-19T01:29:29+00:00</Time>
     <Position>
      <LatitudeDegrees>-33.5049000</LatitudeDegrees>
      <LongitudeDegrees>-71.2547000</LongitudeDegrees>
     </Position>
     <AltitudeMeters>168.64000000000001</AltitudeMeters>
     <DistanceMeters>26505.736264323932</DistanceMeters>
    </Trackpoint>
    <Trackpoint>
     <Time>2026-07-19T01:29:38+00:00</Time>
     <Position>
      <LatitudeDegrees>-33.5053050</LatitudeDegrees>
      <LongitudeDegrees>-71.2538800</LongitudeDegrees>
     </Position>
     <AltitudeMeters>168.53</AltitudeMeters>
     <DistanceMeters>26594.181781002433</DistanceMeters>
    </Trackpoint>
    <Trackpoint>
     <Time>2026-07-19T01:29:46+00:00</Time>
     <Position>
      <LatitudeDegrees>-33.5057100</LatitudeDegrees>
      <LongitudeDegrees>-71.2530600</LongitudeDegrees>
     </Position>
     <AltitudeMeters>168.79000000000002</AltitudeMeters>
     <DistanceMeters>26682.627293118425</DistanceMeters>
    </Trackpoint>
    <Trackpoint>
     <Time>2026-07-19T01:29:54+00:00</Time>
     <Position>
      <LatitudeDegrees>-33.5061800</LatitudeDegrees>
      <LongitudeDegrees>-71.2521550</LongitudeDegrees>
     </Position>
     <AltitudeMeters>168.45000000000002</AltitudeMeters>
     <DistanceMeters>26781.570359389087</DistanceMeters>
    </Trackpoint>
    <Trackpoint>
     <Time>2026-07-19T01:30:02+00:00</Time>
     <Position>
      <LatitudeDegrees>-33.5066500</LatitudeDegrees>
      <LongitudeDegrees>-71.2512500</LongitudeDegrees>
     </Position>
     <AltitudeMeters>167.4</AltitudeMeters>
     <DistanceMeters>26880.513447267076</DistanceMeters>
    </Trackpoint>
    <Trackpoint>
     <Time>2026-07-19T01:30:11+00:00</Time>
     <Position>
      <LatitudeDegrees>-33.5069550</LatitudeDegrees>
      <LongitudeDegrees>-71.2506250</LongitudeDegrees>
     </Position>
     <AltitudeMeters>166.04000000000002</AltitudeMeters>
     <DistanceMeters>26947.71693437673</DistanceMeters>
    </Trackpoint>
    <Trackpoint>
     <Time>2026-07-19T01:30:19+00:00</Time>
     <Position>
      <LatitudeDegrees>-33.5072600</LatitudeDegrees>
      <LongitudeDegrees>-71.2500000</LongitudeDegrees>
     </Position>
     <AltitudeMeters>164.85000000000002</AltitudeMeters>
     <DistanceMeters>27014.920392096017</DistanceMeters>
    </Trackpoint>
    <Trackpoint>
     <Time>2026-07-19T01:30:27+00:00</Time>
     <Position>
      <LatitudeDegrees>-33.5075500</LatitudeDegrees>
      <LongitudeDegrees>-71.2494600</LongitudeDegrees>
     </Position>
     <AltitudeMeters>164.32000000000002</AltitudeMeters>
     <DistanceMeters>27074.52688206329</DistanceMeters>
    </Trackpoint>
    <Trackpoint>
     <Time>2026-07-19T01:30:36+00:00</Time>
     <Position>
      <LatitudeDegrees>-33.5081050</LatitudeDegrees>
      <LongitudeDegrees>-71.2487300</LongitudeDegrees>
     </Position>
     <AltitudeMeters>163.98000000000002</AltitudeMeters>
     <DistanceMeters>27166.20312459553</DistanceMeters>
    </Trackpoint>
    <Trackpoint>
     <Time>2026-07-19T01:30:44+00:00</Time>
     <Position>
      <LatitudeDegrees>-33.5086600</LatitudeDegrees>
      <LongitudeDegrees>-71.2480000</LongitudeDegrees>
     </Position>
     <AltitudeMeters>164.01000000000002</AltitudeMeters>
     <DistanceMeters>27257.879367126752</DistanceMeters>
    </Trackpoint>
    <Trackpoint>
     <Time>2026-07-19T01:30:52+00:00</Time>
     <Position>
      <LatitudeDegrees>-33.5092150</LatitudeDegrees>
      <LongitudeDegrees>-71.2472700</LongitudeDegrees>
     </Position>
     <AltitudeMeters>164.54000000000002</AltitudeMeters>
     <DistanceMeters>27349.55560965845</DistanceMeters>
    </Trackpoint>
    <Trackpoint>
     <Time>2026-07-19T01:31:00+00:00</Time>
     <Position>
      <LatitudeDegrees>-33.5097700</LatitudeDegrees>
      <LongitudeDegrees>-71.2465400</LongitudeDegrees>
     </Position>
     <AltitudeMeters>165.98000000000002</AltitudeMeters>
     <DistanceMeters>27441.23185087568</DistanceMeters>
    </Trackpoint>
    <Trackpoint>
     <Time>2026-07-19T01:31:09+00:00</Time>
     <Position>
      <LatitudeDegrees>-33.5102700</LatitudeDegrees>
      <LongitudeDegrees>-71.2458660</LongitudeDegrees>
     </Position>
     <AltitudeMeters>166.92000000000002</AltitudeMeters>
     <DistanceMeters>27524.94865416917</DistanceMeters>
    </Trackpoint>
    <Trackpoint>
     <Time>2026-07-19T01:31:17+00:00</Time>
     <Position>
      <LatitudeDegrees>-33.5107700</LatitudeDegrees>
      <LongitudeDegrees>-71.2451920</LongitudeDegrees>
     </Position>
     <AltitudeMeters>167.91</AltitudeMeters>
     <DistanceMeters>27608.665457461095</DistanceMeters>
    </Trackpoint>
    <Trackpoint>
     <Time>2026-07-19T01:31:25+00:00</Time>
     <Position>
      <LatitudeDegrees>-33.5112700</LatitudeDegrees>
      <LongitudeDegrees>-71.2445180</LongitudeDegrees>
     </Position>
     <AltitudeMeters>167.61</AltitudeMeters>
     <DistanceMeters>27692.382260754053</DistanceMeters>
    </Trackpoint>
    <Trackpoint>
     <Time>2026-07-19T01:31:33+00:00</Time>
     <Position>
      <LatitudeDegrees>-33.5117700</LatitudeDegrees>
      <LongitudeDegrees>-71.2438440</LongitudeDegrees>
     </Position>
     <AltitudeMeters>166.67000000000002</AltitudeMeters>
     <DistanceMeters>27776.09906404617</DistanceMeters>
    </Trackpoint>
    <Trackpoint>
     <Time>2026-07-19T01:31:42+00:00</Time>
     <Position>
      <LatitudeDegrees>-33.5122700</LatitudeDegrees>
      <LongitudeDegrees>-71.2431700</LongitudeDegrees>
     </Position>
     <AltitudeMeters>165.63000000000002</AltitudeMeters>
     <DistanceMeters>27859.81586773177</DistanceMeters>
    </Trackpoint>
    <Trackpoint>
     <Time>2026-07-19T01:31:50+00:00</Time>
     <Position>
      <LatitudeDegrees>-33.5128700</LatitudeDegrees>
      <LongitudeDegrees>-71.2423900</LongitudeDegrees>
     </Position>
     <AltitudeMeters>164.36</AltitudeMeters>
     <DistanceMeters>27958.29446676024</DistanceMeters>
    </Trackpoint>
    <Trackpoint>
     <Time>2026-07-19T01:31:58+00:00</Time>
     <Position>
      <LatitudeDegrees>-33.5130800</LatitudeDegrees>
      <LongitudeDegrees>-71.2420900</LongitudeDegrees>
     </Position>
     <AltitudeMeters>164.04000000000002</AltitudeMeters>
     <DistanceMeters>27994.643052618347</DistanceMeters>
    </Trackpoint>
    <Trackpoint>
     <Time>2026-07-19T01:32:07+00:00</Time>
     <Position>
      <LatitudeDegrees>-33.5134367</LatitudeDegrees>
      <LongitudeDegrees>-71.2413600</LongitudeDegrees>
     </Position>
     <AltitudeMeters>164.63000000000002</AltitudeMeters>
     <DistanceMeters>28073.15620837254</DistanceMeters>
    </Trackpoint>
    <Trackpoint>
     <Time>2026-07-19T01:32:15+00:00</Time>
     <Position>
      <LatitudeDegrees>-33.5137933</LatitudeDegrees>
      <LongitudeDegrees>-71.2406300</LongitudeDegrees>
     </Position>
     <AltitudeMeters>166.02</AltitudeMeters>
     <DistanceMeters>28151.669364126847</DistanceMeters>
    </Trackpoint>
    <Trackpoint>
     <Time>2026-07-19T01:32:23+00:00</Time>
     <Position>
      <LatitudeDegrees>-33.5141500</LatitudeDegrees>
      <LongitudeDegrees>-71.2399000</LongitudeDegrees>
     </Position>
     <AltitudeMeters>166.45000000000002</AltitudeMeters>
     <DistanceMeters>28230.182514014163</DistanceMeters>
    </Trackpoint>
    <Trackpoint>
     <Time>2026-07-19T01:32:31+00:00</Time>
     <Position>
      <LatitudeDegrees>-33.5145200</LatitudeDegrees>
      <LongitudeDegrees>-71.2391550</LongitudeDegrees>
     </Position>
     <AltitudeMeters>165.62</AltitudeMeters>
     <DistanceMeters>28310.648277918302</DistanceMeters>
    </Trackpoint>
    <Trackpoint>
     <Time>2026-07-19T01:32:40+00:00</Time>
     <Position>
      <LatitudeDegrees>-33.5148900</LatitudeDegrees>
      <LongitudeDegrees>-71.2384100</LongitudeDegrees>
     </Position>
     <AltitudeMeters>162.76000000000002</AltitudeMeters>
     <DistanceMeters>28391.11403210882</DistanceMeters>
    </Trackpoint>
    <Trackpoint>
     <Time>2026-07-19T01:32:48+00:00</Time>
     <Position>
      <LatitudeDegrees>-33.5151800</LatitudeDegrees>
      <LongitudeDegrees>-71.2380900</LongitudeDegrees>
     </Position>
     <AltitudeMeters>161.91000000000003</AltitudeMeters>
     <DistanceMeters>28434.97084217991</DistanceMeters>
    </Trackpoint>
    <Trackpoint>
     <Time>2026-07-19T01:32:56+00:00</Time>
     <Position>
      <LatitudeDegrees>-33.5158633</LatitudeDegrees>
      <LongitudeDegrees>-71.2377267</LongitudeDegrees>
     </Position>
     <AltitudeMeters>161.06</AltitudeMeters>
     <DistanceMeters>28518.160629856662</DistanceMeters>
    </Trackpoint>
    <Trackpoint>
     <Time>2026-07-19T01:33:04+00:00</Time>
     <Position>
      <LatitudeDegrees>-33.5165467</LatitudeDegrees>
      <LongitudeDegrees>-71.2373633</LongitudeDegrees>
     </Position>
     <AltitudeMeters>160.37</AltitudeMeters>
     <DistanceMeters>28601.350417531816</DistanceMeters>
    </Trackpoint>
    <Trackpoint>
     <Time>2026-07-19T01:33:13+00:00</Time>
     <Position>
      <LatitudeDegrees>-33.5172300</LatitudeDegrees>
      <LongitudeDegrees>-71.2370000</LongitudeDegrees>
     </Position>
     <AltitudeMeters>160.17000000000002</AltitudeMeters>
     <DistanceMeters>28684.540192146706</DistanceMeters>
    </Trackpoint>
    <Trackpoint>
     <Time>2026-07-19T01:33:21+00:00</Time>
     <Position>
      <LatitudeDegrees>-33.5178300</LatitudeDegrees>
      <LongitudeDegrees>-71.2366333</LongitudeDegrees>
     </Position>
     <AltitudeMeters>159.53</AltitudeMeters>
     <DistanceMeters>28759.485170889326</DistanceMeters>
    </Trackpoint>
    <Trackpoint>
     <Time>2026-07-19T01:33:29+00:00</Time>
     <Position>
      <LatitudeDegrees>-33.5184300</LatitudeDegrees>
      <LongitudeDegrees>-71.2362667</LongitudeDegrees>
     </Position>
     <AltitudeMeters>158.94000000000003</AltitudeMeters>
     <DistanceMeters>28834.430149631637</DistanceMeters>
    </Trackpoint>
    <Trackpoint>
     <Time>2026-07-19T01:33:38+00:00</Time>
     <Position>
      <LatitudeDegrees>-33.5190300</LatitudeDegrees>
      <LongitudeDegrees>-71.2359000</LongitudeDegrees>
     </Position>
     <AltitudeMeters>158.87</AltitudeMeters>
     <DistanceMeters>28909.37509063032</DistanceMeters>
    </Trackpoint>
    <Trackpoint>
     <Time>2026-07-19T01:33:46+00:00</Time>
     <Position>
      <LatitudeDegrees>-33.5197350</LatitudeDegrees>
      <LongitudeDegrees>-71.2353150</LongitudeDegrees>
     </Position>
     <AltitudeMeters>158.72</AltitudeMeters>
     <DistanceMeters>29004.78399409688</DistanceMeters>
    </Trackpoint>
    <Trackpoint>
     <Time>2026-07-19T01:33:54+00:00</Time>
     <Position>
      <LatitudeDegrees>-33.5204400</LatitudeDegrees>
      <LongitudeDegrees>-71.2347300</LongitudeDegrees>
     </Position>
     <AltitudeMeters>158.57000000000002</AltitudeMeters>
     <DistanceMeters>29100.19288275305</DistanceMeters>
    </Trackpoint>
    <Trackpoint>
     <Time>2026-07-19T01:34:02+00:00</Time>
     <Position>
      <LatitudeDegrees>-33.5210000</LatitudeDegrees>
      <LongitudeDegrees>-71.2342900</LongitudeDegrees>
     </Position>
     <AltitudeMeters>158.42000000000002</AltitudeMeters>
     <DistanceMeters>29174.69936093241</DistanceMeters>
    </Trackpoint>
    <Trackpoint>
     <Time>2026-07-19T01:34:11+00:00</Time>
     <Position>
      <LatitudeDegrees>-33.5217250</LatitudeDegrees>
      <LongitudeDegrees>-71.2337950</LongitudeDegrees>
     </Position>
     <AltitudeMeters>158.52</AltitudeMeters>
     <DistanceMeters>29267.54434265229</DistanceMeters>
    </Trackpoint>
    <Trackpoint>
     <Time>2026-07-19T01:34:19+00:00</Time>
     <Position>
      <LatitudeDegrees>-33.5224500</LatitudeDegrees>
      <LongitudeDegrees>-71.2333000</LongitudeDegrees>
     </Position>
     <AltitudeMeters>158.94000000000003</AltitudeMeters>
     <DistanceMeters>29360.389311416322</DistanceMeters>
    </Trackpoint>
    <Trackpoint>
     <Time>2026-07-19T01:34:27+00:00</Time>
     <Position>
      <LatitudeDegrees>-33.5231743</LatitudeDegrees>
      <LongitudeDegrees>-71.2329200</LongitudeDegrees>
     </Position>
     <AltitudeMeters>159.07000000000002</AltitudeMeters>
     <DistanceMeters>29448.3722330497</DistanceMeters>
    </Trackpoint>
    <Trackpoint>
     <Time>2026-07-19T01:34:35+00:00</Time>
     <Position>
      <LatitudeDegrees>-33.5238986</LatitudeDegrees>
      <LongitudeDegrees>-71.2325400</LongitudeDegrees>
     </Position>
     <AltitudeMeters>158.48000000000002</AltitudeMeters>
     <DistanceMeters>29536.355154682547</DistanceMeters>
    </Trackpoint>
    <Trackpoint>
     <Time>2026-07-19T01:34:44+00:00</Time>
     <Position>
      <LatitudeDegrees>-33.5246229</LatitudeDegrees>
      <LongitudeDegrees>-71.2321600</LongitudeDegrees>
     </Position>
     <AltitudeMeters>157.60000000000002</AltitudeMeters>
     <DistanceMeters>29624.338076316424</DistanceMeters>
    </Trackpoint>
    <Trackpoint>
     <Time>2026-07-19T01:34:52+00:00</Time>
     <Position>
      <LatitudeDegrees>-33.5253471</LatitudeDegrees>
      <LongitudeDegrees>-71.2317800</LongitudeDegrees>
     </Position>
     <AltitudeMeters>156.14</AltitudeMeters>
     <DistanceMeters>29712.320997948555</DistanceMeters>
    </Trackpoint>
    <Trackpoint>
     <Time>2026-07-19T01:35:00+00:00</Time>
     <Position>
      <LatitudeDegrees>-33.5260714</LatitudeDegrees>
      <LongitudeDegrees>-71.2314000</LongitudeDegrees>
     </Position>
     <AltitudeMeters>155.60000000000002</AltitudeMeters>
     <DistanceMeters>29800.303919582475</DistanceMeters>
    </Trackpoint>
    <Trackpoint>
     <Time>2026-07-19T01:35:08+00:00</Time>
     <Position>
      <LatitudeDegrees>-33.5267957</LatitudeDegrees>
      <LongitudeDegrees>-71.2310200</LongitudeDegrees>
     </Position>
     <AltitudeMeters>155.25</AltitudeMeters>
     <DistanceMeters>29888.286841215606</DistanceMeters>
    </Trackpoint>
    <Trackpoint>
     <Time>2026-07-19T01:35:17+00:00</Time>
     <Position>
      <LatitudeDegrees>-33.5275200</LatitudeDegrees>
      <LongitudeDegrees>-71.2306400</LongitudeDegrees>
     </Position>
     <AltitudeMeters>155.04000000000002</AltitudeMeters>
     <DistanceMeters>29976.269754331413</DistanceMeters>
    </Trackpoint>
    <Trackpoint>
     <Time>2026-07-19T01:35:25+00:00</Time>
     <Position>
      <LatitudeDegrees>-33.5281450</LatitudeDegrees>
      <LongitudeDegrees>-71.2303025</LongitudeDegrees>
     </Position>
     <AltitudeMeters>154.59</AltitudeMeters>
     <DistanceMeters>30052.552271327895</DistanceMeters>
    </Trackpoint>
    <Trackpoint>
     <Time>2026-07-19T01:35:33+00:00</Time>
     <Position>
      <LatitudeDegrees>-33.5287700</LatitudeDegrees>
      <LongitudeDegrees>-71.2299650</LongitudeDegrees>
     </Position>
     <AltitudeMeters>154.25000000000003</AltitudeMeters>
     <DistanceMeters>30128.83478832333</DistanceMeters>
    </Trackpoint>
    <Trackpoint>
     <Time>2026-07-19T01:35:42+00:00</Time>
     <Position>
      <LatitudeDegrees>-33.5293950</LatitudeDegrees>
      <LongitudeDegrees>-71.2296275</LongitudeDegrees>
     </Position>
     <AltitudeMeters>153.95</AltitudeMeters>
     <DistanceMeters>30205.117305319858</DistanceMeters>
    </Trackpoint>
    <Trackpoint>
     <Time>2026-07-19T01:35:50+00:00</Time>
     <Position>
      <LatitudeDegrees>-33.5300200</LatitudeDegrees>
      <LongitudeDegrees>-71.2292900</LongitudeDegrees>
     </Position>
     <AltitudeMeters>153.59</AltitudeMeters>
     <DistanceMeters>30281.399828356698</DistanceMeters>
    </Trackpoint>
    <Trackpoint>
     <Time>2026-07-19T01:35:58+00:00</Time>
     <Position>
      <LatitudeDegrees>-33.5308025</LatitudeDegrees>
      <LongitudeDegrees>-71.2288850</LongitudeDegrees>
     </Position>
     <AltitudeMeters>153.03</AltitudeMeters>
     <DistanceMeters>30376.248323643376</DistanceMeters>
    </Trackpoint>
    <Trackpoint>
     <Time>2026-07-19T01:36:06+00:00</Time>
     <Position>
      <LatitudeDegrees>-33.5315850</LatitudeDegrees>
      <LongitudeDegrees>-71.2284800</LongitudeDegrees>
     </Position>
     <AltitudeMeters>152.72000000000003</AltitudeMeters>
     <DistanceMeters>30471.09681893071</DistanceMeters>
    </Trackpoint>
    <Trackpoint>
     <Time>2026-07-19T01:36:15+00:00</Time>
     <Position>
      <LatitudeDegrees>-33.5323675</LatitudeDegrees>
      <LongitudeDegrees>-71.2280750</LongitudeDegrees>
     </Position>
     <AltitudeMeters>152.35000000000002</AltitudeMeters>
     <DistanceMeters>30565.94531421768</DistanceMeters>
    </Trackpoint>
    <Trackpoint>
     <Time>2026-07-19T01:36:23+00:00</Time>
     <Position>
      <LatitudeDegrees>-33.5331500</LatitudeDegrees>
      <LongitudeDegrees>-71.2276700</LongitudeDegrees>
     </Position>
     <AltitudeMeters>151.97000000000003</AltitudeMeters>
     <DistanceMeters>30660.793811316456</DistanceMeters>
    </Trackpoint>
    <Trackpoint>
     <Time>2026-07-19T01:36:31+00:00</Time>
     <Position>
      <LatitudeDegrees>-33.5339275</LatitudeDegrees>
      <LongitudeDegrees>-71.2272600</LongitudeDegrees>
     </Position>
     <AltitudeMeters>151.73</AltitudeMeters>
     <DistanceMeters>30755.316495859504</DistanceMeters>
    </Trackpoint>
    <Trackpoint>
     <Time>2026-07-19T01:36:39+00:00</Time>
     <Position>
      <LatitudeDegrees>-33.5347050</LatitudeDegrees>
      <LongitudeDegrees>-71.2268500</LongitudeDegrees>
     </Position>
     <AltitudeMeters>151.68</AltitudeMeters>
     <DistanceMeters>30849.83918040216</DistanceMeters>
    </Trackpoint>
    <Trackpoint>
     <Time>2026-07-19T01:36:48+00:00</Time>
     <Position>
      <LatitudeDegrees>-33.5354825</LatitudeDegrees>
      <LongitudeDegrees>-71.2264401</LongitudeDegrees>
     </Position>
     <AltitudeMeters>151.74</AltitudeMeters>
     <DistanceMeters>30944.36186494569</DistanceMeters>
    </Trackpoint>
    <Trackpoint>
     <Time>2026-07-19T01:36:56+00:00</Time>
     <Position>
      <LatitudeDegrees>-33.5362600</LatitudeDegrees>
      <LongitudeDegrees>-71.2260301</LongitudeDegrees>
     </Position>
     <AltitudeMeters>151.63000000000002</AltitudeMeters>
     <DistanceMeters>31038.884549489347</DistanceMeters>
    </Trackpoint>
    <Trackpoint>
     <Time>2026-07-19T01:37:04+00:00</Time>
     <Position>
      <LatitudeDegrees>-33.5370375</LatitudeDegrees>
      <LongitudeDegrees>-71.2256201</LongitudeDegrees>
     </Position>
     <AltitudeMeters>151.31</AltitudeMeters>
     <DistanceMeters>31133.40723403223</DistanceMeters>
    </Trackpoint>
    <Trackpoint>
     <Time>2026-07-19T01:37:13+00:00</Time>
     <Position>
      <LatitudeDegrees>-33.5378150</LatitudeDegrees>
      <LongitudeDegrees>-71.2252100</LongitudeDegrees>
     </Position>
     <AltitudeMeters>150.97000000000003</AltitudeMeters>
     <DistanceMeters>31227.929918575224</DistanceMeters>
    </Trackpoint>
    <Trackpoint>
     <Time>2026-07-19T01:37:21+00:00</Time>
     <Position>
      <LatitudeDegrees>-33.5385925</LatitudeDegrees>
      <LongitudeDegrees>-71.2248000</LongitudeDegrees>
     </Position>
     <AltitudeMeters>150.64000000000001</AltitudeMeters>
     <DistanceMeters>31322.452603118294</DistanceMeters>
    </Trackpoint>
    <Trackpoint>
     <Time>2026-07-19T01:37:29+00:00</Time>
     <Position>
      <LatitudeDegrees>-33.5393700</LatitudeDegrees>
      <LongitudeDegrees>-71.2243900</LongitudeDegrees>
     </Position>
     <AltitudeMeters>150.27</AltitudeMeters>
     <DistanceMeters>31416.975283205484</DistanceMeters>
    </Trackpoint>
    <Trackpoint>
     <Time>2026-07-19T01:37:37+00:00</Time>
     <Position>
      <LatitudeDegrees>-33.5399567</LatitudeDegrees>
      <LongitudeDegrees>-71.2240533</LongitudeDegrees>
     </Position>
     <AltitudeMeters>149.92000000000002</AltitudeMeters>
     <DistanceMeters>31489.353450785566</DistanceMeters>
    </Trackpoint>
    <Trackpoint>
     <Time>2026-07-19T01:37:46+00:00</Time>
     <Position>
      <LatitudeDegrees>-33.5405433</LatitudeDegrees>
      <LongitudeDegrees>-71.2237167</LongitudeDegrees>
     </Position>
     <AltitudeMeters>149.7</AltitudeMeters>
     <DistanceMeters>31561.731618367747</DistanceMeters>
    </Trackpoint>
    <Trackpoint>
     <Time>2026-07-19T01:37:54+00:00</Time>
     <Position>
      <LatitudeDegrees>-33.5411300</LatitudeDegrees>
      <LongitudeDegrees>-71.2233800</LongitudeDegrees>
     </Position>
     <AltitudeMeters>149.77</AltitudeMeters>
     <DistanceMeters>31634.109775756642</DistanceMeters>
    </Trackpoint>
    <Trackpoint>
     <Time>2026-07-19T01:38:02+00:00</Time>
     <Position>
      <LatitudeDegrees>-33.5417950</LatitudeDegrees>
      <LongitudeDegrees>-71.2230425</LongitudeDegrees>
     </Position>
     <AltitudeMeters>149.36</AltitudeMeters>
     <DistanceMeters>31714.47063222059</DistanceMeters>
    </Trackpoint>
    <Trackpoint>
     <Time>2026-07-19T01:38:10+00:00</Time>
     <Position>
      <LatitudeDegrees>-33.5424600</LatitudeDegrees>
      <LongitudeDegrees>-71.2227050</LongitudeDegrees>
     </Position>
     <AltitudeMeters>149.4</AltitudeMeters>
     <DistanceMeters>31794.83148868388</DistanceMeters>
    </Trackpoint>
    <Trackpoint>
     <Time>2026-07-19T01:38:19+00:00</Time>
     <Position>
      <LatitudeDegrees>-33.5431250</LatitudeDegrees>
      <LongitudeDegrees>-71.2223675</LongitudeDegrees>
     </Position>
     <AltitudeMeters>149.34</AltitudeMeters>
     <DistanceMeters>31875.19234514849</DistanceMeters>
    </Trackpoint>
    <Trackpoint>
     <Time>2026-07-19T01:38:27+00:00</Time>
     <Position>
      <LatitudeDegrees>-33.5437900</LatitudeDegrees>
      <LongitudeDegrees>-71.2220300</LongitudeDegrees>
     </Position>
     <AltitudeMeters>148.87</AltitudeMeters>
     <DistanceMeters>31955.553203401723</DistanceMeters>
    </Trackpoint>
    <Trackpoint>
     <Time>2026-07-19T01:38:35+00:00</Time>
     <Position>
      <LatitudeDegrees>-33.5443800</LatitudeDegrees>
      <LongitudeDegrees>-71.2217100</LongitudeDegrees>
     </Position>
     <AltitudeMeters>148.38</AltitudeMeters>
     <DistanceMeters>32027.615111962878</DistanceMeters>
    </Trackpoint>
    <Trackpoint>
     <Time>2026-07-19T01:38:44+00:00</Time>
     <Position>
      <LatitudeDegrees>-33.5449700</LatitudeDegrees>
      <LongitudeDegrees>-71.2213900</LongitudeDegrees>
     </Position>
     <AltitudeMeters>148.06000000000003</AltitudeMeters>
     <DistanceMeters>32099.67700848056</DistanceMeters>
    </Trackpoint>
    <Trackpoint>
     <Time>2026-07-19T01:38:52+00:00</Time>
     <Position>
      <LatitudeDegrees>-33.5451100</LatitudeDegrees>
      <LongitudeDegrees>-71.2212600</LongitudeDegrees>
     </Position>
     <AltitudeMeters>148.02</AltitudeMeters>
     <DistanceMeters>32119.379627328162</DistanceMeters>
    </Trackpoint>
    <Trackpoint>
     <Time>2026-07-19T01:39:00+00:00</Time>
     <Position>
      <LatitudeDegrees>-33.5452400</LatitudeDegrees>
      <LongitudeDegrees>-71.2211200</LongitudeDegrees>
     </Position>
     <AltitudeMeters>148.02</AltitudeMeters>
     <DistanceMeters>32138.821340456325</DistanceMeters>
    </Trackpoint>
    <Trackpoint>
     <Time>2026-07-19T01:39:08+00:00</Time>
     <Position>
      <LatitudeDegrees>-33.5455900</LatitudeDegrees>
      <LongitudeDegrees>-71.2205700</LongitudeDegrees>
     </Position>
     <AltitudeMeters>148.1</AltitudeMeters>
     <DistanceMeters>32203.0097705462</DistanceMeters>
    </Trackpoint>
    <Trackpoint>
     <Time>2026-07-19T01:39:17+00:00</Time>
     <Position>
      <LatitudeDegrees>-33.5459400</LatitudeDegrees>
      <LongitudeDegrees>-71.2200200</LongitudeDegrees>
     </Position>
     <AltitudeMeters>148.32</AltitudeMeters>
     <DistanceMeters>32267.1981823703</DistanceMeters>
    </Trackpoint>
    <Trackpoint>
     <Time>2026-07-19T01:39:25+00:00</Time>
     <Position>
      <LatitudeDegrees>-33.5463600</LatitudeDegrees>
      <LongitudeDegrees>-71.2193900</LongitudeDegrees>
     </Position>
     <AltitudeMeters>148.61</AltitudeMeters>
     <DistanceMeters>32342.03128309215</DistanceMeters>
    </Trackpoint>
    <Trackpoint>
     <Time>2026-07-19T01:39:33+00:00</Time>
     <Position>
      <LatitudeDegrees>-33.5467500</LatitudeDegrees>
      <LongitudeDegrees>-71.2189700</LongitudeDegrees>
     </Position>
     <AltitudeMeters>148.58</AltitudeMeters>
     <DistanceMeters>32400.35600690361</DistanceMeters>
    </Trackpoint>
    <Trackpoint>
     <Time>2026-07-19T01:39:41+00:00</Time>
     <Position>
      <LatitudeDegrees>-33.5473750</LatitudeDegrees>
      <LongitudeDegrees>-71.2185350</LongitudeDegrees>
     </Position>
     <AltitudeMeters>148.19000000000003</AltitudeMeters>
     <DistanceMeters>32480.77138684043</DistanceMeters>
    </Trackpoint>
    <Trackpoint>
     <Time>2026-07-19T01:39:50+00:00</Time>
     <Position>
      <LatitudeDegrees>-33.5480000</LatitudeDegrees>
      <LongitudeDegrees>-71.2181000</LongitudeDegrees>
     </Position>
     <AltitudeMeters>147.96</AltitudeMeters>
     <DistanceMeters>32561.186770561006</DistanceMeters>
    </Trackpoint>
    <Trackpoint>
     <Time>2026-07-19T01:39:58+00:00</Time>
     <Position>
      <LatitudeDegrees>-33.5486500</LatitudeDegrees>
      <LongitudeDegrees>-71.2176600</LongitudeDegrees>
     </Position>
     <AltitudeMeters>148.00000000000003</AltitudeMeters>
     <DistanceMeters>32644.24730652943</DistanceMeters>
    </Trackpoint>
    <Trackpoint>
     <Time>2026-07-19T01:40:06+00:00</Time>
     <Position>
      <LatitudeDegrees>-33.5493000</LatitudeDegrees>
      <LongitudeDegrees>-71.2172200</LongitudeDegrees>
     </Position>
     <AltitudeMeters>148.00000000000003</AltitudeMeters>
     <DistanceMeters>32727.30785154081</DistanceMeters>
    </Trackpoint>
    <Trackpoint>
     <Time>2026-07-19T01:40:15+00:00</Time>
     <Position>
      <LatitudeDegrees>-33.5496100</LatitudeDegrees>
      <LongitudeDegrees>-71.2170400</LongitudeDegrees>
     </Position>
     <AltitudeMeters>148.13</AltitudeMeters>
     <DistanceMeters>32765.636909147757</DistanceMeters>
    </Trackpoint>
    <Trackpoint>
     <Time>2026-07-19T01:40:23+00:00</Time>
     <Position>
      <LatitudeDegrees>-33.5499200</LatitudeDegrees>
      <LongitudeDegrees>-71.2169200</LongitudeDegrees>
     </Position>
     <AltitudeMeters>148.51</AltitudeMeters>
     <DistanceMeters>32801.88954362252</DistanceMeters>
    </Trackpoint>
    <Trackpoint>
     <Time>2026-07-19T01:40:31+00:00</Time>
     <Position>
      <LatitudeDegrees>-33.5502400</LatitudeDegrees>
      <LongitudeDegrees>-71.2168700</LongitudeDegrees>
     </Position>
     <AltitudeMeters>148.74</AltitudeMeters>
     <DistanceMeters>32837.80485108818</DistanceMeters>
    </Trackpoint>
    <Trackpoint>
     <Time>2026-07-19T01:40:39+00:00</Time>
     <Position>
      <LatitudeDegrees>-33.5511200</LatitudeDegrees>
      <LongitudeDegrees>-71.2168700</LongitudeDegrees>
     </Position>
     <AltitudeMeters>148.86</AltitudeMeters>
     <DistanceMeters>32935.745052633254</DistanceMeters>
    </Trackpoint>
    <Trackpoint>
     <Time>2026-07-19T01:40:48+00:00</Time>
     <Position>
      <LatitudeDegrees>-33.5520000</LatitudeDegrees>
      <LongitudeDegrees>-71.2168700</LongitudeDegrees>
     </Position>
     <AltitudeMeters>149.08</AltitudeMeters>
     <DistanceMeters>33033.685246903726</DistanceMeters>
    </Trackpoint>
    <Trackpoint>
     <Time>2026-07-19T01:40:56+00:00</Time>
     <Position>
      <LatitudeDegrees>-33.5521900</LatitudeDegrees>
      <LongitudeDegrees>-71.2168200</LongitudeDegrees>
     </Position>
     <AltitudeMeters>149.08</AltitudeMeters>
     <DistanceMeters>33055.33399336445</DistanceMeters>
    </Trackpoint>
    <Trackpoint>
     <Time>2026-07-19T01:41:04+00:00</Time>
     <Position>
      <LatitudeDegrees>-33.5524100</LatitudeDegrees>
      <LongitudeDegrees>-71.2166900</LongitudeDegrees>
     </Position>
     <AltitudeMeters>149.02</AltitudeMeters>
     <DistanceMeters>33082.62696918888</DistanceMeters>
    </Trackpoint>
    <Trackpoint>
     <Time>2026-07-19T01:41:12+00:00</Time>
     <Position>
      <LatitudeDegrees>-33.5526100</LatitudeDegrees>
      <LongitudeDegrees>-71.2165500</LongitudeDegrees>
     </Position>
     <AltitudeMeters>148.93</AltitudeMeters>
     <DistanceMeters>33108.39681594095</DistanceMeters>
    </Trackpoint>
    <Trackpoint>
     <Time>2026-07-19T01:41:21+00:00</Time>
     <Position>
      <LatitudeDegrees>-33.5530450</LatitudeDegrees>
      <LongitudeDegrees>-71.2161500</LongitudeDegrees>
     </Position>
     <AltitudeMeters>149.02</AltitudeMeters>
     <DistanceMeters>33169.39121390244</DistanceMeters>
    </Trackpoint>
    <Trackpoint>
     <Time>2026-07-19T01:41:29+00:00</Time>
     <Position>
      <LatitudeDegrees>-33.5534800</LatitudeDegrees>
      <LongitudeDegrees>-71.2157500</LongitudeDegrees>
     </Position>
     <AltitudeMeters>149.74</AltitudeMeters>
     <DistanceMeters>33230.38563015952</DistanceMeters>
    </Trackpoint>
    <Trackpoint>
     <Time>2026-07-19T01:41:37+00:00</Time>
     <Position>
      <LatitudeDegrees>-33.5540933</LatitudeDegrees>
      <LongitudeDegrees>-71.2152733</LongitudeDegrees>
     </Position>
     <AltitudeMeters>151.66000000000003</AltitudeMeters>
     <DistanceMeters>33311.713295133704</DistanceMeters>
    </Trackpoint>
    <Trackpoint>
     <Time>2026-07-19T01:41:46+00:00</Time>
     <Position>
      <LatitudeDegrees>-33.5547067</LatitudeDegrees>
      <LongitudeDegrees>-71.2147967</LongitudeDegrees>
     </Position>
     <AltitudeMeters>153.29000000000002</AltitudeMeters>
     <DistanceMeters>33393.040960107646</DistanceMeters>
    </Trackpoint>
    <Trackpoint>
     <Time>2026-07-19T01:41:54+00:00</Time>
     <Position>
      <LatitudeDegrees>-33.5553200</LatitudeDegrees>
      <LongitudeDegrees>-71.2143200</LongitudeDegrees>
     </Position>
     <AltitudeMeters>153.64</AltitudeMeters>
     <DistanceMeters>33474.36863490361</DistanceMeters>
    </Trackpoint>
    <Trackpoint>
     <Time>2026-07-19T01:42:02+00:00</Time>
     <Position>
      <LatitudeDegrees>-33.5560517</LatitudeDegrees>
      <LongitudeDegrees>-71.2137850</LongitudeDegrees>
     </Position>
     <AltitudeMeters>153.71</AltitudeMeters>
     <DistanceMeters>33569.72653079215</DistanceMeters>
    </Trackpoint>
    <Trackpoint>
     <Time>2026-07-19T01:42:10+00:00</Time>
     <Position>
      <LatitudeDegrees>-33.5567833</LatitudeDegrees>
      <LongitudeDegrees>-71.2132500</LongitudeDegrees>
     </Position>
     <AltitudeMeters>154.69000000000003</AltitudeMeters>
     <DistanceMeters>33665.08442668124</DistanceMeters>
    </Trackpoint>
    <Trackpoint>
     <Time>2026-07-19T01:42:19+00:00</Time>
     <Position>
      <LatitudeDegrees>-33.5575150</LatitudeDegrees>
      <LongitudeDegrees>-71.2127150</LongitudeDegrees>
     </Position>
     <AltitudeMeters>155.08</AltitudeMeters>
     <DistanceMeters>33760.44232256884</DistanceMeters>
    </Trackpoint>
    <Trackpoint>
     <Time>2026-07-19T01:42:27+00:00</Time>
     <Position>
      <LatitudeDegrees>-33.5582467</LatitudeDegrees>
      <LongitudeDegrees>-71.2121800</LongitudeDegrees>
     </Position>
     <AltitudeMeters>155.54000000000002</AltitudeMeters>
     <DistanceMeters>33855.800218457654</DistanceMeters>
    </Trackpoint>
    <Trackpoint>
     <Time>2026-07-19T01:42:35+00:00</Time>
     <Position>
      <LatitudeDegrees>-33.5589783</LatitudeDegrees>
      <LongitudeDegrees>-71.2116450</LongitudeDegrees>
     </Position>
     <AltitudeMeters>155.71</AltitudeMeters>
     <DistanceMeters>33951.15811434562</DistanceMeters>
    </Trackpoint>
    <Trackpoint>
     <Time>2026-07-19T01:42:43+00:00</Time>
     <Position>
      <LatitudeDegrees>-33.5597100</LatitudeDegrees>
      <LongitudeDegrees>-71.2111100</LongitudeDegrees>
     </Position>
     <AltitudeMeters>156.11</AltitudeMeters>
     <DistanceMeters>34046.51601700919</DistanceMeters>
    </Trackpoint>
    <Trackpoint>
     <Time>2026-07-19T01:42:52+00:00</Time>
     <Position>
      <LatitudeDegrees>-33.5603100</LatitudeDegrees>
      <LongitudeDegrees>-71.2106400</LongitudeDegrees>
     </Position>
     <AltitudeMeters>156.4</AltitudeMeters>
     <DistanceMeters>34126.2609973681</DistanceMeters>
    </Trackpoint>
    <Trackpoint>
     <Time>2026-07-19T01:43:00+00:00</Time>
     <Position>
      <LatitudeDegrees>-33.5606500</LatitudeDegrees>
      <LongitudeDegrees>-71.2104000</LongitudeDegrees>
     </Position>
     <AltitudeMeters>156.69000000000003</AltitudeMeters>
     <DistanceMeters>34170.1624614311</DistanceMeters>
    </Trackpoint>
    <Trackpoint>
     <Time>2026-07-19T01:43:08+00:00</Time>
     <Position>
      <LatitudeDegrees>-33.5612900</LatitudeDegrees>
      <LongitudeDegrees>-71.2100700</LongitudeDegrees>
     </Position>
     <AltitudeMeters>156.51000000000002</AltitudeMeters>
     <DistanceMeters>34247.68839792339</DistanceMeters>
    </Trackpoint>
    <Trackpoint>
     <Time>2026-07-19T01:43:17+00:00</Time>
     <Position>
      <LatitudeDegrees>-33.5618200</LatitudeDegrees>
      <LongitudeDegrees>-71.2099100</LongitudeDegrees>
     </Position>
     <AltitudeMeters>154.21</AltitudeMeters>
     <DistanceMeters>34308.512889906866</DistanceMeters>
    </Trackpoint>
    <Trackpoint>
     <Time>2026-07-19T01:43:25+00:00</Time>
     <Position>
      <LatitudeDegrees>-33.5627133</LatitudeDegrees>
      <LongitudeDegrees>-71.2098767</LongitudeDegrees>
     </Position>
     <AltitudeMeters>150.91000000000003</AltitudeMeters>
     <DistanceMeters>34407.98507775317</DistanceMeters>
    </Trackpoint>
    <Trackpoint>
     <Time>2026-07-19T01:43:33+00:00</Time>
     <Position>
      <LatitudeDegrees>-33.5636067</LatitudeDegrees>
      <LongitudeDegrees>-71.2098433</LongitudeDegrees>
     </Position>
     <AltitudeMeters>150.26</AltitudeMeters>
     <DistanceMeters>34507.45726560123</DistanceMeters>
    </Trackpoint>
    <Trackpoint>
     <Time>2026-07-19T01:43:41+00:00</Time>
     <Position>
      <LatitudeDegrees>-33.5645000</LatitudeDegrees>
      <LongitudeDegrees>-71.2098100</LongitudeDegrees>
     </Position>
     <AltitudeMeters>150.2</AltitudeMeters>
     <DistanceMeters>34606.92945171932</DistanceMeters>
    </Trackpoint>
    <Trackpoint>
     <Time>2026-07-19T01:43:50+00:00</Time>
     <Position>
      <LatitudeDegrees>-33.5649600</LatitudeDegrees>
      <LongitudeDegrees>-71.2098400</LongitudeDegrees>
     </Position>
     <AltitudeMeters>150.15</AltitudeMeters>
     <DistanceMeters>34658.20100401902</DistanceMeters>
    </Trackpoint>
    <Trackpoint>
     <Time>2026-07-19T01:43:58+00:00</Time>
     <Position>
      <LatitudeDegrees>-33.5653900</LatitudeDegrees>
      <LongitudeDegrees>-71.2099300</LongitudeDegrees>
     </Position>
     <AltitudeMeters>150.2</AltitudeMeters>
     <DistanceMeters>34706.78051320256</DistanceMeters>
    </Trackpoint>
    <Trackpoint>
     <Time>2026-07-19T01:44:06+00:00</Time>
     <Position>
      <LatitudeDegrees>-33.5659500</LatitudeDegrees>
      <LongitudeDegrees>-71.2100950</LongitudeDegrees>
     </Position>
     <AltitudeMeters>150.15</AltitudeMeters>
     <DistanceMeters>34770.95695050064</DistanceMeters>
    </Trackpoint>
    <Trackpoint>
     <Time>2026-07-19T01:44:14+00:00</Time>
     <Position>
      <LatitudeDegrees>-33.5665100</LatitudeDegrees>
      <LongitudeDegrees>-71.2102600</LongitudeDegrees>
     </Position>
     <AltitudeMeters>150.48</AltitudeMeters>
     <DistanceMeters>34835.133428400775</DistanceMeters>
    </Trackpoint>
    <Trackpoint>
     <Time>2026-07-19T01:44:23+00:00</Time>
     <Position>
      <LatitudeDegrees>-33.5673400</LatitudeDegrees>
      <LongitudeDegrees>-71.2106000</LongitudeDegrees>
     </Position>
     <AltitudeMeters>151.89000000000001</AltitudeMeters>
     <DistanceMeters>34932.74170017742</DistanceMeters>
    </Trackpoint>
    <Trackpoint>
     <Time>2026-07-19T01:44:31+00:00</Time>
     <Position>
      <LatitudeDegrees>-33.5680250</LatitudeDegrees>
      <LongitudeDegrees>-71.2108350</LongitudeDegrees>
     </Position>
     <AltitudeMeters>154.45</AltitudeMeters>
     <DistanceMeters>35012.03283386681</DistanceMeters>
    </Trackpoint>
    <Trackpoint>
     <Time>2026-07-19T01:44:39+00:00</Time>
     <Position>
      <LatitudeDegrees>-33.5687100</LatitudeDegrees>
      <LongitudeDegrees>-71.2110700</LongitudeDegrees>
     </Position>
     <AltitudeMeters>157.85999999999999</AltitudeMeters>
     <DistanceMeters>35091.32397321641</DistanceMeters>
    </Trackpoint>
    <Trackpoint>
     <Time>2026-07-19T01:44:47+00:00</Time>
     <Position>
      <LatitudeDegrees>-33.5689175</LatitudeDegrees>
      <LongitudeDegrees>-71.2102675</LongitudeDegrees>
     </Position>
     <AltitudeMeters>159.81</AltitudeMeters>
     <DistanceMeters>35169.24370640228</DistanceMeters>
    </Trackpoint>
    <Trackpoint>
     <Time>2026-07-19T01:44:56+00:00</Time>
     <Position>
      <LatitudeDegrees>-33.5691250</LatitudeDegrees>
      <LongitudeDegrees>-71.2094650</LongitudeDegrees>
     </Position>
     <AltitudeMeters>159.57999999999998</AltitudeMeters>
     <DistanceMeters>35247.16343958835</DistanceMeters>
    </Trackpoint>
    <Trackpoint>
     <Time>2026-07-19T01:45:04+00:00</Time>
     <Position>
      <LatitudeDegrees>-33.5693325</LatitudeDegrees>
      <LongitudeDegrees>-71.2086625</LongitudeDegrees>
     </Position>
     <AltitudeMeters>159.34</AltitudeMeters>
     <DistanceMeters>35325.08317277328</DistanceMeters>
    </Trackpoint>
    <Trackpoint>
     <Time>2026-07-19T01:45:12+00:00</Time>
     <Position>
      <LatitudeDegrees>-33.5695400</LatitudeDegrees>
      <LongitudeDegrees>-71.2078600</LongitudeDegrees>
     </Position>
     <AltitudeMeters>158.8</AltitudeMeters>
     <DistanceMeters>35403.00289318519</DistanceMeters>
    </Trackpoint>
    <Trackpoint>
     <Time>2026-07-19T01:45:21+00:00</Time>
     <Position>
      <LatitudeDegrees>-33.5697780</LatitudeDegrees>
      <LongitudeDegrees>-71.2069680</LongitudeDegrees>
     </Position>
     <AltitudeMeters>158.60000000000002</AltitudeMeters>
     <DistanceMeters>35489.85805611948</DistanceMeters>
    </Trackpoint>
    <Trackpoint>
     <Time>2026-07-19T01:45:29+00:00</Time>
     <Position>
      <LatitudeDegrees>-33.5700160</LatitudeDegrees>
      <LongitudeDegrees>-71.2060760</LongitudeDegrees>
     </Position>
     <AltitudeMeters>158.44000000000003</AltitudeMeters>
     <DistanceMeters>35576.71321905586</DistanceMeters>
    </Trackpoint>
    <Trackpoint>
     <Time>2026-07-19T01:45:37+00:00</Time>
     <Position>
      <LatitudeDegrees>-33.5702540</LatitudeDegrees>
      <LongitudeDegrees>-71.2051840</LongitudeDegrees>
     </Position>
     <AltitudeMeters>158.34</AltitudeMeters>
     <DistanceMeters>35663.56838199141</DistanceMeters>
    </Trackpoint>
    <Trackpoint>
     <Time>2026-07-19T01:45:45+00:00</Time>
     <Position>
      <LatitudeDegrees>-33.5704920</LatitudeDegrees>
      <LongitudeDegrees>-71.2042920</LongitudeDegrees>
     </Position>
     <AltitudeMeters>158.10000000000002</AltitudeMeters>
     <DistanceMeters>35750.42354492504</DistanceMeters>
    </Trackpoint>
    <Trackpoint>
     <Time>2026-07-19T01:45:54+00:00</Time>
     <Position>
      <LatitudeDegrees>-33.5707300</LatitudeDegrees>
      <LongitudeDegrees>-71.2034000</LongitudeDegrees>
     </Position>
     <AltitudeMeters>157.71</AltitudeMeters>
     <DistanceMeters>35837.278700242605</DistanceMeters>
    </Trackpoint>
    <Trackpoint>
     <Time>2026-07-19T01:46:02+00:00</Time>
     <Position>
      <LatitudeDegrees>-33.5708000</LatitudeDegrees>
      <LongitudeDegrees>-71.2030800</LongitudeDegrees>
     </Position>
     <AltitudeMeters>157.71</AltitudeMeters>
     <DistanceMeters>35867.95857196513</DistanceMeters>
    </Trackpoint>
    <Trackpoint>
     <Time>2026-07-19T01:46:10+00:00</Time>
     <Position>
      <LatitudeDegrees>-33.5708100</LatitudeDegrees>
      <LongitudeDegrees>-71.2026400</LongitudeDegrees>
     </Position>
     <AltitudeMeters>157.51000000000002</AltitudeMeters>
     <DistanceMeters>35908.77578707125</DistanceMeters>
    </Trackpoint>
    <Trackpoint>
     <Time>2026-07-19T01:46:18+00:00</Time>
     <Position>
      <LatitudeDegrees>-33.5708150</LatitudeDegrees>
      <LongitudeDegrees>-71.2017500</LongitudeDegrees>
     </Position>
     <AltitudeMeters>157.75</AltitudeMeters>
     <DistanceMeters>35991.30906347166</DistanceMeters>
    </Trackpoint>
    <Trackpoint>
     <Time>2026-07-19T01:46:27+00:00</Time>
     <Position>
      <LatitudeDegrees>-33.5708200</LatitudeDegrees>
      <LongitudeDegrees>-71.2008600</LongitudeDegrees>
     </Position>
     <AltitudeMeters>157.95000000000002</AltitudeMeters>
     <DistanceMeters>36073.84231365739</DistanceMeters>
    </Trackpoint>
    <Trackpoint>
     <Time>2026-07-19T01:46:35+00:00</Time>
     <Position>
      <LatitudeDegrees>-33.5708000</LatitudeDegrees>
      <LongitudeDegrees>-71.2002150</LongitudeDegrees>
     </Position>
     <AltitudeMeters>158.4</AltitudeMeters>
     <DistanceMeters>36133.695807444215</DistanceMeters>
    </Trackpoint>
    <Trackpoint>
     <Time>2026-07-19T01:46:43+00:00</Time>
     <Position>
      <LatitudeDegrees>-33.5707800</LatitudeDegrees>
      <LongitudeDegrees>-71.1995700</LongitudeDegrees>
     </Position>
     <AltitudeMeters>158.54000000000002</AltitudeMeters>
     <DistanceMeters>36193.54928897799</DistanceMeters>
    </Trackpoint>
    <Trackpoint>
     <Time>2026-07-19T01:46:52+00:00</Time>
     <Position>
      <LatitudeDegrees>-33.5707750</LatitudeDegrees>
      <LongitudeDegrees>-71.1989600</LongitudeDegrees>
     </Position>
     <AltitudeMeters>158.53</AltitudeMeters>
     <DistanceMeters>36250.11850511404</DistanceMeters>
    </Trackpoint>
    <Trackpoint>
     <Time>2026-07-19T01:47:00+00:00</Time>
     <Position>
      <LatitudeDegrees>-33.5707700</LatitudeDegrees>
      <LongitudeDegrees>-71.1983500</LongitudeDegrees>
     </Position>
     <AltitudeMeters>158.44000000000003</AltitudeMeters>
     <DistanceMeters>36306.68772853662</DistanceMeters>
    </Trackpoint>
    <Trackpoint>
     <Time>2026-07-19T01:47:08+00:00</Time>
     <Position>
      <LatitudeDegrees>-33.5708200</LatitudeDegrees>
      <LongitudeDegrees>-71.1973800</LongitudeDegrees>
     </Position>
     <AltitudeMeters>158.15</AltitudeMeters>
     <DistanceMeters>36396.80960326127</DistanceMeters>
    </Trackpoint>
    <Trackpoint>
     <Time>2026-07-19T01:47:16+00:00</Time>
     <Position>
      <LatitudeDegrees>-33.5708700</LatitudeDegrees>
      <LongitudeDegrees>-71.1964100</LongitudeDegrees>
     </Position>
     <AltitudeMeters>157.66000000000003</AltitudeMeters>
     <DistanceMeters>36486.931477986414</DistanceMeters>
    </Trackpoint>
    <Trackpoint>
     <Time>2026-07-19T01:47:25+00:00</Time>
     <Position>
      <LatitudeDegrees>-33.5709200</LatitudeDegrees>
      <LongitudeDegrees>-71.1954400</LongitudeDegrees>
     </Position>
     <AltitudeMeters>157.97</AltitudeMeters>
     <DistanceMeters>36577.05335943456</DistanceMeters>
    </Trackpoint>
    <Trackpoint>
     <Time>2026-07-19T01:47:33+00:00</Time>
     <Position>
      <LatitudeDegrees>-33.5709550</LatitudeDegrees>
      <LongitudeDegrees>-71.1945000</LongitudeDegrees>
     </Position>
     <AltitudeMeters>158.47</AltitudeMeters>
     <DistanceMeters>36664.308207833055</DistanceMeters>
    </Trackpoint>
    <Trackpoint>
     <Time>2026-07-19T01:47:41+00:00</Time>
     <Position>
      <LatitudeDegrees>-33.5709900</LatitudeDegrees>
      <LongitudeDegrees>-71.1935600</LongitudeDegrees>
     </Position>
     <AltitudeMeters>158.21</AltitudeMeters>
     <DistanceMeters>36751.563028987584</DistanceMeters>
    </Trackpoint>
    <Trackpoint>
     <Time>2026-07-19T01:47:49+00:00</Time>
     <Position>
      <LatitudeDegrees>-33.5710500</LatitudeDegrees>
      <LongitudeDegrees>-71.1928900</LongitudeDegrees>
     </Position>
     <AltitudeMeters>158.09</AltitudeMeters>
     <DistanceMeters>36814.05105188011</DistanceMeters>
    </Trackpoint>
    <Trackpoint>
     <Time>2026-07-19T01:47:58+00:00</Time>
     <Position>
      <LatitudeDegrees>-33.5711100</LatitudeDegrees>
      <LongitudeDegrees>-71.1922200</LongitudeDegrees>
     </Position>
     <AltitudeMeters>158.38000000000002</AltitudeMeters>
     <DistanceMeters>36876.53909237687</DistanceMeters>
    </Trackpoint>
    <Trackpoint>
     <Time>2026-07-19T01:48:06+00:00</Time>
     <Position>
      <LatitudeDegrees>-33.5711450</LatitudeDegrees>
      <LongitudeDegrees>-71.1915350</LongitudeDegrees>
     </Position>
     <AltitudeMeters>158.54000000000002</AltitudeMeters>
     <DistanceMeters>36940.17954476911</DistanceMeters>
    </Trackpoint>
    <Trackpoint>
     <Time>2026-07-19T01:48:14+00:00</Time>
     <Position>
      <LatitudeDegrees>-33.5711800</LatitudeDegrees>
      <LongitudeDegrees>-71.1908500</LongitudeDegrees>
     </Position>
     <AltitudeMeters>158.89</AltitudeMeters>
     <DistanceMeters>37003.81995700531</DistanceMeters>
    </Trackpoint>
    <Trackpoint>
     <Time>2026-07-19T01:48:23+00:00</Time>
     <Position>
      <LatitudeDegrees>-33.5712450</LatitudeDegrees>
      <LongitudeDegrees>-71.1899575</LongitudeDegrees>
     </Position>
     <AltitudeMeters>159.24</AltitudeMeters>
     <DistanceMeters>37086.89826765515</DistanceMeters>
    </Trackpoint>
    <Trackpoint>
     <Time>2026-07-19T01:48:31+00:00</Time>
     <Position>
      <LatitudeDegrees>-33.5713100</LatitudeDegrees>
      <LongitudeDegrees>-71.1890650</LongitudeDegrees>
     </Position>
     <AltitudeMeters>159.41000000000003</AltitudeMeters>
     <DistanceMeters>37169.97657830552</DistanceMeters>
    </Trackpoint>
    <Trackpoint>
     <Time>2026-07-19T01:48:39+00:00</Time>
     <Position>
      <LatitudeDegrees>-33.5713750</LatitudeDegrees>
      <LongitudeDegrees>-71.1881725</LongitudeDegrees>
     </Position>
     <AltitudeMeters>159.28</AltitudeMeters>
     <DistanceMeters>37253.054888956154</DistanceMeters>
    </Trackpoint>
    <Trackpoint>
     <Time>2026-07-19T01:48:47+00:00</Time>
     <Position>
      <LatitudeDegrees>-33.5714400</LatitudeDegrees>
      <LongitudeDegrees>-71.1872800</LongitudeDegrees>
     </Position>
     <AltitudeMeters>159.47</AltitudeMeters>
     <DistanceMeters>37336.13319392877</DistanceMeters>
    </Trackpoint>
    <Trackpoint>
     <Time>2026-07-19T01:48:56+00:00</Time>
     <Position>
      <LatitudeDegrees>-33.5715767</LatitudeDegrees>
      <LongitudeDegrees>-71.1865100</LongitudeDegrees>
     </Position>
     <AltitudeMeters>159.64000000000001</AltitudeMeters>
     <DistanceMeters>37409.13818245603</DistanceMeters>
    </Trackpoint>
    <Trackpoint>
     <Time>2026-07-19T01:49:04+00:00</Time>
     <Position>
      <LatitudeDegrees>-33.5717133</LatitudeDegrees>
      <LongitudeDegrees>-71.1857400</LongitudeDegrees>
     </Position>
     <AltitudeMeters>159.52</AltitudeMeters>
     <DistanceMeters>37482.14317098304</DistanceMeters>
    </Trackpoint>
    <Trackpoint>
     <Time>2026-07-19T01:49:12+00:00</Time>
     <Position>
      <LatitudeDegrees>-33.5718500</LatitudeDegrees>
      <LongitudeDegrees>-71.1849700</LongitudeDegrees>
     </Position>
     <AltitudeMeters>159.0</AltitudeMeters>
     <DistanceMeters>37555.14812909877</DistanceMeters>
    </Trackpoint>
    <Trackpoint>
     <Time>2026-07-19T01:49:20+00:00</Time>
     <Position>
      <LatitudeDegrees>-33.5718100</LatitudeDegrees>
      <LongitudeDegrees>-71.1847700</LongitudeDegrees>
     </Position>
     <AltitudeMeters>159.0</AltitudeMeters>
     <DistanceMeters>37574.22111672705</DistanceMeters>
    </Trackpoint>
    <Trackpoint>
     <Time>2026-07-19T01:49:29+00:00</Time>
     <Position>
      <LatitudeDegrees>-33.5715900</LatitudeDegrees>
      <LongitudeDegrees>-71.1842400</LongitudeDegrees>
     </Position>
     <AltitudeMeters>158.85999999999999</AltitudeMeters>
     <DistanceMeters>37629.12999276158</DistanceMeters>
    </Trackpoint>
    <Trackpoint>
     <Time>2026-07-19T01:49:37+00:00</Time>
     <Position>
      <LatitudeDegrees>-33.5711833</LatitudeDegrees>
      <LongitudeDegrees>-71.1834783</LongitudeDegrees>
     </Position>
     <AltitudeMeters>158.49</AltitudeMeters>
     <DistanceMeters>37713.01831159919</DistanceMeters>
    </Trackpoint>
    <Trackpoint>
     <Time>2026-07-19T01:49:45+00:00</Time>
     <Position>
      <LatitudeDegrees>-33.5707767</LatitudeDegrees>
      <LongitudeDegrees>-71.1827166</LongitudeDegrees>
     </Position>
     <AltitudeMeters>158.25</AltitudeMeters>
     <DistanceMeters>37796.906630435864</DistanceMeters>
    </Trackpoint>
    <Trackpoint>
     <Time>2026-07-19T01:49:54+00:00</Time>
     <Position>
      <LatitudeDegrees>-33.5703700</LatitudeDegrees>
      <LongitudeDegrees>-71.1819550</LongitudeDegrees>
     </Position>
     <AltitudeMeters>158.64</AltitudeMeters>
     <DistanceMeters>37880.794949274656</DistanceMeters>
    </Trackpoint>
    <Trackpoint>
     <Time>2026-07-19T01:50:02+00:00</Time>
     <Position>
      <LatitudeDegrees>-33.5699634</LatitudeDegrees>
      <LongitudeDegrees>-71.1811933</LongitudeDegrees>
     </Position>
     <AltitudeMeters>158.73000000000002</AltitudeMeters>
     <DistanceMeters>37964.68326811222</DistanceMeters>
    </Trackpoint>
    <Trackpoint>
     <Time>2026-07-19T01:50:10+00:00</Time>
     <Position>
      <LatitudeDegrees>-33.5695567</LatitudeDegrees>
      <LongitudeDegrees>-71.1804316</LongitudeDegrees>
     </Position>
     <AltitudeMeters>158.94000000000003</AltitudeMeters>
     <DistanceMeters>38048.57158695077</DistanceMeters>
    </Trackpoint>
    <Trackpoint>
     <Time>2026-07-19T01:50:18+00:00</Time>
     <Position>
      <LatitudeDegrees>-33.5691500</LatitudeDegrees>
      <LongitudeDegrees>-71.1796700</LongitudeDegrees>
     </Position>
     <AltitudeMeters>159.59</AltitudeMeters>
     <DistanceMeters>38132.459907135926</DistanceMeters>
    </Trackpoint>
    <Trackpoint>
     <Time>2026-07-19T01:50:27+00:00</Time>
     <Position>
      <LatitudeDegrees>-33.5688200</LatitudeDegrees>
      <LongitudeDegrees>-71.1789500</LongitudeDegrees>
     </Position>
     <AltitudeMeters>159.92000000000002</AltitudeMeters>
     <DistanceMeters>38208.66313083752</DistanceMeters>
    </Trackpoint>
    <Trackpoint>
     <Time>2026-07-19T01:50:35+00:00</Time>
     <Position>
      <LatitudeDegrees>-33.5687300</LatitudeDegrees>
      <LongitudeDegrees>-71.1784600</LongitudeDegrees>
     </Position>
     <AltitudeMeters>160.17000000000002</AltitudeMeters>
     <DistanceMeters>38255.19375593137</DistanceMeters>
    </Trackpoint>
    <Trackpoint>
     <Time>2026-07-19T01:50:43+00:00</Time>
     <Position>
      <LatitudeDegrees>-33.5686750</LatitudeDegrees>
      <LongitudeDegrees>-71.1775483</LongitudeDegrees>
     </Position>
     <AltitudeMeters>160.77</AltitudeMeters>
     <DistanceMeters>38339.95785072659</DistanceMeters>
    </Trackpoint>
    <Trackpoint>
     <Time>2026-07-19T01:50:51+00:00</Time>
     <Position>
      <LatitudeDegrees>-33.5686200</LatitudeDegrees>
      <LongitudeDegrees>-71.1766367</LongitudeDegrees>
     </Position>
     <AltitudeMeters>162.84</AltitudeMeters>
     <DistanceMeters>38424.72194552129</DistanceMeters>
    </Trackpoint>
    <Trackpoint>
     <Time>2026-07-19T01:51:00+00:00</Time>
     <Position>
      <LatitudeDegrees>-33.5685650</LatitudeDegrees>
      <LongitudeDegrees>-71.1757250</LongitudeDegrees>
     </Position>
     <AltitudeMeters>163.78</AltitudeMeters>
     <DistanceMeters>38509.48604031645</DistanceMeters>
    </Trackpoint>
    <Trackpoint>
     <Time>2026-07-19T01:51:08+00:00</Time>
     <Position>
      <LatitudeDegrees>-33.5685100</LatitudeDegrees>
      <LongitudeDegrees>-71.1748133</LongitudeDegrees>
     </Position>
     <AltitudeMeters>164.0</AltitudeMeters>
     <DistanceMeters>38594.25013511169</DistanceMeters>
    </Trackpoint>
    <Trackpoint>
     <Time>2026-07-19T01:51:16+00:00</Time>
     <Position>
      <LatitudeDegrees>-33.5684550</LatitudeDegrees>
      <LongitudeDegrees>-71.1739017</LongitudeDegrees>
     </Position>
     <AltitudeMeters>163.5</AltitudeMeters>
     <DistanceMeters>38679.01422990645</DistanceMeters>
    </Trackpoint>
    <Trackpoint>
     <Time>2026-07-19T01:51:25+00:00</Time>
     <Position>
      <LatitudeDegrees>-33.5684000</LatitudeDegrees>
      <LongitudeDegrees>-71.1729900</LongitudeDegrees>
     </Position>
     <AltitudeMeters>163.55</AltitudeMeters>
     <DistanceMeters>38763.77832467257</DistanceMeters>
    </Trackpoint>
    <Trackpoint>
     <Time>2026-07-19T01:51:33+00:00</Time>
     <Position>
      <LatitudeDegrees>-33.5683540</LatitudeDegrees>
      <LongitudeDegrees>-71.1719540</LongitudeDegrees>
     </Position>
     <AltitudeMeters>163.41</AltitudeMeters>
     <DistanceMeters>38859.987823156516</DistanceMeters>
    </Trackpoint>
    <Trackpoint>
     <Time>2026-07-19T01:51:41+00:00</Time>
     <Position>
      <LatitudeDegrees>-33.5683081</LatitudeDegrees>
      <LongitudeDegrees>-71.1709180</LongitudeDegrees>
     </Position>
     <AltitudeMeters>163.45000000000002</AltitudeMeters>
     <DistanceMeters>38956.19732164261</DistanceMeters>
    </Trackpoint>
    <Trackpoint>
     <Time>2026-07-19T01:51:49+00:00</Time>
     <Position>
      <LatitudeDegrees>-33.5682621</LatitudeDegrees>
      <LongitudeDegrees>-71.1698820</LongitudeDegrees>
     </Position>
     <AltitudeMeters>164.04000000000002</AltitudeMeters>
     <DistanceMeters>39052.40682012879</DistanceMeters>
    </Trackpoint>
    <Trackpoint>
     <Time>2026-07-19T01:51:58+00:00</Time>
     <Position>
      <LatitudeDegrees>-33.5682161</LatitudeDegrees>
      <LongitudeDegrees>-71.1688460</LongitudeDegrees>
     </Position>
     <AltitudeMeters>164.45000000000002</AltitudeMeters>
     <DistanceMeters>39148.616318612825</DistanceMeters>
    </Trackpoint>
    <Trackpoint>
     <Time>2026-07-19T01:52:06+00:00</Time>
     <Position>
      <LatitudeDegrees>-33.5681701</LatitudeDegrees>
      <LongitudeDegrees>-71.1678100</LongitudeDegrees>
     </Position>
     <AltitudeMeters>164.4</AltitudeMeters>
     <DistanceMeters>39244.82581709783</DistanceMeters>
    </Trackpoint>
    <Trackpoint>
     <Time>2026-07-19T01:52:14+00:00</Time>
     <Position>
      <LatitudeDegrees>-33.5681241</LatitudeDegrees>
      <LongitudeDegrees>-71.1667740</LongitudeDegrees>
     </Position>
     <AltitudeMeters>163.9</AltitudeMeters>
     <DistanceMeters>39341.03531558434</DistanceMeters>
    </Trackpoint>
    <Trackpoint>
     <Time>2026-07-19T01:52:22+00:00</Time>
     <Position>
      <LatitudeDegrees>-33.5680781</LatitudeDegrees>
      <LongitudeDegrees>-71.1657380</LongitudeDegrees>
     </Position>
     <AltitudeMeters>163.76000000000002</AltitudeMeters>
     <DistanceMeters>39437.24481406876</DistanceMeters>
    </Trackpoint>
    <Trackpoint>
     <Time>2026-07-19T01:52:31+00:00</Time>
     <Position>
      <LatitudeDegrees>-33.5680321</LatitudeDegrees>
      <LongitudeDegrees>-71.1647020</LongitudeDegrees>
     </Position>
     <AltitudeMeters>164.37</AltitudeMeters>
     <DistanceMeters>39533.45431255426</DistanceMeters>
    </Trackpoint>
    <Trackpoint>
     <Time>2026-07-19T01:52:39+00:00</Time>
     <Position>
      <LatitudeDegrees>-33.5679860</LatitudeDegrees>
      <LongitudeDegrees>-71.1636660</LongitudeDegrees>
     </Position>
     <AltitudeMeters>164.58</AltitudeMeters>
     <DistanceMeters>39629.663811038685</DistanceMeters>
    </Trackpoint>
    <Trackpoint>
     <Time>2026-07-19T01:52:47+00:00</Time>
     <Position>
      <LatitudeDegrees>-33.5679400</LatitudeDegrees>
      <LongitudeDegrees>-71.1626300</LongitudeDegrees>
     </Position>
     <AltitudeMeters>165.16</AltitudeMeters>
     <DistanceMeters>39725.87331075772</DistanceMeters>
    </Trackpoint>
    <Trackpoint>
     <Time>2026-07-19T01:52:56+00:00</Time>
     <Position>
      <LatitudeDegrees>-33.5678884</LatitudeDegrees>
      <LongitudeDegrees>-71.1616500</LongitudeDegrees>
     </Position>
     <AltitudeMeters>165.60000000000002</AltitudeMeters>
     <DistanceMeters>39816.93549538396</DistanceMeters>
    </Trackpoint>
    <Trackpoint>
     <Time>2026-07-19T01:53:04+00:00</Time>
     <Position>
      <LatitudeDegrees>-33.5678367</LatitudeDegrees>
      <LongitudeDegrees>-71.1606700</LongitudeDegrees>
     </Position>
     <AltitudeMeters>165.72</AltitudeMeters>
     <DistanceMeters>39907.99768001135</DistanceMeters>
    </Trackpoint>
    <Trackpoint>
     <Time>2026-07-19T01:53:12+00:00</Time>
     <Position>
      <LatitudeDegrees>-33.5677850</LatitudeDegrees>
      <LongitudeDegrees>-71.1596900</LongitudeDegrees>
     </Position>
     <AltitudeMeters>165.73000000000002</AltitudeMeters>
     <DistanceMeters>39999.059864637245</DistanceMeters>
    </Trackpoint>
    <Trackpoint>
     <Time>2026-07-19T01:53:20+00:00</Time>
     <Position>
      <LatitudeDegrees>-33.5677334</LatitudeDegrees>
      <LongitudeDegrees>-71.1587100</LongitudeDegrees>
     </Position>
     <AltitudeMeters>165.94</AltitudeMeters>
     <DistanceMeters>40090.1220492658</DistanceMeters>
    </Trackpoint>
    <Trackpoint>
     <Time>2026-07-19T01:53:29+00:00</Time>
     <Position>
      <LatitudeDegrees>-33.5676817</LatitudeDegrees>
      <LongitudeDegrees>-71.1577300</LongitudeDegrees>
     </Position>
     <AltitudeMeters>166.19</AltitudeMeters>
     <DistanceMeters>40181.184233891836</DistanceMeters>
    </Trackpoint>
    <Trackpoint>
     <Time>2026-07-19T01:53:37+00:00</Time>
     <Position>
      <LatitudeDegrees>-33.5676300</LatitudeDegrees>
      <LongitudeDegrees>-71.1567500</LongitudeDegrees>
     </Position>
     <AltitudeMeters>166.47</AltitudeMeters>
     <DistanceMeters>40272.24641538591</DistanceMeters>
    </Trackpoint>
    <Trackpoint>
     <Time>2026-07-19T01:53:45+00:00</Time>
     <Position>
      <LatitudeDegrees>-33.5675675</LatitudeDegrees>
      <LongitudeDegrees>-71.1557300</LongitudeDegrees>
     </Position>
     <AltitudeMeters>166.67000000000002</AltitudeMeters>
     <DistanceMeters>40367.09199529766</DistanceMeters>
    </Trackpoint>
    <Trackpoint>
     <Time>2026-07-19T01:53:53+00:00</Time>
     <Position>
      <LatitudeDegrees>-33.5675050</LatitudeDegrees>
      <LongitudeDegrees>-71.1547100</LongitudeDegrees>
     </Position>
     <AltitudeMeters>166.75</AltitudeMeters>
     <DistanceMeters>40461.93757520875</DistanceMeters>
    </Trackpoint>
    <Trackpoint>
     <Time>2026-07-19T01:54:02+00:00</Time>
     <Position>
      <LatitudeDegrees>-33.5674425</LatitudeDegrees>
      <LongitudeDegrees>-71.1536900</LongitudeDegrees>
     </Position>
     <AltitudeMeters>166.93</AltitudeMeters>
     <DistanceMeters>40556.78315512109</DistanceMeters>
    </Trackpoint>
    <Trackpoint>
     <Time>2026-07-19T01:54:10+00:00</Time>
     <Position>
      <LatitudeDegrees>-33.5673800</LatitudeDegrees>
      <LongitudeDegrees>-71.1526700</LongitudeDegrees>
     </Position>
     <AltitudeMeters>166.98000000000002</AltitudeMeters>
     <DistanceMeters>40651.62873499052</DistanceMeters>
    </Trackpoint>
    <Trackpoint>
     <Time>2026-07-19T01:54:18+00:00</Time>
     <Position>
      <LatitudeDegrees>-33.5673250</LatitudeDegrees>
      <LongitudeDegrees>-71.1516200</LongitudeDegrees>
     </Position>
     <AltitudeMeters>167.21</AltitudeMeters>
     <DistanceMeters>40749.19350154381</DistanceMeters>
    </Trackpoint>
    <Trackpoint>
     <Time>2026-07-19T01:54:26+00:00</Time>
     <Position>
      <LatitudeDegrees>-33.5672700</LatitudeDegrees>
      <LongitudeDegrees>-71.1505700</LongitudeDegrees>
     </Position>
     <AltitudeMeters>167.47</AltitudeMeters>
     <DistanceMeters>40846.75826809765</DistanceMeters>
    </Trackpoint>
    <Trackpoint>
     <Time>2026-07-19T01:54:35+00:00</Time>
     <Position>
      <LatitudeDegrees>-33.5672150</LatitudeDegrees>
      <LongitudeDegrees>-71.1495200</LongitudeDegrees>
     </Position>
     <AltitudeMeters>167.85000000000002</AltitudeMeters>
     <DistanceMeters>40944.32303465166</DistanceMeters>
    </Trackpoint>
    <Trackpoint>
     <Time>2026-07-19T01:54:43+00:00</Time>
     <Position>
      <LatitudeDegrees>-33.5671600</LatitudeDegrees>
      <LongitudeDegrees>-71.1484700</LongitudeDegrees>
     </Position>
     <AltitudeMeters>168.14000000000001</AltitudeMeters>
     <DistanceMeters>41041.887801204546</DistanceMeters>
    </Trackpoint>
    <Trackpoint>
     <Time>2026-07-19T01:54:51+00:00</Time>
     <Position>
      <LatitudeDegrees>-33.5671050</LatitudeDegrees>
      <LongitudeDegrees>-71.1474200</LongitudeDegrees>
     </Position>
     <AltitudeMeters>168.48000000000002</AltitudeMeters>
     <DistanceMeters>41139.45256775739</DistanceMeters>
    </Trackpoint>
    <Trackpoint>
     <Time>2026-07-19T01:55:00+00:00</Time>
     <Position>
      <LatitudeDegrees>-33.5670500</LatitudeDegrees>
      <LongitudeDegrees>-71.1463700</LongitudeDegrees>
     </Position>
     <AltitudeMeters>168.61</AltitudeMeters>
     <DistanceMeters>41237.01732767069</DistanceMeters>
    </Trackpoint>
    <Trackpoint>
     <Time>2026-07-19T01:55:08+00:00</Time>
     <Position>
      <LatitudeDegrees>-33.5670030</LatitudeDegrees>
      <LongitudeDegrees>-71.1453700</LongitudeDegrees>
     </Position>
     <AltitudeMeters>168.76000000000002</AltitudeMeters>
     <DistanceMeters>41329.900930066055</DistanceMeters>
    </Trackpoint>
    <Trackpoint>
     <Time>2026-07-19T01:55:16+00:00</Time>
     <Position>
      <LatitudeDegrees>-33.5669561</LatitudeDegrees>
      <LongitudeDegrees>-71.1443700</LongitudeDegrees>
     </Position>
     <AltitudeMeters>169.42000000000002</AltitudeMeters>
     <DistanceMeters>41422.78453246184</DistanceMeters>
    </Trackpoint>
    <Trackpoint>
     <Time>2026-07-19T01:55:24+00:00</Time>
     <Position>
      <LatitudeDegrees>-33.5669091</LatitudeDegrees>
      <LongitudeDegrees>-71.1433700</LongitudeDegrees>
     </Position>
     <AltitudeMeters>169.63</AltitudeMeters>
     <DistanceMeters>41515.668134856554</DistanceMeters>
    </Trackpoint>
    <Trackpoint>
     <Time>2026-07-19T01:55:33+00:00</Time>
     <Position>
      <LatitudeDegrees>-33.5668621</LatitudeDegrees>
      <LongitudeDegrees>-71.1423700</LongitudeDegrees>
     </Position>
     <AltitudeMeters>169.83</AltitudeMeters>
     <DistanceMeters>41608.55173725279</DistanceMeters>
    </Trackpoint>
    <Trackpoint>
     <Time>2026-07-19T01:55:41+00:00</Time>
     <Position>
      <LatitudeDegrees>-33.5668151</LatitudeDegrees>
      <LongitudeDegrees>-71.1413700</LongitudeDegrees>
     </Position>
     <AltitudeMeters>170.02</AltitudeMeters>
     <DistanceMeters>41701.435339647716</DistanceMeters>
    </Trackpoint>
    <Trackpoint>
     <Time>2026-07-19T01:55:49+00:00</Time>
     <Position>
      <LatitudeDegrees>-33.5667681</LatitudeDegrees>
      <LongitudeDegrees>-71.1403700</LongitudeDegrees>
     </Position>
     <AltitudeMeters>170.26000000000002</AltitudeMeters>
     <DistanceMeters>41794.318942043705</DistanceMeters>
    </Trackpoint>
    <Trackpoint>
     <Time>2026-07-19T01:55:57+00:00</Time>
     <Position>
      <LatitudeDegrees>-33.5667211</LatitudeDegrees>
      <LongitudeDegrees>-71.1393700</LongitudeDegrees>
     </Position>
     <AltitudeMeters>170.81</AltitudeMeters>
     <DistanceMeters>41887.202544438114</DistanceMeters>
    </Trackpoint>
    <Trackpoint>
     <Time>2026-07-19T01:56:06+00:00</Time>
     <Position>
      <LatitudeDegrees>-33.5666741</LatitudeDegrees>
      <LongitudeDegrees>-71.1383700</LongitudeDegrees>
     </Position>
     <AltitudeMeters>171.18000000000004</AltitudeMeters>
     <DistanceMeters>41980.08614683339</DistanceMeters>
    </Trackpoint>
    <Trackpoint>
     <Time>2026-07-19T01:56:14+00:00</Time>
     <Position>
      <LatitudeDegrees>-33.5666270</LatitudeDegrees>
      <LongitudeDegrees>-71.1373700</LongitudeDegrees>
     </Position>
     <AltitudeMeters>171.70000000000002</AltitudeMeters>
     <DistanceMeters>42072.969749229356</DistanceMeters>
    </Trackpoint>
    <Trackpoint>
     <Time>2026-07-19T01:56:22+00:00</Time>
     <Position>
      <LatitudeDegrees>-33.5665800</LatitudeDegrees>
      <LongitudeDegrees>-71.1363700</LongitudeDegrees>
     </Position>
     <AltitudeMeters>172.27</AltitudeMeters>
     <DistanceMeters>42165.85335166806</DistanceMeters>
    </Trackpoint>
    <Trackpoint>
     <Time>2026-07-19T01:56:31+00:00</Time>
     <Position>
      <LatitudeDegrees>-33.5665650</LatitudeDegrees>
      <LongitudeDegrees>-71.1355900</LongitudeDegrees>
     </Position>
     <AltitudeMeters>172.79000000000002</AltitudeMeters>
     <DistanceMeters>42238.20706272207</DistanceMeters>
    </Trackpoint>
    <Trackpoint>
     <Time>2026-07-19T01:56:39+00:00</Time>
     <Position>
      <LatitudeDegrees>-33.5665500</LatitudeDegrees>
      <LongitudeDegrees>-71.1348100</LongitudeDegrees>
     </Position>
     <AltitudeMeters>173.55</AltitudeMeters>
     <DistanceMeters>42310.560754578895</DistanceMeters>
    </Trackpoint>
    <Trackpoint>
     <Time>2026-07-19T01:56:47+00:00</Time>
     <Position>
      <LatitudeDegrees>-33.5666100</LatitudeDegrees>
      <LongitudeDegrees>-71.1340100</LongitudeDegrees>
     </Position>
     <AltitudeMeters>173.97</AltitudeMeters>
     <DistanceMeters>42385.04983448523</DistanceMeters>
    </Trackpoint>
    <Trackpoint>
     <Time>2026-07-19T01:56:55+00:00</Time>
     <Position>
      <LatitudeDegrees>-33.5667130</LatitudeDegrees>
      <LongitudeDegrees>-71.1330110</LongitudeDegrees>
     </Position>
     <AltitudeMeters>174.18</AltitudeMeters>
     <DistanceMeters>42478.3994951051</DistanceMeters>
    </Trackpoint>
    <Trackpoint>
     <Time>2026-07-19T01:57:04+00:00</Time>
     <Position>
      <LatitudeDegrees>-33.5668161</LatitudeDegrees>
      <LongitudeDegrees>-71.1320120</LongitudeDegrees>
     </Position>
     <AltitudeMeters>173.75</AltitudeMeters>
     <DistanceMeters>42571.749155727084</DistanceMeters>
    </Trackpoint>
    <Trackpoint>
     <Time>2026-07-19T01:57:12+00:00</Time>
     <Position>
      <LatitudeDegrees>-33.5669191</LatitudeDegrees>
      <LongitudeDegrees>-71.1310130</LongitudeDegrees>
     </Position>
     <AltitudeMeters>173.48000000000002</AltitudeMeters>
     <DistanceMeters>42665.09881634878</DistanceMeters>
    </Trackpoint>
    <Trackpoint>
     <Time>2026-07-19T01:57:20+00:00</Time>
     <Position>
      <LatitudeDegrees>-33.5670221</LatitudeDegrees>
      <LongitudeDegrees>-71.1300140</LongitudeDegrees>
     </Position>
     <AltitudeMeters>173.57</AltitudeMeters>
     <DistanceMeters>42758.44847696881</DistanceMeters>
    </Trackpoint>
    <Trackpoint>
     <Time>2026-07-19T01:57:28+00:00</Time>
     <Position>
      <LatitudeDegrees>-33.5671251</LatitudeDegrees>
      <LongitudeDegrees>-71.1290150</LongitudeDegrees>
     </Position>
     <AltitudeMeters>173.82</AltitudeMeters>
     <DistanceMeters>42851.79813759114</DistanceMeters>
    </Trackpoint>
    <Trackpoint>
     <Time>2026-07-19T01:57:37+00:00</Time>
     <Position>
      <LatitudeDegrees>-33.5672281</LatitudeDegrees>
      <LongitudeDegrees>-71.1280160</LongitudeDegrees>
     </Position>
     <AltitudeMeters>174.07</AltitudeMeters>
     <DistanceMeters>42945.14779821045</DistanceMeters>
    </Trackpoint>
    <Trackpoint>
     <Time>2026-07-19T01:57:45+00:00</Time>
     <Position>
      <LatitudeDegrees>-33.5673311</LatitudeDegrees>
      <LongitudeDegrees>-71.1270170</LongitudeDegrees>
     </Position>
     <AltitudeMeters>174.63</AltitudeMeters>
     <DistanceMeters>43038.49745883228</DistanceMeters>
    </Trackpoint>
    <Trackpoint>
     <Time>2026-07-19T01:57:53+00:00</Time>
     <Position>
      <LatitudeDegrees>-33.5674341</LatitudeDegrees>
      <LongitudeDegrees>-71.1260180</LongitudeDegrees>
     </Position>
     <AltitudeMeters>175.33</AltitudeMeters>
     <DistanceMeters>43131.84711945377</DistanceMeters>
    </Trackpoint>
    <Trackpoint>
     <Time>2026-07-19T01:58:02+00:00</Time>
     <Position>
      <LatitudeDegrees>-33.5675370</LatitudeDegrees>
      <LongitudeDegrees>-71.1250190</LongitudeDegrees>
     </Position>
     <AltitudeMeters>175.61</AltitudeMeters>
     <DistanceMeters>43225.196780074744</DistanceMeters>
    </Trackpoint>
    <Trackpoint>
     <Time>2026-07-19T01:58:10+00:00</Time>
     <Position>
      <LatitudeDegrees>-33.5676400</LatitudeDegrees>
      <LongitudeDegrees>-71.1240200</LongitudeDegrees>
     </Position>
     <AltitudeMeters>175.76000000000002</AltitudeMeters>
     <DistanceMeters>43318.54643761362</DistanceMeters>
    </Trackpoint>
    <Trackpoint>
     <Time>2026-07-19T01:58:18+00:00</Time>
     <Position>
      <LatitudeDegrees>-33.5677890</LatitudeDegrees>
      <LongitudeDegrees>-71.1230010</LongitudeDegrees>
     </Position>
     <AltitudeMeters>176.12000000000003</AltitudeMeters>
     <DistanceMeters>43414.4869342805</DistanceMeters>
    </Trackpoint>
    <Trackpoint>
     <Time>2026-07-19T01:58:26+00:00</Time>
     <Position>
      <LatitudeDegrees>-33.5679381</LatitudeDegrees>
      <LongitudeDegrees>-71.1219820</LongitudeDegrees>
     </Position>
     <AltitudeMeters>176.63</AltitudeMeters>
     <DistanceMeters>43510.42743094926</DistanceMeters>
    </Trackpoint>
    <Trackpoint>
     <Time>2026-07-19T01:58:35+00:00</Time>
     <Position>
      <LatitudeDegrees>-33.5680871</LatitudeDegrees>
      <LongitudeDegrees>-71.1209630</LongitudeDegrees>
     </Position>
     <AltitudeMeters>177.00000000000003</AltitudeMeters>
     <DistanceMeters>43606.367927615334</DistanceMeters>
    </Trackpoint>
    <Trackpoint>
     <Time>2026-07-19T01:58:43+00:00</Time>
     <Position>
      <LatitudeDegrees>-33.5682361</LatitudeDegrees>
      <LongitudeDegrees>-71.1199440</LongitudeDegrees>
     </Position>
     <AltitudeMeters>177.3</AltitudeMeters>
     <DistanceMeters>43702.30842428208</DistanceMeters>
    </Trackpoint>
    <Trackpoint>
     <Time>2026-07-19T01:58:51+00:00</Time>
     <Position>
      <LatitudeDegrees>-33.5683851</LatitudeDegrees>
      <LongitudeDegrees>-71.1189250</LongitudeDegrees>
     </Position>
     <AltitudeMeters>177.73000000000002</AltitudeMeters>
     <DistanceMeters>43798.24892094894</DistanceMeters>
    </Trackpoint>
    <Trackpoint>
     <Time>2026-07-19T01:58:59+00:00</Time>
     <Position>
      <LatitudeDegrees>-33.5685341</LatitudeDegrees>
      <LongitudeDegrees>-71.1179060</LongitudeDegrees>
     </Position>
     <AltitudeMeters>178.15</AltitudeMeters>
     <DistanceMeters>43894.189417615955</DistanceMeters>
    </Trackpoint>
    <Trackpoint>
     <Time>2026-07-19T01:59:08+00:00</Time>
     <Position>
      <LatitudeDegrees>-33.5686831</LatitudeDegrees>
      <LongitudeDegrees>-71.1168870</LongitudeDegrees>
     </Position>
     <AltitudeMeters>178.4</AltitudeMeters>
     <DistanceMeters>43990.12991428344</DistanceMeters>
    </Trackpoint>
    <Trackpoint>
     <Time>2026-07-19T01:59:16+00:00</Time>
     <Position>
      <LatitudeDegrees>-33.5688321</LatitudeDegrees>
      <LongitudeDegrees>-71.1158680</LongitudeDegrees>
     </Position>
     <AltitudeMeters>178.98000000000002</AltitudeMeters>
     <DistanceMeters>44086.07041094972</DistanceMeters>
    </Trackpoint>
    <Trackpoint>
     <Time>2026-07-19T01:59:24+00:00</Time>
     <Position>
      <LatitudeDegrees>-33.5689810</LatitudeDegrees>
      <LongitudeDegrees>-71.1148490</LongitudeDegrees>
     </Position>
     <AltitudeMeters>179.22000000000003</AltitudeMeters>
     <DistanceMeters>44182.01090761683</DistanceMeters>
    </Trackpoint>
    <Trackpoint>
     <Time>2026-07-19T01:59:33+00:00</Time>
     <Position>
      <LatitudeDegrees>-33.5691300</LatitudeDegrees>
      <LongitudeDegrees>-71.1138300</LongitudeDegrees>
     </Position>
     <AltitudeMeters>179.75000000000003</AltitudeMeters>
     <DistanceMeters>44277.951407935674</DistanceMeters>
    </Trackpoint>
    <Trackpoint>
     <Time>2026-07-19T01:59:41+00:00</Time>
     <Position>
      <LatitudeDegrees>-33.5692660</LatitudeDegrees>
      <LongitudeDegrees>-71.1128660</LongitudeDegrees>
     </Position>
     <AltitudeMeters>180.05</AltitudeMeters>
     <DistanceMeters>44368.61871216189</DistanceMeters>
    </Trackpoint>
    <Trackpoint>
     <Time>2026-07-19T01:59:49+00:00</Time>
     <Position>
      <LatitudeDegrees>-33.5694020</LatitudeDegrees>
      <LongitudeDegrees>-71.1119020</LongitudeDegrees>
     </Position>
     <AltitudeMeters>180.63</AltitudeMeters>
     <DistanceMeters>44459.28601638922</DistanceMeters>
    </Trackpoint>
    <Trackpoint>
     <Time>2026-07-19T01:59:57+00:00</Time>
     <Position>
      <LatitudeDegrees>-33.5695380</LatitudeDegrees>
      <LongitudeDegrees>-71.1109380</LongitudeDegrees>
     </Position>
     <AltitudeMeters>180.97000000000003</AltitudeMeters>
     <DistanceMeters>44549.95332061628</DistanceMeters>
    </Trackpoint>
    <Trackpoint>
     <Time>2026-07-19T02:00:06+00:00</Time>
     <Position>
      <LatitudeDegrees>-33.5696740</LatitudeDegrees>
      <LongitudeDegrees>-71.1099740</LongitudeDegrees>
     </Position>
     <AltitudeMeters>181.34</AltitudeMeters>
     <DistanceMeters>44640.62062484247</DistanceMeters>
    </Trackpoint>
    <Trackpoint>
     <Time>2026-07-19T02:00:14+00:00</Time>
     <Position>
      <LatitudeDegrees>-33.5698100</LatitudeDegrees>
      <LongitudeDegrees>-71.1090100</LongitudeDegrees>
     </Position>
     <AltitudeMeters>181.57</AltitudeMeters>
     <DistanceMeters>44731.28793466494</DistanceMeters>
    </Trackpoint>
    <Trackpoint>
     <Time>2026-07-19T02:00:22+00:00</Time>
     <Position>
      <LatitudeDegrees>-33.5699639</LatitudeDegrees>
      <LongitudeDegrees>-71.1079862</LongitudeDegrees>
     </Position>
     <AltitudeMeters>182.01</AltitudeMeters>
     <DistanceMeters>44827.76274089196</DistanceMeters>
    </Trackpoint>
    <Trackpoint>
     <Time>2026-07-19T02:00:30+00:00</Time>
     <Position>
      <LatitudeDegrees>-33.5701178</LatitudeDegrees>
      <LongitudeDegrees>-71.1069623</LongitudeDegrees>
     </Position>
     <AltitudeMeters>182.3</AltitudeMeters>
     <DistanceMeters>44924.23754711792</DistanceMeters>
    </Trackpoint>
    <Trackpoint>
     <Time>2026-07-19T02:00:39+00:00</Time>
     <Position>
      <LatitudeDegrees>-33.5702717</LatitudeDegrees>
      <LongitudeDegrees>-71.1059385</LongitudeDegrees>
     </Position>
     <AltitudeMeters>182.37</AltitudeMeters>
     <DistanceMeters>45020.712353346695</DistanceMeters>
    </Trackpoint>
    <Trackpoint>
     <Time>2026-07-19T02:00:47+00:00</Time>
     <Position>
      <LatitudeDegrees>-33.5704255</LatitudeDegrees>
      <LongitudeDegrees>-71.1049147</LongitudeDegrees>
     </Position>
     <AltitudeMeters>182.68</AltitudeMeters>
     <DistanceMeters>45117.18715957254</DistanceMeters>
    </Trackpoint>
    <Trackpoint>
     <Time>2026-07-19T02:00:55+00:00</Time>
     <Position>
      <LatitudeDegrees>-33.5705794</LatitudeDegrees>
      <LongitudeDegrees>-71.1038908</LongitudeDegrees>
     </Position>
     <AltitudeMeters>182.9</AltitudeMeters>
     <DistanceMeters>45213.661965799925</DistanceMeters>
    </Trackpoint>
    <Trackpoint>
     <Time>2026-07-19T02:01:04+00:00</Time>
     <Position>
      <LatitudeDegrees>-33.5707333</LatitudeDegrees>
      <LongitudeDegrees>-71.1028670</LongitudeDegrees>
     </Position>
     <AltitudeMeters>183.34</AltitudeMeters>
     <DistanceMeters>45310.13677202626</DistanceMeters>
    </Trackpoint>
    <Trackpoint>
     <Time>2026-07-19T02:01:12+00:00</Time>
     <Position>
      <LatitudeDegrees>-33.5708871</LatitudeDegrees>
      <LongitudeDegrees>-71.1018432</LongitudeDegrees>
     </Position>
     <AltitudeMeters>183.66000000000003</AltitudeMeters>
     <DistanceMeters>45406.61157825329</DistanceMeters>
    </Trackpoint>
    <Trackpoint>
     <Time>2026-07-19T02:01:20+00:00</Time>
     <Position>
      <LatitudeDegrees>-33.5710409</LatitudeDegrees>
      <LongitudeDegrees>-71.1008193</LongitudeDegrees>
     </Position>
     <AltitudeMeters>183.95</AltitudeMeters>
     <DistanceMeters>45503.08638448088</DistanceMeters>
    </Trackpoint>
    <Trackpoint>
     <Time>2026-07-19T02:01:28+00:00</Time>
     <Position>
      <LatitudeDegrees>-33.5711948</LatitudeDegrees>
      <LongitudeDegrees>-71.0997955</LongitudeDegrees>
     </Position>
     <AltitudeMeters>183.81</AltitudeMeters>
     <DistanceMeters>45599.56119070715</DistanceMeters>
    </Trackpoint>
    <Trackpoint>
     <Time>2026-07-19T02:01:37+00:00</Time>
     <Position>
      <LatitudeDegrees>-33.5713486</LatitudeDegrees>
      <LongitudeDegrees>-71.0987716</LongitudeDegrees>
     </Position>
     <AltitudeMeters>184.11</AltitudeMeters>
     <DistanceMeters>45696.03599693271</DistanceMeters>
    </Trackpoint>
    <Trackpoint>
     <Time>2026-07-19T02:01:45+00:00</Time>
     <Position>
      <LatitudeDegrees>-33.5715024</LatitudeDegrees>
      <LongitudeDegrees>-71.0977477</LongitudeDegrees>
     </Position>
     <AltitudeMeters>184.36</AltitudeMeters>
     <DistanceMeters>45792.51080316029</DistanceMeters>
    </Trackpoint>
    <Trackpoint>
     <Time>2026-07-19T02:01:53+00:00</Time>
     <Position>
      <LatitudeDegrees>-33.5716562</LatitudeDegrees>
      <LongitudeDegrees>-71.0967239</LongitudeDegrees>
     </Position>
     <AltitudeMeters>184.96</AltitudeMeters>
     <DistanceMeters>45888.985609387455</DistanceMeters>
    </Trackpoint>
    <Trackpoint>
     <Time>2026-07-19T02:02:01+00:00</Time>
     <Position>
      <LatitudeDegrees>-33.5718100</LatitudeDegrees>
      <LongitudeDegrees>-71.0957000</LongitudeDegrees>
     </Position>
     <AltitudeMeters>185.31</AltitudeMeters>
     <DistanceMeters>45985.46041833132</DistanceMeters>
    </Trackpoint>
    <Trackpoint>
     <Time>2026-07-19T02:02:10+00:00</Time>
     <Position>
      <LatitudeDegrees>-33.5719400</LatitudeDegrees>
      <LongitudeDegrees>-71.0948600</LongitudeDegrees>
     </Position>
     <AltitudeMeters>185.62</AltitudeMeters>
     <DistanceMeters>46064.6864584491</DistanceMeters>
    </Trackpoint>
    <Trackpoint>
     <Time>2026-07-19T02:02:18+00:00</Time>
     <Position>
      <LatitudeDegrees>-33.5720700</LatitudeDegrees>
      <LongitudeDegrees>-71.0940200</LongitudeDegrees>
     </Position>
     <AltitudeMeters>186.32000000000002</AltitudeMeters>
     <DistanceMeters>46143.91249856678</DistanceMeters>
    </Trackpoint>
    <Trackpoint>
     <Time>2026-07-19T02:02:26+00:00</Time>
     <Position>
      <LatitudeDegrees>-33.5722000</LatitudeDegrees>
      <LongitudeDegrees>-71.0931800</LongitudeDegrees>
     </Position>
     <AltitudeMeters>186.73</AltitudeMeters>
     <DistanceMeters>46223.13857078177</DistanceMeters>
    </Trackpoint>
    <Trackpoint>
     <Time>2026-07-19T02:02:34+00:00</Time>
     <Position>
      <LatitudeDegrees>-33.5723857</LatitudeDegrees>
      <LongitudeDegrees>-71.0921386</LongitudeDegrees>
     </Position>
     <AltitudeMeters>187.24</AltitudeMeters>
     <DistanceMeters>46321.89709075625</DistanceMeters>
    </Trackpoint>
    <Trackpoint>
     <Time>2026-07-19T02:02:43+00:00</Time>
     <Position>
      <LatitudeDegrees>-33.5725715</LatitudeDegrees>
      <LongitudeDegrees>-71.0910972</LongitudeDegrees>
     </Position>
     <AltitudeMeters>187.60000000000002</AltitudeMeters>
     <DistanceMeters>46420.655610730086</DistanceMeters>
    </Trackpoint>
    <Trackpoint>
     <Time>2026-07-19T02:02:51+00:00</Time>
     <Position>
      <LatitudeDegrees>-33.5727572</LatitudeDegrees>
      <LongitudeDegrees>-71.0900557</LongitudeDegrees>
     </Position>
     <AltitudeMeters>188.00000000000003</AltitudeMeters>
     <DistanceMeters>46519.4141307021</DistanceMeters>
    </Trackpoint>
    <Trackpoint>
     <Time>2026-07-19T02:02:59+00:00</Time>
     <Position>
      <LatitudeDegrees>-33.5729429</LatitudeDegrees>
      <LongitudeDegrees>-71.0890143</LongitudeDegrees>
     </Position>
     <AltitudeMeters>188.13000000000002</AltitudeMeters>
     <DistanceMeters>46618.17265067661</DistanceMeters>
    </Trackpoint>
    <Trackpoint>
     <Time>2026-07-19T02:03:08+00:00</Time>
     <Position>
      <LatitudeDegrees>-33.5731286</LatitudeDegrees>
      <LongitudeDegrees>-71.0879729</LongitudeDegrees>
     </Position>
     <AltitudeMeters>188.21</AltitudeMeters>
     <DistanceMeters>46716.931170649885</DistanceMeters>
    </Trackpoint>
    <Trackpoint>
     <Time>2026-07-19T02:03:16+00:00</Time>
     <Position>
      <LatitudeDegrees>-33.5733143</LatitudeDegrees>
      <LongitudeDegrees>-71.0869314</LongitudeDegrees>
     </Position>
     <AltitudeMeters>188.32000000000002</AltitudeMeters>
     <DistanceMeters>46815.689690623316</DistanceMeters>
    </Trackpoint>
    <Trackpoint>
     <Time>2026-07-19T02:03:24+00:00</Time>
     <Position>
      <LatitudeDegrees>-33.5735000</LatitudeDegrees>
      <LongitudeDegrees>-71.0858900</LongitudeDegrees>
     </Position>
     <AltitudeMeters>188.55</AltitudeMeters>
     <DistanceMeters>46914.4482044014</DistanceMeters>
    </Trackpoint>
    <Trackpoint>
     <Time>2026-07-19T02:03:32+00:00</Time>
     <Position>
      <LatitudeDegrees>-33.5736584</LatitudeDegrees>
      <LongitudeDegrees>-71.0849333</LongitudeDegrees>
     </Position>
     <AltitudeMeters>188.89</AltitudeMeters>
     <DistanceMeters>47004.89177633044</DistanceMeters>
    </Trackpoint>
    <Trackpoint>
     <Time>2026-07-19T02:03:41+00:00</Time>
     <Position>
      <LatitudeDegrees>-33.5738167</LatitudeDegrees>
      <LongitudeDegrees>-71.0839767</LongitudeDegrees>
     </Position>
     <AltitudeMeters>189.25000000000003</AltitudeMeters>
     <DistanceMeters>47095.33534826117</DistanceMeters>
    </Trackpoint>
    <Trackpoint>
     <Time>2026-07-19T02:03:49+00:00</Time>
     <Position>
      <LatitudeDegrees>-33.5739750</LatitudeDegrees>
      <LongitudeDegrees>-71.0830200</LongitudeDegrees>
     </Position>
     <AltitudeMeters>189.62</AltitudeMeters>
     <DistanceMeters>47185.778920189376</DistanceMeters>
    </Trackpoint>
    <Trackpoint>
     <Time>2026-07-19T02:03:57+00:00</Time>
     <Position>
      <LatitudeDegrees>-33.5741334</LatitudeDegrees>
      <LongitudeDegrees>-71.0820633</LongitudeDegrees>
     </Position>
     <AltitudeMeters>190.17000000000002</AltitudeMeters>
     <DistanceMeters>47276.22249211965</DistanceMeters>
    </Trackpoint>
    <Trackpoint>
     <Time>2026-07-19T02:04:05+00:00</Time>
     <Position>
      <LatitudeDegrees>-33.5742917</LatitudeDegrees>
      <LongitudeDegrees>-71.0811067</LongitudeDegrees>
     </Position>
     <AltitudeMeters>190.71</AltitudeMeters>
     <DistanceMeters>47366.66606404893</DistanceMeters>
    </Trackpoint>
    <Trackpoint>
     <Time>2026-07-19T02:04:14+00:00</Time>
     <Position>
      <LatitudeDegrees>-33.5744500</LatitudeDegrees>
      <LongitudeDegrees>-71.0801500</LongitudeDegrees>
     </Position>
     <AltitudeMeters>191.12</AltitudeMeters>
     <DistanceMeters>47457.10963750963</DistanceMeters>
    </Trackpoint>
    <Trackpoint>
     <Time>2026-07-19T02:04:22+00:00</Time>
     <Position>
      <LatitudeDegrees>-33.5746340</LatitudeDegrees>
      <LongitudeDegrees>-71.0791620</LongitudeDegrees>
     </Position>
     <AltitudeMeters>191.57000000000002</AltitudeMeters>
     <DistanceMeters>47550.98524838125</DistanceMeters>
    </Trackpoint>
    <Trackpoint>
     <Time>2026-07-19T02:04:30+00:00</Time>
     <Position>
      <LatitudeDegrees>-33.5748180</LatitudeDegrees>
      <LongitudeDegrees>-71.0781740</LongitudeDegrees>
     </Position>
     <AltitudeMeters>192.19000000000003</AltitudeMeters>
     <DistanceMeters>47644.86085925417</DistanceMeters>
    </Trackpoint>
    <Trackpoint>
     <Time>2026-07-19T02:04:39+00:00</Time>
     <Position>
      <LatitudeDegrees>-33.5750020</LatitudeDegrees>
      <LongitudeDegrees>-71.0771860</LongitudeDegrees>
     </Position>
     <AltitudeMeters>192.51000000000002</AltitudeMeters>
     <DistanceMeters>47738.736470125514</DistanceMeters>
    </Trackpoint>
    <Trackpoint>
     <Time>2026-07-19T02:04:47+00:00</Time>
     <Position>
      <LatitudeDegrees>-33.5751860</LatitudeDegrees>
      <LongitudeDegrees>-71.0761980</LongitudeDegrees>
     </Position>
     <AltitudeMeters>193.08</AltitudeMeters>
     <DistanceMeters>47832.61208099748</DistanceMeters>
    </Trackpoint>
    <Trackpoint>
     <Time>2026-07-19T02:04:55+00:00</Time>
     <Position>
      <LatitudeDegrees>-33.5753700</LatitudeDegrees>
      <LongitudeDegrees>-71.0752100</LongitudeDegrees>
     </Position>
     <AltitudeMeters>193.51000000000002</AltitudeMeters>
     <DistanceMeters>47926.48769969817</DistanceMeters>
    </Trackpoint>
    <Trackpoint>
     <Time>2026-07-19T02:05:03+00:00</Time>
     <Position>
      <LatitudeDegrees>-33.5755320</LatitudeDegrees>
      <LongitudeDegrees>-71.0743060</LongitudeDegrees>
     </Position>
     <AltitudeMeters>193.95000000000002</AltitudeMeters>
     <DistanceMeters>48012.22962149182</DistanceMeters>
    </Trackpoint>
    <Trackpoint>
     <Time>2026-07-19T02:05:12+00:00</Time>
     <Position>
      <LatitudeDegrees>-33.5756940</LatitudeDegrees>
      <LongitudeDegrees>-71.0734020</LongitudeDegrees>
     </Position>
     <AltitudeMeters>194.76000000000002</AltitudeMeters>
     <DistanceMeters>48097.97154328496</DistanceMeters>
    </Trackpoint>
    <Trackpoint>
     <Time>2026-07-19T02:05:20+00:00</Time>
     <Position>
      <LatitudeDegrees>-33.5758560</LatitudeDegrees>
      <LongitudeDegrees>-71.0724980</LongitudeDegrees>
     </Position>
     <AltitudeMeters>195.61</AltitudeMeters>
     <DistanceMeters>48183.71346507754</DistanceMeters>
    </Trackpoint>
    <Trackpoint>
     <Time>2026-07-19T02:05:28+00:00</Time>
     <Position>
      <LatitudeDegrees>-33.5760180</LatitudeDegrees>
      <LongitudeDegrees>-71.0715940</LongitudeDegrees>
     </Position>
     <AltitudeMeters>196.46</AltitudeMeters>
     <DistanceMeters>48269.45538686937</DistanceMeters>
    </Trackpoint>
    <Trackpoint>
     <Time>2026-07-19T02:05:36+00:00</Time>
     <Position>
      <LatitudeDegrees>-33.5761800</LatitudeDegrees>
      <LongitudeDegrees>-71.0706900</LongitudeDegrees>
     </Position>
     <AltitudeMeters>197.06</AltitudeMeters>
     <DistanceMeters>48355.19731254477</DistanceMeters>
    </Trackpoint>
    <Trackpoint>
     <Time>2026-07-19T02:05:45+00:00</Time>
     <Position>
      <LatitudeDegrees>-33.5763400</LatitudeDegrees>
      <LongitudeDegrees>-71.0696467</LongitudeDegrees>
     </Position>
     <AltitudeMeters>196.64000000000001</AltitudeMeters>
     <DistanceMeters>48453.56625651663</DistanceMeters>
    </Trackpoint>
    <Trackpoint>
     <Time>2026-07-19T02:05:53+00:00</Time>
     <Position>
      <LatitudeDegrees>-33.5765000</LatitudeDegrees>
      <LongitudeDegrees>-71.0686033</LongitudeDegrees>
     </Position>
     <AltitudeMeters>196.33</AltitudeMeters>
     <DistanceMeters>48551.935200489635</DistanceMeters>
    </Trackpoint>
    <Trackpoint>
     <Time>2026-07-19T02:06:01+00:00</Time>
     <Position>
      <LatitudeDegrees>-33.5766600</LatitudeDegrees>
      <LongitudeDegrees>-71.0675600</LongitudeDegrees>
     </Position>
     <AltitudeMeters>196.22</AltitudeMeters>
     <DistanceMeters>48650.304144461516</DistanceMeters>
    </Trackpoint>
    <Trackpoint>
     <Time>2026-07-19T02:06:10+00:00</Time>
     <Position>
      <LatitudeDegrees>-33.5768200</LatitudeDegrees>
      <LongitudeDegrees>-71.0665167</LongitudeDegrees>
     </Position>
     <AltitudeMeters>196.31</AltitudeMeters>
     <DistanceMeters>48748.673088433425</DistanceMeters>
    </Trackpoint>
    <Trackpoint>
     <Time>2026-07-19T02:06:18+00:00</Time>
     <Position>
      <LatitudeDegrees>-33.5769800</LatitudeDegrees>
      <LongitudeDegrees>-71.0654733</LongitudeDegrees>
     </Position>
     <AltitudeMeters>196.48000000000002</AltitudeMeters>
     <DistanceMeters>48847.04203240611</DistanceMeters>
    </Trackpoint>
    <Trackpoint>
     <Time>2026-07-19T02:06:26+00:00</Time>
     <Position>
      <LatitudeDegrees>-33.5771400</LatitudeDegrees>
      <LongitudeDegrees>-71.0644300</LongitudeDegrees>
     </Position>
     <AltitudeMeters>196.99</AltitudeMeters>
     <DistanceMeters>48945.41097143714</DistanceMeters>
    </Trackpoint>
    <Trackpoint>
     <Time>2026-07-19T02:06:34+00:00</Time>
     <Position>
      <LatitudeDegrees>-33.5775000</LatitudeDegrees>
      <LongitudeDegrees>-71.0634975</LongitudeDegrees>
     </Position>
     <AltitudeMeters>197.06</AltitudeMeters>
     <DistanceMeters>49040.70835300518</DistanceMeters>
    </Trackpoint>
    <Trackpoint>
     <Time>2026-07-19T02:06:43+00:00</Time>
     <Position>
      <LatitudeDegrees>-33.5778600</LatitudeDegrees>
      <LongitudeDegrees>-71.0625650</LongitudeDegrees>
     </Position>
     <AltitudeMeters>197.38000000000002</AltitudeMeters>
     <DistanceMeters>49136.00573457223</DistanceMeters>
    </Trackpoint>
    <Trackpoint>
     <Time>2026-07-19T02:06:51+00:00</Time>
     <Position>
      <LatitudeDegrees>-33.5782200</LatitudeDegrees>
      <LongitudeDegrees>-71.0616325</LongitudeDegrees>
     </Position>
     <AltitudeMeters>197.93</AltitudeMeters>
     <DistanceMeters>49231.30311613866</DistanceMeters>
    </Trackpoint>
    <Trackpoint>
     <Time>2026-07-19T02:06:59+00:00</Time>
     <Position>
      <LatitudeDegrees>-33.5785800</LatitudeDegrees>
      <LongitudeDegrees>-71.0607000</LongitudeDegrees>
     </Position>
     <AltitudeMeters>198.63000000000002</AltitudeMeters>
     <DistanceMeters>49326.600510835226</DistanceMeters>
    </Trackpoint>
    <Trackpoint>
     <Time>2026-07-19T02:07:07+00:00</Time>
     <Position>
      <LatitudeDegrees>-33.5787300</LatitudeDegrees>
      <LongitudeDegrees>-71.0604400</LongitudeDegrees>
     </Position>
     <AltitudeMeters>198.63000000000002</AltitudeMeters>
     <DistanceMeters>49355.924596924466</DistanceMeters>
    </Trackpoint>
    <Trackpoint>
     <Time>2026-07-19T02:07:16+00:00</Time>
     <Position>
      <LatitudeDegrees>-33.5792575</LatitudeDegrees>
      <LongitudeDegrees>-71.0598350</LongitudeDegrees>
     </Position>
     <AltitudeMeters>199.46</AltitudeMeters>
     <DistanceMeters>49437.12529972688</DistanceMeters>
    </Trackpoint>
    <Trackpoint>
     <Time>2026-07-19T02:07:24+00:00</Time>
     <Position>
      <LatitudeDegrees>-33.5797850</LatitudeDegrees>
      <LongitudeDegrees>-71.0592300</LongitudeDegrees>
     </Position>
     <AltitudeMeters>199.86</AltitudeMeters>
     <DistanceMeters>49518.326002528105</DistanceMeters>
    </Trackpoint>
    <Trackpoint>
     <Time>2026-07-19T02:07:32+00:00</Time>
     <Position>
      <LatitudeDegrees>-33.5803125</LatitudeDegrees>
      <LongitudeDegrees>-71.0586250</LongitudeDegrees>
     </Position>
     <AltitudeMeters>200.88</AltitudeMeters>
     <DistanceMeters>49599.526705330274</DistanceMeters>
    </Trackpoint>
    <Trackpoint>
     <Time>2026-07-19T02:07:41+00:00</Time>
     <Position>
      <LatitudeDegrees>-33.5808400</LatitudeDegrees>
      <LongitudeDegrees>-71.0580200</LongitudeDegrees>
     </Position>
     <AltitudeMeters>201.33</AltitudeMeters>
     <DistanceMeters>49680.72741164466</DistanceMeters>
    </Trackpoint>
    <Trackpoint>
     <Time>2026-07-19T02:07:49+00:00</Time>
     <Position>
      <LatitudeDegrees>-33.5811400</LatitudeDegrees>
      <LongitudeDegrees>-71.0574150</LongitudeDegrees>
     </Position>
     <AltitudeMeters>201.71000000000004</AltitudeMeters>
     <DistanceMeters>49746.008163642866</DistanceMeters>
    </Trackpoint>
    <Trackpoint>
     <Time>2026-07-19T02:07:57+00:00</Time>
     <Position>
      <LatitudeDegrees>-33.5814400</LatitudeDegrees>
      <LongitudeDegrees>-71.0568100</LongitudeDegrees>
     </Position>
     <AltitudeMeters>202.34</AltitudeMeters>
     <DistanceMeters>49811.2889136396</DistanceMeters>
    </Trackpoint>
    <Trackpoint>
     <Time>2026-07-19T02:08:05+00:00</Time>
     <Position>
      <LatitudeDegrees>-33.5815300</LatitudeDegrees>
      <LongitudeDegrees>-71.0564700</LongitudeDegrees>
     </Position>
     <AltitudeMeters>202.34</AltitudeMeters>
     <DistanceMeters>49844.36692448965</DistanceMeters>
    </Trackpoint>
    <Trackpoint>
     <Time>2026-07-19T02:08:14+00:00</Time>
     <Position>
      <LatitudeDegrees>-33.5815500</LatitudeDegrees>
      <LongitudeDegrees>-71.0562700</LongitudeDegrees>
     </Position>
     <AltitudeMeters>202.34</AltitudeMeters>
     <DistanceMeters>49863.04411385824</DistanceMeters>
    </Trackpoint>
    <Trackpoint>
     <Time>2026-07-19T02:08:22+00:00</Time>
     <Position>
      <LatitudeDegrees>-33.5815200</LatitudeDegrees>
      <LongitudeDegrees>-71.0553780</LongitudeDegrees>
     </Position>
     <AltitudeMeters>202.82000000000002</AltitudeMeters>
     <DistanceMeters>49945.81811721551</DistanceMeters>
    </Trackpoint>
    <Trackpoint>
     <Time>2026-07-19T02:08:30+00:00</Time>
     <Position>
      <LatitudeDegrees>-33.5814900</LatitudeDegrees>
      <LongitudeDegrees>-71.0544860</LongitudeDegrees>
     </Position>
     <AltitudeMeters>203.36</AltitudeMeters>
     <DistanceMeters>50028.59212057331</DistanceMeters>
    </Trackpoint>
    <Trackpoint>
     <Time>2026-07-19T02:08:38+00:00</Time>
     <Position>
      <LatitudeDegrees>-33.5814600</LatitudeDegrees>
      <LongitudeDegrees>-71.0535940</LongitudeDegrees>
     </Position>
     <AltitudeMeters>203.99</AltitudeMeters>
     <DistanceMeters>50111.36612393064</DistanceMeters>
    </Trackpoint>
    <Trackpoint>
     <Time>2026-07-19T02:08:47+00:00</Time>
     <Position>
      <LatitudeDegrees>-33.5814300</LatitudeDegrees>
      <LongitudeDegrees>-71.0527020</LongitudeDegrees>
     </Position>
     <AltitudeMeters>204.99</AltitudeMeters>
     <DistanceMeters>50194.14012728909</DistanceMeters>
    </Trackpoint>
    <Trackpoint>
     <Time>2026-07-19T02:08:55+00:00</Time>
     <Position>
      <LatitudeDegrees>-33.5814000</LatitudeDegrees>
      <LongitudeDegrees>-71.0518100</LongitudeDegrees>
     </Position>
     <AltitudeMeters>205.28</AltitudeMeters>
     <DistanceMeters>50276.91413275368</DistanceMeters>
    </Trackpoint>
    <Trackpoint>
     <Time>2026-07-19T02:09:03+00:00</Time>
     <Position>
      <LatitudeDegrees>-33.5813550</LatitudeDegrees>
      <LongitudeDegrees>-71.0511800</LongitudeDegrees>
     </Position>
     <AltitudeMeters>204.64000000000001</AltitudeMeters>
     <DistanceMeters>50335.54240149378</DistanceMeters>
    </Trackpoint>
    <Trackpoint>
     <Time>2026-07-19T02:09:12+00:00</Time>
     <Position>
      <LatitudeDegrees>-33.5813100</LatitudeDegrees>
      <LongitudeDegrees>-71.0505500</LongitudeDegrees>
     </Position>
     <AltitudeMeters>204.23000000000002</AltitudeMeters>
     <DistanceMeters>50394.17067131035</DistanceMeters>
    </Trackpoint>
    <Trackpoint>
     <Time>2026-07-19T02:09:20+00:00</Time>
     <Position>
      <LatitudeDegrees>-33.5812267</LatitudeDegrees>
      <LongitudeDegrees>-71.0495689</LongitudeDegrees>
     </Position>
     <AltitudeMeters>204.12000000000003</AltitudeMeters>
     <DistanceMeters>50485.61186508822</DistanceMeters>
    </Trackpoint>
    <Trackpoint>
     <Time>2026-07-19T02:09:28+00:00</Time>
     <Position>
      <LatitudeDegrees>-33.5811434</LatitudeDegrees>
      <LongitudeDegrees>-71.0485878</LongitudeDegrees>
     </Position>
     <AltitudeMeters>204.55</AltitudeMeters>
     <DistanceMeters>50577.05305886931</DistanceMeters>
    </Trackpoint>
    <Trackpoint>
     <Time>2026-07-19T02:09:36+00:00</Time>
     <Position>
      <LatitudeDegrees>-33.5810601</LatitudeDegrees>
      <LongitudeDegrees>-71.0476066</LongitudeDegrees>
     </Position>
     <AltitudeMeters>204.92000000000002</AltitudeMeters>
     <DistanceMeters>50668.49425264655</DistanceMeters>
    </Trackpoint>
    <Trackpoint>
     <Time>2026-07-19T02:09:45+00:00</Time>
     <Position>
      <LatitudeDegrees>-33.5809767</LatitudeDegrees>
      <LongitudeDegrees>-71.0466255</LongitudeDegrees>
     </Position>
     <AltitudeMeters>205.41</AltitudeMeters>
     <DistanceMeters>50759.9354464251</DistanceMeters>
    </Trackpoint>
    <Trackpoint>
     <Time>2026-07-19T02:09:53+00:00</Time>
     <Position>
      <LatitudeDegrees>-33.5808934</LatitudeDegrees>
      <LongitudeDegrees>-71.0456444</LongitudeDegrees>
     </Position>
     <AltitudeMeters>206.32</AltitudeMeters>
     <DistanceMeters>50851.37664020453</DistanceMeters>
    </Trackpoint>
    <Trackpoint>
     <Time>2026-07-19T02:10:01+00:00</Time>
     <Position>
      <LatitudeDegrees>-33.5808101</LatitudeDegrees>
      <LongitudeDegrees>-71.0446633</LongitudeDegrees>
     </Position>
     <AltitudeMeters>206.70000000000002</AltitudeMeters>
     <DistanceMeters>50942.81783398296</DistanceMeters>
    </Trackpoint>
    <Trackpoint>
     <Time>2026-07-19T02:10:09+00:00</Time>
     <Position>
      <LatitudeDegrees>-33.5807267</LatitudeDegrees>
      <LongitudeDegrees>-71.0436822</LongitudeDegrees>
     </Position>
     <AltitudeMeters>207.15000000000003</AltitudeMeters>
     <DistanceMeters>51034.259027761356</DistanceMeters>
    </Trackpoint>
    <Trackpoint>
     <Time>2026-07-19T02:10:18+00:00</Time>
     <Position>
      <LatitudeDegrees>-33.5806434</LatitudeDegrees>
      <LongitudeDegrees>-71.0427011</LongitudeDegrees>
     </Position>
     <AltitudeMeters>207.67000000000002</AltitudeMeters>
     <DistanceMeters>51125.70022154077</DistanceMeters>
    </Trackpoint>
    <Trackpoint>
     <Time>2026-07-19T02:10:26+00:00</Time>
     <Position>
      <LatitudeDegrees>-33.5805600</LatitudeDegrees>
      <LongitudeDegrees>-71.0417200</LongitudeDegrees>
     </Position>
     <AltitudeMeters>208.04000000000002</AltitudeMeters>
     <DistanceMeters>51217.14141877633</DistanceMeters>
    </Trackpoint>
    <Trackpoint>
     <Time>2026-07-19T02:10:34+00:00</Time>
     <Position>
      <LatitudeDegrees>-33.5804840</LatitudeDegrees>
      <LongitudeDegrees>-71.0407400</LongitudeDegrees>
     </Position>
     <AltitudeMeters>208.41</AltitudeMeters>
     <DistanceMeters>51308.40145191842</DistanceMeters>
    </Trackpoint>
    <Trackpoint>
     <Time>2026-07-19T02:10:43+00:00</Time>
     <Position>
      <LatitudeDegrees>-33.5804080</LatitudeDegrees>
      <LongitudeDegrees>-71.0397600</LongitudeDegrees>
     </Position>
     <AltitudeMeters>208.57</AltitudeMeters>
     <DistanceMeters>51399.66148506329</DistanceMeters>
    </Trackpoint>
    <Trackpoint>
     <Time>2026-07-19T02:10:51+00:00</Time>
     <Position>
      <LatitudeDegrees>-33.5803320</LatitudeDegrees>
      <LongitudeDegrees>-71.0387800</LongitudeDegrees>
     </Position>
     <AltitudeMeters>209.31000000000003</AltitudeMeters>
     <DistanceMeters>51490.921518207964</DistanceMeters>
    </Trackpoint>
    <Trackpoint>
     <Time>2026-07-19T02:10:59+00:00</Time>
     <Position>
      <LatitudeDegrees>-33.5802560</LatitudeDegrees>
      <LongitudeDegrees>-71.0378000</LongitudeDegrees>
     </Position>
     <AltitudeMeters>209.85</AltitudeMeters>
     <DistanceMeters>51582.18155135106</DistanceMeters>
    </Trackpoint>
    <Trackpoint>
     <Time>2026-07-19T02:11:07+00:00</Time>
     <Position>
      <LatitudeDegrees>-33.5801800</LatitudeDegrees>
      <LongitudeDegrees>-71.0368200</LongitudeDegrees>
     </Position>
     <AltitudeMeters>210.51000000000002</AltitudeMeters>
     <DistanceMeters>51673.44158103942</DistanceMeters>
    </Trackpoint>
    <Trackpoint>
     <Time>2026-07-19T02:11:16+00:00</Time>
     <Position>
      <LatitudeDegrees>-33.5800872</LatitudeDegrees>
      <LongitudeDegrees>-71.0357629</LongitudeDegrees>
     </Position>
     <AltitudeMeters>211.55</AltitudeMeters>
     <DistanceMeters>51772.005473231424</DistanceMeters>
    </Trackpoint>
    <Trackpoint>
     <Time>2026-07-19T02:11:24+00:00</Time>
     <Position>
      <LatitudeDegrees>-33.5799943</LatitudeDegrees>
      <LongitudeDegrees>-71.0347057</LongitudeDegrees>
     </Position>
     <AltitudeMeters>212.33</AltitudeMeters>
     <DistanceMeters>51870.569365426265</DistanceMeters>
    </Trackpoint>
    <Trackpoint>
     <Time>2026-07-19T02:11:32+00:00</Time>
     <Position>
      <LatitudeDegrees>-33.5799015</LatitudeDegrees>
      <LongitudeDegrees>-71.0336486</LongitudeDegrees>
     </Position>
     <AltitudeMeters>213.47000000000003</AltitudeMeters>
     <DistanceMeters>51969.1332576181</DistanceMeters>
    </Trackpoint>
    <Trackpoint>
     <Time>2026-07-19T02:11:40+00:00</Time>
     <Position>
      <LatitudeDegrees>-33.5798086</LatitudeDegrees>
      <LongitudeDegrees>-71.0325914</LongitudeDegrees>
     </Position>
     <AltitudeMeters>214.26</AltitudeMeters>
     <DistanceMeters>52067.6971498118</DistanceMeters>
    </Trackpoint>
    <Trackpoint>
     <Time>2026-07-19T02:11:49+00:00</Time>
     <Position>
      <LatitudeDegrees>-33.5797158</LatitudeDegrees>
      <LongitudeDegrees>-71.0315343</LongitudeDegrees>
     </Position>
     <AltitudeMeters>215.01</AltitudeMeters>
     <DistanceMeters>52166.26104200537</DistanceMeters>
    </Trackpoint>
    <Trackpoint>
     <Time>2026-07-19T02:11:57+00:00</Time>
     <Position>
      <LatitudeDegrees>-33.5796229</LatitudeDegrees>
      <LongitudeDegrees>-71.0304771</LongitudeDegrees>
     </Position>
     <AltitudeMeters>215.64000000000001</AltitudeMeters>
     <DistanceMeters>52264.82493419828</DistanceMeters>
    </Trackpoint>
    <Trackpoint>
     <Time>2026-07-19T02:12:05+00:00</Time>
     <Position>
      <LatitudeDegrees>-33.5795300</LatitudeDegrees>
      <LongitudeDegrees>-71.0294200</LongitudeDegrees>
     </Position>
     <AltitudeMeters>216.36</AltitudeMeters>
     <DistanceMeters>52363.388831531</DistanceMeters>
    </Trackpoint>
    <Trackpoint>
     <Time>2026-07-19T02:12:13+00:00</Time>
     <Position>
      <LatitudeDegrees>-33.5794434</LatitudeDegrees>
      <LongitudeDegrees>-71.0283592</LongitudeDegrees>
     </Position>
     <AltitudeMeters>216.79</AltitudeMeters>
     <DistanceMeters>52462.22437596687</DistanceMeters>
    </Trackpoint>
    <Trackpoint>
     <Time>2026-07-19T02:12:22+00:00</Time>
     <Position>
      <LatitudeDegrees>-33.5793568</LatitudeDegrees>
      <LongitudeDegrees>-71.0272983</LongitudeDegrees>
     </Position>
     <AltitudeMeters>217.12</AltitudeMeters>
     <DistanceMeters>52561.05992040283</DistanceMeters>
    </Trackpoint>
    <Trackpoint>
     <Time>2026-07-19T02:12:30+00:00</Time>
     <Position>
      <LatitudeDegrees>-33.5792701</LatitudeDegrees>
      <LongitudeDegrees>-71.0262375</LongitudeDegrees>
     </Position>
     <AltitudeMeters>217.63000000000002</AltitudeMeters>
     <DistanceMeters>52659.89546484039</DistanceMeters>
    </Trackpoint>
    <Trackpoint>
     <Time>2026-07-19T02:12:38+00:00</Time>
     <Position>
      <LatitudeDegrees>-33.5791835</LatitudeDegrees>
      <LongitudeDegrees>-71.0251766</LongitudeDegrees>
     </Position>
     <AltitudeMeters>217.83</AltitudeMeters>
     <DistanceMeters>52758.7310092751</DistanceMeters>
    </Trackpoint>
    <Trackpoint>
     <Time>2026-07-19T02:12:47+00:00</Time>
     <Position>
      <LatitudeDegrees>-33.5790968</LatitudeDegrees>
      <LongitudeDegrees>-71.0241158</LongitudeDegrees>
     </Position>
     <AltitudeMeters>217.78000000000003</AltitudeMeters>
     <DistanceMeters>52857.56655371223</DistanceMeters>
    </Trackpoint>
    <Trackpoint>
     <Time>2026-07-19T02:12:55+00:00</Time>
     <Position>
      <LatitudeDegrees>-33.5790102</LatitudeDegrees>
      <LongitudeDegrees>-71.0230550</LongitudeDegrees>
     </Position>
     <AltitudeMeters>218.21</AltitudeMeters>
     <DistanceMeters>52956.402098147664</DistanceMeters>
    </Trackpoint>
    <Trackpoint>
     <Time>2026-07-19T02:13:03+00:00</Time>
     <Position>
      <LatitudeDegrees>-33.5789235</LatitudeDegrees>
      <LongitudeDegrees>-71.0219941</LongitudeDegrees>
     </Position>
     <AltitudeMeters>218.43</AltitudeMeters>
     <DistanceMeters>53055.23764258498</DistanceMeters>
    </Trackpoint>
    <Trackpoint>
     <Time>2026-07-19T02:13:11+00:00</Time>
     <Position>
      <LatitudeDegrees>-33.5788368</LatitudeDegrees>
      <LongitudeDegrees>-71.0209333</LongitudeDegrees>
     </Position>
     <AltitudeMeters>219.41000000000003</AltitudeMeters>
     <DistanceMeters>53154.073187021575</DistanceMeters>
    </Trackpoint>
    <Trackpoint>
     <Time>2026-07-19T02:13:20+00:00</Time>
     <Position>
      <LatitudeDegrees>-33.5787501</LatitudeDegrees>
      <LongitudeDegrees>-71.0198725</LongitudeDegrees>
     </Position>
     <AltitudeMeters>220.06</AltitudeMeters>
     <DistanceMeters>53252.90873145842</DistanceMeters>
    </Trackpoint>
    <Trackpoint>
     <Time>2026-07-19T02:13:28+00:00</Time>
     <Position>
      <LatitudeDegrees>-33.5786634</LatitudeDegrees>
      <LongitudeDegrees>-71.0188116</LongitudeDegrees>
     </Position>
     <AltitudeMeters>220.59</AltitudeMeters>
     <DistanceMeters>53351.74427589422</DistanceMeters>
    </Trackpoint>
    <Trackpoint>
     <Time>2026-07-19T02:13:36+00:00</Time>
     <Position>
      <LatitudeDegrees>-33.5785767</LatitudeDegrees>
      <LongitudeDegrees>-71.0177508</LongitudeDegrees>
     </Position>
     <AltitudeMeters>221.26000000000002</AltitudeMeters>
     <DistanceMeters>53450.57982032978</DistanceMeters>
    </Trackpoint>
    <Trackpoint>
     <Time>2026-07-19T02:13:44+00:00</Time>
     <Position>
      <LatitudeDegrees>-33.5784900</LatitudeDegrees>
      <LongitudeDegrees>-71.0166900</LongitudeDegrees>
     </Position>
     <AltitudeMeters>222.03</AltitudeMeters>
     <DistanceMeters>53549.41536430847</DistanceMeters>
    </Trackpoint>
    <Trackpoint>
     <Time>2026-07-19T02:13:53+00:00</Time>
     <Position>
      <LatitudeDegrees>-33.5783933</LatitudeDegrees>
      <LongitudeDegrees>-71.0156233</LongitudeDegrees>
     </Position>
     <AltitudeMeters>222.72000000000003</AltitudeMeters>
     <DistanceMeters>53648.904181773236</DistanceMeters>
    </Trackpoint>
    <Trackpoint>
     <Time>2026-07-19T02:14:01+00:00</Time>
     <Position>
      <LatitudeDegrees>-33.5782967</LatitudeDegrees>
      <LongitudeDegrees>-71.0145567</LongitudeDegrees>
     </Position>
     <AltitudeMeters>223.17000000000002</AltitudeMeters>
     <DistanceMeters>53748.39299923956</DistanceMeters>
    </Trackpoint>
    <Trackpoint>
     <Time>2026-07-19T02:14:09+00:00</Time>
     <Position>
      <LatitudeDegrees>-33.5782000</LatitudeDegrees>
      <LongitudeDegrees>-71.0134900</LongitudeDegrees>
     </Position>
     <AltitudeMeters>224.95000000000002</AltitudeMeters>
     <DistanceMeters>53847.881805305886</DistanceMeters>
    </Trackpoint>
    <Trackpoint>
     <Time>2026-07-19T02:14:18+00:00</Time>
     <Position>
      <LatitudeDegrees>-33.5781229</LatitudeDegrees>
      <LongitudeDegrees>-71.0124900</LongitudeDegrees>
     </Position>
     <AltitudeMeters>224.84</AltitudeMeters>
     <DistanceMeters>53941.00269901254</DistanceMeters>
    </Trackpoint>
    <Trackpoint>
     <Time>2026-07-19T02:14:26+00:00</Time>
     <Position>
      <LatitudeDegrees>-33.5780458</LatitudeDegrees>
      <LongitudeDegrees>-71.0114900</LongitudeDegrees>
     </Position>
     <AltitudeMeters>225.24</AltitudeMeters>
     <DistanceMeters>54034.1235927198</DistanceMeters>
    </Trackpoint>
    <Trackpoint>
     <Time>2026-07-19T02:14:34+00:00</Time>
     <Position>
      <LatitudeDegrees>-33.5779686</LatitudeDegrees>
      <LongitudeDegrees>-71.0104900</LongitudeDegrees>
     </Position>
     <AltitudeMeters>226.02</AltitudeMeters>
     <DistanceMeters>54127.24448642684</DistanceMeters>
    </Trackpoint>
    <Trackpoint>
     <Time>2026-07-19T02:14:42+00:00</Time>
     <Position>
      <LatitudeDegrees>-33.5778915</LatitudeDegrees>
      <LongitudeDegrees>-71.0094900</LongitudeDegrees>
     </Position>
     <AltitudeMeters>227.10000000000002</AltitudeMeters>
     <DistanceMeters>54220.36538013328</DistanceMeters>
    </Trackpoint>
    <Trackpoint>
     <Time>2026-07-19T02:14:51+00:00</Time>
     <Position>
      <LatitudeDegrees>-33.5778143</LatitudeDegrees>
      <LongitudeDegrees>-71.0084900</LongitudeDegrees>
     </Position>
     <AltitudeMeters>228.24</AltitudeMeters>
     <DistanceMeters>54313.48627384077</DistanceMeters>
    </Trackpoint>
    <Trackpoint>
     <Time>2026-07-19T02:14:59+00:00</Time>
     <Position>
      <LatitudeDegrees>-33.5777372</LatitudeDegrees>
      <LongitudeDegrees>-71.0074900</LongitudeDegrees>
     </Position>
     <AltitudeMeters>229.29000000000002</AltitudeMeters>
     <DistanceMeters>54406.60716754761</DistanceMeters>
    </Trackpoint>
    <Trackpoint>
     <Time>2026-07-19T02:15:07+00:00</Time>
     <Position>
      <LatitudeDegrees>-33.5776600</LatitudeDegrees>
      <LongitudeDegrees>-71.0064900</LongitudeDegrees>
     </Position>
     <AltitudeMeters>230.95000000000002</AltitudeMeters>
     <DistanceMeters>54499.728055912215</DistanceMeters>
    </Trackpoint>
    <Trackpoint>
     <Time>2026-07-19T02:15:15+00:00</Time>
     <Position>
      <LatitudeDegrees>-33.5776500</LatitudeDegrees>
      <LongitudeDegrees>-71.0059900</LongitudeDegrees>
     </Position>
     <AltitudeMeters>231.21</AltitudeMeters>
     <DistanceMeters>54546.1036866706</DistanceMeters>
    </Trackpoint>
    <Trackpoint>
     <Time>2026-07-19T02:15:24+00:00</Time>
     <Position>
      <LatitudeDegrees>-33.5776800</LatitudeDegrees>
      <LongitudeDegrees>-71.0058100</LongitudeDegrees>
     </Position>
     <AltitudeMeters>231.21</AltitudeMeters>
     <DistanceMeters>54563.12479315394</DistanceMeters>
    </Trackpoint>
    <Trackpoint>
     <Time>2026-07-19T02:15:32+00:00</Time>
     <Position>
      <LatitudeDegrees>-33.5777000</LatitudeDegrees>
      <LongitudeDegrees>-71.0056900</LongitudeDegrees>
     </Position>
     <AltitudeMeters>231.21</AltitudeMeters>
     <DistanceMeters>54574.47219431674</DistanceMeters>
    </Trackpoint>
    <Trackpoint>
     <Time>2026-07-19T02:15:40+00:00</Time>
     <Position>
      <LatitudeDegrees>-33.5780395</LatitudeDegrees>
      <LongitudeDegrees>-71.0047036</LongitudeDegrees>
     </Position>
     <AltitudeMeters>232.27000000000004</AltitudeMeters>
     <DistanceMeters>54673.432567183685</DistanceMeters>
    </Trackpoint>
    <Trackpoint>
     <Time>2026-07-19T02:15:49+00:00</Time>
     <Position>
      <LatitudeDegrees>-33.5783789</LatitudeDegrees>
      <LongitudeDegrees>-71.0037172</LongitudeDegrees>
     </Position>
     <AltitudeMeters>233.71000000000004</AltitudeMeters>
     <DistanceMeters>54772.39294004955</DistanceMeters>
    </Trackpoint>
    <Trackpoint>
     <Time>2026-07-19T02:15:57+00:00</Time>
     <Position>
      <LatitudeDegrees>-33.5787184</LatitudeDegrees>
      <LongitudeDegrees>-71.0027308</LongitudeDegrees>
     </Position>
     <AltitudeMeters>234.92000000000002</AltitudeMeters>
     <DistanceMeters>54871.35331291487</DistanceMeters>
    </Trackpoint>
    <Trackpoint>
     <Time>2026-07-19T02:16:05+00:00</Time>
     <Position>
      <LatitudeDegrees>-33.5790579</LatitudeDegrees>
      <LongitudeDegrees>-71.0017443</LongitudeDegrees>
     </Position>
     <AltitudeMeters>236.75</AltitudeMeters>
     <DistanceMeters>54970.31368578027</DistanceMeters>
    </Trackpoint>
    <Trackpoint>
     <Time>2026-07-19T02:16:13+00:00</Time>
     <Position>
      <LatitudeDegrees>-33.5793973</LatitudeDegrees>
      <LongitudeDegrees>-71.0007579</LongitudeDegrees>
     </Position>
     <AltitudeMeters>238.16</AltitudeMeters>
     <DistanceMeters>55069.274058645686</DistanceMeters>
    </Trackpoint>
    <Trackpoint>
     <Time>2026-07-19T02:16:22+00:00</Time>
     <Position>
      <LatitudeDegrees>-33.5797367</LatitudeDegrees>
      <LongitudeDegrees>-70.9997714</LongitudeDegrees>
     </Position>
     <AltitudeMeters>239.84000000000003</AltitudeMeters>
     <DistanceMeters>55168.23443151172</DistanceMeters>
    </Trackpoint>
    <Trackpoint>
     <Time>2026-07-19T02:16:30+00:00</Time>
     <Position>
      <LatitudeDegrees>-33.5800762</LatitudeDegrees>
      <LongitudeDegrees>-70.9987850</LongitudeDegrees>
     </Position>
     <AltitudeMeters>241.98000000000002</AltitudeMeters>
     <DistanceMeters>55267.19480437683</DistanceMeters>
    </Trackpoint>
    <Trackpoint>
     <Time>2026-07-19T02:16:38+00:00</Time>
     <Position>
      <LatitudeDegrees>-33.5804156</LatitudeDegrees>
      <LongitudeDegrees>-70.9977985</LongitudeDegrees>
     </Position>
     <AltitudeMeters>243.18</AltitudeMeters>
     <DistanceMeters>55366.15517724281</DistanceMeters>
    </Trackpoint>
    <Trackpoint>
     <Time>2026-07-19T02:16:46+00:00</Time>
     <Position>
      <LatitudeDegrees>-33.5807550</LatitudeDegrees>
      <LongitudeDegrees>-70.9968120</LongitudeDegrees>
     </Position>
     <AltitudeMeters>245.07</AltitudeMeters>
     <DistanceMeters>55465.115550108116</DistanceMeters>
    </Trackpoint>
    <Trackpoint>
     <Time>2026-07-19T02:16:55+00:00</Time>
     <Position>
      <LatitudeDegrees>-33.5810944</LatitudeDegrees>
      <LongitudeDegrees>-70.9958256</LongitudeDegrees>
     </Position>
     <AltitudeMeters>247.15</AltitudeMeters>
     <DistanceMeters>55564.075922973636</DistanceMeters>
    </Trackpoint>
    <Trackpoint>
     <Time>2026-07-19T02:17:03+00:00</Time>
     <Position>
      <LatitudeDegrees>-33.5814338</LatitudeDegrees>
      <LongitudeDegrees>-70.9948391</LongitudeDegrees>
     </Position>
     <AltitudeMeters>249.99</AltitudeMeters>
     <DistanceMeters>55663.036295839054</DistanceMeters>
    </Trackpoint>
    <Trackpoint>
     <Time>2026-07-19T02:17:11+00:00</Time>
     <Position>
      <LatitudeDegrees>-33.5817732</LatitudeDegrees>
      <LongitudeDegrees>-70.9938526</LongitudeDegrees>
     </Position>
     <AltitudeMeters>252.34</AltitudeMeters>
     <DistanceMeters>55761.99666870465</DistanceMeters>
    </Trackpoint>
    <Trackpoint>
     <Time>2026-07-19T02:17:20+00:00</Time>
     <Position>
      <LatitudeDegrees>-33.5821126</LatitudeDegrees>
      <LongitudeDegrees>-70.9928661</LongitudeDegrees>
     </Position>
     <AltitudeMeters>255.43000000000004</AltitudeMeters>
     <DistanceMeters>55860.9570415704</DistanceMeters>
    </Trackpoint>
    <Trackpoint>
     <Time>2026-07-19T02:17:28+00:00</Time>
     <Position>
      <LatitudeDegrees>-33.5824519</LatitudeDegrees>
      <LongitudeDegrees>-70.9918796</LongitudeDegrees>
     </Position>
     <AltitudeMeters>259.15000000000003</AltitudeMeters>
     <DistanceMeters>55959.9174144369</DistanceMeters>
    </Trackpoint>
    <Trackpoint>
     <Time>2026-07-19T02:17:36+00:00</Time>
     <Position>
      <LatitudeDegrees>-33.5827913</LatitudeDegrees>
      <LongitudeDegrees>-70.9908931</LongitudeDegrees>
     </Position>
     <AltitudeMeters>260.72</AltitudeMeters>
     <DistanceMeters>56058.87778730261</DistanceMeters>
    </Trackpoint>
    <Trackpoint>
     <Time>2026-07-19T02:17:44+00:00</Time>
     <Position>
      <LatitudeDegrees>-33.5831307</LatitudeDegrees>
      <LongitudeDegrees>-70.9899065</LongitudeDegrees>
     </Position>
     <AltitudeMeters>265.65</AltitudeMeters>
     <DistanceMeters>56157.838160167514</DistanceMeters>
    </Trackpoint>
    <Trackpoint>
     <Time>2026-07-19T02:17:53+00:00</Time>
     <Position>
      <LatitudeDegrees>-33.5834700</LatitudeDegrees>
      <LongitudeDegrees>-70.9889200</LongitudeDegrees>
     </Position>
     <AltitudeMeters>268.77</AltitudeMeters>
     <DistanceMeters>56256.79853364888</DistanceMeters>
    </Trackpoint>
    <Trackpoint>
     <Time>2026-07-19T02:18:01+00:00</Time>
     <Position>
      <LatitudeDegrees>-33.5837500</LatitudeDegrees>
      <LongitudeDegrees>-70.9883500</LongitudeDegrees>
     </Position>
     <AltitudeMeters>269.73</AltitudeMeters>
     <DistanceMeters>56318.15138865899</DistanceMeters>
    </Trackpoint>
    <Trackpoint>
     <Time>2026-07-19T02:18:09+00:00</Time>
     <Position>
      <LatitudeDegrees>-33.5839300</LatitudeDegrees>
      <LongitudeDegrees>-70.9880400</LongitudeDegrees>
     </Position>
     <AltitudeMeters>271.6</AltitudeMeters>
     <DistanceMeters>56353.186573409745</DistanceMeters>
    </Trackpoint>
    <Trackpoint>
     <Time>2026-07-19T02:18:17+00:00</Time>
     <Position>
      <LatitudeDegrees>-33.5841300</LatitudeDegrees>
      <LongitudeDegrees>-70.9878200</LongitudeDegrees>
     </Position>
     <AltitudeMeters>271.6</AltitudeMeters>
     <DistanceMeters>56383.37834710688</DistanceMeters>
    </Trackpoint>
    <Trackpoint>
     <Time>2026-07-19T02:18:26+00:00</Time>
     <Position>
      <LatitudeDegrees>-33.5848550</LatitudeDegrees>
      <LongitudeDegrees>-70.9872000</LongitudeDegrees>
     </Position>
     <AltitudeMeters>275.04</AltitudeMeters>
     <DistanceMeters>56482.450204449466</DistanceMeters>
    </Trackpoint>
    <Trackpoint>
     <Time>2026-07-19T02:18:34+00:00</Time>
     <Position>
      <LatitudeDegrees>-33.5855800</LatitudeDegrees>
      <LongitudeDegrees>-70.9865800</LongitudeDegrees>
     </Position>
     <AltitudeMeters>278.06</AltitudeMeters>
     <DistanceMeters>56581.522062634496</DistanceMeters>
    </Trackpoint>
    <Trackpoint>
     <Time>2026-07-19T02:18:42+00:00</Time>
     <Position>
      <LatitudeDegrees>-33.5862960</LatitudeDegrees>
      <LongitudeDegrees>-70.9859770</LongitudeDegrees>
     </Position>
     <AltitudeMeters>281.2</AltitudeMeters>
     <DistanceMeters>56678.86449812977</DistanceMeters>
    </Trackpoint>
    <Trackpoint>
     <Time>2026-07-19T02:18:51+00:00</Time>
     <Position>
      <LatitudeDegrees>-33.5870120</LatitudeDegrees>
      <LongitudeDegrees>-70.9853741</LongitudeDegrees>
     </Position>
     <AltitudeMeters>284.38</AltitudeMeters>
     <DistanceMeters>56776.20693362182</DistanceMeters>
    </Trackpoint>
    <Trackpoint>
     <Time>2026-07-19T02:18:59+00:00</Time>
     <Position>
      <LatitudeDegrees>-33.5877280</LatitudeDegrees>
      <LongitudeDegrees>-70.9847711</LongitudeDegrees>
     </Position>
     <AltitudeMeters>287.53000000000003</AltitudeMeters>
     <DistanceMeters>56873.5493691162</DistanceMeters>
    </Trackpoint>
    <Trackpoint>
     <Time>2026-07-19T02:19:07+00:00</Time>
     <Position>
      <LatitudeDegrees>-33.5884440</LatitudeDegrees>
      <LongitudeDegrees>-70.9841681</LongitudeDegrees>
     </Position>
     <AltitudeMeters>290.69</AltitudeMeters>
     <DistanceMeters>56970.89180460963</DistanceMeters>
    </Trackpoint>
    <Trackpoint>
     <Time>2026-07-19T02:19:15+00:00</Time>
     <Position>
      <LatitudeDegrees>-33.5891600</LatitudeDegrees>
      <LongitudeDegrees>-70.9835651</LongitudeDegrees>
     </Position>
     <AltitudeMeters>294.59000000000003</AltitudeMeters>
     <DistanceMeters>57068.23424010325</DistanceMeters>
    </Trackpoint>
    <Trackpoint>
     <Time>2026-07-19T02:19:24+00:00</Time>
     <Position>
      <LatitudeDegrees>-33.5898760</LatitudeDegrees>
      <LongitudeDegrees>-70.9829621</LongitudeDegrees>
     </Position>
     <AltitudeMeters>298.49</AltitudeMeters>
     <DistanceMeters>57165.5766755967</DistanceMeters>
    </Trackpoint>
    <Trackpoint>
     <Time>2026-07-19T02:19:32+00:00</Time>
     <Position>
      <LatitudeDegrees>-33.5905920</LatitudeDegrees>
      <LongitudeDegrees>-70.9823591</LongitudeDegrees>
     </Position>
     <AltitudeMeters>302.46</AltitudeMeters>
     <DistanceMeters>57262.91911109144</DistanceMeters>
    </Trackpoint>
    <Trackpoint>
     <Time>2026-07-19T02:19:40+00:00</Time>
     <Position>
      <LatitudeDegrees>-33.5913080</LatitudeDegrees>
      <LongitudeDegrees>-70.9817561</LongitudeDegrees>
     </Position>
     <AltitudeMeters>307.19</AltitudeMeters>
     <DistanceMeters>57360.261546583744</DistanceMeters>
    </Trackpoint>
    <Trackpoint>
     <Time>2026-07-19T02:19:48+00:00</Time>
     <Position>
      <LatitudeDegrees>-33.5920240</LatitudeDegrees>
      <LongitudeDegrees>-70.9811530</LongitudeDegrees>
     </Position>
     <AltitudeMeters>310.23</AltitudeMeters>
     <DistanceMeters>57457.603982077475</DistanceMeters>
    </Trackpoint>
    <Trackpoint>
     <Time>2026-07-19T02:19:57+00:00</Time>
     <Position>
      <LatitudeDegrees>-33.5927400</LatitudeDegrees>
      <LongitudeDegrees>-70.9805500</LongitudeDegrees>
     </Position>
     <AltitudeMeters>315.58000000000004</AltitudeMeters>
     <DistanceMeters>57554.946415173676</DistanceMeters>
    </Trackpoint>
    <Trackpoint>
     <Time>2026-07-19T02:20:05+00:00</Time>
     <Position>
      <LatitudeDegrees>-33.5934067</LatitudeDegrees>
      <LongitudeDegrees>-70.9799900</LongitudeDegrees>
     </Position>
     <AltitudeMeters>318.70000000000005</AltitudeMeters>
     <DistanceMeters>57645.502977616394</DistanceMeters>
    </Trackpoint>
    <Trackpoint>
     <Time>2026-07-19T02:20:13+00:00</Time>
     <Position>
      <LatitudeDegrees>-33.5940733</LatitudeDegrees>
      <LongitudeDegrees>-70.9794300</LongitudeDegrees>
     </Position>
     <AltitudeMeters>322.78000000000003</AltitudeMeters>
     <DistanceMeters>57736.05954005927</DistanceMeters>
    </Trackpoint>
    <Trackpoint>
     <Time>2026-07-19T02:20:21+00:00</Time>
     <Position>
      <LatitudeDegrees>-33.5947400</LatitudeDegrees>
      <LongitudeDegrees>-70.9788700</LongitudeDegrees>
     </Position>
     <AltitudeMeters>329.25000000000006</AltitudeMeters>
     <DistanceMeters>57826.61609688821</DistanceMeters>
    </Trackpoint>
    <Trackpoint>
     <Time>2026-07-19T02:20:30+00:00</Time>
     <Position>
      <LatitudeDegrees>-33.5949200</LatitudeDegrees>
      <LongitudeDegrees>-70.9787400</LongitudeDegrees>
     </Position>
     <AltitudeMeters>329.25000000000006</AltitudeMeters>
     <DistanceMeters>57849.995055093525</DistanceMeters>
    </Trackpoint>
    <Trackpoint>
     <Time>2026-07-19T02:20:38+00:00</Time>
     <Position>
      <LatitudeDegrees>-33.5951900</LatitudeDegrees>
      <LongitudeDegrees>-70.9786500</LongitudeDegrees>
     </Position>
     <AltitudeMeters>331.28000000000003</AltitudeMeters>
     <DistanceMeters>57881.18170168795</DistanceMeters>
    </Trackpoint>
    <Trackpoint>
     <Time>2026-07-19T02:20:46+00:00</Time>
     <Position>
      <LatitudeDegrees>-33.5953400</LatitudeDegrees>
      <LongitudeDegrees>-70.9786100</LongitudeDegrees>
     </Position>
     <AltitudeMeters>331.99</AltitudeMeters>
     <DistanceMeters>57898.282939027216</DistanceMeters>
    </Trackpoint>
    <Trackpoint>
     <Time>2026-07-19T02:20:55+00:00</Time>
     <Position>
      <LatitudeDegrees>-33.5955700</LatitudeDegrees>
      <LongitudeDegrees>-70.9786100</LongitudeDegrees>
     </Position>
     <AltitudeMeters>332.59000000000003</AltitudeMeters>
     <DistanceMeters>57923.88094529882</DistanceMeters>
    </Trackpoint>
    <Trackpoint>
     <Time>2026-07-19T02:21:03+00:00</Time>
     <Position>
      <LatitudeDegrees>-33.5963500</LatitudeDegrees>
      <LongitudeDegrees>-70.9787300</LongitudeDegrees>
     </Position>
     <AltitudeMeters>333.59000000000003</AltitudeMeters>
     <DistanceMeters>58011.40146788665</DistanceMeters>
    </Trackpoint>
    <Trackpoint>
     <Time>2026-07-19T02:21:11+00:00</Time>
     <Position>
      <LatitudeDegrees>-33.5967100</LatitudeDegrees>
      <LongitudeDegrees>-70.9787900</LongitudeDegrees>
     </Position>
     <AltitudeMeters>335.03000000000003</AltitudeMeters>
     <DistanceMeters>58051.852162240335</DistanceMeters>
    </Trackpoint>
    <Trackpoint>
     <Time>2026-07-19T02:21:19+00:00</Time>
     <Position>
      <LatitudeDegrees>-33.5971800</LatitudeDegrees>
      <LongitudeDegrees>-70.9789500</LongitudeDegrees>
     </Position>
     <AltitudeMeters>337.9200000000001</AltitudeMeters>
     <DistanceMeters>58106.22342877488</DistanceMeters>
    </Trackpoint>
    <Trackpoint>
     <Time>2026-07-19T02:21:28+00:00</Time>
     <Position>
      <LatitudeDegrees>-33.5975200</LatitudeDegrees>
      <LongitudeDegrees>-70.9790000</LongitudeDegrees>
     </Position>
     <AltitudeMeters>339.78000000000003</AltitudeMeters>
     <DistanceMeters>58144.34678881288</DistanceMeters>
    </Trackpoint>
    <Trackpoint>
     <Time>2026-07-19T02:21:36+00:00</Time>
     <Position>
      <LatitudeDegrees>-33.5976700</LatitudeDegrees>
      <LongitudeDegrees>-70.9790000</LongitudeDegrees>
     </Position>
     <AltitudeMeters>341.0</AltitudeMeters>
     <DistanceMeters>58161.04114072877</DistanceMeters>
    </Trackpoint>
    <Trackpoint>
     <Time>2026-07-19T02:21:44+00:00</Time>
     <Position>
      <LatitudeDegrees>-33.5979200</LatitudeDegrees>
      <LongitudeDegrees>-70.9789200</LongitudeDegrees>
     </Position>
     <AltitudeMeters>342.76</AltitudeMeters>
     <DistanceMeters>58189.83647056044</DistanceMeters>
    </Trackpoint>
    <Trackpoint>
     <Time>2026-07-19T02:21:52+00:00</Time>
     <Position>
      <LatitudeDegrees>-33.5982100</LatitudeDegrees>
      <LongitudeDegrees>-70.9786900</LongitudeDegrees>
     </Position>
     <AltitudeMeters>344.74000000000007</AltitudeMeters>
     <DistanceMeters>58228.51895418004</DistanceMeters>
    </Trackpoint>
    <Trackpoint>
     <Time>2026-07-19T02:22:01+00:00</Time>
     <Position>
      <LatitudeDegrees>-33.5984300</LatitudeDegrees>
      <LongitudeDegrees>-70.9785600</LongitudeDegrees>
     </Position>
     <AltitudeMeters>346.03</AltitudeMeters>
     <DistanceMeters>58255.809091314484</DistanceMeters>
    </Trackpoint>
    <Trackpoint>
     <Time>2026-07-19T02:22:09+00:00</Time>
     <Position>
      <LatitudeDegrees>-33.5985000</LatitudeDegrees>
      <LongitudeDegrees>-70.9785500</LongitudeDegrees>
     </Position>
     <AltitudeMeters>346.5</AltitudeMeters>
     <DistanceMeters>58263.654748584755</DistanceMeters>
    </Trackpoint>
    <Trackpoint>
     <Time>2026-07-19T02:22:17+00:00</Time>
     <Position>
      <LatitudeDegrees>-33.5990400</LatitudeDegrees>
      <LongitudeDegrees>-70.9785000</LongitudeDegrees>
     </Position>
     <AltitudeMeters>348.79</AltitudeMeters>
     <DistanceMeters>58323.93288763419</DistanceMeters>
    </Trackpoint>
    <Trackpoint>
     <Time>2026-07-19T02:22:26+00:00</Time>
     <Position>
      <LatitudeDegrees>-33.5992400</LatitudeDegrees>
      <LongitudeDegrees>-70.9784600</LongitudeDegrees>
     </Position>
     <AltitudeMeters>349.03</AltitudeMeters>
     <DistanceMeters>58346.49876513847</DistanceMeters>
    </Trackpoint>
    <Trackpoint>
     <Time>2026-07-19T02:22:34+00:00</Time>
     <Position>
      <LatitudeDegrees>-33.6000900</LatitudeDegrees>
      <LongitudeDegrees>-70.9781500</LongitudeDegrees>
     </Position>
     <AltitudeMeters>352.03000000000003</AltitudeMeters>
     <DistanceMeters>58445.36859013004</DistanceMeters>
    </Trackpoint>
    <Trackpoint>
     <Time>2026-07-19T02:22:42+00:00</Time>
     <Position>
      <LatitudeDegrees>-33.6005400</LatitudeDegrees>
      <LongitudeDegrees>-70.9778800</LongitudeDegrees>
     </Position>
     <AltitudeMeters>354.68000000000006</AltitudeMeters>
     <DistanceMeters>58501.357570955915</DistanceMeters>
    </Trackpoint>
    <Trackpoint>
     <Time>2026-07-19T02:22:50+00:00</Time>
     <Position>
      <LatitudeDegrees>-33.6007800</LatitudeDegrees>
      <LongitudeDegrees>-70.9775300</LongitudeDegrees>
     </Position>
     <AltitudeMeters>357.43</AltitudeMeters>
     <DistanceMeters>58543.383153873285</DistanceMeters>
    </Trackpoint>
    <Trackpoint>
     <Time>2026-07-19T02:22:59+00:00</Time>
     <Position>
      <LatitudeDegrees>-33.6010100</LatitudeDegrees>
      <LongitudeDegrees>-70.9769900</LongitudeDegrees>
     </Position>
     <AltitudeMeters>360.33000000000004</AltitudeMeters>
     <DistanceMeters>58599.60626496985</DistanceMeters>
    </Trackpoint>
    <Trackpoint>
     <Time>2026-07-19T02:23:07+00:00</Time>
     <Position>
      <LatitudeDegrees>-33.6011200</LatitudeDegrees>
      <LongitudeDegrees>-70.9768100</LongitudeDegrees>
     </Position>
     <AltitudeMeters>360.91</AltitudeMeters>
     <DistanceMeters>58620.3016351562</DistanceMeters>
    </Trackpoint>
    <Trackpoint>
     <Time>2026-07-19T02:23:15+00:00</Time>
     <Position>
      <LatitudeDegrees>-33.6014800</LatitudeDegrees>
      <LongitudeDegrees>-70.9763600</LongitudeDegrees>
     </Position>
     <AltitudeMeters>363.36</AltitudeMeters>
     <DistanceMeters>58678.14131741198</DistanceMeters>
    </Trackpoint>
    <Trackpoint>
     <Time>2026-07-19T02:23:23+00:00</Time>
     <Position>
      <LatitudeDegrees>-33.6016800</LatitudeDegrees>
      <LongitudeDegrees>-70.9761400</LongitudeDegrees>
     </Position>
     <AltitudeMeters>363.36</AltitudeMeters>
     <DistanceMeters>58708.3302877501</DistanceMeters>
    </Trackpoint>
    <Trackpoint>
     <Time>2026-07-19T02:23:32+00:00</Time>
     <Position>
      <LatitudeDegrees>-33.6020600</LatitudeDegrees>
      <LongitudeDegrees>-70.9757800</LongitudeDegrees>
     </Position>
     <AltitudeMeters>365.79</AltitudeMeters>
     <DistanceMeters>58762.20327271553</DistanceMeters>
    </Trackpoint>
    <Trackpoint>
     <Time>2026-07-19T02:23:40+00:00</Time>
     <Position>
      <LatitudeDegrees>-33.6027000</LatitudeDegrees>
      <LongitudeDegrees>-70.9752733</LongitudeDegrees>
     </Position>
     <AltitudeMeters>371.35</AltitudeMeters>
     <DistanceMeters>58847.5230747594</DistanceMeters>
    </Trackpoint>
    <Trackpoint>
     <Time>2026-07-19T02:23:48+00:00</Time>
     <Position>
      <LatitudeDegrees>-33.6033400</LatitudeDegrees>
      <LongitudeDegrees>-70.9747667</LongitudeDegrees>
     </Position>
     <AltitudeMeters>375.18</AltitudeMeters>
     <DistanceMeters>58932.842876801325</DistanceMeters>
    </Trackpoint>
    <Trackpoint>
     <Time>2026-07-19T02:23:57+00:00</Time>
     <Position>
      <LatitudeDegrees>-33.6039800</LatitudeDegrees>
      <LongitudeDegrees>-70.9742600</LongitudeDegrees>
     </Position>
     <AltitudeMeters>379.3</AltitudeMeters>
     <DistanceMeters>59018.162666002616</DistanceMeters>
    </Trackpoint>
    <Trackpoint>
     <Time>2026-07-19T02:24:05+00:00</Time>
     <Position>
      <LatitudeDegrees>-33.6045980</LatitudeDegrees>
      <LongitudeDegrees>-70.9737840</LongitudeDegrees>
     </Position>
     <AltitudeMeters>382.67</AltitudeMeters>
     <DistanceMeters>59099.87922063202</DistanceMeters>
    </Trackpoint>
    <Trackpoint>
     <Time>2026-07-19T02:24:13+00:00</Time>
     <Position>
      <LatitudeDegrees>-33.6052160</LatitudeDegrees>
      <LongitudeDegrees>-70.9733080</LongitudeDegrees>
     </Position>
     <AltitudeMeters>390.47</AltitudeMeters>
     <DistanceMeters>59181.59577526086</DistanceMeters>
    </Trackpoint>
    <Trackpoint>
     <Time>2026-07-19T02:24:21+00:00</Time>
     <Position>
      <LatitudeDegrees>-33.6058340</LatitudeDegrees>
      <LongitudeDegrees>-70.9728320</LongitudeDegrees>
     </Position>
     <AltitudeMeters>394.01</AltitudeMeters>
     <DistanceMeters>59263.31232988984</DistanceMeters>
    </Trackpoint>
    <Trackpoint>
     <Time>2026-07-19T02:24:30+00:00</Time>
     <Position>
      <LatitudeDegrees>-33.6064520</LatitudeDegrees>
      <LongitudeDegrees>-70.9723560</LongitudeDegrees>
     </Position>
     <AltitudeMeters>398.41</AltitudeMeters>
     <DistanceMeters>59345.02888451887</DistanceMeters>
    </Trackpoint>
    <Trackpoint>
     <Time>2026-07-19T02:24:38+00:00</Time>
     <Position>
      <LatitudeDegrees>-33.6070700</LatitudeDegrees>
      <LongitudeDegrees>-70.9718800</LongitudeDegrees>
     </Position>
     <AltitudeMeters>404.02000000000004</AltitudeMeters>
     <DistanceMeters>59426.7454321988</DistanceMeters>
    </Trackpoint>
    <Trackpoint>
     <Time>2026-07-19T02:24:46+00:00</Time>
     <Position>
      <LatitudeDegrees>-33.6072700</LatitudeDegrees>
      <LongitudeDegrees>-70.9717100</LongitudeDegrees>
     </Position>
     <AltitudeMeters>404.57000000000005</AltitudeMeters>
     <DistanceMeters>59454.01770348577</DistanceMeters>
    </Trackpoint>
    <Trackpoint>
     <Time>2026-07-19T02:24:54+00:00</Time>
     <Position>
      <LatitudeDegrees>-33.6075000</LatitudeDegrees>
      <LongitudeDegrees>-70.9714400</LongitudeDegrees>
     </Position>
     <AltitudeMeters>407.34000000000003</AltitudeMeters>
     <DistanceMeters>59489.81726635885</DistanceMeters>
    </Trackpoint>
    <Trackpoint>
     <Time>2026-07-19T02:25:03+00:00</Time>
     <Position>
      <LatitudeDegrees>-33.6076300</LatitudeDegrees>
      <LongitudeDegrees>-70.9712100</LongitudeDegrees>
     </Position>
     <AltitudeMeters>408.75000000000006</AltitudeMeters>
     <DistanceMeters>59515.58248009737</DistanceMeters>
    </Trackpoint>
    <Trackpoint>
     <Time>2026-07-19T02:25:11+00:00</Time>
     <Position>
      <LatitudeDegrees>-33.6077200</LatitudeDegrees>
      <LongitudeDegrees>-70.9709900</LongitudeDegrees>
     </Position>
     <AltitudeMeters>410.04</AltitudeMeters>
     <DistanceMeters>59538.302042204756</DistanceMeters>
    </Trackpoint>
    <Trackpoint>
     <Time>2026-07-19T02:25:19+00:00</Time>
     <Position>
      <LatitudeDegrees>-33.6078100</LatitudeDegrees>
      <LongitudeDegrees>-70.9706300</LongitudeDegrees>
     </Position>
     <AltitudeMeters>413.96000000000004</AltitudeMeters>
     <DistanceMeters>59573.14217961825</DistanceMeters>
    </Trackpoint>
    <Trackpoint>
     <Time>2026-07-19T02:25:28+00:00</Time>
     <Position>
      <LatitudeDegrees>-33.6079700</LatitudeDegrees>
      <LongitudeDegrees>-70.9696000</LongitudeDegrees>
     </Position>
     <AltitudeMeters>418.17</AltitudeMeters>
     <DistanceMeters>59670.26148049696</DistanceMeters>
    </Trackpoint>
    <Trackpoint>
     <Time>2026-07-19T02:25:36+00:00</Time>
     <Position>
      <LatitudeDegrees>-33.6079900</LatitudeDegrees>
      <LongitudeDegrees>-70.9687100</LongitudeDegrees>
     </Position>
     <AltitudeMeters>423.55</AltitudeMeters>
     <DistanceMeters>59752.78734478722</DistanceMeters>
    </Trackpoint>
    <Trackpoint>
     <Time>2026-07-19T02:25:44+00:00</Time>
     <Position>
      <LatitudeDegrees>-33.6080100</LatitudeDegrees>
      <LongitudeDegrees>-70.9678200</LongitudeDegrees>
     </Position>
     <AltitudeMeters>431.53000000000003</AltitudeMeters>
     <DistanceMeters>59835.31319273249</DistanceMeters>
    </Trackpoint>
    <Trackpoint>
     <Time>2026-07-19T02:25:52+00:00</Time>
     <Position>
      <LatitudeDegrees>-33.6078800</LatitudeDegrees>
      <LongitudeDegrees>-70.9668300</LongitudeDegrees>
     </Position>
     <AltitudeMeters>436.39000000000004</AltitudeMeters>
     <DistanceMeters>59928.21187158089</DistanceMeters>
    </Trackpoint>
    <Trackpoint>
     <Time>2026-07-19T02:26:01+00:00</Time>
     <Position>
      <LatitudeDegrees>-33.6079000</LatitudeDegrees>
      <LongitudeDegrees>-70.9665600</LongitudeDegrees>
     </Position>
     <AltitudeMeters>439.45000000000005</AltitudeMeters>
     <DistanceMeters>59953.33751844403</DistanceMeters>
    </Trackpoint>
    <Trackpoint>
     <Time>2026-07-19T02:26:09+00:00</Time>
     <Position>
      <LatitudeDegrees>-33.6079700</LatitudeDegrees>
      <LongitudeDegrees>-70.9664700</LongitudeDegrees>
     </Position>
     <AltitudeMeters>442.23</AltitudeMeters>
     <DistanceMeters>59964.75192211996</DistanceMeters>
    </Trackpoint>
    <Trackpoint>
     <Time>2026-07-19T02:26:17+00:00</Time>
     <Position>
      <LatitudeDegrees>-33.6080600</LatitudeDegrees>
      <LongitudeDegrees>-70.9663800</LongitudeDegrees>
     </Position>
     <AltitudeMeters>442.23</AltitudeMeters>
     <DistanceMeters>59977.78748933261</DistanceMeters>
    </Trackpoint>
    <Trackpoint>
     <Time>2026-07-19T02:26:25+00:00</Time>
     <Position>
      <LatitudeDegrees>-33.6082600</LatitudeDegrees>
      <LongitudeDegrees>-70.9664200</LongitudeDegrees>
     </Position>
     <AltitudeMeters>444.39000000000004</AltitudeMeters>
     <DistanceMeters>60000.35330310327</DistanceMeters>
    </Trackpoint>
    <Trackpoint>
     <Time>2026-07-19T02:26:34+00:00</Time>
     <Position>
      <LatitudeDegrees>-33.6083700</LatitudeDegrees>
      <LongitudeDegrees>-70.9665100</LongitudeDegrees>
     </Position>
     <AltitudeMeters>446.00000000000006</AltitudeMeters>
     <DistanceMeters>60015.16790540144</DistanceMeters>
    </Trackpoint>
    <Trackpoint>
     <Time>2026-07-19T02:26:42+00:00</Time>
     <Position>
      <LatitudeDegrees>-33.6084400</LatitudeDegrees>
      <LongitudeDegrees>-70.9666100</LongitudeDegrees>
     </Position>
     <AltitudeMeters>446.76000000000005</AltitudeMeters>
     <DistanceMeters>60027.2762541412</DistanceMeters>
    </Trackpoint>
    <Trackpoint>
     <Time>2026-07-19T02:26:50+00:00</Time>
     <Position>
      <LatitudeDegrees>-33.6085900</LatitudeDegrees>
      <LongitudeDegrees>-70.9674500</LongitudeDegrees>
     </Position>
     <AltitudeMeters>452.46000000000004</AltitudeMeters>
     <DistanceMeters>60106.906646353746</DistanceMeters>
    </Trackpoint>
    <Trackpoint>
     <Time>2026-07-19T02:26:59+00:00</Time>
     <Position>
      <LatitudeDegrees>-33.6086600</LatitudeDegrees>
      <LongitudeDegrees>-70.9679800</LongitudeDegrees>
     </Position>
     <AltitudeMeters>457.62</AltitudeMeters>
     <DistanceMeters>60156.64692312724</DistanceMeters>
    </Trackpoint>
    <Trackpoint>
     <Time>2026-07-19T02:27:07+00:00</Time>
     <Position>
      <LatitudeDegrees>-33.6087500</LatitudeDegrees>
      <LongitudeDegrees>-70.9681700</LongitudeDegrees>
     </Position>
     <AltitudeMeters>461.76000000000005</AltitudeMeters>
     <DistanceMeters>60176.90750599652</DistanceMeters>
    </Trackpoint>
    <Trackpoint>
     <Time>2026-07-19T02:27:15+00:00</Time>
     <Position>
      <LatitudeDegrees>-33.6088400</LatitudeDegrees>
      <LongitudeDegrees>-70.9682600</LongitudeDegrees>
     </Position>
     <AltitudeMeters>461.76000000000005</AltitudeMeters>
     <DistanceMeters>60189.943024906126</DistanceMeters>
    </Trackpoint>
    <Trackpoint>
     <Time>2026-07-19T02:27:23+00:00</Time>
     <Position>
      <LatitudeDegrees>-33.6090000</LatitudeDegrees>
      <LongitudeDegrees>-70.9683400</LongitudeDegrees>
     </Position>
     <AltitudeMeters>464.37000000000006</AltitudeMeters>
     <DistanceMeters>60209.23257017348</DistanceMeters>
    </Trackpoint>
    <Trackpoint>
     <Time>2026-07-19T02:27:32+00:00</Time>
     <Position>
      <LatitudeDegrees>-33.6095300</LatitudeDegrees>
      <LongitudeDegrees>-70.9681700</LongitudeDegrees>
     </Position>
     <AltitudeMeters>471.04</AltitudeMeters>
     <DistanceMeters>60270.28768913614</DistanceMeters>
    </Trackpoint>
    <Trackpoint>
     <Time>2026-07-19T02:27:40+00:00</Time>
     <Position>
      <LatitudeDegrees>-33.6098300</LatitudeDegrees>
      <LongitudeDegrees>-70.9679900</LongitudeDegrees>
     </Position>
     <AltitudeMeters>474.59</AltitudeMeters>
     <DistanceMeters>60307.612866235264</DistanceMeters>
    </Trackpoint>
    <Trackpoint>
     <Time>2026-07-19T02:27:48+00:00</Time>
     <Position>
      <LatitudeDegrees>-33.6101200</LatitudeDegrees>
      <LongitudeDegrees>-70.9679100</LongitudeDegrees>
     </Position>
     <AltitudeMeters>478.39000000000004</AltitudeMeters>
     <DistanceMeters>60340.729460475835</DistanceMeters>
    </Trackpoint>
    <Trackpoint>
     <Time>2026-07-19T02:27:56+00:00</Time>
     <Position>
      <LatitudeDegrees>-33.6102500</LatitudeDegrees>
      <LongitudeDegrees>-70.9678200</LongitudeDegrees>
     </Position>
     <AltitudeMeters>482.19000000000005</AltitudeMeters>
     <DistanceMeters>60357.43052983531</DistanceMeters>
    </Trackpoint>
    <Trackpoint>
     <Time>2026-07-19T02:28:05+00:00</Time>
     <Position>
      <LatitudeDegrees>-33.6103000</LatitudeDegrees>
      <LongitudeDegrees>-70.9677600</LongitudeDegrees>
     </Position>
     <AltitudeMeters>482.19000000000005</AltitudeMeters>
     <DistanceMeters>60365.297908652545</DistanceMeters>
    </Trackpoint>
    <Trackpoint>
     <Time>2026-07-19T02:28:13+00:00</Time>
     <Position>
      <LatitudeDegrees>-33.6103400</LatitudeDegrees>
      <LongitudeDegrees>-70.9676000</LongitudeDegrees>
     </Position>
     <AltitudeMeters>484.94000000000005</AltitudeMeters>
     <DistanceMeters>60380.78199318448</DistanceMeters>
    </Trackpoint>
    <Trackpoint>
     <Time>2026-07-19T02:28:21+00:00</Time>
     <Position>
      <LatitudeDegrees>-33.6104100</LatitudeDegrees>
      <LongitudeDegrees>-70.9671800</LongitudeDegrees>
     </Position>
     <AltitudeMeters>488.17</AltitudeMeters>
     <DistanceMeters>60420.48342973145</DistanceMeters>
    </Trackpoint>
    <Trackpoint>
     <Time>2026-07-19T02:28:30+00:00</Time>
     <Position>
      <LatitudeDegrees>-33.6104100</LatitudeDegrees>
      <LongitudeDegrees>-70.9668300</LongitudeDegrees>
     </Position>
     <AltitudeMeters>493.05</AltitudeMeters>
     <DistanceMeters>60452.924700007934</DistanceMeters>
    </Trackpoint>
    <Trackpoint>
     <Time>2026-07-19T02:28:38+00:00</Time>
     <Position>
      <LatitudeDegrees>-33.6104300</LatitudeDegrees>
      <LongitudeDegrees>-70.9667400</LongitudeDegrees>
     </Position>
     <AltitudeMeters>496.42</AltitudeMeters>
     <DistanceMeters>60461.55860538202</DistanceMeters>
    </Trackpoint>
    <Trackpoint>
     <Time>2026-07-19T02:28:46+00:00</Time>
     <Position>
      <LatitudeDegrees>-33.6108500</LatitudeDegrees>
      <LongitudeDegrees>-70.9663300</LongitudeDegrees>
     </Position>
     <AltitudeMeters>502.51</AltitudeMeters>
     <DistanceMeters>60521.80153952232</DistanceMeters>
    </Trackpoint>
    <Trackpoint>
     <Time>2026-07-19T02:28:54+00:00</Time>
     <Position>
      <LatitudeDegrees>-33.6110300</LatitudeDegrees>
      <LongitudeDegrees>-70.9662000</LongitudeDegrees>
     </Position>
     <AltitudeMeters>506.77000000000004</AltitudeMeters>
     <DistanceMeters>60545.1793371968</DistanceMeters>
    </Trackpoint>
    <Trackpoint>
     <Time>2026-07-19T02:29:03+00:00</Time>
     <Position>
      <LatitudeDegrees>-33.6111500</LatitudeDegrees>
      <LongitudeDegrees>-70.9661500</LongitudeDegrees>
     </Position>
     <AltitudeMeters>509.51</AltitudeMeters>
     <DistanceMeters>60559.31605655425</DistanceMeters>
    </Trackpoint>
    <Trackpoint>
     <Time>2026-07-19T02:29:11+00:00</Time>
     <Position>
      <LatitudeDegrees>-33.6112400</LatitudeDegrees>
      <LongitudeDegrees>-70.9661200</LongitudeDegrees>
     </Position>
     <AltitudeMeters>510.75</AltitudeMeters>
     <DistanceMeters>60569.71146617</DistanceMeters>
    </Trackpoint>
    <Trackpoint>
     <Time>2026-07-19T02:29:19+00:00</Time>
     <Position>
      <LatitudeDegrees>-33.6114400</LatitudeDegrees>
      <LongitudeDegrees>-70.9662400</LongitudeDegrees>
     </Position>
     <AltitudeMeters>512.88</AltitudeMeters>
     <DistanceMeters>60594.594821827945</DistanceMeters>
    </Trackpoint>
    <Trackpoint>
     <Time>2026-07-19T02:29:27+00:00</Time>
     <Position>
      <LatitudeDegrees>-33.6118000</LatitudeDegrees>
      <LongitudeDegrees>-70.9667800</LongitudeDegrees>
     </Position>
     <AltitudeMeters>518.61</AltitudeMeters>
     <DistanceMeters>60658.707823153025</DistanceMeters>
    </Trackpoint>
    <Trackpoint>
     <Time>2026-07-19T02:29:36+00:00</Time>
     <Position>
      <LatitudeDegrees>-33.6122000</LatitudeDegrees>
      <LongitudeDegrees>-70.9672800</LongitudeDegrees>
     </Position>
     <AltitudeMeters>524.45</AltitudeMeters>
     <DistanceMeters>60722.96998849866</DistanceMeters>
    </Trackpoint>
    <Trackpoint>
     <Time>2026-07-19T02:29:44+00:00</Time>
     <Position>
      <LatitudeDegrees>-33.6122400</LatitudeDegrees>
      <LongitudeDegrees>-70.9673200</LongitudeDegrees>
     </Position>
     <AltitudeMeters>524.45</AltitudeMeters>
     <DistanceMeters>60728.763458187794</DistanceMeters>
    </Trackpoint>
    <Trackpoint>
     <Time>2026-07-19T02:29:52+00:00</Time>
     <Position>
      <LatitudeDegrees>-33.6123300</LatitudeDegrees>
      <LongitudeDegrees>-70.9673200</LongitudeDegrees>
     </Position>
     <AltitudeMeters>527.58</AltitudeMeters>
     <DistanceMeters>60738.78006933749</DistanceMeters>
    </Trackpoint>
    <Trackpoint>
     <Time>2026-07-19T02:30:00+00:00</Time>
     <Position>
      <LatitudeDegrees>-33.6124400</LatitudeDegrees>
      <LongitudeDegrees>-70.9672700</LongitudeDegrees>
     </Position>
     <AltitudeMeters>528.19</AltitudeMeters>
     <DistanceMeters>60751.8703983572</DistanceMeters>
    </Trackpoint>
    <Trackpoint>
     <Time>2026-07-19T02:30:09+00:00</Time>
     <Position>
      <LatitudeDegrees>-33.6125800</LatitudeDegrees>
      <LongitudeDegrees>-70.9671400</LongitudeDegrees>
     </Position>
     <AltitudeMeters>531.51</AltitudeMeters>
     <DistanceMeters>60771.56725124047</DistanceMeters>
    </Trackpoint>
    <Trackpoint>
     <Time>2026-07-19T02:30:17+00:00</Time>
     <Position>
      <LatitudeDegrees>-33.6126200</LatitudeDegrees>
      <LongitudeDegrees>-70.9670400</LongitudeDegrees>
     </Position>
     <AltitudeMeters>531.51</AltitudeMeters>
     <DistanceMeters>60781.84964124087</DistanceMeters>
    </Trackpoint>
    <Trackpoint>
     <Time>2026-07-19T02:30:25+00:00</Time>
     <Position>
      <LatitudeDegrees>-33.6126900</LatitudeDegrees>
      <LongitudeDegrees>-70.9666600</LongitudeDegrees>
     </Position>
     <AltitudeMeters>536.1400000000001</AltitudeMeters>
     <DistanceMeters>60817.92201506134</DistanceMeters>
    </Trackpoint>
    <Trackpoint>
     <Time>2026-07-19T02:30:34+00:00</Time>
     <Position>
      <LatitudeDegrees>-33.6127400</LatitudeDegrees>
      <LongitudeDegrees>-70.9658400</LongitudeDegrees>
     </Position>
     <AltitudeMeters>544.0600000000001</AltitudeMeters>
     <DistanceMeters>60894.12869260135</DistanceMeters>
    </Trackpoint>
    <Trackpoint>
     <Time>2026-07-19T02:30:42+00:00</Time>
     <Position>
      <LatitudeDegrees>-33.6128850</LatitudeDegrees>
      <LongitudeDegrees>-70.9649250</LongitudeDegrees>
     </Position>
     <AltitudeMeters>558.69</AltitudeMeters>
     <DistanceMeters>60980.45876310308</DistanceMeters>
    </Trackpoint>
    <Trackpoint>
     <Time>2026-07-19T02:30:50+00:00</Time>
     <Position>
      <LatitudeDegrees>-33.6130300</LatitudeDegrees>
      <LongitudeDegrees>-70.9640100</LongitudeDegrees>
     </Position>
     <AltitudeMeters>568.4800000000001</AltitudeMeters>
     <DistanceMeters>61066.7888344039</DistanceMeters>
    </Trackpoint>
    <Trackpoint>
     <Time>2026-07-19T02:30:58+00:00</Time>
     <Position>
      <LatitudeDegrees>-33.6131400</LatitudeDegrees>
      <LongitudeDegrees>-70.9634600</LongitudeDegrees>
     </Position>
     <AltitudeMeters>575.46</AltitudeMeters>
     <DistanceMeters>61119.21583822247</DistanceMeters>
    </Trackpoint>
    <Trackpoint>
     <Time>2026-07-19T02:31:07+00:00</Time>
     <Position>
      <LatitudeDegrees>-33.6131800</LatitudeDegrees>
      <LongitudeDegrees>-70.9633800</LongitudeDegrees>
     </Position>
     <AltitudeMeters>575.46</AltitudeMeters>
     <DistanceMeters>61127.86451842977</DistanceMeters>
    </Trackpoint>
    <Trackpoint>
     <Time>2026-07-19T02:31:15+00:00</Time>
     <Position>
      <LatitudeDegrees>-33.6133600</LatitudeDegrees>
      <LongitudeDegrees>-70.9632500</LongitudeDegrees>
     </Position>
     <AltitudeMeters>579.4</AltitudeMeters>
     <DistanceMeters>61151.24214822844</DistanceMeters>
    </Trackpoint>
    <Trackpoint>
     <Time>2026-07-19T02:31:23+00:00</Time>
     <Position>
      <LatitudeDegrees>-33.6134500</LatitudeDegrees>
      <LongitudeDegrees>-70.9632400</LongitudeDegrees>
     </Position>
     <AltitudeMeters>580.9300000000001</AltitudeMeters>
     <DistanceMeters>61161.30155033132</DistanceMeters>
    </Trackpoint>
    <Trackpoint>
     <Time>2026-07-19T02:31:31+00:00</Time>
     <Position>
      <LatitudeDegrees>-33.6135400</LatitudeDegrees>
      <LongitudeDegrees>-70.9632900</LongitudeDegrees>
     </Position>
     <AltitudeMeters>582.35</AltitudeMeters>
     <DistanceMeters>61172.33827301714</DistanceMeters>
    </Trackpoint>
    <Trackpoint>
     <Time>2026-07-19T02:31:40+00:00</Time>
     <Position>
      <LatitudeDegrees>-33.6136500</LatitudeDegrees>
      <LongitudeDegrees>-70.9634200</LongitudeDegrees>
     </Position>
     <AltitudeMeters>584.84</AltitudeMeters>
     <DistanceMeters>61189.515638834535</DistanceMeters>
    </Trackpoint>
    <Trackpoint>
     <Time>2026-07-19T02:31:48+00:00</Time>
     <Position>
      <LatitudeDegrees>-33.6138500</LatitudeDegrees>
      <LongitudeDegrees>-70.9638600</LongitudeDegrees>
     </Position>
     <AltitudeMeters>589.1</AltitudeMeters>
     <DistanceMeters>61235.97657630316</DistanceMeters>
    </Trackpoint>
    <Trackpoint>
     <Time>2026-07-19T02:31:56+00:00</Time>
     <Position>
      <LatitudeDegrees>-33.6139500</LatitudeDegrees>
      <LongitudeDegrees>-70.9639800</LongitudeDegrees>
     </Position>
     <AltitudeMeters>591.9300000000001</AltitudeMeters>
     <DistanceMeters>61251.71100329321</DistanceMeters>
    </Trackpoint>
    <Trackpoint>
     <Time>2026-07-19T02:32:05+00:00</Time>
     <Position>
      <LatitudeDegrees>-33.6144600</LatitudeDegrees>
      <LongitudeDegrees>-70.9645400</LongitudeDegrees>
     </Position>
     <AltitudeMeters>600.75</AltitudeMeters>
     <DistanceMeters>61328.625156714246</DistanceMeters>
    </Trackpoint>
    <Trackpoint>
     <Time>2026-07-19T02:32:13+00:00</Time>
     <Position>
      <LatitudeDegrees>-33.6145900</LatitudeDegrees>
      <LongitudeDegrees>-70.9645900</LongitudeDegrees>
     </Position>
     <AltitudeMeters>601.99</AltitudeMeters>
     <DistanceMeters>61343.81765298877</DistanceMeters>
    </Trackpoint>
    <Trackpoint>
     <Time>2026-07-19T02:32:21+00:00</Time>
     <Position>
      <LatitudeDegrees>-33.6147100</LatitudeDegrees>
      <LongitudeDegrees>-70.9646000</LongitudeDegrees>
     </Position>
     <AltitudeMeters>603.13</AltitudeMeters>
     <DistanceMeters>61357.20525672913</DistanceMeters>
    </Trackpoint>
    <Trackpoint>
     <Time>2026-07-19T02:32:29+00:00</Time>
     <Position>
      <LatitudeDegrees>-33.6148200</LatitudeDegrees>
      <LongitudeDegrees>-70.9645900</LongitudeDegrees>
     </Position>
     <AltitudeMeters>604.1200000000001</AltitudeMeters>
     <DistanceMeters>61369.48281579452</DistanceMeters>
    </Trackpoint>
    <Trackpoint>
     <Time>2026-07-19T02:32:38+00:00</Time>
     <Position>
      <LatitudeDegrees>-33.6149500</LatitudeDegrees>
      <LongitudeDegrees>-70.9645000</LongitudeDegrees>
     </Position>
     <AltitudeMeters>605.72</AltitudeMeters>
     <DistanceMeters>61386.183657962625</DistanceMeters>
    </Trackpoint>
    <Trackpoint>
     <Time>2026-07-19T02:32:46+00:00</Time>
     <Position>
      <LatitudeDegrees>-33.6150400</LatitudeDegrees>
      <LongitudeDegrees>-70.9643600</LongitudeDegrees>
     </Position>
     <AltitudeMeters>606.75</AltitudeMeters>
     <DistanceMeters>61402.57586185131</DistanceMeters>
    </Trackpoint>
    <Trackpoint>
     <Time>2026-07-19T02:32:54+00:00</Time>
     <Position>
      <LatitudeDegrees>-33.6151100</LatitudeDegrees>
      <LongitudeDegrees>-70.9641400</LongitudeDegrees>
     </Position>
     <AltitudeMeters>607.94</AltitudeMeters>
     <DistanceMeters>61424.40404500625</DistanceMeters>
    </Trackpoint>
    <Trackpoint>
     <Time>2026-07-19T02:33:02+00:00</Time>
     <Position>
      <LatitudeDegrees>-33.6151300</LatitudeDegrees>
      <LongitudeDegrees>-70.9638800</LongitudeDegrees>
     </Position>
     <AltitudeMeters>609.35</AltitudeMeters>
     <DistanceMeters>61448.604542506946</DistanceMeters>
    </Trackpoint>
    <Trackpoint>
     <Time>2026-07-19T02:33:11+00:00</Time>
     <Position>
      <LatitudeDegrees>-33.6151500</LatitudeDegrees>
      <LongitudeDegrees>-70.9638300</LongitudeDegrees>
     </Position>
     <AltitudeMeters>609.35</AltitudeMeters>
     <DistanceMeters>61453.745614403335</DistanceMeters>
    </Trackpoint>
    <Trackpoint>
     <Time>2026-07-19T02:33:19+00:00</Time>
     <Position>
      <LatitudeDegrees>-33.6153800</LatitudeDegrees>
      <LongitudeDegrees>-70.9634600</LongitudeDegrees>
     </Position>
     <AltitudeMeters>611.58</AltitudeMeters>
     <DistanceMeters>61496.539029579326</DistanceMeters>
    </Trackpoint>
    <Trackpoint>
     <Time>2026-07-19T02:33:27+00:00</Time>
     <Position>
      <LatitudeDegrees>-33.6154400</LatitudeDegrees>
      <LongitudeDegrees>-70.9632900</LongitudeDegrees>
     </Position>
     <AltitudeMeters>612.57</AltitudeMeters>
     <DistanceMeters>61513.65196050403</DistanceMeters>
    </Trackpoint>
    <Trackpoint>
     <Time>2026-07-19T02:33:36+00:00</Time>
     <Position>
      <LatitudeDegrees>-33.6155100</LatitudeDegrees>
      <LongitudeDegrees>-70.9630100</LongitudeDegrees>
     </Position>
     <AltitudeMeters>613.6700000000001</AltitudeMeters>
     <DistanceMeters>61540.74762186188</DistanceMeters>
    </Trackpoint>
    <Trackpoint>
     <Time>2026-07-19T02:33:44+00:00</Time>
     <Position>
      <LatitudeDegrees>-33.6155300</LatitudeDegrees>
      <LongitudeDegrees>-70.9625200</LongitudeDegrees>
     </Position>
     <AltitudeMeters>616.21</AltitudeMeters>
     <DistanceMeters>61586.21722400394</DistanceMeters>
    </Trackpoint>
    <Trackpoint>
     <Time>2026-07-19T02:33:52+00:00</Time>
     <Position>
      <LatitudeDegrees>-33.6156500</LatitudeDegrees>
      <LongitudeDegrees>-70.9621200</LongitudeDegrees>
     </Position>
     <AltitudeMeters>619.0500000000001</AltitudeMeters>
     <DistanceMeters>61625.622984832684</DistanceMeters>
    </Trackpoint>
    <Trackpoint>
     <Time>2026-07-19T02:34:00+00:00</Time>
     <Position>
      <LatitudeDegrees>-33.6156700</LatitudeDegrees>
      <LongitudeDegrees>-70.9617800</LongitudeDegrees>
     </Position>
     <AltitudeMeters>621.69</AltitudeMeters>
     <DistanceMeters>61657.21395921652</DistanceMeters>
    </Trackpoint>
    <Trackpoint>
     <Time>2026-07-19T02:34:09+00:00</Time>
     <Position>
      <LatitudeDegrees>-33.6156700</LatitudeDegrees>
      <LongitudeDegrees>-70.9612400</LongitudeDegrees>
     </Position>
     <AltitudeMeters>626.48</AltitudeMeters>
     <DistanceMeters>61707.26315045308</DistanceMeters>
    </Trackpoint>
    <Trackpoint>
     <Time>2026-07-19T02:34:17+00:00</Time>
     <Position>
      <LatitudeDegrees>-33.6157300</LatitudeDegrees>
      <LongitudeDegrees>-70.9610500</LongitudeDegrees>
     </Position>
     <AltitudeMeters>627.75</AltitudeMeters>
     <DistanceMeters>61726.09664735935</DistanceMeters>
    </Trackpoint>
    <Trackpoint>
     <Time>2026-07-19T02:34:25+00:00</Time>
     <Position>
      <LatitudeDegrees>-33.6159600</LatitudeDegrees>
      <LongitudeDegrees>-70.9609200</LongitudeDegrees>
     </Position>
     <AltitudeMeters>629.8800000000001</AltitudeMeters>
     <DistanceMeters>61754.388568991446</DistanceMeters>
    </Trackpoint>
    <Trackpoint>
     <Time>2026-07-19T02:34:33+00:00</Time>
     <Position>
      <LatitudeDegrees>-33.6161200</LatitudeDegrees>
      <LongitudeDegrees>-70.9608700</LongitudeDegrees>
     </Position>
     <AltitudeMeters>631.33</AltitudeMeters>
     <DistanceMeters>61772.78899626733</DistanceMeters>
    </Trackpoint>
    <Trackpoint>
     <Time>2026-07-19T02:34:42+00:00</Time>
     <Position>
      <LatitudeDegrees>-33.6162500</LatitudeDegrees>
      <LongitudeDegrees>-70.9608400</LongitudeDegrees>
     </Position>
     <AltitudeMeters>631.33</AltitudeMeters>
     <DistanceMeters>61787.52218514687</DistanceMeters>
    </Trackpoint>
    <Trackpoint>
     <Time>2026-07-19T02:34:50+00:00</Time>
     <Position>
      <LatitudeDegrees>-33.6168900</LatitudeDegrees>
      <LongitudeDegrees>-70.9609900</LongitudeDegrees>
     </Position>
     <AltitudeMeters>637.7900000000001</AltitudeMeters>
     <DistanceMeters>61860.095459401375</DistanceMeters>
    </Trackpoint>
    <Trackpoint>
     <Time>2026-07-19T02:34:58+00:00</Time>
     <Position>
      <LatitudeDegrees>-33.6175300</LatitudeDegrees>
      <LongitudeDegrees>-70.9611400</LongitudeDegrees>
     </Position>
     <AltitudeMeters>644.88</AltitudeMeters>
     <DistanceMeters>61932.66872361706</DistanceMeters>
    </Trackpoint>
    <Trackpoint>
     <Time>2026-07-19T02:35:07+00:00</Time>
     <Position>
      <LatitudeDegrees>-33.6176400</LatitudeDegrees>
      <LongitudeDegrees>-70.9611400</LongitudeDegrees>
     </Position>
     <AltitudeMeters>645.08</AltitudeMeters>
     <DistanceMeters>61944.911248355485</DistanceMeters>
    </Trackpoint>
    <Trackpoint>
     <Time>2026-07-19T02:35:15+00:00</Time>
     <Position>
      <LatitudeDegrees>-33.6178400</LatitudeDegrees>
      <LongitudeDegrees>-70.9610900</LongitudeDegrees>
     </Position>
     <AltitudeMeters>643.87</AltitudeMeters>
     <DistanceMeters>61967.647645688194</DistanceMeters>
    </Trackpoint>
    <Trackpoint>
     <Time>2026-07-19T02:35:23+00:00</Time>
     <Position>
      <LatitudeDegrees>-33.6179300</LatitudeDegrees>
      <LongitudeDegrees>-70.9610100</LongitudeDegrees>
     </Position>
     <AltitudeMeters>642.8100000000001</AltitudeMeters>
     <DistanceMeters>61980.10988364634</DistanceMeters>
    </Trackpoint>
    <Trackpoint>
     <Time>2026-07-19T02:35:31+00:00</Time>
     <Position>
      <LatitudeDegrees>-33.6180000</LatitudeDegrees>
      <LongitudeDegrees>-70.9609200</LongitudeDegrees>
     </Position>
     <AltitudeMeters>642.1800000000001</AltitudeMeters>
     <DistanceMeters>61991.5235779093</DistanceMeters>
    </Trackpoint>
    <Trackpoint>
     <Time>2026-07-19T02:35:40+00:00</Time>
     <Position>
      <LatitudeDegrees>-33.6181000</LatitudeDegrees>
      <LongitudeDegrees>-70.9607000</LongitudeDegrees>
     </Position>
     <AltitudeMeters>638.75</AltitudeMeters>
     <DistanceMeters>62014.753153675265</DistanceMeters>
    </Trackpoint>
    <Trackpoint>
     <Time>2026-07-19T02:35:48+00:00</Time>
     <Position>
      <LatitudeDegrees>-33.6181000</LatitudeDegrees>
      <LongitudeDegrees>-70.9607200</LongitudeDegrees>
     </Position>
     <AltitudeMeters>638.75</AltitudeMeters>
     <DistanceMeters>62014.753153675265</DistanceMeters>
    </Trackpoint>
    <Trackpoint>
     <Time>2026-07-19T02:35:56+00:00</Time>
     <Position>
      <LatitudeDegrees>-33.6181300</LatitudeDegrees>
      <LongitudeDegrees>-70.9605600</LongitudeDegrees>
     </Position>
     <AltitudeMeters>636.2800000000001</AltitudeMeters>
     <DistanceMeters>62029.95336372743</DistanceMeters>
    </Trackpoint>
    <Trackpoint>
     <Time>2026-07-19T02:36:04+00:00</Time>
     <Position>
      <LatitudeDegrees>-33.6181100</LatitudeDegrees>
      <LongitudeDegrees>-70.9604200</LongitudeDegrees>
     </Position>
     <AltitudeMeters>634.49</AltitudeMeters>
     <DistanceMeters>62043.11825380722</DistanceMeters>
    </Trackpoint>
    <Trackpoint>
     <Time>2026-07-19T02:36:13+00:00</Time>
     <Position>
      <LatitudeDegrees>-33.6178800</LatitudeDegrees>
      <LongitudeDegrees>-70.9597100</LongitudeDegrees>
     </Position>
     <AltitudeMeters>625.7900000000001</AltitudeMeters>
     <DistanceMeters>62113.72545837789</DistanceMeters>
    </Trackpoint>
    <Trackpoint>
     <Time>2026-07-19T02:36:21+00:00</Time>
     <Position>
      <LatitudeDegrees>-33.6177500</LatitudeDegrees>
      <LongitudeDegrees>-70.9594000</LongitudeDegrees>
     </Position>
     <AltitudeMeters>622.7600000000001</AltitudeMeters>
     <DistanceMeters>62145.89406373889</DistanceMeters>
    </Trackpoint>
    <Trackpoint>
     <Time>2026-07-19T02:36:29+00:00</Time>
     <Position>
      <LatitudeDegrees>-33.6177300</LatitudeDegrees>
      <LongitudeDegrees>-70.9592500</LongitudeDegrees>
     </Position>
     <AltitudeMeters>620.24</AltitudeMeters>
     <DistanceMeters>62159.97335314017</DistanceMeters>
    </Trackpoint>
    <Trackpoint>
     <Time>2026-07-19T02:36:38+00:00</Time>
     <Position>
      <LatitudeDegrees>-33.6177300</LatitudeDegrees>
      <LongitudeDegrees>-70.9590800</LongitudeDegrees>
     </Position>
     <AltitudeMeters>620.24</AltitudeMeters>
     <DistanceMeters>62175.72920339941</DistanceMeters>
    </Trackpoint>
    <Trackpoint>
     <Time>2026-07-19T02:36:46+00:00</Time>
     <Position>
      <LatitudeDegrees>-33.6179300</LatitudeDegrees>
      <LongitudeDegrees>-70.9586300</LongitudeDegrees>
     </Position>
     <AltitudeMeters>611.6600000000001</AltitudeMeters>
     <DistanceMeters>62223.00404645827</DistanceMeters>
    </Trackpoint>
    <Trackpoint>
     <Time>2026-07-19T02:36:54+00:00</Time>
     <Position>
      <LatitudeDegrees>-33.6180100</LatitudeDegrees>
      <LongitudeDegrees>-70.9583500</LongitudeDegrees>
     </Position>
     <AltitudeMeters>609.8100000000001</AltitudeMeters>
     <DistanceMeters>62250.43971599998</DistanceMeters>
    </Trackpoint>
    <Trackpoint>
     <Time>2026-07-19T02:37:02+00:00</Time>
     <Position>
      <LatitudeDegrees>-33.6180000</LatitudeDegrees>
      <LongitudeDegrees>-70.9582300</LongitudeDegrees>
     </Position>
     <AltitudeMeters>608.4200000000001</AltitudeMeters>
     <DistanceMeters>62261.617005445114</DistanceMeters>
    </Trackpoint>
    <Trackpoint>
     <Time>2026-07-19T02:37:11+00:00</Time>
     <Position>
      <LatitudeDegrees>-33.6176200</LatitudeDegrees>
      <LongitudeDegrees>-70.9577800</LongitudeDegrees>
     </Position>
     <AltitudeMeters>603.0600000000001</AltitudeMeters>
     <DistanceMeters>62321.01469920654</DistanceMeters>
    </Trackpoint>
    <Trackpoint>
     <Time>2026-07-19T02:37:19+00:00</Time>
     <Position>
      <LatitudeDegrees>-33.6175000</LatitudeDegrees>
      <LongitudeDegrees>-70.9576500</LongitudeDegrees>
     </Position>
     <AltitudeMeters>603.0600000000001</AltitudeMeters>
     <DistanceMeters>62339.0018616788</DistanceMeters>
    </Trackpoint>
    <Trackpoint>
     <Time>2026-07-19T02:37:27+00:00</Time>
     <Position>
      <LatitudeDegrees>-33.6171500</LatitudeDegrees>
      <LongitudeDegrees>-70.9574800</LongitudeDegrees>
     </Position>
     <AltitudeMeters>596.1500000000001</AltitudeMeters>
     <DistanceMeters>62381.02118298122</DistanceMeters>
    </Trackpoint>
    <Trackpoint>
     <Time>2026-07-19T02:37:35+00:00</Time>
     <Position>
      <LatitudeDegrees>-33.6170100</LatitudeDegrees>
      <LongitudeDegrees>-70.9572400</LongitudeDegrees>
     </Position>
     <AltitudeMeters>593.9300000000001</AltitudeMeters>
     <DistanceMeters>62408.179294130685</DistanceMeters>
    </Trackpoint>
    <Trackpoint>
     <Time>2026-07-19T02:37:44+00:00</Time>
     <Position>
      <LatitudeDegrees>-33.6169700</LatitudeDegrees>
      <LongitudeDegrees>-70.9572000</LongitudeDegrees>
     </Position>
     <AltitudeMeters>593.9300000000001</AltitudeMeters>
     <DistanceMeters>62413.97263251883</DistanceMeters>
    </Trackpoint>
    <Trackpoint>
     <Time>2026-07-19T02:37:52+00:00</Time>
     <Position>
      <LatitudeDegrees>-33.6167600</LatitudeDegrees>
      <LongitudeDegrees>-70.9571100</LongitudeDegrees>
     </Position>
     <AltitudeMeters>592.1800000000001</AltitudeMeters>
     <DistanceMeters>62438.78863422755</DistanceMeters>
    </Trackpoint>
    <Trackpoint>
     <Time>2026-07-19T02:38:00+00:00</Time>
     <Position>
      <LatitudeDegrees>-33.6166500</LatitudeDegrees>
      <LongitudeDegrees>-70.9570200</LongitudeDegrees>
     </Position>
     <AltitudeMeters>590.35</AltitudeMeters>
     <DistanceMeters>62453.60277931775</DistanceMeters>
    </Trackpoint>
    <Trackpoint>
     <Time>2026-07-19T02:38:09+00:00</Time>
     <Position>
      <LatitudeDegrees>-33.6165900</LatitudeDegrees>
      <LongitudeDegrees>-70.9569000</LongitudeDegrees>
     </Position>
     <AltitudeMeters>589.28</AltitudeMeters>
     <DistanceMeters>62466.57541682944</DistanceMeters>
    </Trackpoint>
    <Trackpoint>
     <Time>2026-07-19T02:38:17+00:00</Time>
     <Position>
      <LatitudeDegrees>-33.6165200</LatitudeDegrees>
      <LongitudeDegrees>-70.9566200</LongitudeDegrees>
     </Position>
     <AltitudeMeters>585.95</AltitudeMeters>
     <DistanceMeters>62493.67076671945</DistanceMeters>
    </Trackpoint>
    <Trackpoint>
     <Time>2026-07-19T02:38:25+00:00</Time>
     <Position>
      <LatitudeDegrees>-33.6163600</LatitudeDegrees>
      <LongitudeDegrees>-70.9563500</LongitudeDegrees>
     </Position>
     <AltitudeMeters>582.2700000000001</AltitudeMeters>
     <DistanceMeters>62524.3842725371</DistanceMeters>
    </Trackpoint>
    <Trackpoint>
     <Time>2026-07-19T02:38:33+00:00</Time>
     <Position>
      <LatitudeDegrees>-33.6163400</LatitudeDegrees>
      <LongitudeDegrees>-70.9562600</LongitudeDegrees>
     </Position>
     <AltitudeMeters>582.2700000000001</AltitudeMeters>
     <DistanceMeters>62533.017623410546</DistanceMeters>
    </Trackpoint>
    <Trackpoint>
     <Time>2026-07-19T02:38:42+00:00</Time>
     <Position>
      <LatitudeDegrees>-33.6163600</LatitudeDegrees>
      <LongitudeDegrees>-70.9560700</LongitudeDegrees>
     </Position>
     <AltitudeMeters>580.77</AltitudeMeters>
     <DistanceMeters>62550.76750785064</DistanceMeters>
    </Trackpoint>
    <Trackpoint>
     <Time>2026-07-19T02:38:50+00:00</Time>
     <Position>
      <LatitudeDegrees>-33.6166100</LatitudeDegrees>
      <LongitudeDegrees>-70.9555000</LongitudeDegrees>
     </Position>
     <AltitudeMeters>574.76</AltitudeMeters>
     <DistanceMeters>62610.475925433406</DistanceMeters>
    </Trackpoint>
    <Trackpoint>
     <Time>2026-07-19T02:38:58+00:00</Time>
     <Position>
      <LatitudeDegrees>-33.6168500</LatitudeDegrees>
      <LongitudeDegrees>-70.9551000</LongitudeDegrees>
     </Position>
     <AltitudeMeters>569.2600000000001</AltitudeMeters>
     <DistanceMeters>62656.16929789531</DistanceMeters>
    </Trackpoint>
    <Trackpoint>
     <Time>2026-07-19T02:39:06+00:00</Time>
     <Position>
      <LatitudeDegrees>-33.6170100</LatitudeDegrees>
      <LongitudeDegrees>-70.9545700</LongitudeDegrees>
     </Position>
     <AltitudeMeters>565.2600000000001</AltitudeMeters>
     <DistanceMeters>62708.41903843767</DistanceMeters>
    </Trackpoint>
    <Trackpoint>
     <Time>2026-07-19T02:39:15+00:00</Time>
     <Position>
      <LatitudeDegrees>-33.6172600</LatitudeDegrees>
      <LongitudeDegrees>-70.9541900</LongitudeDegrees>
     </Position>
     <AltitudeMeters>560.21</AltitudeMeters>
     <DistanceMeters>62753.30291912077</DistanceMeters>
    </Trackpoint>
    <Trackpoint>
     <Time>2026-07-19T02:39:23+00:00</Time>
     <Position>
      <LatitudeDegrees>-33.6173000</LatitudeDegrees>
      <LongitudeDegrees>-70.9540200</LongitudeDegrees>
     </Position>
     <AltitudeMeters>557.86</AltitudeMeters>
     <DistanceMeters>62769.675706761554</DistanceMeters>
    </Trackpoint>
    <Trackpoint>
     <Time>2026-07-19T02:39:31+00:00</Time>
     <Position>
      <LatitudeDegrees>-33.6172800</LatitudeDegrees>
      <LongitudeDegrees>-70.9538000</LongitudeDegrees>
     </Position>
     <AltitudeMeters>554.7500000000001</AltitudeMeters>
     <DistanceMeters>62790.186872788276</DistanceMeters>
    </Trackpoint>
    <Trackpoint>
     <Time>2026-07-19T02:39:39+00:00</Time>
     <Position>
      <LatitudeDegrees>-33.6171500</LatitudeDegrees>
      <LongitudeDegrees>-70.9536600</LongitudeDegrees>
     </Position>
     <AltitudeMeters>553.57</AltitudeMeters>
     <DistanceMeters>62809.62134945163</DistanceMeters>
    </Trackpoint>
    <Trackpoint>
     <Time>2026-07-19T02:39:48+00:00</Time>
     <Position>
      <LatitudeDegrees>-33.6170100</LatitudeDegrees>
      <LongitudeDegrees>-70.9536100</LongitudeDegrees>
     </Position>
     <AltitudeMeters>550.7500000000001</AltitudeMeters>
     <DistanceMeters>62825.877266406824</DistanceMeters>
    </Trackpoint>
    <Trackpoint>
     <Time>2026-07-19T02:39:56+00:00</Time>
     <Position>
      <LatitudeDegrees>-33.6165900</LatitudeDegrees>
      <LongitudeDegrees>-70.9535300</LongitudeDegrees>
     </Position>
     <AltitudeMeters>546.2800000000001</AltitudeMeters>
     <DistanceMeters>62873.205853177446</DistanceMeters>
    </Trackpoint>
    <Trackpoint>
     <Time>2026-07-19T02:40:04+00:00</Time>
     <Position>
      <LatitudeDegrees>-33.6161400</LatitudeDegrees>
      <LongitudeDegrees>-70.9535300</LongitudeDegrees>
     </Position>
     <AltitudeMeters>542.59</AltitudeMeters>
     <DistanceMeters>62923.2889089259</DistanceMeters>
    </Trackpoint>
    <Trackpoint>
     <Time>2026-07-19T02:40:13+00:00</Time>
     <Position>
      <LatitudeDegrees>-33.6160700</LatitudeDegrees>
      <LongitudeDegrees>-70.9535200</LongitudeDegrees>
     </Position>
     <AltitudeMeters>542.59</AltitudeMeters>
     <DistanceMeters>62931.13454378901</DistanceMeters>
    </Trackpoint>
    <Trackpoint>
     <Time>2026-07-19T02:40:21+00:00</Time>
     <Position>
      <LatitudeDegrees>-33.6159600</LatitudeDegrees>
      <LongitudeDegrees>-70.9534400</LongitudeDegrees>
     </Position>
     <AltitudeMeters>540.9200000000001</AltitudeMeters>
     <DistanceMeters>62945.447358807374</DistanceMeters>
    </Trackpoint>
    <Trackpoint>
     <Time>2026-07-19T02:40:29+00:00</Time>
     <Position>
      <LatitudeDegrees>-33.6158500</LatitudeDegrees>
      <LongitudeDegrees>-70.9533000</LongitudeDegrees>
     </Position>
     <AltitudeMeters>537.8900000000001</AltitudeMeters>
     <DistanceMeters>62963.28685728438</DistanceMeters>
    </Trackpoint>
    <Trackpoint>
     <Time>2026-07-19T02:40:37+00:00</Time>
     <Position>
      <LatitudeDegrees>-33.6157600</LatitudeDegrees>
      <LongitudeDegrees>-70.9530800</LongitudeDegrees>
     </Position>
     <AltitudeMeters>537.8900000000001</AltitudeMeters>
     <DistanceMeters>62986.00469316575</DistanceMeters>
    </Trackpoint>
    <Trackpoint>
     <Time>2026-07-19T02:40:46+00:00</Time>
     <Position>
      <LatitudeDegrees>-33.6157300</LatitudeDegrees>
      <LongitudeDegrees>-70.9528600</LongitudeDegrees>
     </Position>
     <AltitudeMeters>534.52</AltitudeMeters>
     <DistanceMeters>63006.666643764336</DistanceMeters>
    </Trackpoint>
    <Trackpoint>
     <Time>2026-07-19T02:40:54+00:00</Time>
     <Position>
      <LatitudeDegrees>-33.6157600</LatitudeDegrees>
      <LongitudeDegrees>-70.9527200</LongitudeDegrees>
     </Position>
     <AltitudeMeters>534.52</AltitudeMeters>
     <DistanceMeters>63020.065038239714</DistanceMeters>
    </Trackpoint>
    <Trackpoint>
     <Time>2026-07-19T02:41:02+00:00</Time>
     <Position>
      <LatitudeDegrees>-33.6159800</LatitudeDegrees>
      <LongitudeDegrees>-70.9518700</LongitudeDegrees>
     </Position>
     <AltitudeMeters>525.03</AltitudeMeters>
     <DistanceMeters>63102.56325623795</DistanceMeters>
    </Trackpoint>
    <Trackpoint>
     <Time>2026-07-19T02:41:10+00:00</Time>
     <Position>
      <LatitudeDegrees>-33.6161400</LatitudeDegrees>
      <LongitudeDegrees>-70.9510800</LongitudeDegrees>
     </Position>
     <AltitudeMeters>516.02</AltitudeMeters>
     <DistanceMeters>63177.91733168613</DistanceMeters>
    </Trackpoint>
    <Trackpoint>
     <Time>2026-07-19T02:41:19+00:00</Time>
     <Position>
      <LatitudeDegrees>-33.6161600</LatitudeDegrees>
      <LongitudeDegrees>-70.9508900</LongitudeDegrees>
     </Position>
     <AltitudeMeters>514.47</AltitudeMeters>
     <DistanceMeters>63195.66725667045</DistanceMeters>
    </Trackpoint>
    <Trackpoint>
     <Time>2026-07-19T02:41:27+00:00</Time>
     <Position>
      <LatitudeDegrees>-33.6160900</LatitudeDegrees>
      <LongitudeDegrees>-70.9502200</LongitudeDegrees>
     </Position>
     <AltitudeMeters>508.71</AltitudeMeters>
     <DistanceMeters>63258.25179650237</DistanceMeters>
    </Trackpoint>
    <Trackpoint>
     <Time>2026-07-19T02:41:35+00:00</Time>
     <Position>
      <LatitudeDegrees>-33.6161200</LatitudeDegrees>
      <LongitudeDegrees>-70.9499600</LongitudeDegrees>
     </Position>
     <AltitudeMeters>505.70000000000005</AltitudeMeters>
     <DistanceMeters>63282.579644125966</DistanceMeters>
    </Trackpoint>
    <Trackpoint>
     <Time>2026-07-19T02:41:44+00:00</Time>
     <Position>
      <LatitudeDegrees>-33.6161800</LatitudeDegrees>
      <LongitudeDegrees>-70.9498500</LongitudeDegrees>
     </Position>
     <AltitudeMeters>503.18000000000006</AltitudeMeters>
     <DistanceMeters>63294.76706721781</DistanceMeters>
    </Trackpoint>
    <Trackpoint>
     <Time>2026-07-19T02:41:52+00:00</Time>
     <Position>
      <LatitudeDegrees>-33.6165500</LatitudeDegrees>
      <LongitudeDegrees>-70.9494500</LongitudeDegrees>
     </Position>
     <AltitudeMeters>495.88000000000005</AltitudeMeters>
     <DistanceMeters>63350.17608686682</DistanceMeters>
    </Trackpoint>
    <Trackpoint>
     <Time>2026-07-19T02:42:00+00:00</Time>
     <Position>
      <LatitudeDegrees>-33.6169200</LatitudeDegrees>
      <LongitudeDegrees>-70.9490500</LongitudeDegrees>
     </Position>
     <AltitudeMeters>492.01000000000005</AltitudeMeters>
     <DistanceMeters>63405.585072601556</DistanceMeters>
    </Trackpoint>
    <Trackpoint>
     <Time>2026-07-19T02:42:08+00:00</Time>
     <Position>
      <LatitudeDegrees>-33.6169400</LatitudeDegrees>
      <LongitudeDegrees>-70.9489600</LongitudeDegrees>
     </Position>
     <AltitudeMeters>487.47</AltitudeMeters>
     <DistanceMeters>63414.218369236034</DistanceMeters>
    </Trackpoint>
    <Trackpoint>
     <Time>2026-07-19T02:42:17+00:00</Time>
     <Position>
      <LatitudeDegrees>-33.6169400</LatitudeDegrees>
      <LongitudeDegrees>-70.9488300</LongitudeDegrees>
     </Position>
     <AltitudeMeters>487.47</AltitudeMeters>
     <DistanceMeters>63426.26707105743</DistanceMeters>
    </Trackpoint>
    <Trackpoint>
     <Time>2026-07-19T02:42:25+00:00</Time>
     <Position>
      <LatitudeDegrees>-33.6168800</LatitudeDegrees>
      <LongitudeDegrees>-70.9486900</LongitudeDegrees>
     </Position>
     <AltitudeMeters>484.65000000000003</AltitudeMeters>
     <DistanceMeters>63440.86010326416</DistanceMeters>
    </Trackpoint>
    <Trackpoint>
     <Time>2026-07-19T02:42:33+00:00</Time>
     <Position>
      <LatitudeDegrees>-33.6167900</LatitudeDegrees>
      <LongitudeDegrees>-70.9486000</LongitudeDegrees>
     </Position>
     <AltitudeMeters>483.39000000000004</AltitudeMeters>
     <DistanceMeters>63453.89512423827</DistanceMeters>
    </Trackpoint>
    <Trackpoint>
     <Time>2026-07-19T02:42:41+00:00</Time>
     <Position>
      <LatitudeDegrees>-33.6163600</LatitudeDegrees>
      <LongitudeDegrees>-70.9486400</LongitudeDegrees>
     </Position>
     <AltitudeMeters>478.98</AltitudeMeters>
     <DistanceMeters>63501.89564707431</DistanceMeters>
    </Trackpoint>
    <Trackpoint>
     <Time>2026-07-19T02:42:50+00:00</Time>
     <Position>
      <LatitudeDegrees>-33.6161600</LatitudeDegrees>
      <LongitudeDegrees>-70.9486900</LongitudeDegrees>
     </Position>
     <AltitudeMeters>476.54</AltitudeMeters>
     <DistanceMeters>63524.6320606273</DistanceMeters>
    </Trackpoint>
    <Trackpoint>
     <Time>2026-07-19T02:42:58+00:00</Time>
     <Position>
      <LatitudeDegrees>-33.6160900</LatitudeDegrees>
      <LongitudeDegrees>-70.9486900</LongitudeDegrees>
     </Position>
     <AltitudeMeters>474.98</AltitudeMeters>
     <DistanceMeters>63532.42275818826</DistanceMeters>
    </Trackpoint>
    <Trackpoint>
     <Time>2026-07-19T02:43:06+00:00</Time>
     <Position>
      <LatitudeDegrees>-33.6159800</LatitudeDegrees>
      <LongitudeDegrees>-70.9486500</LongitudeDegrees>
     </Position>
     <AltitudeMeters>474.4200000000001</AltitudeMeters>
     <DistanceMeters>63545.214307001115</DistanceMeters>
    </Trackpoint>
    <Trackpoint>
     <Time>2026-07-19T02:43:15+00:00</Time>
     <Position>
      <LatitudeDegrees>-33.6157500</LatitudeDegrees>
      <LongitudeDegrees>-70.9484800</LongitudeDegrees>
     </Position>
     <AltitudeMeters>470.76</AltitudeMeters>
     <DistanceMeters>63575.27284134392</DistanceMeters>
    </Trackpoint>
    <Trackpoint>
     <Time>2026-07-19T02:43:23+00:00</Time>
     <Position>
      <LatitudeDegrees>-33.6154000</LatitudeDegrees>
      <LongitudeDegrees>-70.9481600</LongitudeDegrees>
     </Position>
     <AltitudeMeters>462.75000000000006</AltitudeMeters>
     <DistanceMeters>63624.232205943415</DistanceMeters>
    </Trackpoint>
    <Trackpoint>
     <Time>2026-07-19T02:43:31+00:00</Time>
     <Position>
      <LatitudeDegrees>-33.6150200</LatitudeDegrees>
      <LongitudeDegrees>-70.9477200</LongitudeDegrees>
     </Position>
     <AltitudeMeters>455.18</AltitudeMeters>
     <DistanceMeters>63682.983689299304</DistanceMeters>
    </Trackpoint>
    <Trackpoint>
     <Time>2026-07-19T02:43:39+00:00</Time>
     <Position>
      <LatitudeDegrees>-33.6148600</LatitudeDegrees>
      <LongitudeDegrees>-70.9476200</LongitudeDegrees>
     </Position>
     <AltitudeMeters>455.18</AltitudeMeters>
     <DistanceMeters>63703.0586577415</DistanceMeters>
    </Trackpoint>
    <Trackpoint>
     <Time>2026-07-19T02:43:48+00:00</Time>
     <Position>
      <LatitudeDegrees>-33.6146200</LatitudeDegrees>
      <LongitudeDegrees>-70.9473400</LongitudeDegrees>
     </Position>
     <AltitudeMeters>448.38000000000005</AltitudeMeters>
     <DistanceMeters>63740.30066266403</DistanceMeters>
    </Trackpoint>
    <Trackpoint>
     <Time>2026-07-19T02:43:56+00:00</Time>
     <Position>
      <LatitudeDegrees>-33.6145000</LatitudeDegrees>
      <LongitudeDegrees>-70.9472700</LongitudeDegrees>
     </Position>
     <AltitudeMeters>447.15000000000003</AltitudeMeters>
     <DistanceMeters>63755.14863472206</DistanceMeters>
    </Trackpoint>
    <Trackpoint>
     <Time>2026-07-19T02:44:04+00:00</Time>
     <Position>
      <LatitudeDegrees>-33.6143900</LatitudeDegrees>
      <LongitudeDegrees>-70.9472600</LongitudeDegrees>
     </Position>
     <AltitudeMeters>446.53000000000003</AltitudeMeters>
     <DistanceMeters>63767.426194047235</DistanceMeters>
    </Trackpoint>
    <Trackpoint>
     <Time>2026-07-19T02:44:12+00:00</Time>
     <Position>
      <LatitudeDegrees>-33.6139200</LatitudeDegrees>
      <LongitudeDegrees>-70.9474000</LongitudeDegrees>
     </Position>
     <AltitudeMeters>443.74</AltitudeMeters>
     <DistanceMeters>63821.32056670753</DistanceMeters>
    </Trackpoint>
    <Trackpoint>
     <Time>2026-07-19T02:44:21+00:00</Time>
     <Position>
      <LatitudeDegrees>-33.6136100</LatitudeDegrees>
      <LongitudeDegrees>-70.9476200</LongitudeDegrees>
     </Position>
     <AltitudeMeters>442.19</AltitudeMeters>
     <DistanceMeters>63861.397390886064</DistanceMeters>
    </Trackpoint>
    <Trackpoint>
     <Time>2026-07-19T02:44:29+00:00</Time>
     <Position>
      <LatitudeDegrees>-33.6134700</LatitudeDegrees>
      <LongitudeDegrees>-70.9477100</LongitudeDegrees>
     </Position>
     <AltitudeMeters>441.11000000000007</AltitudeMeters>
     <DistanceMeters>63879.07122655166</DistanceMeters>
    </Trackpoint>
    <Trackpoint>
     <Time>2026-07-19T02:44:37+00:00</Time>
     <Position>
      <LatitudeDegrees>-33.6134100</LatitudeDegrees>
      <LongitudeDegrees>-70.9477100</LongitudeDegrees>
     </Position>
     <AltitudeMeters>440.53000000000003</AltitudeMeters>
     <DistanceMeters>63885.74896731786</DistanceMeters>
    </Trackpoint>
    <Trackpoint>
     <Time>2026-07-19T02:44:46+00:00</Time>
     <Position>
      <LatitudeDegrees>-33.6133200</LatitudeDegrees>
      <LongitudeDegrees>-70.9476700</LongitudeDegrees>
     </Position>
     <AltitudeMeters>439.59000000000003</AltitudeMeters>
     <DistanceMeters>63896.429681693066</DistanceMeters>
    </Trackpoint>
    <Trackpoint>
     <Time>2026-07-19T02:44:54+00:00</Time>
     <Position>
      <LatitudeDegrees>-33.6132100</LatitudeDegrees>
      <LongitudeDegrees>-70.9475700</LongitudeDegrees>
     </Position>
     <AltitudeMeters>438.21000000000004</AltitudeMeters>
     <DistanceMeters>63911.785034678986</DistanceMeters>
    </Trackpoint>
    <Trackpoint>
     <Time>2026-07-19T02:45:02+00:00</Time>
     <Position>
      <LatitudeDegrees>-33.6130000</LatitudeDegrees>
      <LongitudeDegrees>-70.9472600</LongitudeDegrees>
     </Position>
     <AltitudeMeters>435.92</AltitudeMeters>
     <DistanceMeters>63948.82323668724</DistanceMeters>
    </Trackpoint>
    <Trackpoint>
     <Time>2026-07-19T02:45:10+00:00</Time>
     <Position>
      <LatitudeDegrees>-33.6126000</LatitudeDegrees>
      <LongitudeDegrees>-70.9468300</LongitudeDegrees>
     </Position>
     <AltitudeMeters>430.65000000000003</AltitudeMeters>
     <DistanceMeters>64008.57547935589</DistanceMeters>
    </Trackpoint>
    <Trackpoint>
     <Time>2026-07-19T02:45:19+00:00</Time>
     <Position>
      <LatitudeDegrees>-33.6122000</LatitudeDegrees>
      <LongitudeDegrees>-70.9464000</LongitudeDegrees>
     </Position>
     <AltitudeMeters>423.38000000000005</AltitudeMeters>
     <DistanceMeters>64068.32771098171</DistanceMeters>
    </Trackpoint>
    <Trackpoint>
     <Time>2026-07-19T02:45:27+00:00</Time>
     <Position>
      <LatitudeDegrees>-33.6118600</LatitudeDegrees>
      <LongitudeDegrees>-70.9459500</LongitudeDegrees>
     </Position>
     <AltitudeMeters>416.92</AltitudeMeters>
     <DistanceMeters>64124.644507483936</DistanceMeters>
    </Trackpoint>
    <Trackpoint>
     <Time>2026-07-19T02:45:35+00:00</Time>
     <Position>
      <LatitudeDegrees>-33.6117100</LatitudeDegrees>
      <LongitudeDegrees>-70.9457000</LongitudeDegrees>
     </Position>
     <AltitudeMeters>413.68000000000006</AltitudeMeters>
     <DistanceMeters>64153.20394388738</DistanceMeters>
    </Trackpoint>
    <Trackpoint>
     <Time>2026-07-19T02:45:43+00:00</Time>
     <Position>
      <LatitudeDegrees>-33.6114800</LatitudeDegrees>
      <LongitudeDegrees>-70.9451700</LongitudeDegrees>
     </Position>
     <AltitudeMeters>409.53000000000003</AltitudeMeters>
     <DistanceMeters>64208.597912849116</DistanceMeters>
    </Trackpoint>
    <Trackpoint>
     <Time>2026-07-19T02:45:52+00:00</Time>
     <Position>
      <LatitudeDegrees>-33.6114100</LatitudeDegrees>
      <LongitudeDegrees>-70.9448800</LongitudeDegrees>
     </Position>
     <AltitudeMeters>408.17</AltitudeMeters>
     <DistanceMeters>64236.583751435595</DistanceMeters>
    </Trackpoint>
    <Trackpoint>
     <Time>2026-07-19T02:46:00+00:00</Time>
     <Position>
      <LatitudeDegrees>-33.6113900</LatitudeDegrees>
      <LongitudeDegrees>-70.9445700</LongitudeDegrees>
     </Position>
     <AltitudeMeters>407.06</AltitudeMeters>
     <DistanceMeters>64265.40320742914</DistanceMeters>
    </Trackpoint>
    <Trackpoint>
     <Time>2026-07-19T02:46:08+00:00</Time>
     <Position>
      <LatitudeDegrees>-33.6114150</LatitudeDegrees>
      <LongitudeDegrees>-70.9435450</LongitudeDegrees>
     </Position>
     <AltitudeMeters>399.02000000000004</AltitudeMeters>
     <DistanceMeters>64360.449405932806</DistanceMeters>
    </Trackpoint>
    <Trackpoint>
     <Time>2026-07-19T02:46:17+00:00</Time>
     <Position>
      <LatitudeDegrees>-33.6114400</LatitudeDegrees>
      <LongitudeDegrees>-70.9425200</LongitudeDegrees>
     </Position>
     <AltitudeMeters>394.93000000000006</AltitudeMeters>
     <DistanceMeters>64455.4956160805</DistanceMeters>
    </Trackpoint>
    <Trackpoint>
     <Time>2026-07-19T02:46:25+00:00</Time>
     <Position>
      <LatitudeDegrees>-33.6114600</LatitudeDegrees>
      <LongitudeDegrees>-70.9422400</LongitudeDegrees>
     </Position>
     <AltitudeMeters>393.37000000000006</AltitudeMeters>
     <DistanceMeters>64481.54360045104</DistanceMeters>
    </Trackpoint>
    <Trackpoint>
     <Time>2026-07-19T02:46:33+00:00</Time>
     <Position>
      <LatitudeDegrees>-33.6115300</LatitudeDegrees>
      <LongitudeDegrees>-70.9420200</LongitudeDegrees>
     </Position>
     <AltitudeMeters>391.39</AltitudeMeters>
     <DistanceMeters>64503.37257475564</DistanceMeters>
    </Trackpoint>
    <Trackpoint>
     <Time>2026-07-19T02:46:41+00:00</Time>
     <Position>
      <LatitudeDegrees>-33.6116200</LatitudeDegrees>
      <LongitudeDegrees>-70.9418400</LongitudeDegrees>
     </Position>
     <AltitudeMeters>390.26000000000005</AltitudeMeters>
     <DistanceMeters>64522.83236823993</DistanceMeters>
    </Trackpoint>
    <Trackpoint>
     <Time>2026-07-19T02:46:50+00:00</Time>
     <Position>
      <LatitudeDegrees>-33.6121633</LatitudeDegrees>
      <LongitudeDegrees>-70.9410967</LongitudeDegrees>
     </Position>
     <AltitudeMeters>383.90000000000003</AltitudeMeters>
     <DistanceMeters>64614.50330352011</DistanceMeters>
    </Trackpoint>
    <Trackpoint>
     <Time>2026-07-19T02:46:58+00:00</Time>
     <Position>
      <LatitudeDegrees>-33.6127067</LatitudeDegrees>
      <LongitudeDegrees>-70.9403533</LongitudeDegrees>
     </Position>
     <AltitudeMeters>378.45</AltitudeMeters>
     <DistanceMeters>64706.174238802414</DistanceMeters>
    </Trackpoint>
    <Trackpoint>
     <Time>2026-07-19T02:47:06+00:00</Time>
     <Position>
      <LatitudeDegrees>-33.6132500</LatitudeDegrees>
      <LongitudeDegrees>-70.9396100</LongitudeDegrees>
     </Position>
     <AltitudeMeters>373.35</AltitudeMeters>
     <DistanceMeters>64797.845165288876</DistanceMeters>
    </Trackpoint>
    <Trackpoint>
     <Time>2026-07-19T02:47:14+00:00</Time>
     <Position>
      <LatitudeDegrees>-33.6134500</LatitudeDegrees>
      <LongitudeDegrees>-70.9394000</LongitudeDegrees>
     </Position>
     <AltitudeMeters>372.31</AltitudeMeters>
     <DistanceMeters>64827.41407214243</DistanceMeters>
    </Trackpoint>
    <Trackpoint>
     <Time>2026-07-19T02:47:23+00:00</Time>
     <Position>
      <LatitudeDegrees>-33.6138850</LatitudeDegrees>
      <LongitudeDegrees>-70.9390300</LongitudeDegrees>
     </Position>
     <AltitudeMeters>368.95000000000005</AltitudeMeters>
     <DistanceMeters>64886.74311103871</DistanceMeters>
    </Trackpoint>
    <Trackpoint>
     <Time>2026-07-19T02:47:31+00:00</Time>
     <Position>
      <LatitudeDegrees>-33.6143200</LatitudeDegrees>
      <LongitudeDegrees>-70.9386600</LongitudeDegrees>
     </Position>
     <AltitudeMeters>366.7300000000001</AltitudeMeters>
     <DistanceMeters>64946.07214851999</DistanceMeters>
    </Trackpoint>
    <Trackpoint>
     <Time>2026-07-19T02:47:39+00:00</Time>
     <Position>
      <LatitudeDegrees>-33.6147050</LatitudeDegrees>
      <LongitudeDegrees>-70.9383100</LongitudeDegrees>
     </Position>
     <AltitudeMeters>365.31</AltitudeMeters>
     <DistanceMeters>64999.81554576118</DistanceMeters>
    </Trackpoint>
    <Trackpoint>
     <Time>2026-07-19T02:47:47+00:00</Time>
     <Position>
      <LatitudeDegrees>-33.6150900</LatitudeDegrees>
      <LongitudeDegrees>-70.9379600</LongitudeDegrees>
     </Position>
     <AltitudeMeters>364.3</AltitudeMeters>
     <DistanceMeters>65053.55896514308</DistanceMeters>
    </Trackpoint>
    <Trackpoint>
     <Time>2026-07-19T02:47:56+00:00</Time>
     <Position>
      <LatitudeDegrees>-33.6151800</LatitudeDegrees>
      <LongitudeDegrees>-70.9378100</LongitudeDegrees>
     </Position>
     <AltitudeMeters>364.3</AltitudeMeters>
     <DistanceMeters>65070.69418856747</DistanceMeters>
    </Trackpoint>
    <Trackpoint>
     <Time>2026-07-19T02:48:04+00:00</Time>
     <Position>
      <LatitudeDegrees>-33.6152000</LatitudeDegrees>
      <LongitudeDegrees>-70.9376300</LongitudeDegrees>
     </Position>
     <AltitudeMeters>363.83000000000004</AltitudeMeters>
     <DistanceMeters>65087.525184003374</DistanceMeters>
    </Trackpoint>
    <Trackpoint>
     <Time>2026-07-19T02:48:12+00:00</Time>
     <Position>
      <LatitudeDegrees>-33.6152000</LatitudeDegrees>
      <LongitudeDegrees>-70.9375000</LongitudeDegrees>
     </Position>
     <AltitudeMeters>363.83000000000004</AltitudeMeters>
     <DistanceMeters>65099.57412908237</DistanceMeters>
    </Trackpoint>
    <Trackpoint>
     <Time>2026-07-19T02:48:21+00:00</Time>
     <Position>
      <LatitudeDegrees>-33.6151500</LatitudeDegrees>
      <LongitudeDegrees>-70.9372400</LongitudeDegrees>
     </Position>
     <AltitudeMeters>363.50000000000006</AltitudeMeters>
     <DistanceMeters>65124.30620274157</DistanceMeters>
    </Trackpoint>
    <Trackpoint>
     <Time>2026-07-19T02:48:29+00:00</Time>
     <Position>
      <LatitudeDegrees>-33.6148290</LatitudeDegrees>
      <LongitudeDegrees>-70.9362900</LongitudeDegrees>
     </Position>
     <AltitudeMeters>362.63</AltitudeMeters>
     <DistanceMeters>65219.32955906416</DistanceMeters>
    </Trackpoint>
    <Trackpoint>
     <Time>2026-07-19T02:48:37+00:00</Time>
     <Position>
      <LatitudeDegrees>-33.6145081</LatitudeDegrees>
      <LongitudeDegrees>-70.9353399</LongitudeDegrees>
     </Position>
     <AltitudeMeters>361.03000000000003</AltitudeMeters>
     <DistanceMeters>65314.35291538696</DistanceMeters>
    </Trackpoint>
    <Trackpoint>
     <Time>2026-07-19T02:48:45+00:00</Time>
     <Position>
      <LatitudeDegrees>-33.6141871</LatitudeDegrees>
      <LongitudeDegrees>-70.9343899</LongitudeDegrees>
     </Position>
     <AltitudeMeters>359.74</AltitudeMeters>
     <DistanceMeters>65409.37627170879</DistanceMeters>
    </Trackpoint>
    <Trackpoint>
     <Time>2026-07-19T02:48:54+00:00</Time>
     <Position>
      <LatitudeDegrees>-33.6138661</LatitudeDegrees>
      <LongitudeDegrees>-70.9334399</LongitudeDegrees>
     </Position>
     <AltitudeMeters>359.57000000000005</AltitudeMeters>
     <DistanceMeters>65504.399628029394</DistanceMeters>
    </Trackpoint>
    <Trackpoint>
     <Time>2026-07-19T02:49:02+00:00</Time>
     <Position>
      <LatitudeDegrees>-33.6135451</LatitudeDegrees>
      <LongitudeDegrees>-70.9324899</LongitudeDegrees>
     </Position>
     <AltitudeMeters>359.77000000000004</AltitudeMeters>
     <DistanceMeters>65599.42298435331</DistanceMeters>
    </Trackpoint>
    <Trackpoint>
     <Time>2026-07-19T02:49:10+00:00</Time>
     <Position>
      <LatitudeDegrees>-33.6132241</LatitudeDegrees>
      <LongitudeDegrees>-70.9315399</LongitudeDegrees>
     </Position>
     <AltitudeMeters>360.00000000000006</AltitudeMeters>
     <DistanceMeters>65694.4463406739</DistanceMeters>
    </Trackpoint>
    <Trackpoint>
     <Time>2026-07-19T02:49:18+00:00</Time>
     <Position>
      <LatitudeDegrees>-33.6129031</LatitudeDegrees>
      <LongitudeDegrees>-70.9305899</LongitudeDegrees>
     </Position>
     <AltitudeMeters>360.42</AltitudeMeters>
     <DistanceMeters>65789.4696969963</DistanceMeters>
    </Trackpoint>
    <Trackpoint>
     <Time>2026-07-19T02:49:27+00:00</Time>
     <Position>
      <LatitudeDegrees>-33.6125821</LatitudeDegrees>
      <LongitudeDegrees>-70.9296399</LongitudeDegrees>
     </Position>
     <AltitudeMeters>361.27000000000004</AltitudeMeters>
     <DistanceMeters>65884.49305331813</DistanceMeters>
    </Trackpoint>
    <Trackpoint>
     <Time>2026-07-19T02:49:35+00:00</Time>
     <Position>
      <LatitudeDegrees>-33.6122610</LatitudeDegrees>
      <LongitudeDegrees>-70.9286900</LongitudeDegrees>
     </Position>
     <AltitudeMeters>361.71000000000004</AltitudeMeters>
     <DistanceMeters>65979.51640964154</DistanceMeters>
    </Trackpoint>
    <Trackpoint>
     <Time>2026-07-19T02:49:43+00:00</Time>
     <Position>
      <LatitudeDegrees>-33.6119400</LatitudeDegrees>
      <LongitudeDegrees>-70.9277400</LongitudeDegrees>
     </Position>
     <AltitudeMeters>362.28000000000003</AltitudeMeters>
     <DistanceMeters>66074.53976082307</DistanceMeters>
    </Trackpoint>
    <Trackpoint>
     <Time>2026-07-19T02:49:52+00:00</Time>
     <Position>
      <LatitudeDegrees>-33.6116800</LatitudeDegrees>
      <LongitudeDegrees>-70.9270500</LongitudeDegrees>
     </Position>
     <AltitudeMeters>362.54</AltitudeMeters>
     <DistanceMeters>66144.73616220972</DistanceMeters>
    </Trackpoint>
    <Trackpoint>
     <Time>2026-07-19T02:50:00+00:00</Time>
     <Position>
      <LatitudeDegrees>-33.6114633</LatitudeDegrees>
      <LongitudeDegrees>-70.9263467</LongitudeDegrees>
     </Position>
     <AltitudeMeters>362.74</AltitudeMeters>
     <DistanceMeters>66214.2439081628</DistanceMeters>
    </Trackpoint>
    <Trackpoint>
     <Time>2026-07-19T02:50:08+00:00</Time>
     <Position>
      <LatitudeDegrees>-33.6112467</LatitudeDegrees>
      <LongitudeDegrees>-70.9256433</LongitudeDegrees>
     </Position>
     <AltitudeMeters>363.46</AltitudeMeters>
     <DistanceMeters>66283.7516541155</DistanceMeters>
    </Trackpoint>
    <Trackpoint>
     <Time>2026-07-19T02:50:16+00:00</Time>
     <Position>
      <LatitudeDegrees>-33.6110300</LatitudeDegrees>
      <LongitudeDegrees>-70.9249400</LongitudeDegrees>
     </Position>
     <AltitudeMeters>364.33000000000004</AltitudeMeters>
     <DistanceMeters>66353.2594103663</DistanceMeters>
    </Trackpoint>
    <Trackpoint>
     <Time>2026-07-19T02:50:25+00:00</Time>
     <Position>
      <LatitudeDegrees>-33.6107000</LatitudeDegrees>
      <LongitudeDegrees>-70.9239800</LongitudeDegrees>
     </Position>
     <AltitudeMeters>364.97</AltitudeMeters>
     <DistanceMeters>66449.52252115608</DistanceMeters>
    </Trackpoint>
    <Trackpoint>
     <Time>2026-07-19T02:50:33+00:00</Time>
     <Position>
      <LatitudeDegrees>-33.6105000</LatitudeDegrees>
      <LongitudeDegrees>-70.9235000</LongitudeDegrees>
     </Position>
     <AltitudeMeters>365.79</AltitudeMeters>
     <DistanceMeters>66499.2708804095</DistanceMeters>
    </Trackpoint>
    <Trackpoint>
     <Time>2026-07-19T02:50:41+00:00</Time>
     <Position>
      <LatitudeDegrees>-33.6102300</LatitudeDegrees>
      <LongitudeDegrees>-70.9230100</LongitudeDegrees>
     </Position>
     <AltitudeMeters>365.94000000000005</AltitudeMeters>
     <DistanceMeters>66553.72975698247</DistanceMeters>
    </Trackpoint>
    <Trackpoint>
     <Time>2026-07-19T02:50:49+00:00</Time>
     <Position>
      <LatitudeDegrees>-33.6099800</LatitudeDegrees>
      <LongitudeDegrees>-70.9226800</LongitudeDegrees>
     </Position>
     <AltitudeMeters>365.83000000000004</AltitudeMeters>
     <DistanceMeters>66595.0791376059</DistanceMeters>
    </Trackpoint>
    <Trackpoint>
     <Time>2026-07-19T02:50:58+00:00</Time>
     <Position>
      <LatitudeDegrees>-33.6094700</LatitudeDegrees>
      <LongitudeDegrees>-70.9218600</LongitudeDegrees>
     </Position>
     <AltitudeMeters>366.02</AltitudeMeters>
     <DistanceMeters>66689.94050829636</DistanceMeters>
    </Trackpoint>
    <Trackpoint>
     <Time>2026-07-19T02:51:06+00:00</Time>
     <Position>
      <LatitudeDegrees>-33.6089925</LatitudeDegrees>
      <LongitudeDegrees>-70.9211450</LongitudeDegrees>
     </Position>
     <AltitudeMeters>366.21000000000004</AltitudeMeters>
     <DistanceMeters>66774.89072251461</DistanceMeters>
    </Trackpoint>
    <Trackpoint>
     <Time>2026-07-19T02:51:14+00:00</Time>
     <Position>
      <LatitudeDegrees>-33.6085150</LatitudeDegrees>
      <LongitudeDegrees>-70.9204300</LongitudeDegrees>
     </Position>
     <AltitudeMeters>366.39000000000004</AltitudeMeters>
     <DistanceMeters>66859.84093673166</DistanceMeters>
    </Trackpoint>
    <Trackpoint>
     <Time>2026-07-19T02:51:23+00:00</Time>
     <Position>
      <LatitudeDegrees>-33.6080375</LatitudeDegrees>
      <LongitudeDegrees>-70.9197150</LongitudeDegrees>
     </Position>
     <AltitudeMeters>366.81</AltitudeMeters>
     <DistanceMeters>66944.79115094943</DistanceMeters>
    </Trackpoint>
    <Trackpoint>
     <Time>2026-07-19T02:51:31+00:00</Time>
     <Position>
      <LatitudeDegrees>-33.6075600</LatitudeDegrees>
      <LongitudeDegrees>-70.9190000</LongitudeDegrees>
     </Position>
     <AltitudeMeters>367.44000000000005</AltitudeMeters>
     <DistanceMeters>67029.74137414398</DistanceMeters>
    </Trackpoint>
    <Trackpoint>
     <Time>2026-07-19T02:51:39+00:00</Time>
     <Position>
      <LatitudeDegrees>-33.6071200</LatitudeDegrees>
      <LongitudeDegrees>-70.9183550</LongitudeDegrees>
     </Position>
     <AltitudeMeters>367.87</AltitudeMeters>
     <DistanceMeters>67107.02385420982</DistanceMeters>
    </Trackpoint>
    <Trackpoint>
     <Time>2026-07-19T02:51:47+00:00</Time>
     <Position>
      <LatitudeDegrees>-33.6066800</LatitudeDegrees>
      <LongitudeDegrees>-70.9177100</LongitudeDegrees>
     </Position>
     <AltitudeMeters>368.18</AltitudeMeters>
     <DistanceMeters>67184.30633427472</DistanceMeters>
    </Trackpoint>
    <Trackpoint>
     <Time>2026-07-19T02:51:56+00:00</Time>
     <Position>
      <LatitudeDegrees>-33.6062400</LatitudeDegrees>
      <LongitudeDegrees>-70.9170650</LongitudeDegrees>
     </Position>
     <AltitudeMeters>368.89000000000004</AltitudeMeters>
     <DistanceMeters>67261.5888143391</DistanceMeters>
    </Trackpoint>
    <Trackpoint>
     <Time>2026-07-19T02:52:04+00:00</Time>
     <Position>
      <LatitudeDegrees>-33.6058000</LatitudeDegrees>
      <LongitudeDegrees>-70.9164200</LongitudeDegrees>
     </Position>
     <AltitudeMeters>369.54</AltitudeMeters>
     <DistanceMeters>67338.87128798844</DistanceMeters>
    </Trackpoint>
    <Trackpoint>
     <Time>2026-07-19T02:52:12+00:00</Time>
     <Position>
      <LatitudeDegrees>-33.6056200</LatitudeDegrees>
      <LongitudeDegrees>-70.9161000</LongitudeDegrees>
     </Position>
     <AltitudeMeters>369.64000000000004</AltitudeMeters>
     <DistanceMeters>67374.6648142445</DistanceMeters>
    </Trackpoint>
    <Trackpoint>
     <Time>2026-07-19T02:52:20+00:00</Time>
     <Position>
      <LatitudeDegrees>-33.6055900</LatitudeDegrees>
      <LongitudeDegrees>-70.9159700</LongitudeDegrees>
     </Position>
     <AltitudeMeters>369.52</AltitudeMeters>
     <DistanceMeters>67387.16911170312</DistanceMeters>
    </Trackpoint>
    <Trackpoint>
     <Time>2026-07-19T02:52:29+00:00</Time>
     <Position>
      <LatitudeDegrees>-33.6056200</LatitudeDegrees>
      <LongitudeDegrees>-70.9158000</LongitudeDegrees>
     </Position>
     <AltitudeMeters>369.11</AltitudeMeters>
     <DistanceMeters>67403.27702034592</DistanceMeters>
    </Trackpoint>
    <Trackpoint>
     <Time>2026-07-19T02:52:37+00:00</Time>
     <Position>
      <LatitudeDegrees>-33.6056800</LatitudeDegrees>
      <LongitudeDegrees>-70.9157100</LongitudeDegrees>
     </Position>
     <AltitudeMeters>368.82000000000005</AltitudeMeters>
     <DistanceMeters>67413.96297157099</DistanceMeters>
    </Trackpoint>
    <Trackpoint>
     <Time>2026-07-19T02:52:45+00:00</Time>
     <Position>
      <LatitudeDegrees>-33.6059700</LatitudeDegrees>
      <LongitudeDegrees>-70.9154700</LongitudeDegrees>
     </Position>
     <AltitudeMeters>367.86</AltitudeMeters>
     <DistanceMeters>67453.16292307053</DistanceMeters>
    </Trackpoint>
    <Trackpoint>
     <Time>2026-07-19T02:52:54+00:00</Time>
     <Position>
      <LatitudeDegrees>-33.6060400</LatitudeDegrees>
      <LongitudeDegrees>-70.9153400</LongitudeDegrees>
     </Position>
     <AltitudeMeters>367.50000000000006</AltitudeMeters>
     <DistanceMeters>67467.51224433047</DistanceMeters>
    </Trackpoint>
    <Trackpoint>
     <Time>2026-07-19T02:53:02+00:00</Time>
     <Position>
      <LatitudeDegrees>-33.6060600</LatitudeDegrees>
      <LongitudeDegrees>-70.9152000</LongitudeDegrees>
     </Position>
     <AltitudeMeters>367.42</AltitudeMeters>
     <DistanceMeters>67480.67892527857</DistanceMeters>
    </Trackpoint>
    <Trackpoint>
     <Time>2026-07-19T02:53:10+00:00</Time>
     <Position>
      <LatitudeDegrees>-33.6060400</LatitudeDegrees>
      <LongitudeDegrees>-70.9150700</LongitudeDegrees>
     </Position>
     <AltitudeMeters>367.38000000000005</AltitudeMeters>
     <DistanceMeters>67492.9330099809</DistanceMeters>
    </Trackpoint>
    <Trackpoint>
     <Time>2026-07-19T02:53:18+00:00</Time>
     <Position>
      <LatitudeDegrees>-33.6059700</LatitudeDegrees>
      <LongitudeDegrees>-70.9148900</LongitudeDegrees>
     </Position>
     <AltitudeMeters>367.41</AltitudeMeters>
     <DistanceMeters>67511.34718939119</DistanceMeters>
    </Trackpoint>
    <Trackpoint>
     <Time>2026-07-19T02:53:27+00:00</Time>
     <Position>
      <LatitudeDegrees>-33.6055600</LatitudeDegrees>
      <LongitudeDegrees>-70.9142050</LongitudeDegrees>
     </Position>
     <AltitudeMeters>368.18</AltitudeMeters>
     <DistanceMeters>67589.53876493828</DistanceMeters>
    </Trackpoint>
    <Trackpoint>
     <Time>2026-07-19T02:53:35+00:00</Time>
     <Position>
      <LatitudeDegrees>-33.6051500</LatitudeDegrees>
      <LongitudeDegrees>-70.9135200</LongitudeDegrees>
     </Position>
     <AltitudeMeters>368.42</AltitudeMeters>
     <DistanceMeters>67667.73033596808</DistanceMeters>
    </Trackpoint>
    <Trackpoint>
     <Time>2026-07-19T02:53:43+00:00</Time>
     <Position>
      <LatitudeDegrees>-33.6049900</LatitudeDegrees>
      <LongitudeDegrees>-70.9132800</LongitudeDegrees>
     </Position>
     <AltitudeMeters>368.52</AltitudeMeters>
     <DistanceMeters>67696.22632273725</DistanceMeters>
    </Trackpoint>
    <Trackpoint>
     <Time>2026-07-19T02:53:51+00:00</Time>
     <Position>
      <LatitudeDegrees>-33.6045100</LatitudeDegrees>
      <LongitudeDegrees>-70.9124500</LongitudeDegrees>
     </Position>
     <AltitudeMeters>369.19</AltitudeMeters>
     <DistanceMeters>67789.89204166365</DistanceMeters>
    </Trackpoint>
    <Trackpoint>
     <Time>2026-07-19T02:54:00+00:00</Time>
     <Position>
      <LatitudeDegrees>-33.6040300</LatitudeDegrees>
      <LongitudeDegrees>-70.9116200</LongitudeDegrees>
     </Position>
     <AltitudeMeters>369.37</AltitudeMeters>
     <DistanceMeters>67883.55778119448</DistanceMeters>
    </Trackpoint>
    <Trackpoint>
     <Time>2026-07-19T02:54:08+00:00</Time>
     <Position>
      <LatitudeDegrees>-33.6039200</LatitudeDegrees>
      <LongitudeDegrees>-70.9112900</LongitudeDegrees>
     </Position>
     <AltitudeMeters>369.47</AltitudeMeters>
     <DistanceMeters>67916.50642652603</DistanceMeters>
    </Trackpoint>
    <Trackpoint>
     <Time>2026-07-19T02:54:16+00:00</Time>
     <Position>
      <LatitudeDegrees>-33.6039400</LatitudeDegrees>
      <LongitudeDegrees>-70.9111300</LongitudeDegrees>
     </Position>
     <AltitudeMeters>369.95000000000005</AltitudeMeters>
     <DistanceMeters>67931.50393982197</DistanceMeters>
    </Trackpoint>
    <Trackpoint>
     <Time>2026-07-19T02:54:25+00:00</Time>
     <Position>
      <LatitudeDegrees>-33.6040000</LatitudeDegrees>
      <LongitudeDegrees>-70.9109500</LongitudeDegrees>
     </Position>
     <AltitudeMeters>370.66</AltitudeMeters>
     <DistanceMeters>67949.47592908327</DistanceMeters>
    </Trackpoint>
    <Trackpoint>
     <Time>2026-07-19T02:54:33+00:00</Time>
     <Position>
      <LatitudeDegrees>-33.6042700</LatitudeDegrees>
      <LongitudeDegrees>-70.9106500</LongitudeDegrees>
     </Position>
     <AltitudeMeters>371.55</AltitudeMeters>
     <DistanceMeters>67990.41885708708</DistanceMeters>
    </Trackpoint>
    <Trackpoint>
     <Time>2026-07-19T02:54:41+00:00</Time>
     <Position>
      <LatitudeDegrees>-33.6049600</LatitudeDegrees>
      <LongitudeDegrees>-70.9101200</LongitudeDegrees>
     </Position>
     <AltitudeMeters>371.86</AltitudeMeters>
     <DistanceMeters>68081.58303461703</DistanceMeters>
    </Trackpoint>
    <Trackpoint>
     <Time>2026-07-19T02:54:49+00:00</Time>
     <Position>
      <LatitudeDegrees>-33.6056500</LatitudeDegrees>
      <LongitudeDegrees>-70.9095900</LongitudeDegrees>
     </Position>
     <AltitudeMeters>371.94000000000005</AltitudeMeters>
     <DistanceMeters>68172.74721214881</DistanceMeters>
    </Trackpoint>
    <Trackpoint>
     <Time>2026-07-19T02:54:58+00:00</Time>
     <Position>
      <LatitudeDegrees>-33.6063400</LatitudeDegrees>
      <LongitudeDegrees>-70.9090600</LongitudeDegrees>
     </Position>
     <AltitudeMeters>372.11000000000007</AltitudeMeters>
     <DistanceMeters>68263.91139142236</DistanceMeters>
    </Trackpoint>
    <Trackpoint>
     <Time>2026-07-19T02:55:06+00:00</Time>
     <Position>
      <LatitudeDegrees>-33.6064400</LatitudeDegrees>
      <LongitudeDegrees>-70.9090200</LongitudeDegrees>
     </Position>
     <AltitudeMeters>372.09000000000003</AltitudeMeters>
     <DistanceMeters>68275.64231925132</DistanceMeters>
    </Trackpoint>
    <Trackpoint>
     <Time>2026-07-19T02:55:14+00:00</Time>
     <Position>
      <LatitudeDegrees>-33.6065800</LatitudeDegrees>
      <LongitudeDegrees>-70.9089800</LongitudeDegrees>
     </Position>
     <AltitudeMeters>371.96</AltitudeMeters>
     <DistanceMeters>68291.65878642739</DistanceMeters>
    </Trackpoint>
    <Trackpoint>
     <Time>2026-07-19T02:55:22+00:00</Time>
     <Position>
      <LatitudeDegrees>-33.6073000</LatitudeDegrees>
      <LongitudeDegrees>-70.9091100</LongitudeDegrees>
     </Position>
     <AltitudeMeters>371.85</AltitudeMeters>
     <DistanceMeters>68372.69263635333</DistanceMeters>
    </Trackpoint>
    <Trackpoint>
     <Time>2026-07-19T02:55:31+00:00</Time>
     <Position>
      <LatitudeDegrees>-33.6075400</LatitudeDegrees>
      <LongitudeDegrees>-70.9091200</LongitudeDegrees>
     </Position>
     <AltitudeMeters>371.76000000000005</AltitudeMeters>
     <DistanceMeters>68399.41967769593</DistanceMeters>
    </Trackpoint>
    <Trackpoint>
     <Time>2026-07-19T02:55:39+00:00</Time>
     <Position>
      <LatitudeDegrees>-33.6078100</LatitudeDegrees>
      <LongitudeDegrees>-70.9090700</LongitudeDegrees>
     </Position>
     <AltitudeMeters>371.75</AltitudeMeters>
     <DistanceMeters>68429.82481113184</DistanceMeters>
    </Trackpoint>
    <Trackpoint>
     <Time>2026-07-19T02:55:47+00:00</Time>
     <Position>
      <LatitudeDegrees>-33.6082100</LatitudeDegrees>
      <LongitudeDegrees>-70.9089400</LongitudeDegrees>
     </Position>
     <AltitudeMeters>371.91</AltitudeMeters>
     <DistanceMeters>68475.94506503735</DistanceMeters>
    </Trackpoint>
    <Trackpoint>
     <Time>2026-07-19T02:55:56+00:00</Time>
     <Position>
      <LatitudeDegrees>-33.6084600</LatitudeDegrees>
      <LongitudeDegrees>-70.9088100</LongitudeDegrees>
     </Position>
     <AltitudeMeters>372.01</AltitudeMeters>
     <DistanceMeters>68506.26619166535</DistanceMeters>
    </Trackpoint>
    <Trackpoint>
     <Time>2026-07-19T02:56:04+00:00</Time>
     <Position>
      <LatitudeDegrees>-33.6086800</LatitudeDegrees>
      <LongitudeDegrees>-70.9086500</LongitudeDegrees>
     </Position>
     <AltitudeMeters>371.97</AltitudeMeters>
     <DistanceMeters>68534.89248528074</DistanceMeters>
    </Trackpoint>
    <Trackpoint>
     <Time>2026-07-19T02:56:12+00:00</Time>
     <Position>
      <LatitudeDegrees>-33.6091400</LatitudeDegrees>
      <LongitudeDegrees>-70.9082750</LongitudeDegrees>
     </Position>
     <AltitudeMeters>372.05</AltitudeMeters>
     <DistanceMeters>68596.77319905462</DistanceMeters>
    </Trackpoint>
    <Trackpoint>
     <Time>2026-07-19T02:56:20+00:00</Time>
     <Position>
      <LatitudeDegrees>-33.6096000</LatitudeDegrees>
      <LongitudeDegrees>-70.9079000</LongitudeDegrees>
     </Position>
     <AltitudeMeters>372.29</AltitudeMeters>
     <DistanceMeters>68658.65388297218</DistanceMeters>
    </Trackpoint>
    <Trackpoint>
     <Time>2026-07-19T02:56:29+00:00</Time>
     <Position>
      <LatitudeDegrees>-33.6101800</LatitudeDegrees>
      <LongitudeDegrees>-70.9074500</LongitudeDegrees>
     </Position>
     <AltitudeMeters>373.04</AltitudeMeters>
     <DistanceMeters>68735.50866517678</DistanceMeters>
    </Trackpoint>
    <Trackpoint>
     <Time>2026-07-19T02:56:37+00:00</Time>
     <Position>
      <LatitudeDegrees>-33.6103400</LatitudeDegrees>
      <LongitudeDegrees>-70.9072300</LongitudeDegrees>
     </Position>
     <AltitudeMeters>373.55000000000007</AltitudeMeters>
     <DistanceMeters>68762.58118461694</DistanceMeters>
    </Trackpoint>
    <Trackpoint>
     <Time>2026-07-19T02:56:45+00:00</Time>
     <Position>
      <LatitudeDegrees>-33.6103800</LatitudeDegrees>
      <LongitudeDegrees>-70.9070100</LongitudeDegrees>
     </Position>
     <AltitudeMeters>373.63</AltitudeMeters>
     <DistanceMeters>68783.45314824882</DistanceMeters>
    </Trackpoint>
    <Trackpoint>
     <Time>2026-07-19T02:56:53+00:00</Time>
     <Position>
      <LatitudeDegrees>-33.6104150</LatitudeDegrees>
      <LongitudeDegrees>-70.9064100</LongitudeDegrees>
     </Position>
     <AltitudeMeters>373.55000000000007</AltitudeMeters>
     <DistanceMeters>68839.20299448908</DistanceMeters>
    </Trackpoint>
    <Trackpoint>
     <Time>2026-07-19T02:57:02+00:00</Time>
     <Position>
      <LatitudeDegrees>-33.6104500</LatitudeDegrees>
      <LongitudeDegrees>-70.9058100</LongitudeDegrees>
     </Position>
     <AltitudeMeters>373.45</AltitudeMeters>
     <DistanceMeters>68894.95286262693</DistanceMeters>
    </Trackpoint>
    <Trackpoint>
     <Time>2026-07-19T02:57:10+00:00</Time>
     <Position>
      <LatitudeDegrees>-33.6105000</LatitudeDegrees>
      <LongitudeDegrees>-70.9055300</LongitudeDegrees>
     </Position>
     <AltitudeMeters>373.34</AltitudeMeters>
     <DistanceMeters>68921.49574973233</DistanceMeters>
    </Trackpoint>
    <Trackpoint>
     <Time>2026-07-19T02:57:18+00:00</Time>
     <Position>
      <LatitudeDegrees>-33.6106000</LatitudeDegrees>
      <LongitudeDegrees>-70.9051700</LongitudeDegrees>
     </Position>
     <AltitudeMeters>373.24</AltitudeMeters>
     <DistanceMeters>68956.67099693173</DistanceMeters>
    </Trackpoint>
    <Trackpoint>
     <Time>2026-07-19T02:57:26+00:00</Time>
     <Position>
      <LatitudeDegrees>-33.6107300</LatitudeDegrees>
      <LongitudeDegrees>-70.9048400</LongitudeDegrees>
     </Position>
     <AltitudeMeters>373.29</AltitudeMeters>
     <DistanceMeters>68990.50772717275</DistanceMeters>
    </Trackpoint>
    <Trackpoint>
     <Time>2026-07-19T02:57:35+00:00</Time>
     <Position>
      <LatitudeDegrees>-33.6108100</LatitudeDegrees>
      <LongitudeDegrees>-70.9045100</LongitudeDegrees>
     </Position>
     <AltitudeMeters>373.33000000000004</AltitudeMeters>
     <DistanceMeters>69022.36461634026</DistanceMeters>
    </Trackpoint>
    <Trackpoint>
     <Time>2026-07-19T02:57:43+00:00</Time>
     <Position>
      <LatitudeDegrees>-33.6109100</LatitudeDegrees>
      <LongitudeDegrees>-70.9038000</LongitudeDegrees>
     </Position>
     <AltitudeMeters>373.79</AltitudeMeters>
     <DistanceMeters>69089.10810991703</DistanceMeters>
    </Trackpoint>
    <Trackpoint>
     <Time>2026-07-19T02:57:51+00:00</Time>
     <Position>
      <LatitudeDegrees>-33.6110100</LatitudeDegrees>
      <LongitudeDegrees>-70.9030900</LongitudeDegrees>
     </Position>
     <AltitudeMeters>374.59000000000003</AltitudeMeters>
     <DistanceMeters>69155.8516034953</DistanceMeters>
    </Trackpoint>
    <Trackpoint>
     <Time>2026-07-19T02:58:00+00:00</Time>
     <Position>
      <LatitudeDegrees>-33.6111100</LatitudeDegrees>
      <LongitudeDegrees>-70.9023800</LongitudeDegrees>
     </Position>
     <AltitudeMeters>375.50000000000006</AltitudeMeters>
     <DistanceMeters>69222.59508999075</DistanceMeters>
    </Trackpoint>
    <Trackpoint>
     <Time>2026-07-19T02:58:08+00:00</Time>
     <Position>
      <LatitudeDegrees>-33.6111700</LatitudeDegrees>
      <LongitudeDegrees>-70.9020700</LongitudeDegrees>
     </Position>
     <AltitudeMeters>375.50000000000006</AltitudeMeters>
     <DistanceMeters>69252.0943027697</DistanceMeters>
    </Trackpoint>
    <Trackpoint>
     <Time>2026-07-19T02:58:16+00:00</Time>
     <Position>
      <LatitudeDegrees>-33.6105000</LatitudeDegrees>
      <LongitudeDegrees>-70.9018000</LongitudeDegrees>
     </Position>
     <AltitudeMeters>375.69</AltitudeMeters>
     <DistanceMeters>69330.7499314498</DistanceMeters>
    </Trackpoint>
    <Trackpoint>
     <Time>2026-07-19T02:58:24+00:00</Time>
     <Position>
      <LatitudeDegrees>-33.6098300</LatitudeDegrees>
      <LongitudeDegrees>-70.9015300</LongitudeDegrees>
     </Position>
     <AltitudeMeters>375.67</AltitudeMeters>
     <DistanceMeters>69409.40555895565</DistanceMeters>
    </Trackpoint>
    <Trackpoint>
     <Time>2026-07-19T02:58:33+00:00</Time>
     <Position>
      <LatitudeDegrees>-33.6096900</LatitudeDegrees>
      <LongitudeDegrees>-70.9014500</LongitudeDegrees>
     </Position>
     <AltitudeMeters>375.73</AltitudeMeters>
     <DistanceMeters>69426.66143086825</DistanceMeters>
    </Trackpoint>
    <Trackpoint>
     <Time>2026-07-19T02:58:41+00:00</Time>
     <Position>
      <LatitudeDegrees>-33.6091050</LatitudeDegrees>
      <LongitudeDegrees>-70.9007250</LongitudeDegrees>
     </Position>
     <AltitudeMeters>376.26000000000005</AltitudeMeters>
     <DistanceMeters>69520.2295697696</DistanceMeters>
    </Trackpoint>
    <Trackpoint>
     <Time>2026-07-19T02:58:49+00:00</Time>
     <Position>
      <LatitudeDegrees>-33.6085200</LatitudeDegrees>
      <LongitudeDegrees>-70.9000000</LongitudeDegrees>
     </Position>
     <AltitudeMeters>376.74</AltitudeMeters>
     <DistanceMeters>69613.79768550277</DistanceMeters>
    </Trackpoint>
    <Trackpoint>
     <Time>2026-07-19T02:58:57+00:00</Time>
     <Position>
      <LatitudeDegrees>-33.6080950</LatitudeDegrees>
      <LongitudeDegrees>-70.8994600</LongitudeDegrees>
     </Position>
     <AltitudeMeters>377.1</AltitudeMeters>
     <DistanceMeters>69682.66506998357</DistanceMeters>
    </Trackpoint>
    <Trackpoint>
     <Time>2026-07-19T02:59:06+00:00</Time>
     <Position>
      <LatitudeDegrees>-33.6076700</LatitudeDegrees>
      <LongitudeDegrees>-70.8989200</LongitudeDegrees>
     </Position>
     <AltitudeMeters>377.68</AltitudeMeters>
     <DistanceMeters>69751.53242524904</DistanceMeters>
    </Trackpoint>
    <Trackpoint>
     <Time>2026-07-19T02:59:14+00:00</Time>
     <Position>
      <LatitudeDegrees>-33.6074700</LatitudeDegrees>
      <LongitudeDegrees>-70.8986400</LongitudeDegrees>
     </Position>
     <AltitudeMeters>377.93000000000006</AltitudeMeters>
     <DistanceMeters>69785.72412836566</DistanceMeters>
    </Trackpoint>
    <Trackpoint>
     <Time>2026-07-19T02:59:22+00:00</Time>
     <Position>
      <LatitudeDegrees>-33.6072200</LatitudeDegrees>
      <LongitudeDegrees>-70.8981700</LongitudeDegrees>
     </Position>
     <AltitudeMeters>378.43000000000006</AltitudeMeters>
     <DistanceMeters>69837.41674704727</DistanceMeters>
    </Trackpoint>
    <Trackpoint>
     <Time>2026-07-19T02:59:31+00:00</Time>
     <Position>
      <LatitudeDegrees>-33.6070800</LatitudeDegrees>
      <LongitudeDegrees>-70.8977600</LongitudeDegrees>
     </Position>
     <AltitudeMeters>378.90000000000003</AltitudeMeters>
     <DistanceMeters>69878.49093673962</DistanceMeters>
    </Trackpoint>
    <Trackpoint>
     <Time>2026-07-19T02:59:39+00:00</Time>
     <Position>
      <LatitudeDegrees>-33.6069750</LatitudeDegrees>
      <LongitudeDegrees>-70.8972300</LongitudeDegrees>
     </Position>
     <AltitudeMeters>379.36</AltitudeMeters>
     <DistanceMeters>69928.98900131481</DistanceMeters>
    </Trackpoint>
    <Trackpoint>
     <Time>2026-07-19T02:59:47+00:00</Time>
     <Position>
      <LatitudeDegrees>-33.6068700</LatitudeDegrees>
      <LongitudeDegrees>-70.8967000</LongitudeDegrees>
     </Position>
     <AltitudeMeters>379.96000000000004</AltitudeMeters>
     <DistanceMeters>69979.4870995505</DistanceMeters>
    </Trackpoint>
    <Trackpoint>
     <Time>2026-07-19T02:59:55+00:00</Time>
     <Position>
      <LatitudeDegrees>-33.6068000</LatitudeDegrees>
      <LongitudeDegrees>-70.8965900</LongitudeDegrees>
     </Position>
     <AltitudeMeters>380.16</AltitudeMeters>
     <DistanceMeters>69992.31903218848</DistanceMeters>
    </Trackpoint>
    <Trackpoint>
     <Time>2026-07-19T03:00:04+00:00</Time>
     <Position>
      <LatitudeDegrees>-33.6067000</LatitudeDegrees>
      <LongitudeDegrees>-70.8965100</LongitudeDegrees>
     </Position>
     <AltitudeMeters>380.16</AltitudeMeters>
     <DistanceMeters>70005.69275133652</DistanceMeters>
    </Trackpoint>
    <Trackpoint>
     <Time>2026-07-19T03:00:12+00:00</Time>
     <Position>
      <LatitudeDegrees>-33.6059600</LatitudeDegrees>
      <LongitudeDegrees>-70.8961100</LongitudeDegrees>
     </Position>
     <AltitudeMeters>380.25</AltitudeMeters>
     <DistanceMeters>70096.01280902844</DistanceMeters>
    </Trackpoint>
    <Trackpoint>
     <Time>2026-07-19T03:00:20+00:00</Time>
     <Position>
      <LatitudeDegrees>-33.6053650</LatitudeDegrees>
      <LongitudeDegrees>-70.8958400</LongitudeDegrees>
     </Position>
     <AltitudeMeters>380.43000000000006</AltitudeMeters>
     <DistanceMeters>70166.80541281805</DistanceMeters>
    </Trackpoint>
    <Trackpoint>
     <Time>2026-07-19T03:00:28+00:00</Time>
     <Position>
      <LatitudeDegrees>-33.6047700</LatitudeDegrees>
      <LongitudeDegrees>-70.8955700</LongitudeDegrees>
     </Position>
     <AltitudeMeters>380.48</AltitudeMeters>
     <DistanceMeters>70237.59800035314</DistanceMeters>
    </Trackpoint>
    <Trackpoint>
     <Time>2026-07-19T03:00:37+00:00</Time>
     <Position>
      <LatitudeDegrees>-33.6044700</LatitudeDegrees>
      <LongitudeDegrees>-70.8954500</LongitudeDegrees>
     </Position>
     <AltitudeMeters>380.48</AltitudeMeters>
     <DistanceMeters>70272.79085601584</DistanceMeters>
    </Trackpoint>
    <Trackpoint>
     <Time>2026-07-19T03:00:45+00:00</Time>
     <Position>
      <LatitudeDegrees>-33.6040900</LatitudeDegrees>
      <LongitudeDegrees>-70.8953300</LongitudeDegrees>
     </Position>
     <AltitudeMeters>380.51</AltitudeMeters>
     <DistanceMeters>70316.52157843274</DistanceMeters>
    </Trackpoint>
    <Trackpoint>
     <Time>2026-07-19T03:00:53+00:00</Time>
     <Position>
      <LatitudeDegrees>-33.6033900</LatitudeDegrees>
      <LongitudeDegrees>-70.8951633</LongitudeDegrees>
     </Position>
     <AltitudeMeters>380.40000000000003</AltitudeMeters>
     <DistanceMeters>70395.9456586817</DistanceMeters>
    </Trackpoint>
    <Trackpoint>
     <Time>2026-07-19T03:01:02+00:00</Time>
     <Position>
      <LatitudeDegrees>-33.6026900</LatitudeDegrees>
      <LongitudeDegrees>-70.8949967</LongitudeDegrees>
     </Position>
     <AltitudeMeters>380.37000000000006</AltitudeMeters>
     <DistanceMeters>70475.36973892876</DistanceMeters>
    </Trackpoint>
    <Trackpoint>
     <Time>2026-07-19T03:01:10+00:00</Time>
     <Position>
      <LatitudeDegrees>-33.6019900</LatitudeDegrees>
      <LongitudeDegrees>-70.8948300</LongitudeDegrees>
     </Position>
     <AltitudeMeters>380.68</AltitudeMeters>
     <DistanceMeters>70554.79383339094</DistanceMeters>
    </Trackpoint>
    <Trackpoint>
     <Time>2026-07-19T03:01:18+00:00</Time>
     <Position>
      <LatitudeDegrees>-33.6014500</LatitudeDegrees>
      <LongitudeDegrees>-70.8946500</LongitudeDegrees>
     </Position>
     <AltitudeMeters>380.93000000000006</AltitudeMeters>
     <DistanceMeters>70617.16678158836</DistanceMeters>
    </Trackpoint>
    <Trackpoint>
     <Time>2026-07-19T03:01:26+00:00</Time>
     <Position>
      <LatitudeDegrees>-33.6007450</LatitudeDegrees>
      <LongitudeDegrees>-70.8942750</LongitudeDegrees>
     </Position>
     <AltitudeMeters>381.07</AltitudeMeters>
     <DistanceMeters>70702.98599923363</DistanceMeters>
    </Trackpoint>
    <Trackpoint>
     <Time>2026-07-19T03:01:35+00:00</Time>
     <Position>
      <LatitudeDegrees>-33.6000400</LatitudeDegrees>
      <LongitudeDegrees>-70.8939000</LongitudeDegrees>
     </Position>
     <AltitudeMeters>381.07</AltitudeMeters>
     <DistanceMeters>70788.80521668008</DistanceMeters>
    </Trackpoint>
    <Trackpoint>
     <Time>2026-07-19T03:01:43+00:00</Time>
     <Position>
      <LatitudeDegrees>-33.5999800</LatitudeDegrees>
      <LongitudeDegrees>-70.8940400</LongitudeDegrees>
     </Position>
     <AltitudeMeters>380.72</AltitudeMeters>
     <DistanceMeters>70803.40051086232</DistanceMeters>
    </Trackpoint>
    <Trackpoint>
     <Time>2026-07-19T03:01:51+00:00</Time>
     <Position>
      <LatitudeDegrees>-33.5999300</LatitudeDegrees>
      <LongitudeDegrees>-70.8941100</LongitudeDegrees>
     </Position>
     <AltitudeMeters>380.72</AltitudeMeters>
     <DistanceMeters>70811.94887164133</DistanceMeters>
    </Trackpoint>
    <Trackpoint>
     <Time>2026-07-19T03:01:59+00:00</Time>
     <Position>
      <LatitudeDegrees>-33.5998600</LatitudeDegrees>
      <LongitudeDegrees>-70.8941300</LongitudeDegrees>
     </Position>
     <AltitudeMeters>380.72</AltitudeMeters>
     <DistanceMeters>70819.95713815537</DistanceMeters>
    </Trackpoint>
    <Trackpoint>
     <Time>2026-07-19T03:02:08+00:00</Time>
     <Position>
      <LatitudeDegrees>-33.5998000</LatitudeDegrees>
      <LongitudeDegrees>-70.8941200</LongitudeDegrees>
     </Position>
     <AltitudeMeters>379.68</AltitudeMeters>
     <DistanceMeters>70826.69891566991</DistanceMeters>
    </Trackpoint>
    <Trackpoint>
     <Time>2026-07-19T03:02:16+00:00</Time>
     <Position>
      <LatitudeDegrees>-33.5990900</LatitudeDegrees>
      <LongitudeDegrees>-70.8938550</LongitudeDegrees>
     </Position>
     <AltitudeMeters>378.47</AltitudeMeters>
     <DistanceMeters>70909.44933675973</DistanceMeters>
    </Trackpoint>
    <Trackpoint>
     <Time>2026-07-19T03:02:24+00:00</Time>
     <Position>
      <LatitudeDegrees>-33.5983800</LatitudeDegrees>
      <LongitudeDegrees>-70.8935900</LongitudeDegrees>
     </Position>
     <AltitudeMeters>378.41</AltitudeMeters>
     <DistanceMeters>70992.1997702164</DistanceMeters>
    </Trackpoint>
    <Trackpoint>
     <Time>2026-07-19T03:02:33+00:00</Time>
     <Position>
      <LatitudeDegrees>-33.5979700</LatitudeDegrees>
      <LongitudeDegrees>-70.8935500</LongitudeDegrees>
     </Position>
     <AltitudeMeters>378.21000000000004</AltitudeMeters>
     <DistanceMeters>71037.98141529014</DistanceMeters>
    </Trackpoint>
    <Trackpoint>
     <Time>2026-07-19T03:02:41+00:00</Time>
     <Position>
      <LatitudeDegrees>-33.5976300</LatitudeDegrees>
      <LongitudeDegrees>-70.8936800</LongitudeDegrees>
     </Position>
     <AltitudeMeters>378.09000000000003</AltitudeMeters>
     <DistanceMeters>71077.69465584571</DistanceMeters>
    </Trackpoint>
    <Trackpoint>
     <Time>2026-07-19T03:02:49+00:00</Time>
     <Position>
      <LatitudeDegrees>-33.5974900</LatitudeDegrees>
      <LongitudeDegrees>-70.8938400</LongitudeDegrees>
     </Position>
     <AltitudeMeters>378.08000000000004</AltitudeMeters>
     <DistanceMeters>71099.20704966402</DistanceMeters>
    </Trackpoint>
    <Trackpoint>
     <Time>2026-07-19T03:02:57+00:00</Time>
     <Position>
      <LatitudeDegrees>-33.5973200</LatitudeDegrees>
      <LongitudeDegrees>-70.8939600</LongitudeDegrees>
     </Position>
     <AltitudeMeters>378.15000000000003</AltitudeMeters>
     <DistanceMeters>71121.15536849137</DistanceMeters>
    </Trackpoint>
    <Trackpoint>
     <Time>2026-07-19T03:03:06+00:00</Time>
     <Position>
      <LatitudeDegrees>-33.5966533</LatitudeDegrees>
      <LongitudeDegrees>-70.8942233</LongitudeDegrees>
     </Position>
     <AltitudeMeters>378.39</AltitudeMeters>
     <DistanceMeters>71199.26533228964</DistanceMeters>
    </Trackpoint>
    <Trackpoint>
     <Time>2026-07-19T03:03:14+00:00</Time>
     <Position>
      <LatitudeDegrees>-33.5959867</LatitudeDegrees>
      <LongitudeDegrees>-70.8944867</LongitudeDegrees>
     </Position>
     <AltitudeMeters>378.50000000000006</AltitudeMeters>
     <DistanceMeters>71277.37529608754</DistanceMeters>
    </Trackpoint>
    <Trackpoint>
     <Time>2026-07-19T03:03:22+00:00</Time>
     <Position>
      <LatitudeDegrees>-33.5953200</LatitudeDegrees>
      <LongitudeDegrees>-70.8947500</LongitudeDegrees>
     </Position>
     <AltitudeMeters>378.99000000000007</AltitudeMeters>
     <DistanceMeters>71355.48527481568</DistanceMeters>
    </Trackpoint>
    <Trackpoint>
     <Time>2026-07-19T03:03:30+00:00</Time>
     <Position>
      <LatitudeDegrees>-33.5952700</LatitudeDegrees>
      <LongitudeDegrees>-70.8947400</LongitudeDegrees>
     </Position>
     <AltitudeMeters>378.96000000000004</AltitudeMeters>
     <DistanceMeters>71361.12675098336</DistanceMeters>
    </Trackpoint>
    <Trackpoint>
     <Time>2026-07-19T03:03:39+00:00</Time>
     <Position>
      <LatitudeDegrees>-33.5952300</LatitudeDegrees>
      <LongitudeDegrees>-70.8946600</LongitudeDegrees>
     </Position>
     <AltitudeMeters>378.96000000000004</AltitudeMeters>
     <DistanceMeters>71369.77675184575</DistanceMeters>
    </Trackpoint>
    <Trackpoint>
     <Time>2026-07-19T03:03:47+00:00</Time>
     <Position>
      <LatitudeDegrees>-33.5950100</LatitudeDegrees>
      <LongitudeDegrees>-70.8939300</LongitudeDegrees>
     </Position>
     <AltitudeMeters>378.68</AltitudeMeters>
     <DistanceMeters>71441.74516887753</DistanceMeters>
    </Trackpoint>
    <Trackpoint>
     <Time>2026-07-19T03:03:55+00:00</Time>
     <Position>
      <LatitudeDegrees>-33.5949400</LatitudeDegrees>
      <LongitudeDegrees>-70.8937600</LongitudeDegrees>
     </Position>
     <AltitudeMeters>378.71000000000004</AltitudeMeters>
     <DistanceMeters>71459.32563700504</DistanceMeters>
    </Trackpoint>
    <Trackpoint>
     <Time>2026-07-19T03:04:04+00:00</Time>
     <Position>
      <LatitudeDegrees>-33.5947400</LatitudeDegrees>
      <LongitudeDegrees>-70.8934000</LongitudeDegrees>
     </Position>
     <AltitudeMeters>378.72</AltitudeMeters>
     <DistanceMeters>71499.44178900265</DistanceMeters>
    </Trackpoint>
    <Trackpoint>
     <Time>2026-07-19T03:04:12+00:00</Time>
     <Position>
      <LatitudeDegrees>-33.5942020</LatitudeDegrees>
      <LongitudeDegrees>-70.8927040</LongitudeDegrees>
     </Position>
     <AltitudeMeters>378.98</AltitudeMeters>
     <DistanceMeters>71587.46836054238</DistanceMeters>
    </Trackpoint>
    <Trackpoint>
     <Time>2026-07-19T03:04:20+00:00</Time>
     <Position>
      <LatitudeDegrees>-33.5936640</LatitudeDegrees>
      <LongitudeDegrees>-70.8920080</LongitudeDegrees>
     </Position>
     <AltitudeMeters>379.24</AltitudeMeters>
     <DistanceMeters>71675.49493208459</DistanceMeters>
    </Trackpoint>
    <Trackpoint>
     <Time>2026-07-19T03:04:28+00:00</Time>
     <Position>
      <LatitudeDegrees>-33.5931260</LatitudeDegrees>
      <LongitudeDegrees>-70.8913120</LongitudeDegrees>
     </Position>
     <AltitudeMeters>379.83000000000004</AltitudeMeters>
     <DistanceMeters>71763.5215036246</DistanceMeters>
    </Trackpoint>
    <Trackpoint>
     <Time>2026-07-19T03:04:37+00:00</Time>
     <Position>
      <LatitudeDegrees>-33.5925880</LatitudeDegrees>
      <LongitudeDegrees>-70.8906160</LongitudeDegrees>
     </Position>
     <AltitudeMeters>380.48</AltitudeMeters>
     <DistanceMeters>71851.54807516433</DistanceMeters>
    </Trackpoint>
    <Trackpoint>
     <Time>2026-07-19T03:04:45+00:00</Time>
     <Position>
      <LatitudeDegrees>-33.5920500</LatitudeDegrees>
      <LongitudeDegrees>-70.8899200</LongitudeDegrees>
     </Position>
     <AltitudeMeters>381.40000000000003</AltitudeMeters>
     <DistanceMeters>71939.5746399643</DistanceMeters>
    </Trackpoint>
    <Trackpoint>
     <Time>2026-07-19T03:04:53+00:00</Time>
     <Position>
      <LatitudeDegrees>-33.5915700</LatitudeDegrees>
      <LongitudeDegrees>-70.8892900</LongitudeDegrees>
     </Position>
     <AltitudeMeters>381.93000000000006</AltitudeMeters>
     <DistanceMeters>72018.72818213604</DistanceMeters>
    </Trackpoint>
    <Trackpoint>
     <Time>2026-07-19T03:05:01+00:00</Time>
     <Position>
      <LatitudeDegrees>-33.5910900</LatitudeDegrees>
      <LongitudeDegrees>-70.8886600</LongitudeDegrees>
     </Position>
     <AltitudeMeters>382.45</AltitudeMeters>
     <DistanceMeters>72097.881748712</DistanceMeters>
    </Trackpoint>
    <Trackpoint>
     <Time>2026-07-19T03:05:10+00:00</Time>
     <Position>
      <LatitudeDegrees>-33.5905134</LatitudeDegrees>
      <LongitudeDegrees>-70.8878888</LongitudeDegrees>
     </Position>
     <AltitudeMeters>383.52000000000004</AltitudeMeters>
     <DistanceMeters>72193.95586760592</DistanceMeters>
    </Trackpoint>
    <Trackpoint>
     <Time>2026-07-19T03:05:18+00:00</Time>
     <Position>
      <LatitudeDegrees>-33.5899367</LatitudeDegrees>
      <LongitudeDegrees>-70.8871177</LongitudeDegrees>
     </Position>
     <AltitudeMeters>383.99000000000007</AltitudeMeters>
     <DistanceMeters>72290.02998649872</DistanceMeters>
    </Trackpoint>
    <Trackpoint>
     <Time>2026-07-19T03:05:26+00:00</Time>
     <Position>
      <LatitudeDegrees>-33.5893600</LatitudeDegrees>
      <LongitudeDegrees>-70.8863466</LongitudeDegrees>
     </Position>
     <AltitudeMeters>384.58000000000004</AltitudeMeters>
     <DistanceMeters>72386.10410539227</DistanceMeters>
    </Trackpoint>
    <Trackpoint>
     <Time>2026-07-19T03:05:35+00:00</Time>
     <Position>
      <LatitudeDegrees>-33.5887834</LatitudeDegrees>
      <LongitudeDegrees>-70.8855755</LongitudeDegrees>
     </Position>
     <AltitudeMeters>385.01</AltitudeMeters>
     <DistanceMeters>72482.17822428643</DistanceMeters>
    </Trackpoint>
    <Trackpoint>
     <Time>2026-07-19T03:05:43+00:00</Time>
     <Position>
      <LatitudeDegrees>-33.5882067</LatitudeDegrees>
      <LongitudeDegrees>-70.8848043</LongitudeDegrees>
     </Position>
     <AltitudeMeters>386.16</AltitudeMeters>
     <DistanceMeters>72578.25234317896</DistanceMeters>
    </Trackpoint>
    <Trackpoint>
     <Time>2026-07-19T03:05:51+00:00</Time>
     <Position>
      <LatitudeDegrees>-33.5876300</LatitudeDegrees>
      <LongitudeDegrees>-70.8840332</LongitudeDegrees>
     </Position>
     <AltitudeMeters>386.76000000000005</AltitudeMeters>
     <DistanceMeters>72674.32646207226</DistanceMeters>
    </Trackpoint>
    <Trackpoint>
     <Time>2026-07-19T03:05:59+00:00</Time>
     <Position>
      <LatitudeDegrees>-33.5870534</LatitudeDegrees>
      <LongitudeDegrees>-70.8832622</LongitudeDegrees>
     </Position>
     <AltitudeMeters>387.25000000000006</AltitudeMeters>
     <DistanceMeters>72770.40058096658</DistanceMeters>
    </Trackpoint>
    <Trackpoint>
     <Time>2026-07-19T03:06:08+00:00</Time>
     <Position>
      <LatitudeDegrees>-33.5864767</LatitudeDegrees>
      <LongitudeDegrees>-70.8824911</LongitudeDegrees>
     </Position>
     <AltitudeMeters>388.18</AltitudeMeters>
     <DistanceMeters>72866.47469986079</DistanceMeters>
    </Trackpoint>
    <Trackpoint>
     <Time>2026-07-19T03:06:16+00:00</Time>
     <Position>
      <LatitudeDegrees>-33.5859000</LatitudeDegrees>
      <LongitudeDegrees>-70.8817200</LongitudeDegrees>
     </Position>
     <AltitudeMeters>388.77</AltitudeMeters>
     <DistanceMeters>72962.54881701438</DistanceMeters>
    </Trackpoint>
    <Trackpoint>
     <Time>2026-07-19T03:06:24+00:00</Time>
     <Position>
      <LatitudeDegrees>-33.5857400</LatitudeDegrees>
      <LongitudeDegrees>-70.8815500</LongitudeDegrees>
     </Position>
     <AltitudeMeters>388.97</AltitudeMeters>
     <DistanceMeters>72986.32970970156</DistanceMeters>
    </Trackpoint>
    <Trackpoint>
     <Time>2026-07-19T03:06:32+00:00</Time>
     <Position>
      <LatitudeDegrees>-33.5855700</LatitudeDegrees>
      <LongitudeDegrees>-70.8814000</LongitudeDegrees>
     </Position>
     <AltitudeMeters>389.03000000000003</AltitudeMeters>
     <DistanceMeters>73009.81144779747</DistanceMeters>
    </Trackpoint>
    <Trackpoint>
     <Time>2026-07-19T03:06:41+00:00</Time>
     <Position>
      <LatitudeDegrees>-33.5852500</LatitudeDegrees>
      <LongitudeDegrees>-70.8809900</LongitudeDegrees>
     </Position>
     <AltitudeMeters>389.1</AltitudeMeters>
     <DistanceMeters>73061.90212305001</DistanceMeters>
    </Trackpoint>
    <Trackpoint>
     <Time>2026-07-19T03:06:49+00:00</Time>
     <Position>
      <LatitudeDegrees>-33.5848367</LatitudeDegrees>
      <LongitudeDegrees>-70.8803833</LongitudeDegrees>
     </Position>
     <AltitudeMeters>389.73</AltitudeMeters>
     <DistanceMeters>73134.56628621594</DistanceMeters>
    </Trackpoint>
    <Trackpoint>
     <Time>2026-07-19T03:06:57+00:00</Time>
     <Position>
      <LatitudeDegrees>-33.5844233</LatitudeDegrees>
      <LongitudeDegrees>-70.8797767</LongitudeDegrees>
     </Position>
     <AltitudeMeters>390.05</AltitudeMeters>
     <DistanceMeters>73207.2304493821</DistanceMeters>
    </Trackpoint>
    <Trackpoint>
     <Time>2026-07-19T03:07:05+00:00</Time>
     <Position>
      <LatitudeDegrees>-33.5840100</LatitudeDegrees>
      <LongitudeDegrees>-70.8791700</LongitudeDegrees>
     </Position>
     <AltitudeMeters>390.45</AltitudeMeters>
     <DistanceMeters>73279.89460307501</DistanceMeters>
    </Trackpoint>
    <Trackpoint>
     <Time>2026-07-19T03:07:14+00:00</Time>
     <Position>
      <LatitudeDegrees>-33.5834750</LatitudeDegrees>
      <LongitudeDegrees>-70.8783625</LongitudeDegrees>
     </Position>
     <AltitudeMeters>390.8</AltitudeMeters>
     <DistanceMeters>73375.55536539058</DistanceMeters>
    </Trackpoint>
    <Trackpoint>
     <Time>2026-07-19T03:07:22+00:00</Time>
     <Position>
      <LatitudeDegrees>-33.5829400</LatitudeDegrees>
      <LongitudeDegrees>-70.8775550</LongitudeDegrees>
     </Position>
     <AltitudeMeters>391.65000000000003</AltitudeMeters>
     <DistanceMeters>73471.21612770665</DistanceMeters>
    </Trackpoint>
    <Trackpoint>
     <Time>2026-07-19T03:07:30+00:00</Time>
     <Position>
      <LatitudeDegrees>-33.5824050</LatitudeDegrees>
      <LongitudeDegrees>-70.8767475</LongitudeDegrees>
     </Position>
     <AltitudeMeters>392.06</AltitudeMeters>
     <DistanceMeters>73566.8768900216</DistanceMeters>
    </Trackpoint>
    <Trackpoint>
     <Time>2026-07-19T03:07:39+00:00</Time>
     <Position>
      <LatitudeDegrees>-33.5818700</LatitudeDegrees>
      <LongitudeDegrees>-70.8759400</LongitudeDegrees>
     </Position>
     <AltitudeMeters>392.85</AltitudeMeters>
     <DistanceMeters>73662.5376469681</DistanceMeters>
    </Trackpoint>
    <Trackpoint>
     <Time>2026-07-19T03:07:47+00:00</Time>
     <Position>
      <LatitudeDegrees>-33.5814900</LatitudeDegrees>
      <LongitudeDegrees>-70.8754000</LongitudeDegrees>
     </Position>
     <AltitudeMeters>393.3</AltitudeMeters>
     <DistanceMeters>73728.07801920924</DistanceMeters>
    </Trackpoint>
    <Trackpoint>
     <Time>2026-07-19T03:07:55+00:00</Time>
     <Position>
      <LatitudeDegrees>-33.5810800</LatitudeDegrees>
      <LongitudeDegrees>-70.8748700</LongitudeDegrees>
     </Position>
     <AltitudeMeters>393.62</AltitudeMeters>
     <DistanceMeters>73795.13873523242</DistanceMeters>
    </Trackpoint>
    <Trackpoint>
     <Time>2026-07-19T03:08:03+00:00</Time>
     <Position>
      <LatitudeDegrees>-33.5805275</LatitudeDegrees>
      <LongitudeDegrees>-70.8742300</LongitudeDegrees>
     </Position>
     <AltitudeMeters>394.16</AltitudeMeters>
     <DistanceMeters>73880.59406179505</DistanceMeters>
    </Trackpoint>
    <Trackpoint>
     <Time>2026-07-19T03:08:12+00:00</Time>
     <Position>
      <LatitudeDegrees>-33.5799750</LatitudeDegrees>
      <LongitudeDegrees>-70.8735900</LongitudeDegrees>
     </Position>
     <AltitudeMeters>394.62</AltitudeMeters>
     <DistanceMeters>73966.04938835652</DistanceMeters>
    </Trackpoint>
    <Trackpoint>
     <Time>2026-07-19T03:08:20+00:00</Time>
     <Position>
      <LatitudeDegrees>-33.5794225</LatitudeDegrees>
      <LongitudeDegrees>-70.8729500</LongitudeDegrees>
     </Position>
     <AltitudeMeters>394.78000000000003</AltitudeMeters>
     <DistanceMeters>74051.50471491797</DistanceMeters>
    </Trackpoint>
    <Trackpoint>
     <Time>2026-07-19T03:08:28+00:00</Time>
     <Position>
      <LatitudeDegrees>-33.5788700</LatitudeDegrees>
      <LongitudeDegrees>-70.8723100</LongitudeDegrees>
     </Position>
     <AltitudeMeters>395.53000000000003</AltitudeMeters>
     <DistanceMeters>74136.96004295893</DistanceMeters>
    </Trackpoint>
    <Trackpoint>
     <Time>2026-07-19T03:08:36+00:00</Time>
     <Position>
      <LatitudeDegrees>-33.5782322</LatitudeDegrees>
      <LongitudeDegrees>-70.8715866</LongitudeDegrees>
     </Position>
     <AltitudeMeters>396.12</AltitudeMeters>
     <DistanceMeters>74234.61807079056</DistanceMeters>
    </Trackpoint>
    <Trackpoint>
     <Time>2026-07-19T03:08:45+00:00</Time>
     <Position>
      <LatitudeDegrees>-33.5775945</LatitudeDegrees>
      <LongitudeDegrees>-70.8708633</LongitudeDegrees>
     </Position>
     <AltitudeMeters>396.68</AltitudeMeters>
     <DistanceMeters>74332.27609862246</DistanceMeters>
    </Trackpoint>
    <Trackpoint>
     <Time>2026-07-19T03:08:53+00:00</Time>
     <Position>
      <LatitudeDegrees>-33.5769567</LatitudeDegrees>
      <LongitudeDegrees>-70.8701399</LongitudeDegrees>
     </Position>
     <AltitudeMeters>397.19000000000005</AltitudeMeters>
     <DistanceMeters>74429.93412645349</DistanceMeters>
    </Trackpoint>
    <Trackpoint>
     <Time>2026-07-19T03:09:01+00:00</Time>
     <Position>
      <LatitudeDegrees>-33.5763189</LatitudeDegrees>
      <LongitudeDegrees>-70.8694166</LongitudeDegrees>
     </Position>
     <AltitudeMeters>397.31000000000006</AltitudeMeters>
     <DistanceMeters>74527.5921542837</DistanceMeters>
    </Trackpoint>
    <Trackpoint>
     <Time>2026-07-19T03:09:10+00:00</Time>
     <Position>
      <LatitudeDegrees>-33.5756812</LatitudeDegrees>
      <LongitudeDegrees>-70.8686932</LongitudeDegrees>
     </Position>
     <AltitudeMeters>397.91</AltitudeMeters>
     <DistanceMeters>74625.25018211489</DistanceMeters>
    </Trackpoint>
    <Trackpoint>
     <Time>2026-07-19T03:09:18+00:00</Time>
     <Position>
      <LatitudeDegrees>-33.5750434</LatitudeDegrees>
      <LongitudeDegrees>-70.8679699</LongitudeDegrees>
     </Position>
     <AltitudeMeters>398.15000000000003</AltitudeMeters>
     <DistanceMeters>74722.90820994739</DistanceMeters>
    </Trackpoint>
    <Trackpoint>
     <Time>2026-07-19T03:09:26+00:00</Time>
     <Position>
      <LatitudeDegrees>-33.5744056</LatitudeDegrees>
      <LongitudeDegrees>-70.8672466</LongitudeDegrees>
     </Position>
     <AltitudeMeters>398.53000000000003</AltitudeMeters>
     <DistanceMeters>74820.56623777894</DistanceMeters>
    </Trackpoint>
    <Trackpoint>
     <Time>2026-07-19T03:09:34+00:00</Time>
     <Position>
      <LatitudeDegrees>-33.5737678</LatitudeDegrees>
      <LongitudeDegrees>-70.8665233</LongitudeDegrees>
     </Position>
     <AltitudeMeters>399.81000000000006</AltitudeMeters>
     <DistanceMeters>74918.22426560923</DistanceMeters>
    </Trackpoint>
    <Trackpoint>
     <Time>2026-07-19T03:09:43+00:00</Time>
     <Position>
      <LatitudeDegrees>-33.5731300</LatitudeDegrees>
      <LongitudeDegrees>-70.8658000</LongitudeDegrees>
     </Position>
     <AltitudeMeters>400.29</AltitudeMeters>
     <DistanceMeters>75015.88230187206</DistanceMeters>
    </Trackpoint>
    <Trackpoint>
     <Time>2026-07-19T03:09:51+00:00</Time>
     <Position>
      <LatitudeDegrees>-33.5725190</LatitudeDegrees>
      <LongitudeDegrees>-70.8651040</LongitudeDegrees>
     </Position>
     <AltitudeMeters>401.0</AltitudeMeters>
     <DistanceMeters>75109.63671190121</DistanceMeters>
    </Trackpoint>
    <Trackpoint>
     <Time>2026-07-19T03:09:59+00:00</Time>
     <Position>
      <LatitudeDegrees>-33.5719080</LatitudeDegrees>
      <LongitudeDegrees>-70.8644079</LongitudeDegrees>
     </Position>
     <AltitudeMeters>401.95000000000005</AltitudeMeters>
     <DistanceMeters>75203.39112192919</DistanceMeters>
    </Trackpoint>
    <Trackpoint>
     <Time>2026-07-19T03:10:07+00:00</Time>
     <Position>
      <LatitudeDegrees>-33.5712970</LatitudeDegrees>
      <LongitudeDegrees>-70.8637119</LongitudeDegrees>
     </Position>
     <AltitudeMeters>402.64000000000004</AltitudeMeters>
     <DistanceMeters>75297.14553195793</DistanceMeters>
    </Trackpoint>
    <Trackpoint>
     <Time>2026-07-19T03:10:16+00:00</Time>
     <Position>
      <LatitudeDegrees>-33.5706860</LatitudeDegrees>
      <LongitudeDegrees>-70.8630159</LongitudeDegrees>
     </Position>
     <AltitudeMeters>403.38</AltitudeMeters>
     <DistanceMeters>75390.89994198678</DistanceMeters>
    </Trackpoint>
    <Trackpoint>
     <Time>2026-07-19T03:10:24+00:00</Time>
     <Position>
      <LatitudeDegrees>-33.5700750</LatitudeDegrees>
      <LongitudeDegrees>-70.8623199</LongitudeDegrees>
     </Position>
     <AltitudeMeters>404.07000000000005</AltitudeMeters>
     <DistanceMeters>75484.65435201551</DistanceMeters>
    </Trackpoint>
    <Trackpoint>
     <Time>2026-07-19T03:10:32+00:00</Time>
     <Position>
      <LatitudeDegrees>-33.5694640</LatitudeDegrees>
      <LongitudeDegrees>-70.8616239</LongitudeDegrees>
     </Position>
     <AltitudeMeters>404.34000000000003</AltitudeMeters>
     <DistanceMeters>75578.40876204376</DistanceMeters>
    </Trackpoint>
    <Trackpoint>
     <Time>2026-07-19T03:10:41+00:00</Time>
     <Position>
      <LatitudeDegrees>-33.5688530</LatitudeDegrees>
      <LongitudeDegrees>-70.8609279</LongitudeDegrees>
     </Position>
     <AltitudeMeters>405.25000000000006</AltitudeMeters>
     <DistanceMeters>75672.16317207082</DistanceMeters>
    </Trackpoint>
    <Trackpoint>
     <Time>2026-07-19T03:10:49+00:00</Time>
     <Position>
      <LatitudeDegrees>-33.5682420</LatitudeDegrees>
      <LongitudeDegrees>-70.8602319</LongitudeDegrees>
     </Position>
     <AltitudeMeters>405.83000000000004</AltitudeMeters>
     <DistanceMeters>75765.91758209892</DistanceMeters>
    </Trackpoint>
    <Trackpoint>
     <Time>2026-07-19T03:10:57+00:00</Time>
     <Position>
      <LatitudeDegrees>-33.5676310</LatitudeDegrees>
      <LongitudeDegrees>-70.8595360</LongitudeDegrees>
     </Position>
     <AltitudeMeters>406.38</AltitudeMeters>
     <DistanceMeters>75859.67199212735</DistanceMeters>
    </Trackpoint>
    <Trackpoint>
     <Time>2026-07-19T03:11:05+00:00</Time>
     <Position>
      <LatitudeDegrees>-33.5670200</LatitudeDegrees>
      <LongitudeDegrees>-70.8588400</LongitudeDegrees>
     </Position>
     <AltitudeMeters>406.81000000000006</AltitudeMeters>
     <DistanceMeters>75953.42640360151</DistanceMeters>
    </Trackpoint>
    <Trackpoint>
     <Time>2026-07-19T03:11:14+00:00</Time>
     <Position>
      <LatitudeDegrees>-33.5668200</LatitudeDegrees>
      <LongitudeDegrees>-70.8586700</LongitudeDegrees>
     </Position>
     <AltitudeMeters>407.02000000000004</AltitudeMeters>
     <DistanceMeters>75980.7029239829</DistanceMeters>
    </Trackpoint>
    <Trackpoint>
     <Time>2026-07-19T03:11:22+00:00</Time>
     <Position>
      <LatitudeDegrees>-33.5661867</LatitudeDegrees>
      <LongitudeDegrees>-70.8583967</LongitudeDegrees>
     </Position>
     <AltitudeMeters>407.48</AltitudeMeters>
     <DistanceMeters>76055.60943432356</DistanceMeters>
    </Trackpoint>
    <Trackpoint>
     <Time>2026-07-19T03:11:30+00:00</Time>
     <Position>
      <LatitudeDegrees>-33.5655533</LatitudeDegrees>
      <LongitudeDegrees>-70.8581233</LongitudeDegrees>
     </Position>
     <AltitudeMeters>408.05</AltitudeMeters>
     <DistanceMeters>76130.51594466355</DistanceMeters>
    </Trackpoint>
    <Trackpoint>
     <Time>2026-07-19T03:11:38+00:00</Time>
     <Position>
      <LatitudeDegrees>-33.5649200</LatitudeDegrees>
      <LongitudeDegrees>-70.8578500</LongitudeDegrees>
     </Position>
     <AltitudeMeters>408.43</AltitudeMeters>
     <DistanceMeters>76205.42243022638</DistanceMeters>
    </Trackpoint>
    <Trackpoint>
     <Time>2026-07-19T03:11:47+00:00</Time>
     <Position>
      <LatitudeDegrees>-33.5642700</LatitudeDegrees>
      <LongitudeDegrees>-70.8575900</LongitudeDegrees>
     </Position>
     <AltitudeMeters>408.49</AltitudeMeters>
     <DistanceMeters>76281.67715253077</DistanceMeters>
    </Trackpoint>
    <Trackpoint>
     <Time>2026-07-19T03:11:55+00:00</Time>
     <Position>
      <LatitudeDegrees>-33.5640500</LatitudeDegrees>
      <LongitudeDegrees>-70.8574500</LongitudeDegrees>
     </Position>
     <AltitudeMeters>408.63000000000005</AltitudeMeters>
     <DistanceMeters>76309.39155383199</DistanceMeters>
    </Trackpoint>
    <Trackpoint>
     <Time>2026-07-19T03:12:03+00:00</Time>
     <Position>
      <LatitudeDegrees>-33.5637600</LatitudeDegrees>
      <LongitudeDegrees>-70.8572400</LongitudeDegrees>
     </Position>
     <AltitudeMeters>408.79</AltitudeMeters>
     <DistanceMeters>76347.08783306394</DistanceMeters>
    </Trackpoint>
    <Trackpoint>
     <Time>2026-07-19T03:12:12+00:00</Time>
     <Position>
      <LatitudeDegrees>-33.5630518</LatitudeDegrees>
      <LongitudeDegrees>-70.8565918</LongitudeDegrees>
     </Position>
     <AltitudeMeters>409.1</AltitudeMeters>
     <DistanceMeters>76446.21398333042</DistanceMeters>
    </Trackpoint>
    <Trackpoint>
     <Time>2026-07-19T03:12:20+00:00</Time>
     <Position>
      <LatitudeDegrees>-33.5623437</LatitudeDegrees>
      <LongitudeDegrees>-70.8559435</LongitudeDegrees>
     </Position>
     <AltitudeMeters>410.32</AltitudeMeters>
     <DistanceMeters>76545.34013359643</DistanceMeters>
    </Trackpoint>
    <Trackpoint>
     <Time>2026-07-19T03:12:28+00:00</Time>
     <Position>
      <LatitudeDegrees>-33.5616355</LatitudeDegrees>
      <LongitudeDegrees>-70.8552953</LongitudeDegrees>
     </Position>
     <AltitudeMeters>410.75000000000006</AltitudeMeters>
     <DistanceMeters>76644.46628386152</DistanceMeters>
    </Trackpoint>
    <Trackpoint>
     <Time>2026-07-19T03:12:36+00:00</Time>
     <Position>
      <LatitudeDegrees>-33.5609273</LatitudeDegrees>
      <LongitudeDegrees>-70.8546471</LongitudeDegrees>
     </Position>
     <AltitudeMeters>411.40000000000003</AltitudeMeters>
     <DistanceMeters>76743.59243412816</DistanceMeters>
    </Trackpoint>
    <Trackpoint>
     <Time>2026-07-19T03:12:45+00:00</Time>
     <Position>
      <LatitudeDegrees>-33.5602191</LatitudeDegrees>
      <LongitudeDegrees>-70.8539989</LongitudeDegrees>
     </Position>
     <AltitudeMeters>412.2</AltitudeMeters>
     <DistanceMeters>76842.7185843947</DistanceMeters>
    </Trackpoint>
    <Trackpoint>
     <Time>2026-07-19T03:12:53+00:00</Time>
     <Position>
      <LatitudeDegrees>-33.5595110</LatitudeDegrees>
      <LongitudeDegrees>-70.8533507</LongitudeDegrees>
     </Position>
     <AltitudeMeters>412.79</AltitudeMeters>
     <DistanceMeters>76941.84473466</DistanceMeters>
    </Trackpoint>
    <Trackpoint>
     <Time>2026-07-19T03:13:01+00:00</Time>
     <Position>
      <LatitudeDegrees>-33.5588028</LatitudeDegrees>
      <LongitudeDegrees>-70.8527026</LongitudeDegrees>
     </Position>
     <AltitudeMeters>413.56</AltitudeMeters>
     <DistanceMeters>77040.97088492669</DistanceMeters>
    </Trackpoint>
    <Trackpoint>
     <Time>2026-07-19T03:13:09+00:00</Time>
     <Position>
      <LatitudeDegrees>-33.5580946</LatitudeDegrees>
      <LongitudeDegrees>-70.8520544</LongitudeDegrees>
     </Position>
     <AltitudeMeters>414.0</AltitudeMeters>
     <DistanceMeters>77140.0970351936</DistanceMeters>
    </Trackpoint>
    <Trackpoint>
     <Time>2026-07-19T03:13:18+00:00</Time>
     <Position>
      <LatitudeDegrees>-33.5573864</LatitudeDegrees>
      <LongitudeDegrees>-70.8514063</LongitudeDegrees>
     </Position>
     <AltitudeMeters>414.73</AltitudeMeters>
     <DistanceMeters>77239.22318545883</DistanceMeters>
    </Trackpoint>
    <Trackpoint>
     <Time>2026-07-19T03:13:26+00:00</Time>
     <Position>
      <LatitudeDegrees>-33.5566782</LatitudeDegrees>
      <LongitudeDegrees>-70.8507581</LongitudeDegrees>
     </Position>
     <AltitudeMeters>415.33000000000004</AltitudeMeters>
     <DistanceMeters>77338.34933572437</DistanceMeters>
    </Trackpoint>
    <Trackpoint>
     <Time>2026-07-19T03:13:34+00:00</Time>
     <Position>
      <LatitudeDegrees>-33.5559700</LatitudeDegrees>
      <LongitudeDegrees>-70.8501100</LongitudeDegrees>
     </Position>
     <AltitudeMeters>415.47</AltitudeMeters>
     <DistanceMeters>77437.4754883389</DistanceMeters>
    </Trackpoint>
    <Trackpoint>
     <Time>2026-07-19T03:13:43+00:00</Time>
     <Position>
      <LatitudeDegrees>-33.5555000</LatitudeDegrees>
      <LongitudeDegrees>-70.8495300</LongitudeDegrees>
     </Position>
     <AltitudeMeters>416.46000000000004</AltitudeMeters>
     <DistanceMeters>77512.50888847168</DistanceMeters>
    </Trackpoint>
    <Trackpoint>
     <Time>2026-07-19T03:13:51+00:00</Time>
     <Position>
      <LatitudeDegrees>-33.5550700</LatitudeDegrees>
      <LongitudeDegrees>-70.8489900</LongitudeDegrees>
     </Position>
     <AltitudeMeters>416.88</AltitudeMeters>
     <DistanceMeters>77581.78179892132</DistanceMeters>
    </Trackpoint>
    <Trackpoint>
     <Time>2026-07-19T03:13:59+00:00</Time>
     <Position>
      <LatitudeDegrees>-33.5549400</LatitudeDegrees>
      <LongitudeDegrees>-70.8488500</LongitudeDegrees>
     </Position>
     <AltitudeMeters>416.66</AltitudeMeters>
     <DistanceMeters>77601.22252523007</DistanceMeters>
    </Trackpoint>
    <Trackpoint>
     <Time>2026-07-19T03:14:07+00:00</Time>
     <Position>
      <LatitudeDegrees>-33.5542480</LatitudeDegrees>
      <LongitudeDegrees>-70.8482980</LongitudeDegrees>
     </Position>
     <AltitudeMeters>416.31</AltitudeMeters>
     <DistanceMeters>77693.70408685732</DistanceMeters>
    </Trackpoint>
    <Trackpoint>
     <Time>2026-07-19T03:14:16+00:00</Time>
     <Position>
      <LatitudeDegrees>-33.5535560</LatitudeDegrees>
      <LongitudeDegrees>-70.8477460</LongitudeDegrees>
     </Position>
     <AltitudeMeters>415.82</AltitudeMeters>
     <DistanceMeters>77786.18564848474</DistanceMeters>
    </Trackpoint>
    <Trackpoint>
     <Time>2026-07-19T03:14:24+00:00</Time>
     <Position>
      <LatitudeDegrees>-33.5528640</LatitudeDegrees>
      <LongitudeDegrees>-70.8471940</LongitudeDegrees>
     </Position>
     <AltitudeMeters>416.01000000000005</AltitudeMeters>
     <DistanceMeters>77878.66721011375</DistanceMeters>
    </Trackpoint>
    <Trackpoint>
     <Time>2026-07-19T03:14:32+00:00</Time>
     <Position>
      <LatitudeDegrees>-33.5521720</LatitudeDegrees>
      <LongitudeDegrees>-70.8466420</LongitudeDegrees>
     </Position>
     <AltitudeMeters>417.27000000000004</AltitudeMeters>
     <DistanceMeters>77971.14877173945</DistanceMeters>
    </Trackpoint>
    <Trackpoint>
     <Time>2026-07-19T03:14:40+00:00</Time>
     <Position>
      <LatitudeDegrees>-33.5514800</LatitudeDegrees>
      <LongitudeDegrees>-70.8460900</LongitudeDegrees>
     </Position>
     <AltitudeMeters>419.27000000000004</AltitudeMeters>
     <DistanceMeters>78063.6303198639</DistanceMeters>
    </Trackpoint>
    <Trackpoint>
     <Time>2026-07-19T03:14:49+00:00</Time>
     <Position>
      <LatitudeDegrees>-33.5513300</LatitudeDegrees>
      <LongitudeDegrees>-70.8463000</LongitudeDegrees>
     </Position>
     <AltitudeMeters>419.13000000000005</AltitudeMeters>
     <DistanceMeters>78089.28371731938</DistanceMeters>
    </Trackpoint>
    <Trackpoint>
     <Time>2026-07-19T03:14:57+00:00</Time>
     <Position>
      <LatitudeDegrees>-33.5511800</LatitudeDegrees>
      <LongitudeDegrees>-70.8464900</LongitudeDegrees>
     </Position>
     <AltitudeMeters>419.09000000000003</AltitudeMeters>
     <DistanceMeters>78113.55866972574</DistanceMeters>
    </Trackpoint>
    <Trackpoint>
     <Time>2026-07-19T03:15:05+00:00</Time>
     <Position>
      <LatitudeDegrees>-33.5510000</LatitudeDegrees>
      <LongitudeDegrees>-70.8466600</LongitudeDegrees>
     </Position>
     <AltitudeMeters>419.1</AltitudeMeters>
     <DistanceMeters>78139.05299360587</DistanceMeters>
    </Trackpoint>
    <Trackpoint>
     <Time>2026-07-19T03:15:13+00:00</Time>
     <Position>
      <LatitudeDegrees>-33.5508200</LatitudeDegrees>
      <LongitudeDegrees>-70.8467900</LongitudeDegrees>
     </Position>
     <AltitudeMeters>419.26</AltitudeMeters>
     <DistanceMeters>78162.43511402975</DistanceMeters>
    </Trackpoint>
    <Trackpoint>
     <Time>2026-07-19T03:15:22+00:00</Time>
     <Position>
      <LatitudeDegrees>-33.5505700</LatitudeDegrees>
      <LongitudeDegrees>-70.8469200</LongitudeDegrees>
     </Position>
     <AltitudeMeters>419.37</AltitudeMeters>
     <DistanceMeters>78192.75944089456</DistanceMeters>
    </Trackpoint>
    <Trackpoint>
     <Time>2026-07-19T03:15:30+00:00</Time>
     <Position>
      <LatitudeDegrees>-33.5500100</LatitudeDegrees>
      <LongitudeDegrees>-70.8471450</LongitudeDegrees>
     </Position>
     <AltitudeMeters>420.16</AltitudeMeters>
     <DistanceMeters>78258.48634666772</DistanceMeters>
    </Trackpoint>
    <Trackpoint>
     <Time>2026-07-19T03:15:38+00:00</Time>
     <Position>
      <LatitudeDegrees>-33.5494500</LatitudeDegrees>
      <LongitudeDegrees>-70.8473700</LongitudeDegrees>
     </Position>
     <AltitudeMeters>420.90000000000003</AltitudeMeters>
     <DistanceMeters>78324.21319699966</DistanceMeters>
    </Trackpoint>
    <Trackpoint>
     <Time>2026-07-19T03:15:47+00:00</Time>
     <Position>
      <LatitudeDegrees>-33.5488200</LatitudeDegrees>
      <LongitudeDegrees>-70.8476467</LongitudeDegrees>
     </Position>
     <AltitudeMeters>420.92</AltitudeMeters>
     <DistanceMeters>78398.87814890177</DistanceMeters>
    </Trackpoint>
    <Trackpoint>
     <Time>2026-07-19T03:15:55+00:00</Time>
     <Position>
      <LatitudeDegrees>-33.5481900</LatitudeDegrees>
      <LongitudeDegrees>-70.8479233</LongitudeDegrees>
     </Position>
     <AltitudeMeters>420.87</AltitudeMeters>
     <DistanceMeters>78473.54310080514</DistanceMeters>
    </Trackpoint>
    <Trackpoint>
     <Time>2026-07-19T03:16:03+00:00</Time>
     <Position>
      <LatitudeDegrees>-33.5475600</LatitudeDegrees>
      <LongitudeDegrees>-70.8482000</LongitudeDegrees>
     </Position>
     <AltitudeMeters>420.92</AltitudeMeters>
     <DistanceMeters>78548.208030088</DistanceMeters>
    </Trackpoint>
    <Trackpoint>
     <Time>2026-07-19T03:16:11+00:00</Time>
     <Position>
      <LatitudeDegrees>-33.5473500</LatitudeDegrees>
      <LongitudeDegrees>-70.8483500</LongitudeDegrees>
     </Position>
     <AltitudeMeters>420.90000000000003</AltitudeMeters>
     <DistanceMeters>78575.40805775466</DistanceMeters>
    </Trackpoint>
    <Trackpoint>
     <Time>2026-07-19T03:16:20+00:00</Time>
     <Position>
      <LatitudeDegrees>-33.5473300</LatitudeDegrees>
      <LongitudeDegrees>-70.8483700</LongitudeDegrees>
     </Position>
     <AltitudeMeters>420.90000000000003</AltitudeMeters>
     <DistanceMeters>78575.40805775466</DistanceMeters>
    </Trackpoint>
    <Trackpoint>
     <Time>2026-07-19T03:16:28+00:00</Time>
     <Position>
      <LatitudeDegrees>-33.5471700</LatitudeDegrees>
      <LongitudeDegrees>-70.8485400</LongitudeDegrees>
     </Position>
     <AltitudeMeters>420.89000000000004</AltitudeMeters>
     <DistanceMeters>78599.19361847038</DistanceMeters>
    </Trackpoint>
    <Trackpoint>
     <Time>2026-07-19T03:16:36+00:00</Time>
     <Position>
      <LatitudeDegrees>-33.5469900</LatitudeDegrees>
      <LongitudeDegrees>-70.8489000</LongitudeDegrees>
     </Position>
     <AltitudeMeters>420.82</AltitudeMeters>
     <DistanceMeters>78638.13459402049</DistanceMeters>
    </Trackpoint>
    <Trackpoint>
     <Time>2026-07-19T03:16:44+00:00</Time>
     <Position>
      <LatitudeDegrees>-33.5468100</LatitudeDegrees>
      <LongitudeDegrees>-70.8494000</LongitudeDegrees>
     </Position>
     <AltitudeMeters>420.64</AltitudeMeters>
     <DistanceMeters>78688.65510416543</DistanceMeters>
    </Trackpoint>
    <Trackpoint>
     <Time>2026-07-19T03:16:53+00:00</Time>
     <Position>
      <LatitudeDegrees>-33.5467400</LatitudeDegrees>
      <LongitudeDegrees>-70.8497400</LongitudeDegrees>
     </Position>
     <AltitudeMeters>420.57000000000005</AltitudeMeters>
     <DistanceMeters>78721.14073981588</DistanceMeters>
    </Trackpoint>
    <Trackpoint>
     <Time>2026-07-19T03:17:01+00:00</Time>
     <Position>
      <LatitudeDegrees>-33.5467400</LatitudeDegrees>
      <LongitudeDegrees>-70.8500300</LongitudeDegrees>
     </Position>
     <AltitudeMeters>420.40000000000003</AltitudeMeters>
     <DistanceMeters>78748.04048649583</DistanceMeters>
    </Trackpoint>
    <Trackpoint>
     <Time>2026-07-19T03:17:09+00:00</Time>
     <Position>
      <LatitudeDegrees>-33.5468100</LatitudeDegrees>
      <LongitudeDegrees>-70.8503800</LongitudeDegrees>
     </Position>
     <AltitudeMeters>419.82</AltitudeMeters>
     <DistanceMeters>78781.42737124293</DistanceMeters>
    </Trackpoint>
    <Trackpoint>
     <Time>2026-07-19T03:17:18+00:00</Time>
     <Position>
      <LatitudeDegrees>-33.5469100</LatitudeDegrees>
      <LongitudeDegrees>-70.8506700</LongitudeDegrees>
     </Position>
     <AltitudeMeters>419.82</AltitudeMeters>
     <DistanceMeters>78810.53856572918</DistanceMeters>
    </Trackpoint>
    <Trackpoint>
     <Time>2026-07-19T03:17:26+00:00</Time>
     <Position>
      <LatitudeDegrees>-33.5471900</LatitudeDegrees>
      <LongitudeDegrees>-70.8512400</LongitudeDegrees>
     </Position>
     <AltitudeMeters>419.44000000000005</AltitudeMeters>
     <DistanceMeters>78871.91070051542</DistanceMeters>
    </Trackpoint>
    <Trackpoint>
     <Time>2026-07-19T03:17:34+00:00</Time>
     <Position>
      <LatitudeDegrees>-33.5475300</LatitudeDegrees>
      <LongitudeDegrees>-70.8519900</LongitudeDegrees>
     </Position>
     <AltitudeMeters>418.94</AltitudeMeters>
     <DistanceMeters>78951.10404711525</DistanceMeters>
    </Trackpoint>
    <Trackpoint>
     <Time>2026-07-19T03:17:42+00:00</Time>
     <Position>
      <LatitudeDegrees>-33.5476200</LatitudeDegrees>
      <LongitudeDegrees>-70.8523000</LongitudeDegrees>
     </Position>
     <AltitudeMeters>418.56000000000006</AltitudeMeters>
     <DistanceMeters>78981.5533637986</DistanceMeters>
    </Trackpoint>
    <Trackpoint>
     <Time>2026-07-19T03:17:51+00:00</Time>
     <Position>
      <LatitudeDegrees>-33.5477300</LatitudeDegrees>
      <LongitudeDegrees>-70.8527500</LongitudeDegrees>
     </Position>
     <AltitudeMeters>418.49</AltitudeMeters>
     <DistanceMeters>79025.05223318895</DistanceMeters>
    </Trackpoint>
    <Trackpoint>
     <Time>2026-07-19T03:17:59+00:00</Time>
     <Position>
      <LatitudeDegrees>-33.5478600</LatitudeDegrees>
      <LongitudeDegrees>-70.8537700</LongitudeDegrees>
     </Position>
     <AltitudeMeters>418.14</AltitudeMeters>
     <DistanceMeters>79120.76387496809</DistanceMeters>
    </Trackpoint>
    <Trackpoint>
     <Time>2026-07-19T03:18:07+00:00</Time>
     <Position>
      <LatitudeDegrees>-33.5479700</LatitudeDegrees>
      <LongitudeDegrees>-70.8540900</LongitudeDegrees>
     </Position>
     <AltitudeMeters>417.45000000000005</AltitudeMeters>
     <DistanceMeters>79152.87158457744</DistanceMeters>
    </Trackpoint>
    <Trackpoint>
     <Time>2026-07-19T03:18:15+00:00</Time>
     <Position>
      <LatitudeDegrees>-33.5480900</LatitudeDegrees>
      <LongitudeDegrees>-70.8542800</LongitudeDegrees>
     </Position>
     <AltitudeMeters>417.45000000000005</AltitudeMeters>
     <DistanceMeters>79174.98411498171</DistanceMeters>
    </Trackpoint>
    <Trackpoint>
     <Time>2026-07-19T03:18:24+00:00</Time>
     <Position>
      <LatitudeDegrees>-33.5485200</LatitudeDegrees>
      <LongitudeDegrees>-70.8549150</LongitudeDegrees>
     </Position>
     <AltitudeMeters>415.90000000000003</AltitudeMeters>
     <DistanceMeters>79250.87557814608</DistanceMeters>
    </Trackpoint>
    <Trackpoint>
     <Time>2026-07-19T03:18:32+00:00</Time>
     <Position>
      <LatitudeDegrees>-33.5489500</LatitudeDegrees>
      <LongitudeDegrees>-70.8555500</LongitudeDegrees>
     </Position>
     <AltitudeMeters>415.46000000000004</AltitudeMeters>
     <DistanceMeters>79326.76699788474</DistanceMeters>
    </Trackpoint>
    <Trackpoint>
     <Time>2026-07-19T03:18:40+00:00</Time>
     <Position>
      <LatitudeDegrees>-33.5492900</LatitudeDegrees>
      <LongitudeDegrees>-70.8560400</LongitudeDegrees>
     </Position>
     <AltitudeMeters>415.22</AltitudeMeters>
     <DistanceMeters>79385.90755937633</DistanceMeters>
    </Trackpoint>
    <Trackpoint>
     <Time>2026-07-19T03:18:49+00:00</Time>
     <Position>
      <LatitudeDegrees>-33.5496300</LatitudeDegrees>
      <LongitudeDegrees>-70.8565300</LongitudeDegrees>
     </Position>
     <AltitudeMeters>415.69000000000005</AltitudeMeters>
     <DistanceMeters>79445.04808983777</DistanceMeters>
    </Trackpoint>
    <Trackpoint>
     <Time>2026-07-19T03:18:57+00:00</Time>
     <Position>
      <LatitudeDegrees>-33.5492767</LatitudeDegrees>
      <LongitudeDegrees>-70.8574723</LongitudeDegrees>
     </Position>
     <AltitudeMeters>415.37</AltitudeMeters>
     <DistanceMeters>79540.8862223703</DistanceMeters>
    </Trackpoint>
    <Trackpoint>
     <Time>2026-07-19T03:19:05+00:00</Time>
     <Position>
      <LatitudeDegrees>-33.5489234</LatitudeDegrees>
      <LongitudeDegrees>-70.8584146</LongitudeDegrees>
     </Position>
     <AltitudeMeters>414.02000000000004</AltitudeMeters>
     <DistanceMeters>79636.72435490027</DistanceMeters>
    </Trackpoint>
    <Trackpoint>
     <Time>2026-07-19T03:19:13+00:00</Time>
     <Position>
      <LatitudeDegrees>-33.5485702</LatitudeDegrees>
      <LongitudeDegrees>-70.8593568</LongitudeDegrees>
     </Position>
     <AltitudeMeters>413.42</AltitudeMeters>
     <DistanceMeters>79732.56248743055</DistanceMeters>
    </Trackpoint>
    <Trackpoint>
     <Time>2026-07-19T03:19:22+00:00</Time>
     <Position>
      <LatitudeDegrees>-33.5482169</LatitudeDegrees>
      <LongitudeDegrees>-70.8602991</LongitudeDegrees>
     </Position>
     <AltitudeMeters>412.35</AltitudeMeters>
     <DistanceMeters>79828.40061996107</DistanceMeters>
    </Trackpoint>
    <Trackpoint>
     <Time>2026-07-19T03:19:30+00:00</Time>
     <Position>
      <LatitudeDegrees>-33.5478636</LatitudeDegrees>
      <LongitudeDegrees>-70.8612414</LongitudeDegrees>
     </Position>
     <AltitudeMeters>411.85</AltitudeMeters>
     <DistanceMeters>79924.23875249205</DistanceMeters>
    </Trackpoint>
    <Trackpoint>
     <Time>2026-07-19T03:19:38+00:00</Time>
     <Position>
      <LatitudeDegrees>-33.5475103</LatitudeDegrees>
      <LongitudeDegrees>-70.8621836</LongitudeDegrees>
     </Position>
     <AltitudeMeters>410.87</AltitudeMeters>
     <DistanceMeters>80020.07688502371</DistanceMeters>
    </Trackpoint>
    <Trackpoint>
     <Time>2026-07-19T03:19:46+00:00</Time>
     <Position>
      <LatitudeDegrees>-33.5471569</LatitudeDegrees>
      <LongitudeDegrees>-70.8631259</LongitudeDegrees>
     </Position>
     <AltitudeMeters>410.51000000000005</AltitudeMeters>
     <DistanceMeters>80115.91501755317</DistanceMeters>
    </Trackpoint>
    <Trackpoint>
     <Time>2026-07-19T03:19:55+00:00</Time>
     <Position>
      <LatitudeDegrees>-33.5468036</LatitudeDegrees>
      <LongitudeDegrees>-70.8640681</LongitudeDegrees>
     </Position>
     <AltitudeMeters>410.04</AltitudeMeters>
     <DistanceMeters>80211.75315008468</DistanceMeters>
    </Trackpoint>
    <Trackpoint>
     <Time>2026-07-19T03:20:03+00:00</Time>
     <Position>
      <LatitudeDegrees>-33.5464503</LatitudeDegrees>
      <LongitudeDegrees>-70.8650103</LongitudeDegrees>
     </Position>
     <AltitudeMeters>409.69000000000005</AltitudeMeters>
     <DistanceMeters>80307.59128261593</DistanceMeters>
    </Trackpoint>
    <Trackpoint>
     <Time>2026-07-19T03:20:11+00:00</Time>
     <Position>
      <LatitudeDegrees>-33.5460970</LatitudeDegrees>
      <LongitudeDegrees>-70.8659525</LongitudeDegrees>
     </Position>
     <AltitudeMeters>409.08000000000004</AltitudeMeters>
     <DistanceMeters>80403.42941514778</DistanceMeters>
    </Trackpoint>
    <Trackpoint>
     <Time>2026-07-19T03:20:20+00:00</Time>
     <Position>
      <LatitudeDegrees>-33.5457436</LatitudeDegrees>
      <LongitudeDegrees>-70.8668947</LongitudeDegrees>
     </Position>
     <AltitudeMeters>408.76</AltitudeMeters>
     <DistanceMeters>80499.26754767778</DistanceMeters>
    </Trackpoint>
    <Trackpoint>
     <Time>2026-07-19T03:20:28+00:00</Time>
     <Position>
      <LatitudeDegrees>-33.5453903</LatitudeDegrees>
      <LongitudeDegrees>-70.8678369</LongitudeDegrees>
     </Position>
     <AltitudeMeters>408.40000000000003</AltitudeMeters>
     <DistanceMeters>80595.10568020966</DistanceMeters>
    </Trackpoint>
    <Trackpoint>
     <Time>2026-07-19T03:20:36+00:00</Time>
     <Position>
      <LatitudeDegrees>-33.5450369</LatitudeDegrees>
      <LongitudeDegrees>-70.8687791</LongitudeDegrees>
     </Position>
     <AltitudeMeters>407.85</AltitudeMeters>
     <DistanceMeters>80690.94381273974</DistanceMeters>
    </Trackpoint>
    <Trackpoint>
     <Time>2026-07-19T03:20:44+00:00</Time>
     <Position>
      <LatitudeDegrees>-33.5446835</LatitudeDegrees>
      <LongitudeDegrees>-70.8697213</LongitudeDegrees>
     </Position>
     <AltitudeMeters>407.40000000000003</AltitudeMeters>
     <DistanceMeters>80786.78194527091</DistanceMeters>
    </Trackpoint>
    <Trackpoint>
     <Time>2026-07-19T03:20:53+00:00</Time>
     <Position>
      <LatitudeDegrees>-33.5443302</LatitudeDegrees>
      <LongitudeDegrees>-70.8706635</LongitudeDegrees>
     </Position>
     <AltitudeMeters>406.88</AltitudeMeters>
     <DistanceMeters>80882.62007780286</DistanceMeters>
    </Trackpoint>
    <Trackpoint>
     <Time>2026-07-19T03:21:01+00:00</Time>
     <Position>
      <LatitudeDegrees>-33.5439768</LatitudeDegrees>
      <LongitudeDegrees>-70.8716057</LongitudeDegrees>
     </Position>
     <AltitudeMeters>406.2</AltitudeMeters>
     <DistanceMeters>80978.45821033264</DistanceMeters>
    </Trackpoint>
    <Trackpoint>
     <Time>2026-07-19T03:21:09+00:00</Time>
     <Position>
      <LatitudeDegrees>-33.5436234</LatitudeDegrees>
      <LongitudeDegrees>-70.8725478</LongitudeDegrees>
     </Position>
     <AltitudeMeters>405.80000000000007</AltitudeMeters>
     <DistanceMeters>81074.29634286395</DistanceMeters>
    </Trackpoint>
    <Trackpoint>
     <Time>2026-07-19T03:21:17+00:00</Time>
     <Position>
      <LatitudeDegrees>-33.5432700</LatitudeDegrees>
      <LongitudeDegrees>-70.8734900</LongitudeDegrees>
     </Position>
     <AltitudeMeters>405.22</AltitudeMeters>
     <DistanceMeters>81170.13447390782</DistanceMeters>
    </Trackpoint>
    <Trackpoint>
     <Time>2026-07-19T03:21:26+00:00</Time>
     <Position>
      <LatitudeDegrees>-33.5429042</LatitudeDegrees>
      <LongitudeDegrees>-70.8744671</LongitudeDegrees>
     </Position>
     <AltitudeMeters>404.6</AltitudeMeters>
     <DistanceMeters>81269.49853694694</DistanceMeters>
    </Trackpoint>
    <Trackpoint>
     <Time>2026-07-19T03:21:34+00:00</Time>
     <Position>
      <LatitudeDegrees>-33.5425384</LatitudeDegrees>
      <LongitudeDegrees>-70.8754442</LongitudeDegrees>
     </Position>
     <AltitudeMeters>403.9200000000001</AltitudeMeters>
     <DistanceMeters>81368.86259998751</DistanceMeters>
    </Trackpoint>
    <Trackpoint>
     <Time>2026-07-19T03:21:42+00:00</Time>
     <Position>
      <LatitudeDegrees>-33.5421725</LatitudeDegrees>
      <LongitudeDegrees>-70.8764214</LongitudeDegrees>
     </Position>
     <AltitudeMeters>403.34000000000003</AltitudeMeters>
     <DistanceMeters>81468.22666302742</DistanceMeters>
    </Trackpoint>
    <Trackpoint>
     <Time>2026-07-19T03:21:51+00:00</Time>
     <Position>
      <LatitudeDegrees>-33.5418067</LatitudeDegrees>
      <LongitudeDegrees>-70.8773985</LongitudeDegrees>
     </Position>
     <AltitudeMeters>402.81000000000006</AltitudeMeters>
     <DistanceMeters>81567.5907260685</DistanceMeters>
    </Trackpoint>
    <Trackpoint>
     <Time>2026-07-19T03:21:59+00:00</Time>
     <Position>
      <LatitudeDegrees>-33.5414408</LatitudeDegrees>
      <LongitudeDegrees>-70.8783755</LongitudeDegrees>
     </Position>
     <AltitudeMeters>402.24</AltitudeMeters>
     <DistanceMeters>81666.95478910713</DistanceMeters>
    </Trackpoint>
    <Trackpoint>
     <Time>2026-07-19T03:22:07+00:00</Time>
     <Position>
      <LatitudeDegrees>-33.5410750</LatitudeDegrees>
      <LongitudeDegrees>-70.8793526</LongitudeDegrees>
     </Position>
     <AltitudeMeters>401.81000000000006</AltitudeMeters>
     <DistanceMeters>81766.31885214837</DistanceMeters>
    </Trackpoint>
    <Trackpoint>
     <Time>2026-07-19T03:22:15+00:00</Time>
     <Position>
      <LatitudeDegrees>-33.5407091</LatitudeDegrees>
      <LongitudeDegrees>-70.8803297</LongitudeDegrees>
     </Position>
     <AltitudeMeters>401.28000000000003</AltitudeMeters>
     <DistanceMeters>81865.68291518893</DistanceMeters>
    </Trackpoint>
    <Trackpoint>
     <Time>2026-07-19T03:22:24+00:00</Time>
     <Position>
      <LatitudeDegrees>-33.5403432</LatitudeDegrees>
      <LongitudeDegrees>-70.8813068</LongitudeDegrees>
     </Position>
     <AltitudeMeters>400.97</AltitudeMeters>
     <DistanceMeters>81965.04697822788</DistanceMeters>
    </Trackpoint>
    <Trackpoint>
     <Time>2026-07-19T03:22:32+00:00</Time>
     <Position>
      <LatitudeDegrees>-33.5399773</LatitudeDegrees>
      <LongitudeDegrees>-70.8822838</LongitudeDegrees>
     </Position>
     <AltitudeMeters>400.77</AltitudeMeters>
     <DistanceMeters>82064.41104126729</DistanceMeters>
    </Trackpoint>
    <Trackpoint>
     <Time>2026-07-19T03:22:40+00:00</Time>
     <Position>
      <LatitudeDegrees>-33.5396114</LatitudeDegrees>
      <LongitudeDegrees>-70.8832609</LongitudeDegrees>
     </Position>
     <AltitudeMeters>400.68</AltitudeMeters>
     <DistanceMeters>82163.77510430785</DistanceMeters>
    </Trackpoint>
    <Trackpoint>
     <Time>2026-07-19T03:22:48+00:00</Time>
     <Position>
      <LatitudeDegrees>-33.5392455</LatitudeDegrees>
      <LongitudeDegrees>-70.8842379</LongitudeDegrees>
     </Position>
     <AltitudeMeters>400.41</AltitudeMeters>
     <DistanceMeters>82263.13916734791</DistanceMeters>
    </Trackpoint>
    <Trackpoint>
     <Time>2026-07-19T03:22:57+00:00</Time>
     <Position>
      <LatitudeDegrees>-33.5388796</LatitudeDegrees>
      <LongitudeDegrees>-70.8852150</LongitudeDegrees>
     </Position>
     <AltitudeMeters>400.46000000000004</AltitudeMeters>
     <DistanceMeters>82362.50323038718</DistanceMeters>
    </Trackpoint>
    <Trackpoint>
     <Time>2026-07-19T03:23:05+00:00</Time>
     <Position>
      <LatitudeDegrees>-33.5385137</LatitudeDegrees>
      <LongitudeDegrees>-70.8861920</LongitudeDegrees>
     </Position>
     <AltitudeMeters>400.6</AltitudeMeters>
     <DistanceMeters>82461.8672934287</DistanceMeters>
    </Trackpoint>
    <Trackpoint>
     <Time>2026-07-19T03:23:13+00:00</Time>
     <Position>
      <LatitudeDegrees>-33.5381478</LatitudeDegrees>
      <LongitudeDegrees>-70.8871690</LongitudeDegrees>
     </Position>
     <AltitudeMeters>400.83</AltitudeMeters>
     <DistanceMeters>82561.23135646913</DistanceMeters>
    </Trackpoint>
    <Trackpoint>
     <Time>2026-07-19T03:23:22+00:00</Time>
     <Position>
      <LatitudeDegrees>-33.5377819</LatitudeDegrees>
      <LongitudeDegrees>-70.8881460</LongitudeDegrees>
     </Position>
     <AltitudeMeters>401.28000000000003</AltitudeMeters>
     <DistanceMeters>82660.59541950843</DistanceMeters>
    </Trackpoint>
    <Trackpoint>
     <Time>2026-07-19T03:23:30+00:00</Time>
     <Position>
      <LatitudeDegrees>-33.5374159</LatitudeDegrees>
      <LongitudeDegrees>-70.8891230</LongitudeDegrees>
     </Position>
     <AltitudeMeters>401.47</AltitudeMeters>
     <DistanceMeters>82759.95948254898</DistanceMeters>
    </Trackpoint>
    <Trackpoint>
     <Time>2026-07-19T03:23:38+00:00</Time>
     <Position>
      <LatitudeDegrees>-33.5370500</LatitudeDegrees>
      <LongitudeDegrees>-70.8901000</LongitudeDegrees>
     </Position>
     <AltitudeMeters>401.24</AltitudeMeters>
     <DistanceMeters>82859.32354524049</DistanceMeters>
    </Trackpoint>
    <Trackpoint>
     <Time>2026-07-19T03:23:46+00:00</Time>
     <Position>
      <LatitudeDegrees>-33.5369200</LatitudeDegrees>
      <LongitudeDegrees>-70.8903200</LongitudeDegrees>
     </Position>
     <AltitudeMeters>401.32</AltitudeMeters>
     <DistanceMeters>82884.34080542537</DistanceMeters>
    </Trackpoint>
    <Trackpoint>
     <Time>2026-07-19T03:23:55+00:00</Time>
     <Position>
      <LatitudeDegrees>-33.5367600</LatitudeDegrees>
      <LongitudeDegrees>-70.8905300</LongitudeDegrees>
     </Position>
     <AltitudeMeters>401.85</AltitudeMeters>
     <DistanceMeters>82910.73443278331</DistanceMeters>
    </Trackpoint>
    <Trackpoint>
     <Time>2026-07-19T03:24:03+00:00</Time>
     <Position>
      <LatitudeDegrees>-33.5364900</LatitudeDegrees>
      <LongitudeDegrees>-70.8907600</LongitudeDegrees>
     </Position>
     <AltitudeMeters>402.12</AltitudeMeters>
     <DistanceMeters>82947.5888846353</DistanceMeters>
    </Trackpoint>
    <Trackpoint>
     <Time>2026-07-19T03:24:11+00:00</Time>
     <Position>
      <LatitudeDegrees>-33.5357500</LatitudeDegrees>
      <LongitudeDegrees>-70.8913000</LongitudeDegrees>
     </Position>
     <AltitudeMeters>403.88</AltitudeMeters>
     <DistanceMeters>83043.98679287196</DistanceMeters>
    </Trackpoint>
    <Trackpoint>
     <Time>2026-07-19T03:24:19+00:00</Time>
     <Position>
      <LatitudeDegrees>-33.5350100</LatitudeDegrees>
      <LongitudeDegrees>-70.8918400</LongitudeDegrees>
     </Position>
     <AltitudeMeters>405.49</AltitudeMeters>
     <DistanceMeters>83140.3847011122</DistanceMeters>
    </Trackpoint>
    <Trackpoint>
     <Time>2026-07-19T03:24:28+00:00</Time>
     <Position>
      <LatitudeDegrees>-33.5342700</LatitudeDegrees>
      <LongitudeDegrees>-70.8923800</LongitudeDegrees>
     </Position>
     <AltitudeMeters>408.32</AltitudeMeters>
     <DistanceMeters>83236.78263421125</DistanceMeters>
    </Trackpoint>
    <Trackpoint>
     <Time>2026-07-19T03:24:36+00:00</Time>
     <Position>
      <LatitudeDegrees>-33.5335200</LatitudeDegrees>
      <LongitudeDegrees>-70.8929550</LongitudeDegrees>
     </Position>
     <AltitudeMeters>414.13000000000005</AltitudeMeters>
     <DistanceMeters>83335.84373687714</DistanceMeters>
    </Trackpoint>
    <Trackpoint>
     <Time>2026-07-19T03:24:44+00:00</Time>
     <Position>
      <LatitudeDegrees>-33.5327700</LatitudeDegrees>
      <LongitudeDegrees>-70.8935300</LongitudeDegrees>
     </Position>
     <AltitudeMeters>418.50000000000006</AltitudeMeters>
     <DistanceMeters>83434.90484262897</DistanceMeters>
    </Trackpoint>
    <Trackpoint>
     <Time>2026-07-19T03:24:52+00:00</Time>
     <Position>
      <LatitudeDegrees>-33.5325500</LatitudeDegrees>
      <LongitudeDegrees>-70.8937200</LongitudeDegrees>
     </Position>
     <AltitudeMeters>420.26</AltitudeMeters>
     <DistanceMeters>83465.0747489256</DistanceMeters>
    </Trackpoint>
    <Trackpoint>
     <Time>2026-07-19T03:25:01+00:00</Time>
     <Position>
      <LatitudeDegrees>-33.5324800</LatitudeDegrees>
      <LongitudeDegrees>-70.8938000</LongitudeDegrees>
     </Position>
     <AltitudeMeters>422.15000000000003</AltitudeMeters>
     <DistanceMeters>83475.83479977044</DistanceMeters>
    </Trackpoint>
    <Trackpoint>
     <Time>2026-07-19T03:25:09+00:00</Time>
     <Position>
      <LatitudeDegrees>-33.5324200</LatitudeDegrees>
      <LongitudeDegrees>-70.8939800</LongitudeDegrees>
     </Position>
     <AltitudeMeters>422.15000000000003</AltitudeMeters>
     <DistanceMeters>83493.81962677564</DistanceMeters>
    </Trackpoint>
    <Trackpoint>
     <Time>2026-07-19T03:25:17+00:00</Time>
     <Position>
      <LatitudeDegrees>-33.5323300</LatitudeDegrees>
      <LongitudeDegrees>-70.8947900</LongitudeDegrees>
     </Position>
     <AltitudeMeters>426.47</AltitudeMeters>
     <DistanceMeters>83569.63053202392</DistanceMeters>
    </Trackpoint>
    <Trackpoint>
     <Time>2026-07-19T03:25:26+00:00</Time>
     <Position>
      <LatitudeDegrees>-33.5322400</LatitudeDegrees>
      <LongitudeDegrees>-70.8950600</LongitudeDegrees>
     </Position>
     <AltitudeMeters>428.03000000000003</AltitudeMeters>
     <DistanceMeters>83596.60781691842</DistanceMeters>
    </Trackpoint>
    <Trackpoint>
     <Time>2026-07-19T03:25:34+00:00</Time>
     <Position>
      <LatitudeDegrees>-33.5320800</LatitudeDegrees>
      <LongitudeDegrees>-70.8952500</LongitudeDegrees>
     </Position>
     <AltitudeMeters>430.06000000000006</AltitudeMeters>
     <DistanceMeters>83621.66394262368</DistanceMeters>
    </Trackpoint>
    <Trackpoint>
     <Time>2026-07-19T03:25:42+00:00</Time>
     <Position>
      <LatitudeDegrees>-33.5319500</LatitudeDegrees>
      <LongitudeDegrees>-70.8953700</LongitudeDegrees>
     </Position>
     <AltitudeMeters>431.33000000000004</AltitudeMeters>
     <DistanceMeters>83639.91977796344</DistanceMeters>
    </Trackpoint>
    <Trackpoint>
     <Time>2026-07-19T03:25:50+00:00</Time>
     <Position>
      <LatitudeDegrees>-33.5317700</LatitudeDegrees>
      <LongitudeDegrees>-70.8954600</LongitudeDegrees>
     </Position>
     <AltitudeMeters>432.43</AltitudeMeters>
     <DistanceMeters>83661.62338117471</DistanceMeters>
    </Trackpoint>
    <Trackpoint>
     <Time>2026-07-19T03:25:59+00:00</Time>
     <Position>
      <LatitudeDegrees>-33.5309250</LatitudeDegrees>
      <LongitudeDegrees>-70.8957050</LongitudeDegrees>
     </Position>
     <AltitudeMeters>434.56000000000006</AltitudeMeters>
     <DistanceMeters>83758.37603577672</DistanceMeters>
    </Trackpoint>
    <Trackpoint>
     <Time>2026-07-19T03:26:07+00:00</Time>
     <Position>
      <LatitudeDegrees>-33.5300800</LatitudeDegrees>
      <LongitudeDegrees>-70.8959500</LongitudeDegrees>
     </Position>
     <AltitudeMeters>438.89000000000004</AltitudeMeters>
     <DistanceMeters>83855.12870666517</DistanceMeters>
    </Trackpoint>
    <Trackpoint>
     <Time>2026-07-19T03:26:15+00:00</Time>
     <Position>
      <LatitudeDegrees>-33.5298700</LatitudeDegrees>
      <LongitudeDegrees>-70.8960900</LongitudeDegrees>
     </Position>
     <AltitudeMeters>439.53000000000003</AltitudeMeters>
     <DistanceMeters>83881.86741527455</DistanceMeters>
    </Trackpoint>
    <Trackpoint>
     <Time>2026-07-19T03:26:23+00:00</Time>
     <Position>
      <LatitudeDegrees>-33.5296900</LatitudeDegrees>
      <LongitudeDegrees>-70.8963500</LongitudeDegrees>
     </Position>
     <AltitudeMeters>441.48</AltitudeMeters>
     <DistanceMeters>83913.22325457656</DistanceMeters>
    </Trackpoint>
    <Trackpoint>
     <Time>2026-07-19T03:26:32+00:00</Time>
     <Position>
      <LatitudeDegrees>-33.5296200</LatitudeDegrees>
      <LongitudeDegrees>-70.8965400</LongitudeDegrees>
     </Position>
     <AltitudeMeters>441.48</AltitudeMeters>
     <DistanceMeters>83932.49557058868</DistanceMeters>
    </Trackpoint>
    <Trackpoint>
     <Time>2026-07-19T03:26:40+00:00</Time>
     <Position>
      <LatitudeDegrees>-33.5296000</LatitudeDegrees>
      <LongitudeDegrees>-70.8967600</LongitudeDegrees>
     </Position>
     <AltitudeMeters>443.09000000000003</AltitudeMeters>
     <DistanceMeters>83953.027335248</DistanceMeters>
    </Trackpoint>
    <Trackpoint>
     <Time>2026-07-19T03:26:48+00:00</Time>
     <Position>
      <LatitudeDegrees>-33.5296200</LatitudeDegrees>
      <LongitudeDegrees>-70.8971200</LongitudeDegrees>
     </Position>
     <AltitudeMeters>444.75</AltitudeMeters>
     <DistanceMeters>83986.50083362384</DistanceMeters>
    </Trackpoint>
    <Trackpoint>
     <Time>2026-07-19T03:26:57+00:00</Time>
     <Position>
      <LatitudeDegrees>-33.5297300</LatitudeDegrees>
      <LongitudeDegrees>-70.8973400</LongitudeDegrees>
     </Position>
     <AltitudeMeters>445.88000000000005</AltitudeMeters>
     <DistanceMeters>84010.301620467</DistanceMeters>
    </Trackpoint>
    <Trackpoint>
     <Time>2026-07-19T03:27:05+00:00</Time>
     <Position>
      <LatitudeDegrees>-33.5301800</LatitudeDegrees>
      <LongitudeDegrees>-70.8980600</LongitudeDegrees>
     </Position>
     <AltitudeMeters>449.79</AltitudeMeters>
     <DistanceMeters>84093.79029320132</DistanceMeters>
    </Trackpoint>
    <Trackpoint>
     <Time>2026-07-19T03:27:13+00:00</Time>
     <Position>
      <LatitudeDegrees>-33.5302500</LatitudeDegrees>
      <LongitudeDegrees>-70.8982800</LongitudeDegrees>
     </Position>
     <AltitudeMeters>451.59000000000003</AltitudeMeters>
     <DistanceMeters>84115.63721077376</DistanceMeters>
    </Trackpoint>
    <Trackpoint>
     <Time>2026-07-19T03:27:21+00:00</Time>
     <Position>
      <LatitudeDegrees>-33.5302500</LatitudeDegrees>
      <LongitudeDegrees>-70.8986400</LongitudeDegrees>
     </Position>
     <AltitudeMeters>452.34000000000003</AltitudeMeters>
     <DistanceMeters>84149.03637077488</DistanceMeters>
    </Trackpoint>
    <Trackpoint>
     <Time>2026-07-19T03:27:30+00:00</Time>
     <Position>
      <LatitudeDegrees>-33.5301800</LatitudeDegrees>
      <LongitudeDegrees>-70.8988600</LongitudeDegrees>
     </Position>
     <AltitudeMeters>454.0</AltitudeMeters>
     <DistanceMeters>84170.88328834731</DistanceMeters>
    </Trackpoint>
    <Trackpoint>
     <Time>2026-07-19T03:27:38+00:00</Time>
     <Position>
      <LatitudeDegrees>-33.5300900</LatitudeDegrees>
      <LongitudeDegrees>-70.8990400</LongitudeDegrees>
     </Position>
     <AltitudeMeters>455.23</AltitudeMeters>
     <DistanceMeters>84190.35658321326</DistanceMeters>
    </Trackpoint>
    <Trackpoint>
     <Time>2026-07-19T03:27:46+00:00</Time>
     <Position>
      <LatitudeDegrees>-33.5297750</LatitudeDegrees>
      <LongitudeDegrees>-70.8994650</LongitudeDegrees>
     </Position>
     <AltitudeMeters>456.37000000000006</AltitudeMeters>
     <DistanceMeters>84243.11810593349</DistanceMeters>
    </Trackpoint>
    <Trackpoint>
     <Time>2026-07-19T03:27:54+00:00</Time>
     <Position>
      <LatitudeDegrees>-33.5294600</LatitudeDegrees>
      <LongitudeDegrees>-70.8998900</LongitudeDegrees>
     </Position>
     <AltitudeMeters>459.99</AltitudeMeters>
     <DistanceMeters>84295.87967455895</DistanceMeters>
    </Trackpoint>
    <Trackpoint>
     <Time>2026-07-19T03:28:03+00:00</Time>
     <Position>
      <LatitudeDegrees>-33.5293300</LatitudeDegrees>
      <LongitudeDegrees>-70.9000300</LongitudeDegrees>
     </Position>
     <AltitudeMeters>460.47</AltitudeMeters>
     <DistanceMeters>84315.32297141441</DistanceMeters>
    </Trackpoint>
    <Trackpoint>
     <Time>2026-07-19T03:28:11+00:00</Time>
     <Position>
      <LatitudeDegrees>-33.5291500</LatitudeDegrees>
      <LongitudeDegrees>-70.9001300</LongitudeDegrees>
     </Position>
     <AltitudeMeters>461.29</AltitudeMeters>
     <DistanceMeters>84337.4002184675</DistanceMeters>
    </Trackpoint>
    <Trackpoint>
     <Time>2026-07-19T03:28:19+00:00</Time>
     <Position>
      <LatitudeDegrees>-33.5289700</LatitudeDegrees>
      <LongitudeDegrees>-70.9001600</LongitudeDegrees>
     </Position>
     <AltitudeMeters>463.18</AltitudeMeters>
     <DistanceMeters>84357.62586465504</DistanceMeters>
    </Trackpoint>
    <Trackpoint>
     <Time>2026-07-19T03:28:28+00:00</Time>
     <Position>
      <LatitudeDegrees>-33.5288300</LatitudeDegrees>
      <LongitudeDegrees>-70.9001600</LongitudeDegrees>
     </Position>
     <AltitudeMeters>464.5400000000001</AltitudeMeters>
     <DistanceMeters>84373.20725977694</DistanceMeters>
    </Trackpoint>
    <Trackpoint>
     <Time>2026-07-19T03:28:36+00:00</Time>
     <Position>
      <LatitudeDegrees>-33.5287500</LatitudeDegrees>
      <LongitudeDegrees>-70.9001600</LongitudeDegrees>
     </Position>
     <AltitudeMeters>464.5400000000001</AltitudeMeters>
     <DistanceMeters>84382.11091413187</DistanceMeters>
    </Trackpoint>
    <Trackpoint>
     <Time>2026-07-19T03:28:44+00:00</Time>
     <Position>
      <LatitudeDegrees>-33.5283000</LatitudeDegrees>
      <LongitudeDegrees>-70.8999000</LongitudeDegrees>
     </Position>
     <AltitudeMeters>468.67</AltitudeMeters>
     <DistanceMeters>84437.70037379819</DistanceMeters>
    </Trackpoint>
    <Trackpoint>
     <Time>2026-07-19T03:28:52+00:00</Time>
     <Position>
      <LatitudeDegrees>-33.5281000</LatitudeDegrees>
      <LongitudeDegrees>-70.8998600</LongitudeDegrees>
     </Position>
     <AltitudeMeters>470.16</AltitudeMeters>
     <DistanceMeters>84460.26675225033</DistanceMeters>
    </Trackpoint>
    <Trackpoint>
     <Time>2026-07-19T03:29:01+00:00</Time>
     <Position>
      <LatitudeDegrees>-33.5278700</LatitudeDegrees>
      <LongitudeDegrees>-70.8999000</LongitudeDegrees>
     </Position>
     <AltitudeMeters>470.16</AltitudeMeters>
     <DistanceMeters>84486.13237228013</DistanceMeters>
    </Trackpoint>
    <Trackpoint>
     <Time>2026-07-19T03:29:09+00:00</Time>
     <Position>
      <LatitudeDegrees>-33.5271300</LatitudeDegrees>
      <LongitudeDegrees>-70.9002100</LongitudeDegrees>
     </Position>
     <AltitudeMeters>473.96000000000004</AltitudeMeters>
     <DistanceMeters>84573.36874609064</DistanceMeters>
    </Trackpoint>
    <Trackpoint>
     <Time>2026-07-19T03:29:17+00:00</Time>
     <Position>
      <LatitudeDegrees>-33.5268600</LatitudeDegrees>
      <LongitudeDegrees>-70.9003900</LongitudeDegrees>
     </Position>
     <AltitudeMeters>476.83000000000004</AltitudeMeters>
     <DistanceMeters>84607.74736529904</DistanceMeters>
    </Trackpoint>
    <Trackpoint>
     <Time>2026-07-19T03:29:25+00:00</Time>
     <Position>
      <LatitudeDegrees>-33.5267500</LatitudeDegrees>
      <LongitudeDegrees>-70.9005200</LongitudeDegrees>
     </Position>
     <AltitudeMeters>478.21000000000004</AltitudeMeters>
     <DistanceMeters>84624.93323412164</DistanceMeters>
    </Trackpoint>
    <Trackpoint>
     <Time>2026-07-19T03:29:34+00:00</Time>
     <Position>
      <LatitudeDegrees>-33.5266400</LatitudeDegrees>
      <LongitudeDegrees>-70.9006900</LongitudeDegrees>
     </Position>
     <AltitudeMeters>478.21000000000004</AltitudeMeters>
     <DistanceMeters>84644.89946429859</DistanceMeters>
    </Trackpoint>
    <Trackpoint>
     <Time>2026-07-19T03:29:42+00:00</Time>
     <Position>
      <LatitudeDegrees>-33.5263100</LatitudeDegrees>
      <LongitudeDegrees>-70.9013300</LongitudeDegrees>
     </Position>
     <AltitudeMeters>481.59000000000003</AltitudeMeters>
     <DistanceMeters>84714.71898662686</DistanceMeters>
    </Trackpoint>
    <Trackpoint>
     <Time>2026-07-19T03:29:50+00:00</Time>
     <Position>
      <LatitudeDegrees>-33.5261900</LatitudeDegrees>
      <LongitudeDegrees>-70.9014600</LongitudeDegrees>
     </Position>
     <AltitudeMeters>482.64</AltitudeMeters>
     <DistanceMeters>84732.71469248917</DistanceMeters>
    </Trackpoint>
    <Trackpoint>
     <Time>2026-07-19T03:29:59+00:00</Time>
     <Position>
      <LatitudeDegrees>-33.5260600</LatitudeDegrees>
      <LongitudeDegrees>-70.9015900</LongitudeDegrees>
     </Position>
     <AltitudeMeters>482.64</AltitudeMeters>
     <DistanceMeters>84751.5511643107</DistanceMeters>
    </Trackpoint>
    <Trackpoint>
     <Time>2026-07-19T03:30:07+00:00</Time>
     <Position>
      <LatitudeDegrees>-33.5253400</LatitudeDegrees>
      <LongitudeDegrees>-70.9020400</LongitudeDegrees>
     </Position>
     <AltitudeMeters>487.87</AltitudeMeters>
     <DistanceMeters>84841.90844509011</DistanceMeters>
    </Trackpoint>
    <Trackpoint>
     <Time>2026-07-19T03:30:15+00:00</Time>
     <Position>
      <LatitudeDegrees>-33.5250900</LatitudeDegrees>
      <LongitudeDegrees>-70.9022500</LongitudeDegrees>
     </Position>
     <AltitudeMeters>490.46000000000004</AltitudeMeters>
     <DistanceMeters>84875.87601648203</DistanceMeters>
    </Trackpoint>
    <Trackpoint>
     <Time>2026-07-19T03:30:23+00:00</Time>
     <Position>
      <LatitudeDegrees>-33.5247550</LatitudeDegrees>
      <LongitudeDegrees>-70.9027050</LongitudeDegrees>
     </Position>
     <AltitudeMeters>495.05</AltitudeMeters>
     <DistanceMeters>84932.19873551671</DistanceMeters>
    </Trackpoint>
    <Trackpoint>
     <Time>2026-07-19T03:30:32+00:00</Time>
     <Position>
      <LatitudeDegrees>-33.5244200</LatitudeDegrees>
      <LongitudeDegrees>-70.9031600</LongitudeDegrees>
     </Position>
     <AltitudeMeters>496.62000000000006</AltitudeMeters>
     <DistanceMeters>84988.52147515726</DistanceMeters>
    </Trackpoint>
    <Trackpoint>
     <Time>2026-07-19T03:30:40+00:00</Time>
     <Position>
      <LatitudeDegrees>-33.5243600</LatitudeDegrees>
      <LongitudeDegrees>-70.9034800</LongitudeDegrees>
     </Position>
     <AltitudeMeters>498.61000000000007</AltitudeMeters>
     <DistanceMeters>85018.95332481113</DistanceMeters>
    </Trackpoint>
    <Trackpoint>
     <Time>2026-07-19T03:30:48+00:00</Time>
     <Position>
      <LatitudeDegrees>-33.5243800</LatitudeDegrees>
      <LongitudeDegrees>-70.9036500</LongitudeDegrees>
     </Position>
     <AltitudeMeters>498.61000000000007</AltitudeMeters>
     <DistanceMeters>85034.88251196388</DistanceMeters>
    </Trackpoint>
    <Trackpoint>
     <Time>2026-07-19T03:30:56+00:00</Time>
     <Position>
      <LatitudeDegrees>-33.5244500</LatitudeDegrees>
      <LongitudeDegrees>-70.9037800</LongitudeDegrees>
     </Position>
     <AltitudeMeters>500.75</AltitudeMeters>
     <DistanceMeters>85049.24140066458</DistanceMeters>
    </Trackpoint>
    <Trackpoint>
     <Time>2026-07-19T03:31:05+00:00</Time>
     <Position>
      <LatitudeDegrees>-33.5247950</LatitudeDegrees>
      <LongitudeDegrees>-70.9042550</LongitudeDegrees>
     </Position>
     <AltitudeMeters>502.8</AltitudeMeters>
     <DistanceMeters>85107.6930483035</DistanceMeters>
    </Trackpoint>
    <Trackpoint>
     <Time>2026-07-19T03:31:13+00:00</Time>
     <Position>
      <LatitudeDegrees>-33.5251400</LatitudeDegrees>
      <LongitudeDegrees>-70.9047300</LongitudeDegrees>
     </Position>
     <AltitudeMeters>505.78</AltitudeMeters>
     <DistanceMeters>85166.14467023099</DistanceMeters>
    </Trackpoint>
    <Trackpoint>
     <Time>2026-07-19T03:31:21+00:00</Time>
     <Position>
      <LatitudeDegrees>-33.5253000</LatitudeDegrees>
      <LongitudeDegrees>-70.9051000</LongitudeDegrees>
     </Position>
     <AltitudeMeters>507.19</AltitudeMeters>
     <DistanceMeters>85204.81732711074</DistanceMeters>
    </Trackpoint>
    <Trackpoint>
     <Time>2026-07-19T03:31:30+00:00</Time>
     <Position>
      <LatitudeDegrees>-33.5253200</LatitudeDegrees>
      <LongitudeDegrees>-70.9052200</LongitudeDegrees>
     </Position>
     <AltitudeMeters>509.30000000000007</AltitudeMeters>
     <DistanceMeters>85216.17134533943</DistanceMeters>
    </Trackpoint>
    <Trackpoint>
     <Time>2026-07-19T03:31:38+00:00</Time>
     <Position>
      <LatitudeDegrees>-33.5253200</LatitudeDegrees>
      <LongitudeDegrees>-70.9054000</LongitudeDegrees>
     </Position>
     <AltitudeMeters>509.30000000000007</AltitudeMeters>
     <DistanceMeters>85232.8718774401</DistanceMeters>
    </Trackpoint>
    <Trackpoint>
     <Time>2026-07-19T03:31:46+00:00</Time>
     <Position>
      <LatitudeDegrees>-33.5252300</LatitudeDegrees>
      <LongitudeDegrees>-70.9056700</LongitudeDegrees>
     </Position>
     <AltitudeMeters>511.06000000000006</AltitudeMeters>
     <DistanceMeters>85259.85104792404</DistanceMeters>
    </Trackpoint>
    <Trackpoint>
     <Time>2026-07-19T03:31:54+00:00</Time>
     <Position>
      <LatitudeDegrees>-33.5248300</LatitudeDegrees>
      <LongitudeDegrees>-70.9062100</LongitudeDegrees>
     </Position>
     <AltitudeMeters>515.15</AltitudeMeters>
     <DistanceMeters>85326.87390453825</DistanceMeters>
    </Trackpoint>
    <Trackpoint>
     <Time>2026-07-19T03:32:03+00:00</Time>
     <Position>
      <LatitudeDegrees>-33.5247200</LatitudeDegrees>
      <LongitudeDegrees>-70.9064200</LongitudeDegrees>
     </Position>
     <AltitudeMeters>516.35</AltitudeMeters>
     <DistanceMeters>85349.88495981114</DistanceMeters>
    </Trackpoint>
    <Trackpoint>
     <Time>2026-07-19T03:32:11+00:00</Time>
     <Position>
      <LatitudeDegrees>-33.5246300</LatitudeDegrees>
      <LongitudeDegrees>-70.9066200</LongitudeDegrees>
     </Position>
     <AltitudeMeters>517.7</AltitudeMeters>
     <DistanceMeters>85370.97211747512</DistanceMeters>
    </Trackpoint>
    <Trackpoint>
     <Time>2026-07-19T03:32:19+00:00</Time>
     <Position>
      <LatitudeDegrees>-33.5245600</LatitudeDegrees>
      <LongitudeDegrees>-70.9068800</LongitudeDegrees>
     </Position>
     <AltitudeMeters>518.86</AltitudeMeters>
     <DistanceMeters>85396.3221354424</DistanceMeters>
    </Trackpoint>
    <Trackpoint>
     <Time>2026-07-19T03:32:27+00:00</Time>
     <Position>
      <LatitudeDegrees>-33.5244700</LatitudeDegrees>
      <LongitudeDegrees>-70.9075900</LongitudeDegrees>
     </Position>
     <AltitudeMeters>521.3000000000001</AltitudeMeters>
     <DistanceMeters>85462.95425577398</DistanceMeters>
    </Trackpoint>
    <Trackpoint>
     <Time>2026-07-19T03:32:36+00:00</Time>
     <Position>
      <LatitudeDegrees>-33.5243600</LatitudeDegrees>
      <LongitudeDegrees>-70.9078700</LongitudeDegrees>
     </Position>
     <AltitudeMeters>522.9100000000001</AltitudeMeters>
     <DistanceMeters>85491.67326481084</DistanceMeters>
    </Trackpoint>
    <Trackpoint>
     <Time>2026-07-19T03:32:44+00:00</Time>
     <Position>
      <LatitudeDegrees>-33.5242500</LatitudeDegrees>
      <LongitudeDegrees>-70.9080900</LongitudeDegrees>
     </Position>
     <AltitudeMeters>524.34</AltitudeMeters>
     <DistanceMeters>85515.47513863495</DistanceMeters>
    </Trackpoint>
    <Trackpoint>
     <Time>2026-07-19T03:32:52+00:00</Time>
     <Position>
      <LatitudeDegrees>-33.5237100</LatitudeDegrees>
      <LongitudeDegrees>-70.9085900</LongitudeDegrees>
     </Position>
     <AltitudeMeters>527.86</AltitudeMeters>
     <DistanceMeters>85591.39682721661</DistanceMeters>
    </Trackpoint>
    <Trackpoint>
     <Time>2026-07-19T03:33:00+00:00</Time>
     <Position>
      <LatitudeDegrees>-33.5235500</LatitudeDegrees>
      <LongitudeDegrees>-70.9088400</LongitudeDegrees>
     </Position>
     <AltitudeMeters>528.87</AltitudeMeters>
     <DistanceMeters>85620.63956661004</DistanceMeters>
    </Trackpoint>
    <Trackpoint>
     <Time>2026-07-19T03:33:09+00:00</Time>
     <Position>
      <LatitudeDegrees>-33.5234000</LatitudeDegrees>
      <LongitudeDegrees>-70.9095600</LongitudeDegrees>
     </Position>
     <AltitudeMeters>532.1100000000001</AltitudeMeters>
     <DistanceMeters>85689.4975084163</DistanceMeters>
    </Trackpoint>
    <Trackpoint>
     <Time>2026-07-19T03:33:17+00:00</Time>
     <Position>
      <LatitudeDegrees>-33.5233300</LatitudeDegrees>
      <LongitudeDegrees>-70.9097100</LongitudeDegrees>
     </Position>
     <AltitudeMeters>532.1100000000001</AltitudeMeters>
     <DistanceMeters>85705.44710647999</DistanceMeters>
    </Trackpoint>
    <Trackpoint>
     <Time>2026-07-19T03:33:25+00:00</Time>
     <Position>
      <LatitudeDegrees>-33.5232200</LatitudeDegrees>
      <LongitudeDegrees>-70.9098000</LongitudeDegrees>
     </Position>
     <AltitudeMeters>534.1700000000001</AltitudeMeters>
     <DistanceMeters>85720.26633900587</DistanceMeters>
    </Trackpoint>
    <Trackpoint>
     <Time>2026-07-19T03:33:34+00:00</Time>
     <Position>
      <LatitudeDegrees>-33.5231000</LatitudeDegrees>
      <LongitudeDegrees>-70.9098800</LongitudeDegrees>
     </Position>
     <AltitudeMeters>534.1700000000001</AltitudeMeters>
     <DistanceMeters>85735.54588521343</DistanceMeters>
    </Trackpoint>
    <Trackpoint>
     <Time>2026-07-19T03:33:42+00:00</Time>
     <Position>
      <LatitudeDegrees>-33.5229400</LatitudeDegrees>
      <LongitudeDegrees>-70.9098800</LongitudeDegrees>
     </Position>
     <AltitudeMeters>535.35</AltitudeMeters>
     <DistanceMeters>85753.35319392329</DistanceMeters>
    </Trackpoint>
    <Trackpoint>
     <Time>2026-07-19T03:33:50+00:00</Time>
     <Position>
      <LatitudeDegrees>-33.5225900</LatitudeDegrees>
      <LongitudeDegrees>-70.9098700</LongitudeDegrees>
     </Position>
     <AltitudeMeters>536.63</AltitudeMeters>
     <DistanceMeters>85792.31773022847</DistanceMeters>
    </Trackpoint>
    <Trackpoint>
     <Time>2026-07-19T03:33:58+00:00</Time>
     <Position>
      <LatitudeDegrees>-33.5222800</LatitudeDegrees>
      <LongitudeDegrees>-70.9097400</LongitudeDegrees>
     </Position>
     <AltitudeMeters>539.2600000000001</AltitudeMeters>
     <DistanceMeters>85828.86706624947</DistanceMeters>
    </Trackpoint>
    <Trackpoint>
     <Time>2026-07-19T03:34:07+00:00</Time>
     <Position>
      <LatitudeDegrees>-33.5219400</LatitudeDegrees>
      <LongitudeDegrees>-70.9095500</LongitudeDegrees>
     </Position>
     <AltitudeMeters>542.58</AltitudeMeters>
     <DistanceMeters>85870.61257148377</DistanceMeters>
    </Trackpoint>
    <Trackpoint>
     <Time>2026-07-19T03:34:15+00:00</Time>
     <Position>
      <LatitudeDegrees>-33.5218700</LatitudeDegrees>
      <LongitudeDegrees>-70.9095200</LongitudeDegrees>
     </Position>
     <AltitudeMeters>543.19</AltitudeMeters>
     <DistanceMeters>85878.88560106578</DistanceMeters>
    </Trackpoint>
    <Trackpoint>
     <Time>2026-07-19T03:34:23+00:00</Time>
     <Position>
      <LatitudeDegrees>-33.5217400</LatitudeDegrees>
      <LongitudeDegrees>-70.9095200</LongitudeDegrees>
     </Position>
     <AltitudeMeters>543.19</AltitudeMeters>
     <DistanceMeters>85893.35403939293</DistanceMeters>
    </Trackpoint>
    <Trackpoint>
     <Time>2026-07-19T03:34:31+00:00</Time>
     <Position>
      <LatitudeDegrees>-33.5216700</LatitudeDegrees>
      <LongitudeDegrees>-70.9095600</LongitudeDegrees>
     </Position>
     <AltitudeMeters>543.19</AltitudeMeters>
     <DistanceMeters>85901.98360156323</DistanceMeters>
    </Trackpoint>
    <Trackpoint>
     <Time>2026-07-19T03:34:40+00:00</Time>
     <Position>
      <LatitudeDegrees>-33.5215800</LatitudeDegrees>
      <LongitudeDegrees>-70.9096200</LongitudeDegrees>
     </Position>
     <AltitudeMeters>546.0200000000001</AltitudeMeters>
     <DistanceMeters>85913.44330921584</DistanceMeters>
    </Trackpoint>
    <Trackpoint>
     <Time>2026-07-19T03:34:48+00:00</Time>
     <Position>
      <LatitudeDegrees>-33.5214900</LatitudeDegrees>
      <LongitudeDegrees>-70.9097400</LongitudeDegrees>
     </Position>
     <AltitudeMeters>546.0200000000001</AltitudeMeters>
     <DistanceMeters>85928.42003646588</DistanceMeters>
    </Trackpoint>
    <Trackpoint>
     <Time>2026-07-19T03:34:56+00:00</Time>
     <Position>
      <LatitudeDegrees>-33.5213100</LatitudeDegrees>
      <LongitudeDegrees>-70.9101900</LongitudeDegrees>
     </Position>
     <AltitudeMeters>548.37</AltitudeMeters>
     <DistanceMeters>85974.7305276838</DistanceMeters>
    </Trackpoint>
    <Trackpoint>
     <Time>2026-07-19T03:35:05+00:00</Time>
     <Position>
      <LatitudeDegrees>-33.5212200</LatitudeDegrees>
      <LongitudeDegrees>-70.9102900</LongitudeDegrees>
     </Position>
     <AltitudeMeters>549.79</AltitudeMeters>
     <DistanceMeters>85988.38421645675</DistanceMeters>
    </Trackpoint>
    <Trackpoint>
     <Time>2026-07-19T03:35:13+00:00</Time>
     <Position>
      <LatitudeDegrees>-33.5211100</LatitudeDegrees>
      <LongitudeDegrees>-70.9103700</LongitudeDegrees>
     </Position>
     <AltitudeMeters>549.79</AltitudeMeters>
     <DistanceMeters>86002.7012552219</DistanceMeters>
    </Trackpoint>
    <Trackpoint>
     <Time>2026-07-19T03:35:21+00:00</Time>
     <Position>
      <LatitudeDegrees>-33.5209300</LatitudeDegrees>
      <LongitudeDegrees>-70.9104100</LongitudeDegrees>
     </Position>
     <AltitudeMeters>551.86</AltitudeMeters>
     <DistanceMeters>86023.0753708748</DistanceMeters>
    </Trackpoint>
    <Trackpoint>
     <Time>2026-07-19T03:35:29+00:00</Time>
     <Position>
      <LatitudeDegrees>-33.5202600</LatitudeDegrees>
      <LongitudeDegrees>-70.9102800</LongitudeDegrees>
     </Position>
     <AltitudeMeters>555.96</AltitudeMeters>
     <DistanceMeters>86098.61276482389</DistanceMeters>
    </Trackpoint>
    <Trackpoint>
     <Time>2026-07-19T03:35:38+00:00</Time>
     <Position>
      <LatitudeDegrees>-33.5201900</LatitudeDegrees>
      <LongitudeDegrees>-70.9102800</LongitudeDegrees>
     </Position>
     <AltitudeMeters>556.7500000000001</AltitudeMeters>
     <DistanceMeters>86106.40346238484</DistanceMeters>
    </Trackpoint>
    <Trackpoint>
     <Time>2026-07-19T03:35:46+00:00</Time>
     <Position>
      <LatitudeDegrees>-33.5200600</LatitudeDegrees>
      <LongitudeDegrees>-70.9102900</LongitudeDegrees>
     </Position>
     <AltitudeMeters>557.21</AltitudeMeters>
     <DistanceMeters>86120.90162218195</DistanceMeters>
    </Trackpoint>
    <Trackpoint>
     <Time>2026-07-19T03:35:54+00:00</Time>
     <Position>
      <LatitudeDegrees>-33.5198600</LatitudeDegrees>
      <LongitudeDegrees>-70.9105000</LongitudeDegrees>
     </Position>
     <AltitudeMeters>558.8100000000001</AltitudeMeters>
     <DistanceMeters>86150.48439848615</DistanceMeters>
    </Trackpoint>
    <Trackpoint>
     <Time>2026-07-19T03:36:02+00:00</Time>
     <Position>
      <LatitudeDegrees>-33.5198100</LatitudeDegrees>
      <LongitudeDegrees>-70.9106900</LongitudeDegrees>
     </Position>
     <AltitudeMeters>558.8100000000001</AltitudeMeters>
     <DistanceMeters>86168.97127463006</DistanceMeters>
    </Trackpoint>
    <Trackpoint>
     <Time>2026-07-19T03:36:11+00:00</Time>
     <Position>
      <LatitudeDegrees>-33.5197550</LatitudeDegrees>
      <LongitudeDegrees>-70.9112700</LongitudeDegrees>
     </Position>
     <AltitudeMeters>563.1400000000001</AltitudeMeters>
     <DistanceMeters>86223.13455115921</DistanceMeters>
    </Trackpoint>
    <Trackpoint>
     <Time>2026-07-19T03:36:19+00:00</Time>
     <Position>
      <LatitudeDegrees>-33.5197000</LatitudeDegrees>
      <LongitudeDegrees>-70.9118500</LongitudeDegrees>
     </Position>
     <AltitudeMeters>564.4</AltitudeMeters>
     <DistanceMeters>86277.29786840349</DistanceMeters>
    </Trackpoint>
    <Trackpoint>
     <Time>2026-07-19T03:36:27+00:00</Time>
     <Position>
      <LatitudeDegrees>-33.5194333</LatitudeDegrees>
      <LongitudeDegrees>-70.9125200</LongitudeDegrees>
     </Position>
     <AltitudeMeters>567.73</AltitudeMeters>
     <DistanceMeters>86346.18635072377</DistanceMeters>
    </Trackpoint>
    <Trackpoint>
     <Time>2026-07-19T03:36:36+00:00</Time>
     <Position>
      <LatitudeDegrees>-33.5191667</LatitudeDegrees>
      <LongitudeDegrees>-70.9131900</LongitudeDegrees>
     </Position>
     <AltitudeMeters>571.49</AltitudeMeters>
     <DistanceMeters>86415.07483304464</DistanceMeters>
    </Trackpoint>
    <Trackpoint>
     <Time>2026-07-19T03:36:44+00:00</Time>
     <Position>
      <LatitudeDegrees>-33.5189000</LatitudeDegrees>
      <LongitudeDegrees>-70.9138600</LongitudeDegrees>
     </Position>
     <AltitudeMeters>575.22</AltitudeMeters>
     <DistanceMeters>86483.96329235515</DistanceMeters>
    </Trackpoint>
    <Trackpoint>
     <Time>2026-07-19T03:36:52+00:00</Time>
     <Position>
      <LatitudeDegrees>-33.5188700</LatitudeDegrees>
      <LongitudeDegrees>-70.9141000</LongitudeDegrees>
     </Position>
     <AltitudeMeters>575.9000000000001</AltitudeMeters>
     <DistanceMeters>86506.4812381146</DistanceMeters>
    </Trackpoint>
    <Trackpoint>
     <Time>2026-07-19T03:37:00+00:00</Time>
     <Position>
      <LatitudeDegrees>-33.5188800</LatitudeDegrees>
      <LongitudeDegrees>-70.9141200</LongitudeDegrees>
     </Position>
     <AltitudeMeters>575.9000000000001</AltitudeMeters>
     <DistanceMeters>86506.4812381146</DistanceMeters>
    </Trackpoint>
    <Trackpoint>
     <Time>2026-07-19T03:37:09+00:00</Time>
     <Position>
      <LatitudeDegrees>-33.5189000</LatitudeDegrees>
      <LongitudeDegrees>-70.9143100</LongitudeDegrees>
     </Position>
     <AltitudeMeters>577.3000000000001</AltitudeMeters>
     <DistanceMeters>86524.25085406436</DistanceMeters>
    </Trackpoint>
    <Trackpoint>
     <Time>2026-07-19T03:37:17+00:00</Time>
     <Position>
      <LatitudeDegrees>-33.5190300</LatitudeDegrees>
      <LongitudeDegrees>-70.9144800</LongitudeDegrees>
     </Position>
     <AltitudeMeters>577.85</AltitudeMeters>
     <DistanceMeters>86545.65531889946</DistanceMeters>
    </Trackpoint>
    <Trackpoint>
     <Time>2026-07-19T03:37:25+00:00</Time>
     <Position>
      <LatitudeDegrees>-33.5195400</LatitudeDegrees>
      <LongitudeDegrees>-70.9147100</LongitudeDegrees>
     </Position>
     <AltitudeMeters>581.5100000000001</AltitudeMeters>
     <DistanceMeters>86606.29547696606</DistanceMeters>
    </Trackpoint>
    <Trackpoint>
     <Time>2026-07-19T03:37:33+00:00</Time>
     <Position>
      <LatitudeDegrees>-33.5196600</LatitudeDegrees>
      <LongitudeDegrees>-70.9148900</LongitudeDegrees>
     </Position>
     <AltitudeMeters>582.23</AltitudeMeters>
     <DistanceMeters>86627.68036771995</DistanceMeters>
    </Trackpoint>
    <Trackpoint>
     <Time>2026-07-19T03:37:42+00:00</Time>
     <Position>
      <LatitudeDegrees>-33.5196800</LatitudeDegrees>
      <LongitudeDegrees>-70.9151200</LongitudeDegrees>
     </Position>
     <AltitudeMeters>582.23</AltitudeMeters>
     <DistanceMeters>86649.13710061567</DistanceMeters>
    </Trackpoint>
    <Trackpoint>
     <Time>2026-07-19T03:37:50+00:00</Time>
     <Position>
      <LatitudeDegrees>-33.5195400</LatitudeDegrees>
      <LongitudeDegrees>-70.9155600</LongitudeDegrees>
     </Position>
     <AltitudeMeters>584.98</AltitudeMeters>
     <DistanceMeters>86692.83561271128</DistanceMeters>
    </Trackpoint>
    <Trackpoint>
     <Time>2026-07-19T03:37:58+00:00</Time>
     <Position>
      <LatitudeDegrees>-33.5195400</LatitudeDegrees>
      <LongitudeDegrees>-70.9157800</LongitudeDegrees>
     </Position>
     <AltitudeMeters>585.7800000000001</AltitudeMeters>
     <DistanceMeters>86713.24873828841</DistanceMeters>
    </Trackpoint>
    <Trackpoint>
     <Time>2026-07-19T03:38:07+00:00</Time>
     <Position>
      <LatitudeDegrees>-33.5196100</LatitudeDegrees>
      <LongitudeDegrees>-70.9159200</LongitudeDegrees>
     </Position>
     <AltitudeMeters>586.71</AltitudeMeters>
     <DistanceMeters>86728.395994471</DistanceMeters>
    </Trackpoint>
    <Trackpoint>
     <Time>2026-07-19T03:38:15+00:00</Time>
     <Position>
      <LatitudeDegrees>-33.5198600</LatitudeDegrees>
      <LongitudeDegrees>-70.9162300</LongitudeDegrees>
     </Position>
     <AltitudeMeters>588.5400000000001</AltitudeMeters>
     <DistanceMeters>86768.41513472913</DistanceMeters>
    </Trackpoint>
    <Trackpoint>
     <Time>2026-07-19T03:38:23+00:00</Time>
     <Position>
      <LatitudeDegrees>-33.5199500</LatitudeDegrees>
      <LongitudeDegrees>-70.9164100</LongitudeDegrees>
     </Position>
     <AltitudeMeters>589.1500000000001</AltitudeMeters>
     <DistanceMeters>86787.89012375024</DistanceMeters>
    </Trackpoint>
    <Trackpoint>
     <Time>2026-07-19T03:38:31+00:00</Time>
     <Position>
      <LatitudeDegrees>-33.5199700</LatitudeDegrees>
      <LongitudeDegrees>-70.9165900</LongitudeDegrees>
     </Position>
     <AltitudeMeters>590.04</AltitudeMeters>
     <DistanceMeters>86804.73936809604</DistanceMeters>
    </Trackpoint>
    <Trackpoint>
     <Time>2026-07-19T03:38:40+00:00</Time>
     <Position>
      <LatitudeDegrees>-33.5199300</LatitudeDegrees>
      <LongitudeDegrees>-70.9169600</LongitudeDegrees>
     </Position>
     <AltitudeMeters>591.98</AltitudeMeters>
     <DistanceMeters>86839.35781019395</DistanceMeters>
    </Trackpoint>
    <Trackpoint>
     <Time>2026-07-19T03:38:48+00:00</Time>
     <Position>
      <LatitudeDegrees>-33.5199300</LatitudeDegrees>
      <LongitudeDegrees>-70.9171400</LongitudeDegrees>
     </Position>
     <AltitudeMeters>591.98</AltitudeMeters>
     <DistanceMeters>86856.05938309018</DistanceMeters>
    </Trackpoint>
    <Trackpoint>
     <Time>2026-07-19T03:38:56+00:00</Time>
     <Position>
      <LatitudeDegrees>-33.5199700</LatitudeDegrees>
      <LongitudeDegrees>-70.9172600</LongitudeDegrees>
     </Position>
     <AltitudeMeters>593.4200000000001</AltitudeMeters>
     <DistanceMeters>86868.05076202922</DistanceMeters>
    </Trackpoint>
    <Trackpoint>
     <Time>2026-07-19T03:39:04+00:00</Time>
     <Position>
      <LatitudeDegrees>-33.5200400</LatitudeDegrees>
      <LongitudeDegrees>-70.9173200</LongitudeDegrees>
     </Position>
     <AltitudeMeters>593.4200000000001</AltitudeMeters>
     <DistanceMeters>86877.62617481351</DistanceMeters>
    </Trackpoint>
    <Trackpoint>
     <Time>2026-07-19T03:39:13+00:00</Time>
     <Position>
      <LatitudeDegrees>-33.5201700</LatitudeDegrees>
      <LongitudeDegrees>-70.9174000</LongitudeDegrees>
     </Position>
     <AltitudeMeters>593.4200000000001</AltitudeMeters>
     <DistanceMeters>86893.88763984927</DistanceMeters>
    </Trackpoint>
    <Trackpoint>
     <Time>2026-07-19T03:39:21+00:00</Time>
     <Position>
      <LatitudeDegrees>-33.5202800</LatitudeDegrees>
      <LongitudeDegrees>-70.9174000</LongitudeDegrees>
     </Position>
     <AltitudeMeters>594.83</AltitudeMeters>
     <DistanceMeters>86906.1301645877</DistanceMeters>
    </Trackpoint>
    <Trackpoint>
     <Time>2026-07-19T03:39:29+00:00</Time>
     <Position>
      <LatitudeDegrees>-33.5203300</LatitudeDegrees>
      <LongitudeDegrees>-70.9173600</LongitudeDegrees>
     </Position>
     <AltitudeMeters>594.83</AltitudeMeters>
     <DistanceMeters>86912.81908388216</DistanceMeters>
    </Trackpoint>
    <Trackpoint>
     <Time>2026-07-19T03:39:38+00:00</Time>
     <Position>
      <LatitudeDegrees>-33.5209800</LatitudeDegrees>
      <LongitudeDegrees>-70.9166800</LongitudeDegrees>
     </Position>
     <AltitudeMeters>599.07</AltitudeMeters>
     <DistanceMeters>87008.81014413486</DistanceMeters>
    </Trackpoint>
    <Trackpoint>
     <Time>2026-07-19T03:39:46+00:00</Time>
     <Position>
      <LatitudeDegrees>-33.5213800</LatitudeDegrees>
      <LongitudeDegrees>-70.9162900</LongitudeDegrees>
     </Position>
     <AltitudeMeters>601.13</AltitudeMeters>
     <DistanceMeters>87066.1801617314</DistanceMeters>
    </Trackpoint>
    <Trackpoint>
     <Time>2026-07-19T03:39:54+00:00</Time>
     <Position>
      <LatitudeDegrees>-33.5215400</LatitudeDegrees>
      <LongitudeDegrees>-70.9161900</LongitudeDegrees>
     </Position>
     <AltitudeMeters>602.59</AltitudeMeters>
     <DistanceMeters>87086.25976764192</DistanceMeters>
    </Trackpoint>
    <Trackpoint>
     <Time>2026-07-19T03:40:02+00:00</Time>
     <Position>
      <LatitudeDegrees>-33.5219800</LatitudeDegrees>
      <LongitudeDegrees>-70.9161000</LongitudeDegrees>
     </Position>
     <AltitudeMeters>605.36</AltitudeMeters>
     <DistanceMeters>87135.9367570344</DistanceMeters>
    </Trackpoint>
    <Trackpoint>
     <Time>2026-07-19T03:40:11+00:00</Time>
     <Position>
      <LatitudeDegrees>-33.5220700</LatitudeDegrees>
      <LongitudeDegrees>-70.9160500</LongitudeDegrees>
     </Position>
     <AltitudeMeters>605.9</AltitudeMeters>
     <DistanceMeters>87146.97554321</DistanceMeters>
    </Trackpoint>
    <Trackpoint>
     <Time>2026-07-19T03:40:19+00:00</Time>
     <Position>
      <LatitudeDegrees>-33.5222100</LatitudeDegrees>
      <LongitudeDegrees>-70.9158700</LongitudeDegrees>
     </Position>
     <AltitudeMeters>605.9</AltitudeMeters>
     <DistanceMeters>87169.81647483047</DistanceMeters>
    </Trackpoint>
    <Trackpoint>
     <Time>2026-07-19T03:40:27+00:00</Time>
     <Position>
      <LatitudeDegrees>-33.5223700</LatitudeDegrees>
      <LongitudeDegrees>-70.9153500</LongitudeDegrees>
     </Position>
     <AltitudeMeters>609.5400000000001</AltitudeMeters>
     <DistanceMeters>87221.24543641468</DistanceMeters>
    </Trackpoint>
    <Trackpoint>
     <Time>2026-07-19T03:40:35+00:00</Time>
     <Position>
      <LatitudeDegrees>-33.5225400</LatitudeDegrees>
      <LongitudeDegrees>-70.9152500</LongitudeDegrees>
     </Position>
     <AltitudeMeters>610.47</AltitudeMeters>
     <DistanceMeters>87242.31828140639</DistanceMeters>
    </Trackpoint>
    <Trackpoint>
     <Time>2026-07-19T03:40:44+00:00</Time>
     <Position>
      <LatitudeDegrees>-33.5226300</LatitudeDegrees>
      <LongitudeDegrees>-70.9152500</LongitudeDegrees>
     </Position>
     <AltitudeMeters>611.0600000000001</AltitudeMeters>
     <DistanceMeters>87252.33489255609</DistanceMeters>
    </Trackpoint>
    <Trackpoint>
     <Time>2026-07-19T03:40:52+00:00</Time>
     <Position>
      <LatitudeDegrees>-33.5227500</LatitudeDegrees>
      <LongitudeDegrees>-70.9152900</LongitudeDegrees>
     </Position>
     <AltitudeMeters>611.38</AltitudeMeters>
     <DistanceMeters>87266.1964562491</DistanceMeters>
    </Trackpoint>
    <Trackpoint>
     <Time>2026-07-19T03:41:00+00:00</Time>
     <Position>
      <LatitudeDegrees>-33.5230600</LatitudeDegrees>
      <LongitudeDegrees>-70.9155600</LongitudeDegrees>
     </Position>
     <AltitudeMeters>614.68</AltitudeMeters>
     <DistanceMeters>87308.83378873726</DistanceMeters>
    </Trackpoint>
    <Trackpoint>
     <Time>2026-07-19T03:41:09+00:00</Time>
     <Position>
      <LatitudeDegrees>-33.5231900</LatitudeDegrees>
      <LongitudeDegrees>-70.9156100</LongitudeDegrees>
     </Position>
     <AltitudeMeters>615.47</AltitudeMeters>
     <DistanceMeters>87324.02778299499</DistanceMeters>
    </Trackpoint>
    <Trackpoint>
     <Time>2026-07-19T03:41:17+00:00</Time>
     <Position>
      <LatitudeDegrees>-33.5233500</LatitudeDegrees>
      <LongitudeDegrees>-70.9156500</LongitudeDegrees>
     </Position>
     <AltitudeMeters>615.47</AltitudeMeters>
     <DistanceMeters>87342.21772856421</DistanceMeters>
    </Trackpoint>
    <Trackpoint>
     <Time>2026-07-19T03:41:25+00:00</Time>
     <Position>
      <LatitudeDegrees>-33.5239100</LatitudeDegrees>
      <LongitudeDegrees>-70.9156900</LongitudeDegrees>
     </Position>
     <AltitudeMeters>618.83</AltitudeMeters>
     <DistanceMeters>87404.65370973424</DistanceMeters>
    </Trackpoint>
    <Trackpoint>
     <Time>2026-07-19T03:41:33+00:00</Time>
     <Position>
      <LatitudeDegrees>-33.5240900</LatitudeDegrees>
      <LongitudeDegrees>-70.9157400</LongitudeDegrees>
     </Position>
     <AltitudeMeters>620.45</AltitudeMeters>
     <DistanceMeters>87425.21705853958</DistanceMeters>
    </Trackpoint>
    <Trackpoint>
     <Time>2026-07-19T03:41:42+00:00</Time>
     <Position>
      <LatitudeDegrees>-33.5242200</LatitudeDegrees>
      <LongitudeDegrees>-70.9158300</LongitudeDegrees>
     </Position>
     <AltitudeMeters>620.45</AltitudeMeters>
     <DistanceMeters>87441.92228315104</DistanceMeters>
    </Trackpoint>
    <Trackpoint>
     <Time>2026-07-19T03:41:50+00:00</Time>
     <Position>
      <LatitudeDegrees>-33.5244000</LatitudeDegrees>
      <LongitudeDegrees>-70.9160000</LongitudeDegrees>
     </Position>
     <AltitudeMeters>624.02</AltitudeMeters>
     <DistanceMeters>87467.41962914972</DistanceMeters>
    </Trackpoint>
    <Trackpoint>
     <Time>2026-07-19T03:41:58+00:00</Time>
     <Position>
      <LatitudeDegrees>-33.5244900</LatitudeDegrees>
      <LongitudeDegrees>-70.9161100</LongitudeDegrees>
     </Position>
     <AltitudeMeters>624.02</AltitudeMeters>
     <DistanceMeters>87481.71979027013</DistanceMeters>
    </Trackpoint>
    <Trackpoint>
     <Time>2026-07-19T03:42:06+00:00</Time>
     <Position>
      <LatitudeDegrees>-33.5246000</LatitudeDegrees>
      <LongitudeDegrees>-70.9164200</LongitudeDegrees>
     </Position>
     <AltitudeMeters>624.47</AltitudeMeters>
     <DistanceMeters>87512.97916430401</DistanceMeters>
    </Trackpoint>
    <Trackpoint>
     <Time>2026-07-19T03:42:15+00:00</Time>
     <Position>
      <LatitudeDegrees>-33.5246000</LatitudeDegrees>
      <LongitudeDegrees>-70.9165600</LongitudeDegrees>
     </Position>
     <AltitudeMeters>625.11</AltitudeMeters>
     <DistanceMeters>87525.96857519037</DistanceMeters>
    </Trackpoint>
    <Trackpoint>
     <Time>2026-07-19T03:42:23+00:00</Time>
     <Position>
      <LatitudeDegrees>-33.5245100</LatitudeDegrees>
      <LongitudeDegrees>-70.9171300</LongitudeDegrees>
     </Position>
     <AltitudeMeters>628.2700000000001</AltitudeMeters>
     <DistanceMeters>87579.79428597678</DistanceMeters>
    </Trackpoint>
    <Trackpoint>
     <Time>2026-07-19T03:42:31+00:00</Time>
     <Position>
      <LatitudeDegrees>-33.5244900</LatitudeDegrees>
      <LongitudeDegrees>-70.9174400</LongitudeDegrees>
     </Position>
     <AltitudeMeters>628.74</AltitudeMeters>
     <DistanceMeters>87608.64258931034</DistanceMeters>
    </Trackpoint>
    <Trackpoint>
     <Time>2026-07-19T03:42:39+00:00</Time>
     <Position>
      <LatitudeDegrees>-33.5246500</LatitudeDegrees>
      <LongitudeDegrees>-70.9183400</LongitudeDegrees>
     </Position>
     <AltitudeMeters>632.58</AltitudeMeters>
     <DistanceMeters>87694.0235912589</DistanceMeters>
    </Trackpoint>
    <Trackpoint>
     <Time>2026-07-19T03:42:48+00:00</Time>
     <Position>
      <LatitudeDegrees>-33.5247200</LatitudeDegrees>
      <LongitudeDegrees>-70.9186100</LongitudeDegrees>
     </Position>
     <AltitudeMeters>634.45</AltitudeMeters>
     <DistanceMeters>87720.25804707667</DistanceMeters>
    </Trackpoint>
    <Trackpoint>
     <Time>2026-07-19T03:42:56+00:00</Time>
     <Position>
      <LatitudeDegrees>-33.5247400</LatitudeDegrees>
      <LongitudeDegrees>-70.9188800</LongitudeDegrees>
     </Position>
     <AltitudeMeters>634.8900000000001</AltitudeMeters>
     <DistanceMeters>87745.40771390953</DistanceMeters>
    </Trackpoint>
    <Trackpoint>
     <Time>2026-07-19T03:43:04+00:00</Time>
     <Position>
      <LatitudeDegrees>-33.5247200</LatitudeDegrees>
      <LongitudeDegrees>-70.9190600</LongitudeDegrees>
     </Position>
     <AltitudeMeters>636.0600000000001</AltitudeMeters>
     <DistanceMeters>87762.25604526028</DistanceMeters>
    </Trackpoint>
    <Trackpoint>
     <Time>2026-07-19T03:43:13+00:00</Time>
     <Position>
      <LatitudeDegrees>-33.5246500</LatitudeDegrees>
      <LongitudeDegrees>-70.9192300</LongitudeDegrees>
     </Position>
     <AltitudeMeters>637.27</AltitudeMeters>
     <DistanceMeters>87779.84801695892</DistanceMeters>
    </Trackpoint>
    <Trackpoint>
     <Time>2026-07-19T03:43:21+00:00</Time>
     <Position>
      <LatitudeDegrees>-33.5245100</LatitudeDegrees>
      <LongitudeDegrees>-70.9194100</LongitudeDegrees>
     </Position>
     <AltitudeMeters>637.27</AltitudeMeters>
     <DistanceMeters>87802.68860406725</DistanceMeters>
    </Trackpoint>
    <Trackpoint>
     <Time>2026-07-19T03:43:29+00:00</Time>
     <Position>
      <LatitudeDegrees>-33.5243100</LatitudeDegrees>
      <LongitudeDegrees>-70.9196400</LongitudeDegrees>
     </Position>
     <AltitudeMeters>639.1600000000001</AltitudeMeters>
     <DistanceMeters>87833.52455565306</DistanceMeters>
    </Trackpoint>
    <Trackpoint>
     <Time>2026-07-19T03:43:37+00:00</Time>
     <Position>
      <LatitudeDegrees>-33.5242200</LatitudeDegrees>
      <LongitudeDegrees>-70.9198100</LongitudeDegrees>
     </Position>
     <AltitudeMeters>639.7900000000001</AltitudeMeters>
     <DistanceMeters>87852.2092396242</DistanceMeters>
    </Trackpoint>
    <Trackpoint>
     <Time>2026-07-19T03:43:46+00:00</Time>
     <Position>
      <LatitudeDegrees>-33.5242000</LatitudeDegrees>
      <LongitudeDegrees>-70.9199000</LongitudeDegrees>
     </Position>
     <AltitudeMeters>640.54</AltitudeMeters>
     <DistanceMeters>87860.85119682783</DistanceMeters>
    </Trackpoint>
    <Trackpoint>
     <Time>2026-07-19T03:43:54+00:00</Time>
     <Position>
      <LatitudeDegrees>-33.5242000</LatitudeDegrees>
      <LongitudeDegrees>-70.9200400</LongitudeDegrees>
     </Position>
     <AltitudeMeters>640.95</AltitudeMeters>
     <DistanceMeters>87873.84066779047</DistanceMeters>
    </Trackpoint>
    <Trackpoint>
     <Time>2026-07-19T03:44:02+00:00</Time>
     <Position>
      <LatitudeDegrees>-33.5242700</LatitudeDegrees>
      <LongitudeDegrees>-70.9202200</LongitudeDegrees>
     </Position>
     <AltitudeMeters>640.95</AltitudeMeters>
     <DistanceMeters>87892.26917123639</DistanceMeters>
    </Trackpoint>
    <Trackpoint>
     <Time>2026-07-19T03:44:10+00:00</Time>
     <Position>
      <LatitudeDegrees>-33.5243800</LatitudeDegrees>
      <LongitudeDegrees>-70.9203500</LongitudeDegrees>
     </Position>
     <AltitudeMeters>643.0300000000001</AltitudeMeters>
     <DistanceMeters>87909.45528280838</DistanceMeters>
    </Trackpoint>
    <Trackpoint>
     <Time>2026-07-19T03:44:19+00:00</Time>
     <Position>
      <LatitudeDegrees>-33.5248050</LatitudeDegrees>
      <LongitudeDegrees>-70.9206400</LongitudeDegrees>
     </Position>
     <AltitudeMeters>645.2</AltitudeMeters>
     <DistanceMeters>87963.87326243981</DistanceMeters>
    </Trackpoint>
    <Trackpoint>
     <Time>2026-07-19T03:44:27+00:00</Time>
     <Position>
      <LatitudeDegrees>-33.5252300</LatitudeDegrees>
      <LongitudeDegrees>-70.9209300</LongitudeDegrees>
     </Position>
     <AltitudeMeters>647.66</AltitudeMeters>
     <DistanceMeters>88018.29124131487</DistanceMeters>
    </Trackpoint>
    <Trackpoint>
     <Time>2026-07-19T03:44:35+00:00</Time>
     <Position>
      <LatitudeDegrees>-33.5256100</LatitudeDegrees>
      <LongitudeDegrees>-70.9210300</LongitudeDegrees>
     </Position>
     <AltitudeMeters>649.11</AltitudeMeters>
     <DistanceMeters>88061.58934759886</DistanceMeters>
    </Trackpoint>
    <Trackpoint>
     <Time>2026-07-19T03:44:44+00:00</Time>
     <Position>
      <LatitudeDegrees>-33.5260600</LatitudeDegrees>
      <LongitudeDegrees>-70.9210700</LongitudeDegrees>
     </Position>
     <AltitudeMeters>651.1600000000001</AltitudeMeters>
     <DistanceMeters>88111.80971729473</DistanceMeters>
    </Trackpoint>
    <Trackpoint>
     <Time>2026-07-19T03:44:52+00:00</Time>
     <Position>
      <LatitudeDegrees>-33.5261700</LatitudeDegrees>
      <LongitudeDegrees>-70.9211100</LongitudeDegrees>
     </Position>
     <AltitudeMeters>651.5500000000001</AltitudeMeters>
     <DistanceMeters>88124.60238637011</DistanceMeters>
    </Trackpoint>
    <Trackpoint>
     <Time>2026-07-19T03:45:00+00:00</Time>
     <Position>
      <LatitudeDegrees>-33.5262600</LatitudeDegrees>
      <LongitudeDegrees>-70.9212500</LongitudeDegrees>
     </Position>
     <AltitudeMeters>652.4300000000001</AltitudeMeters>
     <DistanceMeters>88141.00516029657</DistanceMeters>
    </Trackpoint>
    <Trackpoint>
     <Time>2026-07-19T03:45:08+00:00</Time>
     <Position>
      <LatitudeDegrees>-33.5264200</LatitudeDegrees>
      <LongitudeDegrees>-70.9216100</LongitudeDegrees>
     </Position>
     <AltitudeMeters>654.1</AltitudeMeters>
     <DistanceMeters>88178.85625032856</DistanceMeters>
    </Trackpoint>
    <Trackpoint>
     <Time>2026-07-19T03:45:17+00:00</Time>
     <Position>
      <LatitudeDegrees>-33.5265300</LatitudeDegrees>
      <LongitudeDegrees>-70.9217800</LongitudeDegrees>
     </Position>
     <AltitudeMeters>655.24</AltitudeMeters>
     <DistanceMeters>88198.82251220303</DistanceMeters>
    </Trackpoint>
    <Trackpoint>
     <Time>2026-07-19T03:45:25+00:00</Time>
     <Position>
      <LatitudeDegrees>-33.5266900</LatitudeDegrees>
      <LongitudeDegrees>-70.9219100</LongitudeDegrees>
     </Position>
     <AltitudeMeters>655.24</AltitudeMeters>
     <DistanceMeters>88220.33008237743</DistanceMeters>
    </Trackpoint>
    <Trackpoint>
     <Time>2026-07-19T03:45:33+00:00</Time>
     <Position>
      <LatitudeDegrees>-33.5268500</LatitudeDegrees>
      <LongitudeDegrees>-70.9219500</LongitudeDegrees>
     </Position>
     <AltitudeMeters>656.8900000000001</AltitudeMeters>
     <DistanceMeters>88238.51999730247</DistanceMeters>
    </Trackpoint>
    <Trackpoint>
     <Time>2026-07-19T03:45:41+00:00</Time>
     <Position>
      <LatitudeDegrees>-33.5273600</LatitudeDegrees>
      <LongitudeDegrees>-70.9220100</LongitudeDegrees>
     </Position>
     <AltitudeMeters>660.1800000000001</AltitudeMeters>
     <DistanceMeters>88295.55311482353</DistanceMeters>
    </Trackpoint>
    <Trackpoint>
     <Time>2026-07-19T03:45:50+00:00</Time>
     <Position>
      <LatitudeDegrees>-33.5274900</LatitudeDegrees>
      <LongitudeDegrees>-70.9220600</LongitudeDegrees>
     </Position>
     <AltitudeMeters>660.1800000000001</AltitudeMeters>
     <DistanceMeters>88310.74703865574</DistanceMeters>
    </Trackpoint>
    <Trackpoint>
     <Time>2026-07-19T03:45:58+00:00</Time>
     <Position>
      <LatitudeDegrees>-33.5276300</LatitudeDegrees>
      <LongitudeDegrees>-70.9221800</LongitudeDegrees>
     </Position>
     <AltitudeMeters>660.1800000000001</AltitudeMeters>
     <DistanceMeters>88329.89729876838</DistanceMeters>
    </Trackpoint>
    <Trackpoint>
     <Time>2026-07-19T03:46:06+00:00</Time>
     <Position>
      <LatitudeDegrees>-33.5279600</LatitudeDegrees>
      <LongitudeDegrees>-70.9225000</LongitudeDegrees>
     </Position>
     <AltitudeMeters>663.1700000000001</AltitudeMeters>
     <DistanceMeters>88377.12388604328</DistanceMeters>
    </Trackpoint>
    <Trackpoint>
     <Time>2026-07-19T03:46:15+00:00</Time>
     <Position>
      <LatitudeDegrees>-33.5281000</LatitudeDegrees>
      <LongitudeDegrees>-70.9226000</LongitudeDegrees>
     </Position>
     <AltitudeMeters>663.1700000000001</AltitudeMeters>
     <DistanceMeters>88395.25830427633</DistanceMeters>
    </Trackpoint>
    <Trackpoint>
     <Time>2026-07-19T03:46:23+00:00</Time>
     <Position>
      <LatitudeDegrees>-33.5282500</LatitudeDegrees>
      <LongitudeDegrees>-70.9226400</LongitudeDegrees>
     </Position>
     <AltitudeMeters>663.1700000000001</AltitudeMeters>
     <DistanceMeters>88412.36016674258</DistanceMeters>
    </Trackpoint>
    <Trackpoint>
     <Time>2026-07-19T03:46:31+00:00</Time>
     <Position>
      <LatitudeDegrees>-33.5287200</LatitudeDegrees>
      <LongitudeDegrees>-70.9226500</LongitudeDegrees>
     </Position>
     <AltitudeMeters>666.9600000000002</AltitudeMeters>
     <DistanceMeters>88464.67736311784</DistanceMeters>
    </Trackpoint>
    <Trackpoint>
     <Time>2026-07-19T03:46:39+00:00</Time>
     <Position>
      <LatitudeDegrees>-33.5289000</LatitudeDegrees>
      <LongitudeDegrees>-70.9227300</LongitudeDegrees>
     </Position>
     <AltitudeMeters>666.9600000000002</AltitudeMeters>
     <DistanceMeters>88486.04131505325</DistanceMeters>
    </Trackpoint>
    <Trackpoint>
     <Time>2026-07-19T03:46:48+00:00</Time>
     <Position>
      <LatitudeDegrees>-33.5295300</LatitudeDegrees>
      <LongitudeDegrees>-70.9231550</LongitudeDegrees>
     </Position>
     <AltitudeMeters>671.19</AltitudeMeters>
     <DistanceMeters>88566.48389025798</DistanceMeters>
    </Trackpoint>
    <Trackpoint>
     <Time>2026-07-19T03:46:56+00:00</Time>
     <Position>
      <LatitudeDegrees>-33.5301600</LatitudeDegrees>
      <LongitudeDegrees>-70.9235800</LongitudeDegrees>
     </Position>
     <AltitudeMeters>675.3800000000001</AltitudeMeters>
     <DistanceMeters>88646.92647717263</DistanceMeters>
    </Trackpoint>
    <Trackpoint>
     <Time>2026-07-19T03:47:04+00:00</Time>
     <Position>
      <LatitudeDegrees>-33.5302900</LatitudeDegrees>
      <LongitudeDegrees>-70.9237100</LongitudeDegrees>
     </Position>
     <AltitudeMeters>676.5600000000001</AltitudeMeters>
     <DistanceMeters>88665.76258282115</DistanceMeters>
    </Trackpoint>
    <Trackpoint>
     <Time>2026-07-19T03:47:12+00:00</Time>
     <Position>
      <LatitudeDegrees>-33.5304000</LatitudeDegrees>
      <LongitudeDegrees>-70.9239800</LongitudeDegrees>
     </Position>
     <AltitudeMeters>677.9300000000001</AltitudeMeters>
     <DistanceMeters>88693.64356147317</DistanceMeters>
    </Trackpoint>
    <Trackpoint>
     <Time>2026-07-19T03:47:21+00:00</Time>
     <Position>
      <LatitudeDegrees>-33.5304500</LatitudeDegrees>
      <LongitudeDegrees>-70.9241600</LongitudeDegrees>
     </Position>
     <AltitudeMeters>679.1700000000001</AltitudeMeters>
     <DistanceMeters>88711.24588132022</DistanceMeters>
    </Trackpoint>
    <Trackpoint>
     <Time>2026-07-19T03:47:29+00:00</Time>
     <Position>
      <LatitudeDegrees>-33.5304300</LatitudeDegrees>
      <LongitudeDegrees>-70.9243800</LongitudeDegrees>
     </Position>
     <AltitudeMeters>680.13</AltitudeMeters>
     <DistanceMeters>88731.77745120948</DistanceMeters>
    </Trackpoint>
    <Trackpoint>
     <Time>2026-07-19T03:47:37+00:00</Time>
     <Position>
      <LatitudeDegrees>-33.5304500</LatitudeDegrees>
      <LongitudeDegrees>-70.9249700</LongitudeDegrees>
     </Position>
     <AltitudeMeters>682.94</AltitudeMeters>
     <DistanceMeters>88786.56008320188</DistanceMeters>
    </Trackpoint>
    <Trackpoint>
     <Time>2026-07-19T03:47:46+00:00</Time>
     <Position>
      <LatitudeDegrees>-33.5305100</LatitudeDegrees>
      <LongitudeDegrees>-70.9258500</LongitudeDegrees>
     </Position>
     <AltitudeMeters>682.7500000000001</AltitudeMeters>
     <DistanceMeters>88868.47489741676</DistanceMeters>
    </Trackpoint>
    <Trackpoint>
     <Time>2026-07-19T03:47:54+00:00</Time>
     <Position>
      <LatitudeDegrees>-33.5305800</LatitudeDegrees>
      <LongitudeDegrees>-70.9261700</LongitudeDegrees>
     </Position>
     <AltitudeMeters>681.73</AltitudeMeters>
     <DistanceMeters>88899.16813352652</DistanceMeters>
    </Trackpoint>
    <Trackpoint>
     <Time>2026-07-19T03:48:02+00:00</Time>
     <Position>
      <LatitudeDegrees>-33.5307400</LatitudeDegrees>
      <LongitudeDegrees>-70.9264900</LongitudeDegrees>
     </Position>
     <AltitudeMeters>679.95</AltitudeMeters>
     <DistanceMeters>88933.78716981401</DistanceMeters>
    </Trackpoint>
    <Trackpoint>
     <Time>2026-07-19T03:48:10+00:00</Time>
     <Position>
      <LatitudeDegrees>-33.5311200</LatitudeDegrees>
      <LongitudeDegrees>-70.9271100</LongitudeDegrees>
     </Position>
     <AltitudeMeters>675.71</AltitudeMeters>
     <DistanceMeters>89005.1820655725</DistanceMeters>
    </Trackpoint>
    <Trackpoint>
     <Time>2026-07-19T03:48:19+00:00</Time>
     <Position>
      <LatitudeDegrees>-33.5312700</LatitudeDegrees>
      <LongitudeDegrees>-70.9272900</LongitudeDegrees>
     </Position>
     <AltitudeMeters>674.1</AltitudeMeters>
     <DistanceMeters>89028.79501249228</DistanceMeters>
    </Trackpoint>
    <Trackpoint>
     <Time>2026-07-19T03:48:27+00:00</Time>
     <Position>
      <LatitudeDegrees>-33.5314300</LatitudeDegrees>
      <LongitudeDegrees>-70.9274300</LongitudeDegrees>
     </Position>
     <AltitudeMeters>672.3</AltitudeMeters>
     <DistanceMeters>89050.83585412022</DistanceMeters>
    </Trackpoint>
    <Trackpoint>
     <Time>2026-07-19T03:48:35+00:00</Time>
     <Position>
      <LatitudeDegrees>-33.5315900</LatitudeDegrees>
      <LongitudeDegrees>-70.9275100</LongitudeDegrees>
     </Position>
     <AltitudeMeters>671.2</AltitudeMeters>
     <DistanceMeters>89070.12795742255</DistanceMeters>
    </Trackpoint>
    <Trackpoint>
     <Time>2026-07-19T03:48:43+00:00</Time>
     <Position>
      <LatitudeDegrees>-33.5320600</LatitudeDegrees>
      <LongitudeDegrees>-70.9276500</LongitudeDegrees>
     </Position>
     <AltitudeMeters>669.07</AltitudeMeters>
     <DistanceMeters>89124.02531241933</DistanceMeters>
    </Trackpoint>
    <Trackpoint>
     <Time>2026-07-19T03:48:52+00:00</Time>
     <Position>
      <LatitudeDegrees>-33.5322300</LatitudeDegrees>
      <LongitudeDegrees>-70.9277300</LongitudeDegrees>
     </Position>
     <AltitudeMeters>668.2300000000001</AltitudeMeters>
     <DistanceMeters>89144.34920584498</DistanceMeters>
    </Trackpoint>
    <Trackpoint>
     <Time>2026-07-19T03:49:00+00:00</Time>
     <Position>
      <LatitudeDegrees>-33.5323500</LatitudeDegrees>
      <LongitudeDegrees>-70.9278400</LongitudeDegrees>
     </Position>
     <AltitudeMeters>667.71</AltitudeMeters>
     <DistanceMeters>89161.15730204585</DistanceMeters>
    </Trackpoint>
    <Trackpoint>
     <Time>2026-07-19T03:49:08+00:00</Time>
     <Position>
      <LatitudeDegrees>-33.5324400</LatitudeDegrees>
      <LongitudeDegrees>-70.9279800</LongitudeDegrees>
     </Position>
     <AltitudeMeters>667.39</AltitudeMeters>
     <DistanceMeters>89177.5593408572</DistanceMeters>
    </Trackpoint>
    <Trackpoint>
     <Time>2026-07-19T03:49:17+00:00</Time>
     <Position>
      <LatitudeDegrees>-33.5325500</LatitudeDegrees>
      <LongitudeDegrees>-70.9281900</LongitudeDegrees>
     </Position>
     <AltitudeMeters>666.7</AltitudeMeters>
     <DistanceMeters>89200.56892331693</DistanceMeters>
    </Trackpoint>
    <Trackpoint>
     <Time>2026-07-19T03:49:25+00:00</Time>
     <Position>
      <LatitudeDegrees>-33.5328900</LatitudeDegrees>
      <LongitudeDegrees>-70.9289500</LongitudeDegrees>
     </Position>
     <AltitudeMeters>663.6899999999999</AltitudeMeters>
     <DistanceMeters>89280.58884869007</DistanceMeters>
    </Trackpoint>
    <Trackpoint>
     <Time>2026-07-19T03:49:33+00:00</Time>
     <Position>
      <LatitudeDegrees>-33.5330700</LatitudeDegrees>
      <LongitudeDegrees>-70.9292600</LongitudeDegrees>
     </Position>
     <AltitudeMeters>662.1400000000001</AltitudeMeters>
     <DistanceMeters>89315.63792381852</DistanceMeters>
    </Trackpoint>
    <Trackpoint>
     <Time>2026-07-19T03:49:41+00:00</Time>
     <Position>
      <LatitudeDegrees>-33.5332700</LatitudeDegrees>
      <LongitudeDegrees>-70.9294100</LongitudeDegrees>
     </Position>
     <AltitudeMeters>661.0</AltitudeMeters>
     <DistanceMeters>89341.8890174992</DistanceMeters>
    </Trackpoint>
    <Trackpoint>
     <Time>2026-07-19T03:49:50+00:00</Time>
     <Position>
      <LatitudeDegrees>-33.5334700</LatitudeDegrees>
      <LongitudeDegrees>-70.9295400</LongitudeDegrees>
     </Position>
     <AltitudeMeters>658.8900000000001</AltitudeMeters>
     <DistanceMeters>89367.20544925338</DistanceMeters>
    </Trackpoint>
    <Trackpoint>
     <Time>2026-07-19T03:49:58+00:00</Time>
     <Position>
      <LatitudeDegrees>-33.5336000</LatitudeDegrees>
      <LongitudeDegrees>-70.9295800</LongitudeDegrees>
     </Position>
     <AltitudeMeters>658.8900000000001</AltitudeMeters>
     <DistanceMeters>89382.14219301229</DistanceMeters>
    </Trackpoint>
    <Trackpoint>
     <Time>2026-07-19T03:50:06+00:00</Time>
     <Position>
      <LatitudeDegrees>-33.5340100</LatitudeDegrees>
      <LongitudeDegrees>-70.9295700</LongitudeDegrees>
     </Position>
     <AltitudeMeters>655.1600000000001</AltitudeMeters>
     <DistanceMeters>89427.78285118486</DistanceMeters>
    </Trackpoint>
    <Trackpoint>
     <Time>2026-07-19T03:50:14+00:00</Time>
     <Position>
      <LatitudeDegrees>-33.5341800</LatitudeDegrees>
      <LongitudeDegrees>-70.9294900</LongitudeDegrees>
     </Position>
     <AltitudeMeters>652.39</AltitudeMeters>
     <DistanceMeters>89448.10668348022</DistanceMeters>
    </Trackpoint>
    <Trackpoint>
     <Time>2026-07-19T03:50:23+00:00</Time>
     <Position>
      <LatitudeDegrees>-33.5343000</LatitudeDegrees>
      <LongitudeDegrees>-70.9294000</LongitudeDegrees>
     </Position>
     <AltitudeMeters>652.39</AltitudeMeters>
     <DistanceMeters>89463.85728490933</DistanceMeters>
    </Trackpoint>
    <Trackpoint>
     <Time>2026-07-19T03:50:31+00:00</Time>
     <Position>
      <LatitudeDegrees>-33.5344500</LatitudeDegrees>
      <LongitudeDegrees>-70.9292300</LongitudeDegrees>
     </Position>
     <AltitudeMeters>651.12</AltitudeMeters>
     <DistanceMeters>89486.82308844941</DistanceMeters>
    </Trackpoint>
    <Trackpoint>
     <Time>2026-07-19T03:50:39+00:00</Time>
     <Position>
      <LatitudeDegrees>-33.5350600</LatitudeDegrees>
      <LongitudeDegrees>-70.9284700</LongitudeDegrees>
     </Position>
     <AltitudeMeters>645.6</AltitudeMeters>
     <DistanceMeters>89584.70133029956</DistanceMeters>
    </Trackpoint>
    <Trackpoint>
     <Time>2026-07-19T03:50:48+00:00</Time>
     <Position>
      <LatitudeDegrees>-33.5351500</LatitudeDegrees>
      <LongitudeDegrees>-70.9283800</LongitudeDegrees>
     </Position>
     <AltitudeMeters>644.2800000000001</AltitudeMeters>
     <DistanceMeters>89597.7414093748</DistanceMeters>
    </Trackpoint>
    <Trackpoint>
     <Time>2026-07-19T03:50:56+00:00</Time>
     <Position>
      <LatitudeDegrees>-33.5353900</LatitudeDegrees>
      <LongitudeDegrees>-70.9282300</LongitudeDegrees>
     </Position>
     <AltitudeMeters>642.61</AltitudeMeters>
     <DistanceMeters>89627.85979128975</DistanceMeters>
    </Trackpoint>
    <Trackpoint>
     <Time>2026-07-19T03:51:04+00:00</Time>
     <Position>
      <LatitudeDegrees>-33.5356800</LatitudeDegrees>
      <LongitudeDegrees>-70.9281100</LongitudeDegrees>
     </Position>
     <AltitudeMeters>641.72</AltitudeMeters>
     <DistanceMeters>89662.00146042088</DistanceMeters>
    </Trackpoint>
    <Trackpoint>
     <Time>2026-07-19T03:51:12+00:00</Time>
     <Position>
      <LatitudeDegrees>-33.5360900</LatitudeDegrees>
      <LongitudeDegrees>-70.9281100</LongitudeDegrees>
     </Position>
     <AltitudeMeters>638.05</AltitudeMeters>
     <DistanceMeters>89707.63268899187</DistanceMeters>
    </Trackpoint>
    <Trackpoint>
     <Time>2026-07-19T03:51:21+00:00</Time>
     <Position>
      <LatitudeDegrees>-33.5362700</LatitudeDegrees>
      <LongitudeDegrees>-70.9281000</LongitudeDegrees>
     </Position>
     <AltitudeMeters>637.23</AltitudeMeters>
     <DistanceMeters>89727.68737936442</DistanceMeters>
    </Trackpoint>
    <Trackpoint>
     <Time>2026-07-19T03:51:29+00:00</Time>
     <Position>
      <LatitudeDegrees>-33.5364500</LatitudeDegrees>
      <LongitudeDegrees>-70.9280100</LongitudeDegrees>
     </Position>
     <AltitudeMeters>635.45</AltitudeMeters>
     <DistanceMeters>89749.39081538327</DistanceMeters>
    </Trackpoint>
    <Trackpoint>
     <Time>2026-07-19T03:51:37+00:00</Time>
     <Position>
      <LatitudeDegrees>-33.5366900</LatitudeDegrees>
      <LongitudeDegrees>-70.9278700</LongitudeDegrees>
     </Position>
     <AltitudeMeters>635.45</AltitudeMeters>
     <DistanceMeters>89779.09188663267</DistanceMeters>
    </Trackpoint>
    <Trackpoint>
     <Time>2026-07-19T03:51:45+00:00</Time>
     <Position>
      <LatitudeDegrees>-33.5369200</LatitudeDegrees>
      <LongitudeDegrees>-70.9278200</LongitudeDegrees>
     </Position>
     <AltitudeMeters>633.22</AltitudeMeters>
     <DistanceMeters>89805.10674527212</DistanceMeters>
    </Trackpoint>
    <Trackpoint>
     <Time>2026-07-19T03:51:54+00:00</Time>
     <Position>
      <LatitudeDegrees>-33.5371000</LatitudeDegrees>
      <LongitudeDegrees>-70.9278300</LongitudeDegrees>
     </Position>
     <AltitudeMeters>632.36</AltitudeMeters>
     <DistanceMeters>89825.16143523259</DistanceMeters>
    </Trackpoint>
    <Trackpoint>
     <Time>2026-07-19T03:52:02+00:00</Time>
     <Position>
      <LatitudeDegrees>-33.5372300</LatitudeDegrees>
      <LongitudeDegrees>-70.9279200</LongitudeDegrees>
     </Position>
     <AltitudeMeters>629.9800000000001</AltitudeMeters>
     <DistanceMeters>89841.8660318649</DistanceMeters>
    </Trackpoint>
    <Trackpoint>
     <Time>2026-07-19T03:52:10+00:00</Time>
     <Position>
      <LatitudeDegrees>-33.5373200</LatitudeDegrees>
      <LongitudeDegrees>-70.9280100</LongitudeDegrees>
     </Position>
     <AltitudeMeters>629.9800000000001</AltitudeMeters>
     <DistanceMeters>89854.90597674732</DistanceMeters>
    </Trackpoint>
    <Trackpoint>
     <Time>2026-07-19T03:52:18+00:00</Time>
     <Position>
      <LatitudeDegrees>-33.5378000</LatitudeDegrees>
      <LongitudeDegrees>-70.9285900</LongitudeDegrees>
     </Position>
     <AltitudeMeters>625.33</AltitudeMeters>
     <DistanceMeters>89930.7273918526</DistanceMeters>
    </Trackpoint>
    <Trackpoint>
     <Time>2026-07-19T03:52:27+00:00</Time>
     <Position>
      <LatitudeDegrees>-33.5382800</LatitudeDegrees>
      <LongitudeDegrees>-70.9291700</LongitudeDegrees>
     </Position>
     <AltitudeMeters>622.2200000000001</AltitudeMeters>
     <DistanceMeters>90006.54880100198</DistanceMeters>
    </Trackpoint>
    <Trackpoint>
     <Time>2026-07-19T03:52:35+00:00</Time>
     <Position>
      <LatitudeDegrees>-33.5384800</LatitudeDegrees>
      <LongitudeDegrees>-70.9293000</LongitudeDegrees>
     </Position>
     <AltitudeMeters>619.71</AltitudeMeters>
     <DistanceMeters>90031.86489980196</DistanceMeters>
    </Trackpoint>
    <Trackpoint>
     <Time>2026-07-19T03:52:43+00:00</Time>
     <Position>
      <LatitudeDegrees>-33.5391800</LatitudeDegrees>
      <LongitudeDegrees>-70.9294500</LongitudeDegrees>
     </Position>
     <AltitudeMeters>614.99</AltitudeMeters>
     <DistanceMeters>90111.004790381</DistanceMeters>
    </Trackpoint>
    <Trackpoint>
     <Time>2026-07-19T03:52:52+00:00</Time>
     <Position>
      <LatitudeDegrees>-33.5394500</LatitudeDegrees>
      <LongitudeDegrees>-70.9295300</LongitudeDegrees>
     </Position>
     <AltitudeMeters>613.7600000000001</AltitudeMeters>
     <DistanceMeters>90141.95745667638</DistanceMeters>
    </Trackpoint>
    <Trackpoint>
     <Time>2026-07-19T03:53:00+00:00</Time>
     <Position>
      <LatitudeDegrees>-33.5395500</LatitudeDegrees>
      <LongitudeDegrees>-70.9295800</LongitudeDegrees>
     </Position>
     <AltitudeMeters>613.24</AltitudeMeters>
     <DistanceMeters>90154.01485631474</DistanceMeters>
    </Trackpoint>
    <Trackpoint>
     <Time>2026-07-19T03:53:08+00:00</Time>
     <Position>
      <LatitudeDegrees>-33.5397300</LatitudeDegrees>
      <LongitudeDegrees>-70.9297300</LongitudeDegrees>
     </Position>
     <AltitudeMeters>611.5500000000001</AltitudeMeters>
     <DistanceMeters>90178.4064901089</DistanceMeters>
    </Trackpoint>
    <Trackpoint>
     <Time>2026-07-19T03:53:16+00:00</Time>
     <Position>
      <LatitudeDegrees>-33.5401600</LatitudeDegrees>
      <LongitudeDegrees>-70.9302300</LongitudeDegrees>
     </Position>
     <AltitudeMeters>607.41</AltitudeMeters>
     <DistanceMeters>90245.05215196524</DistanceMeters>
    </Trackpoint>
    <Trackpoint>
     <Time>2026-07-19T03:53:25+00:00</Time>
     <Position>
      <LatitudeDegrees>-33.5402700</LatitudeDegrees>
      <LongitudeDegrees>-70.9303900</LongitudeDegrees>
     </Position>
     <AltitudeMeters>606.47</AltitudeMeters>
     <DistanceMeters>90264.29208611647</DistanceMeters>
    </Trackpoint>
    <Trackpoint>
     <Time>2026-07-19T03:53:33+00:00</Time>
     <Position>
      <LatitudeDegrees>-33.5403900</LatitudeDegrees>
      <LongitudeDegrees>-70.9306100</LongitudeDegrees>
     </Position>
     <AltitudeMeters>605.89</AltitudeMeters>
     <DistanceMeters>90288.68192518667</DistanceMeters>
    </Trackpoint>
    <Trackpoint>
     <Time>2026-07-19T03:53:41+00:00</Time>
     <Position>
      <LatitudeDegrees>-33.5404800</LatitudeDegrees>
      <LongitudeDegrees>-70.9315100</LongitudeDegrees>
     </Position>
     <AltitudeMeters>599.9100000000001</AltitudeMeters>
     <DistanceMeters>90372.7687208134</DistanceMeters>
    </Trackpoint>
    <Trackpoint>
     <Time>2026-07-19T03:53:49+00:00</Time>
     <Position>
      <LatitudeDegrees>-33.5405600</LatitudeDegrees>
      <LongitudeDegrees>-70.9316800</LongitudeDegrees>
     </Position>
     <AltitudeMeters>599.31</AltitudeMeters>
     <DistanceMeters>90390.87856472674</DistanceMeters>
    </Trackpoint>
    <Trackpoint>
     <Time>2026-07-19T03:53:58+00:00</Time>
     <Position>
      <LatitudeDegrees>-33.5406800</LatitudeDegrees>
      <LongitudeDegrees>-70.9317700</LongitudeDegrees>
     </Position>
     <AltitudeMeters>598.07</AltitudeMeters>
     <DistanceMeters>90406.62883950518</DistanceMeters>
    </Trackpoint>
    <Trackpoint>
     <Time>2026-07-19T03:54:06+00:00</Time>
     <Position>
      <LatitudeDegrees>-33.5409000</LatitudeDegrees>
      <LongitudeDegrees>-70.9317800</LongitudeDegrees>
     </Position>
     <AltitudeMeters>597.49</AltitudeMeters>
     <DistanceMeters>90431.13145500504</DistanceMeters>
    </Trackpoint>
    <Trackpoint>
     <Time>2026-07-19T03:54:14+00:00</Time>
     <Position>
      <LatitudeDegrees>-33.5410600</LatitudeDegrees>
      <LongitudeDegrees>-70.9317600</LongitudeDegrees>
     </Position>
     <AltitudeMeters>595.34</AltitudeMeters>
     <DistanceMeters>90449.03515021522</DistanceMeters>
    </Trackpoint>
    <Trackpoint>
     <Time>2026-07-19T03:54:23+00:00</Time>
     <Position>
      <LatitudeDegrees>-33.5412800</LatitudeDegrees>
      <LongitudeDegrees>-70.9315900</LongitudeDegrees>
     </Position>
     <AltitudeMeters>593.94</AltitudeMeters>
     <DistanceMeters>90478.15911445576</DistanceMeters>
    </Trackpoint>
    <Trackpoint>
     <Time>2026-07-19T03:54:31+00:00</Time>
     <Position>
      <LatitudeDegrees>-33.5416600</LatitudeDegrees>
      <LongitudeDegrees>-70.9312300</LongitudeDegrees>
     </Position>
     <AltitudeMeters>590.59</AltitudeMeters>
     <DistanceMeters>90532.04650734887</DistanceMeters>
    </Trackpoint>
    <Trackpoint>
     <Time>2026-07-19T03:54:39+00:00</Time>
     <Position>
      <LatitudeDegrees>-33.5420400</LatitudeDegrees>
      <LongitudeDegrees>-70.9308700</LongitudeDegrees>
     </Position>
     <AltitudeMeters>587.19</AltitudeMeters>
     <DistanceMeters>90585.93393563533</DistanceMeters>
    </Trackpoint>
    <Trackpoint>
     <Time>2026-07-19T03:54:47+00:00</Time>
     <Position>
      <LatitudeDegrees>-33.5421800</LatitudeDegrees>
      <LongitudeDegrees>-70.9308700</LongitudeDegrees>
     </Position>
     <AltitudeMeters>587.19</AltitudeMeters>
     <DistanceMeters>90601.51533075725</DistanceMeters>
    </Trackpoint>
    <Trackpoint>
     <Time>2026-07-19T03:54:56+00:00</Time>
     <Position>
      <LatitudeDegrees>-33.5422900</LatitudeDegrees>
      <LongitudeDegrees>-70.9308800</LongitudeDegrees>
     </Position>
     <AltitudeMeters>586.57</AltitudeMeters>
     <DistanceMeters>90613.79294867147</DistanceMeters>
    </Trackpoint>
    <Trackpoint>
     <Time>2026-07-19T03:55:04+00:00</Time>
     <Position>
      <LatitudeDegrees>-33.5424200</LatitudeDegrees>
      <LongitudeDegrees>-70.9310000</LongitudeDegrees>
     </Position>
     <AltitudeMeters>585.6999999999999</AltitudeMeters>
     <DistanceMeters>90632.0479720048</DistanceMeters>
    </Trackpoint>
    <Trackpoint>
     <Time>2026-07-19T03:55:12+00:00</Time>
     <Position>
      <LatitudeDegrees>-33.5425100</LatitudeDegrees>
      <LongitudeDegrees>-70.9311800</LongitudeDegrees>
     </Position>
     <AltitudeMeters>584.2900000000001</AltitudeMeters>
     <DistanceMeters>90651.51922440558</DistanceMeters>
    </Trackpoint>
    <Trackpoint>
     <Time>2026-07-19T03:55:20+00:00</Time>
     <Position>
      <LatitudeDegrees>-33.5426200</LatitudeDegrees>
      <LongitudeDegrees>-70.9315500</LongitudeDegrees>
     </Position>
     <AltitudeMeters>582.1400000000001</AltitudeMeters>
     <DistanceMeters>90687.95932295607</DistanceMeters>
    </Trackpoint>
    <Trackpoint>
     <Time>2026-07-19T03:55:29+00:00</Time>
     <Position>
      <LatitudeDegrees>-33.5427800</LatitudeDegrees>
      <LongitudeDegrees>-70.9317800</LongitudeDegrees>
     </Position>
     <AltitudeMeters>580.2700000000001</AltitudeMeters>
     <DistanceMeters>90715.74950798394</DistanceMeters>
    </Trackpoint>
    <Trackpoint>
     <Time>2026-07-19T03:55:37+00:00</Time>
     <Position>
      <LatitudeDegrees>-33.5429200</LatitudeDegrees>
      <LongitudeDegrees>-70.9319000</LongitudeDegrees>
     </Position>
     <AltitudeMeters>579.3100000000001</AltitudeMeters>
     <DistanceMeters>90734.89862346748</DistanceMeters>
    </Trackpoint>
    <Trackpoint>
     <Time>2026-07-19T03:55:45+00:00</Time>
     <Position>
      <LatitudeDegrees>-33.5431600</LatitudeDegrees>
      <LongitudeDegrees>-70.9319900</LongitudeDegrees>
     </Position>
     <AltitudeMeters>578.1700000000001</AltitudeMeters>
     <DistanceMeters>90762.8838680301</DistanceMeters>
    </Trackpoint>
    <Trackpoint>
     <Time>2026-07-19T03:55:54+00:00</Time>
     <Position>
      <LatitudeDegrees>-33.5434300</LatitudeDegrees>
      <LongitudeDegrees>-70.9320400</LongitudeDegrees>
     </Position>
     <AltitudeMeters>577.0500000000001</AltitudeMeters>
     <DistanceMeters>90793.28952876173</DistanceMeters>
    </Trackpoint>
    <Trackpoint>
     <Time>2026-07-19T03:56:02+00:00</Time>
     <Position>
      <LatitudeDegrees>-33.5435900</LatitudeDegrees>
      <LongitudeDegrees>-70.9320300</LongitudeDegrees>
     </Position>
     <AltitudeMeters>576.61</AltitudeMeters>
     <DistanceMeters>90811.12098152927</DistanceMeters>
    </Trackpoint>
    <Trackpoint>
     <Time>2026-07-19T03:56:10+00:00</Time>
     <Position>
      <LatitudeDegrees>-33.5439000</LatitudeDegrees>
      <LongitudeDegrees>-70.9319400</LongitudeDegrees>
     </Position>
     <AltitudeMeters>575.5400000000001</AltitudeMeters>
     <DistanceMeters>90846.61833092596</DistanceMeters>
    </Trackpoint>
    <Trackpoint>
     <Time>2026-07-19T03:56:18+00:00</Time>
     <Position>
      <LatitudeDegrees>-33.5439900</LatitudeDegrees>
      <LongitudeDegrees>-70.9319400</LongitudeDegrees>
     </Position>
     <AltitudeMeters>575.22</AltitudeMeters>
     <DistanceMeters>90856.63494207565</DistanceMeters>
    </Trackpoint>
    <Trackpoint>
     <Time>2026-07-19T03:56:27+00:00</Time>
     <Position>
      <LatitudeDegrees>-33.5441500</LatitudeDegrees>
      <LongitudeDegrees>-70.9319900</LongitudeDegrees>
     </Position>
     <AltitudeMeters>575.22</AltitudeMeters>
     <DistanceMeters>90875.03634343251</DistanceMeters>
    </Trackpoint>
    <Trackpoint>
     <Time>2026-07-19T03:56:35+00:00</Time>
     <Position>
      <LatitudeDegrees>-33.5442800</LatitudeDegrees>
      <LongitudeDegrees>-70.9321200</LongitudeDegrees>
     </Position>
     <AltitudeMeters>573.5100000000001</AltitudeMeters>
     <DistanceMeters>90893.87119940754</DistanceMeters>
    </Trackpoint>
    <Trackpoint>
     <Time>2026-07-19T03:56:43+00:00</Time>
     <Position>
      <LatitudeDegrees>-33.5443500</LatitudeDegrees>
      <LongitudeDegrees>-70.9322200</LongitudeDegrees>
     </Position>
     <AltitudeMeters>573.5100000000001</AltitudeMeters>
     <DistanceMeters>90905.98481959944</DistanceMeters>
    </Trackpoint>
    <Trackpoint>
     <Time>2026-07-19T03:56:51+00:00</Time>
     <Position>
      <LatitudeDegrees>-33.5443900</LatitudeDegrees>
      <LongitudeDegrees>-70.9324000</LongitudeDegrees>
     </Position>
     <AltitudeMeters>573.2</AltitudeMeters>
     <DistanceMeters>90923.26497138076</DistanceMeters>
    </Trackpoint>
    <Trackpoint>
     <Time>2026-07-19T03:57:00+00:00</Time>
     <Position>
      <LatitudeDegrees>-33.5443900</LatitudeDegrees>
      <LongitudeDegrees>-70.9331100</LongitudeDegrees>
     </Position>
     <AltitudeMeters>571.33</AltitudeMeters>
     <DistanceMeters>90989.12476286282</DistanceMeters>
    </Trackpoint>
    <Trackpoint>
     <Time>2026-07-19T03:57:08+00:00</Time>
     <Position>
      <LatitudeDegrees>-33.5443500</LatitudeDegrees>
      <LongitudeDegrees>-70.9333800</LongitudeDegrees>
     </Position>
     <AltitudeMeters>570.95</AltitudeMeters>
     <DistanceMeters>91014.56262334762</DistanceMeters>
    </Trackpoint>
    <Trackpoint>
     <Time>2026-07-19T03:57:16+00:00</Time>
     <Position>
      <LatitudeDegrees>-33.5442600</LatitudeDegrees>
      <LongitudeDegrees>-70.9335200</LongitudeDegrees>
     </Position>
     <AltitudeMeters>570.46</AltitudeMeters>
     <DistanceMeters>91030.96324517434</DistanceMeters>
    </Trackpoint>
    <Trackpoint>
     <Time>2026-07-19T03:57:25+00:00</Time>
     <Position>
      <LatitudeDegrees>-33.5438800</LatitudeDegrees>
      <LongitudeDegrees>-70.9339600</LongitudeDegrees>
     </Position>
     <AltitudeMeters>569.38</AltitudeMeters>
     <DistanceMeters>91089.73807679139</DistanceMeters>
    </Trackpoint>
    <Trackpoint>
     <Time>2026-07-19T03:57:33+00:00</Time>
     <Position>
      <LatitudeDegrees>-33.5437000</LatitudeDegrees>
      <LongitudeDegrees>-70.9342300</LongitudeDegrees>
     </Position>
     <AltitudeMeters>568.4</AltitudeMeters>
     <DistanceMeters>91121.80993979094</DistanceMeters>
    </Trackpoint>
    <Trackpoint>
     <Time>2026-07-19T03:57:41+00:00</Time>
     <Position>
      <LatitudeDegrees>-33.5436100</LatitudeDegrees>
      <LongitudeDegrees>-70.9345000</LongitudeDegrees>
     </Position>
     <AltitudeMeters>567.5</AltitudeMeters>
     <DistanceMeters>91148.78416562313</DistanceMeters>
    </Trackpoint>
    <Trackpoint>
     <Time>2026-07-19T03:57:49+00:00</Time>
     <Position>
      <LatitudeDegrees>-33.5435700</LatitudeDegrees>
      <LongitudeDegrees>-70.9348700</LongitudeDegrees>
     </Position>
     <AltitudeMeters>565.4</AltitudeMeters>
     <DistanceMeters>91183.39330015851</DistanceMeters>
    </Trackpoint>
    <Trackpoint>
     <Time>2026-07-19T03:57:58+00:00</Time>
     <Position>
      <LatitudeDegrees>-33.5435400</LatitudeDegrees>
      <LongitudeDegrees>-70.9358400</LongitudeDegrees>
     </Position>
     <AltitudeMeters>559.61</AltitudeMeters>
     <DistanceMeters>91273.43355838022</DistanceMeters>
    </Trackpoint>
    <Trackpoint>
     <Time>2026-07-19T03:58:06+00:00</Time>
     <Position>
      <LatitudeDegrees>-33.5435600</LatitudeDegrees>
      <LongitudeDegrees>-70.9359900</LongitudeDegrees>
     </Position>
     <AltitudeMeters>559.61</AltitudeMeters>
     <DistanceMeters>91287.5246540324</DistanceMeters>
    </Trackpoint>
    <Trackpoint>
     <Time>2026-07-19T03:58:14+00:00</Time>
     <Position>
      <LatitudeDegrees>-33.5436000</LatitudeDegrees>
      <LongitudeDegrees>-70.9360600</LongitudeDegrees>
     </Position>
     <AltitudeMeters>559.61</AltitudeMeters>
     <DistanceMeters>91295.39748370138</DistanceMeters>
    </Trackpoint>
    <Trackpoint>
     <Time>2026-07-19T03:58:22+00:00</Time>
     <Position>
      <LatitudeDegrees>-33.5437000</LatitudeDegrees>
      <LongitudeDegrees>-70.9361600</LongitudeDegrees>
     </Position>
     <AltitudeMeters>558.86</AltitudeMeters>
     <DistanceMeters>91309.88587327758</DistanceMeters>
    </Trackpoint>
    <Trackpoint>
     <Time>2026-07-19T03:58:31+00:00</Time>
     <Position>
      <LatitudeDegrees>-33.5437900</LatitudeDegrees>
      <LongitudeDegrees>-70.9362100</LongitudeDegrees>
     </Position>
     <AltitudeMeters>558.86</AltitudeMeters>
     <DistanceMeters>91320.92416975446</DistanceMeters>
    </Trackpoint>
    <Trackpoint>
     <Time>2026-07-19T03:58:39+00:00</Time>
     <Position>
      <LatitudeDegrees>-33.5439700</LatitudeDegrees>
      <LongitudeDegrees>-70.9362100</LongitudeDegrees>
     </Position>
     <AltitudeMeters>556.49</AltitudeMeters>
     <DistanceMeters>91340.95739205384</DistanceMeters>
    </Trackpoint>
    <Trackpoint>
     <Time>2026-07-19T03:58:47+00:00</Time>
     <Position>
      <LatitudeDegrees>-33.5441900</LatitudeDegrees>
      <LongitudeDegrees>-70.9361600</LongitudeDegrees>
     </Position>
     <AltitudeMeters>556.49</AltitudeMeters>
     <DistanceMeters>91365.87784492486</DistanceMeters>
    </Trackpoint>
    <Trackpoint>
     <Time>2026-07-19T03:58:56+00:00</Time>
     <Position>
      <LatitudeDegrees>-33.5445000</LatitudeDegrees>
      <LongitudeDegrees>-70.9359800</LongitudeDegrees>
     </Position>
     <AltitudeMeters>553.4499999999999</AltitudeMeters>
     <DistanceMeters>91404.20733262891</DistanceMeters>
    </Trackpoint>
    <Trackpoint>
     <Time>2026-07-19T03:59:04+00:00</Time>
     <Position>
      <LatitudeDegrees>-33.5452200</LatitudeDegrees>
      <LongitudeDegrees>-70.9354850</LongitudeDegrees>
     </Position>
     <AltitudeMeters>548.71</AltitudeMeters>
     <DistanceMeters>91496.56289686635</DistanceMeters>
    </Trackpoint>
    <Trackpoint>
     <Time>2026-07-19T03:59:12+00:00</Time>
     <Position>
      <LatitudeDegrees>-33.5459400</LatitudeDegrees>
      <LongitudeDegrees>-70.9349900</LongitudeDegrees>
     </Position>
     <AltitudeMeters>543.84</AltitudeMeters>
     <DistanceMeters>91588.9184488576</DistanceMeters>
    </Trackpoint>
    <Trackpoint>
     <Time>2026-07-19T03:59:20+00:00</Time>
     <Position>
      <LatitudeDegrees>-33.5460000</LatitudeDegrees>
      <LongitudeDegrees>-70.9349600</LongitudeDegrees>
     </Position>
     <AltitudeMeters>543.84</AltitudeMeters>
     <DistanceMeters>91596.15280850008</DistanceMeters>
    </Trackpoint>
    <Trackpoint>
     <Time>2026-07-19T03:59:29+00:00</Time>
     <Position>
      <LatitudeDegrees>-33.5461600</LatitudeDegrees>
      <LongitudeDegrees>-70.9349500</LongitudeDegrees>
     </Position>
     <AltitudeMeters>542.9200000000001</AltitudeMeters>
     <DistanceMeters>91613.98425983265</DistanceMeters>
    </Trackpoint>
    <Trackpoint>
     <Time>2026-07-19T03:59:37+00:00</Time>
     <Position>
      <LatitudeDegrees>-33.5463000</LatitudeDegrees>
      <LongitudeDegrees>-70.9349900</LongitudeDegrees>
     </Position>
     <AltitudeMeters>542.44</AltitudeMeters>
     <DistanceMeters>91630.00132685193</DistanceMeters>
    </Trackpoint>
    <Trackpoint>
     <Time>2026-07-19T03:59:45+00:00</Time>
     <Position>
      <LatitudeDegrees>-33.5464300</LatitudeDegrees>
      <LongitudeDegrees>-70.9351700</LongitudeDegrees>
     </Position>
     <AltitudeMeters>541.18</AltitudeMeters>
     <DistanceMeters>91652.09448679328</DistanceMeters>
    </Trackpoint>
    <Trackpoint>
     <Time>2026-07-19T03:59:53+00:00</Time>
     <Position>
      <LatitudeDegrees>-33.5465000</LatitudeDegrees>
      <LongitudeDegrees>-70.9353500</LongitudeDegrees>
     </Position>
     <AltitudeMeters>540.6899999999999</AltitudeMeters>
     <DistanceMeters>91670.51909891516</DistanceMeters>
    </Trackpoint>
    <Trackpoint>
     <Time>2026-07-19T04:00:02+00:00</Time>
     <Position>
      <LatitudeDegrees>-33.5464700</LatitudeDegrees>
      <LongitudeDegrees>-70.9355800</LongitudeDegrees>
     </Position>
     <AltitudeMeters>540.15</AltitudeMeters>
     <DistanceMeters>91692.11313336478</DistanceMeters>
    </Trackpoint>
    <Trackpoint>
     <Time>2026-07-19T04:00:10+00:00</Time>
     <Position>
      <LatitudeDegrees>-33.5463050</LatitudeDegrees>
      <LongitudeDegrees>-70.9360950</LongitudeDegrees>
     </Position>
     <AltitudeMeters>536.36</AltitudeMeters>
     <DistanceMeters>91743.29170700506</DistanceMeters>
    </Trackpoint>
    <Trackpoint>
     <Time>2026-07-19T04:00:18+00:00</Time>
     <Position>
      <LatitudeDegrees>-33.5461400</LatitudeDegrees>
      <LongitudeDegrees>-70.9366100</LongitudeDegrees>
     </Position>
     <AltitudeMeters>533.6800000000001</AltitudeMeters>
     <DistanceMeters>91794.47030140576</DistanceMeters>
    </Trackpoint>
    <Trackpoint>
     <Time>2026-07-19T04:00:26+00:00</Time>
     <Position>
      <LatitudeDegrees>-33.5461200</LatitudeDegrees>
      <LongitudeDegrees>-70.9368300</LongitudeDegrees>
     </Position>
     <AltitudeMeters>532.64</AltitudeMeters>
     <DistanceMeters>91814.9981886398</DistanceMeters>
    </Trackpoint>
    <Trackpoint>
     <Time>2026-07-19T04:00:35+00:00</Time>
     <Position>
      <LatitudeDegrees>-33.5461600</LatitudeDegrees>
      <LongitudeDegrees>-70.9370600</LongitudeDegrees>
     </Position>
     <AltitudeMeters>531.48</AltitudeMeters>
     <DistanceMeters>91836.79214807785</DistanceMeters>
    </Trackpoint>
    <Trackpoint>
     <Time>2026-07-19T04:00:43+00:00</Time>
     <Position>
      <LatitudeDegrees>-33.5462100</LatitudeDegrees>
      <LongitudeDegrees>-70.9371900</LongitudeDegrees>
     </Position>
     <AltitudeMeters>531.48</AltitudeMeters>
     <DistanceMeters>91850.07282135736</DistanceMeters>
    </Trackpoint>
    <Trackpoint>
     <Time>2026-07-19T04:00:51+00:00</Time>
     <Position>
      <LatitudeDegrees>-33.5463600</LatitudeDegrees>
      <LongitudeDegrees>-70.9373800</LongitudeDegrees>
     </Position>
     <AltitudeMeters>529.96</AltitudeMeters>
     <DistanceMeters>91874.34850970264</DistanceMeters>
    </Trackpoint>
    <Trackpoint>
     <Time>2026-07-19T04:01:00+00:00</Time>
     <Position>
      <LatitudeDegrees>-33.5464700</LatitudeDegrees>
      <LongitudeDegrees>-70.9374600</LongitudeDegrees>
     </Position>
     <AltitudeMeters>529.03</AltitudeMeters>
     <DistanceMeters>91888.66442476274</DistanceMeters>
    </Trackpoint>
    <Trackpoint>
     <Time>2026-07-19T04:01:08+00:00</Time>
     <Position>
      <LatitudeDegrees>-33.5466500</LatitudeDegrees>
      <LongitudeDegrees>-70.9375500</LongitudeDegrees>
     </Position>
     <AltitudeMeters>528.6200000000001</AltitudeMeters>
     <DistanceMeters>91910.36748176624</DistanceMeters>
    </Trackpoint>
    <Trackpoint>
     <Time>2026-07-19T04:01:16+00:00</Time>
     <Position>
      <LatitudeDegrees>-33.5471200</LatitudeDegrees>
      <LongitudeDegrees>-70.9376800</LongitudeDegrees>
     </Position>
     <AltitudeMeters>527.0600000000001</AltitudeMeters>
     <DistanceMeters>91964.0483478117</DistanceMeters>
    </Trackpoint>
    <Trackpoint>
     <Time>2026-07-19T04:01:24+00:00</Time>
     <Position>
      <LatitudeDegrees>-33.5473500</LatitudeDegrees>
      <LongitudeDegrees>-70.9378100</LongitudeDegrees>
     </Position>
     <AltitudeMeters>525.2</AltitudeMeters>
     <DistanceMeters>91992.34435200715</DistanceMeters>
    </Trackpoint>
    <Trackpoint>
     <Time>2026-07-19T04:01:33+00:00</Time>
     <Position>
      <LatitudeDegrees>-33.5474400</LatitudeDegrees>
      <LongitudeDegrees>-70.9379100</LongitudeDegrees>
     </Position>
     <AltitudeMeters>524.09</AltitudeMeters>
     <DistanceMeters>92005.99613544965</DistanceMeters>
    </Trackpoint>
    <Trackpoint>
     <Time>2026-07-19T04:01:41+00:00</Time>
     <Position>
      <LatitudeDegrees>-33.5474800</LatitudeDegrees>
      <LongitudeDegrees>-70.9379900</LongitudeDegrees>
     </Position>
     <AltitudeMeters>524.09</AltitudeMeters>
     <DistanceMeters>92014.64965758796</DistanceMeters>
    </Trackpoint>
    <Trackpoint>
     <Time>2026-07-19T04:01:49+00:00</Time>
     <Position>
      <LatitudeDegrees>-33.5474800</LatitudeDegrees>
      <LongitudeDegrees>-70.9380800</LongitudeDegrees>
     </Position>
     <AltitudeMeters>523.6</AltitudeMeters>
     <DistanceMeters>92022.99778334152</DistanceMeters>
    </Trackpoint>
    <Trackpoint>
     <Time>2026-07-19T04:01:57+00:00</Time>
     <Position>
      <LatitudeDegrees>-33.5474400</LatitudeDegrees>
      <LongitudeDegrees>-70.9383000</LongitudeDegrees>
     </Position>
     <AltitudeMeters>523.07</AltitudeMeters>
     <DistanceMeters>92043.8842720163</DistanceMeters>
    </Trackpoint>
    <Trackpoint>
     <Time>2026-07-19T04:02:06+00:00</Time>
     <Position>
      <LatitudeDegrees>-33.5472800</LatitudeDegrees>
      <LongitudeDegrees>-70.9384100</LongitudeDegrees>
     </Position>
     <AltitudeMeters>520.88</AltitudeMeters>
     <DistanceMeters>92064.40760374967</DistanceMeters>
    </Trackpoint>
    <Trackpoint>
     <Time>2026-07-19T04:02:14+00:00</Time>
     <Position>
      <LatitudeDegrees>-33.5467300</LatitudeDegrees>
      <LongitudeDegrees>-70.9387650</LongitudeDegrees>
     </Position>
     <AltitudeMeters>517.57</AltitudeMeters>
     <DistanceMeters>92133.91519454174</DistanceMeters>
    </Trackpoint>
    <Trackpoint>
     <Time>2026-07-19T04:02:22+00:00</Time>
     <Position>
      <LatitudeDegrees>-33.5461800</LatitudeDegrees>
      <LongitudeDegrees>-70.9391200</LongitudeDegrees>
     </Position>
     <AltitudeMeters>515.45</AltitudeMeters>
     <DistanceMeters>92203.42277712993</DistanceMeters>
    </Trackpoint>
    <Trackpoint>
     <Time>2026-07-19T04:02:31+00:00</Time>
     <Position>
      <LatitudeDegrees>-33.5460000</LatitudeDegrees>
      <LongitudeDegrees>-70.9392900</LongitudeDegrees>
     </Position>
     <AltitudeMeters>514.57</AltitudeMeters>
     <DistanceMeters>92228.91766537698</DistanceMeters>
    </Trackpoint>
    <Trackpoint>
     <Time>2026-07-19T04:02:39+00:00</Time>
     <Position>
      <LatitudeDegrees>-33.5459100</LatitudeDegrees>
      <LongitudeDegrees>-70.9393900</LongitudeDegrees>
     </Position>
     <AltitudeMeters>514.57</AltitudeMeters>
     <DistanceMeters>92242.56955384652</DistanceMeters>
    </Trackpoint>
    <Trackpoint>
     <Time>2026-07-19T04:02:47+00:00</Time>
     <Position>
      <LatitudeDegrees>-33.5458300</LatitudeDegrees>
      <LongitudeDegrees>-70.9396400</LongitudeDegrees>
     </Position>
     <AltitudeMeters>513.5200000000001</AltitudeMeters>
     <DistanceMeters>92267.40976052689</DistanceMeters>
    </Trackpoint>
    <Trackpoint>
     <Time>2026-07-19T04:02:55+00:00</Time>
     <Position>
      <LatitudeDegrees>-33.5458500</LatitudeDegrees>
      <LongitudeDegrees>-70.9397800</LongitudeDegrees>
     </Position>
     <AltitudeMeters>513.11</AltitudeMeters>
     <DistanceMeters>92280.58536667796</DistanceMeters>
    </Trackpoint>
    <Trackpoint>
     <Time>2026-07-19T04:03:04+00:00</Time>
     <Position>
      <LatitudeDegrees>-33.5459400</LatitudeDegrees>
      <LongitudeDegrees>-70.9400000</LongitudeDegrees>
     </Position>
     <AltitudeMeters>512.82</AltitudeMeters>
     <DistanceMeters>92303.31803539436</DistanceMeters>
    </Trackpoint>
    <Trackpoint>
     <Time>2026-07-19T04:03:12+00:00</Time>
     <Position>
      <LatitudeDegrees>-33.5461400</LatitudeDegrees>
      <LongitudeDegrees>-70.9402700</LongitudeDegrees>
     </Position>
     <AltitudeMeters>511.2300000000001</AltitudeMeters>
     <DistanceMeters>92336.82491331319</DistanceMeters>
    </Trackpoint>
    <Trackpoint>
     <Time>2026-07-19T04:03:20+00:00</Time>
     <Position>
      <LatitudeDegrees>-33.5461800</LatitudeDegrees>
      <LongitudeDegrees>-70.9403700</LongitudeDegrees>
     </Position>
     <AltitudeMeters>511.2300000000001</AltitudeMeters>
     <DistanceMeters>92347.11373816445</DistanceMeters>
    </Trackpoint>
    <Trackpoint>
     <Time>2026-07-19T04:03:28+00:00</Time>
     <Position>
      <LatitudeDegrees>-33.5462000</LatitudeDegrees>
      <LongitudeDegrees>-70.9405000</LongitudeDegrees>
     </Position>
     <AltitudeMeters>510.75</AltitudeMeters>
     <DistanceMeters>92359.37604368095</DistanceMeters>
    </Trackpoint>
    <Trackpoint>
     <Time>2026-07-19T04:03:37+00:00</Time>
     <Position>
      <LatitudeDegrees>-33.5461800</LatitudeDegrees>
      <LongitudeDegrees>-70.9406800</LongitudeDegrees>
     </Position>
     <AltitudeMeters>509.59</AltitudeMeters>
     <DistanceMeters>92376.2202661028</DistanceMeters>
    </Trackpoint>
    <Trackpoint>
     <Time>2026-07-19T04:03:45+00:00</Time>
     <Position>
      <LatitudeDegrees>-33.5460700</LatitudeDegrees>
      <LongitudeDegrees>-70.9408100</LongitudeDegrees>
     </Position>
     <AltitudeMeters>509.59</AltitudeMeters>
     <DistanceMeters>92393.40424340717</DistanceMeters>
    </Trackpoint>
    <Trackpoint>
     <Time>2026-07-19T04:03:53+00:00</Time>
     <Position>
      <LatitudeDegrees>-33.5452400</LatitudeDegrees>
      <LongitudeDegrees>-70.9412200</LongitudeDegrees>
     </Position>
     <AltitudeMeters>506.5200000000001</AltitudeMeters>
     <DistanceMeters>92493.30212007902</DistanceMeters>
    </Trackpoint>
    <Trackpoint>
     <Time>2026-07-19T04:04:02+00:00</Time>
     <Position>
      <LatitudeDegrees>-33.5450200</LatitudeDegrees>
      <LongitudeDegrees>-70.9414300</LongitudeDegrees>
     </Position>
     <AltitudeMeters>505.07</AltitudeMeters>
     <DistanceMeters>92524.5905871554</DistanceMeters>
    </Trackpoint>
    <Trackpoint>
     <Time>2026-07-19T04:04:10+00:00</Time>
     <Position>
      <LatitudeDegrees>-33.5447500</LatitudeDegrees>
      <LongitudeDegrees>-70.9417200</LongitudeDegrees>
     </Position>
     <AltitudeMeters>503.31</AltitudeMeters>
     <DistanceMeters>92564.92196363068</DistanceMeters>
    </Trackpoint>
    <Trackpoint>
     <Time>2026-07-19T04:04:18+00:00</Time>
     <Position>
      <LatitudeDegrees>-33.5445900</LatitudeDegrees>
      <LongitudeDegrees>-70.9419800</LongitudeDegrees>
     </Position>
     <AltitudeMeters>503.31</AltitudeMeters>
     <DistanceMeters>92594.90126459517</DistanceMeters>
    </Trackpoint>
    <Trackpoint>
     <Time>2026-07-19T04:04:26+00:00</Time>
     <Position>
      <LatitudeDegrees>-33.5445300</LatitudeDegrees>
      <LongitudeDegrees>-70.9421600</LongitudeDegrees>
     </Position>
     <AltitudeMeters>503.31</AltitudeMeters>
     <DistanceMeters>92612.88391946699</DistanceMeters>
    </Trackpoint>
    <Trackpoint>
     <Time>2026-07-19T04:04:35+00:00</Time>
     <Position>
      <LatitudeDegrees>-33.5444800</LatitudeDegrees>
      <LongitudeDegrees>-70.9424300</LongitudeDegrees>
     </Position>
     <AltitudeMeters>500.11000000000007</AltitudeMeters>
     <DistanceMeters>92638.53992932252</DistanceMeters>
    </Trackpoint>
    <Trackpoint>
     <Time>2026-07-19T04:04:43+00:00</Time>
     <Position>
      <LatitudeDegrees>-33.5445300</LatitudeDegrees>
      <LongitudeDegrees>-70.9427000</LongitudeDegrees>
     </Position>
     <AltitudeMeters>500.11000000000007</AltitudeMeters>
     <DistanceMeters>92664.19593917804</DistanceMeters>
    </Trackpoint>
    <Trackpoint>
     <Time>2026-07-19T04:04:51+00:00</Time>
     <Position>
      <LatitudeDegrees>-33.5446200</LatitudeDegrees>
      <LongitudeDegrees>-70.9429200</LongitudeDegrees>
     </Position>
     <AltitudeMeters>499.11000000000007</AltitudeMeters>
     <DistanceMeters>92686.92888771837</DistanceMeters>
    </Trackpoint>
    <Trackpoint>
     <Time>2026-07-19T04:04:59+00:00</Time>
     <Position>
      <LatitudeDegrees>-33.5447700</LatitudeDegrees>
      <LongitudeDegrees>-70.9431400</LongitudeDegrees>
     </Position>
     <AltitudeMeters>497.34000000000003</AltitudeMeters>
     <DistanceMeters>92713.29467387641</DistanceMeters>
    </Trackpoint>
    <Trackpoint>
     <Time>2026-07-19T04:05:08+00:00</Time>
     <Position>
      <LatitudeDegrees>-33.5448900</LatitudeDegrees>
      <LongitudeDegrees>-70.9432300</LongitudeDegrees>
     </Position>
     <AltitudeMeters>497.34000000000003</AltitudeMeters>
     <DistanceMeters>92729.04473308582</DistanceMeters>
    </Trackpoint>
    <Trackpoint>
     <Time>2026-07-19T04:05:16+00:00</Time>
     <Position>
      <LatitudeDegrees>-33.5450400</LatitudeDegrees>
      <LongitudeDegrees>-70.9432900</LongitudeDegrees>
     </Position>
     <AltitudeMeters>495.90000000000003</AltitudeMeters>
     <DistanceMeters>92746.64237659762</DistanceMeters>
    </Trackpoint>
    <Trackpoint>
     <Time>2026-07-19T04:05:24+00:00</Time>
     <Position>
      <LatitudeDegrees>-33.5452000</LatitudeDegrees>
      <LongitudeDegrees>-70.9433200</LongitudeDegrees>
     </Position>
     <AltitudeMeters>495.44000000000005</AltitudeMeters>
     <DistanceMeters>92764.66580949906</DistanceMeters>
    </Trackpoint>
    <Trackpoint>
     <Time>2026-07-19T04:05:33+00:00</Time>
     <Position>
      <LatitudeDegrees>-33.5452700</LatitudeDegrees>
      <LongitudeDegrees>-70.9433200</LongitudeDegrees>
     </Position>
     <AltitudeMeters>495.44000000000005</AltitudeMeters>
     <DistanceMeters>92772.45650706002</DistanceMeters>
    </Trackpoint>
    <Trackpoint>
     <Time>2026-07-19T04:05:41+00:00</Time>
     <Position>
      <LatitudeDegrees>-33.5458900</LatitudeDegrees>
      <LongitudeDegrees>-70.9430200</LongitudeDegrees>
     </Position>
     <AltitudeMeters>491.82000000000005</AltitudeMeters>
     <DistanceMeters>92846.85972677215</DistanceMeters>
    </Trackpoint>
    <Trackpoint>
     <Time>2026-07-19T04:05:49+00:00</Time>
     <Position>
      <LatitudeDegrees>-33.5461400</LatitudeDegrees>
      <LongitudeDegrees>-70.9429600</LongitudeDegrees>
     </Position>
     <AltitudeMeters>490.88000000000005</AltitudeMeters>
     <DistanceMeters>92875.23481152856</DistanceMeters>
    </Trackpoint>
    <Trackpoint>
     <Time>2026-07-19T04:05:57+00:00</Time>
     <Position>
      <LatitudeDegrees>-33.5466000</LatitudeDegrees>
      <LongitudeDegrees>-70.9429850</LongitudeDegrees>
     </Position>
     <AltitudeMeters>486.77000000000004</AltitudeMeters>
     <DistanceMeters>92926.48333298838</DistanceMeters>
    </Trackpoint>
    <Trackpoint>
     <Time>2026-07-19T04:06:06+00:00</Time>
     <Position>
      <LatitudeDegrees>-33.5470600</LatitudeDegrees>
      <LongitudeDegrees>-70.9430100</LongitudeDegrees>
     </Position>
     <AltitudeMeters>485.03000000000003</AltitudeMeters>
     <DistanceMeters>92977.73182060682</DistanceMeters>
    </Trackpoint>
    <Trackpoint>
     <Time>2026-07-19T04:06:14+00:00</Time>
     <Position>
      <LatitudeDegrees>-33.5471900</LatitudeDegrees>
      <LongitudeDegrees>-70.9430500</LongitudeDegrees>
     </Position>
     <AltitudeMeters>483.72</AltitudeMeters>
     <DistanceMeters>92992.66841943024</DistanceMeters>
    </Trackpoint>
    <Trackpoint>
     <Time>2026-07-19T04:06:22+00:00</Time>
     <Position>
      <LatitudeDegrees>-33.5474100</LatitudeDegrees>
      <LongitudeDegrees>-70.9431400</LongitudeDegrees>
     </Position>
     <AltitudeMeters>482.30000000000007</AltitudeMeters>
     <DistanceMeters>93018.53749637224</DistanceMeters>
    </Trackpoint>
    <Trackpoint>
     <Time>2026-07-19T04:06:30+00:00</Time>
     <Position>
      <LatitudeDegrees>-33.5475300</LatitudeDegrees>
      <LongitudeDegrees>-70.9432400</LongitudeDegrees>
     </Position>
     <AltitudeMeters>480.92</AltitudeMeters>
     <DistanceMeters>93034.79810613517</DistanceMeters>
    </Trackpoint>
    <Trackpoint>
     <Time>2026-07-19T04:06:39+00:00</Time>
     <Position>
      <LatitudeDegrees>-33.5476200</LatitudeDegrees>
      <LongitudeDegrees>-70.9433700</LongitudeDegrees>
     </Position>
     <AltitudeMeters>479.84000000000003</AltitudeMeters>
     <DistanceMeters>93050.47411592717</DistanceMeters>
    </Trackpoint>
    <Trackpoint>
     <Time>2026-07-19T04:06:47+00:00</Time>
     <Position>
      <LatitudeDegrees>-33.5477100</LatitudeDegrees>
      <LongitudeDegrees>-70.9436000</LongitudeDegrees>
     </Position>
     <AltitudeMeters>477.80000000000007</AltitudeMeters>
     <DistanceMeters>93074.04261898682</DistanceMeters>
    </Trackpoint>
    <Trackpoint>
     <Time>2026-07-19T04:06:55+00:00</Time>
     <Position>
      <LatitudeDegrees>-33.5477300</LatitudeDegrees>
      <LongitudeDegrees>-70.9439000</LongitudeDegrees>
     </Position>
     <AltitudeMeters>475.56</AltitudeMeters>
     <DistanceMeters>93101.95851224537</DistanceMeters>
    </Trackpoint>
    <Trackpoint>
     <Time>2026-07-19T04:07:04+00:00</Time>
     <Position>
      <LatitudeDegrees>-33.5476400</LatitudeDegrees>
      <LongitudeDegrees>-70.9444300</LongitudeDegrees>
     </Position>
     <AltitudeMeters>472.26</AltitudeMeters>
     <DistanceMeters>93152.12965077542</DistanceMeters>
    </Trackpoint>
    <Trackpoint>
     <Time>2026-07-19T04:07:12+00:00</Time>
     <Position>
      <LatitudeDegrees>-33.5476400</LatitudeDegrees>
      <LongitudeDegrees>-70.9446600</LongitudeDegrees>
     </Position>
     <AltitudeMeters>471.08000000000004</AltitudeMeters>
     <DistanceMeters>93173.46371041861</DistanceMeters>
    </Trackpoint>
    <Trackpoint>
     <Time>2026-07-19T04:07:20+00:00</Time>
     <Position>
      <LatitudeDegrees>-33.5477300</LatitudeDegrees>
      <LongitudeDegrees>-70.9448900</LongitudeDegrees>
     </Position>
     <AltitudeMeters>470.13000000000005</AltitudeMeters>
     <DistanceMeters>93197.03220900844</DistanceMeters>
    </Trackpoint>
    <Trackpoint>
     <Time>2026-07-19T04:07:28+00:00</Time>
     <Position>
      <LatitudeDegrees>-33.5478400</LatitudeDegrees>
      <LongitudeDegrees>-70.9450400</LongitudeDegrees>
     </Position>
     <AltitudeMeters>469.49</AltitudeMeters>
     <DistanceMeters>93215.56501025437</DistanceMeters>
    </Trackpoint>
    <Trackpoint>
     <Time>2026-07-19T04:07:37+00:00</Time>
     <Position>
      <LatitudeDegrees>-33.5482400</LatitudeDegrees>
      <LongitudeDegrees>-70.9454800</LongitudeDegrees>
     </Position>
     <AltitudeMeters>466.38</AltitudeMeters>
     <DistanceMeters>93275.96004925635</DistanceMeters>
    </Trackpoint>
    <Trackpoint>
     <Time>2026-07-19T04:07:45+00:00</Time>
     <Position>
      <LatitudeDegrees>-33.5483300</LatitudeDegrees>
      <LongitudeDegrees>-70.9456500</LongitudeDegrees>
     </Position>
     <AltitudeMeters>465.41</AltitudeMeters>
     <DistanceMeters>93294.6410341683</DistanceMeters>
    </Trackpoint>
    <Trackpoint>
     <Time>2026-07-19T04:07:53+00:00</Time>
     <Position>
      <LatitudeDegrees>-33.5483800</LatitudeDegrees>
      <LongitudeDegrees>-70.9459200</LongitudeDegrees>
     </Position>
     <AltitudeMeters>464.3</AltitudeMeters>
     <DistanceMeters>93320.29595475135</DistanceMeters>
    </Trackpoint>
    <Trackpoint>
     <Time>2026-07-19T04:08:01+00:00</Time>
     <Position>
      <LatitudeDegrees>-33.5483200</LatitudeDegrees>
      <LongitudeDegrees>-70.9461700</LongitudeDegrees>
     </Position>
     <AltitudeMeters>463.4200000000001</AltitudeMeters>
     <DistanceMeters>93344.4273070095</DistanceMeters>
    </Trackpoint>
    <Trackpoint>
     <Time>2026-07-19T04:08:10+00:00</Time>
     <Position>
      <LatitudeDegrees>-33.5483300</LatitudeDegrees>
      <LongitudeDegrees>-70.9461500</LongitudeDegrees>
     </Position>
     <AltitudeMeters>463.4200000000001</AltitudeMeters>
     <DistanceMeters>93344.4273070095</DistanceMeters>
    </Trackpoint>
    <Trackpoint>
     <Time>2026-07-19T04:08:18+00:00</Time>
     <Position>
      <LatitudeDegrees>-33.5482200</LatitudeDegrees>
      <LongitudeDegrees>-70.9463200</LongitudeDegrees>
     </Position>
     <AltitudeMeters>461.87000000000006</AltitudeMeters>
     <DistanceMeters>93364.3904272035</DistanceMeters>
    </Trackpoint>
    <Trackpoint>
     <Time>2026-07-19T04:08:26+00:00</Time>
     <Position>
      <LatitudeDegrees>-33.5477700</LatitudeDegrees>
      <LongitudeDegrees>-70.9468100</LongitudeDegrees>
     </Position>
     <AltitudeMeters>460.05</AltitudeMeters>
     <DistanceMeters>93432.02231897756</DistanceMeters>
    </Trackpoint>
    <Trackpoint>
     <Time>2026-07-19T04:08:35+00:00</Time>
     <Position>
      <LatitudeDegrees>-33.5474800</LatitudeDegrees>
      <LongitudeDegrees>-70.9469900</LongitudeDegrees>
     </Position>
     <AltitudeMeters>457.52000000000004</AltitudeMeters>
     <DistanceMeters>93468.36083471036</DistanceMeters>
    </Trackpoint>
    <Trackpoint>
     <Time>2026-07-19T04:08:43+00:00</Time>
     <Position>
      <LatitudeDegrees>-33.5470600</LatitudeDegrees>
      <LongitudeDegrees>-70.9472100</LongitudeDegrees>
     </Position>
     <AltitudeMeters>454.0</AltitudeMeters>
     <DistanceMeters>93519.36522021487</DistanceMeters>
    </Trackpoint>
    <Trackpoint>
     <Time>2026-07-19T04:08:51+00:00</Time>
     <Position>
      <LatitudeDegrees>-33.5469700</LatitudeDegrees>
      <LongitudeDegrees>-70.9472600</LongitudeDegrees>
     </Position>
     <AltitudeMeters>454.0</AltitudeMeters>
     <DistanceMeters>93530.40344295025</DistanceMeters>
    </Trackpoint>
    <Trackpoint>
     <Time>2026-07-19T04:08:59+00:00</Time>
     <Position>
      <LatitudeDegrees>-33.5468300</LatitudeDegrees>
      <LongitudeDegrees>-70.9473900</LongitudeDegrees>
     </Position>
     <AltitudeMeters>452.69000000000005</AltitudeMeters>
     <DistanceMeters>93550.105902943</DistanceMeters>
    </Trackpoint>
    <Trackpoint>
     <Time>2026-07-19T04:09:08+00:00</Time>
     <Position>
      <LatitudeDegrees>-33.5466800</LatitudeDegrees>
      <LongitudeDegrees>-70.9476300</LongitudeDegrees>
     </Position>
     <AltitudeMeters>451.75000000000006</AltitudeMeters>
     <DistanceMeters>93577.93199850571</DistanceMeters>
    </Trackpoint>
    <Trackpoint>
     <Time>2026-07-19T04:09:16+00:00</Time>
     <Position>
      <LatitudeDegrees>-33.5464300</LatitudeDegrees>
      <LongitudeDegrees>-70.9482500</LongitudeDegrees>
     </Position>
     <AltitudeMeters>448.85</AltitudeMeters>
     <DistanceMeters>93641.81910321162</DistanceMeters>
    </Trackpoint>
    <Trackpoint>
     <Time>2026-07-19T04:09:24+00:00</Time>
     <Position>
      <LatitudeDegrees>-33.5463000</LatitudeDegrees>
      <LongitudeDegrees>-70.9484600</LongitudeDegrees>
     </Position>
     <AltitudeMeters>447.63</AltitudeMeters>
     <DistanceMeters>93666.08379743983</DistanceMeters>
    </Trackpoint>
    <Trackpoint>
     <Time>2026-07-19T04:09:32+00:00</Time>
     <Position>
      <LatitudeDegrees>-33.5461600</LatitudeDegrees>
      <LongitudeDegrees>-70.9485100</LongitudeDegrees>
     </Position>
     <AltitudeMeters>446.45</AltitudeMeters>
     <DistanceMeters>93682.34079983851</DistanceMeters>
    </Trackpoint>
    <Trackpoint>
     <Time>2026-07-19T04:09:41+00:00</Time>
     <Position>
      <LatitudeDegrees>-33.5460300</LatitudeDegrees>
      <LongitudeDegrees>-70.9485100</LongitudeDegrees>
     </Position>
     <AltitudeMeters>445.93000000000006</AltitudeMeters>
     <DistanceMeters>93696.80923816566</DistanceMeters>
    </Trackpoint>
    <Trackpoint>
     <Time>2026-07-19T04:09:49+00:00</Time>
     <Position>
      <LatitudeDegrees>-33.5456000</LatitudeDegrees>
      <LongitudeDegrees>-70.9484200</LongitudeDegrees>
     </Position>
     <AltitudeMeters>444.57</AltitudeMeters>
     <DistanceMeters>93745.38906880555</DistanceMeters>
    </Trackpoint>
    <Trackpoint>
     <Time>2026-07-19T04:09:57+00:00</Time>
     <Position>
      <LatitudeDegrees>-33.5453100</LatitudeDegrees>
      <LongitudeDegrees>-70.9483800</LongitudeDegrees>
     </Position>
     <AltitudeMeters>441.08000000000004</AltitudeMeters>
     <DistanceMeters>93777.87738448572</DistanceMeters>
    </Trackpoint>
    <Trackpoint>
     <Time>2026-07-19T04:10:05+00:00</Time>
     <Position>
      <LatitudeDegrees>-33.5451300</LatitudeDegrees>
      <LongitudeDegrees>-70.9484200</LongitudeDegrees>
     </Position>
     <AltitudeMeters>440.54</AltitudeMeters>
     <DistanceMeters>93798.25131094719</DistanceMeters>
    </Trackpoint>
    <Trackpoint>
     <Time>2026-07-19T04:10:14+00:00</Time>
     <Position>
      <LatitudeDegrees>-33.5449300</LatitudeDegrees>
      <LongitudeDegrees>-70.9485100</LongitudeDegrees>
     </Position>
     <AltitudeMeters>440.54</AltitudeMeters>
     <DistanceMeters>93822.02449512608</DistanceMeters>
    </Trackpoint>
    <Trackpoint>
     <Time>2026-07-19T04:10:22+00:00</Time>
     <Position>
      <LatitudeDegrees>-33.5448000</LatitudeDegrees>
      <LongitudeDegrees>-70.9486400</LongitudeDegrees>
     </Position>
     <AltitudeMeters>438.05000000000007</AltitudeMeters>
     <DistanceMeters>93840.85929303076</DistanceMeters>
    </Trackpoint>
    <Trackpoint>
     <Time>2026-07-19T04:10:30+00:00</Time>
     <Position>
      <LatitudeDegrees>-33.5446800</LatitudeDegrees>
      <LongitudeDegrees>-70.9487800</LongitudeDegrees>
     </Position>
     <AltitudeMeters>437.57</AltitudeMeters>
     <DistanceMeters>93859.48763397969</DistanceMeters>
    </Trackpoint>
    <Trackpoint>
     <Time>2026-07-19T04:10:39+00:00</Time>
     <Position>
      <LatitudeDegrees>-33.5443300</LatitudeDegrees>
      <LongitudeDegrees>-70.9495400</LongitudeDegrees>
     </Position>
     <AltitudeMeters>433.95000000000005</AltitudeMeters>
     <DistanceMeters>93940.03142014575</DistanceMeters>
    </Trackpoint>
    <Trackpoint>
     <Time>2026-07-19T04:10:47+00:00</Time>
     <Position>
      <LatitudeDegrees>-33.5442400</LatitudeDegrees>
      <LongitudeDegrees>-70.9496800</LongitudeDegrees>
     </Position>
     <AltitudeMeters>433.57</AltitudeMeters>
     <DistanceMeters>93956.43204435227</DistanceMeters>
    </Trackpoint>
    <Trackpoint>
     <Time>2026-07-19T04:10:55+00:00</Time>
     <Position>
      <LatitudeDegrees>-33.5441500</LatitudeDegrees>
      <LongitudeDegrees>-70.9497800</LongitudeDegrees>
     </Position>
     <AltitudeMeters>433.03000000000003</AltitudeMeters>
     <DistanceMeters>93970.08406118408</DistanceMeters>
    </Trackpoint>
    <Trackpoint>
     <Time>2026-07-19T04:11:03+00:00</Time>
     <Position>
      <LatitudeDegrees>-33.5440100</LatitudeDegrees>
      <LongitudeDegrees>-70.9498500</LongitudeDegrees>
     </Position>
     <AltitudeMeters>432.71000000000004</AltitudeMeters>
     <DistanceMeters>93986.96428831061</DistanceMeters>
    </Trackpoint>
    <Trackpoint>
     <Time>2026-07-19T04:11:12+00:00</Time>
     <Position>
      <LatitudeDegrees>-33.5437700</LatitudeDegrees>
      <LongitudeDegrees>-70.9497800</LongitudeDegrees>
     </Position>
     <AltitudeMeters>431.68</AltitudeMeters>
     <DistanceMeters>94014.45315746125</DistanceMeters>
    </Trackpoint>
    <Trackpoint>
     <Time>2026-07-19T04:11:20+00:00</Time>
     <Position>
      <LatitudeDegrees>-33.5432500</LatitudeDegrees>
      <LongitudeDegrees>-70.9495000</LongitudeDegrees>
     </Position>
     <AltitudeMeters>429.01000000000005</AltitudeMeters>
     <DistanceMeters>94077.88796906466</DistanceMeters>
    </Trackpoint>
    <Trackpoint>
     <Time>2026-07-19T04:11:28+00:00</Time>
     <Position>
      <LatitudeDegrees>-33.5430500</LatitudeDegrees>
      <LongitudeDegrees>-70.9494100</LongitudeDegrees>
     </Position>
     <AltitudeMeters>428.52</AltitudeMeters>
     <DistanceMeters>94101.66121702113</DistanceMeters>
    </Trackpoint>
    <Trackpoint>
     <Time>2026-07-19T04:11:36+00:00</Time>
     <Position>
      <LatitudeDegrees>-33.5427400</LatitudeDegrees>
      <LongitudeDegrees>-70.9493600</LongitudeDegrees>
     </Position>
     <AltitudeMeters>427.82000000000005</AltitudeMeters>
     <DistanceMeters>94136.47323361477</DistanceMeters>
    </Trackpoint>
    <Trackpoint>
     <Time>2026-07-19T04:11:45+00:00</Time>
     <Position>
      <LatitudeDegrees>-33.5423700</LatitudeDegrees>
      <LongitudeDegrees>-70.9493300</LongitudeDegrees>
     </Position>
     <AltitudeMeters>426.67</AltitudeMeters>
     <DistanceMeters>94177.7465597323</DistanceMeters>
    </Trackpoint>
    <Trackpoint>
     <Time>2026-07-19T04:11:53+00:00</Time>
     <Position>
      <LatitudeDegrees>-33.5418000</LatitudeDegrees>
      <LongitudeDegrees>-70.9493700</LongitudeDegrees>
     </Position>
     <AltitudeMeters>424.18000000000006</AltitudeMeters>
     <DistanceMeters>94241.29351792103</DistanceMeters>
    </Trackpoint>
    <Trackpoint>
     <Time>2026-07-19T04:12:01+00:00</Time>
     <Position>
      <LatitudeDegrees>-33.5415900</LatitudeDegrees>
      <LongitudeDegrees>-70.9493700</LongitudeDegrees>
     </Position>
     <AltitudeMeters>423.64</AltitudeMeters>
     <DistanceMeters>94264.6656106039</DistanceMeters>
    </Trackpoint>
    <Trackpoint>
     <Time>2026-07-19T04:12:10+00:00</Time>
     <Position>
      <LatitudeDegrees>-33.5414400</LatitudeDegrees>
      <LongitudeDegrees>-70.9493600</LongitudeDegrees>
     </Position>
     <AltitudeMeters>423.25</AltitudeMeters>
     <DistanceMeters>94281.3857149667</DistanceMeters>
    </Trackpoint>
    <Trackpoint>
     <Time>2026-07-19T04:12:18+00:00</Time>
     <Position>
      <LatitudeDegrees>-33.5408300</LatitudeDegrees>
      <LongitudeDegrees>-70.9491400</LongitudeDegrees>
     </Position>
     <AltitudeMeters>420.56000000000006</AltitudeMeters>
     <DistanceMeters>94352.27710507222</DistanceMeters>
    </Trackpoint>
    <Trackpoint>
     <Time>2026-07-19T04:12:26+00:00</Time>
     <Position>
      <LatitudeDegrees>-33.5405200</LatitudeDegrees>
      <LongitudeDegrees>-70.9491400</LongitudeDegrees>
     </Position>
     <AltitudeMeters>418.78000000000003</AltitudeMeters>
     <DistanceMeters>94386.77876569876</DistanceMeters>
    </Trackpoint>
    <Trackpoint>
     <Time>2026-07-19T04:12:34+00:00</Time>
     <Position>
      <LatitudeDegrees>-33.5397800</LatitudeDegrees>
      <LongitudeDegrees>-70.9492300</LongitudeDegrees>
     </Position>
     <AltitudeMeters>413.68000000000006</AltitudeMeters>
     <DistanceMeters>94469.55966429735</DistanceMeters>
    </Trackpoint>
    <Trackpoint>
     <Time>2026-07-19T04:12:43+00:00</Time>
     <Position>
      <LatitudeDegrees>-33.5390400</LatitudeDegrees>
      <LongitudeDegrees>-70.9493200</LongitudeDegrees>
     </Position>
     <AltitudeMeters>410.57000000000005</AltitudeMeters>
     <DistanceMeters>94552.34054896791</DistanceMeters>
    </Trackpoint>
    <Trackpoint>
     <Time>2026-07-19T04:12:51+00:00</Time>
     <Position>
      <LatitudeDegrees>-33.5388900</LatitudeDegrees>
      <LongitudeDegrees>-70.9494000</LongitudeDegrees>
     </Position>
     <AltitudeMeters>408.14000000000004</AltitudeMeters>
     <DistanceMeters>94570.6101108787</DistanceMeters>
    </Trackpoint>
    <Trackpoint>
     <Time>2026-07-19T04:12:59+00:00</Time>
     <Position>
      <LatitudeDegrees>-33.5387500</LatitudeDegrees>
      <LongitudeDegrees>-70.9495000</LongitudeDegrees>
     </Position>
     <AltitudeMeters>408.14000000000004</AltitudeMeters>
     <DistanceMeters>94588.74393677292</DistanceMeters>
    </Trackpoint>
    <Trackpoint>
     <Time>2026-07-19T04:13:07+00:00</Time>
     <Position>
      <LatitudeDegrees>-33.5385700</LatitudeDegrees>
      <LongitudeDegrees>-70.9497200</LongitudeDegrees>
     </Position>
     <AltitudeMeters>406.62</AltitudeMeters>
     <DistanceMeters>94617.34186419801</DistanceMeters>
    </Trackpoint>
    <Trackpoint>
     <Time>2026-07-19T04:13:16+00:00</Time>
     <Position>
      <LatitudeDegrees>-33.5384600</LatitudeDegrees>
      <LongitudeDegrees>-70.9499900</LongitudeDegrees>
     </Position>
     <AltitudeMeters>404.37</AltitudeMeters>
     <DistanceMeters>94645.22071613462</DistanceMeters>
    </Trackpoint>
    <Trackpoint>
     <Time>2026-07-19T04:13:24+00:00</Time>
     <Position>
      <LatitudeDegrees>-33.5384400</LatitudeDegrees>
      <LongitudeDegrees>-70.9502700</LongitudeDegrees>
     </Position>
     <AltitudeMeters>404.37</AltitudeMeters>
     <DistanceMeters>94671.2905777677</DistanceMeters>
    </Trackpoint>
    <Trackpoint>
     <Time>2026-07-19T04:13:32+00:00</Time>
     <Position>
      <LatitudeDegrees>-33.5385100</LatitudeDegrees>
      <LongitudeDegrees>-70.9505300</LongitudeDegrees>
     </Position>
     <AltitudeMeters>403.03000000000003</AltitudeMeters>
     <DistanceMeters>94696.6369108653</DistanceMeters>
    </Trackpoint>
    <Trackpoint>
     <Time>2026-07-19T04:13:41+00:00</Time>
     <Position>
      <LatitudeDegrees>-33.5386200</LatitudeDegrees>
      <LongitudeDegrees>-70.9507100</LongitudeDegrees>
     </Position>
     <AltitudeMeters>401.96000000000004</AltitudeMeters>
     <DistanceMeters>94717.34202482819</DistanceMeters>
    </Trackpoint>
    <Trackpoint>
     <Time>2026-07-19T04:13:49+00:00</Time>
     <Position>
      <LatitudeDegrees>-33.5389300</LatitudeDegrees>
      <LongitudeDegrees>-70.9512000</LongitudeDegrees>
     </Position>
     <AltitudeMeters>399.44</AltitudeMeters>
     <DistanceMeters>94774.40835218743</DistanceMeters>
    </Trackpoint>
    <Trackpoint>
     <Time>2026-07-19T04:13:57+00:00</Time>
     <Position>
      <LatitudeDegrees>-33.5391800</LatitudeDegrees>
      <LongitudeDegrees>-70.9514700</LongitudeDegrees>
     </Position>
     <AltitudeMeters>398.13000000000005</AltitudeMeters>
     <DistanceMeters>94811.8451476068</DistanceMeters>
    </Trackpoint>
    <Trackpoint>
     <Time>2026-07-19T04:14:05+00:00</Time>
     <Position>
      <LatitudeDegrees>-33.5396500</LatitudeDegrees>
      <LongitudeDegrees>-70.9517800</LongitudeDegrees>
     </Position>
     <AltitudeMeters>395.89</AltitudeMeters>
     <DistanceMeters>94871.53780054333</DistanceMeters>
    </Trackpoint>
    <Trackpoint>
     <Time>2026-07-19T04:14:14+00:00</Time>
     <Position>
      <LatitudeDegrees>-33.5398500</LatitudeDegrees>
      <LongitudeDegrees>-70.9519600</LongitudeDegrees>
     </Position>
     <AltitudeMeters>393.79</AltitudeMeters>
     <DistanceMeters>94899.36375637194</DistanceMeters>
    </Trackpoint>
    <Trackpoint>
     <Time>2026-07-19T04:14:22+00:00</Time>
     <Position>
      <LatitudeDegrees>-33.5401200</LatitudeDegrees>
      <LongitudeDegrees>-70.9522700</LongitudeDegrees>
     </Position>
     <AltitudeMeters>392.28000000000003</AltitudeMeters>
     <DistanceMeters>94940.95661783488</DistanceMeters>
    </Trackpoint>
    <Trackpoint>
     <Time>2026-07-19T04:14:30+00:00</Time>
     <Position>
      <LatitudeDegrees>-33.5402700</LatitudeDegrees>
      <LongitudeDegrees>-70.9524800</LongitudeDegrees>
     </Position>
     <AltitudeMeters>391.27</AltitudeMeters>
     <DistanceMeters>94966.61193399037</DistanceMeters>
    </Trackpoint>
    <Trackpoint>
     <Time>2026-07-19T04:14:38+00:00</Time>
     <Position>
      <LatitudeDegrees>-33.5404800</LatitudeDegrees>
      <LongitudeDegrees>-70.9528100</LongitudeDegrees>
     </Position>
     <AltitudeMeters>389.41</AltitudeMeters>
     <DistanceMeters>95005.12645472001</DistanceMeters>
    </Trackpoint>
    <Trackpoint>
     <Time>2026-07-19T04:14:47+00:00</Time>
     <Position>
      <LatitudeDegrees>-33.5405200</LatitudeDegrees>
      <LongitudeDegrees>-70.9529000</LongitudeDegrees>
     </Position>
     <AltitudeMeters>388.95</AltitudeMeters>
     <DistanceMeters>95014.58802051953</DistanceMeters>
    </Trackpoint>
    <Trackpoint>
     <Time>2026-07-19T04:14:55+00:00</Time>
     <Position>
      <LatitudeDegrees>-33.5405600</LatitudeDegrees>
      <LongitudeDegrees>-70.9531300</LongitudeDegrees>
     </Position>
     <AltitudeMeters>387.96000000000004</AltitudeMeters>
     <DistanceMeters>95036.38333328364</DistanceMeters>
    </Trackpoint>
    <Trackpoint>
     <Time>2026-07-19T04:15:03+00:00</Time>
     <Position>
      <LatitudeDegrees>-33.5405400</LatitudeDegrees>
      <LongitudeDegrees>-70.9534900</LongitudeDegrees>
     </Position>
     <AltitudeMeters>386.83</AltitudeMeters>
     <DistanceMeters>95069.85261465567</DistanceMeters>
    </Trackpoint>
    <Trackpoint>
     <Time>2026-07-19T04:15:12+00:00</Time>
     <Position>
      <LatitudeDegrees>-33.5404800</LatitudeDegrees>
      <LongitudeDegrees>-70.9536600</LongitudeDegrees>
     </Position>
     <AltitudeMeters>385.8</AltitudeMeters>
     <DistanceMeters>95086.97814136231</DistanceMeters>
    </Trackpoint>
    <Trackpoint>
     <Time>2026-07-19T04:15:20+00:00</Time>
     <Position>
      <LatitudeDegrees>-33.5404100</LatitudeDegrees>
      <LongitudeDegrees>-70.9538000</LongitudeDegrees>
     </Position>
     <AltitudeMeters>385.37000000000006</AltitudeMeters>
     <DistanceMeters>95102.12270907118</DistanceMeters>
    </Trackpoint>
    <Trackpoint>
     <Time>2026-07-19T04:15:28+00:00</Time>
     <Position>
      <LatitudeDegrees>-33.5403000</LatitudeDegrees>
      <LongitudeDegrees>-70.9539300</LongitudeDegrees>
     </Position>
     <AltitudeMeters>384.19</AltitudeMeters>
     <DistanceMeters>95119.3072513638</DistanceMeters>
    </Trackpoint>
    <Trackpoint>
     <Time>2026-07-19T04:15:36+00:00</Time>
     <Position>
      <LatitudeDegrees>-33.5401800</LatitudeDegrees>
      <LongitudeDegrees>-70.9540200</LongitudeDegrees>
     </Position>
     <AltitudeMeters>383.74</AltitudeMeters>
     <DistanceMeters>95135.05754559897</DistanceMeters>
    </Trackpoint>
    <Trackpoint>
     <Time>2026-07-19T04:15:45+00:00</Time>
     <Position>
      <LatitudeDegrees>-33.5400300</LatitudeDegrees>
      <LongitudeDegrees>-70.9540700</LongitudeDegrees>
     </Position>
     <AltitudeMeters>383.12</AltitudeMeters>
     <DistanceMeters>95152.38425007879</DistanceMeters>
    </Trackpoint>
    <Trackpoint>
     <Time>2026-07-19T04:15:53+00:00</Time>
     <Position>
      <LatitudeDegrees>-33.5397800</LatitudeDegrees>
      <LongitudeDegrees>-70.9541100</LongitudeDegrees>
     </Position>
     <AltitudeMeters>381.57</AltitudeMeters>
     <DistanceMeters>95180.45450290175</DistanceMeters>
    </Trackpoint>
    <Trackpoint>
     <Time>2026-07-19T04:16:01+00:00</Time>
     <Position>
      <LatitudeDegrees>-33.5391800</LatitudeDegrees>
      <LongitudeDegrees>-70.9539800</LongitudeDegrees>
     </Position>
     <AltitudeMeters>379.25</AltitudeMeters>
     <DistanceMeters>95248.31210528131</DistanceMeters>
    </Trackpoint>
    <Trackpoint>
     <Time>2026-07-19T04:16:09+00:00</Time>
     <Position>
      <LatitudeDegrees>-33.5388900</LatitudeDegrees>
      <LongitudeDegrees>-70.9538900</LongitudeDegrees>
     </Position>
     <AltitudeMeters>377.70000000000005</AltitudeMeters>
     <DistanceMeters>95281.65020168571</DistanceMeters>
    </Trackpoint>
    <Trackpoint>
     <Time>2026-07-19T04:16:18+00:00</Time>
     <Position>
      <LatitudeDegrees>-33.5383500</LatitudeDegrees>
      <LongitudeDegrees>-70.9536650</LongitudeDegrees>
     </Position>
     <AltitudeMeters>374.46</AltitudeMeters>
     <DistanceMeters>95345.27121410174</DistanceMeters>
    </Trackpoint>
    <Trackpoint>
     <Time>2026-07-19T04:16:26+00:00</Time>
     <Position>
      <LatitudeDegrees>-33.5378100</LatitudeDegrees>
      <LongitudeDegrees>-70.9534400</LongitudeDegrees>
     </Position>
     <AltitudeMeters>371.41</AltitudeMeters>
     <DistanceMeters>95408.89220768429</DistanceMeters>
    </Trackpoint>
    <Trackpoint>
     <Time>2026-07-19T04:16:34+00:00</Time>
     <Position>
      <LatitudeDegrees>-33.5374800</LatitudeDegrees>
      <LongitudeDegrees>-70.9533500</LongitudeDegrees>
     </Position>
     <AltitudeMeters>369.82000000000005</AltitudeMeters>
     <DistanceMeters>95446.55680345547</DistanceMeters>
    </Trackpoint>
    <Trackpoint>
     <Time>2026-07-19T04:16:43+00:00</Time>
     <Position>
      <LatitudeDegrees>-33.5372300</LatitudeDegrees>
      <LongitudeDegrees>-70.9533500</LongitudeDegrees>
     </Position>
     <AltitudeMeters>367.1</AltitudeMeters>
     <DistanceMeters>95474.38072331581</DistanceMeters>
    </Trackpoint>
    <Trackpoint>
     <Time>2026-07-19T04:16:51+00:00</Time>
     <Position>
      <LatitudeDegrees>-33.5371000</LatitudeDegrees>
      <LongitudeDegrees>-70.9534800</LongitudeDegrees>
     </Position>
     <AltitudeMeters>367.1</AltitudeMeters>
     <DistanceMeters>95493.21620908273</DistanceMeters>
    </Trackpoint>
    <Trackpoint>
     <Time>2026-07-19T04:16:59+00:00</Time>
     <Position>
      <LatitudeDegrees>-33.5370300</LatitudeDegrees>
      <LongitudeDegrees>-70.9536100</LongitudeDegrees>
     </Position>
     <AltitudeMeters>366.62000000000006</AltitudeMeters>
     <DistanceMeters>95507.57361558486</DistanceMeters>
    </Trackpoint>
    <Trackpoint>
     <Time>2026-07-19T04:17:07+00:00</Time>
     <Position>
      <LatitudeDegrees>-33.5369800</LatitudeDegrees>
      <LongitudeDegrees>-70.9537900</LongitudeDegrees>
     </Position>
     <AltitudeMeters>365.74</AltitudeMeters>
     <DistanceMeters>95525.1747296673</DistanceMeters>
    </Trackpoint>
    <Trackpoint>
     <Time>2026-07-19T04:17:16+00:00</Time>
     <Position>
      <LatitudeDegrees>-33.5369800</LatitudeDegrees>
      <LongitudeDegrees>-70.9545600</LongitudeDegrees>
     </Position>
     <AltitudeMeters>362.26</AltitudeMeters>
     <DistanceMeters>95596.60626111129</DistanceMeters>
    </Trackpoint>
    <Trackpoint>
     <Time>2026-07-19T04:17:24+00:00</Time>
     <Position>
      <LatitudeDegrees>-33.5369400</LatitudeDegrees>
      <LongitudeDegrees>-70.9548800</LongitudeDegrees>
     </Position>
     <AltitudeMeters>360.83000000000004</AltitudeMeters>
     <DistanceMeters>95626.62405166967</DistanceMeters>
    </Trackpoint>
    <Trackpoint>
     <Time>2026-07-19T04:17:32+00:00</Time>
     <Position>
      <LatitudeDegrees>-33.5366000</LatitudeDegrees>
      <LongitudeDegrees>-70.9557800</LongitudeDegrees>
     </Position>
     <AltitudeMeters>355.25</AltitudeMeters>
     <DistanceMeters>95718.29058643122</DistanceMeters>
    </Trackpoint>
    <Trackpoint>
     <Time>2026-07-19T04:17:40+00:00</Time>
     <Position>
      <LatitudeDegrees>-33.5365800</LatitudeDegrees>
      <LongitudeDegrees>-70.9559600</LongitudeDegrees>
     </Position>
     <AltitudeMeters>354.39000000000004</AltitudeMeters>
     <DistanceMeters>95735.13664724209</DistanceMeters>
    </Trackpoint>
    <Trackpoint>
     <Time>2026-07-19T04:17:49+00:00</Time>
     <Position>
      <LatitudeDegrees>-33.5365800</LatitudeDegrees>
      <LongitudeDegrees>-70.9561700</LongitudeDegrees>
     </Position>
     <AltitudeMeters>353.61</AltitudeMeters>
     <DistanceMeters>95754.6180641452</DistanceMeters>
    </Trackpoint>
    <Trackpoint>
     <Time>2026-07-19T04:17:57+00:00</Time>
     <Position>
      <LatitudeDegrees>-33.5366600</LatitudeDegrees>
      <LongitudeDegrees>-70.9565100</LongitudeDegrees>
     </Position>
     <AltitudeMeters>352.2</AltitudeMeters>
     <DistanceMeters>95787.39199240436</DistanceMeters>
    </Trackpoint>
    <Trackpoint>
     <Time>2026-07-19T04:18:05+00:00</Time>
     <Position>
      <LatitudeDegrees>-33.5369600</LatitudeDegrees>
      <LongitudeDegrees>-70.9573800</LongitudeDegrees>
     </Position>
     <AltitudeMeters>348.49</AltitudeMeters>
     <DistanceMeters>95874.73424748424</DistanceMeters>
    </Trackpoint>
    <Trackpoint>
     <Time>2026-07-19T04:18:14+00:00</Time>
     <Position>
      <LatitudeDegrees>-33.5370100</LatitudeDegrees>
      <LongitudeDegrees>-70.9576000</LongitudeDegrees>
     </Position>
     <AltitudeMeters>347.0</AltitudeMeters>
     <DistanceMeters>95895.88831140086</DistanceMeters>
    </Trackpoint>
    <Trackpoint>
     <Time>2026-07-19T04:18:22+00:00</Time>
     <Position>
      <LatitudeDegrees>-33.5370100</LatitudeDegrees>
      <LongitudeDegrees>-70.9579700</LongitudeDegrees>
     </Position>
     <AltitudeMeters>345.21000000000004</AltitudeMeters>
     <DistanceMeters>95930.21254187172</DistanceMeters>
    </Trackpoint>
    <Trackpoint>
     <Time>2026-07-19T04:18:30+00:00</Time>
     <Position>
      <LatitudeDegrees>-33.5369500</LatitudeDegrees>
      <LongitudeDegrees>-70.9583300</LongitudeDegrees>
     </Position>
     <AltitudeMeters>343.27000000000004</AltitudeMeters>
     <DistanceMeters>95964.27017614078</DistanceMeters>
    </Trackpoint>
    <Trackpoint>
     <Time>2026-07-19T04:18:38+00:00</Time>
     <Position>
      <LatitudeDegrees>-33.5368700</LatitudeDegrees>
      <LongitudeDegrees>-70.9585400</LongitudeDegrees>
     </Position>
     <AltitudeMeters>342.1</AltitudeMeters>
     <DistanceMeters>95985.68974121037</DistanceMeters>
    </Trackpoint>
    <Trackpoint>
     <Time>2026-07-19T04:18:47+00:00</Time>
     <Position>
      <LatitudeDegrees>-33.5367800</LatitudeDegrees>
      <LongitudeDegrees>-70.9587300</LongitudeDegrees>
     </Position>
     <AltitudeMeters>341.36000000000007</AltitudeMeters>
     <DistanceMeters>96005.96307739931</DistanceMeters>
    </Trackpoint>
    <Trackpoint>
     <Time>2026-07-19T04:18:55+00:00</Time>
     <Position>
      <LatitudeDegrees>-33.5366500</LatitudeDegrees>
      <LongitudeDegrees>-70.9589100</LongitudeDegrees>
     </Position>
     <AltitudeMeters>340.04</AltitudeMeters>
     <DistanceMeters>96028.0576462968</DistanceMeters>
    </Trackpoint>
    <Trackpoint>
     <Time>2026-07-19T04:19:03+00:00</Time>
     <Position>
      <LatitudeDegrees>-33.5364900</LatitudeDegrees>
      <LongitudeDegrees>-70.9590800</LongitudeDegrees>
     </Position>
     <AltitudeMeters>338.26</AltitudeMeters>
     <DistanceMeters>96051.8444989548</DistanceMeters>
    </Trackpoint>
    <Trackpoint>
     <Time>2026-07-19T04:19:11+00:00</Time>
     <Position>
      <LatitudeDegrees>-33.5361300</LatitudeDegrees>
      <LongitudeDegrees>-70.9592600</LongitudeDegrees>
     </Position>
     <AltitudeMeters>335.6</AltitudeMeters>
     <DistanceMeters>96095.25137470802</DistanceMeters>
    </Trackpoint>
    <Trackpoint>
     <Time>2026-07-19T04:19:20+00:00</Time>
     <Position>
      <LatitudeDegrees>-33.5359300</LatitudeDegrees>
      <LongitudeDegrees>-70.9593000</LongitudeDegrees>
     </Position>
     <AltitudeMeters>335.6</AltitudeMeters>
     <DistanceMeters>96117.81769789431</DistanceMeters>
    </Trackpoint>
    <Trackpoint>
     <Time>2026-07-19T04:19:28+00:00</Time>
     <Position>
      <LatitudeDegrees>-33.5357400</LatitudeDegrees>
      <LongitudeDegrees>-70.9593200</LongitudeDegrees>
     </Position>
     <AltitudeMeters>334.34000000000003</AltitudeMeters>
     <DistanceMeters>96139.04511786699</DistanceMeters>
    </Trackpoint>
    <Trackpoint>
     <Time>2026-07-19T04:19:36+00:00</Time>
     <Position>
      <LatitudeDegrees>-33.5351650</LatitudeDegrees>
      <LongitudeDegrees>-70.9592450</LongitudeDegrees>
     </Position>
     <AltitudeMeters>333.02000000000004</AltitudeMeters>
     <DistanceMeters>96203.41723947498</DistanceMeters>
    </Trackpoint>
    <Trackpoint>
     <Time>2026-07-19T04:19:44+00:00</Time>
     <Position>
      <LatitudeDegrees>-33.5345900</LatitudeDegrees>
      <LongitudeDegrees>-70.9591700</LongitudeDegrees>
     </Position>
     <AltitudeMeters>329.64000000000004</AltitudeMeters>
     <DistanceMeters>96267.78939920985</DistanceMeters>
    </Trackpoint>
    <Trackpoint>
     <Time>2026-07-19T04:19:53+00:00</Time>
     <Position>
      <LatitudeDegrees>-33.5343900</LatitudeDegrees>
      <LongitudeDegrees>-70.9591600</LongitudeDegrees>
     </Position>
     <AltitudeMeters>329.64000000000004</AltitudeMeters>
     <DistanceMeters>96290.06785908426</DistanceMeters>
    </Trackpoint>
    <Trackpoint>
     <Time>2026-07-19T04:20:01+00:00</Time>
     <Position>
      <LatitudeDegrees>-33.5341000</LatitudeDegrees>
      <LongitudeDegrees>-70.9591700</LongitudeDegrees>
     </Position>
     <AltitudeMeters>326.41</AltitudeMeters>
     <DistanceMeters>96322.35693611683</DistanceMeters>
    </Trackpoint>
    <Trackpoint>
     <Time>2026-07-19T04:20:09+00:00</Time>
     <Position>
      <LatitudeDegrees>-33.5333450</LatitudeDegrees>
      <LongitudeDegrees>-70.9592650</LongitudeDegrees>
     </Position>
     <AltitudeMeters>324.75000000000006</AltitudeMeters>
     <DistanceMeters>96406.84609097635</DistanceMeters>
    </Trackpoint>
    <Trackpoint>
     <Time>2026-07-19T04:20:18+00:00</Time>
     <Position>
      <LatitudeDegrees>-33.5325900</LatitudeDegrees>
      <LongitudeDegrees>-70.9593600</LongitudeDegrees>
     </Position>
     <AltitudeMeters>321.33</AltitudeMeters>
     <DistanceMeters>96491.33527728844</DistanceMeters>
    </Trackpoint>
    <Trackpoint>
     <Time>2026-07-19T04:20:26+00:00</Time>
     <Position>
      <LatitudeDegrees>-33.5321900</LatitudeDegrees>
      <LongitudeDegrees>-70.9594400</LongitudeDegrees>
     </Position>
     <AltitudeMeters>320.06</AltitudeMeters>
     <DistanceMeters>96536.46797504726</DistanceMeters>
    </Trackpoint>
    <Trackpoint>
     <Time>2026-07-19T04:20:34+00:00</Time>
     <Position>
      <LatitudeDegrees>-33.5319200</LatitudeDegrees>
      <LongitudeDegrees>-70.9595700</LongitudeDegrees>
     </Position>
     <AltitudeMeters>318.03000000000003</AltitudeMeters>
     <DistanceMeters>96568.84774498598</DistanceMeters>
    </Trackpoint>
    <Trackpoint>
     <Time>2026-07-19T04:20:42+00:00</Time>
     <Position>
      <LatitudeDegrees>-33.5318100</LatitudeDegrees>
      <LongitudeDegrees>-70.9596600</LongitudeDegrees>
     </Position>
     <AltitudeMeters>318.03000000000003</AltitudeMeters>
     <DistanceMeters>96583.6665101357</DistanceMeters>
    </Trackpoint>
    <Trackpoint>
     <Time>2026-07-19T04:20:51+00:00</Time>
     <Position>
      <LatitudeDegrees>-33.5317200</LatitudeDegrees>
      <LongitudeDegrees>-70.9597500</LongitudeDegrees>
     </Position>
     <AltitudeMeters>316.42</AltitudeMeters>
     <DistanceMeters>96596.70679574547</DistanceMeters>
    </Trackpoint>
    <Trackpoint>
     <Time>2026-07-19T04:20:59+00:00</Time>
     <Position>
      <LatitudeDegrees>-33.5315700</LatitudeDegrees>
      <LongitudeDegrees>-70.9600300</LongitudeDegrees>
     </Position>
     <AltitudeMeters>314.57</AltitudeMeters>
     <DistanceMeters>96627.58543894437</DistanceMeters>
    </Trackpoint>
    <Trackpoint>
     <Time>2026-07-19T04:21:07+00:00</Time>
     <Position>
      <LatitudeDegrees>-33.5314800</LatitudeDegrees>
      <LongitudeDegrees>-70.9603300</LongitudeDegrees>
     </Position>
     <AltitudeMeters>314.57</AltitudeMeters>
     <DistanceMeters>96657.16524846309</DistanceMeters>
    </Trackpoint>
    <Trackpoint>
     <Time>2026-07-19T04:21:15+00:00</Time>
     <Position>
      <LatitudeDegrees>-33.5314800</LatitudeDegrees>
      <LongitudeDegrees>-70.9611000</LongitudeDegrees>
     </Position>
     <AltitudeMeters>311.37</AltitudeMeters>
     <DistanceMeters>96728.60132445257</DistanceMeters>
    </Trackpoint>
    <Trackpoint>
     <Time>2026-07-19T04:21:24+00:00</Time>
     <Position>
      <LatitudeDegrees>-33.5314300</LatitudeDegrees>
      <LongitudeDegrees>-70.9613200</LongitudeDegrees>
     </Position>
     <AltitudeMeters>311.37</AltitudeMeters>
     <DistanceMeters>96749.7566479141</DistanceMeters>
    </Trackpoint>
    <Trackpoint>
     <Time>2026-07-19T04:21:32+00:00</Time>
     <Position>
      <LatitudeDegrees>-33.5313400</LatitudeDegrees>
      <LongitudeDegrees>-70.9614900</LongitudeDegrees>
     </Position>
     <AltitudeMeters>310.07</AltitudeMeters>
     <DistanceMeters>96768.4402356249</DistanceMeters>
    </Trackpoint>
    <Trackpoint>
     <Time>2026-07-19T04:21:40+00:00</Time>
     <Position>
      <LatitudeDegrees>-33.5312500</LatitudeDegrees>
      <LongitudeDegrees>-70.9615900</LongitudeDegrees>
     </Position>
     <AltitudeMeters>310.07</AltitudeMeters>
     <DistanceMeters>96782.09319315429</DistanceMeters>
    </Trackpoint>
    <Trackpoint>
     <Time>2026-07-19T04:21:49+00:00</Time>
     <Position>
      <LatitudeDegrees>-33.5307800</LatitudeDegrees>
      <LongitudeDegrees>-70.9620000</LongitudeDegrees>
     </Position>
     <AltitudeMeters>307.04</AltitudeMeters>
     <DistanceMeters>96846.76998155826</DistanceMeters>
    </Trackpoint>
    <Trackpoint>
     <Time>2026-07-19T04:21:57+00:00</Time>
     <Position>
      <LatitudeDegrees>-33.5306500</LatitudeDegrees>
      <LongitudeDegrees>-70.9621700</LongitudeDegrees>
     </Position>
     <AltitudeMeters>304.97</AltitudeMeters>
     <DistanceMeters>96868.17286719264</DistanceMeters>
    </Trackpoint>
    <Trackpoint>
     <Time>2026-07-19T04:22:05+00:00</Time>
     <Position>
      <LatitudeDegrees>-33.5305800</LatitudeDegrees>
      <LongitudeDegrees>-70.9623000</LongitudeDegrees>
     </Position>
     <AltitudeMeters>304.97</AltitudeMeters>
     <DistanceMeters>96882.53102949291</DistanceMeters>
    </Trackpoint>
    <Trackpoint>
     <Time>2026-07-19T04:22:13+00:00</Time>
     <Position>
      <LatitudeDegrees>-33.5305600</LatitudeDegrees>
      <LongitudeDegrees>-70.9624900</LongitudeDegrees>
     </Position>
     <AltitudeMeters>304.43</AltitudeMeters>
     <DistanceMeters>96900.29828338967</DistanceMeters>
    </Trackpoint>
    <Trackpoint>
     <Time>2026-07-19T04:22:22+00:00</Time>
     <Position>
      <LatitudeDegrees>-33.5306550</LatitudeDegrees>
      <LongitudeDegrees>-70.9630400</LongitudeDegrees>
     </Position>
     <AltitudeMeters>301.17</AltitudeMeters>
     <DistanceMeters>96952.40844549944</DistanceMeters>
    </Trackpoint>
    <Trackpoint>
     <Time>2026-07-19T04:22:30+00:00</Time>
     <Position>
      <LatitudeDegrees>-33.5307500</LatitudeDegrees>
      <LongitudeDegrees>-70.9635900</LongitudeDegrees>
     </Position>
     <AltitudeMeters>297.67</AltitudeMeters>
     <DistanceMeters>97004.51860706358</DistanceMeters>
    </Trackpoint>
    <Trackpoint>
     <Time>2026-07-19T04:22:38+00:00</Time>
     <Position>
      <LatitudeDegrees>-33.5308300</LatitudeDegrees>
      <LongitudeDegrees>-70.9639600</LongitudeDegrees>
     </Position>
     <AltitudeMeters>294.82</AltitudeMeters>
     <DistanceMeters>97039.98122679198</DistanceMeters>
    </Trackpoint>
    <Trackpoint>
     <Time>2026-07-19T04:22:46+00:00</Time>
     <Position>
      <LatitudeDegrees>-33.5308300</LatitudeDegrees>
      <LongitudeDegrees>-70.9641800</LongitudeDegrees>
     </Position>
     <AltitudeMeters>292.16</AltitudeMeters>
     <DistanceMeters>97060.39168765707</DistanceMeters>
    </Trackpoint>
    <Trackpoint>
     <Time>2026-07-19T04:22:55+00:00</Time>
     <Position>
      <LatitudeDegrees>-33.5308300</LatitudeDegrees>
      <LongitudeDegrees>-70.9644100</LongitudeDegrees>
     </Position>
     <AltitudeMeters>290.84000000000003</AltitudeMeters>
     <DistanceMeters>97081.7298967436</DistanceMeters>
    </Trackpoint>
    <Trackpoint>
     <Time>2026-07-19T04:23:03+00:00</Time>
     <Position>
      <LatitudeDegrees>-33.5307800</LatitudeDegrees>
      <LongitudeDegrees>-70.9645400</LongitudeDegrees>
     </Position>
     <AltitudeMeters>289.58</AltitudeMeters>
     <DistanceMeters>97095.0125183795</DistanceMeters>
    </Trackpoint>
    <Trackpoint>
     <Time>2026-07-19T04:23:11+00:00</Time>
     <Position>
      <LatitudeDegrees>-33.5306300</LatitudeDegrees>
      <LongitudeDegrees>-70.9649000</LongitudeDegrees>
     </Position>
     <AltitudeMeters>287.3</AltitudeMeters>
     <DistanceMeters>97132.35141946882</DistanceMeters>
    </Trackpoint>
    <Trackpoint>
     <Time>2026-07-19T04:23:20+00:00</Time>
     <Position>
      <LatitudeDegrees>-33.5304200</LatitudeDegrees>
      <LongitudeDegrees>-70.9651200</LongitudeDegrees>
     </Position>
     <AltitudeMeters>286.62000000000006</AltitudeMeters>
     <DistanceMeters>97163.38115630498</DistanceMeters>
    </Trackpoint>
    <Trackpoint>
     <Time>2026-07-19T04:23:28+00:00</Time>
     <Position>
      <LatitudeDegrees>-33.5298140</LatitudeDegrees>
      <LongitudeDegrees>-70.9656080</LongitudeDegrees>
     </Position>
     <AltitudeMeters>279.51000000000005</AltitudeMeters>
     <DistanceMeters>97244.61347340253</DistanceMeters>
    </Trackpoint>
    <Trackpoint>
     <Time>2026-07-19T04:23:36+00:00</Time>
     <Position>
      <LatitudeDegrees>-33.5292080</LatitudeDegrees>
      <LongitudeDegrees>-70.9660960</LongitudeDegrees>
     </Position>
     <AltitudeMeters>274.45000000000005</AltitudeMeters>
     <DistanceMeters>97325.84579050196</DistanceMeters>
    </Trackpoint>
    <Trackpoint>
     <Time>2026-07-19T04:23:44+00:00</Time>
     <Position>
      <LatitudeDegrees>-33.5286020</LatitudeDegrees>
      <LongitudeDegrees>-70.9665840</LongitudeDegrees>
     </Position>
     <AltitudeMeters>271.43</AltitudeMeters>
     <DistanceMeters>97407.07810760092</DistanceMeters>
    </Trackpoint>
    <Trackpoint>
     <Time>2026-07-19T04:23:53+00:00</Time>
     <Position>
      <LatitudeDegrees>-33.5279960</LatitudeDegrees>
      <LongitudeDegrees>-70.9670720</LongitudeDegrees>
     </Position>
     <AltitudeMeters>270.36</AltitudeMeters>
     <DistanceMeters>97488.31042469924</DistanceMeters>
    </Trackpoint>
    <Trackpoint>
     <Time>2026-07-19T04:24:01+00:00</Time>
     <Position>
      <LatitudeDegrees>-33.5273900</LatitudeDegrees>
      <LongitudeDegrees>-70.9675600</LongitudeDegrees>
     </Position>
     <AltitudeMeters>268.78000000000003</AltitudeMeters>
     <DistanceMeters>97569.54273539195</DistanceMeters>
    </Trackpoint>
    <Trackpoint>
     <Time>2026-07-19T04:24:09+00:00</Time>
     <Position>
      <LatitudeDegrees>-33.5267600</LatitudeDegrees>
      <LongitudeDegrees>-70.9681100</LongitudeDegrees>
     </Position>
     <AltitudeMeters>266.55</AltitudeMeters>
     <DistanceMeters>97656.26174596048</DistanceMeters>
    </Trackpoint>
    <Trackpoint>
     <Time>2026-07-19T04:24:17+00:00</Time>
     <Position>
      <LatitudeDegrees>-33.5260700</LatitudeDegrees>
      <LongitudeDegrees>-70.9687800</LongitudeDegrees>
     </Position>
     <AltitudeMeters>263.94</AltitudeMeters>
     <DistanceMeters>97755.06223000764</DistanceMeters>
    </Trackpoint>
    <Trackpoint>
     <Time>2026-07-19T04:24:26+00:00</Time>
     <Position>
      <LatitudeDegrees>-33.5253800</LatitudeDegrees>
      <LongitudeDegrees>-70.9694500</LongitudeDegrees>
     </Position>
     <AltitudeMeters>261.45</AltitudeMeters>
     <DistanceMeters>97853.86271405697</DistanceMeters>
    </Trackpoint>
    <Trackpoint>
     <Time>2026-07-19T04:24:34+00:00</Time>
     <Position>
      <LatitudeDegrees>-33.5246900</LatitudeDegrees>
      <LongitudeDegrees>-70.9701200</LongitudeDegrees>
     </Position>
     <AltitudeMeters>259.3</AltitudeMeters>
     <DistanceMeters>97952.66318981351</DistanceMeters>
    </Trackpoint>
    <Trackpoint>
     <Time>2026-07-19T04:24:42+00:00</Time>
     <Position>
      <LatitudeDegrees>-33.5240050</LatitudeDegrees>
      <LongitudeDegrees>-70.9707775</LongitudeDegrees>
     </Position>
     <AltitudeMeters>255.48000000000005</AltitudeMeters>
     <DistanceMeters>98050.3040673808</DistanceMeters>
    </Trackpoint>
    <Trackpoint>
     <Time>2026-07-19T04:24:51+00:00</Time>
     <Position>
      <LatitudeDegrees>-33.5233200</LatitudeDegrees>
      <LongitudeDegrees>-70.9714350</LongitudeDegrees>
     </Position>
     <AltitudeMeters>253.87000000000003</AltitudeMeters>
     <DistanceMeters>98147.94494494882</DistanceMeters>
    </Trackpoint>
    <Trackpoint>
     <Time>2026-07-19T04:24:59+00:00</Time>
     <Position>
      <LatitudeDegrees>-33.5226350</LatitudeDegrees>
      <LongitudeDegrees>-70.9720925</LongitudeDegrees>
     </Position>
     <AltitudeMeters>250.74</AltitudeMeters>
     <DistanceMeters>98245.58582251664</DistanceMeters>
    </Trackpoint>
    <Trackpoint>
     <Time>2026-07-19T04:25:07+00:00</Time>
     <Position>
      <LatitudeDegrees>-33.5219500</LatitudeDegrees>
      <LongitudeDegrees>-70.9727500</LongitudeDegrees>
     </Position>
     <AltitudeMeters>249.18</AltitudeMeters>
     <DistanceMeters>98343.22670618353</DistanceMeters>
    </Trackpoint>
    <Trackpoint>
     <Time>2026-07-19T04:25:15+00:00</Time>
     <Position>
      <LatitudeDegrees>-33.5212686</LatitudeDegrees>
      <LongitudeDegrees>-70.9734115</LongitudeDegrees>
     </Position>
     <AltitudeMeters>247.19000000000003</AltitudeMeters>
     <DistanceMeters>98440.78809978742</DistanceMeters>
    </Trackpoint>
    <Trackpoint>
     <Time>2026-07-19T04:25:24+00:00</Time>
     <Position>
      <LatitudeDegrees>-33.5205872</LatitudeDegrees>
      <LongitudeDegrees>-70.9740729</LongitudeDegrees>
     </Position>
     <AltitudeMeters>245.48000000000002</AltitudeMeters>
     <DistanceMeters>98538.34949338954</DistanceMeters>
    </Trackpoint>
    <Trackpoint>
     <Time>2026-07-19T04:25:32+00:00</Time>
     <Position>
      <LatitudeDegrees>-33.5199057</LatitudeDegrees>
      <LongitudeDegrees>-70.9747343</LongitudeDegrees>
     </Position>
     <AltitudeMeters>243.29</AltitudeMeters>
     <DistanceMeters>98635.91088699276</DistanceMeters>
    </Trackpoint>
    <Trackpoint>
     <Time>2026-07-19T04:25:40+00:00</Time>
     <Position>
      <LatitudeDegrees>-33.5192243</LatitudeDegrees>
      <LongitudeDegrees>-70.9753958</LongitudeDegrees>
     </Position>
     <AltitudeMeters>241.58</AltitudeMeters>
     <DistanceMeters>98733.47228059664</DistanceMeters>
    </Trackpoint>
    <Trackpoint>
     <Time>2026-07-19T04:25:48+00:00</Time>
     <Position>
      <LatitudeDegrees>-33.5185429</LatitudeDegrees>
      <LongitudeDegrees>-70.9760572</LongitudeDegrees>
     </Position>
     <AltitudeMeters>239.78000000000003</AltitudeMeters>
     <DistanceMeters>98831.0336741989</DistanceMeters>
    </Trackpoint>
    <Trackpoint>
     <Time>2026-07-19T04:25:57+00:00</Time>
     <Position>
      <LatitudeDegrees>-33.5178614</LatitudeDegrees>
      <LongitudeDegrees>-70.9767186</LongitudeDegrees>
     </Position>
     <AltitudeMeters>238.20000000000002</AltitudeMeters>
     <DistanceMeters>98928.59506780177</DistanceMeters>
    </Trackpoint>
    <Trackpoint>
     <Time>2026-07-19T04:26:05+00:00</Time>
     <Position>
      <LatitudeDegrees>-33.5171800</LatitudeDegrees>
      <LongitudeDegrees>-70.9773800</LongitudeDegrees>
     </Position>
     <AltitudeMeters>237.17000000000002</AltitudeMeters>
     <DistanceMeters>99026.1564648477</DistanceMeters>
    </Trackpoint>
    <Trackpoint>
     <Time>2026-07-19T04:26:13+00:00</Time>
     <Position>
      <LatitudeDegrees>-33.5165700</LatitudeDegrees>
      <LongitudeDegrees>-70.9780200</LongitudeDegrees>
     </Position>
     <AltitudeMeters>235.56</AltitudeMeters>
     <DistanceMeters>99116.35477603093</DistanceMeters>
    </Trackpoint>
    <Trackpoint>
     <Time>2026-07-19T04:26:22+00:00</Time>
     <Position>
      <LatitudeDegrees>-33.5161900</LatitudeDegrees>
      <LongitudeDegrees>-70.9784700</LongitudeDegrees>
     </Position>
     <AltitudeMeters>234.87</AltitudeMeters>
     <DistanceMeters>99175.78690131255</DistanceMeters>
    </Trackpoint>
    <Trackpoint>
     <Time>2026-07-19T04:26:30+00:00</Time>
     <Position>
      <LatitudeDegrees>-33.5159000</LatitudeDegrees>
      <LongitudeDegrees>-70.9789100</LongitudeDegrees>
     </Position>
     <AltitudeMeters>233.58</AltitudeMeters>
     <DistanceMeters>99227.83151022981</DistanceMeters>
    </Trackpoint>
    <Trackpoint>
     <Time>2026-07-19T04:26:38+00:00</Time>
     <Position>
      <LatitudeDegrees>-33.5155333</LatitudeDegrees>
      <LongitudeDegrees>-70.9795167</LongitudeDegrees>
     </Position>
     <AltitudeMeters>232.72</AltitudeMeters>
     <DistanceMeters>99297.36049879096</DistanceMeters>
    </Trackpoint>
    <Trackpoint>
     <Time>2026-07-19T04:26:46+00:00</Time>
     <Position>
      <LatitudeDegrees>-33.5151667</LatitudeDegrees>
      <LongitudeDegrees>-70.9801233</LongitudeDegrees>
     </Position>
     <AltitudeMeters>231.97</AltitudeMeters>
     <DistanceMeters>99366.88948735323</DistanceMeters>
    </Trackpoint>
    <Trackpoint>
     <Time>2026-07-19T04:26:55+00:00</Time>
     <Position>
      <LatitudeDegrees>-33.5148000</LatitudeDegrees>
      <LongitudeDegrees>-70.9807300</LongitudeDegrees>
     </Position>
     <AltitudeMeters>230.92000000000002</AltitudeMeters>
     <DistanceMeters>99436.41849635415</DistanceMeters>
    </Trackpoint>
    <Trackpoint>
     <Time>2026-07-19T04:27:03+00:00</Time>
     <Position>
      <LatitudeDegrees>-33.5143600</LatitudeDegrees>
      <LongitudeDegrees>-70.9814875</LongitudeDegrees>
     </Position>
     <AltitudeMeters>229.67000000000002</AltitudeMeters>
     <DistanceMeters>99522.08557682442</DistanceMeters>
    </Trackpoint>
    <Trackpoint>
     <Time>2026-07-19T04:27:11+00:00</Time>
     <Position>
      <LatitudeDegrees>-33.5139200</LatitudeDegrees>
      <LongitudeDegrees>-70.9822450</LongitudeDegrees>
     </Position>
     <AltitudeMeters>228.5</AltitudeMeters>
     <DistanceMeters>99607.75265729507</DistanceMeters>
    </Trackpoint>
    <Trackpoint>
     <Time>2026-07-19T04:27:19+00:00</Time>
     <Position>
      <LatitudeDegrees>-33.5134800</LatitudeDegrees>
      <LongitudeDegrees>-70.9830025</LongitudeDegrees>
     </Position>
     <AltitudeMeters>227.39000000000001</AltitudeMeters>
     <DistanceMeters>99693.41973776426</DistanceMeters>
    </Trackpoint>
    <Trackpoint>
     <Time>2026-07-19T04:27:28+00:00</Time>
     <Position>
      <LatitudeDegrees>-33.5130400</LatitudeDegrees>
      <LongitudeDegrees>-70.9837600</LongitudeDegrees>
     </Position>
     <AltitudeMeters>226.55</AltitudeMeters>
     <DistanceMeters>99779.08681983604</DistanceMeters>
    </Trackpoint>
    <Trackpoint>
     <Time>2026-07-19T04:27:36+00:00</Time>
     <Position>
      <LatitudeDegrees>-33.5125814</LatitudeDegrees>
      <LongitudeDegrees>-70.9845300</LongitudeDegrees>
     </Position>
     <AltitudeMeters>225.53</AltitudeMeters>
     <DistanceMeters>99866.89488386591</DistanceMeters>
    </Trackpoint>
    <Trackpoint>
     <Time>2026-07-19T04:27:44+00:00</Time>
     <Position>
      <LatitudeDegrees>-33.5121229</LatitudeDegrees>
      <LongitudeDegrees>-70.9853000</LongitudeDegrees>
     </Position>
     <AltitudeMeters>224.05</AltitudeMeters>
     <DistanceMeters>99954.70294789676</DistanceMeters>
    </Trackpoint>
    <Trackpoint>
     <Time>2026-07-19T04:27:52+00:00</Time>
     <Position>
      <LatitudeDegrees>-33.5116643</LatitudeDegrees>
      <LongitudeDegrees>-70.9860700</LongitudeDegrees>
     </Position>
     <AltitudeMeters>223.07000000000002</AltitudeMeters>
     <DistanceMeters>100042.51101192732</DistanceMeters>
    </Trackpoint>
    <Trackpoint>
     <Time>2026-07-19T04:28:01+00:00</Time>
     <Position>
      <LatitudeDegrees>-33.5112057</LatitudeDegrees>
      <LongitudeDegrees>-70.9868400</LongitudeDegrees>
     </Position>
     <AltitudeMeters>221.81</AltitudeMeters>
     <DistanceMeters>100130.31907595826</DistanceMeters>
    </Trackpoint>
    <Trackpoint>
     <Time>2026-07-19T04:28:09+00:00</Time>
     <Position>
      <LatitudeDegrees>-33.5107472</LatitudeDegrees>
      <LongitudeDegrees>-70.9876100</LongitudeDegrees>
     </Position>
     <AltitudeMeters>220.94000000000003</AltitudeMeters>
     <DistanceMeters>100218.12713998937</DistanceMeters>
    </Trackpoint>
    <Trackpoint>
     <Time>2026-07-19T04:28:17+00:00</Time>
     <Position>
      <LatitudeDegrees>-33.5102886</LatitudeDegrees>
      <LongitudeDegrees>-70.9883800</LongitudeDegrees>
     </Position>
     <AltitudeMeters>219.64000000000001</AltitudeMeters>
     <DistanceMeters>100305.93520402058</DistanceMeters>
    </Trackpoint>
    <Trackpoint>
     <Time>2026-07-19T04:28:26+00:00</Time>
     <Position>
      <LatitudeDegrees>-33.5098300</LatitudeDegrees>
      <LongitudeDegrees>-70.9891500</LongitudeDegrees>
     </Position>
     <AltitudeMeters>218.53000000000003</AltitudeMeters>
     <DistanceMeters>100393.74326644785</DistanceMeters>
    </Trackpoint>
    <Trackpoint>
     <Time>2026-07-19T04:28:34+00:00</Time>
     <Position>
      <LatitudeDegrees>-33.5094000</LatitudeDegrees>
      <LongitudeDegrees>-70.9898800</LongitudeDegrees>
     </Position>
     <AltitudeMeters>216.77</AltitudeMeters>
     <DistanceMeters>100476.68503941424</DistanceMeters>
    </Trackpoint>
    <Trackpoint>
     <Time>2026-07-19T04:28:42+00:00</Time>
     <Position>
      <LatitudeDegrees>-33.5089700</LatitudeDegrees>
      <LongitudeDegrees>-70.9906100</LongitudeDegrees>
     </Position>
     <AltitudeMeters>216.10000000000002</AltitudeMeters>
     <DistanceMeters>100559.626827802</DistanceMeters>
    </Trackpoint>
    <Trackpoint>
     <Time>2026-07-19T04:28:50+00:00</Time>
     <Position>
      <LatitudeDegrees>-33.5085600</LatitudeDegrees>
      <LongitudeDegrees>-70.9913367</LongitudeDegrees>
     </Position>
     <AltitudeMeters>214.61</AltitudeMeters>
     <DistanceMeters>100641.04880564925</DistanceMeters>
    </Trackpoint>
    <Trackpoint>
     <Time>2026-07-19T04:28:59+00:00</Time>
     <Position>
      <LatitudeDegrees>-33.5081500</LatitudeDegrees>
      <LongitudeDegrees>-70.9920633</LongitudeDegrees>
     </Position>
     <AltitudeMeters>213.55</AltitudeMeters>
     <DistanceMeters>100722.47078349687</DistanceMeters>
    </Trackpoint>
    <Trackpoint>
     <Time>2026-07-19T04:29:07+00:00</Time>
     <Position>
      <LatitudeDegrees>-33.5077400</LatitudeDegrees>
      <LongitudeDegrees>-70.9927900</LongitudeDegrees>
     </Position>
     <AltitudeMeters>212.96</AltitudeMeters>
     <DistanceMeters>100803.89276138136</DistanceMeters>
    </Trackpoint>
    <Trackpoint>
     <Time>2026-07-19T04:29:15+00:00</Time>
     <Position>
      <LatitudeDegrees>-33.5072700</LatitudeDegrees>
      <LongitudeDegrees>-70.9935600</LongitudeDegrees>
     </Position>
     <AltitudeMeters>212.26</AltitudeMeters>
     <DistanceMeters>100892.44894663373</DistanceMeters>
    </Trackpoint>
    <Trackpoint>
     <Time>2026-07-19T04:29:23+00:00</Time>
     <Position>
      <LatitudeDegrees>-33.5068000</LatitudeDegrees>
      <LongitudeDegrees>-70.9943300</LongitudeDegrees>
     </Position>
     <AltitudeMeters>211.34000000000003</AltitudeMeters>
     <DistanceMeters>100981.00513879815</DistanceMeters>
    </Trackpoint>
    <Trackpoint>
     <Time>2026-07-19T04:29:32+00:00</Time>
     <Position>
      <LatitudeDegrees>-33.5063250</LatitudeDegrees>
      <LongitudeDegrees>-70.9951550</LongitudeDegrees>
     </Position>
     <AltitudeMeters>210.57</AltitudeMeters>
     <DistanceMeters>101074.04487856656</DistanceMeters>
    </Trackpoint>
    <Trackpoint>
     <Time>2026-07-19T04:29:40+00:00</Time>
     <Position>
      <LatitudeDegrees>-33.5058500</LatitudeDegrees>
      <LongitudeDegrees>-70.9959800</LongitudeDegrees>
     </Position>
     <AltitudeMeters>210.05</AltitudeMeters>
     <DistanceMeters>101167.08461833409</DistanceMeters>
    </Trackpoint>
    <Trackpoint>
     <Time>2026-07-19T04:29:48+00:00</Time>
     <Position>
      <LatitudeDegrees>-33.5053750</LatitudeDegrees>
      <LongitudeDegrees>-70.9968050</LongitudeDegrees>
     </Position>
     <AltitudeMeters>209.50000000000003</AltitudeMeters>
     <DistanceMeters>101260.12435810242</DistanceMeters>
    </Trackpoint>
    <Trackpoint>
     <Time>2026-07-19T04:29:57+00:00</Time>
     <Position>
      <LatitudeDegrees>-33.5049000</LatitudeDegrees>
      <LongitudeDegrees>-70.9976300</LongitudeDegrees>
     </Position>
     <AltitudeMeters>208.38</AltitudeMeters>
     <DistanceMeters>101353.16410260425</DistanceMeters>
    </Trackpoint>
    <Trackpoint>
     <Time>2026-07-19T04:30:05+00:00</Time>
     <Position>
      <LatitudeDegrees>-33.5046600</LatitudeDegrees>
      <LongitudeDegrees>-70.9979900</LongitudeDegrees>
     </Position>
     <AltitudeMeters>207.90000000000003</AltitudeMeters>
     <DistanceMeters>101395.93835302496</DistanceMeters>
    </Trackpoint>
    <Trackpoint>
     <Time>2026-07-19T04:30:13+00:00</Time>
     <Position>
      <LatitudeDegrees>-33.5041400</LatitudeDegrees>
      <LongitudeDegrees>-70.9986600</LongitudeDegrees>
     </Position>
     <AltitudeMeters>207.13</AltitudeMeters>
     <DistanceMeters>101480.88239661048</DistanceMeters>
    </Trackpoint>
    <Trackpoint>
     <Time>2026-07-19T04:30:21+00:00</Time>
     <Position>
      <LatitudeDegrees>-33.5035278</LatitudeDegrees>
      <LongitudeDegrees>-70.9992889</LongitudeDegrees>
     </Position>
     <AltitudeMeters>206.69</AltitudeMeters>
     <DistanceMeters>101570.59977404839</DistanceMeters>
    </Trackpoint>
    <Trackpoint>
     <Time>2026-07-19T04:30:30+00:00</Time>
     <Position>
      <LatitudeDegrees>-33.5029156</LatitudeDegrees>
      <LongitudeDegrees>-70.9999178</LongitudeDegrees>
     </Position>
     <AltitudeMeters>205.66</AltitudeMeters>
     <DistanceMeters>101660.31715148555</DistanceMeters>
    </Trackpoint>
    <Trackpoint>
     <Time>2026-07-19T04:30:38+00:00</Time>
     <Position>
      <LatitudeDegrees>-33.5023034</LatitudeDegrees>
      <LongitudeDegrees>-71.0005467</LongitudeDegrees>
     </Position>
     <AltitudeMeters>204.83</AltitudeMeters>
     <DistanceMeters>101750.03452892459</DistanceMeters>
    </Trackpoint>
    <Trackpoint>
     <Time>2026-07-19T04:30:46+00:00</Time>
     <Position>
      <LatitudeDegrees>-33.5016911</LatitudeDegrees>
      <LongitudeDegrees>-71.0011756</LongitudeDegrees>
     </Position>
     <AltitudeMeters>203.61</AltitudeMeters>
     <DistanceMeters>101839.75190636203</DistanceMeters>
    </Trackpoint>
    <Trackpoint>
     <Time>2026-07-19T04:30:54+00:00</Time>
     <Position>
      <LatitudeDegrees>-33.5010789</LatitudeDegrees>
      <LongitudeDegrees>-71.0018045</LongitudeDegrees>
     </Position>
     <AltitudeMeters>202.73000000000002</AltitudeMeters>
     <DistanceMeters>101929.46928380222</DistanceMeters>
    </Trackpoint>
    <Trackpoint>
     <Time>2026-07-19T04:31:03+00:00</Time>
     <Position>
      <LatitudeDegrees>-33.5004667</LatitudeDegrees>
      <LongitudeDegrees>-71.0024334</LongitudeDegrees>
     </Position>
     <AltitudeMeters>201.88</AltitudeMeters>
     <DistanceMeters>102019.18666124022</DistanceMeters>
    </Trackpoint>
    <Trackpoint>
     <Time>2026-07-19T04:31:11+00:00</Time>
     <Position>
      <LatitudeDegrees>-33.4998545</LatitudeDegrees>
      <LongitudeDegrees>-71.0030623</LongitudeDegrees>
     </Position>
     <AltitudeMeters>201.12</AltitudeMeters>
     <DistanceMeters>102108.90403867865</DistanceMeters>
    </Trackpoint>
    <Trackpoint>
     <Time>2026-07-19T04:31:19+00:00</Time>
     <Position>
      <LatitudeDegrees>-33.4992422</LatitudeDegrees>
      <LongitudeDegrees>-71.0036911</LongitudeDegrees>
     </Position>
     <AltitudeMeters>200.45000000000002</AltitudeMeters>
     <DistanceMeters>102198.62141611688</DistanceMeters>
    </Trackpoint>
    <Trackpoint>
     <Time>2026-07-19T04:31:28+00:00</Time>
     <Position>
      <LatitudeDegrees>-33.4986300</LatitudeDegrees>
      <LongitudeDegrees>-71.0043200</LongitudeDegrees>
     </Position>
     <AltitudeMeters>199.41</AltitudeMeters>
     <DistanceMeters>102288.33880364263</DistanceMeters>
    </Trackpoint>
    <Trackpoint>
     <Time>2026-07-19T04:31:36+00:00</Time>
     <Position>
      <LatitudeDegrees>-33.4981767</LatitudeDegrees>
      <LongitudeDegrees>-71.0047967</LongitudeDegrees>
     </Position>
     <AltitudeMeters>198.60000000000002</AltitudeMeters>
     <DistanceMeters>102355.44127399594</DistanceMeters>
    </Trackpoint>
    <Trackpoint>
     <Time>2026-07-19T04:31:44+00:00</Time>
     <Position>
      <LatitudeDegrees>-33.4977233</LatitudeDegrees>
      <LongitudeDegrees>-71.0052733</LongitudeDegrees>
     </Position>
     <AltitudeMeters>198.08</AltitudeMeters>
     <DistanceMeters>102422.5437443498</DistanceMeters>
    </Trackpoint>
    <Trackpoint>
     <Time>2026-07-19T04:31:52+00:00</Time>
     <Position>
      <LatitudeDegrees>-33.4972700</LatitudeDegrees>
      <LongitudeDegrees>-71.0057500</LongitudeDegrees>
     </Position>
     <AltitudeMeters>197.81</AltitudeMeters>
     <DistanceMeters>102489.64621221602</DistanceMeters>
    </Trackpoint>
    <Trackpoint>
     <Time>2026-07-19T04:32:01+00:00</Time>
     <Position>
      <LatitudeDegrees>-33.4965913</LatitudeDegrees>
      <LongitudeDegrees>-71.0064375</LongitudeDegrees>
     </Position>
     <AltitudeMeters>196.86</AltitudeMeters>
     <DistanceMeters>102588.53114200509</DistanceMeters>
    </Trackpoint>
    <Trackpoint>
     <Time>2026-07-19T04:32:09+00:00</Time>
     <Position>
      <LatitudeDegrees>-33.4959125</LatitudeDegrees>
      <LongitudeDegrees>-71.0071251</LongitudeDegrees>
     </Position>
     <AltitudeMeters>195.78</AltitudeMeters>
     <DistanceMeters>102687.41607179522</DistanceMeters>
    </Trackpoint>
    <Trackpoint>
     <Time>2026-07-19T04:32:17+00:00</Time>
     <Position>
      <LatitudeDegrees>-33.4952338</LatitudeDegrees>
      <LongitudeDegrees>-71.0078126</LongitudeDegrees>
     </Position>
     <AltitudeMeters>195.24</AltitudeMeters>
     <DistanceMeters>102786.30100158369</DistanceMeters>
    </Trackpoint>
    <Trackpoint>
     <Time>2026-07-19T04:32:25+00:00</Time>
     <Position>
      <LatitudeDegrees>-33.4945550</LatitudeDegrees>
      <LongitudeDegrees>-71.0085001</LongitudeDegrees>
     </Position>
     <AltitudeMeters>194.18</AltitudeMeters>
     <DistanceMeters>102885.18593137307</DistanceMeters>
    </Trackpoint>
    <Trackpoint>
     <Time>2026-07-19T04:32:34+00:00</Time>
     <Position>
      <LatitudeDegrees>-33.4938763</LatitudeDegrees>
      <LongitudeDegrees>-71.0091876</LongitudeDegrees>
     </Position>
     <AltitudeMeters>193.01000000000002</AltitudeMeters>
     <DistanceMeters>102984.07086116089</DistanceMeters>
    </Trackpoint>
    <Trackpoint>
     <Time>2026-07-19T04:32:42+00:00</Time>
     <Position>
      <LatitudeDegrees>-33.4931975</LatitudeDegrees>
      <LongitudeDegrees>-71.0098751</LongitudeDegrees>
     </Position>
     <AltitudeMeters>192.17000000000002</AltitudeMeters>
     <DistanceMeters>103082.95579095093</DistanceMeters>
    </Trackpoint>
    <Trackpoint>
     <Time>2026-07-19T04:32:50+00:00</Time>
     <Position>
      <LatitudeDegrees>-33.4925188</LatitudeDegrees>
      <LongitudeDegrees>-71.0105625</LongitudeDegrees>
     </Position>
     <AltitudeMeters>191.29000000000002</AltitudeMeters>
     <DistanceMeters>103181.84072074073</DistanceMeters>
    </Trackpoint>
    <Trackpoint>
     <Time>2026-07-19T04:32:59+00:00</Time>
     <Position>
      <LatitudeDegrees>-33.4918400</LatitudeDegrees>
      <LongitudeDegrees>-71.0112500</LongitudeDegrees>
     </Position>
     <AltitudeMeters>191.08</AltitudeMeters>
     <DistanceMeters>103280.72564884923</DistanceMeters>
    </Trackpoint>
    <Trackpoint>
     <Time>2026-07-19T04:33:07+00:00</Time>
     <Position>
      <LatitudeDegrees>-33.4919267</LatitudeDegrees>
      <LongitudeDegrees>-71.0120300</LongitudeDegrees>
     </Position>
     <AltitudeMeters>190.31</AltitudeMeters>
     <DistanceMeters>103353.76225066293</DistanceMeters>
    </Trackpoint>
    <Trackpoint>
     <Time>2026-07-19T04:33:15+00:00</Time>
     <Position>
      <LatitudeDegrees>-33.4920133</LatitudeDegrees>
      <LongitudeDegrees>-71.0128100</LongitudeDegrees>
     </Position>
     <AltitudeMeters>189.64</AltitudeMeters>
     <DistanceMeters>103426.79885247747</DistanceMeters>
    </Trackpoint>
    <Trackpoint>
     <Time>2026-07-19T04:33:23+00:00</Time>
     <Position>
      <LatitudeDegrees>-33.4921000</LatitudeDegrees>
      <LongitudeDegrees>-71.0135900</LongitudeDegrees>
     </Position>
     <AltitudeMeters>189.55</AltitudeMeters>
     <DistanceMeters>103499.83544152911</DistanceMeters>
    </Trackpoint>
    <Trackpoint>
     <Time>2026-07-19T04:33:32+00:00</Time>
     <Position>
      <LatitudeDegrees>-33.4921600</LatitudeDegrees>
      <LongitudeDegrees>-71.0142150</LongitudeDegrees>
     </Position>
     <AltitudeMeters>189.15</AltitudeMeters>
     <DistanceMeters>103558.22868948226</DistanceMeters>
    </Trackpoint>
    <Trackpoint>
     <Time>2026-07-19T04:33:40+00:00</Time>
     <Position>
      <LatitudeDegrees>-33.4922200</LatitudeDegrees>
      <LongitudeDegrees>-71.0148400</LongitudeDegrees>
     </Position>
     <AltitudeMeters>189.10000000000002</AltitudeMeters>
     <DistanceMeters>103616.6219753553</DistanceMeters>
    </Trackpoint>
    <Trackpoint>
     <Time>2026-07-19T04:33:48+00:00</Time>
     <Position>
      <LatitudeDegrees>-33.4923667</LatitudeDegrees>
      <LongitudeDegrees>-71.0158933</LongitudeDegrees>
     </Position>
     <AltitudeMeters>188.75000000000003</AltitudeMeters>
     <DistanceMeters>103715.74148304207</DistanceMeters>
    </Trackpoint>
    <Trackpoint>
     <Time>2026-07-19T04:33:56+00:00</Time>
     <Position>
      <LatitudeDegrees>-33.4925133</LatitudeDegrees>
      <LongitudeDegrees>-71.0169467</LongitudeDegrees>
     </Position>
     <AltitudeMeters>188.48000000000002</AltitudeMeters>
     <DistanceMeters>103814.86099072956</DistanceMeters>
    </Trackpoint>
    <Trackpoint>
     <Time>2026-07-19T04:34:05+00:00</Time>
     <Position>
      <LatitudeDegrees>-33.4926600</LatitudeDegrees>
      <LongitudeDegrees>-71.0180000</LongitudeDegrees>
     </Position>
     <AltitudeMeters>187.92</AltitudeMeters>
     <DistanceMeters>103913.98051989477</DistanceMeters>
    </Trackpoint>
    <Trackpoint>
     <Time>2026-07-19T04:34:13+00:00</Time>
     <Position>
      <LatitudeDegrees>-33.4926950</LatitudeDegrees>
      <LongitudeDegrees>-71.0186950</LongitudeDegrees>
     </Position>
     <AltitudeMeters>187.60000000000002</AltitudeMeters>
     <DistanceMeters>103978.60491928592</DistanceMeters>
    </Trackpoint>
    <Trackpoint>
     <Time>2026-07-19T04:34:21+00:00</Time>
     <Position>
      <LatitudeDegrees>-33.4927300</LatitudeDegrees>
      <LongitudeDegrees>-71.0193900</LongitudeDegrees>
     </Position>
     <AltitudeMeters>187.45</AltitudeMeters>
     <DistanceMeters>104043.22938356028</DistanceMeters>
    </Trackpoint>
    <Trackpoint>
     <Time>2026-07-19T04:34:30+00:00</Time>
     <Position>
      <LatitudeDegrees>-33.4927300</LatitudeDegrees>
      <LongitudeDegrees>-71.0203700</LongitudeDegrees>
     </Position>
     <AltitudeMeters>187.15</AltitudeMeters>
     <DistanceMeters>104134.18875264545</DistanceMeters>
    </Trackpoint>
    <Trackpoint>
     <Time>2026-07-19T04:34:38+00:00</Time>
     <Position>
      <LatitudeDegrees>-33.4926950</LatitudeDegrees>
      <LongitudeDegrees>-71.0212450</LongitudeDegrees>
     </Position>
     <AltitudeMeters>186.71</AltitudeMeters>
     <DistanceMeters>104215.49585769161</DistanceMeters>
    </Trackpoint>
    <Trackpoint>
     <Time>2026-07-19T04:34:46+00:00</Time>
     <Position>
      <LatitudeDegrees>-33.4926600</LatitudeDegrees>
      <LongitudeDegrees>-71.0221200</LongitudeDegrees>
     </Position>
     <AltitudeMeters>186.61</AltitudeMeters>
     <DistanceMeters>104296.80299285553</DistanceMeters>
    </Trackpoint>
    <Trackpoint>
     <Time>2026-07-19T04:34:54+00:00</Time>
     <Position>
      <LatitudeDegrees>-33.4926050</LatitudeDegrees>
      <LongitudeDegrees>-71.0227650</LongitudeDegrees>
     </Position>
     <AltitudeMeters>186.07000000000002</AltitudeMeters>
     <DistanceMeters>104356.98131467808</DistanceMeters>
    </Trackpoint>
    <Trackpoint>
     <Time>2026-07-19T04:35:03+00:00</Time>
     <Position>
      <LatitudeDegrees>-33.4925500</LatitudeDegrees>
      <LongitudeDegrees>-71.0234100</LongitudeDegrees>
     </Position>
     <AltitudeMeters>185.94000000000003</AltitudeMeters>
     <DistanceMeters>104417.15966229871</DistanceMeters>
    </Trackpoint>
    <Trackpoint>
     <Time>2026-07-19T04:35:11+00:00</Time>
     <Position>
      <LatitudeDegrees>-33.4924533</LatitudeDegrees>
      <LongitudeDegrees>-71.0241967</LongitudeDegrees>
     </Position>
     <AltitudeMeters>185.51</AltitudeMeters>
     <DistanceMeters>104490.9632976759</DistanceMeters>
    </Trackpoint>
    <Trackpoint>
     <Time>2026-07-19T04:35:19+00:00</Time>
     <Position>
      <LatitudeDegrees>-33.4923567</LatitudeDegrees>
      <LongitudeDegrees>-71.0249833</LongitudeDegrees>
     </Position>
     <AltitudeMeters>184.46</AltitudeMeters>
     <DistanceMeters>104564.76693305245</DistanceMeters>
    </Trackpoint>
    <Trackpoint>
     <Time>2026-07-19T04:35:27+00:00</Time>
     <Position>
      <LatitudeDegrees>-33.4922600</LatitudeDegrees>
      <LongitudeDegrees>-71.0257700</LongitudeDegrees>
     </Position>
     <AltitudeMeters>183.72000000000003</AltitudeMeters>
     <DistanceMeters>104638.57059469692</DistanceMeters>
    </Trackpoint>
    <Trackpoint>
     <Time>2026-07-19T04:35:36+00:00</Time>
     <Position>
      <LatitudeDegrees>-33.4921207</LatitudeDegrees>
      <LongitudeDegrees>-71.0268247</LongitudeDegrees>
     </Position>
     <AltitudeMeters>183.01</AltitudeMeters>
     <DistanceMeters>104737.6825697685</DistanceMeters>
    </Trackpoint>
    <Trackpoint>
     <Time>2026-07-19T04:35:44+00:00</Time>
     <Position>
      <LatitudeDegrees>-33.4919814</LatitudeDegrees>
      <LongitudeDegrees>-71.0278794</LongitudeDegrees>
     </Position>
     <AltitudeMeters>182.08</AltitudeMeters>
     <DistanceMeters>104836.79454483921</DistanceMeters>
    </Trackpoint>
    <Trackpoint>
     <Time>2026-07-19T04:35:52+00:00</Time>
     <Position>
      <LatitudeDegrees>-33.4918422</LatitudeDegrees>
      <LongitudeDegrees>-71.0289341</LongitudeDegrees>
     </Position>
     <AltitudeMeters>181.88000000000002</AltitudeMeters>
     <DistanceMeters>104935.90651990821</DistanceMeters>
    </Trackpoint>
    <Trackpoint>
     <Time>2026-07-19T04:36:01+00:00</Time>
     <Position>
      <LatitudeDegrees>-33.4917029</LatitudeDegrees>
      <LongitudeDegrees>-71.0299887</LongitudeDegrees>
     </Position>
     <AltitudeMeters>181.08</AltitudeMeters>
     <DistanceMeters>105035.01849497964</DistanceMeters>
    </Trackpoint>
    <Trackpoint>
     <Time>2026-07-19T04:36:09+00:00</Time>
     <Position>
      <LatitudeDegrees>-33.4915636</LatitudeDegrees>
      <LongitudeDegrees>-71.0310434</LongitudeDegrees>
     </Position>
     <AltitudeMeters>180.75000000000003</AltitudeMeters>
     <DistanceMeters>105134.13047005015</DistanceMeters>
    </Trackpoint>
    <Trackpoint>
     <Time>2026-07-19T04:36:17+00:00</Time>
     <Position>
      <LatitudeDegrees>-33.4914242</LatitudeDegrees>
      <LongitudeDegrees>-71.0320981</LongitudeDegrees>
     </Position>
     <AltitudeMeters>179.99</AltitudeMeters>
     <DistanceMeters>105233.24244512127</DistanceMeters>
    </Trackpoint>
    <Trackpoint>
     <Time>2026-07-19T04:36:25+00:00</Time>
     <Position>
      <LatitudeDegrees>-33.4912849</LatitudeDegrees>
      <LongitudeDegrees>-71.0331528</LongitudeDegrees>
     </Position>
     <AltitudeMeters>179.71</AltitudeMeters>
     <DistanceMeters>105332.35442019084</DistanceMeters>
    </Trackpoint>
    <Trackpoint>
     <Time>2026-07-19T04:36:34+00:00</Time>
     <Position>
      <LatitudeDegrees>-33.4911456</LatitudeDegrees>
      <LongitudeDegrees>-71.0342074</LongitudeDegrees>
     </Position>
     <AltitudeMeters>179.20000000000002</AltitudeMeters>
     <DistanceMeters>105431.46639526192</DistanceMeters>
    </Trackpoint>
    <Trackpoint>
     <Time>2026-07-19T04:36:42+00:00</Time>
     <Position>
      <LatitudeDegrees>-33.4910062</LatitudeDegrees>
      <LongitudeDegrees>-71.0352621</LongitudeDegrees>
     </Position>
     <AltitudeMeters>178.79</AltitudeMeters>
     <DistanceMeters>105530.57837033209</DistanceMeters>
    </Trackpoint>
    <Trackpoint>
     <Time>2026-07-19T04:36:50+00:00</Time>
     <Position>
      <LatitudeDegrees>-33.4908669</LatitudeDegrees>
      <LongitudeDegrees>-71.0363168</LongitudeDegrees>
     </Position>
     <AltitudeMeters>178.63</AltitudeMeters>
     <DistanceMeters>105629.6903454042</DistanceMeters>
    </Trackpoint>
    <Trackpoint>
     <Time>2026-07-19T04:36:58+00:00</Time>
     <Position>
      <LatitudeDegrees>-33.4907275</LatitudeDegrees>
      <LongitudeDegrees>-71.0373714</LongitudeDegrees>
     </Position>
     <AltitudeMeters>178.29</AltitudeMeters>
     <DistanceMeters>105728.80232047386</DistanceMeters>
    </Trackpoint>
    <Trackpoint>
     <Time>2026-07-19T04:37:07+00:00</Time>
     <Position>
      <LatitudeDegrees>-33.4905882</LatitudeDegrees>
      <LongitudeDegrees>-71.0384261</LongitudeDegrees>
     </Position>
     <AltitudeMeters>177.83</AltitudeMeters>
     <DistanceMeters>105827.91429554361</DistanceMeters>
    </Trackpoint>
    <Trackpoint>
     <Time>2026-07-19T04:37:15+00:00</Time>
     <Position>
      <LatitudeDegrees>-33.4904488</LatitudeDegrees>
      <LongitudeDegrees>-71.0394807</LongitudeDegrees>
     </Position>
     <AltitudeMeters>177.52</AltitudeMeters>
     <DistanceMeters>105927.02627061403</DistanceMeters>
    </Trackpoint>
    <Trackpoint>
     <Time>2026-07-19T04:37:23+00:00</Time>
     <Position>
      <LatitudeDegrees>-33.4903094</LatitudeDegrees>
      <LongitudeDegrees>-71.0405354</LongitudeDegrees>
     </Position>
     <AltitudeMeters>177.55</AltitudeMeters>
     <DistanceMeters>106026.1382456856</DistanceMeters>
    </Trackpoint>
    <Trackpoint>
     <Time>2026-07-19T04:37:31+00:00</Time>
     <Position>
      <LatitudeDegrees>-33.4901700</LatitudeDegrees>
      <LongitudeDegrees>-71.0415900</LongitudeDegrees>
     </Position>
     <AltitudeMeters>177.73000000000002</AltitudeMeters>
     <DistanceMeters>106125.25021970602</DistanceMeters>
    </Trackpoint>
    <Trackpoint>
     <Time>2026-07-19T04:37:40+00:00</Time>
     <Position>
      <LatitudeDegrees>-33.4900950</LatitudeDegrees>
      <LongitudeDegrees>-71.0421950</LongitudeDegrees>
     </Position>
     <AltitudeMeters>177.57</AltitudeMeters>
     <DistanceMeters>106182.02241568263</DistanceMeters>
    </Trackpoint>
    <Trackpoint>
     <Time>2026-07-19T04:37:48+00:00</Time>
     <Position>
      <LatitudeDegrees>-33.4900200</LatitudeDegrees>
      <LongitudeDegrees>-71.0428000</LongitudeDegrees>
     </Position>
     <AltitudeMeters>177.49</AltitudeMeters>
     <DistanceMeters>106238.79459828747</DistanceMeters>
    </Trackpoint>
    <Trackpoint>
     <Time>2026-07-19T04:37:56+00:00</Time>
     <Position>
      <LatitudeDegrees>-33.4899500</LatitudeDegrees>
      <LongitudeDegrees>-71.0436100</LongitudeDegrees>
     </Position>
     <AltitudeMeters>177.68</AltitudeMeters>
     <DistanceMeters>106314.38025455085</DistanceMeters>
    </Trackpoint>
    <Trackpoint>
     <Time>2026-07-19T04:38:05+00:00</Time>
     <Position>
      <LatitudeDegrees>-33.4898200</LatitudeDegrees>
      <LongitudeDegrees>-71.0439200</LongitudeDegrees>
     </Position>
     <AltitudeMeters>177.71</AltitudeMeters>
     <DistanceMeters>106346.5868948053</DistanceMeters>
    </Trackpoint>
    <Trackpoint>
     <Time>2026-07-19T04:38:13+00:00</Time>
     <Position>
      <LatitudeDegrees>-33.4895300</LatitudeDegrees>
      <LongitudeDegrees>-71.0441900</LongitudeDegrees>
     </Position>
     <AltitudeMeters>177.89000000000001</AltitudeMeters>
     <DistanceMeters>106387.44987935293</DistanceMeters>
    </Trackpoint>
    <Trackpoint>
     <Time>2026-07-19T04:38:21+00:00</Time>
     <Position>
      <LatitudeDegrees>-33.4888367</LatitudeDegrees>
      <LongitudeDegrees>-71.0446633</LongitudeDegrees>
     </Position>
     <AltitudeMeters>177.67000000000002</AltitudeMeters>
     <DistanceMeters>106476.24579137603</DistanceMeters>
    </Trackpoint>
    <Trackpoint>
     <Time>2026-07-19T04:38:29+00:00</Time>
     <Position>
      <LatitudeDegrees>-33.4881433</LatitudeDegrees>
      <LongitudeDegrees>-71.0451367</LongitudeDegrees>
     </Position>
     <AltitudeMeters>177.13</AltitudeMeters>
     <DistanceMeters>106565.04170339907</DistanceMeters>
    </Trackpoint>
    <Trackpoint>
     <Time>2026-07-19T04:38:38+00:00</Time>
     <Position>
      <LatitudeDegrees>-33.4874500</LatitudeDegrees>
      <LongitudeDegrees>-71.0456100</LongitudeDegrees>
     </Position>
     <AltitudeMeters>176.48000000000002</AltitudeMeters>
     <DistanceMeters>106653.83761581736</DistanceMeters>
    </Trackpoint>
    <Trackpoint>
     <Time>2026-07-19T04:38:46+00:00</Time>
     <Position>
      <LatitudeDegrees>-33.4872400</LatitudeDegrees>
      <LongitudeDegrees>-71.0458000</LongitudeDegrees>
     </Position>
     <AltitudeMeters>176.35</AltitudeMeters>
     <DistanceMeters>106683.11706093333</DistanceMeters>
    </Trackpoint>
    <Trackpoint>
     <Time>2026-07-19T04:38:54+00:00</Time>
     <Position>
      <LatitudeDegrees>-33.4871100</LatitudeDegrees>
      <LongitudeDegrees>-71.0459800</LongitudeDegrees>
     </Position>
     <AltitudeMeters>176.35</AltitudeMeters>
     <DistanceMeters>106705.21885838224</DistanceMeters>
    </Trackpoint>
    <Trackpoint>
     <Time>2026-07-19T04:39:02+00:00</Time>
     <Position>
      <LatitudeDegrees>-33.4870400</LatitudeDegrees>
      <LongitudeDegrees>-71.0461100</LongitudeDegrees>
     </Position>
     <AltitudeMeters>176.31000000000003</AltitudeMeters>
     <DistanceMeters>106719.58211969504</DistanceMeters>
    </Trackpoint>
    <Trackpoint>
     <Time>2026-07-19T04:39:11+00:00</Time>
     <Position>
      <LatitudeDegrees>-33.4870000</LatitudeDegrees>
      <LongitudeDegrees>-71.0462500</LongitudeDegrees>
     </Position>
     <AltitudeMeters>176.31000000000003</AltitudeMeters>
     <DistanceMeters>106733.31857310874</DistanceMeters>
    </Trackpoint>
    <Trackpoint>
     <Time>2026-07-19T04:39:19+00:00</Time>
     <Position>
      <LatitudeDegrees>-33.4869500</LatitudeDegrees>
      <LongitudeDegrees>-71.0464300</LongitudeDegrees>
     </Position>
     <AltitudeMeters>176.29</AltitudeMeters>
     <DistanceMeters>106750.92885001734</DistanceMeters>
    </Trackpoint>
    <Trackpoint>
     <Time>2026-07-19T04:39:27+00:00</Time>
     <Position>
      <LatitudeDegrees>-33.4869500</LatitudeDegrees>
      <LongitudeDegrees>-71.0467400</LongitudeDegrees>
     </Position>
     <AltitudeMeters>176.24</AltitudeMeters>
     <DistanceMeters>106779.70363218444</DistanceMeters>
    </Trackpoint>
    <Trackpoint>
     <Time>2026-07-19T04:39:36+00:00</Time>
     <Position>
      <LatitudeDegrees>-33.4870000</LatitudeDegrees>
      <LongitudeDegrees>-71.0470100</LongitudeDegrees>
     </Position>
     <AltitudeMeters>176.12000000000003</AltitudeMeters>
     <DistanceMeters>106805.37590600214</DistanceMeters>
    </Trackpoint>
    <Trackpoint>
     <Time>2026-07-19T04:39:44+00:00</Time>
     <Position>
      <LatitudeDegrees>-33.4874000</LatitudeDegrees>
      <LongitudeDegrees>-71.0477700</LongitudeDegrees>
     </Position>
     <AltitudeMeters>175.40000000000003</AltitudeMeters>
     <DistanceMeters>106888.79288404035</DistanceMeters>
    </Trackpoint>
    <Trackpoint>
     <Time>2026-07-19T04:39:52+00:00</Time>
     <Position>
      <LatitudeDegrees>-33.4877800</LatitudeDegrees>
      <LongitudeDegrees>-71.0482600</LongitudeDegrees>
     </Position>
     <AltitudeMeters>175.48000000000002</AltitudeMeters>
     <DistanceMeters>106950.89997561584</DistanceMeters>
    </Trackpoint>
    <Trackpoint>
     <Time>2026-07-19T04:40:00+00:00</Time>
     <Position>
      <LatitudeDegrees>-33.4879800</LatitudeDegrees>
      <LongitudeDegrees>-71.0484000</LongitudeDegrees>
     </Position>
     <AltitudeMeters>175.56000000000003</AltitudeMeters>
     <DistanceMeters>106976.67471448708</DistanceMeters>
    </Trackpoint>
    <Trackpoint>
     <Time>2026-07-19T04:40:09+00:00</Time>
     <Position>
      <LatitudeDegrees>-33.4881800</LatitudeDegrees>
      <LongitudeDegrees>-71.0484800</LongitudeDegrees>
     </Position>
     <AltitudeMeters>175.86</AltitudeMeters>
     <DistanceMeters>107000.13978338009</DistanceMeters>
    </Trackpoint>
    <Trackpoint>
     <Time>2026-07-19T04:40:17+00:00</Time>
     <Position>
      <LatitudeDegrees>-33.4884100</LatitudeDegrees>
      <LongitudeDegrees>-71.0484900</LongitudeDegrees>
     </Position>
     <AltitudeMeters>175.88</AltitudeMeters>
     <DistanceMeters>107025.75461284314</DistanceMeters>
    </Trackpoint>
    <Trackpoint>
     <Time>2026-07-19T04:40:25+00:00</Time>
     <Position>
      <LatitudeDegrees>-33.4885900</LatitudeDegrees>
      <LongitudeDegrees>-71.0484400</LongitudeDegrees>
     </Position>
     <AltitudeMeters>175.84000000000003</AltitudeMeters>
     <DistanceMeters>107046.31839112609</DistanceMeters>
    </Trackpoint>
    <Trackpoint>
     <Time>2026-07-19T04:40:33+00:00</Time>
     <Position>
      <LatitudeDegrees>-33.4887900</LatitudeDegrees>
      <LongitudeDegrees>-71.0483600</LongitudeDegrees>
     </Position>
     <AltitudeMeters>175.76000000000002</AltitudeMeters>
     <DistanceMeters>107069.78344346695</DistanceMeters>
    </Trackpoint>
    <Trackpoint>
     <Time>2026-07-19T04:40:42+00:00</Time>
     <Position>
      <LatitudeDegrees>-33.4894800</LatitudeDegrees>
      <LongitudeDegrees>-71.0480200</LongitudeDegrees>
     </Position>
     <AltitudeMeters>175.15000000000003</AltitudeMeters>
     <DistanceMeters>107152.8091577239</DistanceMeters>
    </Trackpoint>
    <Trackpoint>
     <Time>2026-07-19T04:40:50+00:00</Time>
     <Position>
      <LatitudeDegrees>-33.4899600</LatitudeDegrees>
      <LongitudeDegrees>-71.0477900</LongitudeDegrees>
     </Position>
     <AltitudeMeters>175.04</AltitudeMeters>
     <DistanceMeters>107210.33871985128</DistanceMeters>
    </Trackpoint>
    <Trackpoint>
     <Time>2026-07-19T04:40:58+00:00</Time>
     <Position>
      <LatitudeDegrees>-33.4904400</LatitudeDegrees>
      <LongitudeDegrees>-71.0475600</LongitudeDegrees>
     </Position>
     <AltitudeMeters>174.91</AltitudeMeters>
     <DistanceMeters>107267.8683020681</DistanceMeters>
    </Trackpoint>
    <Trackpoint>
     <Time>2026-07-19T04:41:07+00:00</Time>
     <Position>
      <LatitudeDegrees>-33.4906200</LatitudeDegrees>
      <LongitudeDegrees>-71.0475100</LongitudeDegrees>
     </Position>
     <AltitudeMeters>174.91</AltitudeMeters>
     <DistanceMeters>107288.43205579853</DistanceMeters>
    </Trackpoint>
    <Trackpoint>
     <Time>2026-07-19T04:41:15+00:00</Time>
     <Position>
      <LatitudeDegrees>-33.4908200</LatitudeDegrees>
      <LongitudeDegrees>-71.0475000</LongitudeDegrees>
     </Position>
     <AltitudeMeters>174.89000000000001</AltitudeMeters>
     <DistanceMeters>107310.71053522549</DistanceMeters>
    </Trackpoint>
    <Trackpoint>
     <Time>2026-07-19T04:41:23+00:00</Time>
     <Position>
      <LatitudeDegrees>-33.4912000</LatitudeDegrees>
      <LongitudeDegrees>-71.0476000</LongitudeDegrees>
     </Position>
     <AltitudeMeters>175.0</AltitudeMeters>
     <DistanceMeters>107354.00943236078</DistanceMeters>
    </Trackpoint>
    <Trackpoint>
     <Time>2026-07-19T04:41:31+00:00</Time>
     <Position>
      <LatitudeDegrees>-33.4914500</LatitudeDegrees>
      <LongitudeDegrees>-71.0477700</LongitudeDegrees>
     </Position>
     <AltitudeMeters>175.04</AltitudeMeters>
     <DistanceMeters>107385.99606861208</DistanceMeters>
    </Trackpoint>
    <Trackpoint>
     <Time>2026-07-19T04:41:40+00:00</Time>
     <Position>
      <LatitudeDegrees>-33.4916900</LatitudeDegrees>
      <LongitudeDegrees>-71.0480800</LongitudeDegrees>
     </Position>
     <AltitudeMeters>175.08</AltitudeMeters>
     <DistanceMeters>107425.25642134769</DistanceMeters>
    </Trackpoint>
    <Trackpoint>
     <Time>2026-07-19T04:41:48+00:00</Time>
     <Position>
      <LatitudeDegrees>-33.4920600</LatitudeDegrees>
      <LongitudeDegrees>-71.0489800</LongitudeDegrees>
     </Position>
     <AltitudeMeters>175.05</AltitudeMeters>
     <DistanceMeters>107518.38981590982</DistanceMeters>
    </Trackpoint>
    <Trackpoint>
     <Time>2026-07-19T04:41:56+00:00</Time>
     <Position>
      <LatitudeDegrees>-33.4922667</LatitudeDegrees>
      <LongitudeDegrees>-71.0496667</LongitudeDegrees>
     </Position>
     <AltitudeMeters>174.88</AltitudeMeters>
     <DistanceMeters>107586.14699717614</DistanceMeters>
    </Trackpoint>
    <Trackpoint>
     <Time>2026-07-19T04:42:04+00:00</Time>
     <Position>
      <LatitudeDegrees>-33.4924733</LatitudeDegrees>
      <LongitudeDegrees>-71.0503533</LongitudeDegrees>
     </Position>
     <AltitudeMeters>174.85</AltitudeMeters>
     <DistanceMeters>107653.90417844034</DistanceMeters>
    </Trackpoint>
    <Trackpoint>
     <Time>2026-07-19T04:42:13+00:00</Time>
     <Position>
      <LatitudeDegrees>-33.4926800</LatitudeDegrees>
      <LongitudeDegrees>-71.0510400</LongitudeDegrees>
     </Position>
     <AltitudeMeters>174.75</AltitudeMeters>
     <DistanceMeters>107721.66135722712</DistanceMeters>
    </Trackpoint>
    <Trackpoint>
     <Time>2026-07-19T04:42:21+00:00</Time>
     <Position>
      <LatitudeDegrees>-33.4927700</LatitudeDegrees>
      <LongitudeDegrees>-71.0518000</LongitudeDegrees>
     </Position>
     <AltitudeMeters>174.71</AltitudeMeters>
     <DistanceMeters>107792.90890616408</DistanceMeters>
    </Trackpoint>
    <Trackpoint>
     <Time>2026-07-19T04:42:29+00:00</Time>
     <Position>
      <LatitudeDegrees>-33.4927700</LatitudeDegrees>
      <LongitudeDegrees>-71.0524700</LongitudeDegrees>
     </Position>
     <AltitudeMeters>174.65000000000003</AltitudeMeters>
     <DistanceMeters>107855.09538487249</DistanceMeters>
    </Trackpoint>
    <Trackpoint>
     <Time>2026-07-19T04:42:38+00:00</Time>
     <Position>
      <LatitudeDegrees>-33.4926950</LatitudeDegrees>
      <LongitudeDegrees>-71.0530100</LongitudeDegrees>
     </Position>
     <AltitudeMeters>174.56000000000003</AltitudeMeters>
     <DistanceMeters>107905.90616333678</DistanceMeters>
    </Trackpoint>
    <Trackpoint>
     <Time>2026-07-19T04:42:46+00:00</Time>
     <Position>
      <LatitudeDegrees>-33.4926200</LatitudeDegrees>
      <LongitudeDegrees>-71.0535500</LongitudeDegrees>
     </Position>
     <AltitudeMeters>174.51000000000002</AltitudeMeters>
     <DistanceMeters>107956.71701166399</DistanceMeters>
    </Trackpoint>
    <Trackpoint>
     <Time>2026-07-19T04:42:54+00:00</Time>
     <Position>
      <LatitudeDegrees>-33.4923233</LatitudeDegrees>
      <LongitudeDegrees>-71.0545200</LongitudeDegrees>
     </Position>
     <AltitudeMeters>174.75</AltitudeMeters>
     <DistanceMeters>108052.61222371209</DistanceMeters>
    </Trackpoint>
    <Trackpoint>
     <Time>2026-07-19T04:43:02+00:00</Time>
     <Position>
      <LatitudeDegrees>-33.4920267</LatitudeDegrees>
      <LongitudeDegrees>-71.0554900</LongitudeDegrees>
     </Position>
     <AltitudeMeters>174.86</AltitudeMeters>
     <DistanceMeters>108148.50743576353</DistanceMeters>
    </Trackpoint>
    <Trackpoint>
     <Time>2026-07-19T04:43:11+00:00</Time>
     <Position>
      <LatitudeDegrees>-33.4917300</LatitudeDegrees>
      <LongitudeDegrees>-71.0564600</LongitudeDegrees>
     </Position>
     <AltitudeMeters>174.87000000000003</AltitudeMeters>
     <DistanceMeters>108244.40266518979</DistanceMeters>
    </Trackpoint>
    <Trackpoint>
     <Time>2026-07-19T04:43:19+00:00</Time>
     <Position>
      <LatitudeDegrees>-33.4915450</LatitudeDegrees>
      <LongitudeDegrees>-71.0569800</LongitudeDegrees>
     </Position>
     <AltitudeMeters>174.78</AltitudeMeters>
     <DistanceMeters>108296.87577378014</DistanceMeters>
    </Trackpoint>
    <Trackpoint>
     <Time>2026-07-19T04:43:27+00:00</Time>
     <Position>
      <LatitudeDegrees>-33.4913600</LatitudeDegrees>
      <LongitudeDegrees>-71.0575000</LongitudeDegrees>
     </Position>
     <AltitudeMeters>174.83</AltitudeMeters>
     <DistanceMeters>108349.34890272125</DistanceMeters>
    </Trackpoint>
    <Trackpoint>
     <Time>2026-07-19T04:43:35+00:00</Time>
     <Position>
      <LatitudeDegrees>-33.4913200</LatitudeDegrees>
      <LongitudeDegrees>-71.0577100</LongitudeDegrees>
     </Position>
     <AltitudeMeters>174.91</AltitudeMeters>
     <DistanceMeters>108369.34243867431</DistanceMeters>
    </Trackpoint>
    <Trackpoint>
     <Time>2026-07-19T04:43:44+00:00</Time>
     <Position>
      <LatitudeDegrees>-33.4909300</LatitudeDegrees>
      <LongitudeDegrees>-71.0577100</LongitudeDegrees>
     </Position>
     <AltitudeMeters>174.67000000000002</AltitudeMeters>
     <DistanceMeters>108412.74775365577</DistanceMeters>
    </Trackpoint>
    <Trackpoint>
     <Time>2026-07-19T04:43:52+00:00</Time>
     <Position>
      <LatitudeDegrees>-33.4906000</LatitudeDegrees>
      <LongitudeDegrees>-71.0578400</LongitudeDegrees>
     </Position>
     <AltitudeMeters>173.69</AltitudeMeters>
     <DistanceMeters>108451.40665440125</DistanceMeters>
    </Trackpoint>
    <Trackpoint>
     <Time>2026-07-19T04:44:00+00:00</Time>
     <Position>
      <LatitudeDegrees>-33.4904700</LatitudeDegrees>
      <LongitudeDegrees>-71.0579900</LongitudeDegrees>
     </Position>
     <AltitudeMeters>173.69</AltitudeMeters>
     <DistanceMeters>108471.48593305731</DistanceMeters>
    </Trackpoint>
    <Trackpoint>
     <Time>2026-07-19T04:44:09+00:00</Time>
     <Position>
      <LatitudeDegrees>-33.4899400</LatitudeDegrees>
      <LongitudeDegrees>-71.0586884</LongitudeDegrees>
     </Position>
     <AltitudeMeters>173.1</AltitudeMeters>
     <DistanceMeters>108559.12699881369</DistanceMeters>
    </Trackpoint>
    <Trackpoint>
     <Time>2026-07-19T04:44:17+00:00</Time>
     <Position>
      <LatitudeDegrees>-33.4894100</LatitudeDegrees>
      <LongitudeDegrees>-71.0593867</LongitudeDegrees>
     </Position>
     <AltitudeMeters>173.47</AltitudeMeters>
     <DistanceMeters>108646.76806457262</DistanceMeters>
    </Trackpoint>
    <Trackpoint>
     <Time>2026-07-19T04:44:25+00:00</Time>
     <Position>
      <LatitudeDegrees>-33.4888800</LatitudeDegrees>
      <LongitudeDegrees>-71.0600850</LongitudeDegrees>
     </Position>
     <AltitudeMeters>173.59000000000003</AltitudeMeters>
     <DistanceMeters>108734.40913032992</DistanceMeters>
    </Trackpoint>
    <Trackpoint>
     <Time>2026-07-19T04:44:33+00:00</Time>
     <Position>
      <LatitudeDegrees>-33.4883500</LatitudeDegrees>
      <LongitudeDegrees>-71.0607834</LongitudeDegrees>
     </Position>
     <AltitudeMeters>173.73000000000002</AltitudeMeters>
     <DistanceMeters>108822.0501960885</DistanceMeters>
    </Trackpoint>
    <Trackpoint>
     <Time>2026-07-19T04:44:42+00:00</Time>
     <Position>
      <LatitudeDegrees>-33.4878200</LatitudeDegrees>
      <LongitudeDegrees>-71.0614817</LongitudeDegrees>
     </Position>
     <AltitudeMeters>173.88</AltitudeMeters>
     <DistanceMeters>108909.69126184675</DistanceMeters>
    </Trackpoint>
    <Trackpoint>
     <Time>2026-07-19T04:44:50+00:00</Time>
     <Position>
      <LatitudeDegrees>-33.4872900</LatitudeDegrees>
      <LongitudeDegrees>-71.0621800</LongitudeDegrees>
     </Position>
     <AltitudeMeters>173.86</AltitudeMeters>
     <DistanceMeters>108997.33232615517</DistanceMeters>
    </Trackpoint>
    <Trackpoint>
     <Time>2026-07-19T04:44:58+00:00</Time>
     <Position>
      <LatitudeDegrees>-33.4872200</LatitudeDegrees>
      <LongitudeDegrees>-71.0622300</LongitudeDegrees>
     </Position>
     <AltitudeMeters>173.86</AltitudeMeters>
     <DistanceMeters>109006.40065396871</DistanceMeters>
    </Trackpoint>
    <Trackpoint>
     <Time>2026-07-19T04:45:06+00:00</Time>
     <Position>
      <LatitudeDegrees>-33.4871100</LatitudeDegrees>
      <LongitudeDegrees>-71.0622800</LongitudeDegrees>
     </Position>
     <AltitudeMeters>173.76000000000002</AltitudeMeters>
     <DistanceMeters>109019.49336406244</DistanceMeters>
    </Trackpoint>
    <Trackpoint>
     <Time>2026-07-19T04:45:15+00:00</Time>
     <Position>
      <LatitudeDegrees>-33.4870200</LatitudeDegrees>
      <LongitudeDegrees>-71.0622900</LongitudeDegrees>
     </Position>
     <AltitudeMeters>173.39000000000001</AltitudeMeters>
     <DistanceMeters>109029.55289122525</DistanceMeters>
    </Trackpoint>
    <Trackpoint>
     <Time>2026-07-19T04:45:23+00:00</Time>
     <Position>
      <LatitudeDegrees>-33.4862600</LatitudeDegrees>
      <LongitudeDegrees>-71.0621700</LongitudeDegrees>
     </Position>
     <AltitudeMeters>173.73000000000002</AltitudeMeters>
     <DistanceMeters>109114.86788098783</DistanceMeters>
    </Trackpoint>
    <Trackpoint>
     <Time>2026-07-19T04:45:31+00:00</Time>
     <Position>
      <LatitudeDegrees>-33.4855000</LatitudeDegrees>
      <LongitudeDegrees>-71.0620500</LongitudeDegrees>
     </Position>
     <AltitudeMeters>176.6</AltitudeMeters>
     <DistanceMeters>109200.18284399946</DistanceMeters>
    </Trackpoint>
    <Trackpoint>
     <Time>2026-07-19T04:45:39+00:00</Time>
     <Position>
      <LatitudeDegrees>-33.4853400</LatitudeDegrees>
      <LongitudeDegrees>-71.0621500</LongitudeDegrees>
     </Position>
     <AltitudeMeters>176.97</AltitudeMeters>
     <DistanceMeters>109220.26423583183</DistanceMeters>
    </Trackpoint>
    <Trackpoint>
     <Time>2026-07-19T04:45:48+00:00</Time>
     <Position>
      <LatitudeDegrees>-33.4851800</LatitudeDegrees>
      <LongitudeDegrees>-71.0622700</LongitudeDegrees>
     </Position>
     <AltitudeMeters>177.09000000000003</AltitudeMeters>
     <DistanceMeters>109241.26837971537</DistanceMeters>
    </Trackpoint>
    <Trackpoint>
     <Time>2026-07-19T04:45:56+00:00</Time>
     <Position>
      <LatitudeDegrees>-33.4848100</LatitudeDegrees>
      <LongitudeDegrees>-71.0628000</LongitudeDegrees>
     </Position>
     <AltitudeMeters>177.22</AltitudeMeters>
     <DistanceMeters>109305.42489894386</DistanceMeters>
    </Trackpoint>
    <Trackpoint>
     <Time>2026-07-19T04:46:04+00:00</Time>
     <Position>
      <LatitudeDegrees>-33.4846900</LatitudeDegrees>
      <LongitudeDegrees>-71.0629400</LongitudeDegrees>
     </Position>
     <AltitudeMeters>177.06000000000003</AltitudeMeters>
     <DistanceMeters>109324.05952065588</DistanceMeters>
    </Trackpoint>
    <Trackpoint>
     <Time>2026-07-19T04:46:13+00:00</Time>
     <Position>
      <LatitudeDegrees>-33.4844400</LatitudeDegrees>
      <LongitudeDegrees>-71.0631400</LongitudeDegrees>
     </Position>
     <AltitudeMeters>176.12000000000003</AltitudeMeters>
     <DistanceMeters>109357.50837023814</DistanceMeters>
    </Trackpoint>
    <Trackpoint>
     <Time>2026-07-19T04:46:21+00:00</Time>
     <Position>
      <LatitudeDegrees>-33.4842700</LatitudeDegrees>
      <LongitudeDegrees>-71.0633100</LongitudeDegrees>
     </Position>
     <AltitudeMeters>175.77</AltitudeMeters>
     <DistanceMeters>109382.145555703</DistanceMeters>
    </Trackpoint>
    <Trackpoint>
     <Time>2026-07-19T04:46:29+00:00</Time>
     <Position>
      <LatitudeDegrees>-33.4838567</LatitudeDegrees>
      <LongitudeDegrees>-71.0638600</LongitudeDegrees>
     </Position>
     <AltitudeMeters>175.05</AltitudeMeters>
     <DistanceMeters>109450.8675484084</DistanceMeters>
    </Trackpoint>
    <Trackpoint>
     <Time>2026-07-19T04:46:37+00:00</Time>
     <Position>
      <LatitudeDegrees>-33.4834433</LatitudeDegrees>
      <LongitudeDegrees>-71.0644100</LongitudeDegrees>
     </Position>
     <AltitudeMeters>174.91</AltitudeMeters>
     <DistanceMeters>109519.58954111348</DistanceMeters>
    </Trackpoint>
    <Trackpoint>
     <Time>2026-07-19T04:46:46+00:00</Time>
     <Position>
      <LatitudeDegrees>-33.4830300</LatitudeDegrees>
      <LongitudeDegrees>-71.0649600</LongitudeDegrees>
     </Position>
     <AltitudeMeters>174.93</AltitudeMeters>
     <DistanceMeters>109588.3115359874</DistanceMeters>
    </Trackpoint>
    <Trackpoint>
     <Time>2026-07-19T04:46:54+00:00</Time>
     <Position>
      <LatitudeDegrees>-33.4829700</LatitudeDegrees>
      <LongitudeDegrees>-71.0651100</LongitudeDegrees>
     </Position>
     <AltitudeMeters>174.8</AltitudeMeters>
     <DistanceMeters>109603.75393467893</DistanceMeters>
    </Trackpoint>
    <Trackpoint>
     <Time>2026-07-19T04:47:02+00:00</Time>
     <Position>
      <LatitudeDegrees>-33.4828100</LatitudeDegrees>
      <LongitudeDegrees>-71.0656900</LongitudeDegrees>
     </Position>
     <AltitudeMeters>174.81000000000003</AltitudeMeters>
     <DistanceMeters>109660.4616629654</DistanceMeters>
    </Trackpoint>
    <Trackpoint>
     <Time>2026-07-19T04:47:10+00:00</Time>
     <Position>
      <LatitudeDegrees>-33.4826500</LatitudeDegrees>
      <LongitudeDegrees>-71.0662700</LongitudeDegrees>
     </Position>
     <AltitudeMeters>174.88</AltitudeMeters>
     <DistanceMeters>109717.16939108679</DistanceMeters>
    </Trackpoint>
    <Trackpoint>
     <Time>2026-07-19T04:47:19+00:00</Time>
     <Position>
      <LatitudeDegrees>-33.4824080</LatitudeDegrees>
      <LongitudeDegrees>-71.0671020</LongitudeDegrees>
     </Position>
     <AltitudeMeters>174.93</AltitudeMeters>
     <DistanceMeters>109798.96318973922</DistanceMeters>
    </Trackpoint>
    <Trackpoint>
     <Time>2026-07-19T04:47:27+00:00</Time>
     <Position>
      <LatitudeDegrees>-33.4821660</LatitudeDegrees>
      <LongitudeDegrees>-71.0679340</LongitudeDegrees>
     </Position>
     <AltitudeMeters>175.08</AltitudeMeters>
     <DistanceMeters>109880.75698839095</DistanceMeters>
    </Trackpoint>
    <Trackpoint>
     <Time>2026-07-19T04:47:35+00:00</Time>
     <Position>
      <LatitudeDegrees>-33.4819240</LatitudeDegrees>
      <LongitudeDegrees>-71.0687660</LongitudeDegrees>
     </Position>
     <AltitudeMeters>175.25</AltitudeMeters>
     <DistanceMeters>109962.55078704447</DistanceMeters>
    </Trackpoint>
    <Trackpoint>
     <Time>2026-07-19T04:47:44+00:00</Time>
     <Position>
      <LatitudeDegrees>-33.4816820</LatitudeDegrees>
      <LongitudeDegrees>-71.0695980</LongitudeDegrees>
     </Position>
     <AltitudeMeters>175.24</AltitudeMeters>
     <DistanceMeters>110044.34458569573</DistanceMeters>
    </Trackpoint>
    <Trackpoint>
     <Time>2026-07-19T04:47:52+00:00</Time>
     <Position>
      <LatitudeDegrees>-33.4814400</LatitudeDegrees>
      <LongitudeDegrees>-71.0704300</LongitudeDegrees>
     </Position>
     <AltitudeMeters>175.38</AltitudeMeters>
     <DistanceMeters>110126.13838006048</DistanceMeters>
    </Trackpoint>
    <Trackpoint>
     <Time>2026-07-19T04:48:00+00:00</Time>
     <Position>
      <LatitudeDegrees>-33.4813600</LatitudeDegrees>
      <LongitudeDegrees>-71.0708200</LongitudeDegrees>
     </Position>
     <AltitudeMeters>175.40000000000003</AltitudeMeters>
     <DistanceMeters>110163.420031813</DistanceMeters>
    </Trackpoint>
    <Trackpoint>
     <Time>2026-07-19T04:48:08+00:00</Time>
     <Position>
      <LatitudeDegrees>-33.4813300</LatitudeDegrees>
      <LongitudeDegrees>-71.0713200</LongitudeDegrees>
     </Position>
     <AltitudeMeters>175.47</AltitudeMeters>
     <DistanceMeters>110209.9539130177</DistanceMeters>
    </Trackpoint>
    <Trackpoint>
     <Time>2026-07-19T04:48:17+00:00</Time>
     <Position>
      <LatitudeDegrees>-33.4813100</LatitudeDegrees>
      <LongitudeDegrees>-71.0718200</LongitudeDegrees>
     </Position>
     <AltitudeMeters>175.48000000000002</AltitudeMeters>
     <DistanceMeters>110256.42121312636</DistanceMeters>
    </Trackpoint>
    <Trackpoint>
     <Time>2026-07-19T04:48:25+00:00</Time>
     <Position>
      <LatitudeDegrees>-33.4812400</LatitudeDegrees>
      <LongitudeDegrees>-71.0722100</LongitudeDegrees>
     </Position>
     <AltitudeMeters>175.48000000000002</AltitudeMeters>
     <DistanceMeters>110293.45289209872</DistanceMeters>
    </Trackpoint>
    <Trackpoint>
     <Time>2026-07-19T04:48:33+00:00</Time>
     <Position>
      <LatitudeDegrees>-33.4811800</LatitudeDegrees>
      <LongitudeDegrees>-71.0724300</LongitudeDegrees>
     </Position>
     <AltitudeMeters>175.48000000000002</AltitudeMeters>
     <DistanceMeters>110314.93909941186</DistanceMeters>
    </Trackpoint>
    <Trackpoint>
     <Time>2026-07-19T04:48:41+00:00</Time>
     <Position>
      <LatitudeDegrees>-33.4809550</LatitudeDegrees>
      <LongitudeDegrees>-71.0730550</LongitudeDegrees>
     </Position>
     <AltitudeMeters>175.36</AltitudeMeters>
     <DistanceMeters>110378.1303120539</DistanceMeters>
    </Trackpoint>
    <Trackpoint>
     <Time>2026-07-19T04:48:50+00:00</Time>
     <Position>
      <LatitudeDegrees>-33.4807300</LatitudeDegrees>
      <LongitudeDegrees>-71.0736800</LongitudeDegrees>
     </Position>
     <AltitudeMeters>175.46</AltitudeMeters>
     <DistanceMeters>110441.32154077734</DistanceMeters>
    </Trackpoint>
    <Trackpoint>
     <Time>2026-07-19T04:48:58+00:00</Time>
     <Position>
      <LatitudeDegrees>-33.4805100</LatitudeDegrees>
      <LongitudeDegrees>-71.0743300</LongitudeDegrees>
     </Position>
     <AltitudeMeters>175.14000000000001</AltitudeMeters>
     <DistanceMeters>110506.43895051192</DistanceMeters>
    </Trackpoint>
    <Trackpoint>
     <Time>2026-07-19T04:49:06+00:00</Time>
     <Position>
      <LatitudeDegrees>-33.4802900</LatitudeDegrees>
      <LongitudeDegrees>-71.0749800</LongitudeDegrees>
     </Position>
     <AltitudeMeters>175.09000000000003</AltitudeMeters>
     <DistanceMeters>110571.5563620694</DistanceMeters>
    </Trackpoint>
    <Trackpoint>
     <Time>2026-07-19T04:49:15+00:00</Time>
     <Position>
      <LatitudeDegrees>-33.4799980</LatitudeDegrees>
      <LongitudeDegrees>-71.0759520</LongitudeDegrees>
     </Position>
     <AltitudeMeters>174.83</AltitudeMeters>
     <DistanceMeters>110667.46098251473</DistanceMeters>
    </Trackpoint>
    <Trackpoint>
     <Time>2026-07-19T04:49:23+00:00</Time>
     <Position>
      <LatitudeDegrees>-33.4797060</LatitudeDegrees>
      <LongitudeDegrees>-71.0769240</LongitudeDegrees>
     </Position>
     <AltitudeMeters>174.62000000000003</AltitudeMeters>
     <DistanceMeters>110763.36560296145</DistanceMeters>
    </Trackpoint>
    <Trackpoint>
     <Time>2026-07-19T04:49:31+00:00</Time>
     <Position>
      <LatitudeDegrees>-33.4794140</LatitudeDegrees>
      <LongitudeDegrees>-71.0778960</LongitudeDegrees>
     </Position>
     <AltitudeMeters>174.49</AltitudeMeters>
     <DistanceMeters>110859.27022340651</DistanceMeters>
    </Trackpoint>
    <Trackpoint>
     <Time>2026-07-19T04:49:39+00:00</Time>
     <Position>
      <LatitudeDegrees>-33.4791220</LatitudeDegrees>
      <LongitudeDegrees>-71.0788680</LongitudeDegrees>
     </Position>
     <AltitudeMeters>174.39000000000001</AltitudeMeters>
     <DistanceMeters>110955.17484385087</DistanceMeters>
    </Trackpoint>
    <Trackpoint>
     <Time>2026-07-19T04:49:48+00:00</Time>
     <Position>
      <LatitudeDegrees>-33.4788300</LatitudeDegrees>
      <LongitudeDegrees>-71.0798400</LongitudeDegrees>
     </Position>
     <AltitudeMeters>174.25</AltitudeMeters>
     <DistanceMeters>111051.07947201625</DistanceMeters>
    </Trackpoint>
    <Trackpoint>
     <Time>2026-07-19T04:49:56+00:00</Time>
     <Position>
      <LatitudeDegrees>-33.4785900</LatitudeDegrees>
      <LongitudeDegrees>-71.0805233</LongitudeDegrees>
     </Position>
     <AltitudeMeters>174.13</AltitudeMeters>
     <DistanceMeters>111119.90832187646</DistanceMeters>
    </Trackpoint>
    <Trackpoint>
     <Time>2026-07-19T04:50:04+00:00</Time>
     <Position>
      <LatitudeDegrees>-33.4783500</LatitudeDegrees>
      <LongitudeDegrees>-71.0812067</LongitudeDegrees>
     </Position>
     <AltitudeMeters>174.09000000000003</AltitudeMeters>
     <DistanceMeters>111188.73717173593</DistanceMeters>
    </Trackpoint>
    <Trackpoint>
     <Time>2026-07-19T04:50:12+00:00</Time>
     <Position>
      <LatitudeDegrees>-33.4781100</LatitudeDegrees>
      <LongitudeDegrees>-71.0818900</LongitudeDegrees>
     </Position>
     <AltitudeMeters>173.94</AltitudeMeters>
     <DistanceMeters>111257.56601902825</DistanceMeters>
    </Trackpoint>
    <Trackpoint>
     <Time>2026-07-19T04:50:21+00:00</Time>
     <Position>
      <LatitudeDegrees>-33.4777233</LatitudeDegrees>
      <LongitudeDegrees>-71.0828133</LongitudeDegrees>
     </Position>
     <AltitudeMeters>173.85</AltitudeMeters>
     <DistanceMeters>111353.47738259706</DistanceMeters>
    </Trackpoint>
    <Trackpoint>
     <Time>2026-07-19T04:50:29+00:00</Time>
     <Position>
      <LatitudeDegrees>-33.4773367</LatitudeDegrees>
      <LongitudeDegrees>-71.0837367</LongitudeDegrees>
     </Position>
     <AltitudeMeters>173.77</AltitudeMeters>
     <DistanceMeters>111449.38874616535</DistanceMeters>
    </Trackpoint>
    <Trackpoint>
     <Time>2026-07-19T04:50:37+00:00</Time>
     <Position>
      <LatitudeDegrees>-33.4769500</LatitudeDegrees>
      <LongitudeDegrees>-71.0846600</LongitudeDegrees>
     </Position>
     <AltitudeMeters>173.76000000000002</AltitudeMeters>
     <DistanceMeters>111545.30011232573</DistanceMeters>
    </Trackpoint>
    <Trackpoint>
     <Time>2026-07-19T04:50:46+00:00</Time>
     <Position>
      <LatitudeDegrees>-33.4766500</LatitudeDegrees>
      <LongitudeDegrees>-71.0854200</LongitudeDegrees>
     </Position>
     <AltitudeMeters>173.8</AltitudeMeters>
     <DistanceMeters>111623.35468520792</DistanceMeters>
    </Trackpoint>
    <Trackpoint>
     <Time>2026-07-19T04:50:54+00:00</Time>
     <Position>
      <LatitudeDegrees>-33.4763900</LatitudeDegrees>
      <LongitudeDegrees>-71.0861400</LongitudeDegrees>
     </Position>
     <AltitudeMeters>173.79000000000002</AltitudeMeters>
     <DistanceMeters>111696.18944081738</DistanceMeters>
    </Trackpoint>
    <Trackpoint>
     <Time>2026-07-19T04:51:02+00:00</Time>
     <Position>
      <LatitudeDegrees>-33.4760650</LatitudeDegrees>
      <LongitudeDegrees>-71.0870575</LongitudeDegrees>
     </Position>
     <AltitudeMeters>173.81</AltitudeMeters>
     <DistanceMeters>111788.72670406145</DistanceMeters>
    </Trackpoint>
    <Trackpoint>
     <Time>2026-07-19T04:51:10+00:00</Time>
     <Position>
      <LatitudeDegrees>-33.4757400</LatitudeDegrees>
      <LongitudeDegrees>-71.0879750</LongitudeDegrees>
     </Position>
     <AltitudeMeters>173.78</AltitudeMeters>
     <DistanceMeters>111881.26396730692</DistanceMeters>
    </Trackpoint>
    <Trackpoint>
     <Time>2026-07-19T04:51:19+00:00</Time>
     <Position>
      <LatitudeDegrees>-33.4754150</LatitudeDegrees>
      <LongitudeDegrees>-71.0888925</LongitudeDegrees>
     </Position>
     <AltitudeMeters>173.73000000000002</AltitudeMeters>
     <DistanceMeters>111973.80123055067</DistanceMeters>
    </Trackpoint>
    <Trackpoint>
     <Time>2026-07-19T04:51:27+00:00</Time>
     <Position>
      <LatitudeDegrees>-33.4750900</LatitudeDegrees>
      <LongitudeDegrees>-71.0898100</LongitudeDegrees>
     </Position>
     <AltitudeMeters>173.90000000000003</AltitudeMeters>
     <DistanceMeters>112066.33848992176</DistanceMeters>
    </Trackpoint>
    <Trackpoint>
     <Time>2026-07-19T04:51:35+00:00</Time>
     <Position>
      <LatitudeDegrees>-33.4748900</LatitudeDegrees>
      <LongitudeDegrees>-71.0903000</LongitudeDegrees>
     </Position>
     <AltitudeMeters>173.66</AltitudeMeters>
     <DistanceMeters>112116.98153744834</DistanceMeters>
    </Trackpoint>
    <Trackpoint>
     <Time>2026-07-19T04:51:43+00:00</Time>
     <Position>
      <LatitudeDegrees>-33.4744500</LatitudeDegrees>
      <LongitudeDegrees>-71.0911778</LongitudeDegrees>
     </Position>
     <AltitudeMeters>173.59000000000003</AltitudeMeters>
     <DistanceMeters>112212.05372762708</DistanceMeters>
    </Trackpoint>
    <Trackpoint>
     <Time>2026-07-19T04:51:52+00:00</Time>
     <Position>
      <LatitudeDegrees>-33.4740100</LatitudeDegrees>
      <LongitudeDegrees>-71.0920556</LongitudeDegrees>
     </Position>
     <AltitudeMeters>173.37000000000003</AltitudeMeters>
     <DistanceMeters>112307.125917804</DistanceMeters>
    </Trackpoint>
    <Trackpoint>
     <Time>2026-07-19T04:52:00+00:00</Time>
     <Position>
      <LatitudeDegrees>-33.4735701</LatitudeDegrees>
      <LongitudeDegrees>-71.0929334</LongitudeDegrees>
     </Position>
     <AltitudeMeters>173.29000000000002</AltitudeMeters>
     <DistanceMeters>112402.1981079811</DistanceMeters>
    </Trackpoint>
    <Trackpoint>
     <Time>2026-07-19T04:52:08+00:00</Time>
     <Position>
      <LatitudeDegrees>-33.4731301</LatitudeDegrees>
      <LongitudeDegrees>-71.0938112</LongitudeDegrees>
     </Position>
     <AltitudeMeters>173.13</AltitudeMeters>
     <DistanceMeters>112497.27029815858</DistanceMeters>
    </Trackpoint>
    <Trackpoint>
     <Time>2026-07-19T04:52:17+00:00</Time>
     <Position>
      <LatitudeDegrees>-33.4726901</LatitudeDegrees>
      <LongitudeDegrees>-71.0946890</LongitudeDegrees>
     </Position>
     <AltitudeMeters>173.59000000000003</AltitudeMeters>
     <DistanceMeters>112592.34248833763</DistanceMeters>
    </Trackpoint>
    <Trackpoint>
     <Time>2026-07-19T04:52:25+00:00</Time>
     <Position>
      <LatitudeDegrees>-33.4722501</LatitudeDegrees>
      <LongitudeDegrees>-71.0955667</LongitudeDegrees>
     </Position>
     <AltitudeMeters>173.64000000000001</AltitudeMeters>
     <DistanceMeters>112687.41467851457</DistanceMeters>
    </Trackpoint>
    <Trackpoint>
     <Time>2026-07-19T04:52:33+00:00</Time>
     <Position>
      <LatitudeDegrees>-33.4718100</LatitudeDegrees>
      <LongitudeDegrees>-71.0964445</LongitudeDegrees>
     </Position>
     <AltitudeMeters>173.17000000000002</AltitudeMeters>
     <DistanceMeters>112782.48686869374</DistanceMeters>
    </Trackpoint>
    <Trackpoint>
     <Time>2026-07-19T04:52:41+00:00</Time>
     <Position>
      <LatitudeDegrees>-33.4713700</LatitudeDegrees>
      <LongitudeDegrees>-71.0973223</LongitudeDegrees>
     </Position>
     <AltitudeMeters>173.29000000000002</AltitudeMeters>
     <DistanceMeters>112877.55905887067</DistanceMeters>
    </Trackpoint>
    <Trackpoint>
     <Time>2026-07-19T04:52:50+00:00</Time>
     <Position>
      <LatitudeDegrees>-33.4709300</LatitudeDegrees>
      <LongitudeDegrees>-71.0982000</LongitudeDegrees>
     </Position>
     <AltitudeMeters>173.23000000000002</AltitudeMeters>
     <DistanceMeters>112972.63124513524</DistanceMeters>
    </Trackpoint>
    <Trackpoint>
     <Time>2026-07-19T04:52:58+00:00</Time>
     <Position>
      <LatitudeDegrees>-33.4706700</LatitudeDegrees>
      <LongitudeDegrees>-71.0987300</LongitudeDegrees>
     </Position>
     <AltitudeMeters>173.37000000000003</AltitudeMeters>
     <DistanceMeters>113029.7140965999</DistanceMeters>
    </Trackpoint>
    <Trackpoint>
     <Time>2026-07-19T04:53:06+00:00</Time>
     <Position>
      <LatitudeDegrees>-33.4706800</LatitudeDegrees>
      <LongitudeDegrees>-71.0987300</LongitudeDegrees>
     </Position>
     <AltitudeMeters>173.37000000000003</AltitudeMeters>
     <DistanceMeters>113029.7140965999</DistanceMeters>
    </Trackpoint>
    <Trackpoint>
     <Time>2026-07-19T04:53:14+00:00</Time>
     <Position>
      <LatitudeDegrees>-33.4706000</LatitudeDegrees>
      <LongitudeDegrees>-71.0987900</LongitudeDegrees>
     </Position>
     <AltitudeMeters>173.44</AltitudeMeters>
     <DistanceMeters>113040.2166670269</DistanceMeters>
    </Trackpoint>
    <Trackpoint>
     <Time>2026-07-19T04:53:23+00:00</Time>
     <Position>
      <LatitudeDegrees>-33.4702988</LatitudeDegrees>
      <LongitudeDegrees>-71.0978175</LongitudeDegrees>
     </Position>
     <AltitudeMeters>173.52</AltitudeMeters>
     <DistanceMeters>113136.5284532583</DistanceMeters>
    </Trackpoint>
    <Trackpoint>
     <Time>2026-07-19T04:53:31+00:00</Time>
     <Position>
      <LatitudeDegrees>-33.4699975</LatitudeDegrees>
      <LongitudeDegrees>-71.0968450</LongitudeDegrees>
     </Position>
     <AltitudeMeters>173.79000000000002</AltitudeMeters>
     <DistanceMeters>113232.84023948811</DistanceMeters>
    </Trackpoint>
    <Trackpoint>
     <Time>2026-07-19T04:53:39+00:00</Time>
     <Position>
      <LatitudeDegrees>-33.4696963</LatitudeDegrees>
      <LongitudeDegrees>-71.0958724</LongitudeDegrees>
     </Position>
     <AltitudeMeters>174.09000000000003</AltitudeMeters>
     <DistanceMeters>113329.1520257197</DistanceMeters>
    </Trackpoint>
    <Trackpoint>
     <Time>2026-07-19T04:53:48+00:00</Time>
     <Position>
      <LatitudeDegrees>-33.4693951</LatitudeDegrees>
      <LongitudeDegrees>-71.0948999</LongitudeDegrees>
     </Position>
     <AltitudeMeters>174.34000000000003</AltitudeMeters>
     <DistanceMeters>113425.46381195095</DistanceMeters>
    </Trackpoint>
    <Trackpoint>
     <Time>2026-07-19T04:53:56+00:00</Time>
     <Position>
      <LatitudeDegrees>-33.4690938</LatitudeDegrees>
      <LongitudeDegrees>-71.0939274</LongitudeDegrees>
     </Position>
     <AltitudeMeters>174.6</AltitudeMeters>
     <DistanceMeters>113521.77559818083</DistanceMeters>
    </Trackpoint>
    <Trackpoint>
     <Time>2026-07-19T04:54:04+00:00</Time>
     <Position>
      <LatitudeDegrees>-33.4687925</LatitudeDegrees>
      <LongitudeDegrees>-71.0929550</LongitudeDegrees>
     </Position>
     <AltitudeMeters>174.93</AltitudeMeters>
     <DistanceMeters>113618.0873844116</DistanceMeters>
    </Trackpoint>
    <Trackpoint>
     <Time>2026-07-19T04:54:12+00:00</Time>
     <Position>
      <LatitudeDegrees>-33.4684913</LatitudeDegrees>
      <LongitudeDegrees>-71.0919825</LongitudeDegrees>
     </Position>
     <AltitudeMeters>175.16</AltitudeMeters>
     <DistanceMeters>113714.39917064294</DistanceMeters>
    </Trackpoint>
    <Trackpoint>
     <Time>2026-07-19T04:54:21+00:00</Time>
     <Position>
      <LatitudeDegrees>-33.4681900</LatitudeDegrees>
      <LongitudeDegrees>-71.0910100</LongitudeDegrees>
     </Position>
     <AltitudeMeters>175.37000000000003</AltitudeMeters>
     <DistanceMeters>113810.71095471371</DistanceMeters>
    </Trackpoint>
    <Trackpoint>
     <Time>2026-07-19T04:54:29+00:00</Time>
     <Position>
      <LatitudeDegrees>-33.4678964</LatitudeDegrees>
      <LongitudeDegrees>-71.0900254</LongitudeDegrees>
     </Position>
     <AltitudeMeters>175.44</AltitudeMeters>
     <DistanceMeters>113907.7861347608</DistanceMeters>
    </Trackpoint>
    <Trackpoint>
     <Time>2026-07-19T04:54:37+00:00</Time>
     <Position>
      <LatitudeDegrees>-33.4676028</LatitudeDegrees>
      <LongitudeDegrees>-71.0890408</LongitudeDegrees>
     </Position>
     <AltitudeMeters>175.57</AltitudeMeters>
     <DistanceMeters>114004.8613148071</DistanceMeters>
    </Trackpoint>
    <Trackpoint>
     <Time>2026-07-19T04:54:45+00:00</Time>
     <Position>
      <LatitudeDegrees>-33.4673092</LatitudeDegrees>
      <LongitudeDegrees>-71.0880563</LongitudeDegrees>
     </Position>
     <AltitudeMeters>175.77</AltitudeMeters>
     <DistanceMeters>114101.93649485611</DistanceMeters>
    </Trackpoint>
    <Trackpoint>
     <Time>2026-07-19T04:54:54+00:00</Time>
     <Position>
      <LatitudeDegrees>-33.4670156</LatitudeDegrees>
      <LongitudeDegrees>-71.0870717</LongitudeDegrees>
     </Position>
     <AltitudeMeters>175.86</AltitudeMeters>
     <DistanceMeters>114199.011674903</DistanceMeters>
    </Trackpoint>
    <Trackpoint>
     <Time>2026-07-19T04:55:02+00:00</Time>
     <Position>
      <LatitudeDegrees>-33.4667219</LatitudeDegrees>
      <LongitudeDegrees>-71.0860872</LongitudeDegrees>
     </Position>
     <AltitudeMeters>176.09000000000003</AltitudeMeters>
     <DistanceMeters>114296.08685495071</DistanceMeters>
    </Trackpoint>
    <Trackpoint>
     <Time>2026-07-19T04:55:10+00:00</Time>
     <Position>
      <LatitudeDegrees>-33.4664283</LatitudeDegrees>
      <LongitudeDegrees>-71.0851026</LongitudeDegrees>
     </Position>
     <AltitudeMeters>176.29</AltitudeMeters>
     <DistanceMeters>114393.16203499874</DistanceMeters>
    </Trackpoint>
    <Trackpoint>
     <Time>2026-07-19T04:55:18+00:00</Time>
     <Position>
      <LatitudeDegrees>-33.4661347</LatitudeDegrees>
      <LongitudeDegrees>-71.0841181</LongitudeDegrees>
     </Position>
     <AltitudeMeters>176.44</AltitudeMeters>
     <DistanceMeters>114490.23721504597</DistanceMeters>
    </Trackpoint>
    <Trackpoint>
     <Time>2026-07-19T04:55:27+00:00</Time>
     <Position>
      <LatitudeDegrees>-33.4658410</LatitudeDegrees>
      <LongitudeDegrees>-71.0831336</LongitudeDegrees>
     </Position>
     <AltitudeMeters>176.65</AltitudeMeters>
     <DistanceMeters>114587.31239509437</DistanceMeters>
    </Trackpoint>
    <Trackpoint>
     <Time>2026-07-19T04:55:35+00:00</Time>
     <Position>
      <LatitudeDegrees>-33.4655473</LatitudeDegrees>
      <LongitudeDegrees>-71.0821490</LongitudeDegrees>
     </Position>
     <AltitudeMeters>176.69</AltitudeMeters>
     <DistanceMeters>114684.38757514086</DistanceMeters>
    </Trackpoint>
    <Trackpoint>
     <Time>2026-07-19T04:55:43+00:00</Time>
     <Position>
      <LatitudeDegrees>-33.4652537</LatitudeDegrees>
      <LongitudeDegrees>-71.0811645</LongitudeDegrees>
     </Position>
     <AltitudeMeters>176.99</AltitudeMeters>
     <DistanceMeters>114781.46275518893</DistanceMeters>
    </Trackpoint>
    <Trackpoint>
     <Time>2026-07-19T04:55:52+00:00</Time>
     <Position>
      <LatitudeDegrees>-33.4649600</LatitudeDegrees>
      <LongitudeDegrees>-71.0801800</LongitudeDegrees>
     </Position>
     <AltitudeMeters>177.20000000000002</AltitudeMeters>
     <DistanceMeters>114878.5379332388</DistanceMeters>
    </Trackpoint>
    <Trackpoint>
     <Time>2026-07-19T04:56:00+00:00</Time>
     <Position>
      <LatitudeDegrees>-33.4647120</LatitudeDegrees>
      <LongitudeDegrees>-71.0793180</LongitudeDegrees>
     </Position>
     <AltitudeMeters>177.37000000000003</AltitudeMeters>
     <DistanceMeters>114963.19706658403</DistanceMeters>
    </Trackpoint>
    <Trackpoint>
     <Time>2026-07-19T04:56:08+00:00</Time>
     <Position>
      <LatitudeDegrees>-33.4644640</LatitudeDegrees>
      <LongitudeDegrees>-71.0784560</LongitudeDegrees>
     </Position>
     <AltitudeMeters>177.45000000000002</AltitudeMeters>
     <DistanceMeters>115047.8561999306</DistanceMeters>
    </Trackpoint>
    <Trackpoint>
     <Time>2026-07-19T04:56:16+00:00</Time>
     <Position>
      <LatitudeDegrees>-33.4642160</LatitudeDegrees>
      <LongitudeDegrees>-71.0775940</LongitudeDegrees>
     </Position>
     <AltitudeMeters>177.75000000000003</AltitudeMeters>
     <DistanceMeters>115132.5153332773</DistanceMeters>
    </Trackpoint>
    <Trackpoint>
     <Time>2026-07-19T04:56:25+00:00</Time>
     <Position>
      <LatitudeDegrees>-33.4639680</LatitudeDegrees>
      <LongitudeDegrees>-71.0767320</LongitudeDegrees>
     </Position>
     <AltitudeMeters>177.9</AltitudeMeters>
     <DistanceMeters>115217.17446662419</DistanceMeters>
    </Trackpoint>
    <Trackpoint>
     <Time>2026-07-19T04:56:33+00:00</Time>
     <Position>
      <LatitudeDegrees>-33.4637200</LatitudeDegrees>
      <LongitudeDegrees>-71.0758700</LongitudeDegrees>
     </Position>
     <AltitudeMeters>178.21</AltitudeMeters>
     <DistanceMeters>115301.8336037703</DistanceMeters>
    </Trackpoint>
    <Trackpoint>
     <Time>2026-07-19T04:56:41+00:00</Time>
     <Position>
      <LatitudeDegrees>-33.4634700</LatitudeDegrees>
      <LongitudeDegrees>-71.0749400</LongitudeDegrees>
     </Position>
     <AltitudeMeters>178.91</AltitudeMeters>
     <DistanceMeters>115392.55340124396</DistanceMeters>
    </Trackpoint>
    <Trackpoint>
     <Time>2026-07-19T04:56:49+00:00</Time>
     <Position>
      <LatitudeDegrees>-33.4634000</LatitudeDegrees>
      <LongitudeDegrees>-71.0747700</LongitudeDegrees>
     </Position>
     <AltitudeMeters>179.02</AltitudeMeters>
     <DistanceMeters>115410.15538118228</DistanceMeters>
    </Trackpoint>
    <Trackpoint>
     <Time>2026-07-19T04:56:58+00:00</Time>
     <Position>
      <LatitudeDegrees>-33.4632600</LatitudeDegrees>
      <LongitudeDegrees>-71.0745900</LongitudeDegrees>
     </Position>
     <AltitudeMeters>179.14000000000001</AltitudeMeters>
     <DistanceMeters>115433.00461105602</DistanceMeters>
    </Trackpoint>
    <Trackpoint>
     <Time>2026-07-19T04:57:06+00:00</Time>
     <Position>
      <LatitudeDegrees>-33.4630900</LatitudeDegrees>
      <LongitudeDegrees>-71.0744500</LongitudeDegrees>
     </Position>
     <AltitudeMeters>179.22000000000003</AltitudeMeters>
     <DistanceMeters>115455.95980232385</DistanceMeters>
    </Trackpoint>
    <Trackpoint>
     <Time>2026-07-19T04:57:14+00:00</Time>
     <Position>
      <LatitudeDegrees>-33.4626900</LatitudeDegrees>
      <LongitudeDegrees>-71.0742800</LongitudeDegrees>
     </Position>
     <AltitudeMeters>179.41</AltitudeMeters>
     <DistanceMeters>115503.19341730143</DistanceMeters>
    </Trackpoint>
    <Trackpoint>
     <Time>2026-07-19T04:57:23+00:00</Time>
     <Position>
      <LatitudeDegrees>-33.4624300</LatitudeDegrees>
      <LongitudeDegrees>-71.0741200</LongitudeDegrees>
     </Position>
     <AltitudeMeters>179.49</AltitudeMeters>
     <DistanceMeters>115535.72085348514</DistanceMeters>
    </Trackpoint>
    <Trackpoint>
     <Time>2026-07-19T04:57:31+00:00</Time>
     <Position>
      <LatitudeDegrees>-33.4621000</LatitudeDegrees>
      <LongitudeDegrees>-71.0738700</LongitudeDegrees>
     </Position>
     <AltitudeMeters>179.48000000000002</AltitudeMeters>
     <DistanceMeters>115579.16870073961</DistanceMeters>
    </Trackpoint>
    <Trackpoint>
     <Time>2026-07-19T04:57:39+00:00</Time>
     <Position>
      <LatitudeDegrees>-33.4617900</LatitudeDegrees>
      <LongitudeDegrees>-71.0735400</LongitudeDegrees>
     </Position>
     <AltitudeMeters>179.53000000000003</AltitudeMeters>
     <DistanceMeters>115625.31171643033</DistanceMeters>
    </Trackpoint>
    <Trackpoint>
     <Time>2026-07-19T04:57:47+00:00</Time>
     <Position>
      <LatitudeDegrees>-33.4612650</LatitudeDegrees>
      <LongitudeDegrees>-71.0728300</LongitudeDegrees>
     </Position>
     <AltitudeMeters>179.46</AltitudeMeters>
     <DistanceMeters>115713.40226955616</DistanceMeters>
    </Trackpoint>
    <Trackpoint>
     <Time>2026-07-19T04:57:56+00:00</Time>
     <Position>
      <LatitudeDegrees>-33.4607400</LatitudeDegrees>
      <LongitudeDegrees>-71.0721200</LongitudeDegrees>
     </Position>
     <AltitudeMeters>179.25000000000003</AltitudeMeters>
     <DistanceMeters>115801.49279771591</DistanceMeters>
    </Trackpoint>
    <Trackpoint>
     <Time>2026-07-19T04:58:04+00:00</Time>
     <Position>
      <LatitudeDegrees>-33.4603600</LatitudeDegrees>
      <LongitudeDegrees>-71.0715650</LongitudeDegrees>
     </Position>
     <AltitudeMeters>179.14000000000001</AltitudeMeters>
     <DistanceMeters>115868.15751567937</DistanceMeters>
    </Trackpoint>
    <Trackpoint>
     <Time>2026-07-19T04:58:12+00:00</Time>
     <Position>
      <LatitudeDegrees>-33.4599800</LatitudeDegrees>
      <LongitudeDegrees>-71.0710100</LongitudeDegrees>
     </Position>
     <AltitudeMeters>179.16</AltitudeMeters>
     <DistanceMeters>115934.82225058955</DistanceMeters>
    </Trackpoint>
    <Trackpoint>
     <Time>2026-07-19T04:58:20+00:00</Time>
     <Position>
      <LatitudeDegrees>-33.4596600</LatitudeDegrees>
      <LongitudeDegrees>-71.0706900</LongitudeDegrees>
     </Position>
     <AltitudeMeters>179.29</AltitudeMeters>
     <DistanceMeters>115981.20351700415</DistanceMeters>
    </Trackpoint>
    <Trackpoint>
     <Time>2026-07-19T04:58:29+00:00</Time>
     <Position>
      <LatitudeDegrees>-33.4591300</LatitudeDegrees>
      <LongitudeDegrees>-71.0702000</LongitudeDegrees>
     </Position>
     <AltitudeMeters>179.25000000000003</AltitudeMeters>
     <DistanceMeters>116055.69798577817</DistanceMeters>
    </Trackpoint>
    <Trackpoint>
     <Time>2026-07-19T04:58:37+00:00</Time>
     <Position>
      <LatitudeDegrees>-33.4584600</LatitudeDegrees>
      <LongitudeDegrees>-71.0695200</LongitudeDegrees>
     </Position>
     <AltitudeMeters>179.36</AltitudeMeters>
     <DistanceMeters>116153.40665840534</DistanceMeters>
    </Trackpoint>
    <Trackpoint>
     <Time>2026-07-19T04:58:45+00:00</Time>
     <Position>
      <LatitudeDegrees>-33.4580500</LatitudeDegrees>
      <LongitudeDegrees>-71.0691800</LongitudeDegrees>
     </Position>
     <AltitudeMeters>179.18</AltitudeMeters>
     <DistanceMeters>116208.89419784733</DistanceMeters>
    </Trackpoint>
    <Trackpoint>
     <Time>2026-07-19T04:58:54+00:00</Time>
     <Position>
      <LatitudeDegrees>-33.4572550</LatitudeDegrees>
      <LongitudeDegrees>-71.0687250</LongitudeDegrees>
     </Position>
     <AltitudeMeters>179.37</AltitudeMeters>
     <DistanceMeters>116306.9434333612</DistanceMeters>
    </Trackpoint>
    <Trackpoint>
     <Time>2026-07-19T04:59:02+00:00</Time>
     <Position>
      <LatitudeDegrees>-33.4564600</LatitudeDegrees>
      <LongitudeDegrees>-71.0682700</LongitudeDegrees>
     </Position>
     <AltitudeMeters>179.75000000000003</AltitudeMeters>
     <DistanceMeters>116404.99266012745</DistanceMeters>
    </Trackpoint>
    <Trackpoint>
     <Time>2026-07-19T04:59:10+00:00</Time>
     <Position>
      <LatitudeDegrees>-33.4559150</LatitudeDegrees>
      <LongitudeDegrees>-71.0678450</LongitudeDegrees>
     </Position>
     <AltitudeMeters>179.70000000000002</AltitudeMeters>
     <DistanceMeters>116477.35652529243</DistanceMeters>
    </Trackpoint>
    <Trackpoint>
     <Time>2026-07-19T04:59:18+00:00</Time>
     <Position>
      <LatitudeDegrees>-33.4553700</LatitudeDegrees>
      <LongitudeDegrees>-71.0674200</LongitudeDegrees>
     </Position>
     <AltitudeMeters>180.04</AltitudeMeters>
     <DistanceMeters>116549.7204067959</DistanceMeters>
    </Trackpoint>
    <Trackpoint>
     <Time>2026-07-19T04:59:27+00:00</Time>
     <Position>
      <LatitudeDegrees>-33.4548800</LatitudeDegrees>
      <LongitudeDegrees>-71.0670800</LongitudeDegrees>
     </Position>
     <AltitudeMeters>180.38</AltitudeMeters>
     <DistanceMeters>116612.7345593873</DistanceMeters>
    </Trackpoint>
    <Trackpoint>
     <Time>2026-07-19T04:59:35+00:00</Time>
     <Position>
      <LatitudeDegrees>-33.4543150</LatitudeDegrees>
      <LongitudeDegrees>-71.0667600</LongitudeDegrees>
     </Position>
     <AltitudeMeters>180.49</AltitudeMeters>
     <DistanceMeters>116682.2837382823</DistanceMeters>
    </Trackpoint>
    <Trackpoint>
     <Time>2026-07-19T04:59:43+00:00</Time>
     <Position>
      <LatitudeDegrees>-33.4537500</LatitudeDegrees>
      <LongitudeDegrees>-71.0664400</LongitudeDegrees>
     </Position>
     <AltitudeMeters>180.65</AltitudeMeters>
     <DistanceMeters>116751.83288919226</DistanceMeters>
    </Trackpoint>
    <Trackpoint>
     <Time>2026-07-19T04:59:51+00:00</Time>
     <Position>
      <LatitudeDegrees>-33.4529250</LatitudeDegrees>
      <LongitudeDegrees>-71.0661300</LongitudeDegrees>
     </Position>
     <AltitudeMeters>181.00000000000003</AltitudeMeters>
     <DistanceMeters>116848.0584309437</DistanceMeters>
    </Trackpoint>
    <Trackpoint>
     <Time>2026-07-19T05:00:00+00:00</Time>
     <Position>
      <LatitudeDegrees>-33.4521000</LatitudeDegrees>
      <LongitudeDegrees>-71.0658200</LongitudeDegrees>
     </Position>
     <AltitudeMeters>181.56000000000003</AltitudeMeters>
     <DistanceMeters>116944.28397828263</DistanceMeters>
    </Trackpoint>
    <Trackpoint>
     <Time>2026-07-19T05:00:08+00:00</Time>
     <Position>
      <LatitudeDegrees>-33.4519000</LatitudeDegrees>
      <LongitudeDegrees>-71.0657700</LongitudeDegrees>
     </Position>
     <AltitudeMeters>181.57</AltitudeMeters>
     <DistanceMeters>116967.02218980169</DistanceMeters>
    </Trackpoint>
    <Trackpoint>
     <Time>2026-07-19T05:00:16+00:00</Time>
     <Position>
      <LatitudeDegrees>-33.4517000</LatitudeDegrees>
      <LongitudeDegrees>-71.0657700</LongitudeDegrees>
     </Position>
     <AltitudeMeters>181.50000000000003</AltitudeMeters>
     <DistanceMeters>116989.28132568981</DistanceMeters>
    </Trackpoint>
    <Trackpoint>
     <Time>2026-07-19T05:00:25+00:00</Time>
     <Position>
      <LatitudeDegrees>-33.4511150</LatitudeDegrees>
      <LongitudeDegrees>-71.0658150</LongitudeDegrees>
     </Position>
     <AltitudeMeters>181.58</AltitudeMeters>
     <DistanceMeters>117054.52326989787</DistanceMeters>
    </Trackpoint>
    <Trackpoint>
     <Time>2026-07-19T05:00:33+00:00</Time>
     <Position>
      <LatitudeDegrees>-33.4505300</LatitudeDegrees>
      <LongitudeDegrees>-71.0658600</LongitudeDegrees>
     </Position>
     <AltitudeMeters>181.81000000000003</AltitudeMeters>
     <DistanceMeters>117119.76519003064</DistanceMeters>
    </Trackpoint>
    <Trackpoint>
     <Time>2026-07-19T05:00:41+00:00</Time>
     <Position>
      <LatitudeDegrees>-33.4497900</LatitudeDegrees>
      <LongitudeDegrees>-71.0658700</LongitudeDegrees>
     </Position>
     <AltitudeMeters>181.97000000000003</AltitudeMeters>
     <DistanceMeters>117202.12922780369</DistanceMeters>
    </Trackpoint>
    <Trackpoint>
     <Time>2026-07-19T05:00:49+00:00</Time>
     <Position>
      <LatitudeDegrees>-33.4495900</LatitudeDegrees>
      <LongitudeDegrees>-71.0659000</LongitudeDegrees>
     </Position>
     <AltitudeMeters>181.97000000000003</AltitudeMeters>
     <DistanceMeters>117224.56201879465</DistanceMeters>
    </Trackpoint>
    <Trackpoint>
     <Time>2026-07-19T05:00:58+00:00</Time>
     <Position>
      <LatitudeDegrees>-33.4488700</LatitudeDegrees>
      <LongitudeDegrees>-71.0660800</LongitudeDegrees>
     </Position>
     <AltitudeMeters>182.03000000000003</AltitudeMeters>
     <DistanceMeters>117306.4196892762</DistanceMeters>
    </Trackpoint>
    <Trackpoint>
     <Time>2026-07-19T05:01:06+00:00</Time>
     <Position>
      <LatitudeDegrees>-33.4485200</LatitudeDegrees>
      <LongitudeDegrees>-71.0660500</LongitudeDegrees>
     </Position>
     <AltitudeMeters>182.09</AltitudeMeters>
     <DistanceMeters>117345.47267086952</DistanceMeters>
    </Trackpoint>
    <Trackpoint>
     <Time>2026-07-19T05:01:14+00:00</Time>
     <Position>
      <LatitudeDegrees>-33.4483400</LatitudeDegrees>
      <LongitudeDegrees>-71.0660300</LongitudeDegrees>
     </Position>
     <AltitudeMeters>182.09</AltitudeMeters>
     <DistanceMeters>117365.59180158822</DistanceMeters>
    </Trackpoint>
    <Trackpoint>
     <Time>2026-07-19T05:01:22+00:00</Time>
     <Position>
      <LatitudeDegrees>-33.4480500</LatitudeDegrees>
      <LongitudeDegrees>-71.0659000</LongitudeDegrees>
     </Position>
     <AltitudeMeters>182.17000000000002</AltitudeMeters>
     <DistanceMeters>117400.05138444356</DistanceMeters>
    </Trackpoint>
    <Trackpoint>
     <Time>2026-07-19T05:01:31+00:00</Time>
     <Position>
      <LatitudeDegrees>-33.4473950</LatitudeDegrees>
      <LongitudeDegrees>-71.0654700</LongitudeDegrees>
     </Position>
     <AltitudeMeters>182.37</AltitudeMeters>
     <DistanceMeters>117483.17027421034</DistanceMeters>
    </Trackpoint>
    <Trackpoint>
     <Time>2026-07-19T05:01:39+00:00</Time>
     <Position>
      <LatitudeDegrees>-33.4467400</LatitudeDegrees>
      <LongitudeDegrees>-71.0650400</LongitudeDegrees>
     </Position>
     <AltitudeMeters>182.86</AltitudeMeters>
     <DistanceMeters>117566.28917722372</DistanceMeters>
    </Trackpoint>
    <Trackpoint>
     <Time>2026-07-19T05:01:47+00:00</Time>
     <Position>
      <LatitudeDegrees>-33.4465000</LatitudeDegrees>
      <LongitudeDegrees>-71.0649300</LongitudeDegrees>
     </Position>
     <AltitudeMeters>183.03000000000003</AltitudeMeters>
     <DistanceMeters>117594.8868172432</DistanceMeters>
    </Trackpoint>
    <Trackpoint>
     <Time>2026-07-19T05:01:56+00:00</Time>
     <Position>
      <LatitudeDegrees>-33.4463400</LatitudeDegrees>
      <LongitudeDegrees>-71.0649200</LongitudeDegrees>
     </Position>
     <AltitudeMeters>183.03000000000003</AltitudeMeters>
     <DistanceMeters>117612.71832418402</DistanceMeters>
    </Trackpoint>
    <Trackpoint>
     <Time>2026-07-19T05:02:04+00:00</Time>
     <Position>
      <LatitudeDegrees>-33.4461700</LatitudeDegrees>
      <LongitudeDegrees>-71.0649200</LongitudeDegrees>
     </Position>
     <AltitudeMeters>183.03000000000003</AltitudeMeters>
     <DistanceMeters>117631.63858968865</DistanceMeters>
    </Trackpoint>
    <Trackpoint>
     <Time>2026-07-19T05:02:12+00:00</Time>
     <Position>
      <LatitudeDegrees>-33.4459200</LatitudeDegrees>
      <LongitudeDegrees>-71.0650200</LongitudeDegrees>
     </Position>
     <AltitudeMeters>183.06000000000003</AltitudeMeters>
     <DistanceMeters>117660.97135103951</DistanceMeters>
    </Trackpoint>
    <Trackpoint>
     <Time>2026-07-19T05:02:20+00:00</Time>
     <Position>
      <LatitudeDegrees>-33.4454400</LatitudeDegrees>
      <LongitudeDegrees>-71.0653750</LongitudeDegrees>
     </Position>
     <AltitudeMeters>183.54</AltitudeMeters>
     <DistanceMeters>117723.74683080598</DistanceMeters>
    </Trackpoint>
    <Trackpoint>
     <Time>2026-07-19T05:02:29+00:00</Time>
     <Position>
      <LatitudeDegrees>-33.4449600</LatitudeDegrees>
      <LongitudeDegrees>-71.0657300</LongitudeDegrees>
     </Position>
     <AltitudeMeters>184.4</AltitudeMeters>
     <DistanceMeters>117786.52232301995</DistanceMeters>
    </Trackpoint>
    <Trackpoint>
     <Time>2026-07-19T05:02:37+00:00</Time>
     <Position>
      <LatitudeDegrees>-33.4445100</LatitudeDegrees>
      <LongitudeDegrees>-71.0659600</LongitudeDegrees>
     </Position>
     <AltitudeMeters>185.08</AltitudeMeters>
     <DistanceMeters>117840.96989248708</DistanceMeters>
    </Trackpoint>
    <Trackpoint>
     <Time>2026-07-19T05:02:45+00:00</Time>
     <Position>
      <LatitudeDegrees>-33.4442900</LatitudeDegrees>
      <LongitudeDegrees>-71.0660400</LongitudeDegrees>
     </Position>
     <AltitudeMeters>185.15</AltitudeMeters>
     <DistanceMeters>117866.55726396995</DistanceMeters>
    </Trackpoint>
    <Trackpoint>
     <Time>2026-07-19T05:02:53+00:00</Time>
     <Position>
      <LatitudeDegrees>-33.4438200</LatitudeDegrees>
      <LongitudeDegrees>-71.0661200</LongitudeDegrees>
     </Position>
     <AltitudeMeters>184.9</AltitudeMeters>
     <DistanceMeters>117919.39119855457</DistanceMeters>
    </Trackpoint>
    <Trackpoint>
     <Time>2026-07-19T05:03:02+00:00</Time>
     <Position>
      <LatitudeDegrees>-33.4432600</LatitudeDegrees>
      <LongitudeDegrees>-71.0660800</LongitudeDegrees>
     </Position>
     <AltitudeMeters>184.2</AltitudeMeters>
     <DistanceMeters>117981.82738389222</DistanceMeters>
    </Trackpoint>
    <Trackpoint>
     <Time>2026-07-19T05:03:10+00:00</Time>
     <Position>
      <LatitudeDegrees>-33.4428000</LatitudeDegrees>
      <LongitudeDegrees>-71.0660350</LongitudeDegrees>
     </Position>
     <AltitudeMeters>184.21</AltitudeMeters>
     <DistanceMeters>118033.1936796161</DistanceMeters>
    </Trackpoint>
    <Trackpoint>
     <Time>2026-07-19T05:03:18+00:00</Time>
     <Position>
      <LatitudeDegrees>-33.4423400</LatitudeDegrees>
      <LongitudeDegrees>-71.0659900</LongitudeDegrees>
     </Position>
     <AltitudeMeters>184.28000000000003</AltitudeMeters>
     <DistanceMeters>118084.55998207259</DistanceMeters>
    </Trackpoint>
    <Trackpoint>
     <Time>2026-07-19T05:03:27+00:00</Time>
     <Position>
      <LatitudeDegrees>-33.4419100</LatitudeDegrees>
      <LongitudeDegrees>-71.0659900</LongitudeDegrees>
     </Position>
     <AltitudeMeters>184.33</AltitudeMeters>
     <DistanceMeters>118132.4171242323</DistanceMeters>
    </Trackpoint>
    <Trackpoint>
     <Time>2026-07-19T05:03:35+00:00</Time>
     <Position>
      <LatitudeDegrees>-33.4411300</LatitudeDegrees>
      <LongitudeDegrees>-71.0661500</LongitudeDegrees>
     </Position>
     <AltitudeMeters>184.61</AltitudeMeters>
     <DistanceMeters>118220.49031515449</DistanceMeters>
    </Trackpoint>
    <Trackpoint>
     <Time>2026-07-19T05:03:43+00:00</Time>
     <Position>
      <LatitudeDegrees>-33.4403500</LatitudeDegrees>
      <LongitudeDegrees>-71.0663100</LongitudeDegrees>
     </Position>
     <AltitudeMeters>184.92000000000002</AltitudeMeters>
     <DistanceMeters>118308.56349343207</DistanceMeters>
    </Trackpoint>
    <Trackpoint>
     <Time>2026-07-19T05:03:51+00:00</Time>
     <Position>
      <LatitudeDegrees>-33.4400300</LatitudeDegrees>
      <LongitudeDegrees>-71.0663100</LongitudeDegrees>
     </Position>
     <AltitudeMeters>185.10000000000002</AltitudeMeters>
     <DistanceMeters>118344.17811085338</DistanceMeters>
    </Trackpoint>
    <Trackpoint>
     <Time>2026-07-19T05:04:00+00:00</Time>
     <Position>
      <LatitudeDegrees>-33.4398500</LatitudeDegrees>
      <LongitudeDegrees>-71.0662600</LongitudeDegrees>
     </Position>
     <AltitudeMeters>185.23</AltitudeMeters>
     <DistanceMeters>118364.74247623209</DistanceMeters>
    </Trackpoint>
    <Trackpoint>
     <Time>2026-07-19T05:04:08+00:00</Time>
     <Position>
      <LatitudeDegrees>-33.4392700</LatitudeDegrees>
      <LongitudeDegrees>-71.0660400</LongitudeDegrees>
     </Position>
     <AltitudeMeters>185.45</AltitudeMeters>
     <DistanceMeters>118432.45041631788</DistanceMeters>
    </Trackpoint>
    <Trackpoint>
     <Time>2026-07-19T05:04:16+00:00</Time>
     <Position>
      <LatitudeDegrees>-33.4386900</LatitudeDegrees>
      <LongitudeDegrees>-71.0658200</LongitudeDegrees>
     </Position>
     <AltitudeMeters>185.57000000000002</AltitudeMeters>
     <DistanceMeters>118500.15833922791</DistanceMeters>
    </Trackpoint>
    <Trackpoint>
     <Time>2026-07-19T05:04:24+00:00</Time>
     <Position>
      <LatitudeDegrees>-33.4381450</LatitudeDegrees>
      <LongitudeDegrees>-71.0656800</LongitudeDegrees>
     </Position>
     <AltitudeMeters>185.46</AltitudeMeters>
     <DistanceMeters>118562.1924156062</DistanceMeters>
    </Trackpoint>
    <Trackpoint>
     <Time>2026-07-19T05:04:33+00:00</Time>
     <Position>
      <LatitudeDegrees>-33.4376000</LatitudeDegrees>
      <LongitudeDegrees>-71.0655400</LongitudeDegrees>
     </Position>
     <AltitudeMeters>185.34</AltitudeMeters>
     <DistanceMeters>118624.22654431601</DistanceMeters>
    </Trackpoint>
    <Trackpoint>
     <Time>2026-07-19T05:04:41+00:00</Time>
     <Position>
      <LatitudeDegrees>-33.4368800</LatitudeDegrees>
      <LongitudeDegrees>-71.0653700</LongitudeDegrees>
     </Position>
     <AltitudeMeters>185.48</AltitudeMeters>
     <DistanceMeters>118705.90007247418</DistanceMeters>
    </Trackpoint>
    <Trackpoint>
     <Time>2026-07-19T05:04:49+00:00</Time>
     <Position>
      <LatitudeDegrees>-33.4365600</LatitudeDegrees>
      <LongitudeDegrees>-71.0652500</LongitudeDegrees>
     </Position>
     <AltitudeMeters>185.55</AltitudeMeters>
     <DistanceMeters>118743.21781368015</DistanceMeters>
    </Trackpoint>
    <Trackpoint>
     <Time>2026-07-19T05:04:57+00:00</Time>
     <Position>
      <LatitudeDegrees>-33.4359000</LatitudeDegrees>
      <LongitudeDegrees>-71.0649000</LongitudeDegrees>
     </Position>
     <AltitudeMeters>185.81</AltitudeMeters>
     <DistanceMeters>118823.5443449712</DistanceMeters>
    </Trackpoint>
    <Trackpoint>
     <Time>2026-07-19T05:05:06+00:00</Time>
     <Position>
      <LatitudeDegrees>-33.4352400</LatitudeDegrees>
      <LongitudeDegrees>-71.0645500</LongitudeDegrees>
     </Position>
     <AltitudeMeters>186.08</AltitudeMeters>
     <DistanceMeters>118903.87086202473</DistanceMeters>
    </Trackpoint>
    <Trackpoint>
     <Time>2026-07-19T05:05:14+00:00</Time>
     <Position>
      <LatitudeDegrees>-33.4348050</LatitudeDegrees>
      <LongitudeDegrees>-71.0642650</LongitudeDegrees>
     </Position>
     <AltitudeMeters>186.11</AltitudeMeters>
     <DistanceMeters>118959.04826952312</DistanceMeters>
    </Trackpoint>
    <Trackpoint>
     <Time>2026-07-19T05:05:22+00:00</Time>
     <Position>
      <LatitudeDegrees>-33.4343700</LatitudeDegrees>
      <LongitudeDegrees>-71.0639800</LongitudeDegrees>
     </Position>
     <AltitudeMeters>185.85000000000002</AltitudeMeters>
     <DistanceMeters>119014.22570062272</DistanceMeters>
    </Trackpoint>
    <Trackpoint>
     <Time>2026-07-19T05:05:31+00:00</Time>
     <Position>
      <LatitudeDegrees>-33.4340700</LatitudeDegrees>
      <LongitudeDegrees>-71.0638400</LongitudeDegrees>
     </Position>
     <AltitudeMeters>185.72000000000003</AltitudeMeters>
     <DistanceMeters>119050.05701032214</DistanceMeters>
    </Trackpoint>
    <Trackpoint>
     <Time>2026-07-19T05:05:39+00:00</Time>
     <Position>
      <LatitudeDegrees>-33.4337200</LatitudeDegrees>
      <LongitudeDegrees>-71.0637100</LongitudeDegrees>
     </Position>
     <AltitudeMeters>185.73</AltitudeMeters>
     <DistanceMeters>119090.83888456588</DistanceMeters>
    </Trackpoint>
    <Trackpoint>
     <Time>2026-07-19T05:05:47+00:00</Time>
     <Position>
      <LatitudeDegrees>-33.4335300</LatitudeDegrees>
      <LongitudeDegrees>-71.0636300</LongitudeDegrees>
     </Position>
     <AltitudeMeters>185.83</AltitudeMeters>
     <DistanceMeters>119113.25250838257</DistanceMeters>
    </Trackpoint>
    <Trackpoint>
     <Time>2026-07-19T05:05:55+00:00</Time>
     <Position>
      <LatitudeDegrees>-33.4333600</LatitudeDegrees>
      <LongitudeDegrees>-71.0634900</LongitudeDegrees>
     </Position>
     <AltitudeMeters>185.69000000000003</AltitudeMeters>
     <DistanceMeters>119136.21022337976</DistanceMeters>
    </Trackpoint>
    <Trackpoint>
     <Time>2026-07-19T05:06:04+00:00</Time>
     <Position>
      <LatitudeDegrees>-33.4332000</LatitudeDegrees>
      <LongitudeDegrees>-71.0633200</LongitudeDegrees>
     </Position>
     <AltitudeMeters>185.65</AltitudeMeters>
     <DistanceMeters>119160.00955670977</DistanceMeters>
    </Trackpoint>
    <Trackpoint>
     <Time>2026-07-19T05:06:12+00:00</Time>
     <Position>
      <LatitudeDegrees>-33.4326440</LatitudeDegrees>
      <LongitudeDegrees>-71.0625240</LongitudeDegrees>
     </Position>
     <AltitudeMeters>185.58</AltitudeMeters>
     <DistanceMeters>119256.42171858952</DistanceMeters>
    </Trackpoint>
    <Trackpoint>
     <Time>2026-07-19T05:06:20+00:00</Time>
     <Position>
      <LatitudeDegrees>-33.4320880</LatitudeDegrees>
      <LongitudeDegrees>-71.0617280</LongitudeDegrees>
     </Position>
     <AltitudeMeters>185.72000000000003</AltitudeMeters>
     <DistanceMeters>119352.83388046645</DistanceMeters>
    </Trackpoint>
    <Trackpoint>
     <Time>2026-07-19T05:06:28+00:00</Time>
     <Position>
      <LatitudeDegrees>-33.4315320</LatitudeDegrees>
      <LongitudeDegrees>-71.0609320</LongitudeDegrees>
     </Position>
     <AltitudeMeters>185.54000000000002</AltitudeMeters>
     <DistanceMeters>119449.24604234552</DistanceMeters>
    </Trackpoint>
    <Trackpoint>
     <Time>2026-07-19T05:06:37+00:00</Time>
     <Position>
      <LatitudeDegrees>-33.4309760</LatitudeDegrees>
      <LongitudeDegrees>-71.0601360</LongitudeDegrees>
     </Position>
     <AltitudeMeters>186.00000000000003</AltitudeMeters>
     <DistanceMeters>119545.65820422352</DistanceMeters>
    </Trackpoint>
    <Trackpoint>
     <Time>2026-07-19T05:06:45+00:00</Time>
     <Position>
      <LatitudeDegrees>-33.4304200</LatitudeDegrees>
      <LongitudeDegrees>-71.0593400</LongitudeDegrees>
     </Position>
     <AltitudeMeters>186.73</AltitudeMeters>
     <DistanceMeters>119642.07036380447</DistanceMeters>
    </Trackpoint>
    <Trackpoint>
     <Time>2026-07-19T05:06:53+00:00</Time>
     <Position>
      <LatitudeDegrees>-33.4299075</LatitudeDegrees>
      <LongitudeDegrees>-71.0585950</LongitudeDegrees>
     </Position>
     <AltitudeMeters>186.50000000000003</AltitudeMeters>
     <DistanceMeters>119731.74669811506</DistanceMeters>
    </Trackpoint>
    <Trackpoint>
     <Time>2026-07-19T05:07:02+00:00</Time>
     <Position>
      <LatitudeDegrees>-33.4293950</LatitudeDegrees>
      <LongitudeDegrees>-71.0578500</LongitudeDegrees>
     </Position>
     <AltitudeMeters>185.65</AltitudeMeters>
     <DistanceMeters>119821.42303242323</DistanceMeters>
    </Trackpoint>
    <Trackpoint>
     <Time>2026-07-19T05:07:10+00:00</Time>
     <Position>
      <LatitudeDegrees>-33.4288825</LatitudeDegrees>
      <LongitudeDegrees>-71.0571050</LongitudeDegrees>
     </Position>
     <AltitudeMeters>185.31</AltitudeMeters>
     <DistanceMeters>119911.09936673488</DistanceMeters>
    </Trackpoint>
    <Trackpoint>
     <Time>2026-07-19T05:07:18+00:00</Time>
     <Position>
      <LatitudeDegrees>-33.4283700</LatitudeDegrees>
      <LongitudeDegrees>-71.0563600</LongitudeDegrees>
     </Position>
     <AltitudeMeters>185.27</AltitudeMeters>
     <DistanceMeters>120000.775706157</DistanceMeters>
    </Trackpoint>
    <Trackpoint>
     <Time>2026-07-19T05:07:26+00:00</Time>
     <Position>
      <LatitudeDegrees>-33.4278200</LatitudeDegrees>
      <LongitudeDegrees>-71.0555658</LongitudeDegrees>
     </Position>
     <AltitudeMeters>185.17000000000002</AltitudeMeters>
     <DistanceMeters>120096.6339434411</DistanceMeters>
    </Trackpoint>
    <Trackpoint>
     <Time>2026-07-19T05:07:35+00:00</Time>
     <Position>
      <LatitudeDegrees>-33.4272701</LatitudeDegrees>
      <LongitudeDegrees>-71.0547716</LongitudeDegrees>
     </Position>
     <AltitudeMeters>185.06</AltitudeMeters>
     <DistanceMeters>120192.49218072438</DistanceMeters>
    </Trackpoint>
    <Trackpoint>
     <Time>2026-07-19T05:07:43+00:00</Time>
     <Position>
      <LatitudeDegrees>-33.4267201</LatitudeDegrees>
      <LongitudeDegrees>-71.0539774</LongitudeDegrees>
     </Position>
     <AltitudeMeters>184.91000000000003</AltitudeMeters>
     <DistanceMeters>120288.35041800805</DistanceMeters>
    </Trackpoint>
    <Trackpoint>
     <Time>2026-07-19T05:07:51+00:00</Time>
     <Position>
      <LatitudeDegrees>-33.4261701</LatitudeDegrees>
      <LongitudeDegrees>-71.0531832</LongitudeDegrees>
     </Position>
     <AltitudeMeters>184.60000000000002</AltitudeMeters>
     <DistanceMeters>120384.2086552923</DistanceMeters>
    </Trackpoint>
    <Trackpoint>
     <Time>2026-07-19T05:07:59+00:00</Time>
     <Position>
      <LatitudeDegrees>-33.4256201</LatitudeDegrees>
      <LongitudeDegrees>-71.0523890</LongitudeDegrees>
     </Position>
     <AltitudeMeters>184.09</AltitudeMeters>
     <DistanceMeters>120480.06689257533</DistanceMeters>
    </Trackpoint>
    <Trackpoint>
     <Time>2026-07-19T05:08:08+00:00</Time>
     <Position>
      <LatitudeDegrees>-33.4250701</LatitudeDegrees>
      <LongitudeDegrees>-71.0515948</LongitudeDegrees>
     </Position>
     <AltitudeMeters>184.00000000000003</AltitudeMeters>
     <DistanceMeters>120575.92512985785</DistanceMeters>
    </Trackpoint>
    <Trackpoint>
     <Time>2026-07-19T05:08:16+00:00</Time>
     <Position>
      <LatitudeDegrees>-33.4245201</LatitudeDegrees>
      <LongitudeDegrees>-71.0508007</LongitudeDegrees>
     </Position>
     <AltitudeMeters>183.98</AltitudeMeters>
     <DistanceMeters>120671.7833671421</DistanceMeters>
    </Trackpoint>
    <Trackpoint>
     <Time>2026-07-19T05:08:24+00:00</Time>
     <Position>
      <LatitudeDegrees>-33.4239701</LatitudeDegrees>
      <LongitudeDegrees>-71.0500065</LongitudeDegrees>
     </Position>
     <AltitudeMeters>184.04</AltitudeMeters>
     <DistanceMeters>120767.64160442626</DistanceMeters>
    </Trackpoint>
    <Trackpoint>
     <Time>2026-07-19T05:08:33+00:00</Time>
     <Position>
      <LatitudeDegrees>-33.4234201</LatitudeDegrees>
      <LongitudeDegrees>-71.0492124</LongitudeDegrees>
     </Position>
     <AltitudeMeters>184.21</AltitudeMeters>
     <DistanceMeters>120863.49984171003</DistanceMeters>
    </Trackpoint>
    <Trackpoint>
     <Time>2026-07-19T05:08:41+00:00</Time>
     <Position>
      <LatitudeDegrees>-33.4228701</LatitudeDegrees>
      <LongitudeDegrees>-71.0484182</LongitudeDegrees>
     </Position>
     <AltitudeMeters>184.55</AltitudeMeters>
     <DistanceMeters>120959.35807899362</DistanceMeters>
    </Trackpoint>
    <Trackpoint>
     <Time>2026-07-19T05:08:49+00:00</Time>
     <Position>
      <LatitudeDegrees>-33.4223200</LatitudeDegrees>
      <LongitudeDegrees>-71.0476241</LongitudeDegrees>
     </Position>
     <AltitudeMeters>185.7</AltitudeMeters>
     <DistanceMeters>121055.21631627723</DistanceMeters>
    </Trackpoint>
    <Trackpoint>
     <Time>2026-07-19T05:08:57+00:00</Time>
     <Position>
      <LatitudeDegrees>-33.4217700</LatitudeDegrees>
      <LongitudeDegrees>-71.0468300</LongitudeDegrees>
     </Position>
     <AltitudeMeters>186.92</AltitudeMeters>
     <DistanceMeters>121151.07455131374</DistanceMeters>
    </Trackpoint>
    <Trackpoint>
     <Time>2026-07-19T05:09:06+00:00</Time>
     <Position>
      <LatitudeDegrees>-33.4212167</LatitudeDegrees>
      <LongitudeDegrees>-71.0460867</LongitudeDegrees>
     </Position>
     <AltitudeMeters>193.91000000000003</AltitudeMeters>
     <DistanceMeters>121243.59732261358</DistanceMeters>
    </Trackpoint>
    <Trackpoint>
     <Time>2026-07-19T05:09:14+00:00</Time>
     <Position>
      <LatitudeDegrees>-33.4206633</LatitudeDegrees>
      <LongitudeDegrees>-71.0453433</LongitudeDegrees>
     </Position>
     <AltitudeMeters>194.51000000000002</AltitudeMeters>
     <DistanceMeters>121336.1200939116</DistanceMeters>
    </Trackpoint>
    <Trackpoint>
     <Time>2026-07-19T05:09:22+00:00</Time>
     <Position>
      <LatitudeDegrees>-33.4201100</LatitudeDegrees>
      <LongitudeDegrees>-71.0446000</LongitudeDegrees>
     </Position>
     <AltitudeMeters>190.57000000000002</AltitudeMeters>
     <DistanceMeters>121428.64285453213</DistanceMeters>
    </Trackpoint>
    <Trackpoint>
     <Time>2026-07-19T05:09:30+00:00</Time>
     <Position>
      <LatitudeDegrees>-33.4202200</LatitudeDegrees>
      <LongitudeDegrees>-71.0445000</LongitudeDegrees>
     </Position>
     <AltitudeMeters>190.49</AltitudeMeters>
     <DistanceMeters>121444.01071823794</DistanceMeters>
    </Trackpoint>
    <Trackpoint>
     <Time>2026-07-19T05:09:39+00:00</Time>
     <Position>
      <LatitudeDegrees>-33.4203300</LatitudeDegrees>
      <LongitudeDegrees>-71.0444600</LongitudeDegrees>
     </Position>
     <AltitudeMeters>190.49</AltitudeMeters>
     <DistanceMeters>121456.80470388166</DistanceMeters>
    </Trackpoint>
    <Trackpoint>
     <Time>2026-07-19T05:09:47+00:00</Time>
     <Position>
      <LatitudeDegrees>-33.4206500</LatitudeDegrees>
      <LongitudeDegrees>-71.0445900</LongitudeDegrees>
     </Position>
     <AltitudeMeters>190.20000000000002</AltitudeMeters>
     <DistanceMeters>121494.4109940874</DistanceMeters>
    </Trackpoint>
    <Trackpoint>
     <Time>2026-07-19T05:09:55+00:00</Time>
     <Position>
      <LatitudeDegrees>-33.4208000</LatitudeDegrees>
      <LongitudeDegrees>-71.0446000</LongitudeDegrees>
     </Position>
     <AltitudeMeters>189.51000000000002</AltitudeMeters>
     <DistanceMeters>121511.13117031226</DistanceMeters>
    </Trackpoint>
    <Trackpoint>
     <Time>2026-07-19T05:10:04+00:00</Time>
     <Position>
      <LatitudeDegrees>-33.4209600</LatitudeDegrees>
      <LongitudeDegrees>-71.0445900</LongitudeDegrees>
     </Position>
     <AltitudeMeters>189.51000000000002</AltitudeMeters>
     <DistanceMeters>121528.96269149061</DistanceMeters>
    </Trackpoint>
    <Trackpoint>
     <Time>2026-07-19T05:10:12+00:00</Time>
     <Position>
      <LatitudeDegrees>-33.4211400</LatitudeDegrees>
      <LongitudeDegrees>-71.0445400</LongitudeDegrees>
     </Position>
     <AltitudeMeters>189.51000000000002</AltitudeMeters>
     <DistanceMeters>121549.52728513203</DistanceMeters>
    </Trackpoint>
    <Trackpoint>
     <Time>2026-07-19T05:10:20+00:00</Time>
     <Position>
      <LatitudeDegrees>-33.4214100</LatitudeDegrees>
      <LongitudeDegrees>-71.0443600</LongitudeDegrees>
     </Position>
     <AltitudeMeters>189.14</AltitudeMeters>
     <DistanceMeters>121583.91581298668</DistanceMeters>
    </Trackpoint>
    <Trackpoint>
     <Time>2026-07-19T05:10:28+00:00</Time>
     <Position>
      <LatitudeDegrees>-33.4217200</LatitudeDegrees>
      <LongitudeDegrees>-71.0440200</LongitudeDegrees>
     </Position>
     <AltitudeMeters>189.21</AltitudeMeters>
     <DistanceMeters>121630.69044168663</DistanceMeters>
    </Trackpoint>
    <Trackpoint>
     <Time>2026-07-19T05:10:37+00:00</Time>
     <Position>
      <LatitudeDegrees>-33.4223180</LatitudeDegrees>
      <LongitudeDegrees>-71.0433060</LongitudeDegrees>
     </Position>
     <AltitudeMeters>189.84</AltitudeMeters>
     <DistanceMeters>121724.64977926108</DistanceMeters>
    </Trackpoint>
    <Trackpoint>
     <Time>2026-07-19T05:10:45+00:00</Time>
     <Position>
      <LatitudeDegrees>-33.4229160</LatitudeDegrees>
      <LongitudeDegrees>-71.0425920</LongitudeDegrees>
     </Position>
     <AltitudeMeters>189.60000000000002</AltitudeMeters>
     <DistanceMeters>121818.60911683612</DistanceMeters>
    </Trackpoint>
    <Trackpoint>
     <Time>2026-07-19T05:10:53+00:00</Time>
     <Position>
      <LatitudeDegrees>-33.4235140</LatitudeDegrees>
      <LongitudeDegrees>-71.0418780</LongitudeDegrees>
     </Position>
     <AltitudeMeters>190.65</AltitudeMeters>
     <DistanceMeters>121912.568454409</DistanceMeters>
    </Trackpoint>
    <Trackpoint>
     <Time>2026-07-19T05:11:01+00:00</Time>
     <Position>
      <LatitudeDegrees>-33.4241120</LatitudeDegrees>
      <LongitudeDegrees>-71.0411640</LongitudeDegrees>
     </Position>
     <AltitudeMeters>191.03</AltitudeMeters>
     <DistanceMeters>122006.52779198525</DistanceMeters>
    </Trackpoint>
    <Trackpoint>
     <Time>2026-07-19T05:11:10+00:00</Time>
     <Position>
      <LatitudeDegrees>-33.4247100</LatitudeDegrees>
      <LongitudeDegrees>-71.0404500</LongitudeDegrees>
     </Position>
     <AltitudeMeters>191.68</AltitudeMeters>
     <DistanceMeters>122100.48712963526</DistanceMeters>
    </Trackpoint>
    <Trackpoint>
     <Time>2026-07-19T05:11:18+00:00</Time>
     <Position>
      <LatitudeDegrees>-33.4251300</LatitudeDegrees>
      <LongitudeDegrees>-71.0399750</LongitudeDegrees>
     </Position>
     <AltitudeMeters>192.77</AltitudeMeters>
     <DistanceMeters>122164.76585574732</DistanceMeters>
    </Trackpoint>
    <Trackpoint>
     <Time>2026-07-19T05:11:26+00:00</Time>
     <Position>
      <LatitudeDegrees>-33.4255500</LatitudeDegrees>
      <LongitudeDegrees>-71.0395000</LongitudeDegrees>
     </Position>
     <AltitudeMeters>194.15</AltitudeMeters>
     <DistanceMeters>122229.04459456026</DistanceMeters>
    </Trackpoint>
    <Trackpoint>
     <Time>2026-07-19T05:11:35+00:00</Time>
     <Position>
      <LatitudeDegrees>-33.4260825</LatitudeDegrees>
      <LongitudeDegrees>-71.0388400</LongitudeDegrees>
     </Position>
     <AltitudeMeters>195.46</AltitudeMeters>
     <DistanceMeters>122314.31268127453</DistanceMeters>
    </Trackpoint>
    <Trackpoint>
     <Time>2026-07-19T05:11:43+00:00</Time>
     <Position>
      <LatitudeDegrees>-33.4266150</LatitudeDegrees>
      <LongitudeDegrees>-71.0381800</LongitudeDegrees>
     </Position>
     <AltitudeMeters>196.17000000000002</AltitudeMeters>
     <DistanceMeters>122399.58076798762</DistanceMeters>
    </Trackpoint>
    <Trackpoint>
     <Time>2026-07-19T05:11:51+00:00</Time>
     <Position>
      <LatitudeDegrees>-33.4271475</LatitudeDegrees>
      <LongitudeDegrees>-71.0375200</LongitudeDegrees>
     </Position>
     <AltitudeMeters>197.03</AltitudeMeters>
     <DistanceMeters>122484.84885470028</DistanceMeters>
    </Trackpoint>
    <Trackpoint>
     <Time>2026-07-19T05:11:59+00:00</Time>
     <Position>
      <LatitudeDegrees>-33.4276800</LatitudeDegrees>
      <LongitudeDegrees>-71.0368600</LongitudeDegrees>
     </Position>
     <AltitudeMeters>197.76000000000002</AltitudeMeters>
     <DistanceMeters>122570.11696303777</DistanceMeters>
    </Trackpoint>
    <Trackpoint>
     <Time>2026-07-19T05:12:08+00:00</Time>
     <Position>
      <LatitudeDegrees>-33.4282586</LatitudeDegrees>
      <LongitudeDegrees>-71.0361615</LongitudeDegrees>
     </Position>
     <AltitudeMeters>198.66</AltitudeMeters>
     <DistanceMeters>122661.53100468835</DistanceMeters>
    </Trackpoint>
    <Trackpoint>
     <Time>2026-07-19T05:12:16+00:00</Time>
     <Position>
      <LatitudeDegrees>-33.4288372</LatitudeDegrees>
      <LongitudeDegrees>-71.0354629</LongitudeDegrees>
     </Position>
     <AltitudeMeters>199.05</AltitudeMeters>
     <DistanceMeters>122752.94504633761</DistanceMeters>
    </Trackpoint>
    <Trackpoint>
     <Time>2026-07-19T05:12:24+00:00</Time>
     <Position>
      <LatitudeDegrees>-33.4294157</LatitudeDegrees>
      <LongitudeDegrees>-71.0347643</LongitudeDegrees>
     </Position>
     <AltitudeMeters>200.05</AltitudeMeters>
     <DistanceMeters>122844.35908798924</DistanceMeters>
    </Trackpoint>
    <Trackpoint>
     <Time>2026-07-19T05:12:32+00:00</Time>
     <Position>
      <LatitudeDegrees>-33.4299943</LatitudeDegrees>
      <LongitudeDegrees>-71.0340658</LongitudeDegrees>
     </Position>
     <AltitudeMeters>200.70000000000002</AltitudeMeters>
     <DistanceMeters>122935.77312963855</DistanceMeters>
    </Trackpoint>
    <Trackpoint>
     <Time>2026-07-19T05:12:41+00:00</Time>
     <Position>
      <LatitudeDegrees>-33.4305729</LatitudeDegrees>
      <LongitudeDegrees>-71.0333672</LongitudeDegrees>
     </Position>
     <AltitudeMeters>201.52</AltitudeMeters>
     <DistanceMeters>123027.18717128981</DistanceMeters>
    </Trackpoint>
    <Trackpoint>
     <Time>2026-07-19T05:12:49+00:00</Time>
     <Position>
      <LatitudeDegrees>-33.4311514</LatitudeDegrees>
      <LongitudeDegrees>-71.0326686</LongitudeDegrees>
     </Position>
     <AltitudeMeters>202.0</AltitudeMeters>
     <DistanceMeters>123118.60121293891</DistanceMeters>
    </Trackpoint>
    <Trackpoint>
     <Time>2026-07-19T05:12:57+00:00</Time>
     <Position>
      <LatitudeDegrees>-33.4317300</LatitudeDegrees>
      <LongitudeDegrees>-71.0319700</LongitudeDegrees>
     </Position>
     <AltitudeMeters>201.88</AltitudeMeters>
     <DistanceMeters>123210.01526252645</DistanceMeters>
    </Trackpoint>
   </Track>
  </Course>
 </Courses>
</TrainingCenterDatabase>
