<?xml version="1.0" encoding="UTF-8"?>
<TrainingCenterDatabase xsi:schemaLocation="http://www.garmin.com/xmlschemas/TrainingCenterDatabase/v2 http://www.garmin.com/xmlschemas/TrainingCenterDatabasev2.xsd" xmlns:ns5="http://www.garmin.com/xmlschemas/ActivityGoals/v1" xmlns:ns3="http://www.garmin.com/xmlschemas/ActivityExtension/v2" xmlns:ns2="http://www.garmin.com/xmlschemas/UserProfile/v2" xmlns="http://www.garmin.com/xmlschemas/TrainingCenterDatabase/v2" xmlns:xsi="http://www.w3.org/2001/XMLSchema-instance">
 <Folders/>
 <Courses>
  <Course>
   <Name>Kross - Pangue </Name>
   <Lap>
    <TotalTimeSeconds>14270.443167864902</TotalTimeSeconds>
    <DistanceMeters>106943.8047100561</DistanceMeters>
    <Intensity>Active</Intensity>
   </Lap>
   <Track>
    <Trackpoint>
     <Time>2026-07-19T00:31:01+00:00</Time>
     <Position>
      <LatitudeDegrees>-33.3429600</LatitudeDegrees>
      <LongitudeDegrees>-71.1428600</LongitudeDegrees>
     </Position>
     <AltitudeMeters>241.19</AltitudeMeters>
     <DistanceMeters>0.0</DistanceMeters>
    </Trackpoint>
    <Trackpoint>
     <Time>2026-07-19T00:31:08+00:00</Time>
     <Position>
      <LatitudeDegrees>-33.3421800</LatitudeDegrees>
      <LongitudeDegrees>-71.1427950</LongitudeDegrees>
     </Position>
     <AltitudeMeters>240.76000000000002</AltitudeMeters>
     <DistanceMeters>87.02074926349239</DistanceMeters>
    </Trackpoint>
    <Trackpoint>
     <Time>2026-07-19T00:31:15+00:00</Time>
     <Position>
      <LatitudeDegrees>-33.3414000</LatitudeDegrees>
      <LongitudeDegrees>-71.1427300</LongitudeDegrees>
     </Position>
     <AltitudeMeters>240.42000000000002</AltitudeMeters>
     <DistanceMeters>174.04148037525545</DistanceMeters>
    </Trackpoint>
    <Trackpoint>
     <Time>2026-07-19T00:31:22+00:00</Time>
     <Position>
      <LatitudeDegrees>-33.3412500</LatitudeDegrees>
      <LongitudeDegrees>-71.1426900</LongitudeDegrees>
     </Position>
     <AltitudeMeters>240.19</AltitudeMeters>
     <DistanceMeters>191.14508046507396</DistanceMeters>
    </Trackpoint>
    <Trackpoint>
     <Time>2026-07-19T00:31:29+00:00</Time>
     <Position>
      <LatitudeDegrees>-33.3411100</LatitudeDegrees>
      <LongitudeDegrees>-71.1426000</LongitudeDegrees>
     </Position>
     <AltitudeMeters>240.19</AltitudeMeters>
     <DistanceMeters>208.83132772715226</DistanceMeters>
    </Trackpoint>
    <Trackpoint>
     <Time>2026-07-19T00:31:36+00:00</Time>
     <Position>
      <LatitudeDegrees>-33.3409800</LatitudeDegrees>
      <LongitudeDegrees>-71.1421900</LongitudeDegrees>
     </Position>
     <AltitudeMeters>239.83</AltitudeMeters>
     <DistanceMeters>249.60562479572286</DistanceMeters>
    </Trackpoint>
    <Trackpoint>
     <Time>2026-07-19T00:31:43+00:00</Time>
     <Position>
      <LatitudeDegrees>-33.3409200</LatitudeDegrees>
      <LongitudeDegrees>-71.1413450</LongitudeDegrees>
     </Position>
     <AltitudeMeters>239.85</AltitudeMeters>
     <DistanceMeters>328.45538575868034</DistanceMeters>
    </Trackpoint>
    <Trackpoint>
     <Time>2026-07-19T00:31:50+00:00</Time>
     <Position>
      <LatitudeDegrees>-33.3408600</LatitudeDegrees>
      <LongitudeDegrees>-71.1405000</LongitudeDegrees>
     </Position>
     <AltitudeMeters>239.93000000000004</AltitudeMeters>
     <DistanceMeters>407.3051397601058</DistanceMeters>
    </Trackpoint>
    <Trackpoint>
     <Time>2026-07-19T00:31:57+00:00</Time>
     <Position>
      <LatitudeDegrees>-33.3408400</LatitudeDegrees>
      <LongitudeDegrees>-71.1404400</LongitudeDegrees>
     </Position>
     <AltitudeMeters>239.93000000000004</AltitudeMeters>
     <DistanceMeters>413.311508763364</DistanceMeters>
    </Trackpoint>
    <Trackpoint>
     <Time>2026-07-19T00:32:04+00:00</Time>
     <Position>
      <LatitudeDegrees>-33.3408000</LatitudeDegrees>
      <LongitudeDegrees>-71.1403700</LongitudeDegrees>
     </Position>
     <AltitudeMeters>239.94</AltitudeMeters>
     <DistanceMeters>421.19687440510125</DistanceMeters>
    </Trackpoint>
    <Trackpoint>
     <Time>2026-07-19T00:32:11+00:00</Time>
     <Position>
      <LatitudeDegrees>-33.3406900</LatitudeDegrees>
      <LongitudeDegrees>-71.1403100</LongitudeDegrees>
     </Position>
     <AltitudeMeters>239.93000000000004</AltitudeMeters>
     <DistanceMeters>434.65054544051117</DistanceMeters>
    </Trackpoint>
    <Trackpoint>
     <Time>2026-07-19T00:32:18+00:00</Time>
     <Position>
      <LatitudeDegrees>-33.3400850</LatitudeDegrees>
      <LongitudeDegrees>-71.1400400</LongitudeDegrees>
     </Position>
     <AltitudeMeters>239.90000000000003</AltitudeMeters>
     <DistanceMeters>506.51207810593536</DistanceMeters>
    </Trackpoint>
    <Trackpoint>
     <Time>2026-07-19T00:32:25+00:00</Time>
     <Position>
      <LatitudeDegrees>-33.3394800</LatitudeDegrees>
      <LongitudeDegrees>-71.1397700</LongitudeDegrees>
     </Position>
     <AltitudeMeters>240.13</AltitudeMeters>
     <DistanceMeters>578.373602384092</DistanceMeters>
    </Trackpoint>
    <Trackpoint>
     <Time>2026-07-19T00:32:32+00:00</Time>
     <Position>
      <LatitudeDegrees>-33.3391900</LatitudeDegrees>
      <LongitudeDegrees>-71.1395500</LongitudeDegrees>
     </Position>
     <AltitudeMeters>240.61</AltitudeMeters>
     <DistanceMeters>616.5855561452157</DistanceMeters>
    </Trackpoint>
    <Trackpoint>
     <Time>2026-07-19T00:32:40+00:00</Time>
     <Position>
      <LatitudeDegrees>-33.3386000</LatitudeDegrees>
      <LongitudeDegrees>-71.1390600</LongitudeDegrees>
     </Position>
     <AltitudeMeters>241.17000000000002</AltitudeMeters>
     <DistanceMeters>696.5077867443223</DistanceMeters>
    </Trackpoint>
    <Trackpoint>
     <Time>2026-07-19T00:32:47+00:00</Time>
     <Position>
      <LatitudeDegrees>-33.3384900</LatitudeDegrees>
      <LongitudeDegrees>-71.1390100</LongitudeDegrees>
     </Position>
     <AltitudeMeters>241.17000000000002</AltitudeMeters>
     <DistanceMeters>709.6033165671164</DistanceMeters>
    </Trackpoint>
    <Trackpoint>
     <Time>2026-07-19T00:32:54+00:00</Time>
     <Position>
      <LatitudeDegrees>-33.3383600</LatitudeDegrees>
      <LongitudeDegrees>-71.1389700</LongitudeDegrees>
     </Position>
     <AltitudeMeters>241.21</AltitudeMeters>
     <DistanceMeters>724.542137770187</DistanceMeters>
    </Trackpoint>
    <Trackpoint>
     <Time>2026-07-19T00:33:01+00:00</Time>
     <Position>
      <LatitudeDegrees>-33.3376000</LatitudeDegrees>
      <LongitudeDegrees>-71.1388800</LongitudeDegrees>
     </Position>
     <AltitudeMeters>241.65000000000003</AltitudeMeters>
     <DistanceMeters>809.5398016106028</DistanceMeters>
    </Trackpoint>
    <Trackpoint>
     <Time>2026-07-19T00:33:08+00:00</Time>
     <Position>
      <LatitudeDegrees>-33.3373900</LatitudeDegrees>
      <LongitudeDegrees>-71.1387800</LongitudeDegrees>
     </Position>
     <AltitudeMeters>241.88</AltitudeMeters>
     <DistanceMeters>834.6935440421527</DistanceMeters>
    </Trackpoint>
    <Trackpoint>
     <Time>2026-07-19T00:33:15+00:00</Time>
     <Position>
      <LatitudeDegrees>-33.3369500</LatitudeDegrees>
      <LongitudeDegrees>-71.1384800</LongitudeDegrees>
     </Position>
     <AltitudeMeters>242.37000000000003</AltitudeMeters>
     <DistanceMeters>891.051159107897</DistanceMeters>
    </Trackpoint>
    <Trackpoint>
     <Time>2026-07-19T00:33:22+00:00</Time>
     <Position>
      <LatitudeDegrees>-33.3367500</LatitudeDegrees>
      <LongitudeDegrees>-71.1383800</LongitudeDegrees>
     </Position>
     <AltitudeMeters>242.37000000000003</AltitudeMeters>
     <DistanceMeters>915.1743109101496</DistanceMeters>
    </Trackpoint>
    <Trackpoint>
     <Time>2026-07-19T00:33:29+00:00</Time>
     <Position>
      <LatitudeDegrees>-33.3365400</LatitudeDegrees>
      <LongitudeDegrees>-71.1383400</LongitudeDegrees>
     </Position>
     <AltitudeMeters>242.37000000000003</AltitudeMeters>
     <DistanceMeters>938.8404883176862</DistanceMeters>
    </Trackpoint>
    <Trackpoint>
     <Time>2026-07-19T00:33:36+00:00</Time>
     <Position>
      <LatitudeDegrees>-33.3360100</LatitudeDegrees>
      <LongitudeDegrees>-71.1384800</LongitudeDegrees>
     </Position>
     <AltitudeMeters>242.90000000000003</AltitudeMeters>
     <DistanceMeters>999.2465356808632</DistanceMeters>
    </Trackpoint>
    <Trackpoint>
     <Time>2026-07-19T00:33:43+00:00</Time>
     <Position>
      <LatitudeDegrees>-33.3354500</LatitudeDegrees>
      <LongitudeDegrees>-71.1385300</LongitudeDegrees>
     </Position>
     <AltitudeMeters>243.19000000000003</AltitudeMeters>
     <DistanceMeters>1061.7452786240403</DistanceMeters>
    </Trackpoint>
    <Trackpoint>
     <Time>2026-07-19T00:33:50+00:00</Time>
     <Position>
      <LatitudeDegrees>-33.3350900</LatitudeDegrees>
      <LongitudeDegrees>-71.1386200</LongitudeDegrees>
     </Position>
     <AltitudeMeters>243.47000000000003</AltitudeMeters>
     <DistanceMeters>1102.6763542824071</DistanceMeters>
    </Trackpoint>
    <Trackpoint>
     <Time>2026-07-19T00:33:57+00:00</Time>
     <Position>
      <LatitudeDegrees>-33.3343100</LatitudeDegrees>
      <LongitudeDegrees>-71.1388800</LongitudeDegrees>
     </Position>
     <AltitudeMeters>243.76000000000002</AltitudeMeters>
     <DistanceMeters>1192.7905364427852</DistanceMeters>
    </Trackpoint>
    <Trackpoint>
     <Time>2026-07-19T00:34:04+00:00</Time>
     <Position>
      <LatitudeDegrees>-33.3337700</LatitudeDegrees>
      <LongitudeDegrees>-71.1391000</LongitudeDegrees>
     </Position>
     <AltitudeMeters>244.07</AltitudeMeters>
     <DistanceMeters>1256.2763647866886</DistanceMeters>
    </Trackpoint>
    <Trackpoint>
     <Time>2026-07-19T00:34:12+00:00</Time>
     <Position>
      <LatitudeDegrees>-33.3333400</LatitudeDegrees>
      <LongitudeDegrees>-71.1393300</LongitudeDegrees>
     </Position>
     <AltitudeMeters>244.42000000000002</AltitudeMeters>
     <DistanceMeters>1308.694871950861</DistanceMeters>
    </Trackpoint>
    <Trackpoint>
     <Time>2026-07-19T00:34:19+00:00</Time>
     <Position>
      <LatitudeDegrees>-33.3327200</LatitudeDegrees>
      <LongitudeDegrees>-71.1397800</LongitudeDegrees>
     </Position>
     <AltitudeMeters>244.85</AltitudeMeters>
     <DistanceMeters>1389.3941450740172</DistanceMeters>
    </Trackpoint>
    <Trackpoint>
     <Time>2026-07-19T00:34:26+00:00</Time>
     <Position>
      <LatitudeDegrees>-33.3324500</LatitudeDegrees>
      <LongitudeDegrees>-71.1398700</LongitudeDegrees>
     </Position>
     <AltitudeMeters>245.04</AltitudeMeters>
     <DistanceMeters>1420.5875703328884</DistanceMeters>
    </Trackpoint>
    <Trackpoint>
     <Time>2026-07-19T00:34:33+00:00</Time>
     <Position>
      <LatitudeDegrees>-33.3321600</LatitudeDegrees>
      <LongitudeDegrees>-71.1399100</LongitudeDegrees>
     </Position>
     <AltitudeMeters>245.11</AltitudeMeters>
     <DistanceMeters>1453.0769295449834</DistanceMeters>
    </Trackpoint>
    <Trackpoint>
     <Time>2026-07-19T00:34:40+00:00</Time>
     <Position>
      <LatitudeDegrees>-33.3314750</LatitudeDegrees>
      <LongitudeDegrees>-71.1399050</LongitudeDegrees>
     </Position>
     <AltitudeMeters>245.38</AltitudeMeters>
     <DistanceMeters>1529.3159060028092</DistanceMeters>
    </Trackpoint>
    <Trackpoint>
     <Time>2026-07-19T00:34:47+00:00</Time>
     <Position>
      <LatitudeDegrees>-33.3307900</LatitudeDegrees>
      <LongitudeDegrees>-71.1399000</LongitudeDegrees>
     </Position>
     <AltitudeMeters>246.01</AltitudeMeters>
     <DistanceMeters>1605.5548458321698</DistanceMeters>
    </Trackpoint>
    <Trackpoint>
     <Time>2026-07-19T00:34:54+00:00</Time>
     <Position>
      <LatitudeDegrees>-33.3305700</LatitudeDegrees>
      <LongitudeDegrees>-71.1399100</LongitudeDegrees>
     </Position>
     <AltitudeMeters>246.01</AltitudeMeters>
     <DistanceMeters>1630.0575465728264</DistanceMeters>
    </Trackpoint>
    <Trackpoint>
     <Time>2026-07-19T00:35:01+00:00</Time>
     <Position>
      <LatitudeDegrees>-33.3300100</LatitudeDegrees>
      <LongitudeDegrees>-71.1400000</LongitudeDegrees>
     </Position>
     <AltitudeMeters>246.4</AltitudeMeters>
     <DistanceMeters>1692.9425126788528</DistanceMeters>
    </Trackpoint>
    <Trackpoint>
     <Time>2026-07-19T00:35:08+00:00</Time>
     <Position>
      <LatitudeDegrees>-33.3298100</LatitudeDegrees>
      <LongitudeDegrees>-71.1400000</LongitudeDegrees>
     </Position>
     <AltitudeMeters>246.46</AltitudeMeters>
     <DistanceMeters>1715.2016485669653</DistanceMeters>
    </Trackpoint>
    <Trackpoint>
     <Time>2026-07-19T00:35:15+00:00</Time>
     <Position>
      <LatitudeDegrees>-33.3291050</LatitudeDegrees>
      <LongitudeDegrees>-71.1398150</LongitudeDegrees>
     </Position>
     <AltitudeMeters>247.00000000000003</AltitudeMeters>
     <DistanceMeters>1795.5288964318954</DistanceMeters>
    </Trackpoint>
    <Trackpoint>
     <Time>2026-07-19T00:35:22+00:00</Time>
     <Position>
      <LatitudeDegrees>-33.3284000</LatitudeDegrees>
      <LongitudeDegrees>-71.1396300</LongitudeDegrees>
     </Position>
     <AltitudeMeters>247.52</AltitudeMeters>
     <DistanceMeters>1875.856140185154</DistanceMeters>
    </Trackpoint>
    <Trackpoint>
     <Time>2026-07-19T00:35:29+00:00</Time>
     <Position>
      <LatitudeDegrees>-33.3275900</LatitudeDegrees>
      <LongitudeDegrees>-71.1394600</LongitudeDegrees>
     </Position>
     <AltitudeMeters>248.25000000000003</AltitudeMeters>
     <DistanceMeters>1967.381245342875</DistanceMeters>
    </Trackpoint>
    <Trackpoint>
     <Time>2026-07-19T00:35:36+00:00</Time>
     <Position>
      <LatitudeDegrees>-33.3273700</LatitudeDegrees>
      <LongitudeDegrees>-71.1393300</LongitudeDegrees>
     </Position>
     <AltitudeMeters>248.19000000000003</AltitudeMeters>
     <DistanceMeters>1994.6880568849976</DistanceMeters>
    </Trackpoint>
    <Trackpoint>
     <Time>2026-07-19T00:35:44+00:00</Time>
     <Position>
      <LatitudeDegrees>-33.3267950</LatitudeDegrees>
      <LongitudeDegrees>-71.1388200</LongitudeDegrees>
     </Position>
     <AltitudeMeters>248.03000000000003</AltitudeMeters>
     <DistanceMeters>2074.341288516882</DistanceMeters>
    </Trackpoint>
    <Trackpoint>
     <Time>2026-07-19T00:35:51+00:00</Time>
     <Position>
      <LatitudeDegrees>-33.3262200</LatitudeDegrees>
      <LongitudeDegrees>-71.1383100</LongitudeDegrees>
     </Position>
     <AltitudeMeters>248.53000000000003</AltitudeMeters>
     <DistanceMeters>2153.9945054132418</DistanceMeters>
    </Trackpoint>
    <Trackpoint>
     <Time>2026-07-19T00:35:58+00:00</Time>
     <Position>
      <LatitudeDegrees>-33.3260200</LatitudeDegrees>
      <LongitudeDegrees>-71.1381600</LongitudeDegrees>
     </Position>
     <AltitudeMeters>248.87</AltitudeMeters>
     <DistanceMeters>2180.263232627783</DistanceMeters>
    </Trackpoint>
    <Trackpoint>
     <Time>2026-07-19T00:36:05+00:00</Time>
     <Position>
      <LatitudeDegrees>-33.3257800</LatitudeDegrees>
      <LongitudeDegrees>-71.1380700</LongitudeDegrees>
     </Position>
     <AltitudeMeters>249.13000000000002</AltitudeMeters>
     <DistanceMeters>2208.254723928253</DistanceMeters>
    </Trackpoint>
    <Trackpoint>
     <Time>2026-07-19T00:36:12+00:00</Time>
     <Position>
      <LatitudeDegrees>-33.3256200</LatitudeDegrees>
      <LongitudeDegrees>-71.1380300</LongitudeDegrees>
     </Position>
     <AltitudeMeters>249.43</AltitudeMeters>
     <DistanceMeters>2226.4463966490493</DistanceMeters>
    </Trackpoint>
    <Trackpoint>
     <Time>2026-07-19T00:36:19+00:00</Time>
     <Position>
      <LatitudeDegrees>-33.3250600</LatitudeDegrees>
      <LongitudeDegrees>-71.1379500</LongitudeDegrees>
     </Position>
     <AltitudeMeters>250.23</AltitudeMeters>
     <DistanceMeters>2289.2144242729296</DistanceMeters>
    </Trackpoint>
    <Trackpoint>
     <Time>2026-07-19T00:36:26+00:00</Time>
     <Position>
      <LatitudeDegrees>-33.3248400</LatitudeDegrees>
      <LongitudeDegrees>-71.1378400</LongitudeDegrees>
     </Position>
     <AltitudeMeters>250.69000000000003</AltitudeMeters>
     <DistanceMeters>2315.7504298155704</DistanceMeters>
    </Trackpoint>
    <Trackpoint>
     <Time>2026-07-19T00:36:33+00:00</Time>
     <Position>
      <LatitudeDegrees>-33.3247200</LatitudeDegrees>
      <LongitudeDegrees>-71.1377100</LongitudeDegrees>
     </Position>
     <AltitudeMeters>250.69000000000003</AltitudeMeters>
     <DistanceMeters>2333.76493099246</DistanceMeters>
    </Trackpoint>
    <Trackpoint>
     <Time>2026-07-19T00:36:40+00:00</Time>
     <Position>
      <LatitudeDegrees>-33.3245900</LatitudeDegrees>
      <LongitudeDegrees>-71.1375300</LongitudeDegrees>
     </Position>
     <AltitudeMeters>251.18</AltitudeMeters>
     <DistanceMeters>2355.8903883531902</DistanceMeters>
    </Trackpoint>
    <Trackpoint>
     <Time>2026-07-19T00:36:47+00:00</Time>
     <Position>
      <LatitudeDegrees>-33.3245200</LatitudeDegrees>
      <LongitudeDegrees>-71.1370900</LongitudeDegrees>
     </Position>
     <AltitudeMeters>252.01000000000002</AltitudeMeters>
     <DistanceMeters>2397.5434941628587</DistanceMeters>
    </Trackpoint>
    <Trackpoint>
     <Time>2026-07-19T00:36:54+00:00</Time>
     <Position>
      <LatitudeDegrees>-33.3246467</LatitudeDegrees>
      <LongitudeDegrees>-71.1362400</LongitudeDegrees>
     </Position>
     <AltitudeMeters>252.45</AltitudeMeters>
     <DistanceMeters>2477.8368390251526</DistanceMeters>
    </Trackpoint>
    <Trackpoint>
     <Time>2026-07-19T00:37:01+00:00</Time>
     <Position>
      <LatitudeDegrees>-33.3247733</LatitudeDegrees>
      <LongitudeDegrees>-71.1353900</LongitudeDegrees>
     </Position>
     <AltitudeMeters>252.81000000000003</AltitudeMeters>
     <DistanceMeters>2558.1301838866398</DistanceMeters>
    </Trackpoint>
    <Trackpoint>
     <Time>2026-07-19T00:37:08+00:00</Time>
     <Position>
      <LatitudeDegrees>-33.3249000</LatitudeDegrees>
      <LongitudeDegrees>-71.1345400</LongitudeDegrees>
     </Position>
     <AltitudeMeters>251.92000000000002</AltitudeMeters>
     <DistanceMeters>2638.4235206773715</DistanceMeters>
    </Trackpoint>
    <Trackpoint>
     <Time>2026-07-19T00:37:15+00:00</Time>
     <Position>
      <LatitudeDegrees>-33.3249000</LatitudeDegrees>
      <LongitudeDegrees>-71.1342300</LongitudeDegrees>
     </Position>
     <AltitudeMeters>251.29000000000002</AltitudeMeters>
     <DistanceMeters>2667.252027852476</DistanceMeters>
    </Trackpoint>
    <Trackpoint>
     <Time>2026-07-19T00:37:23+00:00</Time>
     <Position>
      <LatitudeDegrees>-33.3248600</LatitudeDegrees>
      <LongitudeDegrees>-71.1339500</LongitudeDegrees>
     </Position>
     <AltitudeMeters>250.28</AltitudeMeters>
     <DistanceMeters>2693.6685086121834</DistanceMeters>
    </Trackpoint>
    <Trackpoint>
     <Time>2026-07-19T00:37:30+00:00</Time>
     <Position>
      <LatitudeDegrees>-33.3247900</LatitudeDegrees>
      <LongitudeDegrees>-71.1336400</LongitudeDegrees>
     </Position>
     <AltitudeMeters>250.28</AltitudeMeters>
     <DistanceMeters>2723.5311813839617</DistanceMeters>
    </Trackpoint>
    <Trackpoint>
     <Time>2026-07-19T00:37:37+00:00</Time>
     <Position>
      <LatitudeDegrees>-33.3245900</LatitudeDegrees>
      <LongitudeDegrees>-71.1331900</LongitudeDegrees>
     </Position>
     <AltitudeMeters>249.61</AltitudeMeters>
     <DistanceMeters>2770.930745701141</DistanceMeters>
    </Trackpoint>
    <Trackpoint>
     <Time>2026-07-19T00:37:44+00:00</Time>
     <Position>
      <LatitudeDegrees>-33.3243700</LatitudeDegrees>
      <LongitudeDegrees>-71.1328900</LongitudeDegrees>
     </Position>
     <AltitudeMeters>249.59000000000003</AltitudeMeters>
     <DistanceMeters>2808.050208790606</DistanceMeters>
    </Trackpoint>
    <Trackpoint>
     <Time>2026-07-19T00:37:51+00:00</Time>
     <Position>
      <LatitudeDegrees>-33.3239900</LatitudeDegrees>
      <LongitudeDegrees>-71.1326100</LongitudeDegrees>
     </Position>
     <AltitudeMeters>249.85000000000002</AltitudeMeters>
     <DistanceMeters>2857.7157516179454</DistanceMeters>
    </Trackpoint>
    <Trackpoint>
     <Time>2026-07-19T00:37:58+00:00</Time>
     <Position>
      <LatitudeDegrees>-33.3234500</LatitudeDegrees>
      <LongitudeDegrees>-71.1322300</LongitudeDegrees>
     </Position>
     <AltitudeMeters>250.44</AltitudeMeters>
     <DistanceMeters>2927.435179129204</DistanceMeters>
    </Trackpoint>
    <Trackpoint>
     <Time>2026-07-19T00:38:05+00:00</Time>
     <Position>
      <LatitudeDegrees>-33.3229100</LatitudeDegrees>
      <LongitudeDegrees>-71.1318500</LongitudeDegrees>
     </Position>
     <AltitudeMeters>250.89</AltitudeMeters>
     <DistanceMeters>2997.154595333195</DistanceMeters>
    </Trackpoint>
    <Trackpoint>
     <Time>2026-07-19T00:38:12+00:00</Time>
     <Position>
      <LatitudeDegrees>-33.3223100</LatitudeDegrees>
      <LongitudeDegrees>-71.1314900</LongitudeDegrees>
     </Position>
     <AltitudeMeters>251.74</AltitudeMeters>
     <DistanceMeters>3071.8544976151816</DistanceMeters>
    </Trackpoint>
    <Trackpoint>
     <Time>2026-07-19T00:38:19+00:00</Time>
     <Position>
      <LatitudeDegrees>-33.3220800</LatitudeDegrees>
      <LongitudeDegrees>-71.1312700</LongitudeDegrees>
     </Position>
     <AltitudeMeters>251.82999999999998</AltitudeMeters>
     <DistanceMeters>3104.6241811634304</DistanceMeters>
    </Trackpoint>
    <Trackpoint>
     <Time>2026-07-19T00:38:26+00:00</Time>
     <Position>
      <LatitudeDegrees>-33.3219000</LatitudeDegrees>
      <LongitudeDegrees>-71.1309600</LongitudeDegrees>
     </Position>
     <AltitudeMeters>252.04999999999998</AltitudeMeters>
     <DistanceMeters>3139.730709423068</DistanceMeters>
    </Trackpoint>
    <Trackpoint>
     <Time>2026-07-19T00:38:33+00:00</Time>
     <Position>
      <LatitudeDegrees>-33.3217900</LatitudeDegrees>
      <LongitudeDegrees>-71.1308200</LongitudeDegrees>
     </Position>
     <AltitudeMeters>252.3</AltitudeMeters>
     <DistanceMeters>3157.6023109549</DistanceMeters>
    </Trackpoint>
    <Trackpoint>
     <Time>2026-07-19T00:38:40+00:00</Time>
     <Position>
      <LatitudeDegrees>-33.3216400</LatitudeDegrees>
      <LongitudeDegrees>-71.1307000</LongitudeDegrees>
     </Position>
     <AltitudeMeters>252.3</AltitudeMeters>
     <DistanceMeters>3177.683227050137</DistanceMeters>
    </Trackpoint>
    <Trackpoint>
     <Time>2026-07-19T00:38:47+00:00</Time>
     <Position>
      <LatitudeDegrees>-33.3212250</LatitudeDegrees>
      <LongitudeDegrees>-71.1304900</LongitudeDegrees>
     </Position>
     <AltitudeMeters>252.84</AltitudeMeters>
     <DistanceMeters>3227.830204377201</DistanceMeters>
    </Trackpoint>
    <Trackpoint>
     <Time>2026-07-19T00:38:55+00:00</Time>
     <Position>
      <LatitudeDegrees>-33.3208100</LatitudeDegrees>
      <LongitudeDegrees>-71.1302800</LongitudeDegrees>
     </Position>
     <AltitudeMeters>253.22</AltitudeMeters>
     <DistanceMeters>3277.9771519432848</DistanceMeters>
    </Trackpoint>
    <Trackpoint>
     <Time>2026-07-19T00:39:02+00:00</Time>
     <Position>
      <LatitudeDegrees>-33.3200900</LatitudeDegrees>
      <LongitudeDegrees>-71.1300200</LongitudeDegrees>
     </Position>
     <AltitudeMeters>253.76999999999998</AltitudeMeters>
     <DistanceMeters>3361.6787139922244</DistanceMeters>
    </Trackpoint>
    <Trackpoint>
     <Time>2026-07-19T00:39:09+00:00</Time>
     <Position>
      <LatitudeDegrees>-33.3196700</LatitudeDegrees>
      <LongitudeDegrees>-71.1296700</LongitudeDegrees>
     </Position>
     <AltitudeMeters>254.48999999999998</AltitudeMeters>
     <DistanceMeters>3418.6395224332186</DistanceMeters>
    </Trackpoint>
    <Trackpoint>
     <Time>2026-07-19T00:39:16+00:00</Time>
     <Position>
      <LatitudeDegrees>-33.3191650</LatitudeDegrees>
      <LongitudeDegrees>-71.1294400</LongitudeDegrees>
     </Position>
     <AltitudeMeters>254.59000000000003</AltitudeMeters>
     <DistanceMeters>3478.7766446480873</DistanceMeters>
    </Trackpoint>
    <Trackpoint>
     <Time>2026-07-19T00:39:23+00:00</Time>
     <Position>
      <LatitudeDegrees>-33.3186600</LatitudeDegrees>
      <LongitudeDegrees>-71.1292100</LongitudeDegrees>
     </Position>
     <AltitudeMeters>254.78</AltitudeMeters>
     <DistanceMeters>3538.9137143041103</DistanceMeters>
    </Trackpoint>
    <Trackpoint>
     <Time>2026-07-19T00:39:30+00:00</Time>
     <Position>
      <LatitudeDegrees>-33.3185500</LatitudeDegrees>
      <LongitudeDegrees>-71.1290800</LongitudeDegrees>
     </Position>
     <AltitudeMeters>254.81000000000003</AltitudeMeters>
     <DistanceMeters>3556.1199192850804</DistanceMeters>
    </Trackpoint>
    <Trackpoint>
     <Time>2026-07-19T00:39:37+00:00</Time>
     <Position>
      <LatitudeDegrees>-33.3184800</LatitudeDegrees>
      <LongitudeDegrees>-71.1289400</LongitudeDegrees>
     </Position>
     <AltitudeMeters>254.81000000000003</AltitudeMeters>
     <DistanceMeters>3571.293009000321</DistanceMeters>
    </Trackpoint>
    <Trackpoint>
     <Time>2026-07-19T00:39:44+00:00</Time>
     <Position>
      <LatitudeDegrees>-33.3182800</LatitudeDegrees>
      <LongitudeDegrees>-71.1284400</LongitudeDegrees>
     </Position>
     <AltitudeMeters>254.96</AltitudeMeters>
     <DistanceMeters>3622.84704593393</DistanceMeters>
    </Trackpoint>
    <Trackpoint>
     <Time>2026-07-19T00:39:51+00:00</Time>
     <Position>
      <LatitudeDegrees>-33.3181000</LatitudeDegrees>
      <LongitudeDegrees>-71.1281300</LongitudeDegrees>
     </Position>
     <AltitudeMeters>255.32000000000005</AltitudeMeters>
     <DistanceMeters>3657.9546064210185</DistanceMeters>
    </Trackpoint>
    <Trackpoint>
     <Time>2026-07-19T00:39:58+00:00</Time>
     <Position>
      <LatitudeDegrees>-33.3178900</LatitudeDegrees>
      <LongitudeDegrees>-71.1278000</LongitudeDegrees>
     </Position>
     <AltitudeMeters>255.54999999999998</AltitudeMeters>
     <DistanceMeters>3696.5315752003</DistanceMeters>
    </Trackpoint>
    <Trackpoint>
     <Time>2026-07-19T00:40:05+00:00</Time>
     <Position>
      <LatitudeDegrees>-33.3177600</LatitudeDegrees>
      <LongitudeDegrees>-71.1276400</LongitudeDegrees>
     </Position>
     <AltitudeMeters>255.73000000000002</AltitudeMeters>
     <DistanceMeters>3717.2864089947234</DistanceMeters>
    </Trackpoint>
    <Trackpoint>
     <Time>2026-07-19T00:40:12+00:00</Time>
     <Position>
      <LatitudeDegrees>-33.3174000</LatitudeDegrees>
      <LongitudeDegrees>-71.1273300</LongitudeDegrees>
     </Position>
     <AltitudeMeters>256.09000000000003</AltitudeMeters>
     <DistanceMeters>3766.6477544425516</DistanceMeters>
    </Trackpoint>
    <Trackpoint>
     <Time>2026-07-19T00:40:19+00:00</Time>
     <Position>
      <LatitudeDegrees>-33.3168200</LatitudeDegrees>
      <LongitudeDegrees>-71.1269300</LongitudeDegrees>
     </Position>
     <AltitudeMeters>256.59999999999997</AltitudeMeters>
     <DistanceMeters>3841.151710410212</DistanceMeters>
    </Trackpoint>
    <Trackpoint>
     <Time>2026-07-19T00:40:27+00:00</Time>
     <Position>
      <LatitudeDegrees>-33.3165800</LatitudeDegrees>
      <LongitudeDegrees>-71.1267400</LongitudeDegrees>
     </Position>
     <AltitudeMeters>256.71</AltitudeMeters>
     <DistanceMeters>3873.178743764365</DistanceMeters>
    </Trackpoint>
    <Trackpoint>
     <Time>2026-07-19T00:40:34+00:00</Time>
     <Position>
      <LatitudeDegrees>-33.3162000</LatitudeDegrees>
      <LongitudeDegrees>-71.1263200</LongitudeDegrees>
     </Position>
     <AltitudeMeters>257.20000000000005</AltitudeMeters>
     <DistanceMeters>3930.7502149024385</DistanceMeters>
    </Trackpoint>
    <Trackpoint>
     <Time>2026-07-19T00:40:41+00:00</Time>
     <Position>
      <LatitudeDegrees>-33.3158200</LatitudeDegrees>
      <LongitudeDegrees>-71.1259000</LongitudeDegrees>
     </Position>
     <AltitudeMeters>257.78000000000003</AltitudeMeters>
     <DistanceMeters>3988.3216767262447</DistanceMeters>
    </Trackpoint>
    <Trackpoint>
     <Time>2026-07-19T00:40:48+00:00</Time>
     <Position>
      <LatitudeDegrees>-33.3152933</LatitudeDegrees>
      <LongitudeDegrees>-71.1252867</LongitudeDegrees>
     </Position>
     <AltitudeMeters>257.97</AltitudeMeters>
     <DistanceMeters>4070.11265576729</DistanceMeters>
    </Trackpoint>
    <Trackpoint>
     <Time>2026-07-19T00:40:55+00:00</Time>
     <Position>
      <LatitudeDegrees>-33.3147667</LatitudeDegrees>
      <LongitudeDegrees>-71.1246733</LongitudeDegrees>
     </Position>
     <AltitudeMeters>259.03000000000003</AltitudeMeters>
     <DistanceMeters>4151.903634807768</DistanceMeters>
    </Trackpoint>
    <Trackpoint>
     <Time>2026-07-19T00:41:02+00:00</Time>
     <Position>
      <LatitudeDegrees>-33.3142400</LatitudeDegrees>
      <LongitudeDegrees>-71.1240600</LongitudeDegrees>
     </Position>
     <AltitudeMeters>259.94</AltitudeMeters>
     <DistanceMeters>4233.694622338391</DistanceMeters>
    </Trackpoint>
    <Trackpoint>
     <Time>2026-07-19T00:41:09+00:00</Time>
     <Position>
      <LatitudeDegrees>-33.3137500</LatitudeDegrees>
      <LongitudeDegrees>-71.1240600</LongitudeDegrees>
     </Position>
     <AltitudeMeters>258.93</AltitudeMeters>
     <DistanceMeters>4288.229491765293</DistanceMeters>
    </Trackpoint>
    <Trackpoint>
     <Time>2026-07-19T00:41:16+00:00</Time>
     <Position>
      <LatitudeDegrees>-33.3132600</LatitudeDegrees>
      <LongitudeDegrees>-71.1240600</LongitudeDegrees>
     </Position>
     <AltitudeMeters>259.17</AltitudeMeters>
     <DistanceMeters>4342.764388191012</DistanceMeters>
    </Trackpoint>
    <Trackpoint>
     <Time>2026-07-19T00:41:23+00:00</Time>
     <Position>
      <LatitudeDegrees>-33.3126625</LatitudeDegrees>
      <LongitudeDegrees>-71.1235650</LongitudeDegrees>
     </Position>
     <AltitudeMeters>259.96000000000004</AltitudeMeters>
     <DistanceMeters>4423.645567660545</DistanceMeters>
    </Trackpoint>
    <Trackpoint>
     <Time>2026-07-19T00:41:30+00:00</Time>
     <Position>
      <LatitudeDegrees>-33.3120650</LatitudeDegrees>
      <LongitudeDegrees>-71.1230700</LongitudeDegrees>
     </Position>
     <AltitudeMeters>260.70000000000005</AltitudeMeters>
     <DistanceMeters>4504.526747131192</DistanceMeters>
    </Trackpoint>
    <Trackpoint>
     <Time>2026-07-19T00:41:37+00:00</Time>
     <Position>
      <LatitudeDegrees>-33.3114675</LatitudeDegrees>
      <LongitudeDegrees>-71.1225750</LongitudeDegrees>
     </Position>
     <AltitudeMeters>260.86</AltitudeMeters>
     <DistanceMeters>4585.407926602578</DistanceMeters>
    </Trackpoint>
    <Trackpoint>
     <Time>2026-07-19T00:41:44+00:00</Time>
     <Position>
      <LatitudeDegrees>-33.3108700</LatitudeDegrees>
      <LongitudeDegrees>-71.1220800</LongitudeDegrees>
     </Position>
     <AltitudeMeters>261.22</AltitudeMeters>
     <DistanceMeters>4666.289109163074</DistanceMeters>
    </Trackpoint>
    <Trackpoint>
     <Time>2026-07-19T00:41:51+00:00</Time>
     <Position>
      <LatitudeDegrees>-33.3105800</LatitudeDegrees>
      <LongitudeDegrees>-71.1218700</LongitudeDegrees>
     </Position>
     <AltitudeMeters>261.64000000000004</AltitudeMeters>
     <DistanceMeters>4704.014820684743</DistanceMeters>
    </Trackpoint>
    <Trackpoint>
     <Time>2026-07-19T00:41:58+00:00</Time>
     <Position>
      <LatitudeDegrees>-33.3102400</LatitudeDegrees>
      <LongitudeDegrees>-71.1216900</LongitudeDegrees>
     </Position>
     <AltitudeMeters>262.33</AltitudeMeters>
     <DistanceMeters>4745.393529464406</DistanceMeters>
    </Trackpoint>
    <Trackpoint>
     <Time>2026-07-19T00:42:06+00:00</Time>
     <Position>
      <LatitudeDegrees>-33.3094525</LatitudeDegrees>
      <LongitudeDegrees>-71.1213525</LongitudeDegrees>
     </Position>
     <AltitudeMeters>263.20000000000005</AltitudeMeters>
     <DistanceMeters>4838.491041653458</DistanceMeters>
    </Trackpoint>
    <Trackpoint>
     <Time>2026-07-19T00:42:13+00:00</Time>
     <Position>
      <LatitudeDegrees>-33.3086650</LatitudeDegrees>
      <LongitudeDegrees>-71.1210150</LongitudeDegrees>
     </Position>
     <AltitudeMeters>263.94</AltitudeMeters>
     <DistanceMeters>4931.588553842746</DistanceMeters>
    </Trackpoint>
    <Trackpoint>
     <Time>2026-07-19T00:42:20+00:00</Time>
     <Position>
      <LatitudeDegrees>-33.3078775</LatitudeDegrees>
      <LongitudeDegrees>-71.1206775</LongitudeDegrees>
     </Position>
     <AltitudeMeters>264.16</AltitudeMeters>
     <DistanceMeters>5024.686066029817</DistanceMeters>
    </Trackpoint>
    <Trackpoint>
     <Time>2026-07-19T00:42:27+00:00</Time>
     <Position>
      <LatitudeDegrees>-33.3070900</LatitudeDegrees>
      <LongitudeDegrees>-71.1203400</LongitudeDegrees>
     </Position>
     <AltitudeMeters>265.34000000000003</AltitudeMeters>
     <DistanceMeters>5117.783584876557</DistanceMeters>
    </Trackpoint>
    <Trackpoint>
     <Time>2026-07-19T00:42:34+00:00</Time>
     <Position>
      <LatitudeDegrees>-33.3062100</LatitudeDegrees>
      <LongitudeDegrees>-71.1202500</LongitudeDegrees>
     </Position>
     <AltitudeMeters>264.92</AltitudeMeters>
     <DistanceMeters>5216.080895867594</DistanceMeters>
    </Trackpoint>
    <Trackpoint>
     <Time>2026-07-19T00:42:41+00:00</Time>
     <Position>
      <LatitudeDegrees>-33.3058800</LatitudeDegrees>
      <LongitudeDegrees>-71.1201200</LongitudeDegrees>
     </Position>
     <AltitudeMeters>264.68</AltitudeMeters>
     <DistanceMeters>5254.747818534032</DistanceMeters>
    </Trackpoint>
    <Trackpoint>
     <Time>2026-07-19T00:42:48+00:00</Time>
     <Position>
      <LatitudeDegrees>-33.3055400</LatitudeDegrees>
      <LongitudeDegrees>-71.1198900</LongitudeDegrees>
     </Position>
     <AltitudeMeters>264.66</AltitudeMeters>
     <DistanceMeters>5298.217255697309</DistanceMeters>
    </Trackpoint>
    <Trackpoint>
     <Time>2026-07-19T00:42:55+00:00</Time>
     <Position>
      <LatitudeDegrees>-33.3051950</LatitudeDegrees>
      <LongitudeDegrees>-71.1195150</LongitudeDegrees>
     </Position>
     <AltitudeMeters>264.99</AltitudeMeters>
     <DistanceMeters>5350.092281725692</DistanceMeters>
    </Trackpoint>
    <Trackpoint>
     <Time>2026-07-19T00:43:02+00:00</Time>
     <Position>
      <LatitudeDegrees>-33.3048500</LatitudeDegrees>
      <LongitudeDegrees>-71.1191400</LongitudeDegrees>
     </Position>
     <AltitudeMeters>266.04</AltitudeMeters>
     <DistanceMeters>5401.967338509293</DistanceMeters>
    </Trackpoint>
    <Trackpoint>
     <Time>2026-07-19T00:43:09+00:00</Time>
     <Position>
      <LatitudeDegrees>-33.3046700</LatitudeDegrees>
      <LongitudeDegrees>-71.1189200</LongitudeDegrees>
     </Position>
     <AltitudeMeters>266.04</AltitudeMeters>
     <DistanceMeters>5430.6045816106935</DistanceMeters>
    </Trackpoint>
    <Trackpoint>
     <Time>2026-07-19T00:43:16+00:00</Time>
     <Position>
      <LatitudeDegrees>-33.3045100</LatitudeDegrees>
      <LongitudeDegrees>-71.1186900</LongitudeDegrees>
     </Position>
     <AltitudeMeters>266.29</AltitudeMeters>
     <DistanceMeters>5458.439778394134</DistanceMeters>
    </Trackpoint>
    <Trackpoint>
     <Time>2026-07-19T00:43:23+00:00</Time>
     <Position>
      <LatitudeDegrees>-33.3040400</LatitudeDegrees>
      <LongitudeDegrees>-71.1178400</LongitudeDegrees>
     </Position>
     <AltitudeMeters>267.41</AltitudeMeters>
     <DistanceMeters>5553.241892821889</DistanceMeters>
    </Trackpoint>
    <Trackpoint>
     <Time>2026-07-19T00:43:30+00:00</Time>
     <Position>
      <LatitudeDegrees>-33.3038400</LatitudeDegrees>
      <LongitudeDegrees>-71.1176100</LongitudeDegrees>
     </Position>
     <AltitudeMeters>267.82</AltitudeMeters>
     <DistanceMeters>5584.115407193632</DistanceMeters>
    </Trackpoint>
    <Trackpoint>
     <Time>2026-07-19T00:43:38+00:00</Time>
     <Position>
      <LatitudeDegrees>-33.3036800</LatitudeDegrees>
      <LongitudeDegrees>-71.1174800</LongitudeDegrees>
     </Position>
     <AltitudeMeters>267.82</AltitudeMeters>
     <DistanceMeters>5605.640371924215</DistanceMeters>
    </Trackpoint>
    <Trackpoint>
     <Time>2026-07-19T00:43:45+00:00</Time>
     <Position>
      <LatitudeDegrees>-33.3035500</LatitudeDegrees>
      <LongitudeDegrees>-71.1173900</LongitudeDegrees>
     </Position>
     <AltitudeMeters>268.27</AltitudeMeters>
     <DistanceMeters>5622.356219715539</DistanceMeters>
    </Trackpoint>
    <Trackpoint>
     <Time>2026-07-19T00:43:52+00:00</Time>
     <Position>
      <LatitudeDegrees>-33.3033700</LatitudeDegrees>
      <LongitudeDegrees>-71.1173400</LongitudeDegrees>
     </Position>
     <AltitudeMeters>268.27</AltitudeMeters>
     <DistanceMeters>5642.922232782861</DistanceMeters>
    </Trackpoint>
    <Trackpoint>
     <Time>2026-07-19T00:43:59+00:00</Time>
     <Position>
      <LatitudeDegrees>-33.3031200</LatitudeDegrees>
      <LongitudeDegrees>-71.1173000</LongitudeDegrees>
     </Position>
     <AltitudeMeters>268.71</AltitudeMeters>
     <DistanceMeters>5670.993826240504</DistanceMeters>
    </Trackpoint>
    <Trackpoint>
     <Time>2026-07-19T00:44:06+00:00</Time>
     <Position>
      <LatitudeDegrees>-33.3022500</LatitudeDegrees>
      <LongitudeDegrees>-71.1173900</LongitudeDegrees>
     </Position>
     <AltitudeMeters>269.26</AltitudeMeters>
     <DistanceMeters>5768.182299709274</DistanceMeters>
    </Trackpoint>
    <Trackpoint>
     <Time>2026-07-19T00:44:13+00:00</Time>
     <Position>
      <LatitudeDegrees>-33.3013800</LatitudeDegrees>
      <LongitudeDegrees>-71.1174800</LongitudeDegrees>
     </Position>
     <AltitudeMeters>269.71</AltitudeMeters>
     <DistanceMeters>5865.370786554045</DistanceMeters>
    </Trackpoint>
    <Trackpoint>
     <Time>2026-07-19T00:44:20+00:00</Time>
     <Position>
      <LatitudeDegrees>-33.3011300</LatitudeDegrees>
      <LongitudeDegrees>-71.1174800</LongitudeDegrees>
     </Position>
     <AltitudeMeters>269.73</AltitudeMeters>
     <DistanceMeters>5893.194706414382</DistanceMeters>
    </Trackpoint>
    <Trackpoint>
     <Time>2026-07-19T00:44:27+00:00</Time>
     <Position>
      <LatitudeDegrees>-33.3007500</LatitudeDegrees>
      <LongitudeDegrees>-71.1174300</LongitudeDegrees>
     </Position>
     <AltitudeMeters>270.47</AltitudeMeters>
     <DistanceMeters>5935.742041335341</DistanceMeters>
    </Trackpoint>
    <Trackpoint>
     <Time>2026-07-19T00:44:34+00:00</Time>
     <Position>
      <LatitudeDegrees>-33.3001450</LatitudeDegrees>
      <LongitudeDegrees>-71.1173000</LongitudeDegrees>
     </Position>
     <AltitudeMeters>270.74</AltitudeMeters>
     <DistanceMeters>6004.1532330231385</DistanceMeters>
    </Trackpoint>
    <Trackpoint>
     <Time>2026-07-19T00:44:41+00:00</Time>
     <Position>
      <LatitudeDegrees>-33.2995400</LatitudeDegrees>
      <LongitudeDegrees>-71.1171700</LongitudeDegrees>
     </Position>
     <AltitudeMeters>271.03000000000003</AltitudeMeters>
     <DistanceMeters>6072.564381574568</DistanceMeters>
    </Trackpoint>
    <Trackpoint>
     <Time>2026-07-19T00:44:48+00:00</Time>
     <Position>
      <LatitudeDegrees>-33.2991600</LatitudeDegrees>
      <LongitudeDegrees>-71.1171200</LongitudeDegrees>
     </Position>
     <AltitudeMeters>271.57000000000005</AltitudeMeters>
     <DistanceMeters>6115.111725763745</DistanceMeters>
    </Trackpoint>
    <Trackpoint>
     <Time>2026-07-19T00:44:55+00:00</Time>
     <Position>
      <LatitudeDegrees>-33.2988700</LatitudeDegrees>
      <LongitudeDegrees>-71.1171200</LongitudeDegrees>
     </Position>
     <AltitudeMeters>271.57000000000005</AltitudeMeters>
     <DistanceMeters>6147.387472801548</DistanceMeters>
    </Trackpoint>
    <Trackpoint>
     <Time>2026-07-19T00:45:02+00:00</Time>
     <Position>
      <LatitudeDegrees>-33.2985000</LatitudeDegrees>
      <LongitudeDegrees>-71.1171800</LongitudeDegrees>
     </Position>
     <AltitudeMeters>272.09</AltitudeMeters>
     <DistanceMeters>6188.943399004677</DistanceMeters>
    </Trackpoint>
    <Trackpoint>
     <Time>2026-07-19T00:45:10+00:00</Time>
     <Position>
      <LatitudeDegrees>-33.2979800</LatitudeDegrees>
      <LongitudeDegrees>-71.1173050</LongitudeDegrees>
     </Position>
     <AltitudeMeters>271.83</AltitudeMeters>
     <DistanceMeters>6247.973743808458</DistanceMeters>
    </Trackpoint>
    <Trackpoint>
     <Time>2026-07-19T00:45:17+00:00</Time>
     <Position>
      <LatitudeDegrees>-33.2974600</LatitudeDegrees>
      <LongitudeDegrees>-71.1174300</LongitudeDegrees>
     </Position>
     <AltitudeMeters>271.72</AltitudeMeters>
     <DistanceMeters>6307.004085471893</DistanceMeters>
    </Trackpoint>
    <Trackpoint>
     <Time>2026-07-19T00:45:24+00:00</Time>
     <Position>
      <LatitudeDegrees>-33.2969400</LatitudeDegrees>
      <LongitudeDegrees>-71.1174900</LongitudeDegrees>
     </Position>
     <AltitudeMeters>272.02000000000004</AltitudeMeters>
     <DistanceMeters>6365.146361711425</DistanceMeters>
    </Trackpoint>
    <Trackpoint>
     <Time>2026-07-19T00:45:31+00:00</Time>
     <Position>
      <LatitudeDegrees>-33.2965900</LatitudeDegrees>
      <LongitudeDegrees>-71.1174800</LongitudeDegrees>
     </Position>
     <AltitudeMeters>272.05</AltitudeMeters>
     <DistanceMeters>6404.110955650585</DistanceMeters>
    </Trackpoint>
    <Trackpoint>
     <Time>2026-07-19T00:45:38+00:00</Time>
     <Position>
      <LatitudeDegrees>-33.2960300</LatitudeDegrees>
      <LongitudeDegrees>-71.1174000</LongitudeDegrees>
     </Position>
     <AltitudeMeters>272.08000000000004</AltitudeMeters>
     <DistanceMeters>6466.8792769643815</DistanceMeters>
    </Trackpoint>
    <Trackpoint>
     <Time>2026-07-19T00:45:45+00:00</Time>
     <Position>
      <LatitudeDegrees>-33.2954350</LatitudeDegrees>
      <LongitudeDegrees>-71.1172850</LongitudeDegrees>
     </Position>
     <AltitudeMeters>272.82</AltitudeMeters>
     <DistanceMeters>6533.95877539519</DistanceMeters>
    </Trackpoint>
    <Trackpoint>
     <Time>2026-07-19T00:45:52+00:00</Time>
     <Position>
      <LatitudeDegrees>-33.2948400</LatitudeDegrees>
      <LongitudeDegrees>-71.1171700</LongitudeDegrees>
     </Position>
     <AltitudeMeters>274.21</AltitudeMeters>
     <DistanceMeters>6601.038286791426</DistanceMeters>
    </Trackpoint>
    <Trackpoint>
     <Time>2026-07-19T00:45:59+00:00</Time>
     <Position>
      <LatitudeDegrees>-33.2945300</LatitudeDegrees>
      <LongitudeDegrees>-71.1171800</LongitudeDegrees>
     </Position>
     <AltitudeMeters>274.7</AltitudeMeters>
     <DistanceMeters>6635.552486709753</DistanceMeters>
    </Trackpoint>
    <Trackpoint>
     <Time>2026-07-19T00:46:06+00:00</Time>
     <Position>
      <LatitudeDegrees>-33.2936767</LatitudeDegrees>
      <LongitudeDegrees>-71.1172800</LongitudeDegrees>
     </Position>
     <AltitudeMeters>275.43</AltitudeMeters>
     <DistanceMeters>6730.979345540882</DistanceMeters>
    </Trackpoint>
    <Trackpoint>
     <Time>2026-07-19T00:46:13+00:00</Time>
     <Position>
      <LatitudeDegrees>-33.2928233</LatitudeDegrees>
      <LongitudeDegrees>-71.1173800</LongitudeDegrees>
     </Position>
     <AltitudeMeters>276.22</AltitudeMeters>
     <DistanceMeters>6826.406204372292</DistanceMeters>
    </Trackpoint>
    <Trackpoint>
     <Time>2026-07-19T00:46:20+00:00</Time>
     <Position>
      <LatitudeDegrees>-33.2919700</LatitudeDegrees>
      <LongitudeDegrees>-71.1174800</LongitudeDegrees>
     </Position>
     <AltitudeMeters>276.85</AltitudeMeters>
     <DistanceMeters>6921.833043110184</DistanceMeters>
    </Trackpoint>
    <Trackpoint>
     <Time>2026-07-19T00:46:27+00:00</Time>
     <Position>
      <LatitudeDegrees>-33.2916800</LatitudeDegrees>
      <LongitudeDegrees>-71.1174800</LongitudeDegrees>
     </Position>
     <AltitudeMeters>276.39000000000004</AltitudeMeters>
     <DistanceMeters>6954.108790147987</DistanceMeters>
    </Trackpoint>
    <Trackpoint>
     <Time>2026-07-19T00:46:34+00:00</Time>
     <Position>
      <LatitudeDegrees>-33.2912400</LatitudeDegrees>
      <LongitudeDegrees>-71.1173500</LongitudeDegrees>
     </Position>
     <AltitudeMeters>275.76</AltitudeMeters>
     <DistanceMeters>7004.550198696751</DistanceMeters>
    </Trackpoint>
    <Trackpoint>
     <Time>2026-07-19T00:46:41+00:00</Time>
     <Position>
      <LatitudeDegrees>-33.2909900</LatitudeDegrees>
      <LongitudeDegrees>-71.1172100</LongitudeDegrees>
     </Position>
     <AltitudeMeters>276.07000000000005</AltitudeMeters>
     <DistanceMeters>7035.271604272186</DistanceMeters>
    </Trackpoint>
    <Trackpoint>
     <Time>2026-07-19T00:46:49+00:00</Time>
     <Position>
      <LatitudeDegrees>-33.2906300</LatitudeDegrees>
      <LongitudeDegrees>-71.1168100</LongitudeDegrees>
     </Position>
     <AltitudeMeters>277.37</AltitudeMeters>
     <DistanceMeters>7089.953402008237</DistanceMeters>
    </Trackpoint>
    <Trackpoint>
     <Time>2026-07-19T00:46:56+00:00</Time>
     <Position>
      <LatitudeDegrees>-33.2902300</LatitudeDegrees>
      <LongitudeDegrees>-71.1162300</LongitudeDegrees>
     </Position>
     <AltitudeMeters>278.56</AltitudeMeters>
     <DistanceMeters>7159.906241640993</DistanceMeters>
    </Trackpoint>
    <Trackpoint>
     <Time>2026-07-19T00:47:03+00:00</Time>
     <Position>
      <LatitudeDegrees>-33.2900700</LatitudeDegrees>
      <LongitudeDegrees>-71.1160400</LongitudeDegrees>
     </Position>
     <AltitudeMeters>278.62</AltitudeMeters>
     <DistanceMeters>7184.996991663026</DistanceMeters>
    </Trackpoint>
    <Trackpoint>
     <Time>2026-07-19T00:47:10+00:00</Time>
     <Position>
      <LatitudeDegrees>-33.2899400</LatitudeDegrees>
      <LongitudeDegrees>-71.1159100</LongitudeDegrees>
     </Position>
     <AltitudeMeters>278.68</AltitudeMeters>
     <DistanceMeters>7203.85450185376</DistanceMeters>
    </Trackpoint>
    <Trackpoint>
     <Time>2026-07-19T00:47:17+00:00</Time>
     <Position>
      <LatitudeDegrees>-33.2891800</LatitudeDegrees>
      <LongitudeDegrees>-71.1155600</LongitudeDegrees>
     </Position>
     <AltitudeMeters>279.35</AltitudeMeters>
     <DistanceMeters>7294.490179480664</DistanceMeters>
    </Trackpoint>
    <Trackpoint>
     <Time>2026-07-19T00:47:24+00:00</Time>
     <Position>
      <LatitudeDegrees>-33.2884400</LatitudeDegrees>
      <LongitudeDegrees>-71.1151500</LongitudeDegrees>
     </Position>
     <AltitudeMeters>279.48</AltitudeMeters>
     <DistanceMeters>7385.253181579038</DistanceMeters>
    </Trackpoint>
    <Trackpoint>
     <Time>2026-07-19T00:47:31+00:00</Time>
     <Position>
      <LatitudeDegrees>-33.2882400</LatitudeDegrees>
      <LongitudeDegrees>-71.1151100</LongitudeDegrees>
     </Position>
     <AltitudeMeters>279.48</AltitudeMeters>
     <DistanceMeters>7407.821249832224</DistanceMeters>
    </Trackpoint>
    <Trackpoint>
     <Time>2026-07-19T00:47:38+00:00</Time>
     <Position>
      <LatitudeDegrees>-33.2879600</LatitudeDegrees>
      <LongitudeDegrees>-71.1150700</LongitudeDegrees>
     </Position>
     <AltitudeMeters>279.66</AltitudeMeters>
     <DistanceMeters>7439.205452006281</DistanceMeters>
    </Trackpoint>
    <Trackpoint>
     <Time>2026-07-19T00:47:45+00:00</Time>
     <Position>
      <LatitudeDegrees>-33.2875000</LatitudeDegrees>
      <LongitudeDegrees>-71.1151600</LongitudeDegrees>
     </Position>
     <AltitudeMeters>279.92</AltitudeMeters>
     <DistanceMeters>7491.081661267871</DistanceMeters>
    </Trackpoint>
    <Trackpoint>
     <Time>2026-07-19T00:47:52+00:00</Time>
     <Position>
      <LatitudeDegrees>-33.2870200</LatitudeDegrees>
      <LongitudeDegrees>-71.1152950</LongitudeDegrees>
     </Position>
     <AltitudeMeters>280.29</AltitudeMeters>
     <DistanceMeters>7545.960174444916</DistanceMeters>
    </Trackpoint>
    <Trackpoint>
     <Time>2026-07-19T00:47:59+00:00</Time>
     <Position>
      <LatitudeDegrees>-33.2865400</LatitudeDegrees>
      <LongitudeDegrees>-71.1154300</LongitudeDegrees>
     </Position>
     <AltitudeMeters>280.46999999999997</AltitudeMeters>
     <DistanceMeters>7600.838681622441</DistanceMeters>
    </Trackpoint>
    <Trackpoint>
     <Time>2026-07-19T00:48:06+00:00</Time>
     <Position>
      <LatitudeDegrees>-33.2857300</LatitudeDegrees>
      <LongitudeDegrees>-71.1156100</LongitudeDegrees>
     </Position>
     <AltitudeMeters>280.14</AltitudeMeters>
     <DistanceMeters>7692.530449040777</DistanceMeters>
    </Trackpoint>
    <Trackpoint>
     <Time>2026-07-19T00:48:13+00:00</Time>
     <Position>
      <LatitudeDegrees>-33.2854200</LatitudeDegrees>
      <LongitudeDegrees>-71.1157800</LongitudeDegrees>
     </Position>
     <AltitudeMeters>280.09</AltitudeMeters>
     <DistanceMeters>7730.484636014116</DistanceMeters>
    </Trackpoint>
    <Trackpoint>
     <Time>2026-07-19T00:48:21+00:00</Time>
     <Position>
      <LatitudeDegrees>-33.2849500</LatitudeDegrees>
      <LongitudeDegrees>-71.1161400</LongitudeDegrees>
     </Position>
     <AltitudeMeters>280.12</AltitudeMeters>
     <DistanceMeters>7792.597789964626</DistanceMeters>
    </Trackpoint>
    <Trackpoint>
     <Time>2026-07-19T00:48:28+00:00</Time>
     <Position>
      <LatitudeDegrees>-33.2847000</LatitudeDegrees>
      <LongitudeDegrees>-71.1164500</LongitudeDegrees>
     </Position>
     <AltitudeMeters>280.56</AltitudeMeters>
     <DistanceMeters>7832.672938263755</DistanceMeters>
    </Trackpoint>
    <Trackpoint>
     <Time>2026-07-19T00:48:35+00:00</Time>
     <Position>
      <LatitudeDegrees>-33.2843900</LatitudeDegrees>
      <LongitudeDegrees>-71.1169400</LongitudeDegrees>
     </Position>
     <AltitudeMeters>280.73</AltitudeMeters>
     <DistanceMeters>7889.845457887349</DistanceMeters>
    </Trackpoint>
    <Trackpoint>
     <Time>2026-07-19T00:48:42+00:00</Time>
     <Position>
      <LatitudeDegrees>-33.2841600</LatitudeDegrees>
      <LongitudeDegrees>-71.1171200</LongitudeDegrees>
     </Position>
     <AltitudeMeters>280.78000000000003</AltitudeMeters>
     <DistanceMeters>7920.434960641585</DistanceMeters>
    </Trackpoint>
    <Trackpoint>
     <Time>2026-07-19T00:48:49+00:00</Time>
     <Position>
      <LatitudeDegrees>-33.2840100</LatitudeDegrees>
      <LongitudeDegrees>-71.1172100</LongitudeDegrees>
     </Position>
     <AltitudeMeters>281.05</AltitudeMeters>
     <DistanceMeters>7939.1115938924395</DistanceMeters>
    </Trackpoint>
    <Trackpoint>
     <Time>2026-07-19T00:48:56+00:00</Time>
     <Position>
      <LatitudeDegrees>-33.2838700</LatitudeDegrees>
      <LongitudeDegrees>-71.1172600</LongitudeDegrees>
     </Position>
     <AltitudeMeters>281.05</AltitudeMeters>
     <DistanceMeters>7955.372604106008</DistanceMeters>
    </Trackpoint>
    <Trackpoint>
     <Time>2026-07-19T00:49:03+00:00</Time>
     <Position>
      <LatitudeDegrees>-33.2832000</LatitudeDegrees>
      <LongitudeDegrees>-71.1174800</LongitudeDegrees>
     </Position>
     <AltitudeMeters>281.85</AltitudeMeters>
     <DistanceMeters>8032.698971250799</DistanceMeters>
    </Trackpoint>
    <Trackpoint>
     <Time>2026-07-19T00:49:10+00:00</Time>
     <Position>
      <LatitudeDegrees>-33.2825300</LatitudeDegrees>
      <LongitudeDegrees>-71.1177000</LongitudeDegrees>
     </Position>
     <AltitudeMeters>282.1</AltitudeMeters>
     <DistanceMeters>8110.025389854896</DistanceMeters>
    </Trackpoint>
    <Trackpoint>
     <Time>2026-07-19T00:49:17+00:00</Time>
     <Position>
      <LatitudeDegrees>-33.2817400</LatitudeDegrees>
      <LongitudeDegrees>-71.1179300</LongitudeDegrees>
     </Position>
     <AltitudeMeters>283.1</AltitudeMeters>
     <DistanceMeters>8200.515669470173</DistanceMeters>
    </Trackpoint>
    <Trackpoint>
     <Time>2026-07-19T00:49:24+00:00</Time>
     <Position>
      <LatitudeDegrees>-33.2813000</LatitudeDegrees>
      <LongitudeDegrees>-71.1180200</LongitudeDegrees>
     </Position>
     <AltitudeMeters>284.52000000000004</AltitudeMeters>
     <DistanceMeters>8250.196550666009</DistanceMeters>
    </Trackpoint>
    <Trackpoint>
     <Time>2026-07-19T00:49:31+00:00</Time>
     <Position>
      <LatitudeDegrees>-33.2810100</LatitudeDegrees>
      <LongitudeDegrees>-71.1180200</LongitudeDegrees>
     </Position>
     <AltitudeMeters>285.99</AltitudeMeters>
     <DistanceMeters>8282.47229770381</DistanceMeters>
    </Trackpoint>
    <Trackpoint>
     <Time>2026-07-19T00:49:38+00:00</Time>
     <Position>
      <LatitudeDegrees>-33.2808700</LatitudeDegrees>
      <LongitudeDegrees>-71.1179800</LongitudeDegrees>
     </Position>
     <AltitudeMeters>287.68000000000006</AltitudeMeters>
     <DistanceMeters>8298.491997974199</DistanceMeters>
    </Trackpoint>
    <Trackpoint>
     <Time>2026-07-19T00:49:45+00:00</Time>
     <Position>
      <LatitudeDegrees>-33.2805400</LatitudeDegrees>
      <LongitudeDegrees>-71.1177900</LongitudeDegrees>
     </Position>
     <AltitudeMeters>289.19</AltitudeMeters>
     <DistanceMeters>8339.252614215071</DistanceMeters>
    </Trackpoint>
    <Trackpoint>
     <Time>2026-07-19T00:49:53+00:00</Time>
     <Position>
      <LatitudeDegrees>-33.2803600</LatitudeDegrees>
      <LongitudeDegrees>-71.1177400</LongitudeDegrees>
     </Position>
     <AltitudeMeters>289.81</AltitudeMeters>
     <DistanceMeters>8359.818904730231</DistanceMeters>
    </Trackpoint>
    <Trackpoint>
     <Time>2026-07-19T00:50:00+00:00</Time>
     <Position>
      <LatitudeDegrees>-33.2802500</LatitudeDegrees>
      <LongitudeDegrees>-71.1177100</LongitudeDegrees>
     </Position>
     <AltitudeMeters>290.52</AltitudeMeters>
     <DistanceMeters>8372.37560291937</DistanceMeters>
    </Trackpoint>
    <Trackpoint>
     <Time>2026-07-19T00:50:07+00:00</Time>
     <Position>
      <LatitudeDegrees>-33.2796400</LatitudeDegrees>
      <LongitudeDegrees>-71.1177500</LongitudeDegrees>
     </Position>
     <AltitudeMeters>292.49</AltitudeMeters>
     <DistanceMeters>8440.36790266699</DistanceMeters>
    </Trackpoint>
    <Trackpoint>
     <Time>2026-07-19T00:50:14+00:00</Time>
     <Position>
      <LatitudeDegrees>-33.2792700</LatitudeDegrees>
      <LongitudeDegrees>-71.1176700</LongitudeDegrees>
     </Position>
     <AltitudeMeters>293.45000000000005</AltitudeMeters>
     <DistanceMeters>8482.214631038583</DistanceMeters>
    </Trackpoint>
    <Trackpoint>
     <Time>2026-07-19T00:50:21+00:00</Time>
     <Position>
      <LatitudeDegrees>-33.2790400</LatitudeDegrees>
      <LongitudeDegrees>-71.1176700</LongitudeDegrees>
     </Position>
     <AltitudeMeters>293.73</AltitudeMeters>
     <DistanceMeters>8507.81263731019</DistanceMeters>
    </Trackpoint>
    <Trackpoint>
     <Time>2026-07-19T00:50:28+00:00</Time>
     <Position>
      <LatitudeDegrees>-33.2788800</LatitudeDegrees>
      <LongitudeDegrees>-71.1177000</LongitudeDegrees>
     </Position>
     <AltitudeMeters>293.73</AltitudeMeters>
     <DistanceMeters>8525.83739087441</DistanceMeters>
    </Trackpoint>
    <Trackpoint>
     <Time>2026-07-19T00:50:35+00:00</Time>
     <Position>
      <LatitudeDegrees>-33.2786100</LatitudeDegrees>
      <LongitudeDegrees>-71.1178300</LongitudeDegrees>
     </Position>
     <AltitudeMeters>294.26</AltitudeMeters>
     <DistanceMeters>8558.23029473218</DistanceMeters>
    </Trackpoint>
    <Trackpoint>
     <Time>2026-07-19T00:50:42+00:00</Time>
     <Position>
      <LatitudeDegrees>-33.2779200</LatitudeDegrees>
      <LongitudeDegrees>-71.1182000</LongitudeDegrees>
     </Position>
     <AltitudeMeters>294.25</AltitudeMeters>
     <DistanceMeters>8642.387965474052</DistanceMeters>
    </Trackpoint>
    <Trackpoint>
     <Time>2026-07-19T00:50:49+00:00</Time>
     <Position>
      <LatitudeDegrees>-33.2772350</LatitudeDegrees>
      <LongitudeDegrees>-71.1185400</LongitudeDegrees>
     </Position>
     <AltitudeMeters>295.23</AltitudeMeters>
     <DistanceMeters>8724.928721686458</DistanceMeters>
    </Trackpoint>
    <Trackpoint>
     <Time>2026-07-19T00:50:56+00:00</Time>
     <Position>
      <LatitudeDegrees>-33.2765500</LatitudeDegrees>
      <LongitudeDegrees>-71.1188800</LongitudeDegrees>
     </Position>
     <AltitudeMeters>297.34000000000003</AltitudeMeters>
     <DistanceMeters>8807.469481009324</DistanceMeters>
    </Trackpoint>
    <Trackpoint>
     <Time>2026-07-19T00:51:03+00:00</Time>
     <Position>
      <LatitudeDegrees>-33.2759900</LatitudeDegrees>
      <LongitudeDegrees>-71.1191850</LongitudeDegrees>
     </Position>
     <AltitudeMeters>298.18</AltitudeMeters>
     <DistanceMeters>8875.952103696098</DistanceMeters>
    </Trackpoint>
    <Trackpoint>
     <Time>2026-07-19T00:51:10+00:00</Time>
     <Position>
      <LatitudeDegrees>-33.2754300</LatitudeDegrees>
      <LongitudeDegrees>-71.1194900</LongitudeDegrees>
     </Position>
     <AltitudeMeters>298.41</AltitudeMeters>
     <DistanceMeters>8944.434741190431</DistanceMeters>
    </Trackpoint>
    <Trackpoint>
     <Time>2026-07-19T00:51:17+00:00</Time>
     <Position>
      <LatitudeDegrees>-33.2751000</LatitudeDegrees>
      <LongitudeDegrees>-71.1196800</LongitudeDegrees>
     </Position>
     <AltitudeMeters>298.09000000000003</AltitudeMeters>
     <DistanceMeters>8985.195835234226</DistanceMeters>
    </Trackpoint>
    <Trackpoint>
     <Time>2026-07-19T00:51:24+00:00</Time>
     <Position>
      <LatitudeDegrees>-33.2748100</LatitudeDegrees>
      <LongitudeDegrees>-71.1198200</LongitudeDegrees>
     </Position>
     <AltitudeMeters>297.7</AltitudeMeters>
     <DistanceMeters>9020.001307764043</DistanceMeters>
    </Trackpoint>
    <Trackpoint>
     <Time>2026-07-19T00:51:32+00:00</Time>
     <Position>
      <LatitudeDegrees>-33.2742250</LatitudeDegrees>
      <LongitudeDegrees>-71.1200150</LongitudeDegrees>
     </Position>
     <AltitudeMeters>295.3</AltitudeMeters>
     <DistanceMeters>9087.590325969044</DistanceMeters>
    </Trackpoint>
    <Trackpoint>
     <Time>2026-07-19T00:51:39+00:00</Time>
     <Position>
      <LatitudeDegrees>-33.2736400</LatitudeDegrees>
      <LongitudeDegrees>-71.1202100</LongitudeDegrees>
     </Position>
     <AltitudeMeters>295.14</AltitudeMeters>
     <DistanceMeters>9155.17933202779</DistanceMeters>
    </Trackpoint>
    <Trackpoint>
     <Time>2026-07-19T00:51:46+00:00</Time>
     <Position>
      <LatitudeDegrees>-33.2731800</LatitudeDegrees>
      <LongitudeDegrees>-71.1203850</LongitudeDegrees>
     </Position>
     <AltitudeMeters>295.66</AltitudeMeters>
     <DistanceMeters>9208.902649162335</DistanceMeters>
    </Trackpoint>
    <Trackpoint>
     <Time>2026-07-19T00:51:53+00:00</Time>
     <Position>
      <LatitudeDegrees>-33.2727200</LatitudeDegrees>
      <LongitudeDegrees>-71.1205600</LongitudeDegrees>
     </Position>
     <AltitudeMeters>297.38000000000005</AltitudeMeters>
     <DistanceMeters>9262.625954220148</DistanceMeters>
    </Trackpoint>
    <Trackpoint>
     <Time>2026-07-19T00:52:00+00:00</Time>
     <Position>
      <LatitudeDegrees>-33.2719600</LatitudeDegrees>
      <LongitudeDegrees>-71.1208800</LongitudeDegrees>
     </Position>
     <AltitudeMeters>298.02</AltitudeMeters>
     <DistanceMeters>9352.298736985038</DistanceMeters>
    </Trackpoint>
    <Trackpoint>
     <Time>2026-07-19T00:52:07+00:00</Time>
     <Position>
      <LatitudeDegrees>-33.2716300</LatitudeDegrees>
      <LongitudeDegrees>-71.1209800</LongitudeDegrees>
     </Position>
     <AltitudeMeters>298.27000000000004</AltitudeMeters>
     <DistanceMeters>9390.186744497769</DistanceMeters>
    </Trackpoint>
    <Trackpoint>
     <Time>2026-07-19T00:52:14+00:00</Time>
     <Position>
      <LatitudeDegrees>-33.2708000</LatitudeDegrees>
      <LongitudeDegrees>-71.1211100</LongitudeDegrees>
     </Position>
     <AltitudeMeters>299.48</AltitudeMeters>
     <DistanceMeters>9483.350847397769</DistanceMeters>
    </Trackpoint>
    <Trackpoint>
     <Time>2026-07-19T00:52:21+00:00</Time>
     <Position>
      <LatitudeDegrees>-33.2706900</LatitudeDegrees>
      <LongitudeDegrees>-71.1211900</LongitudeDegrees>
     </Position>
     <AltitudeMeters>299.48</AltitudeMeters>
     <DistanceMeters>9497.679003045283</DistanceMeters>
    </Trackpoint>
    <Trackpoint>
     <Time>2026-07-19T00:52:28+00:00</Time>
     <Position>
      <LatitudeDegrees>-33.2704400</LatitudeDegrees>
      <LongitudeDegrees>-71.1215000</LongitudeDegrees>
     </Position>
     <AltitudeMeters>300.11</AltitudeMeters>
     <DistanceMeters>9537.757542388836</DistanceMeters>
    </Trackpoint>
    <Trackpoint>
     <Time>2026-07-19T00:52:35+00:00</Time>
     <Position>
      <LatitudeDegrees>-33.2700350</LatitudeDegrees>
      <LongitudeDegrees>-71.1221300</LongitudeDegrees>
     </Position>
     <AltitudeMeters>300.82000000000005</AltitudeMeters>
     <DistanceMeters>9611.706749948378</DistanceMeters>
    </Trackpoint>
    <Trackpoint>
     <Time>2026-07-19T00:52:42+00:00</Time>
     <Position>
      <LatitudeDegrees>-33.2696300</LatitudeDegrees>
      <LongitudeDegrees>-71.1227600</LongitudeDegrees>
     </Position>
     <AltitudeMeters>301.57</AltitudeMeters>
     <DistanceMeters>9685.65596800777</DistanceMeters>
    </Trackpoint>
    <Trackpoint>
     <Time>2026-07-19T00:52:49+00:00</Time>
     <Position>
      <LatitudeDegrees>-33.2691600</LatitudeDegrees>
      <LongitudeDegrees>-71.1234425</LongitudeDegrees>
     </Position>
     <AltitudeMeters>301.03000000000003</AltitudeMeters>
     <DistanceMeters>9767.934539942435</DistanceMeters>
    </Trackpoint>
    <Trackpoint>
     <Time>2026-07-19T00:52:56+00:00</Time>
     <Position>
      <LatitudeDegrees>-33.2686900</LatitudeDegrees>
      <LongitudeDegrees>-71.1241250</LongitudeDegrees>
     </Position>
     <AltitudeMeters>302.48</AltitudeMeters>
     <DistanceMeters>9850.213111877289</DistanceMeters>
    </Trackpoint>
    <Trackpoint>
     <Time>2026-07-19T00:53:04+00:00</Time>
     <Position>
      <LatitudeDegrees>-33.2682200</LatitudeDegrees>
      <LongitudeDegrees>-71.1248075</LongitudeDegrees>
     </Position>
     <AltitudeMeters>304.92</AltitudeMeters>
     <DistanceMeters>9932.491683811608</DistanceMeters>
    </Trackpoint>
    <Trackpoint>
     <Time>2026-07-19T00:53:11+00:00</Time>
     <Position>
      <LatitudeDegrees>-33.2677500</LatitudeDegrees>
      <LongitudeDegrees>-71.1254900</LongitudeDegrees>
     </Position>
     <AltitudeMeters>309.52000000000004</AltitudeMeters>
     <DistanceMeters>10014.770270185652</DistanceMeters>
    </Trackpoint>
    <Trackpoint>
     <Time>2026-07-19T00:53:18+00:00</Time>
     <Position>
      <LatitudeDegrees>-33.2672500</LatitudeDegrees>
      <LongitudeDegrees>-71.1260050</LongitudeDegrees>
     </Position>
     <AltitudeMeters>313.33000000000004</AltitudeMeters>
     <DistanceMeters>10088.210100936278</DistanceMeters>
    </Trackpoint>
    <Trackpoint>
     <Time>2026-07-19T00:53:25+00:00</Time>
     <Position>
      <LatitudeDegrees>-33.2667500</LatitudeDegrees>
      <LongitudeDegrees>-71.1265200</LongitudeDegrees>
     </Position>
     <AltitudeMeters>316.31</AltitudeMeters>
     <DistanceMeters>10161.649936135072</DistanceMeters>
    </Trackpoint>
    <Trackpoint>
     <Time>2026-07-19T00:53:32+00:00</Time>
     <Position>
      <LatitudeDegrees>-33.2665000</LatitudeDegrees>
      <LongitudeDegrees>-71.1267100</LongitudeDegrees>
     </Position>
     <AltitudeMeters>318.71000000000004</AltitudeMeters>
     <DistanceMeters>10194.616350158392</DistanceMeters>
    </Trackpoint>
    <Trackpoint>
     <Time>2026-07-19T00:53:39+00:00</Time>
     <Position>
      <LatitudeDegrees>-33.2663200</LatitudeDegrees>
      <LongitudeDegrees>-71.1268300</LongitudeDegrees>
     </Position>
     <AltitudeMeters>318.71000000000004</AltitudeMeters>
     <DistanceMeters>10217.55168965675</DistanceMeters>
    </Trackpoint>
    <Trackpoint>
     <Time>2026-07-19T00:53:46+00:00</Time>
     <Position>
      <LatitudeDegrees>-33.2659400</LatitudeDegrees>
      <LongitudeDegrees>-71.1269700</LongitudeDegrees>
     </Position>
     <AltitudeMeters>321.12</AltitudeMeters>
     <DistanceMeters>10261.805219862285</DistanceMeters>
    </Trackpoint>
    <Trackpoint>
     <Time>2026-07-19T00:53:53+00:00</Time>
     <Position>
      <LatitudeDegrees>-33.2654900</LatitudeDegrees>
      <LongitudeDegrees>-71.1270600</LongitudeDegrees>
     </Position>
     <AltitudeMeters>322.08000000000004</AltitudeMeters>
     <DistanceMeters>10312.583731343046</DistanceMeters>
    </Trackpoint>
    <Trackpoint>
     <Time>2026-07-19T00:54:00+00:00</Time>
     <Position>
      <LatitudeDegrees>-33.2651600</LatitudeDegrees>
      <LongitudeDegrees>-71.1271500</LongitudeDegrees>
     </Position>
     <AltitudeMeters>323.44</AltitudeMeters>
     <DistanceMeters>10350.254145321167</DistanceMeters>
    </Trackpoint>
    <Trackpoint>
     <Time>2026-07-19T00:54:07+00:00</Time>
     <Position>
      <LatitudeDegrees>-33.2649800</LatitudeDegrees>
      <LongitudeDegrees>-71.1272300</LongitudeDegrees>
     </Position>
     <AltitudeMeters>323.8</AltitudeMeters>
     <DistanceMeters>10371.625945214684</DistanceMeters>
    </Trackpoint>
    <Trackpoint>
     <Time>2026-07-19T00:54:14+00:00</Time>
     <Position>
      <LatitudeDegrees>-33.2648000</LatitudeDegrees>
      <LongitudeDegrees>-71.1273700</LongitudeDegrees>
     </Position>
     <AltitudeMeters>324.02000000000004</AltitudeMeters>
     <DistanceMeters>10395.522936445735</DistanceMeters>
    </Trackpoint>
    <Trackpoint>
     <Time>2026-07-19T00:54:21+00:00</Time>
     <Position>
      <LatitudeDegrees>-33.2645500</LatitudeDegrees>
      <LongitudeDegrees>-71.1276900</LongitudeDegrees>
     </Position>
     <AltitudeMeters>323.88</AltitudeMeters>
     <DistanceMeters>10436.277812190849</DistanceMeters>
    </Trackpoint>
    <Trackpoint>
     <Time>2026-07-19T00:54:28+00:00</Time>
     <Position>
      <LatitudeDegrees>-33.2642600</LatitudeDegrees>
      <LongitudeDegrees>-71.1284400</LongitudeDegrees>
     </Position>
     <AltitudeMeters>322.38</AltitudeMeters>
     <DistanceMeters>10513.174063859038</DistanceMeters>
    </Trackpoint>
    <Trackpoint>
     <Time>2026-07-19T00:54:36+00:00</Time>
     <Position>
      <LatitudeDegrees>-33.2637700</LatitudeDegrees>
      <LongitudeDegrees>-71.1293200</LongitudeDegrees>
     </Position>
     <AltitudeMeters>315.67</AltitudeMeters>
     <DistanceMeters>10611.563593277351</DistanceMeters>
    </Trackpoint>
    <Trackpoint>
     <Time>2026-07-19T00:54:43+00:00</Time>
     <Position>
      <LatitudeDegrees>-33.2635900</LatitudeDegrees>
      <LongitudeDegrees>-71.1297100</LongitudeDegrees>
     </Position>
     <AltitudeMeters>314.1</AltitudeMeters>
     <DistanceMeters>10653.019039222763</DistanceMeters>
    </Trackpoint>
    <Trackpoint>
     <Time>2026-07-19T00:54:50+00:00</Time>
     <Position>
      <LatitudeDegrees>-33.2634600</LatitudeDegrees>
      <LongitudeDegrees>-71.1299600</LongitudeDegrees>
     </Position>
     <AltitudeMeters>311.08000000000004</AltitudeMeters>
     <DistanceMeters>10680.41617857329</DistanceMeters>
    </Trackpoint>
    <Trackpoint>
     <Time>2026-07-19T00:54:57+00:00</Time>
     <Position>
      <LatitudeDegrees>-33.2629900</LatitudeDegrees>
      <LongitudeDegrees>-71.1303300</LongitudeDegrees>
     </Position>
     <AltitudeMeters>305.14000000000004</AltitudeMeters>
     <DistanceMeters>10743.040685198646</DistanceMeters>
    </Trackpoint>
    <Trackpoint>
     <Time>2026-07-19T00:55:04+00:00</Time>
     <Position>
      <LatitudeDegrees>-33.2628700</LatitudeDegrees>
      <LongitudeDegrees>-71.1304600</LongitudeDegrees>
     </Position>
     <AltitudeMeters>303.50000000000006</AltitudeMeters>
     <DistanceMeters>10761.060941105654</DistanceMeters>
    </Trackpoint>
    <Trackpoint>
     <Time>2026-07-19T00:55:11+00:00</Time>
     <Position>
      <LatitudeDegrees>-33.2628100</LatitudeDegrees>
      <LongitudeDegrees>-71.1306400</LongitudeDegrees>
     </Position>
     <AltitudeMeters>302.8</AltitudeMeters>
     <DistanceMeters>10779.093958432608</DistanceMeters>
    </Trackpoint>
    <Trackpoint>
     <Time>2026-07-19T00:55:18+00:00</Time>
     <Position>
      <LatitudeDegrees>-33.2628300</LatitudeDegrees>
      <LongitudeDegrees>-71.1311300</LongitudeDegrees>
     </Position>
     <AltitudeMeters>300.84000000000003</AltitudeMeters>
     <DistanceMeters>10824.74832982444</DistanceMeters>
    </Trackpoint>
    <Trackpoint>
     <Time>2026-07-19T00:55:25+00:00</Time>
     <Position>
      <LatitudeDegrees>-33.2626900</LatitudeDegrees>
      <LongitudeDegrees>-71.1314500</LongitudeDegrees>
     </Position>
     <AltitudeMeters>301.02</AltitudeMeters>
     <DistanceMeters>10858.357973385991</DistanceMeters>
    </Trackpoint>
    <Trackpoint>
     <Time>2026-07-19T00:55:32+00:00</Time>
     <Position>
      <LatitudeDegrees>-33.2625800</LatitudeDegrees>
      <LongitudeDegrees>-71.1315400</LongitudeDegrees>
     </Position>
     <AltitudeMeters>301.12</AltitudeMeters>
     <DistanceMeters>10873.1913517701</DistanceMeters>
    </Trackpoint>
    <Trackpoint>
     <Time>2026-07-19T00:55:39+00:00</Time>
     <Position>
      <LatitudeDegrees>-33.2621400</LatitudeDegrees>
      <LongitudeDegrees>-71.1316300</LongitudeDegrees>
     </Position>
     <AltitudeMeters>302.85</AltitudeMeters>
     <DistanceMeters>10922.872542733621</DistanceMeters>
    </Trackpoint>
    <Trackpoint>
     <Time>2026-07-19T00:55:46+00:00</Time>
     <Position>
      <LatitudeDegrees>-33.2616700</LatitudeDegrees>
      <LongitudeDegrees>-71.1317700</LongitudeDegrees>
     </Position>
     <AltitudeMeters>303.39000000000004</AltitudeMeters>
     <DistanceMeters>10976.779648656877</DistanceMeters>
    </Trackpoint>
    <Trackpoint>
     <Time>2026-07-19T00:55:53+00:00</Time>
     <Position>
      <LatitudeDegrees>-33.2611500</LatitudeDegrees>
      <LongitudeDegrees>-71.1320300</LongitudeDegrees>
     </Position>
     <AltitudeMeters>304.52</AltitudeMeters>
     <DistanceMeters>11039.507908964473</DistanceMeters>
    </Trackpoint>
    <Trackpoint>
     <Time>2026-07-19T00:56:00+00:00</Time>
     <Position>
      <LatitudeDegrees>-33.2606600</LatitudeDegrees>
      <LongitudeDegrees>-71.1322100</LongitudeDegrees>
     </Position>
     <AltitudeMeters>305.37</AltitudeMeters>
     <DistanceMeters>11096.557587806623</DistanceMeters>
    </Trackpoint>
    <Trackpoint>
     <Time>2026-07-19T00:56:07+00:00</Time>
     <Position>
      <LatitudeDegrees>-33.2601700</LatitudeDegrees>
      <LongitudeDegrees>-71.1323900</LongitudeDegrees>
     </Position>
     <AltitudeMeters>306.18</AltitudeMeters>
     <DistanceMeters>11153.60725083451</DistanceMeters>
    </Trackpoint>
    <Trackpoint>
     <Time>2026-07-19T00:56:15+00:00</Time>
     <Position>
      <LatitudeDegrees>-33.2596700</LatitudeDegrees>
      <LongitudeDegrees>-71.1326700</LongitudeDegrees>
     </Position>
     <AltitudeMeters>306.51</AltitudeMeters>
     <DistanceMeters>11215.05400915482</DistanceMeters>
    </Trackpoint>
    <Trackpoint>
     <Time>2026-07-19T00:56:22+00:00</Time>
     <Position>
      <LatitudeDegrees>-33.2590500</LatitudeDegrees>
      <LongitudeDegrees>-71.1331900</LongitudeDegrees>
     </Position>
     <AltitudeMeters>306.74</AltitudeMeters>
     <DistanceMeters>11299.335807523772</DistanceMeters>
    </Trackpoint>
    <Trackpoint>
     <Time>2026-07-19T00:56:29+00:00</Time>
     <Position>
      <LatitudeDegrees>-33.2585650</LatitudeDegrees>
      <LongitudeDegrees>-71.1335300</LongitudeDegrees>
     </Position>
     <AltitudeMeters>306.6</AltitudeMeters>
     <DistanceMeters>11361.905054660841</DistanceMeters>
    </Trackpoint>
    <Trackpoint>
     <Time>2026-07-19T00:56:36+00:00</Time>
     <Position>
      <LatitudeDegrees>-33.2580800</LatitudeDegrees>
      <LongitudeDegrees>-71.1338700</LongitudeDegrees>
     </Position>
     <AltitudeMeters>306.64000000000004</AltitudeMeters>
     <DistanceMeters>11424.474295407521</DistanceMeters>
    </Trackpoint>
    <Trackpoint>
     <Time>2026-07-19T00:56:43+00:00</Time>
     <Position>
      <LatitudeDegrees>-33.2578100</LatitudeDegrees>
      <LongitudeDegrees>-71.1341900</LongitudeDegrees>
     </Position>
     <AltitudeMeters>307.11000000000007</AltitudeMeters>
     <DistanceMeters>11466.78172412389</DistanceMeters>
    </Trackpoint>
    <Trackpoint>
     <Time>2026-07-19T00:56:50+00:00</Time>
     <Position>
      <LatitudeDegrees>-33.2577300</LatitudeDegrees>
      <LongitudeDegrees>-71.1343600</LongitudeDegrees>
     </Position>
     <AltitudeMeters>307.11000000000007</AltitudeMeters>
     <DistanceMeters>11484.936341980427</DistanceMeters>
    </Trackpoint>
    <Trackpoint>
     <Time>2026-07-19T00:56:57+00:00</Time>
     <Position>
      <LatitudeDegrees>-33.2574700</LatitudeDegrees>
      <LongitudeDegrees>-71.1350750</LongitudeDegrees>
     </Position>
     <AltitudeMeters>307.21000000000004</AltitudeMeters>
     <DistanceMeters>11557.498791505723</DistanceMeters>
    </Trackpoint>
    <Trackpoint>
     <Time>2026-07-19T00:57:04+00:00</Time>
     <Position>
      <LatitudeDegrees>-33.2572100</LatitudeDegrees>
      <LongitudeDegrees>-71.1357900</LongitudeDegrees>
     </Position>
     <AltitudeMeters>307.85</AltitudeMeters>
     <DistanceMeters>11630.061234068202</DistanceMeters>
    </Trackpoint>
    <Trackpoint>
     <Time>2026-07-19T00:57:11+00:00</Time>
     <Position>
      <LatitudeDegrees>-33.2569000</LatitudeDegrees>
      <LongitudeDegrees>-71.1367200</LongitudeDegrees>
     </Position>
     <AltitudeMeters>309.49</AltitudeMeters>
     <DistanceMeters>11723.237147681164</DistanceMeters>
    </Trackpoint>
    <Trackpoint>
     <Time>2026-07-19T00:57:18+00:00</Time>
     <Position>
      <LatitudeDegrees>-33.2568300</LatitudeDegrees>
      <LongitudeDegrees>-71.1370800</LongitudeDegrees>
     </Position>
     <AltitudeMeters>309.76000000000005</AltitudeMeters>
     <DistanceMeters>11757.63538140854</DistanceMeters>
    </Trackpoint>
    <Trackpoint>
     <Time>2026-07-19T00:57:25+00:00</Time>
     <Position>
      <LatitudeDegrees>-33.2567750</LatitudeDegrees>
      <LongitudeDegrees>-71.1379350</LongitudeDegrees>
     </Position>
     <AltitudeMeters>310.98</AltitudeMeters>
     <DistanceMeters>11837.443446471147</DistanceMeters>
    </Trackpoint>
    <Trackpoint>
     <Time>2026-07-19T00:57:32+00:00</Time>
     <Position>
      <LatitudeDegrees>-33.2567200</LatitudeDegrees>
      <LongitudeDegrees>-71.1387900</LongitudeDegrees>
     </Position>
     <AltitudeMeters>311.14000000000004</AltitudeMeters>
     <DistanceMeters>11917.251544909985</DistanceMeters>
    </Trackpoint>
    <Trackpoint>
     <Time>2026-07-19T00:57:39+00:00</Time>
     <Position>
      <LatitudeDegrees>-33.2566500</LatitudeDegrees>
      <LongitudeDegrees>-71.1391000</LongitudeDegrees>
     </Position>
     <AltitudeMeters>310.9</AltitudeMeters>
     <DistanceMeters>11947.13596013426</DistanceMeters>
    </Trackpoint>
    <Trackpoint>
     <Time>2026-07-19T00:57:47+00:00</Time>
     <Position>
      <LatitudeDegrees>-33.2564500</LatitudeDegrees>
      <LongitudeDegrees>-71.1397300</LongitudeDegrees>
     </Position>
     <AltitudeMeters>311.57</AltitudeMeters>
     <DistanceMeters>12009.851854729648</DistanceMeters>
    </Trackpoint>
    <Trackpoint>
     <Time>2026-07-19T00:57:54+00:00</Time>
     <Position>
      <LatitudeDegrees>-33.2563900</LatitudeDegrees>
      <LongitudeDegrees>-71.1400300</LongitudeDegrees>
     </Position>
     <AltitudeMeters>312.37</AltitudeMeters>
     <DistanceMeters>12038.559767759583</DistanceMeters>
    </Trackpoint>
    <Trackpoint>
     <Time>2026-07-19T00:58:01+00:00</Time>
     <Position>
      <LatitudeDegrees>-33.2563800</LatitudeDegrees>
      <LongitudeDegrees>-71.1402700</LongitudeDegrees>
     </Position>
     <AltitudeMeters>313.14000000000004</AltitudeMeters>
     <DistanceMeters>12060.923854678393</DistanceMeters>
    </Trackpoint>
    <Trackpoint>
     <Time>2026-07-19T00:58:08+00:00</Time>
     <Position>
      <LatitudeDegrees>-33.2564300</LatitudeDegrees>
      <LongitudeDegrees>-71.1404500</LongitudeDegrees>
     </Position>
     <AltitudeMeters>313.54</AltitudeMeters>
     <DistanceMeters>12078.576210174717</DistanceMeters>
    </Trackpoint>
    <Trackpoint>
     <Time>2026-07-19T00:58:15+00:00</Time>
     <Position>
      <LatitudeDegrees>-33.2565200</LatitudeDegrees>
      <LongitudeDegrees>-71.1406300</LongitudeDegrees>
     </Position>
     <AltitudeMeters>314.03000000000003</AltitudeMeters>
     <DistanceMeters>12098.09468560547</DistanceMeters>
    </Trackpoint>
    <Trackpoint>
     <Time>2026-07-19T00:58:22+00:00</Time>
     <Position>
      <LatitudeDegrees>-33.2567600</LatitudeDegrees>
      <LongitudeDegrees>-71.1409400</LongitudeDegrees>
     </Position>
     <AltitudeMeters>314.24</AltitudeMeters>
     <DistanceMeters>12137.412108081477</DistanceMeters>
    </Trackpoint>
    <Trackpoint>
     <Time>2026-07-19T00:58:29+00:00</Time>
     <Position>
      <LatitudeDegrees>-33.2571650</LatitudeDegrees>
      <LongitudeDegrees>-71.1415650</LongitudeDegrees>
     </Position>
     <AltitudeMeters>314.61</AltitudeMeters>
     <DistanceMeters>12210.999800244907</DistanceMeters>
    </Trackpoint>
    <Trackpoint>
     <Time>2026-07-19T00:58:36+00:00</Time>
     <Position>
      <LatitudeDegrees>-33.2575700</LatitudeDegrees>
      <LongitudeDegrees>-71.1421900</LongitudeDegrees>
     </Position>
     <AltitudeMeters>314.36</AltitudeMeters>
     <DistanceMeters>12284.587484209349</DistanceMeters>
    </Trackpoint>
    <Trackpoint>
     <Time>2026-07-19T00:58:43+00:00</Time>
     <Position>
      <LatitudeDegrees>-33.2576800</LatitudeDegrees>
      <LongitudeDegrees>-71.1424200</LongitudeDegrees>
     </Position>
     <AltitudeMeters>313.84</AltitudeMeters>
     <DistanceMeters>12309.246562529843</DistanceMeters>
    </Trackpoint>
    <Trackpoint>
     <Time>2026-07-19T00:58:50+00:00</Time>
     <Position>
      <LatitudeDegrees>-33.2577500</LatitudeDegrees>
      <LongitudeDegrees>-71.1426900</LongitudeDegrees>
     </Position>
     <AltitudeMeters>313.47</AltitudeMeters>
     <DistanceMeters>12335.55461090428</DistanceMeters>
    </Trackpoint>
    <Trackpoint>
     <Time>2026-07-19T00:58:57+00:00</Time>
     <Position>
      <LatitudeDegrees>-33.2577900</LatitudeDegrees>
      <LongitudeDegrees>-71.1430600</LongitudeDegrees>
     </Position>
     <AltitudeMeters>313.29</AltitudeMeters>
     <DistanceMeters>12370.275892608563</DistanceMeters>
    </Trackpoint>
    <Trackpoint>
     <Time>2026-07-19T00:59:04+00:00</Time>
     <Position>
      <LatitudeDegrees>-33.2579700</LatitudeDegrees>
      <LongitudeDegrees>-71.1437700</LongitudeDegrees>
     </Position>
     <AltitudeMeters>313.24</AltitudeMeters>
     <DistanceMeters>12439.323216896591</DistanceMeters>
    </Trackpoint>
    <Trackpoint>
     <Time>2026-07-19T00:59:11+00:00</Time>
     <Position>
      <LatitudeDegrees>-33.2581500</LatitudeDegrees>
      <LongitudeDegrees>-71.1444800</LongitudeDegrees>
     </Position>
     <AltitudeMeters>313.48</AltitudeMeters>
     <DistanceMeters>12508.370537114879</DistanceMeters>
    </Trackpoint>
    <Trackpoint>
     <Time>2026-07-19T00:59:19+00:00</Time>
     <Position>
      <LatitudeDegrees>-33.2583100</LatitudeDegrees>
      <LongitudeDegrees>-71.1454400</LongitudeDegrees>
     </Position>
     <AltitudeMeters>314.12</AltitudeMeters>
     <DistanceMeters>12599.47148371705</DistanceMeters>
    </Trackpoint>
    <Trackpoint>
     <Time>2026-07-19T00:59:26+00:00</Time>
     <Position>
      <LatitudeDegrees>-33.2586000</LatitudeDegrees>
      <LongitudeDegrees>-71.1461200</LongitudeDegrees>
     </Position>
     <AltitudeMeters>317.12</AltitudeMeters>
     <DistanceMeters>12670.511533492867</DistanceMeters>
    </Trackpoint>
    <Trackpoint>
     <Time>2026-07-19T00:59:33+00:00</Time>
     <Position>
      <LatitudeDegrees>-33.2588900</LatitudeDegrees>
      <LongitudeDegrees>-71.1468000</LongitudeDegrees>
     </Position>
     <AltitudeMeters>323.22</AltitudeMeters>
     <DistanceMeters>12741.551590215906</DistanceMeters>
    </Trackpoint>
    <Trackpoint>
     <Time>2026-07-19T00:59:40+00:00</Time>
     <Position>
      <LatitudeDegrees>-33.2591400</LatitudeDegrees>
      <LongitudeDegrees>-71.1475200</LongitudeDegrees>
     </Position>
     <AltitudeMeters>331.12</AltitudeMeters>
     <DistanceMeters>12814.105870441912</DistanceMeters>
    </Trackpoint>
    <Trackpoint>
     <Time>2026-07-19T00:59:47+00:00</Time>
     <Position>
      <LatitudeDegrees>-33.2594300</LatitudeDegrees>
      <LongitudeDegrees>-71.1479600</LongitudeDegrees>
     </Position>
     <AltitudeMeters>334.39</AltitudeMeters>
     <DistanceMeters>12866.245269563256</DistanceMeters>
    </Trackpoint>
    <Trackpoint>
     <Time>2026-07-19T00:59:54+00:00</Time>
     <Position>
      <LatitudeDegrees>-33.2596100</LatitudeDegrees>
      <LongitudeDegrees>-71.1483300</LongitudeDegrees>
     </Position>
     <AltitudeMeters>335.07000000000005</AltitudeMeters>
     <DistanceMeters>12906.082828845558</DistanceMeters>
    </Trackpoint>
    <Trackpoint>
     <Time>2026-07-19T01:00:01+00:00</Time>
     <Position>
      <LatitudeDegrees>-33.2597200</LatitudeDegrees>
      <LongitudeDegrees>-71.1486400</LongitudeDegrees>
     </Position>
     <AltitudeMeters>334.04</AltitudeMeters>
     <DistanceMeters>12937.422993696322</DistanceMeters>
    </Trackpoint>
    <Trackpoint>
     <Time>2026-07-19T01:00:08+00:00</Time>
     <Position>
      <LatitudeDegrees>-33.2600100</LatitudeDegrees>
      <LongitudeDegrees>-71.1489500</LongitudeDegrees>
     </Position>
     <AltitudeMeters>330.74</AltitudeMeters>
     <DistanceMeters>12980.713253070206</DistanceMeters>
    </Trackpoint>
    <Trackpoint>
     <Time>2026-07-19T01:00:15+00:00</Time>
     <Position>
      <LatitudeDegrees>-33.2601700</LatitudeDegrees>
      <LongitudeDegrees>-71.1493100</LongitudeDegrees>
     </Position>
     <AltitudeMeters>327.36</AltitudeMeters>
     <DistanceMeters>13018.654798687405</DistanceMeters>
    </Trackpoint>
    <Trackpoint>
     <Time>2026-07-19T01:00:22+00:00</Time>
     <Position>
      <LatitudeDegrees>-33.2602100</LatitudeDegrees>
      <LongitudeDegrees>-71.1494900</LongitudeDegrees>
     </Position>
     <AltitudeMeters>326.11</AltitudeMeters>
     <DistanceMeters>13035.987810048337</DistanceMeters>
    </Trackpoint>
    <Trackpoint>
     <Time>2026-07-19T01:00:29+00:00</Time>
     <Position>
      <LatitudeDegrees>-33.2602100</LatitudeDegrees>
      <LongitudeDegrees>-71.1496700</LongitudeDegrees>
     </Position>
     <AltitudeMeters>326.11</AltitudeMeters>
     <DistanceMeters>13052.739358905943</DistanceMeters>
    </Trackpoint>
    <Trackpoint>
     <Time>2026-07-19T01:00:36+00:00</Time>
     <Position>
      <LatitudeDegrees>-33.2601900</LatitudeDegrees>
      <LongitudeDegrees>-71.1498100</LongitudeDegrees>
     </Position>
     <AltitudeMeters>323.53000000000003</AltitudeMeters>
     <DistanceMeters>13065.957116420743</DistanceMeters>
    </Trackpoint>
    <Trackpoint>
     <Time>2026-07-19T01:00:43+00:00</Time>
     <Position>
      <LatitudeDegrees>-33.2601200</LatitudeDegrees>
      <LongitudeDegrees>-71.1499800</LongitudeDegrees>
     </Position>
     <AltitudeMeters>322.72</AltitudeMeters>
     <DistanceMeters>13083.59220615712</DistanceMeters>
    </Trackpoint>
    <Trackpoint>
     <Time>2026-07-19T01:00:50+00:00</Time>
     <Position>
      <LatitudeDegrees>-33.2599200</LatitudeDegrees>
      <LongitudeDegrees>-71.1503000</LongitudeDegrees>
     </Position>
     <AltitudeMeters>320.35</AltitudeMeters>
     <DistanceMeters>13120.772214670527</DistanceMeters>
    </Trackpoint>
    <Trackpoint>
     <Time>2026-07-19T01:00:58+00:00</Time>
     <Position>
      <LatitudeDegrees>-33.2595200</LatitudeDegrees>
      <LongitudeDegrees>-71.1507100</LongitudeDegrees>
     </Position>
     <AltitudeMeters>319.38000000000005</AltitudeMeters>
     <DistanceMeters>13179.404940360437</DistanceMeters>
    </Trackpoint>
    <Trackpoint>
     <Time>2026-07-19T01:01:05+00:00</Time>
     <Position>
      <LatitudeDegrees>-33.2594300</LatitudeDegrees>
      <LongitudeDegrees>-71.1508300</LongitudeDegrees>
     </Position>
     <AltitudeMeters>319.49000000000007</AltitudeMeters>
     <DistanceMeters>13194.406677055726</DistanceMeters>
    </Trackpoint>
    <Trackpoint>
     <Time>2026-07-19T01:01:12+00:00</Time>
     <Position>
      <LatitudeDegrees>-33.2594000</LatitudeDegrees>
      <LongitudeDegrees>-71.1509200</LongitudeDegrees>
     </Position>
     <AltitudeMeters>319.86</AltitudeMeters>
     <DistanceMeters>13203.423490772082</DistanceMeters>
    </Trackpoint>
    <Trackpoint>
     <Time>2026-07-19T01:01:19+00:00</Time>
     <Position>
      <LatitudeDegrees>-33.2592300</LatitudeDegrees>
      <LongitudeDegrees>-71.1518200</LongitudeDegrees>
     </Position>
     <AltitudeMeters>325.52000000000004</AltitudeMeters>
     <DistanceMeters>13289.292460276527</DistanceMeters>
    </Trackpoint>
    <Trackpoint>
     <Time>2026-07-19T01:01:26+00:00</Time>
     <Position>
      <LatitudeDegrees>-33.2590200</LatitudeDegrees>
      <LongitudeDegrees>-71.1520800</LongitudeDegrees>
     </Position>
     <AltitudeMeters>327.76000000000005</AltitudeMeters>
     <DistanceMeters>13322.933932665594</DistanceMeters>
    </Trackpoint>
    <Trackpoint>
     <Time>2026-07-19T01:01:33+00:00</Time>
     <Position>
      <LatitudeDegrees>-33.2589300</LatitudeDegrees>
      <LongitudeDegrees>-71.1522700</LongitudeDegrees>
     </Position>
     <AltitudeMeters>328.14000000000004</AltitudeMeters>
     <DistanceMeters>13343.256363591128</DistanceMeters>
    </Trackpoint>
    <Trackpoint>
     <Time>2026-07-19T01:01:40+00:00</Time>
     <Position>
      <LatitudeDegrees>-33.2589100</LatitudeDegrees>
      <LongitudeDegrees>-71.1527500</LongitudeDegrees>
     </Position>
     <AltitudeMeters>327.36</AltitudeMeters>
     <DistanceMeters>13387.983242824954</DistanceMeters>
    </Trackpoint>
    <Trackpoint>
     <Time>2026-07-19T01:01:47+00:00</Time>
     <Position>
      <LatitudeDegrees>-33.2588700</LatitudeDegrees>
      <LongitudeDegrees>-71.1529500</LongitudeDegrees>
     </Position>
     <AltitudeMeters>327.05</AltitudeMeters>
     <DistanceMeters>13407.121339705205</DistanceMeters>
    </Trackpoint>
    <Trackpoint>
     <Time>2026-07-19T01:01:54+00:00</Time>
     <Position>
      <LatitudeDegrees>-33.2587300</LatitudeDegrees>
      <LongitudeDegrees>-71.1534800</LongitudeDegrees>
     </Position>
     <AltitudeMeters>326.40000000000003</AltitudeMeters>
     <DistanceMeters>13458.848662036055</DistanceMeters>
    </Trackpoint>
    <Trackpoint>
     <Time>2026-07-19T01:02:01+00:00</Time>
     <Position>
      <LatitudeDegrees>-33.2587100</LatitudeDegrees>
      <LongitudeDegrees>-71.1537900</LongitudeDegrees>
     </Position>
     <AltitudeMeters>326.15000000000003</AltitudeMeters>
     <DistanceMeters>13487.784785125756</DistanceMeters>
    </Trackpoint>
    <Trackpoint>
     <Time>2026-07-19T01:02:08+00:00</Time>
     <Position>
      <LatitudeDegrees>-33.2587600</LatitudeDegrees>
      <LongitudeDegrees>-71.1541100</LongitudeDegrees>
     </Position>
     <AltitudeMeters>325.85</AltitudeMeters>
     <DistanceMeters>13518.081267010359</DistanceMeters>
    </Trackpoint>
    <Trackpoint>
     <Time>2026-07-19T01:02:15+00:00</Time>
     <Position>
      <LatitudeDegrees>-33.2588200</LatitudeDegrees>
      <LongitudeDegrees>-71.1544200</LongitudeDegrees>
     </Position>
     <AltitudeMeters>325.56</AltitudeMeters>
     <DistanceMeters>13547.694362357457</DistanceMeters>
    </Trackpoint>
    <Trackpoint>
     <Time>2026-07-19T01:02:22+00:00</Time>
     <Position>
      <LatitudeDegrees>-33.2589600</LatitudeDegrees>
      <LongitudeDegrees>-71.1547300</LongitudeDegrees>
     </Position>
     <AltitudeMeters>325.58000000000004</AltitudeMeters>
     <DistanceMeters>13580.48340264109</DistanceMeters>
    </Trackpoint>
    <Trackpoint>
     <Time>2026-07-19T01:02:30+00:00</Time>
     <Position>
      <LatitudeDegrees>-33.2591100</LatitudeDegrees>
      <LongitudeDegrees>-71.1550100</LongitudeDegrees>
     </Position>
     <AltitudeMeters>325.86</AltitudeMeters>
     <DistanceMeters>13611.43073186886</DistanceMeters>
    </Trackpoint>
    <Trackpoint>
     <Time>2026-07-19T01:02:37+00:00</Time>
     <Position>
      <LatitudeDegrees>-33.2596100</LatitudeDegrees>
      <LongitudeDegrees>-71.1556700</LongitudeDegrees>
     </Position>
     <AltitudeMeters>328.24</AltitudeMeters>
     <DistanceMeters>13694.312937730909</DistanceMeters>
    </Trackpoint>
    <Trackpoint>
     <Time>2026-07-19T01:02:44+00:00</Time>
     <Position>
      <LatitudeDegrees>-33.2600000</LatitudeDegrees>
      <LongitudeDegrees>-71.1560950</LongitudeDegrees>
     </Position>
     <AltitudeMeters>330.85</AltitudeMeters>
     <DistanceMeters>13753.036093067</DistanceMeters>
    </Trackpoint>
    <Trackpoint>
     <Time>2026-07-19T01:02:51+00:00</Time>
     <Position>
      <LatitudeDegrees>-33.2603900</LatitudeDegrees>
      <LongitudeDegrees>-71.1565200</LongitudeDegrees>
     </Position>
     <AltitudeMeters>332.90000000000003</AltitudeMeters>
     <DistanceMeters>13811.759279601032</DistanceMeters>
    </Trackpoint>
    <Trackpoint>
     <Time>2026-07-19T01:02:58+00:00</Time>
     <Position>
      <LatitudeDegrees>-33.2608800</LatitudeDegrees>
      <LongitudeDegrees>-71.1570900</LongitudeDegrees>
     </Position>
     <AltitudeMeters>335.73</AltitudeMeters>
     <DistanceMeters>13887.83774316122</DistanceMeters>
    </Trackpoint>
    <Trackpoint>
     <Time>2026-07-19T01:03:05+00:00</Time>
     <Position>
      <LatitudeDegrees>-33.2613700</LatitudeDegrees>
      <LongitudeDegrees>-71.1576600</LongitudeDegrees>
     </Position>
     <AltitudeMeters>338.74</AltitudeMeters>
     <DistanceMeters>13963.916206721648</DistanceMeters>
    </Trackpoint>
    <Trackpoint>
     <Time>2026-07-19T01:03:12+00:00</Time>
     <Position>
      <LatitudeDegrees>-33.2618600</LatitudeDegrees>
      <LongitudeDegrees>-71.1582300</LongitudeDegrees>
     </Position>
     <AltitudeMeters>342.81</AltitudeMeters>
     <DistanceMeters>14039.99468259732</DistanceMeters>
    </Trackpoint>
    <Trackpoint>
     <Time>2026-07-19T01:03:19+00:00</Time>
     <Position>
      <LatitudeDegrees>-33.2620200</LatitudeDegrees>
      <LongitudeDegrees>-71.1584500</LongitudeDegrees>
     </Position>
     <AltitudeMeters>343.92</AltitudeMeters>
     <DistanceMeters>14067.129034187512</DistanceMeters>
    </Trackpoint>
    <Trackpoint>
     <Time>2026-07-19T01:03:26+00:00</Time>
     <Position>
      <LatitudeDegrees>-33.2621100</LatitudeDegrees>
      <LongitudeDegrees>-71.1586600</LongitudeDegrees>
     </Position>
     <AltitudeMeters>344.15</AltitudeMeters>
     <DistanceMeters>14089.08953601614</DistanceMeters>
    </Trackpoint>
    <Trackpoint>
     <Time>2026-07-19T01:03:33+00:00</Time>
     <Position>
      <LatitudeDegrees>-33.2623100</LatitudeDegrees>
      <LongitudeDegrees>-71.1593000</LongitudeDegrees>
     </Position>
     <AltitudeMeters>345.79</AltitudeMeters>
     <DistanceMeters>14152.672763899078</DistanceMeters>
    </Trackpoint>
    <Trackpoint>
     <Time>2026-07-19T01:03:40+00:00</Time>
     <Position>
      <LatitudeDegrees>-33.2626700</LatitudeDegrees>
      <LongitudeDegrees>-71.1598800</LongitudeDegrees>
     </Position>
     <AltitudeMeters>348.64</AltitudeMeters>
     <DistanceMeters>14219.89409545102</DistanceMeters>
    </Trackpoint>
    <Trackpoint>
     <Time>2026-07-19T01:03:47+00:00</Time>
     <Position>
      <LatitudeDegrees>-33.2628500</LatitudeDegrees>
      <LongitudeDegrees>-71.1600700</LongitudeDegrees>
     </Position>
     <AltitudeMeters>350.69</AltitudeMeters>
     <DistanceMeters>14246.614342480849</DistanceMeters>
    </Trackpoint>
    <Trackpoint>
     <Time>2026-07-19T01:03:54+00:00</Time>
     <Position>
      <LatitudeDegrees>-33.2632300</LatitudeDegrees>
      <LongitudeDegrees>-71.1604200</LongitudeDegrees>
     </Position>
     <AltitudeMeters>351.98</AltitudeMeters>
     <DistanceMeters>14299.99542260134</DistanceMeters>
    </Trackpoint>
    <Trackpoint>
     <Time>2026-07-19T01:04:02+00:00</Time>
     <Position>
      <LatitudeDegrees>-33.2635200</LatitudeDegrees>
      <LongitudeDegrees>-71.1606000</LongitudeDegrees>
     </Position>
     <AltitudeMeters>353.13000000000005</AltitudeMeters>
     <DistanceMeters>14336.359111931855</DistanceMeters>
    </Trackpoint>
    <Trackpoint>
     <Time>2026-07-19T01:04:09+00:00</Time>
     <Position>
      <LatitudeDegrees>-33.2638800</LatitudeDegrees>
      <LongitudeDegrees>-71.1607400</LongitudeDegrees>
     </Position>
     <AltitudeMeters>353.82</AltitudeMeters>
     <DistanceMeters>14378.490582380962</DistanceMeters>
    </Trackpoint>
    <Trackpoint>
     <Time>2026-07-19T01:04:16+00:00</Time>
     <Position>
      <LatitudeDegrees>-33.2640400</LatitudeDegrees>
      <LongitudeDegrees>-71.1608300</LongitudeDegrees>
     </Position>
     <AltitudeMeters>353.87</AltitudeMeters>
     <DistanceMeters>14398.16919558396</DistanceMeters>
    </Trackpoint>
    <Trackpoint>
     <Time>2026-07-19T01:04:23+00:00</Time>
     <Position>
      <LatitudeDegrees>-33.2643100</LatitudeDegrees>
      <LongitudeDegrees>-71.1610400</LongitudeDegrees>
     </Position>
     <AltitudeMeters>353.99</AltitudeMeters>
     <DistanceMeters>14434.014769649459</DistanceMeters>
    </Trackpoint>
    <Trackpoint>
     <Time>2026-07-19T01:04:30+00:00</Time>
     <Position>
      <LatitudeDegrees>-33.2644000</LatitudeDegrees>
      <LongitudeDegrees>-71.1611800</LongitudeDegrees>
     </Position>
     <AltitudeMeters>354.08</AltitudeMeters>
     <DistanceMeters>14450.44859977389</DistanceMeters>
    </Trackpoint>
    <Trackpoint>
     <Time>2026-07-19T01:04:37+00:00</Time>
     <Position>
      <LatitudeDegrees>-33.2648350</LatitudeDegrees>
      <LongitudeDegrees>-71.1618700</LongitudeDegrees>
     </Position>
     <AltitudeMeters>356.94000000000005</AltitudeMeters>
     <DistanceMeters>14530.865720033598</DistanceMeters>
    </Trackpoint>
    <Trackpoint>
     <Time>2026-07-19T01:04:44+00:00</Time>
     <Position>
      <LatitudeDegrees>-33.2652700</LatitudeDegrees>
      <LongitudeDegrees>-71.1625600</LongitudeDegrees>
     </Position>
     <AltitudeMeters>362.45000000000005</AltitudeMeters>
     <DistanceMeters>14611.282856894713</DistanceMeters>
    </Trackpoint>
    <Trackpoint>
     <Time>2026-07-19T01:04:51+00:00</Time>
     <Position>
      <LatitudeDegrees>-33.2654300</LatitudeDegrees>
      <LongitudeDegrees>-71.1628400</LongitudeDegrees>
     </Position>
     <AltitudeMeters>363.18</AltitudeMeters>
     <DistanceMeters>14642.842924524917</DistanceMeters>
    </Trackpoint>
    <Trackpoint>
     <Time>2026-07-19T01:04:58+00:00</Time>
     <Position>
      <LatitudeDegrees>-33.2657200</LatitudeDegrees>
      <LongitudeDegrees>-71.1635000</LongitudeDegrees>
     </Position>
     <AltitudeMeters>363.25</AltitudeMeters>
     <DistanceMeters>14712.225667280314</DistanceMeters>
    </Trackpoint>
    <Trackpoint>
     <Time>2026-07-19T01:05:05+00:00</Time>
     <Position>
      <LatitudeDegrees>-33.2657900</LatitudeDegrees>
      <LongitudeDegrees>-71.1636700</LongitudeDegrees>
     </Position>
     <AltitudeMeters>363.25</AltitudeMeters>
     <DistanceMeters>14729.859847090966</DistanceMeters>
    </Trackpoint>
    <Trackpoint>
     <Time>2026-07-19T01:05:12+00:00</Time>
     <Position>
      <LatitudeDegrees>-33.2658300</LatitudeDegrees>
      <LongitudeDegrees>-71.1639100</LongitudeDegrees>
     </Position>
     <AltitudeMeters>362.49</AltitudeMeters>
     <DistanceMeters>14752.633182977945</DistanceMeters>
    </Trackpoint>
    <Trackpoint>
     <Time>2026-07-19T01:05:19+00:00</Time>
     <Position>
      <LatitudeDegrees>-33.2658100</LatitudeDegrees>
      <LongitudeDegrees>-71.1640400</LongitudeDegrees>
     </Position>
     <AltitudeMeters>362.49</AltitudeMeters>
     <DistanceMeters>14764.933822880877</DistanceMeters>
    </Trackpoint>
    <Trackpoint>
     <Time>2026-07-19T01:05:26+00:00</Time>
     <Position>
      <LatitudeDegrees>-33.2655900</LatitudeDegrees>
      <LongitudeDegrees>-71.1644300</LongitudeDegrees>
     </Position>
     <AltitudeMeters>361.07</AltitudeMeters>
     <DistanceMeters>14808.713735214185</DistanceMeters>
    </Trackpoint>
    <Trackpoint>
     <Time>2026-07-19T01:05:33+00:00</Time>
     <Position>
      <LatitudeDegrees>-33.2654900</LatitudeDegrees>
      <LongitudeDegrees>-71.1646700</LongitudeDegrees>
     </Position>
     <AltitudeMeters>360.85</AltitudeMeters>
     <DistanceMeters>14833.667220519495</DistanceMeters>
    </Trackpoint>
    <Trackpoint>
     <Time>2026-07-19T01:05:41+00:00</Time>
     <Position>
      <LatitudeDegrees>-33.2654900</LatitudeDegrees>
      <LongitudeDegrees>-71.1648600</LongitudeDegrees>
     </Position>
     <AltitudeMeters>360.85</AltitudeMeters>
     <DistanceMeters>14851.348342160514</DistanceMeters>
    </Trackpoint>
    <Trackpoint>
     <Time>2026-07-19T01:05:48+00:00</Time>
     <Position>
      <LatitudeDegrees>-33.2655800</LatitudeDegrees>
      <LongitudeDegrees>-71.1651600</LongitudeDegrees>
     </Position>
     <AltitudeMeters>361.06000000000006</AltitudeMeters>
     <DistanceMeters>14881.008448013617</DistanceMeters>
    </Trackpoint>
    <Trackpoint>
     <Time>2026-07-19T01:05:55+00:00</Time>
     <Position>
      <LatitudeDegrees>-33.2656900</LatitudeDegrees>
      <LongitudeDegrees>-71.1653900</LongitudeDegrees>
     </Position>
     <AltitudeMeters>361.74</AltitudeMeters>
     <DistanceMeters>14905.665822588555</DistanceMeters>
    </Trackpoint>
    <Trackpoint>
     <Time>2026-07-19T01:06:02+00:00</Time>
     <Position>
      <LatitudeDegrees>-33.2657400</LatitudeDegrees>
      <LongitudeDegrees>-71.1656100</LongitudeDegrees>
     </Position>
     <AltitudeMeters>363.11</AltitudeMeters>
     <DistanceMeters>14926.881462620975</DistanceMeters>
    </Trackpoint>
    <Trackpoint>
     <Time>2026-07-19T01:06:09+00:00</Time>
     <Position>
      <LatitudeDegrees>-33.2657800</LatitudeDegrees>
      <LongitudeDegrees>-71.1659700</LongitudeDegrees>
     </Position>
     <AltitudeMeters>364.78000000000003</AltitudeMeters>
     <DistanceMeters>14960.676931108426</DistanceMeters>
    </Trackpoint>
    <Trackpoint>
     <Time>2026-07-19T01:06:16+00:00</Time>
     <Position>
      <LatitudeDegrees>-33.2659400</LatitudeDegrees>
      <LongitudeDegrees>-71.1663200</LongitudeDegrees>
     </Position>
     <AltitudeMeters>368.54</AltitudeMeters>
     <DistanceMeters>14997.797382262539</DistanceMeters>
    </Trackpoint>
    <Trackpoint>
     <Time>2026-07-19T01:06:23+00:00</Time>
     <Position>
      <LatitudeDegrees>-33.2660100</LatitudeDegrees>
      <LongitudeDegrees>-71.1665100</LongitudeDegrees>
     </Position>
     <AltitudeMeters>372.08000000000004</AltitudeMeters>
     <DistanceMeters>15017.11870620615</DistanceMeters>
    </Trackpoint>
    <Trackpoint>
     <Time>2026-07-19T01:06:30+00:00</Time>
     <Position>
      <LatitudeDegrees>-33.2661400</LatitudeDegrees>
      <LongitudeDegrees>-71.1671800</LongitudeDegrees>
     </Position>
     <AltitudeMeters>375.69</AltitudeMeters>
     <DistanceMeters>15081.124242438793</DistanceMeters>
    </Trackpoint>
    <Trackpoint>
     <Time>2026-07-19T01:06:37+00:00</Time>
     <Position>
      <LatitudeDegrees>-33.2665900</LatitudeDegrees>
      <LongitudeDegrees>-71.1676200</LongitudeDegrees>
     </Position>
     <AltitudeMeters>378.72</AltitudeMeters>
     <DistanceMeters>15145.814533545701</DistanceMeters>
    </Trackpoint>
    <Trackpoint>
     <Time>2026-07-19T01:06:44+00:00</Time>
     <Position>
      <LatitudeDegrees>-33.2667000</LatitudeDegrees>
      <LongitudeDegrees>-71.1678000</LongitudeDegrees>
     </Position>
     <AltitudeMeters>379.77000000000004</AltitudeMeters>
     <DistanceMeters>15166.561881737152</DistanceMeters>
    </Trackpoint>
    <Trackpoint>
     <Time>2026-07-19T01:06:51+00:00</Time>
     <Position>
      <LatitudeDegrees>-33.2667500</LatitudeDegrees>
      <LongitudeDegrees>-71.1682900</LongitudeDegrees>
     </Position>
     <AltitudeMeters>381.5</AltitudeMeters>
     <DistanceMeters>15212.498227147073</DistanceMeters>
    </Trackpoint>
    <Trackpoint>
     <Time>2026-07-19T01:06:58+00:00</Time>
     <Position>
      <LatitudeDegrees>-33.2669000</LatitudeDegrees>
      <LongitudeDegrees>-71.1685200</LongitudeDegrees>
     </Position>
     <AltitudeMeters>383.68</AltitudeMeters>
     <DistanceMeters>15239.642206428076</DistanceMeters>
    </Trackpoint>
    <Trackpoint>
     <Time>2026-07-19T01:07:05+00:00</Time>
     <Position>
      <LatitudeDegrees>-33.2670800</LatitudeDegrees>
      <LongitudeDegrees>-71.1686900</LongitudeDegrees>
     </Position>
     <AltitudeMeters>385.78000000000003</AltitudeMeters>
     <DistanceMeters>15265.168511427131</DistanceMeters>
    </Trackpoint>
    <Trackpoint>
     <Time>2026-07-19T01:07:13+00:00</Time>
     <Position>
      <LatitudeDegrees>-33.2672400</LatitudeDegrees>
      <LongitudeDegrees>-71.1688900</LongitudeDegrees>
     </Position>
     <AltitudeMeters>386.89</AltitudeMeters>
     <DistanceMeters>15290.92666806991</DistanceMeters>
    </Trackpoint>
    <Trackpoint>
     <Time>2026-07-19T01:07:20+00:00</Time>
     <Position>
      <LatitudeDegrees>-33.2672800</LatitudeDegrees>
      <LongitudeDegrees>-71.1691000</LongitudeDegrees>
     </Position>
     <AltitudeMeters>387.56</AltitudeMeters>
     <DistanceMeters>15310.969234666718</DistanceMeters>
    </Trackpoint>
    <Trackpoint>
     <Time>2026-07-19T01:07:27+00:00</Time>
     <Position>
      <LatitudeDegrees>-33.2673300</LatitudeDegrees>
      <LongitudeDegrees>-71.1696400</LongitudeDegrees>
     </Position>
     <AltitudeMeters>389.46000000000004</AltitudeMeters>
     <DistanceMeters>15361.526984417455</DistanceMeters>
    </Trackpoint>
    <Trackpoint>
     <Time>2026-07-19T01:07:34+00:00</Time>
     <Position>
      <LatitudeDegrees>-33.2673700</LatitudeDegrees>
      <LongitudeDegrees>-71.1697700</LongitudeDegrees>
     </Position>
     <AltitudeMeters>389.46000000000004</AltitudeMeters>
     <DistanceMeters>15374.41747270441</DistanceMeters>
    </Trackpoint>
    <Trackpoint>
     <Time>2026-07-19T01:07:41+00:00</Time>
     <Position>
      <LatitudeDegrees>-33.2676600</LatitudeDegrees>
      <LongitudeDegrees>-71.1704000</LongitudeDegrees>
     </Position>
     <AltitudeMeters>390.78000000000003</AltitudeMeters>
     <DistanceMeters>15441.340377387301</DistanceMeters>
    </Trackpoint>
    <Trackpoint>
     <Time>2026-07-19T01:07:48+00:00</Time>
     <Position>
      <LatitudeDegrees>-33.2677100</LatitudeDegrees>
      <LongitudeDegrees>-71.1705800</LongitudeDegrees>
     </Position>
     <AltitudeMeters>390.88</AltitudeMeters>
     <DistanceMeters>15458.9906800308</DistanceMeters>
    </Trackpoint>
    <Trackpoint>
     <Time>2026-07-19T01:07:55+00:00</Time>
     <Position>
      <LatitudeDegrees>-33.2677900</LatitudeDegrees>
      <LongitudeDegrees>-71.1713400</LongitudeDegrees>
     </Position>
     <AltitudeMeters>387.99000000000007</AltitudeMeters>
     <DistanceMeters>15530.271569522401</DistanceMeters>
    </Trackpoint>
    <Trackpoint>
     <Time>2026-07-19T01:08:02+00:00</Time>
     <Position>
      <LatitudeDegrees>-33.2678700</LatitudeDegrees>
      <LongitudeDegrees>-71.1721000</LongitudeDegrees>
     </Position>
     <AltitudeMeters>386.18</AltitudeMeters>
     <DistanceMeters>15601.552450663428</DistanceMeters>
    </Trackpoint>
    <Trackpoint>
     <Time>2026-07-19T01:08:09+00:00</Time>
     <Position>
      <LatitudeDegrees>-33.2679600</LatitudeDegrees>
      <LongitudeDegrees>-71.1723300</LongitudeDegrees>
     </Position>
     <AltitudeMeters>386.49000000000007</AltitudeMeters>
     <DistanceMeters>15625.183262952607</DistanceMeters>
    </Trackpoint>
    <Trackpoint>
     <Time>2026-07-19T01:08:16+00:00</Time>
     <Position>
      <LatitudeDegrees>-33.2680200</LatitudeDegrees>
      <LongitudeDegrees>-71.1724600</LongitudeDegrees>
     </Position>
     <AltitudeMeters>387.23</AltitudeMeters>
     <DistanceMeters>15639.001222275903</DistanceMeters>
    </Trackpoint>
    <Trackpoint>
     <Time>2026-07-19T01:08:23+00:00</Time>
     <Position>
      <LatitudeDegrees>-33.2683100</LatitudeDegrees>
      <LongitudeDegrees>-71.1728100</LongitudeDegrees>
     </Position>
     <AltitudeMeters>389.58000000000004</AltitudeMeters>
     <DistanceMeters>15684.854199301379</DistanceMeters>
    </Trackpoint>
    <Trackpoint>
     <Time>2026-07-19T01:08:30+00:00</Time>
     <Position>
      <LatitudeDegrees>-33.2684300</LatitudeDegrees>
      <LongitudeDegrees>-71.1730000</LongitudeDegrees>
     </Position>
     <AltitudeMeters>390.43000000000006</AltitudeMeters>
     <DistanceMeters>15707.012049639143</DistanceMeters>
    </Trackpoint>
    <Trackpoint>
     <Time>2026-07-19T01:08:37+00:00</Time>
     <Position>
      <LatitudeDegrees>-33.2685800</LatitudeDegrees>
      <LongitudeDegrees>-71.1733600</LongitudeDegrees>
     </Position>
     <AltitudeMeters>391.07</AltitudeMeters>
     <DistanceMeters>15744.441259646605</DistanceMeters>
    </Trackpoint>
    <Trackpoint>
     <Time>2026-07-19T01:08:45+00:00</Time>
     <Position>
      <LatitudeDegrees>-33.2686300</LatitudeDegrees>
      <LongitudeDegrees>-71.1735700</LongitudeDegrees>
     </Position>
     <AltitudeMeters>391.34000000000003</AltitudeMeters>
     <DistanceMeters>15764.759743066335</DistanceMeters>
    </Trackpoint>
    <Trackpoint>
     <Time>2026-07-19T01:08:52+00:00</Time>
     <Position>
      <LatitudeDegrees>-33.2687400</LatitudeDegrees>
      <LongitudeDegrees>-71.1745200</LongitudeDegrees>
     </Position>
     <AltitudeMeters>393.79</AltitudeMeters>
     <DistanceMeters>15854.005802641066</DistanceMeters>
    </Trackpoint>
    <Trackpoint>
     <Time>2026-07-19T01:08:59+00:00</Time>
     <Position>
      <LatitudeDegrees>-33.2686700</LatitudeDegrees>
      <LongitudeDegrees>-71.1752300</LongitudeDegrees>
     </Position>
     <AltitudeMeters>396.79</AltitudeMeters>
     <DistanceMeters>15920.532673811378</DistanceMeters>
    </Trackpoint>
    <Trackpoint>
     <Time>2026-07-19T01:09:06+00:00</Time>
     <Position>
      <LatitudeDegrees>-33.2684700</LatitudeDegrees>
      <LongitudeDegrees>-71.1759900</LongitudeDegrees>
     </Position>
     <AltitudeMeters>400.58000000000004</AltitudeMeters>
     <DistanceMeters>15994.674897513749</DistanceMeters>
    </Trackpoint>
    <Trackpoint>
     <Time>2026-07-19T01:09:13+00:00</Time>
     <Position>
      <LatitudeDegrees>-33.2683400</LatitudeDegrees>
      <LongitudeDegrees>-71.1770300</LongitudeDegrees>
     </Position>
     <AltitudeMeters>405.21</AltitudeMeters>
     <DistanceMeters>16092.528096193668</DistanceMeters>
    </Trackpoint>
    <Trackpoint>
     <Time>2026-07-19T01:09:20+00:00</Time>
     <Position>
      <LatitudeDegrees>-33.2684700</LatitudeDegrees>
      <LongitudeDegrees>-71.1775600</LongitudeDegrees>
     </Position>
     <AltitudeMeters>409.5</AltitudeMeters>
     <DistanceMeters>16143.925923858238</DistanceMeters>
    </Trackpoint>
    <Trackpoint>
     <Time>2026-07-19T01:09:27+00:00</Time>
     <Position>
      <LatitudeDegrees>-33.2685400</LatitudeDegrees>
      <LongitudeDegrees>-71.1777000</LongitudeDegrees>
     </Position>
     <AltitudeMeters>409.5</AltitudeMeters>
     <DistanceMeters>16159.105420284592</DistanceMeters>
    </Trackpoint>
    <Trackpoint>
     <Time>2026-07-19T01:09:34+00:00</Time>
     <Position>
      <LatitudeDegrees>-33.2690500</LatitudeDegrees>
      <LongitudeDegrees>-71.1783300</LongitudeDegrees>
     </Position>
     <AltitudeMeters>412.41</AltitudeMeters>
     <DistanceMeters>16240.705901875941</DistanceMeters>
    </Trackpoint>
    <Trackpoint>
     <Time>2026-07-19T01:09:41+00:00</Time>
     <Position>
      <LatitudeDegrees>-33.2691200</LatitudeDegrees>
      <LongitudeDegrees>-71.1785000</LongitudeDegrees>
     </Position>
     <AltitudeMeters>413.40000000000003</AltitudeMeters>
     <DistanceMeters>16258.339540544986</DistanceMeters>
    </Trackpoint>
    <Trackpoint>
     <Time>2026-07-19T01:09:48+00:00</Time>
     <Position>
      <LatitudeDegrees>-33.2691600</LatitudeDegrees>
      <LongitudeDegrees>-71.1787300</LongitudeDegrees>
     </Position>
     <AltitudeMeters>413.88</AltitudeMeters>
     <DistanceMeters>16280.20020623671</DistanceMeters>
    </Trackpoint>
    <Trackpoint>
     <Time>2026-07-19T01:09:55+00:00</Time>
     <Position>
      <LatitudeDegrees>-33.2691900</LatitudeDegrees>
      <LongitudeDegrees>-71.1792300</LongitudeDegrees>
     </Position>
     <AltitudeMeters>415.05</AltitudeMeters>
     <DistanceMeters>16326.847157837332</DistanceMeters>
    </Trackpoint>
    <Trackpoint>
     <Time>2026-07-19T01:10:02+00:00</Time>
     <Position>
      <LatitudeDegrees>-33.2691600</LatitudeDegrees>
      <LongitudeDegrees>-71.1794400</LongitudeDegrees>
     </Position>
     <AltitudeMeters>416.18000000000006</AltitudeMeters>
     <DistanceMeters>16346.671814660473</DistanceMeters>
    </Trackpoint>
    <Trackpoint>
     <Time>2026-07-19T01:10:09+00:00</Time>
     <Position>
      <LatitudeDegrees>-33.2691000</LatitudeDegrees>
      <LongitudeDegrees>-71.1797100</LongitudeDegrees>
     </Position>
     <AltitudeMeters>418.83000000000004</AltitudeMeters>
     <DistanceMeters>16372.668846172735</DistanceMeters>
    </Trackpoint>
    <Trackpoint>
     <Time>2026-07-19T01:10:17+00:00</Time>
     <Position>
      <LatitudeDegrees>-33.2691000</LatitudeDegrees>
      <LongitudeDegrees>-71.1798900</LongitudeDegrees>
     </Position>
     <AltitudeMeters>418.83000000000004</AltitudeMeters>
     <DistanceMeters>16389.418690078157</DistanceMeters>
    </Trackpoint>
    <Trackpoint>
     <Time>2026-07-19T01:10:24+00:00</Time>
     <Position>
      <LatitudeDegrees>-33.2691200</LatitudeDegrees>
      <LongitudeDegrees>-71.1800700</LongitudeDegrees>
     </Position>
     <AltitudeMeters>421.52000000000004</AltitudeMeters>
     <DistanceMeters>16406.315787400064</DistanceMeters>
    </Trackpoint>
    <Trackpoint>
     <Time>2026-07-19T01:10:31+00:00</Time>
     <Position>
      <LatitudeDegrees>-33.2694600</LatitudeDegrees>
      <LongitudeDegrees>-71.1808700</LongitudeDegrees>
     </Position>
     <AltitudeMeters>428.00000000000006</AltitudeMeters>
     <DistanceMeters>16489.824791038813</DistanceMeters>
    </Trackpoint>
    <Trackpoint>
     <Time>2026-07-19T01:10:38+00:00</Time>
     <Position>
      <LatitudeDegrees>-33.2695700</LatitudeDegrees>
      <LongitudeDegrees>-71.1812700</LongitudeDegrees>
     </Position>
     <AltitudeMeters>430.42</AltitudeMeters>
     <DistanceMeters>16529.00813250005</DistanceMeters>
    </Trackpoint>
    <Trackpoint>
     <Time>2026-07-19T01:10:45+00:00</Time>
     <Position>
      <LatitudeDegrees>-33.2695700</LatitudeDegrees>
      <LongitudeDegrees>-71.1815600</LongitudeDegrees>
     </Position>
     <AltitudeMeters>431.48</AltitudeMeters>
     <DistanceMeters>16555.993846884172</DistanceMeters>
    </Trackpoint>
    <Trackpoint>
     <Time>2026-07-19T01:10:52+00:00</Time>
     <Position>
      <LatitudeDegrees>-33.2696600</LatitudeDegrees>
      <LongitudeDegrees>-71.1819600</LongitudeDegrees>
     </Position>
     <AltitudeMeters>431.66</AltitudeMeters>
     <DistanceMeters>16594.5397177635</DistanceMeters>
    </Trackpoint>
    <Trackpoint>
     <Time>2026-07-19T01:10:59+00:00</Time>
     <Position>
      <LatitudeDegrees>-33.2699700</LatitudeDegrees>
      <LongitudeDegrees>-71.1825300</LongitudeDegrees>
     </Position>
     <AltitudeMeters>431.40000000000003</AltitudeMeters>
     <DistanceMeters>16657.814392652403</DistanceMeters>
    </Trackpoint>
    <Trackpoint>
     <Time>2026-07-19T01:11:06+00:00</Time>
     <Position>
      <LatitudeDegrees>-33.2700100</LatitudeDegrees>
      <LongitudeDegrees>-71.1826300</LongitudeDegrees>
     </Position>
     <AltitudeMeters>431.72</AltitudeMeters>
     <DistanceMeters>16668.129854370825</DistanceMeters>
    </Trackpoint>
    <Trackpoint>
     <Time>2026-07-19T01:11:13+00:00</Time>
     <Position>
      <LatitudeDegrees>-33.2699900</LatitudeDegrees>
      <LongitudeDegrees>-71.1827200</LongitudeDegrees>
     </Position>
     <AltitudeMeters>432.1700000000001</AltitudeMeters>
     <DistanceMeters>16676.79545090457</DistanceMeters>
    </Trackpoint>
    <Trackpoint>
     <Time>2026-07-19T01:11:20+00:00</Time>
     <Position>
      <LatitudeDegrees>-33.2699500</LatitudeDegrees>
      <LongitudeDegrees>-71.1828000</LongitudeDegrees>
     </Position>
     <AltitudeMeters>432.44000000000005</AltitudeMeters>
     <DistanceMeters>16685.469341678177</DistanceMeters>
    </Trackpoint>
    <Trackpoint>
     <Time>2026-07-19T01:11:27+00:00</Time>
     <Position>
      <LatitudeDegrees>-33.2697900</LatitudeDegrees>
      <LongitudeDegrees>-71.1828900</LongitudeDegrees>
     </Position>
     <AltitudeMeters>433.95000000000005</AltitudeMeters>
     <DistanceMeters>16705.147713671988</DistanceMeters>
    </Trackpoint>
    <Trackpoint>
     <Time>2026-07-19T01:11:34+00:00</Time>
     <Position>
      <LatitudeDegrees>-33.2695000</LatitudeDegrees>
      <LongitudeDegrees>-71.1828900</LongitudeDegrees>
     </Position>
     <AltitudeMeters>436.95000000000005</AltitudeMeters>
     <DistanceMeters>16737.42346070979</DistanceMeters>
    </Trackpoint>
    <Trackpoint>
     <Time>2026-07-19T01:11:41+00:00</Time>
     <Position>
      <LatitudeDegrees>-33.2693000</LatitudeDegrees>
      <LongitudeDegrees>-71.1828800</LongitudeDegrees>
     </Position>
     <AltitudeMeters>439.91</AltitudeMeters>
     <DistanceMeters>16759.702038807074</DistanceMeters>
    </Trackpoint>
    <Trackpoint>
     <Time>2026-07-19T01:11:48+00:00</Time>
     <Position>
      <LatitudeDegrees>-33.2692500</LatitudeDegrees>
      <LongitudeDegrees>-71.1828400</LongitudeDegrees>
     </Position>
     <AltitudeMeters>439.91</AltitudeMeters>
     <DistanceMeters>16766.39692082097</DistanceMeters>
    </Trackpoint>
    <Trackpoint>
     <Time>2026-07-19T01:11:56+00:00</Time>
     <Position>
      <LatitudeDegrees>-33.2692100</LatitudeDegrees>
      <LongitudeDegrees>-71.1827200</LongitudeDegrees>
     </Position>
     <AltitudeMeters>442.51</AltitudeMeters>
     <DistanceMeters>16778.418173432114</DistanceMeters>
    </Trackpoint>
    <Trackpoint>
     <Time>2026-07-19T01:12:03+00:00</Time>
     <Position>
      <LatitudeDegrees>-33.2691900</LatitudeDegrees>
      <LongitudeDegrees>-71.1825300</LongitudeDegrees>
     </Position>
     <AltitudeMeters>442.51</AltitudeMeters>
     <DistanceMeters>16796.238111530984</DistanceMeters>
    </Trackpoint>
    <Trackpoint>
     <Time>2026-07-19T01:12:10+00:00</Time>
     <Position>
      <LatitudeDegrees>-33.2691600</LatitudeDegrees>
      <LongitudeDegrees>-71.1824000</LongitudeDegrees>
     </Position>
     <AltitudeMeters>445.39000000000004</AltitudeMeters>
     <DistanceMeters>16808.787528330788</DistanceMeters>
    </Trackpoint>
    <Trackpoint>
     <Time>2026-07-19T01:12:17+00:00</Time>
     <Position>
      <LatitudeDegrees>-33.2690300</LatitudeDegrees>
      <LongitudeDegrees>-71.1823600</LongitudeDegrees>
     </Position>
     <AltitudeMeters>446.39</AltitudeMeters>
     <DistanceMeters>16823.72708619755</DistanceMeters>
    </Trackpoint>
    <Trackpoint>
     <Time>2026-07-19T01:12:24+00:00</Time>
     <Position>
      <LatitudeDegrees>-33.2689600</LatitudeDegrees>
      <LongitudeDegrees>-71.1824000</LongitudeDegrees>
     </Position>
     <AltitudeMeters>446.39</AltitudeMeters>
     <DistanceMeters>16832.361301960696</DistanceMeters>
    </Trackpoint>
    <Trackpoint>
     <Time>2026-07-19T01:12:31+00:00</Time>
     <Position>
      <LatitudeDegrees>-33.2689200</LatitudeDegrees>
      <LongitudeDegrees>-71.1824400</LongitudeDegrees>
     </Position>
     <AltitudeMeters>446.39</AltitudeMeters>
     <DistanceMeters>16838.164188830866</DistanceMeters>
    </Trackpoint>
    <Trackpoint>
     <Time>2026-07-19T01:12:38+00:00</Time>
     <Position>
      <LatitudeDegrees>-33.2689200</LatitudeDegrees>
      <LongitudeDegrees>-71.1825300</LongitudeDegrees>
     </Position>
     <AltitudeMeters>448.96000000000004</AltitudeMeters>
     <DistanceMeters>16846.53912804606</DistanceMeters>
    </Trackpoint>
    <Trackpoint>
     <Time>2026-07-19T01:12:45+00:00</Time>
     <Position>
      <LatitudeDegrees>-33.2689900</LatitudeDegrees>
      <LongitudeDegrees>-71.1827000</LongitudeDegrees>
     </Position>
     <AltitudeMeters>450.42</AltitudeMeters>
     <DistanceMeters>16864.17278784272</DistanceMeters>
    </Trackpoint>
    <Trackpoint>
     <Time>2026-07-19T01:12:52+00:00</Time>
     <Position>
      <LatitudeDegrees>-33.2690500</LatitudeDegrees>
      <LongitudeDegrees>-71.1832000</LongitudeDegrees>
     </Position>
     <AltitudeMeters>455.94</AltitudeMeters>
     <DistanceMeters>16911.176936005955</DistanceMeters>
    </Trackpoint>
    <Trackpoint>
     <Time>2026-07-19T01:12:59+00:00</Time>
     <Position>
      <LatitudeDegrees>-33.2691600</LatitudeDegrees>
      <LongitudeDegrees>-71.1833900</LongitudeDegrees>
     </Position>
     <AltitudeMeters>455.94</AltitudeMeters>
     <DistanceMeters>16932.682181752956</DistanceMeters>
    </Trackpoint>
    <Trackpoint>
     <Time>2026-07-19T01:13:06+00:00</Time>
     <Position>
      <LatitudeDegrees>-33.2694600</LatitudeDegrees>
      <LongitudeDegrees>-71.1837300</LongitudeDegrees>
     </Position>
     <AltitudeMeters>460.03000000000003</AltitudeMeters>
     <DistanceMeters>16978.680022597877</DistanceMeters>
    </Trackpoint>
    <Trackpoint>
     <Time>2026-07-19T01:13:13+00:00</Time>
     <Position>
      <LatitudeDegrees>-33.2695900</LatitudeDegrees>
      <LongitudeDegrees>-71.1840200</LongitudeDegrees>
     </Position>
     <AltitudeMeters>464.44</AltitudeMeters>
     <DistanceMeters>17009.299709712213</DistanceMeters>
    </Trackpoint>
    <Trackpoint>
     <Time>2026-07-19T01:13:20+00:00</Time>
     <Position>
      <LatitudeDegrees>-33.2696600</LatitudeDegrees>
      <LongitudeDegrees>-71.1844100</LongitudeDegrees>
     </Position>
     <AltitudeMeters>471.44</AltitudeMeters>
     <DistanceMeters>17046.417625250248</DistanceMeters>
    </Trackpoint>
    <Trackpoint>
     <Time>2026-07-19T01:13:28+00:00</Time>
     <Position>
      <LatitudeDegrees>-33.2696600</LatitudeDegrees>
      <LongitudeDegrees>-71.1846400</LongitudeDegrees>
     </Position>
     <AltitudeMeters>471.44</AltitudeMeters>
     <DistanceMeters>17067.82006632524</DistanceMeters>
    </Trackpoint>
    <Trackpoint>
     <Time>2026-07-19T01:13:35+00:00</Time>
     <Position>
      <LatitudeDegrees>-33.2696300</LatitudeDegrees>
      <LongitudeDegrees>-71.1847300</LongitudeDegrees>
     </Position>
     <AltitudeMeters>472.48</AltitudeMeters>
     <DistanceMeters>17076.835968813764</DistanceMeters>
    </Trackpoint>
    <Trackpoint>
     <Time>2026-07-19T01:13:42+00:00</Time>
     <Position>
      <LatitudeDegrees>-33.2693900</LatitudeDegrees>
      <LongitudeDegrees>-71.1850800</LongitudeDegrees>
     </Position>
     <AltitudeMeters>476.58000000000004</AltitudeMeters>
     <DistanceMeters>17118.957394812423</DistanceMeters>
    </Trackpoint>
    <Trackpoint>
     <Time>2026-07-19T01:13:49+00:00</Time>
     <Position>
      <LatitudeDegrees>-33.2693700</LatitudeDegrees>
      <LongitudeDegrees>-71.1851400</LongitudeDegrees>
     </Position>
     <AltitudeMeters>476.58000000000004</AltitudeMeters>
     <DistanceMeters>17124.968012210134</DistanceMeters>
    </Trackpoint>
    <Trackpoint>
     <Time>2026-07-19T01:13:56+00:00</Time>
     <Position>
      <LatitudeDegrees>-33.2693700</LatitudeDegrees>
      <LongitudeDegrees>-71.1852600</LongitudeDegrees>
     </Position>
     <AltitudeMeters>477.48</AltitudeMeters>
     <DistanceMeters>17136.134540288134</DistanceMeters>
    </Trackpoint>
    <Trackpoint>
     <Time>2026-07-19T01:14:03+00:00</Time>
     <Position>
      <LatitudeDegrees>-33.2694800</LatitudeDegrees>
      <LongitudeDegrees>-71.1856100</LongitudeDegrees>
     </Position>
     <AltitudeMeters>480.28000000000003</AltitudeMeters>
     <DistanceMeters>17170.92851185366</DistanceMeters>
    </Trackpoint>
    <Trackpoint>
     <Time>2026-07-19T01:14:10+00:00</Time>
     <Position>
      <LatitudeDegrees>-33.2695000</LatitudeDegrees>
      <LongitudeDegrees>-71.1857900</LongitudeDegrees>
     </Position>
     <AltitudeMeters>483.75</AltitudeMeters>
     <DistanceMeters>17187.825536924167</DistanceMeters>
    </Trackpoint>
    <Trackpoint>
     <Time>2026-07-19T01:14:17+00:00</Time>
     <Position>
      <LatitudeDegrees>-33.2694600</LatitudeDegrees>
      <LongitudeDegrees>-71.1858900</LongitudeDegrees>
     </Position>
     <AltitudeMeters>483.75</AltitudeMeters>
     <DistanceMeters>17198.141047665784</DistanceMeters>
    </Trackpoint>
    <Trackpoint>
     <Time>2026-07-19T01:14:24+00:00</Time>
     <Position>
      <LatitudeDegrees>-33.2691600</LatitudeDegrees>
      <LongitudeDegrees>-71.1863500</LongitudeDegrees>
     </Position>
     <AltitudeMeters>488.84000000000003</AltitudeMeters>
     <DistanceMeters>17252.42804580396</DistanceMeters>
    </Trackpoint>
    <Trackpoint>
     <Time>2026-07-19T01:14:31+00:00</Time>
     <Position>
      <LatitudeDegrees>-33.2691000</LatitudeDegrees>
      <LongitudeDegrees>-71.1866500</LongitudeDegrees>
     </Position>
     <AltitudeMeters>492.64</AltitudeMeters>
     <DistanceMeters>17281.13200787613</DistanceMeters>
    </Trackpoint>
    <Trackpoint>
     <Time>2026-07-19T01:14:38+00:00</Time>
     <Position>
      <LatitudeDegrees>-33.2691000</LatitudeDegrees>
      <LongitudeDegrees>-71.1867800</LongitudeDegrees>
     </Position>
     <AltitudeMeters>492.64</AltitudeMeters>
     <DistanceMeters>17293.229117363233</DistanceMeters>
    </Trackpoint>
    <Trackpoint>
     <Time>2026-07-19T01:14:45+00:00</Time>
     <Position>
      <LatitudeDegrees>-33.2690700</LatitudeDegrees>
      <LongitudeDegrees>-71.1868700</LongitudeDegrees>
     </Position>
     <AltitudeMeters>492.64</AltitudeMeters>
     <DistanceMeters>17302.24506973928</DistanceMeters>
    </Trackpoint>
    <Trackpoint>
     <Time>2026-07-19T01:14:52+00:00</Time>
     <Position>
      <LatitudeDegrees>-33.2690300</LatitudeDegrees>
      <LongitudeDegrees>-71.1869300</LongitudeDegrees>
     </Position>
     <AltitudeMeters>492.64</AltitudeMeters>
     <DistanceMeters>17309.38592620156</DistanceMeters>
    </Trackpoint>
    <Trackpoint>
     <Time>2026-07-19T01:15:00+00:00</Time>
     <Position>
      <LatitudeDegrees>-33.2689000</LatitudeDegrees>
      <LongitudeDegrees>-71.1870000</LongitudeDegrees>
     </Position>
     <AltitudeMeters>496.6</AltitudeMeters>
     <DistanceMeters>17325.253055634814</DistanceMeters>
    </Trackpoint>
    <Trackpoint>
     <Time>2026-07-19T01:15:07+00:00</Time>
     <Position>
      <LatitudeDegrees>-33.2687400</LatitudeDegrees>
      <LongitudeDegrees>-71.1869600</LongitudeDegrees>
     </Position>
     <AltitudeMeters>496.6</AltitudeMeters>
     <DistanceMeters>17343.445224620744</DistanceMeters>
    </Trackpoint>
    <Trackpoint>
     <Time>2026-07-19T01:15:14+00:00</Time>
     <Position>
      <LatitudeDegrees>-33.2686000</LatitudeDegrees>
      <LongitudeDegrees>-71.1869700</LongitudeDegrees>
     </Position>
     <AltitudeMeters>498.47</AltitudeMeters>
     <DistanceMeters>17359.05438218853</DistanceMeters>
    </Trackpoint>
    <Trackpoint>
     <Time>2026-07-19T01:15:21+00:00</Time>
     <Position>
      <LatitudeDegrees>-33.2685400</LatitudeDegrees>
      <LongitudeDegrees>-71.1870200</LongitudeDegrees>
     </Position>
     <AltitudeMeters>498.47</AltitudeMeters>
     <DistanceMeters>17367.193204098086</DistanceMeters>
    </Trackpoint>
    <Trackpoint>
     <Time>2026-07-19T01:15:28+00:00</Time>
     <Position>
      <LatitudeDegrees>-33.2682500</LatitudeDegrees>
      <LongitudeDegrees>-71.1879900</LongitudeDegrees>
     </Position>
     <AltitudeMeters>508.93</AltitudeMeters>
     <DistanceMeters>17463.053900831314</DistanceMeters>
    </Trackpoint>
    <Trackpoint>
     <Time>2026-07-19T01:15:35+00:00</Time>
     <Position>
      <LatitudeDegrees>-33.2682000</LatitudeDegrees>
      <LongitudeDegrees>-71.1882600</LongitudeDegrees>
     </Position>
     <AltitudeMeters>510.53000000000003</AltitudeMeters>
     <DistanceMeters>17488.787795407836</DistanceMeters>
    </Trackpoint>
    <Trackpoint>
     <Time>2026-07-19T01:15:42+00:00</Time>
     <Position>
      <LatitudeDegrees>-33.2682200</LatitudeDegrees>
      <LongitudeDegrees>-71.1883500</LongitudeDegrees>
     </Position>
     <AltitudeMeters>511.99000000000007</AltitudeMeters>
     <DistanceMeters>17497.453557847934</DistanceMeters>
    </Trackpoint>
    <Trackpoint>
     <Time>2026-07-19T01:15:49+00:00</Time>
     <Position>
      <LatitudeDegrees>-33.2682700</LatitudeDegrees>
      <LongitudeDegrees>-71.1884400</LongitudeDegrees>
     </Position>
     <AltitudeMeters>511.99000000000007</AltitudeMeters>
     <DistanceMeters>17507.50878095831</DistanceMeters>
    </Trackpoint>
    <Trackpoint>
     <Time>2026-07-19T01:15:56+00:00</Time>
     <Position>
      <LatitudeDegrees>-33.2685200</LatitudeDegrees>
      <LongitudeDegrees>-71.1887000</LongitudeDegrees>
     </Position>
     <AltitudeMeters>514.47</AltitudeMeters>
     <DistanceMeters>17544.380724214927</DistanceMeters>
    </Trackpoint>
    <Trackpoint>
     <Time>2026-07-19T01:16:03+00:00</Time>
     <Position>
      <LatitudeDegrees>-33.2685500</LatitudeDegrees>
      <LongitudeDegrees>-71.1887600</LongitudeDegrees>
     </Position>
     <AltitudeMeters>515.1300000000001</AltitudeMeters>
     <DistanceMeters>17550.886221036526</DistanceMeters>
    </Trackpoint>
    <Trackpoint>
     <Time>2026-07-19T01:16:10+00:00</Time>
     <Position>
      <LatitudeDegrees>-33.2686000</LatitudeDegrees>
      <LongitudeDegrees>-71.1891600</LongitudeDegrees>
     </Position>
     <AltitudeMeters>516.87</AltitudeMeters>
     <DistanceMeters>17588.521995019997</DistanceMeters>
    </Trackpoint>
    <Trackpoint>
     <Time>2026-07-19T01:16:17+00:00</Time>
     <Position>
      <LatitudeDegrees>-33.2685800</LatitudeDegrees>
      <LongitudeDegrees>-71.1894300</LongitudeDegrees>
     </Position>
     <AltitudeMeters>517.42</AltitudeMeters>
     <DistanceMeters>17613.74531605211</DistanceMeters>
    </Trackpoint>
    <Trackpoint>
     <Time>2026-07-19T01:16:24+00:00</Time>
     <Position>
      <LatitudeDegrees>-33.2686000</LatitudeDegrees>
      <LongitudeDegrees>-71.1896100</LongitudeDegrees>
     </Position>
     <AltitudeMeters>517.6700000000001</AltitudeMeters>
     <DistanceMeters>17630.64251224319</DistanceMeters>
    </Trackpoint>
    <Trackpoint>
     <Time>2026-07-19T01:16:31+00:00</Time>
     <Position>
      <LatitudeDegrees>-33.2686500</LatitudeDegrees>
      <LongitudeDegrees>-71.1896600</LongitudeDegrees>
     </Position>
     <AltitudeMeters>517.6700000000001</AltitudeMeters>
     <DistanceMeters>17637.896131596604</DistanceMeters>
    </Trackpoint>
    <Trackpoint>
     <Time>2026-07-19T01:16:39+00:00</Time>
     <Position>
      <LatitudeDegrees>-33.2687600</LatitudeDegrees>
      <LongitudeDegrees>-71.1897400</LongitudeDegrees>
     </Position>
     <AltitudeMeters>517.87</AltitudeMeters>
     <DistanceMeters>17652.22437759801</DistanceMeters>
    </Trackpoint>
    <Trackpoint>
     <Time>2026-07-19T01:16:46+00:00</Time>
     <Position>
      <LatitudeDegrees>-33.2689200</LatitudeDegrees>
      <LongitudeDegrees>-71.1898300</LongitudeDegrees>
     </Position>
     <AltitudeMeters>518.51</AltitudeMeters>
     <DistanceMeters>17671.902791631735</DistanceMeters>
    </Trackpoint>
    <Trackpoint>
     <Time>2026-07-19T01:16:53+00:00</Time>
     <Position>
      <LatitudeDegrees>-33.2690500</LatitudeDegrees>
      <LongitudeDegrees>-71.1900100</LongitudeDegrees>
     </Position>
     <AltitudeMeters>519.6200000000001</AltitudeMeters>
     <DistanceMeters>17694.036334443656</DistanceMeters>
    </Trackpoint>
    <Trackpoint>
     <Time>2026-07-19T01:17:00+00:00</Time>
     <Position>
      <LatitudeDegrees>-33.2690500</LatitudeDegrees>
      <LongitudeDegrees>-71.1901400</LongitudeDegrees>
     </Position>
     <AltitudeMeters>520.4100000000001</AltitudeMeters>
     <DistanceMeters>17706.133450857073</DistanceMeters>
    </Trackpoint>
    <Trackpoint>
     <Time>2026-07-19T01:17:07+00:00</Time>
     <Position>
      <LatitudeDegrees>-33.2689900</LatitudeDegrees>
      <LongitudeDegrees>-71.1905000</LongitudeDegrees>
     </Position>
     <AltitudeMeters>522.05</AltitudeMeters>
     <DistanceMeters>17740.292247107856</DistanceMeters>
    </Trackpoint>
    <Trackpoint>
     <Time>2026-07-19T01:17:14+00:00</Time>
     <Position>
      <LatitudeDegrees>-33.2689400</LatitudeDegrees>
      <LongitudeDegrees>-71.1906200</LongitudeDegrees>
     </Position>
     <AltitudeMeters>522.05</AltitudeMeters>
     <DistanceMeters>17752.7685977996</DistanceMeters>
    </Trackpoint>
    <Trackpoint>
     <Time>2026-07-19T01:17:21+00:00</Time>
     <Position>
      <LatitudeDegrees>-33.2688500</LatitudeDegrees>
      <LongitudeDegrees>-71.1907200</LongitudeDegrees>
     </Position>
     <AltitudeMeters>524.2600000000001</AltitudeMeters>
     <DistanceMeters>17766.440636993375</DistanceMeters>
    </Trackpoint>
    <Trackpoint>
     <Time>2026-07-19T01:17:28+00:00</Time>
     <Position>
      <LatitudeDegrees>-33.2686500</LatitudeDegrees>
      <LongitudeDegrees>-71.1907700</LongitudeDegrees>
     </Position>
     <AltitudeMeters>524.2600000000001</AltitudeMeters>
     <DistanceMeters>17789.180848988406</DistanceMeters>
    </Trackpoint>
    <Trackpoint>
     <Time>2026-07-19T01:17:35+00:00</Time>
     <Position>
      <LatitudeDegrees>-33.2683400</LatitudeDegrees>
      <LongitudeDegrees>-71.1908100</LongitudeDegrees>
     </Position>
     <AltitudeMeters>528.2</AltitudeMeters>
     <DistanceMeters>17823.882714327297</DistanceMeters>
    </Trackpoint>
    <Trackpoint>
     <Time>2026-07-19T01:17:42+00:00</Time>
     <Position>
      <LatitudeDegrees>-33.2681100</LatitudeDegrees>
      <LongitudeDegrees>-71.1907800</LongitudeDegrees>
     </Position>
     <AltitudeMeters>528.2</AltitudeMeters>
     <DistanceMeters>17849.632497603576</DistanceMeters>
    </Trackpoint>
    <Trackpoint>
     <Time>2026-07-19T01:17:49+00:00</Time>
     <Position>
      <LatitudeDegrees>-33.2680500</LatitudeDegrees>
      <LongitudeDegrees>-71.1907600</LongitudeDegrees>
     </Position>
     <AltitudeMeters>528.2</AltitudeMeters>
     <DistanceMeters>17856.564739135763</DistanceMeters>
    </Trackpoint>
    <Trackpoint>
     <Time>2026-07-19T01:17:56+00:00</Time>
     <Position>
      <LatitudeDegrees>-33.2679600</LatitudeDegrees>
      <LongitudeDegrees>-71.1906800</LongitudeDegrees>
     </Position>
     <AltitudeMeters>528.2</AltitudeMeters>
     <DistanceMeters>17869.04482763284</DistanceMeters>
    </Trackpoint>
    <Trackpoint>
     <Time>2026-07-19T01:18:03+00:00</Time>
     <Position>
      <LatitudeDegrees>-33.2678700</LatitudeDegrees>
      <LongitudeDegrees>-71.1905000</LongitudeDegrees>
     </Position>
     <AltitudeMeters>529.8900000000001</AltitudeMeters>
     <DistanceMeters>17888.561420159524</DistanceMeters>
    </Trackpoint>
    <Trackpoint>
     <Time>2026-07-19T01:18:11+00:00</Time>
     <Position>
      <LatitudeDegrees>-33.2677800</LatitudeDegrees>
      <LongitudeDegrees>-71.1904100</LongitudeDegrees>
     </Position>
     <AltitudeMeters>531.0400000000001</AltitudeMeters>
     <DistanceMeters>17901.617984207</DistanceMeters>
    </Trackpoint>
    <Trackpoint>
     <Time>2026-07-19T01:18:18+00:00</Time>
     <Position>
      <LatitudeDegrees>-33.2676600</LatitudeDegrees>
      <LongitudeDegrees>-71.1903700</LongitudeDegrees>
     </Position>
     <AltitudeMeters>531.87</AltitudeMeters>
     <DistanceMeters>17915.48247139194</DistanceMeters>
    </Trackpoint>
    <Trackpoint>
     <Time>2026-07-19T01:18:25+00:00</Time>
     <Position>
      <LatitudeDegrees>-33.2675500</LatitudeDegrees>
      <LongitudeDegrees>-71.1903800</LongitudeDegrees>
     </Position>
     <AltitudeMeters>531.87</AltitudeMeters>
     <DistanceMeters>17927.760311557133</DistanceMeters>
    </Trackpoint>
    <Trackpoint>
     <Time>2026-07-19T01:18:32+00:00</Time>
     <Position>
      <LatitudeDegrees>-33.2674000</LatitudeDegrees>
      <LongitudeDegrees>-71.1905000</LongitudeDegrees>
     </Position>
     <AltitudeMeters>534.12</AltitudeMeters>
     <DistanceMeters>17947.845085561265</DistanceMeters>
    </Trackpoint>
    <Trackpoint>
     <Time>2026-07-19T01:18:39+00:00</Time>
     <Position>
      <LatitudeDegrees>-33.2668400</LatitudeDegrees>
      <LongitudeDegrees>-71.1913100</LongitudeDegrees>
     </Position>
     <AltitudeMeters>537.49</AltitudeMeters>
     <DistanceMeters>18045.65111984252</DistanceMeters>
    </Trackpoint>
    <Trackpoint>
     <Time>2026-07-19T01:18:46+00:00</Time>
     <Position>
      <LatitudeDegrees>-33.2665000</LatitudeDegrees>
      <LongitudeDegrees>-71.1917100</LongitudeDegrees>
     </Position>
     <AltitudeMeters>536.88</AltitudeMeters>
     <DistanceMeters>18098.7307853948</DistanceMeters>
    </Trackpoint>
    <Trackpoint>
     <Time>2026-07-19T01:18:53+00:00</Time>
     <Position>
      <LatitudeDegrees>-33.2664300</LatitudeDegrees>
      <LongitudeDegrees>-71.1918400</LongitudeDegrees>
     </Position>
     <AltitudeMeters>536.88</AltitudeMeters>
     <DistanceMeters>18113.11980403951</DistanceMeters>
    </Trackpoint>
    <Trackpoint>
     <Time>2026-07-19T01:19:00+00:00</Time>
     <Position>
      <LatitudeDegrees>-33.2664100</LatitudeDegrees>
      <LongitudeDegrees>-71.1919700</LongitudeDegrees>
     </Position>
     <AltitudeMeters>536.6899999999999</AltitudeMeters>
     <DistanceMeters>18125.420362206565</DistanceMeters>
    </Trackpoint>
    <Trackpoint>
     <Time>2026-07-19T01:19:07+00:00</Time>
     <Position>
      <LatitudeDegrees>-33.2664100</LatitudeDegrees>
      <LongitudeDegrees>-71.1921100</LongitudeDegrees>
     </Position>
     <AltitudeMeters>536.66</AltitudeMeters>
     <DistanceMeters>18138.448419862332</DistanceMeters>
    </Trackpoint>
    <Trackpoint>
     <Time>2026-07-19T01:19:14+00:00</Time>
     <Position>
      <LatitudeDegrees>-33.2665200</LatitudeDegrees>
      <LongitudeDegrees>-71.1928300</LongitudeDegrees>
     </Position>
     <AltitudeMeters>539.54</AltitudeMeters>
     <DistanceMeters>18206.55911385831</DistanceMeters>
    </Trackpoint>
    <Trackpoint>
     <Time>2026-07-19T01:19:21+00:00</Time>
     <Position>
      <LatitudeDegrees>-33.2665200</LatitudeDegrees>
      <LongitudeDegrees>-71.1929600</LongitudeDegrees>
     </Position>
     <AltitudeMeters>541.2600000000001</AltitudeMeters>
     <DistanceMeters>18218.656580731342</DistanceMeters>
    </Trackpoint>
    <Trackpoint>
     <Time>2026-07-19T01:19:28+00:00</Time>
     <Position>
      <LatitudeDegrees>-33.2664800</LatitudeDegrees>
      <LongitudeDegrees>-71.1931400</LongitudeDegrees>
     </Position>
     <AltitudeMeters>542.1</AltitudeMeters>
     <DistanceMeters>18235.98842258029</DistanceMeters>
    </Trackpoint>
    <Trackpoint>
     <Time>2026-07-19T01:19:35+00:00</Time>
     <Position>
      <LatitudeDegrees>-33.2664100</LatitudeDegrees>
      <LongitudeDegrees>-71.1932700</LongitudeDegrees>
     </Position>
     <AltitudeMeters>543.6</AltitudeMeters>
     <DistanceMeters>18250.377443555248</DistanceMeters>
    </Trackpoint>
    <Trackpoint>
     <Time>2026-07-19T01:19:43+00:00</Time>
     <Position>
      <LatitudeDegrees>-33.2662300</LatitudeDegrees>
      <LongitudeDegrees>-71.1933300</LongitudeDegrees>
     </Position>
     <AltitudeMeters>544.52</AltitudeMeters>
     <DistanceMeters>18271.17419836184</DistanceMeters>
    </Trackpoint>
    <Trackpoint>
     <Time>2026-07-19T01:19:50+00:00</Time>
     <Position>
      <LatitudeDegrees>-33.2659900</LatitudeDegrees>
      <LongitudeDegrees>-71.1932900</LongitudeDegrees>
     </Position>
     <AltitudeMeters>545.74</AltitudeMeters>
     <DistanceMeters>18298.14327651912</DistanceMeters>
    </Trackpoint>
    <Trackpoint>
     <Time>2026-07-19T01:19:57+00:00</Time>
     <Position>
      <LatitudeDegrees>-33.2657600</LatitudeDegrees>
      <LongitudeDegrees>-71.1933700</LongitudeDegrees>
     </Position>
     <AltitudeMeters>546.36</AltitudeMeters>
     <DistanceMeters>18324.801872475888</DistanceMeters>
    </Trackpoint>
    <Trackpoint>
     <Time>2026-07-19T01:20:04+00:00</Time>
     <Position>
      <LatitudeDegrees>-33.2652500</LatitudeDegrees>
      <LongitudeDegrees>-71.1937200</LongitudeDegrees>
     </Position>
     <AltitudeMeters>546.97</AltitudeMeters>
     <DistanceMeters>18390.24363509856</DistanceMeters>
    </Trackpoint>
    <Trackpoint>
     <Time>2026-07-19T01:20:11+00:00</Time>
     <Position>
      <LatitudeDegrees>-33.2648900</LatitudeDegrees>
      <LongitudeDegrees>-71.1938100</LongitudeDegrees>
     </Position>
     <AltitudeMeters>547.1600000000001</AltitudeMeters>
     <DistanceMeters>18431.17608889659</DistanceMeters>
    </Trackpoint>
    <Trackpoint>
     <Time>2026-07-19T01:20:18+00:00</Time>
     <Position>
      <LatitudeDegrees>-33.2647800</LatitudeDegrees>
      <LongitudeDegrees>-71.1939000</LongitudeDegrees>
     </Position>
     <AltitudeMeters>547.19</AltitudeMeters>
     <DistanceMeters>18446.009348167026</DistanceMeters>
    </Trackpoint>
    <Trackpoint>
     <Time>2026-07-19T01:20:25+00:00</Time>
     <Position>
      <LatitudeDegrees>-33.2645500</LatitudeDegrees>
      <LongitudeDegrees>-71.1941200</LongitudeDegrees>
     </Position>
     <AltitudeMeters>547.21</AltitudeMeters>
     <DistanceMeters>18478.78745922121</DistanceMeters>
    </Trackpoint>
    <Trackpoint>
     <Time>2026-07-19T01:20:32+00:00</Time>
     <Position>
      <LatitudeDegrees>-33.2645300</LatitudeDegrees>
      <LongitudeDegrees>-71.1943400</LongitudeDegrees>
     </Position>
     <AltitudeMeters>547.62</AltitudeMeters>
     <DistanceMeters>18499.38120900552</DistanceMeters>
    </Trackpoint>
    <Trackpoint>
     <Time>2026-07-19T01:20:39+00:00</Time>
     <Position>
      <LatitudeDegrees>-33.2645800</LatitudeDegrees>
      <LongitudeDegrees>-71.1944900</LongitudeDegrees>
     </Position>
     <AltitudeMeters>548.21</AltitudeMeters>
     <DistanceMeters>18514.408468845875</DistanceMeters>
    </Trackpoint>
    <Trackpoint>
     <Time>2026-07-19T01:20:46+00:00</Time>
     <Position>
      <LatitudeDegrees>-33.2650500</LatitudeDegrees>
      <LongitudeDegrees>-71.1952400</LongitudeDegrees>
     </Position>
     <AltitudeMeters>557.44</AltitudeMeters>
     <DistanceMeters>18601.629407922414</DistanceMeters>
    </Trackpoint>
    <Trackpoint>
     <Time>2026-07-19T01:20:53+00:00</Time>
     <Position>
      <LatitudeDegrees>-33.2651100</LatitudeDegrees>
      <LongitudeDegrees>-71.1954300</LongitudeDegrees>
     </Position>
     <AltitudeMeters>557.44</AltitudeMeters>
     <DistanceMeters>18620.529598907757</DistanceMeters>
    </Trackpoint>
    <Trackpoint>
     <Time>2026-07-19T01:21:00+00:00</Time>
     <Position>
      <LatitudeDegrees>-33.2651800</LatitudeDegrees>
      <LongitudeDegrees>-71.1959200</LongitudeDegrees>
     </Position>
     <AltitudeMeters>561.95</AltitudeMeters>
     <DistanceMeters>18666.7892055486</DistanceMeters>
    </Trackpoint>
    <Trackpoint>
     <Time>2026-07-19T01:21:07+00:00</Time>
     <Position>
      <LatitudeDegrees>-33.2653400</LatitudeDegrees>
      <LongitudeDegrees>-71.1965400</LongitudeDegrees>
     </Position>
     <AltitudeMeters>568.5600000000001</AltitudeMeters>
     <DistanceMeters>18727.171155239204</DistanceMeters>
    </Trackpoint>
    <Trackpoint>
     <Time>2026-07-19T01:21:14+00:00</Time>
     <Position>
      <LatitudeDegrees>-33.2653400</LatitudeDegrees>
      <LongitudeDegrees>-71.1966300</LongitudeDegrees>
     </Position>
     <AltitudeMeters>568.5600000000001</AltitudeMeters>
     <DistanceMeters>18735.546437768837</DistanceMeters>
    </Trackpoint>
    <Trackpoint>
     <Time>2026-07-19T01:21:22+00:00</Time>
     <Position>
      <LatitudeDegrees>-33.2652200</LatitudeDegrees>
      <LongitudeDegrees>-71.1969000</LongitudeDegrees>
     </Position>
     <AltitudeMeters>573.23</AltitudeMeters>
     <DistanceMeters>18764.00127868261</DistanceMeters>
    </Trackpoint>
    <Trackpoint>
     <Time>2026-07-19T01:21:29+00:00</Time>
     <Position>
      <LatitudeDegrees>-33.2648000</LatitudeDegrees>
      <LongitudeDegrees>-71.1976700</LongitudeDegrees>
     </Position>
     <AltitudeMeters>580.44</AltitudeMeters>
     <DistanceMeters>18849.55549910484</DistanceMeters>
    </Trackpoint>
    <Trackpoint>
     <Time>2026-07-19T01:21:36+00:00</Time>
     <Position>
      <LatitudeDegrees>-33.2647100</LatitudeDegrees>
      <LongitudeDegrees>-71.1979900</LongitudeDegrees>
     </Position>
     <AltitudeMeters>584.6</AltitudeMeters>
     <DistanceMeters>18880.9739690713</DistanceMeters>
    </Trackpoint>
    <Trackpoint>
     <Time>2026-07-19T01:21:43+00:00</Time>
     <Position>
      <LatitudeDegrees>-33.2647000</LatitudeDegrees>
      <LongitudeDegrees>-71.1983100</LongitudeDegrees>
     </Position>
     <AltitudeMeters>586.28</AltitudeMeters>
     <DistanceMeters>18910.77375840352</DistanceMeters>
    </Trackpoint>
    <Trackpoint>
     <Time>2026-07-19T01:21:50+00:00</Time>
     <Position>
      <LatitudeDegrees>-33.2648700</LatitudeDegrees>
      <LongitudeDegrees>-71.1989200</LongitudeDegrees>
     </Position>
     <AltitudeMeters>589.94</AltitudeMeters>
     <DistanceMeters>18970.609983902126</DistanceMeters>
    </Trackpoint>
    <Trackpoint>
     <Time>2026-07-19T01:21:57+00:00</Time>
     <Position>
      <LatitudeDegrees>-33.2649100</LatitudeDegrees>
      <LongitudeDegrees>-71.1994000</LongitudeDegrees>
     </Position>
     <AltitudeMeters>593.46</AltitudeMeters>
     <DistanceMeters>19015.49968259241</DistanceMeters>
    </Trackpoint>
    <Trackpoint>
     <Time>2026-07-19T01:22:04+00:00</Time>
     <Position>
      <LatitudeDegrees>-33.2648700</LatitudeDegrees>
      <LongitudeDegrees>-71.1997600</LongitudeDegrees>
     </Position>
     <AltitudeMeters>597.0500000000001</AltitudeMeters>
     <DistanceMeters>19049.295481880523</DistanceMeters>
    </Trackpoint>
    <Trackpoint>
     <Time>2026-07-19T01:22:11+00:00</Time>
     <Position>
      <LatitudeDegrees>-33.2646800</LatitudeDegrees>
      <LongitudeDegrees>-71.2007300</LongitudeDegrees>
     </Position>
     <AltitudeMeters>605.84</AltitudeMeters>
     <DistanceMeters>19142.0067847045</DistanceMeters>
    </Trackpoint>
    <Trackpoint>
     <Time>2026-07-19T01:22:18+00:00</Time>
     <Position>
      <LatitudeDegrees>-33.2646100</LatitudeDegrees>
      <LongitudeDegrees>-71.2012500</LongitudeDegrees>
     </Position>
     <AltitudeMeters>611.5200000000001</AltitudeMeters>
     <DistanceMeters>19191.020811117327</DistanceMeters>
    </Trackpoint>
    <Trackpoint>
     <Time>2026-07-19T01:22:25+00:00</Time>
     <Position>
      <LatitudeDegrees>-33.2645700</LatitudeDegrees>
      <LongitudeDegrees>-71.2017000</LongitudeDegrees>
     </Position>
     <AltitudeMeters>615.1300000000001</AltitudeMeters>
     <DistanceMeters>19233.133550506245</DistanceMeters>
    </Trackpoint>
    <Trackpoint>
     <Time>2026-07-19T01:22:32+00:00</Time>
     <Position>
      <LatitudeDegrees>-33.2645800</LatitudeDegrees>
      <LongitudeDegrees>-71.2021500</LongitudeDegrees>
     </Position>
     <AltitudeMeters>617.1000000000001</AltitudeMeters>
     <DistanceMeters>19275.025116826804</DistanceMeters>
    </Trackpoint>
    <Trackpoint>
     <Time>2026-07-19T01:22:39+00:00</Time>
     <Position>
      <LatitudeDegrees>-33.2646000</LatitudeDegrees>
      <LongitudeDegrees>-71.2023200</LongitudeDegrees>
     </Position>
     <AltitudeMeters>618.2200000000001</AltitudeMeters>
     <DistanceMeters>19291.001058018875</DistanceMeters>
    </Trackpoint>
    <Trackpoint>
     <Time>2026-07-19T01:22:46+00:00</Time>
     <Position>
      <LatitudeDegrees>-33.2647100</LatitudeDegrees>
      <LongitudeDegrees>-71.2025600</LongitudeDegrees>
     </Position>
     <AltitudeMeters>618.65</AltitudeMeters>
     <DistanceMeters>19316.470621560886</DistanceMeters>
    </Trackpoint>
    <Trackpoint>
     <Time>2026-07-19T01:22:54+00:00</Time>
     <Position>
      <LatitudeDegrees>-33.2648700</LatitudeDegrees>
      <LongitudeDegrees>-71.2026800</LongitudeDegrees>
     </Position>
     <AltitudeMeters>619.72</AltitudeMeters>
     <DistanceMeters>19337.4897716808</DistanceMeters>
    </Trackpoint>
    <Trackpoint>
     <Time>2026-07-19T01:23:01+00:00</Time>
     <Position>
      <LatitudeDegrees>-33.2650500</LatitudeDegrees>
      <LongitudeDegrees>-71.2027700</LongitudeDegrees>
     </Position>
     <AltitudeMeters>620.21</AltitudeMeters>
     <DistanceMeters>19359.203268946956</DistanceMeters>
    </Trackpoint>
    <Trackpoint>
     <Time>2026-07-19T01:23:08+00:00</Time>
     <Position>
      <LatitudeDegrees>-33.2654300</LatitudeDegrees>
      <LongitudeDegrees>-71.2029400</LongitudeDegrees>
     </Position>
     <AltitudeMeters>621.96</AltitudeMeters>
     <DistanceMeters>19404.35762467972</DistanceMeters>
    </Trackpoint>
    <Trackpoint>
     <Time>2026-07-19T01:23:15+00:00</Time>
     <Position>
      <LatitudeDegrees>-33.2658700</LatitudeDegrees>
      <LongitudeDegrees>-71.2030800</LongitudeDegrees>
     </Position>
     <AltitudeMeters>624.32</AltitudeMeters>
     <DistanceMeters>19455.031126944636</DistanceMeters>
    </Trackpoint>
    <Trackpoint>
     <Time>2026-07-19T01:23:22+00:00</Time>
     <Position>
      <LatitudeDegrees>-33.2662300</LatitudeDegrees>
      <LongitudeDegrees>-71.2032700</LongitudeDegrees>
     </Position>
     <AltitudeMeters>625.58</AltitudeMeters>
     <DistanceMeters>19498.82539639074</DistanceMeters>
    </Trackpoint>
    <Trackpoint>
     <Time>2026-07-19T01:23:29+00:00</Time>
     <Position>
      <LatitudeDegrees>-33.2663700</LatitudeDegrees>
      <LongitudeDegrees>-71.2034000</LongitudeDegrees>
     </Position>
     <AltitudeMeters>626.7</AltitudeMeters>
     <DistanceMeters>19518.55175733233</DistanceMeters>
    </Trackpoint>
    <Trackpoint>
     <Time>2026-07-19T01:23:36+00:00</Time>
     <Position>
      <LatitudeDegrees>-33.2666100</LatitudeDegrees>
      <LongitudeDegrees>-71.2037100</LongitudeDegrees>
     </Position>
     <AltitudeMeters>630.12</AltitudeMeters>
     <DistanceMeters>19557.86679273523</DistanceMeters>
    </Trackpoint>
    <Trackpoint>
     <Time>2026-07-19T01:23:43+00:00</Time>
     <Position>
      <LatitudeDegrees>-33.2667700</LatitudeDegrees>
      <LongitudeDegrees>-71.2040200</LongitudeDegrees>
     </Position>
     <AltitudeMeters>633.61</AltitudeMeters>
     <DistanceMeters>19591.768015321893</DistanceMeters>
    </Trackpoint>
    <Trackpoint>
     <Time>2026-07-19T01:23:50+00:00</Time>
     <Position>
      <LatitudeDegrees>-33.2668100</LatitudeDegrees>
      <LongitudeDegrees>-71.2041900</LongitudeDegrees>
     </Position>
     <AltitudeMeters>635.0</AltitudeMeters>
     <DistanceMeters>19608.20219198682</DistanceMeters>
    </Trackpoint>
    <Trackpoint>
     <Time>2026-07-19T01:23:57+00:00</Time>
     <Position>
      <LatitudeDegrees>-33.2667900</LatitudeDegrees>
      <LongitudeDegrees>-71.2048800</LongitudeDegrees>
     </Position>
     <AltitudeMeters>639.1800000000001</AltitudeMeters>
     <DistanceMeters>19672.45018868207</DistanceMeters>
    </Trackpoint>
    <Trackpoint>
     <Time>2026-07-19T01:24:04+00:00</Time>
     <Position>
      <LatitudeDegrees>-33.2668800</LatitudeDegrees>
      <LongitudeDegrees>-71.2052200</LongitudeDegrees>
     </Position>
     <AltitudeMeters>639.36</AltitudeMeters>
     <DistanceMeters>19705.6373105365</DistanceMeters>
    </Trackpoint>
    <Trackpoint>
     <Time>2026-07-19T01:24:11+00:00</Time>
     <Position>
      <LatitudeDegrees>-33.2670200</LatitudeDegrees>
      <LongitudeDegrees>-71.2053700</LongitudeDegrees>
     </Position>
     <AltitudeMeters>638.87</AltitudeMeters>
     <DistanceMeters>19726.55670119184</DistanceMeters>
    </Trackpoint>
    <Trackpoint>
     <Time>2026-07-19T01:24:18+00:00</Time>
     <Position>
      <LatitudeDegrees>-33.2673100</LatitudeDegrees>
      <LongitudeDegrees>-71.2056400</LongitudeDegrees>
     </Position>
     <AltitudeMeters>637.1</AltitudeMeters>
     <DistanceMeters>19767.4590933053</DistanceMeters>
    </Trackpoint>
    <Trackpoint>
     <Time>2026-07-19T01:24:26+00:00</Time>
     <Position>
      <LatitudeDegrees>-33.2674200</LatitudeDegrees>
      <LongitudeDegrees>-71.2057700</LongitudeDegrees>
     </Position>
     <AltitudeMeters>637.0100000000001</AltitudeMeters>
     <DistanceMeters>19784.670289799364</DistanceMeters>
    </Trackpoint>
    <Trackpoint>
     <Time>2026-07-19T01:24:33+00:00</Time>
     <Position>
      <LatitudeDegrees>-33.2677200</LatitudeDegrees>
      <LongitudeDegrees>-71.2062150</LongitudeDegrees>
     </Position>
     <AltitudeMeters>637.1800000000001</AltitudeMeters>
     <DistanceMeters>19837.86417503553</DistanceMeters>
    </Trackpoint>
    <Trackpoint>
     <Time>2026-07-19T01:24:40+00:00</Time>
     <Position>
      <LatitudeDegrees>-33.2680200</LatitudeDegrees>
      <LongitudeDegrees>-71.2066600</LongitudeDegrees>
     </Position>
     <AltitudeMeters>638.5600000000001</AltitudeMeters>
     <DistanceMeters>19891.058125048807</DistanceMeters>
    </Trackpoint>
    <Trackpoint>
     <Time>2026-07-19T01:24:47+00:00</Time>
     <Position>
      <LatitudeDegrees>-33.2682950</LatitudeDegrees>
      <LongitudeDegrees>-71.2071250</LongitudeDegrees>
     </Position>
     <AltitudeMeters>641.5300000000001</AltitudeMeters>
     <DistanceMeters>19944.05915600078</DistanceMeters>
    </Trackpoint>
    <Trackpoint>
     <Time>2026-07-19T01:24:54+00:00</Time>
     <Position>
      <LatitudeDegrees>-33.2685700</LatitudeDegrees>
      <LongitudeDegrees>-71.2075900</LongitudeDegrees>
     </Position>
     <AltitudeMeters>643.0400000000001</AltitudeMeters>
     <DistanceMeters>19997.06021868498</DistanceMeters>
    </Trackpoint>
    <Trackpoint>
     <Time>2026-07-19T01:25:01+00:00</Time>
     <Position>
      <LatitudeDegrees>-33.2686700</LatitudeDegrees>
      <LongitudeDegrees>-71.2079200</LongitudeDegrees>
     </Position>
     <AltitudeMeters>644.61</AltitudeMeters>
     <DistanceMeters>20029.7230692842</DistanceMeters>
    </Trackpoint>
    <Trackpoint>
     <Time>2026-07-19T01:25:08+00:00</Time>
     <Position>
      <LatitudeDegrees>-33.2687800</LatitudeDegrees>
      <LongitudeDegrees>-71.2083600</LongitudeDegrees>
     </Position>
     <AltitudeMeters>648.4700000000001</AltitudeMeters>
     <DistanceMeters>20072.458418759255</DistanceMeters>
    </Trackpoint>
    <Trackpoint>
     <Time>2026-07-19T01:25:15+00:00</Time>
     <Position>
      <LatitudeDegrees>-33.2688100</LatitudeDegrees>
      <LongitudeDegrees>-71.2086400</LongitudeDegrees>
     </Position>
     <AltitudeMeters>653.1300000000001</AltitudeMeters>
     <DistanceMeters>20098.72688121223</DistanceMeters>
    </Trackpoint>
    <Trackpoint>
     <Time>2026-07-19T01:25:22+00:00</Time>
     <Position>
      <LatitudeDegrees>-33.2688100</LatitudeDegrees>
      <LongitudeDegrees>-71.2088100</LongitudeDegrees>
     </Position>
     <AltitudeMeters>654.99</AltitudeMeters>
     <DistanceMeters>20114.54623076701</DistanceMeters>
    </Trackpoint>
    <Trackpoint>
     <Time>2026-07-19T01:25:29+00:00</Time>
     <Position>
      <LatitudeDegrees>-33.2686700</LatitudeDegrees>
      <LongitudeDegrees>-71.2091300</LongitudeDegrees>
     </Position>
     <AltitudeMeters>658.94</AltitudeMeters>
     <DistanceMeters>20148.15406776014</DistanceMeters>
    </Trackpoint>
    <Trackpoint>
     <Time>2026-07-19T01:25:36+00:00</Time>
     <Position>
      <LatitudeDegrees>-33.2686900</LatitudeDegrees>
      <LongitudeDegrees>-71.2093900</LongitudeDegrees>
     </Position>
     <AltitudeMeters>661.0500000000001</AltitudeMeters>
     <DistanceMeters>20172.450580959434</DistanceMeters>
    </Trackpoint>
    <Trackpoint>
     <Time>2026-07-19T01:25:43+00:00</Time>
     <Position>
      <LatitudeDegrees>-33.2687400</LatitudeDegrees>
      <LongitudeDegrees>-71.2094800</LongitudeDegrees>
     </Position>
     <AltitudeMeters>662.0100000000001</AltitudeMeters>
     <DistanceMeters>20182.505766527982</DistanceMeters>
    </Trackpoint>
    <Trackpoint>
     <Time>2026-07-19T01:25:50+00:00</Time>
     <Position>
      <LatitudeDegrees>-33.2691000</LatitudeDegrees>
      <LongitudeDegrees>-71.2098900</LongitudeDegrees>
     </Position>
     <AltitudeMeters>665.52</AltitudeMeters>
     <DistanceMeters>20237.83146856033</DistanceMeters>
    </Trackpoint>
    <Trackpoint>
     <Time>2026-07-19T01:25:57+00:00</Time>
     <Position>
      <LatitudeDegrees>-33.2692500</LatitudeDegrees>
      <LongitudeDegrees>-71.2101500</LongitudeDegrees>
     </Position>
     <AltitudeMeters>666.32</AltitudeMeters>
     <DistanceMeters>20267.22637649012</DistanceMeters>
    </Trackpoint>
    <Trackpoint>
     <Time>2026-07-19T01:26:05+00:00</Time>
     <Position>
      <LatitudeDegrees>-33.2694600</LatitudeDegrees>
      <LongitudeDegrees>-71.2105700</LongitudeDegrees>
     </Position>
     <AltitudeMeters>667.1400000000001</AltitudeMeters>
     <DistanceMeters>20312.764539281437</DistanceMeters>
    </Trackpoint>
    <Trackpoint>
     <Time>2026-07-19T01:26:12+00:00</Time>
     <Position>
      <LatitudeDegrees>-33.2697500</LatitudeDegrees>
      <LongitudeDegrees>-71.2110100</LongitudeDegrees>
     </Position>
     <AltitudeMeters>665.5500000000001</AltitudeMeters>
     <DistanceMeters>20364.90013885519</DistanceMeters>
    </Trackpoint>
    <Trackpoint>
     <Time>2026-07-19T01:26:19+00:00</Time>
     <Position>
      <LatitudeDegrees>-33.2702600</LatitudeDegrees>
      <LongitudeDegrees>-71.2114500</LongitudeDegrees>
     </Position>
     <AltitudeMeters>664.75</AltitudeMeters>
     <DistanceMeters>20434.887063057475</DistanceMeters>
    </Trackpoint>
    <Trackpoint>
     <Time>2026-07-19T01:26:26+00:00</Time>
     <Position>
      <LatitudeDegrees>-33.2702800</LatitudeDegrees>
      <LongitudeDegrees>-71.2116000</LongitudeDegrees>
     </Position>
     <AltitudeMeters>664.54</AltitudeMeters>
     <DistanceMeters>20449.021450511438</DistanceMeters>
    </Trackpoint>
    <Trackpoint>
     <Time>2026-07-19T01:26:33+00:00</Time>
     <Position>
      <LatitudeDegrees>-33.2702400</LatitudeDegrees>
      <LongitudeDegrees>-71.2117200</LongitudeDegrees>
     </Position>
     <AltitudeMeters>664.19</AltitudeMeters>
     <DistanceMeters>20461.042580778205</DistanceMeters>
    </Trackpoint>
    <Trackpoint>
     <Time>2026-07-19T01:26:40+00:00</Time>
     <Position>
      <LatitudeDegrees>-33.2700600</LatitudeDegrees>
      <LongitudeDegrees>-71.2119900</LongitudeDegrees>
     </Position>
     <AltitudeMeters>663.4100000000001</AltitudeMeters>
     <DistanceMeters>20493.17618740601</DistanceMeters>
    </Trackpoint>
    <Trackpoint>
     <Time>2026-07-19T01:26:47+00:00</Time>
     <Position>
      <LatitudeDegrees>-33.2698600</LatitudeDegrees>
      <LongitudeDegrees>-71.2123500</LongitudeDegrees>
     </Position>
     <AltitudeMeters>663.12</AltitudeMeters>
     <DistanceMeters>20533.39653188822</DistanceMeters>
    </Trackpoint>
    <Trackpoint>
     <Time>2026-07-19T01:26:54+00:00</Time>
     <Position>
      <LatitudeDegrees>-33.2696600</LatitudeDegrees>
      <LongitudeDegrees>-71.2128000</LongitudeDegrees>
     </Position>
     <AltitudeMeters>664.24</AltitudeMeters>
     <DistanceMeters>20580.819369933637</DistanceMeters>
    </Trackpoint>
    <Trackpoint>
     <Time>2026-07-19T01:27:01+00:00</Time>
     <Position>
      <LatitudeDegrees>-33.2695700</LatitudeDegrees>
      <LongitudeDegrees>-71.2134000</LongitudeDegrees>
     </Position>
     <AltitudeMeters>668.0200000000001</AltitudeMeters>
     <DistanceMeters>20637.543276728415</DistanceMeters>
    </Trackpoint>
    <Trackpoint>
     <Time>2026-07-19T01:27:08+00:00</Time>
     <Position>
      <LatitudeDegrees>-33.2694800</LatitudeDegrees>
      <LongitudeDegrees>-71.2140000</LongitudeDegrees>
     </Position>
     <AltitudeMeters>669.8000000000001</AltitudeMeters>
     <DistanceMeters>20694.26718971495</DistanceMeters>
    </Trackpoint>
    <Trackpoint>
     <Time>2026-07-19T01:27:15+00:00</Time>
     <Position>
      <LatitudeDegrees>-33.2693900</LatitudeDegrees>
      <LongitudeDegrees>-71.2142700</LongitudeDegrees>
     </Position>
     <AltitudeMeters>671.5600000000001</AltitudeMeters>
     <DistanceMeters>20721.314953302706</DistanceMeters>
    </Trackpoint>
    <Trackpoint>
     <Time>2026-07-19T01:27:22+00:00</Time>
     <Position>
      <LatitudeDegrees>-33.2693200</LatitudeDegrees>
      <LongitudeDegrees>-71.2143600</LongitudeDegrees>
     </Position>
     <AltitudeMeters>672.2300000000001</AltitudeMeters>
     <DistanceMeters>20732.753217007397</DistanceMeters>
    </Trackpoint>
    <Trackpoint>
     <Time>2026-07-19T01:27:29+00:00</Time>
     <Position>
      <LatitudeDegrees>-33.2692500</LatitudeDegrees>
      <LongitudeDegrees>-71.2144100</LongitudeDegrees>
     </Position>
     <AltitudeMeters>672.2300000000001</AltitudeMeters>
     <DistanceMeters>20741.827511158044</DistanceMeters>
    </Trackpoint>
    <Trackpoint>
     <Time>2026-07-19T01:27:37+00:00</Time>
     <Position>
      <LatitudeDegrees>-33.2690100</LatitudeDegrees>
      <LongitudeDegrees>-71.2145100</LongitudeDegrees>
     </Position>
     <AltitudeMeters>674.71</AltitudeMeters>
     <DistanceMeters>20770.11297100344</DistanceMeters>
    </Trackpoint>
    <Trackpoint>
     <Time>2026-07-19T01:27:44+00:00</Time>
     <Position>
      <LatitudeDegrees>-33.2689000</LatitudeDegrees>
      <LongitudeDegrees>-71.2145900</LongitudeDegrees>
     </Position>
     <AltitudeMeters>675.82</AltitudeMeters>
     <DistanceMeters>20784.44120593216</DistanceMeters>
    </Trackpoint>
    <Trackpoint>
     <Time>2026-07-19T01:27:51+00:00</Time>
     <Position>
      <LatitudeDegrees>-33.2687200</LatitudeDegrees>
      <LongitudeDegrees>-71.2148100</LongitudeDegrees>
     </Position>
     <AltitudeMeters>676.24</AltitudeMeters>
     <DistanceMeters>20813.084474784107</DistanceMeters>
    </Trackpoint>
    <Trackpoint>
     <Time>2026-07-19T01:27:58+00:00</Time>
     <Position>
      <LatitudeDegrees>-33.2686300</LatitudeDegrees>
      <LongitudeDegrees>-71.2149900</LongitudeDegrees>
     </Position>
     <AltitudeMeters>675.6700000000001</AltitudeMeters>
     <DistanceMeters>20832.600942204757</DistanceMeters>
    </Trackpoint>
    <Trackpoint>
     <Time>2026-07-19T01:28:05+00:00</Time>
     <Position>
      <LatitudeDegrees>-33.2686000</LatitudeDegrees>
      <LongitudeDegrees>-71.2152600</LongitudeDegrees>
     </Position>
     <AltitudeMeters>673.7</AltitudeMeters>
     <DistanceMeters>20857.946729361487</DistanceMeters>
    </Trackpoint>
    <Trackpoint>
     <Time>2026-07-19T01:28:12+00:00</Time>
     <Position>
      <LatitudeDegrees>-33.2686300</LatitudeDegrees>
      <LongitudeDegrees>-71.2154800</LongitudeDegrees>
     </Position>
     <AltitudeMeters>671.46</AltitudeMeters>
     <DistanceMeters>20878.689361353616</DistanceMeters>
    </Trackpoint>
    <Trackpoint>
     <Time>2026-07-19T01:28:19+00:00</Time>
     <Position>
      <LatitudeDegrees>-33.2687800</LatitudeDegrees>
      <LongitudeDegrees>-71.2160200</LongitudeDegrees>
     </Position>
     <AltitudeMeters>663.76</AltitudeMeters>
     <DistanceMeters>20931.63971230571</DistanceMeters>
    </Trackpoint>
    <Trackpoint>
     <Time>2026-07-19T01:28:26+00:00</Time>
     <Position>
      <LatitudeDegrees>-33.2688500</LatitudeDegrees>
      <LongitudeDegrees>-71.2165100</LongitudeDegrees>
     </Position>
     <AltitudeMeters>659.58</AltitudeMeters>
     <DistanceMeters>20977.897430177938</DistanceMeters>
    </Trackpoint>
    <Trackpoint>
     <Time>2026-07-19T01:28:33+00:00</Time>
     <Position>
      <LatitudeDegrees>-33.2686500</LatitudeDegrees>
      <LongitudeDegrees>-71.2173200</LongitudeDegrees>
     </Position>
     <AltitudeMeters>657.99</AltitudeMeters>
     <DistanceMeters>21056.490046914318</DistanceMeters>
    </Trackpoint>
    <Trackpoint>
     <Time>2026-07-19T01:28:40+00:00</Time>
     <Position>
      <LatitudeDegrees>-33.2686300</LatitudeDegrees>
      <LongitudeDegrees>-71.2175000</LongitudeDegrees>
     </Position>
     <AltitudeMeters>658.1</AltitudeMeters>
     <DistanceMeters>21073.387233598805</DistanceMeters>
    </Trackpoint>
    <Trackpoint>
     <Time>2026-07-19T01:28:47+00:00</Time>
     <Position>
      <LatitudeDegrees>-33.2686300</LatitudeDegrees>
      <LongitudeDegrees>-71.2177200</LongitudeDegrees>
     </Position>
     <AltitudeMeters>658.6200000000001</AltitudeMeters>
     <DistanceMeters>21093.85937521972</DistanceMeters>
    </Trackpoint>
    <Trackpoint>
     <Time>2026-07-19T01:28:54+00:00</Time>
     <Position>
      <LatitudeDegrees>-33.2687850</LatitudeDegrees>
      <LongitudeDegrees>-71.2183500</LongitudeDegrees>
     </Position>
     <AltitudeMeters>659.46</AltitudeMeters>
     <DistanceMeters>21154.96947905053</DistanceMeters>
    </Trackpoint>
    <Trackpoint>
     <Time>2026-07-19T01:29:01+00:00</Time>
     <Position>
      <LatitudeDegrees>-33.2689400</LatitudeDegrees>
      <LongitudeDegrees>-71.2189800</LongitudeDegrees>
     </Position>
     <AltitudeMeters>661.21</AltitudeMeters>
     <DistanceMeters>21216.079545544046</DistanceMeters>
    </Trackpoint>
    <Trackpoint>
     <Time>2026-07-19T01:29:09+00:00</Time>
     <Position>
      <LatitudeDegrees>-33.2690000</LatitudeDegrees>
      <LongitudeDegrees>-71.2194100</LongitudeDegrees>
     </Position>
     <AltitudeMeters>662.33</AltitudeMeters>
     <DistanceMeters>21256.64650810115</DistanceMeters>
    </Trackpoint>
    <Trackpoint>
     <Time>2026-07-19T01:29:16+00:00</Time>
     <Position>
      <LatitudeDegrees>-33.2691600</LatitudeDegrees>
      <LongitudeDegrees>-71.2201800</LongitudeDegrees>
     </Position>
     <AltitudeMeters>665.24</AltitudeMeters>
     <DistanceMeters>21330.478259185038</DistanceMeters>
    </Trackpoint>
    <Trackpoint>
     <Time>2026-07-19T01:29:23+00:00</Time>
     <Position>
      <LatitudeDegrees>-33.2694600</LatitudeDegrees>
      <LongitudeDegrees>-71.2209500</LongitudeDegrees>
     </Position>
     <AltitudeMeters>671.5300000000001</AltitudeMeters>
     <DistanceMeters>21409.52764706786</DistanceMeters>
    </Trackpoint>
    <Trackpoint>
     <Time>2026-07-19T01:29:30+00:00</Time>
     <Position>
      <LatitudeDegrees>-33.2695000</LatitudeDegrees>
      <LongitudeDegrees>-71.2211700</LongitudeDegrees>
     </Position>
     <AltitudeMeters>672.09</AltitudeMeters>
     <DistanceMeters>21430.47804537085</DistanceMeters>
    </Trackpoint>
    <Trackpoint>
     <Time>2026-07-19T01:29:37+00:00</Time>
     <Position>
      <LatitudeDegrees>-33.2695200</LatitudeDegrees>
      <LongitudeDegrees>-71.2214300</LongitudeDegrees>
     </Position>
     <AltitudeMeters>673.21</AltitudeMeters>
     <DistanceMeters>21454.77432958469</DistanceMeters>
    </Trackpoint>
    <Trackpoint>
     <Time>2026-07-19T01:29:44+00:00</Time>
     <Position>
      <LatitudeDegrees>-33.2694800</LatitudeDegrees>
      <LongitudeDegrees>-71.2221000</LongitudeDegrees>
     </Position>
     <AltitudeMeters>675.2800000000001</AltitudeMeters>
     <DistanceMeters>21517.27942397584</DistanceMeters>
    </Trackpoint>
    <Trackpoint>
     <Time>2026-07-19T01:29:51+00:00</Time>
     <Position>
      <LatitudeDegrees>-33.2695000</LatitudeDegrees>
      <LongitudeDegrees>-71.2222900</LongitudeDegrees>
     </Position>
     <AltitudeMeters>676.13</AltitudeMeters>
     <DistanceMeters>21535.09930381898</DistanceMeters>
    </Trackpoint>
    <Trackpoint>
     <Time>2026-07-19T01:29:58+00:00</Time>
     <Position>
      <LatitudeDegrees>-33.2695700</LatitudeDegrees>
      <LongitudeDegrees>-71.2224200</LongitudeDegrees>
     </Position>
     <AltitudeMeters>677.76</AltitudeMeters>
     <DistanceMeters>21549.487964927823</DistanceMeters>
    </Trackpoint>
    <Trackpoint>
     <Time>2026-07-19T01:30:05+00:00</Time>
     <Position>
      <LatitudeDegrees>-33.2698400</LatitudeDegrees>
      <LongitudeDegrees>-71.2228600</LongitudeDegrees>
     </Position>
     <AltitudeMeters>681.7700000000001</AltitudeMeters>
     <DistanceMeters>21600.275616449268</DistanceMeters>
    </Trackpoint>
    <Trackpoint>
     <Time>2026-07-19T01:30:12+00:00</Time>
     <Position>
      <LatitudeDegrees>-33.2699000</LatitudeDegrees>
      <LongitudeDegrees>-71.2230000</LongitudeDegrees>
     </Position>
     <AltitudeMeters>682.7700000000001</AltitudeMeters>
     <DistanceMeters>21614.91491490331</DistanceMeters>
    </Trackpoint>
    <Trackpoint>
     <Time>2026-07-19T01:30:19+00:00</Time>
     <Position>
      <LatitudeDegrees>-33.2700400</LatitudeDegrees>
      <LongitudeDegrees>-71.2237700</LongitudeDegrees>
     </Position>
     <AltitudeMeters>680.42</AltitudeMeters>
     <DistanceMeters>21688.240916093546</DistanceMeters>
    </Trackpoint>
    <Trackpoint>
     <Time>2026-07-19T01:30:26+00:00</Time>
     <Position>
      <LatitudeDegrees>-33.2702600</LatitudeDegrees>
      <LongitudeDegrees>-71.2242500</LongitudeDegrees>
     </Position>
     <AltitudeMeters>674.97</AltitudeMeters>
     <DistanceMeters>21739.177527701977</DistanceMeters>
    </Trackpoint>
    <Trackpoint>
     <Time>2026-07-19T01:30:33+00:00</Time>
     <Position>
      <LatitudeDegrees>-33.2704800</LatitudeDegrees>
      <LongitudeDegrees>-71.2247300</LongitudeDegrees>
     </Position>
     <AltitudeMeters>670.52</AltitudeMeters>
     <DistanceMeters>21790.114142621696</DistanceMeters>
    </Trackpoint>
    <Trackpoint>
     <Time>2026-07-19T01:30:40+00:00</Time>
     <Position>
      <LatitudeDegrees>-33.2707300</LatitudeDegrees>
      <LongitudeDegrees>-71.2252400</LongitudeDegrees>
     </Position>
     <AltitudeMeters>664.75</AltitudeMeters>
     <DistanceMeters>21845.12636225418</DistanceMeters>
    </Trackpoint>
    <Trackpoint>
     <Time>2026-07-19T01:30:48+00:00</Time>
     <Position>
      <LatitudeDegrees>-33.2710200</LatitudeDegrees>
      <LongitudeDegrees>-71.2256000</LongitudeDegrees>
     </Position>
     <AltitudeMeters>661.82</AltitudeMeters>
     <DistanceMeters>21891.64417936835</DistanceMeters>
    </Trackpoint>
    <Trackpoint>
     <Time>2026-07-19T01:30:55+00:00</Time>
     <Position>
      <LatitudeDegrees>-33.2712500</LatitudeDegrees>
      <LongitudeDegrees>-71.2260400</LongitudeDegrees>
     </Position>
     <AltitudeMeters>656.51</AltitudeMeters>
     <DistanceMeters>21939.9307828663</DistanceMeters>
    </Trackpoint>
    <Trackpoint>
     <Time>2026-07-19T01:31:02+00:00</Time>
     <Position>
      <LatitudeDegrees>-33.2712900</LatitudeDegrees>
      <LongitudeDegrees>-71.2261400</LongitudeDegrees>
     </Position>
     <AltitudeMeters>655.5600000000001</AltitudeMeters>
     <DistanceMeters>21950.246121539225</DistanceMeters>
    </Trackpoint>
    <Trackpoint>
     <Time>2026-07-19T01:31:09+00:00</Time>
     <Position>
      <LatitudeDegrees>-33.2712500</LatitudeDegrees>
      <LongitudeDegrees>-71.2267300</LongitudeDegrees>
     </Position>
     <AltitudeMeters>650.72</AltitudeMeters>
     <DistanceMeters>22005.32722343628</DistanceMeters>
    </Trackpoint>
    <Trackpoint>
     <Time>2026-07-19T01:31:16+00:00</Time>
     <Position>
      <LatitudeDegrees>-33.2712700</LatitudeDegrees>
      <LongitudeDegrees>-71.2269000</LongitudeDegrees>
     </Position>
     <AltitudeMeters>648.78</AltitudeMeters>
     <DistanceMeters>22021.301968181782</DistanceMeters>
    </Trackpoint>
    <Trackpoint>
     <Time>2026-07-19T01:31:23+00:00</Time>
     <Position>
      <LatitudeDegrees>-33.2713400</LatitudeDegrees>
      <LongitudeDegrees>-71.2270700</LongitudeDegrees>
     </Position>
     <AltitudeMeters>645.6700000000001</AltitudeMeters>
     <DistanceMeters>22038.93524606734</DistanceMeters>
    </Trackpoint>
    <Trackpoint>
     <Time>2026-07-19T01:31:30+00:00</Time>
     <Position>
      <LatitudeDegrees>-33.2714300</LatitudeDegrees>
      <LongitudeDegrees>-71.2271700</LongitudeDegrees>
     </Position>
     <AltitudeMeters>642.27</AltitudeMeters>
     <DistanceMeters>22052.607104667117</DistanceMeters>
    </Trackpoint>
    <Trackpoint>
     <Time>2026-07-19T01:31:37+00:00</Time>
     <Position>
      <LatitudeDegrees>-33.2717400</LatitudeDegrees>
      <LongitudeDegrees>-71.2274400</LongitudeDegrees>
     </Position>
     <AltitudeMeters>637.83</AltitudeMeters>
     <DistanceMeters>22095.28710605562</DistanceMeters>
    </Trackpoint>
    <Trackpoint>
     <Time>2026-07-19T01:31:44+00:00</Time>
     <Position>
      <LatitudeDegrees>-33.2720700</LatitudeDegrees>
      <LongitudeDegrees>-71.2280200</LongitudeDegrees>
     </Position>
     <AltitudeMeters>624.63</AltitudeMeters>
     <DistanceMeters>22160.56860459347</DistanceMeters>
    </Trackpoint>
    <Trackpoint>
     <Time>2026-07-19T01:31:51+00:00</Time>
     <Position>
      <LatitudeDegrees>-33.2721600</LatitudeDegrees>
      <LongitudeDegrees>-71.2281000</LongitudeDegrees>
     </Position>
     <AltitudeMeters>621.2800000000001</AltitudeMeters>
     <DistanceMeters>22173.048484092782</DistanceMeters>
    </Trackpoint>
    <Trackpoint>
     <Time>2026-07-19T01:31:58+00:00</Time>
     <Position>
      <LatitudeDegrees>-33.2722500</LatitudeDegrees>
      <LongitudeDegrees>-71.2281100</LongitudeDegrees>
     </Position>
     <AltitudeMeters>619.1800000000001</AltitudeMeters>
     <DistanceMeters>22183.10822339588</DistanceMeters>
    </Trackpoint>
    <Trackpoint>
     <Time>2026-07-19T01:32:05+00:00</Time>
     <Position>
      <LatitudeDegrees>-33.2723700</LatitudeDegrees>
      <LongitudeDegrees>-71.2281100</LongitudeDegrees>
     </Position>
     <AltitudeMeters>616.38</AltitudeMeters>
     <DistanceMeters>22196.46370492907</DistanceMeters>
    </Trackpoint>
    <Trackpoint>
     <Time>2026-07-19T01:32:12+00:00</Time>
     <Position>
      <LatitudeDegrees>-33.2727200</LatitudeDegrees>
      <LongitudeDegrees>-71.2280200</LongitudeDegrees>
     </Position>
     <AltitudeMeters>607.51</AltitudeMeters>
     <DistanceMeters>22236.30724889493</DistanceMeters>
    </Trackpoint>
    <Trackpoint>
     <Time>2026-07-19T01:32:20+00:00</Time>
     <Position>
      <LatitudeDegrees>-33.2728100</LatitudeDegrees>
      <LongitudeDegrees>-71.2280200</LongitudeDegrees>
     </Position>
     <AltitudeMeters>607.51</AltitudeMeters>
     <DistanceMeters>22246.32386004462</DistanceMeters>
    </Trackpoint>
    <Trackpoint>
     <Time>2026-07-19T01:32:27+00:00</Time>
     <Position>
      <LatitudeDegrees>-33.2729000</LatitudeDegrees>
      <LongitudeDegrees>-71.2280700</LongitudeDegrees>
     </Position>
     <AltitudeMeters>607.51</AltitudeMeters>
     <DistanceMeters>22257.368251143635</DistanceMeters>
    </Trackpoint>
    <Trackpoint>
     <Time>2026-07-19T01:32:34+00:00</Time>
     <Position>
      <LatitudeDegrees>-33.2730800</LatitudeDegrees>
      <LongitudeDegrees>-71.2283300</LongitudeDegrees>
     </Position>
     <AltitudeMeters>599.09</AltitudeMeters>
     <DistanceMeters>22288.77904667618</DistanceMeters>
    </Trackpoint>
    <Trackpoint>
     <Time>2026-07-19T01:32:41+00:00</Time>
     <Position>
      <LatitudeDegrees>-33.2731300</LatitudeDegrees>
      <LongitudeDegrees>-71.2284700</LongitudeDegrees>
     </Position>
     <AltitudeMeters>595.87</AltitudeMeters>
     <DistanceMeters>22302.944888808044</DistanceMeters>
    </Trackpoint>
    <Trackpoint>
     <Time>2026-07-19T01:32:48+00:00</Time>
     <Position>
      <LatitudeDegrees>-33.2731500</LatitudeDegrees>
      <LongitudeDegrees>-71.2286000</LongitudeDegrees>
     </Position>
     <AltitudeMeters>593.87</AltitudeMeters>
     <DistanceMeters>22315.244531429533</DistanceMeters>
    </Trackpoint>
    <Trackpoint>
     <Time>2026-07-19T01:32:55+00:00</Time>
     <Position>
      <LatitudeDegrees>-33.2730600</LatitudeDegrees>
      <LongitudeDegrees>-71.2288200</LongitudeDegrees>
     </Position>
     <AltitudeMeters>590.49</AltitudeMeters>
     <DistanceMeters>22338.034839173804</DistanceMeters>
    </Trackpoint>
    <Trackpoint>
     <Time>2026-07-19T01:33:02+00:00</Time>
     <Position>
      <LatitudeDegrees>-33.2728100</LatitudeDegrees>
      <LongitudeDegrees>-71.2291800</LongitudeDegrees>
     </Position>
     <AltitudeMeters>582.3900000000001</AltitudeMeters>
     <DistanceMeters>22381.58137785114</DistanceMeters>
    </Trackpoint>
    <Trackpoint>
     <Time>2026-07-19T01:33:09+00:00</Time>
     <Position>
      <LatitudeDegrees>-33.2727500</LatitudeDegrees>
      <LongitudeDegrees>-71.2293200</LongitudeDegrees>
     </Position>
     <AltitudeMeters>579.37</AltitudeMeters>
     <DistanceMeters>22396.220289960096</DistanceMeters>
    </Trackpoint>
    <Trackpoint>
     <Time>2026-07-19T01:33:16+00:00</Time>
     <Position>
      <LatitudeDegrees>-33.2727500</LatitudeDegrees>
      <LongitudeDegrees>-71.2295400</LongitudeDegrees>
     </Position>
     <AltitudeMeters>573.84</AltitudeMeters>
     <DistanceMeters>22416.691465691256</DistanceMeters>
    </Trackpoint>
    <Trackpoint>
     <Time>2026-07-19T01:33:23+00:00</Time>
     <Position>
      <LatitudeDegrees>-33.2727900</LatitudeDegrees>
      <LongitudeDegrees>-71.2296300</LongitudeDegrees>
     </Position>
     <AltitudeMeters>573.84</AltitudeMeters>
     <DistanceMeters>22426.175778393354</DistanceMeters>
    </Trackpoint>
    <Trackpoint>
     <Time>2026-07-19T01:33:30+00:00</Time>
     <Position>
      <LatitudeDegrees>-33.2728600</LatitudeDegrees>
      <LongitudeDegrees>-71.2296800</LongitudeDegrees>
     </Position>
     <AltitudeMeters>571.69</AltitudeMeters>
     <DistanceMeters>22435.24997583361</DistanceMeters>
    </Trackpoint>
    <Trackpoint>
     <Time>2026-07-19T01:33:37+00:00</Time>
     <Position>
      <LatitudeDegrees>-33.2731500</LatitudeDegrees>
      <LongitudeDegrees>-71.2297200</LongitudeDegrees>
     </Position>
     <AltitudeMeters>565.64</AltitudeMeters>
     <DistanceMeters>22467.739624766386</DistanceMeters>
    </Trackpoint>
    <Trackpoint>
     <Time>2026-07-19T01:33:44+00:00</Time>
     <Position>
      <LatitudeDegrees>-33.2732200</LatitudeDegrees>
      <LongitudeDegrees>-71.2297600</LongitudeDegrees>
     </Position>
     <AltitudeMeters>563.83</AltitudeMeters>
     <DistanceMeters>22476.373763536096</DistanceMeters>
    </Trackpoint>
    <Trackpoint>
     <Time>2026-07-19T01:33:52+00:00</Time>
     <Position>
      <LatitudeDegrees>-33.2733500</LatitudeDegrees>
      <LongitudeDegrees>-71.2301700</LongitudeDegrees>
     </Position>
     <AltitudeMeters>558.5100000000001</AltitudeMeters>
     <DistanceMeters>22517.17576728853</DistanceMeters>
    </Trackpoint>
    <Trackpoint>
     <Time>2026-07-19T01:33:59+00:00</Time>
     <Position>
      <LatitudeDegrees>-33.2733700</LatitudeDegrees>
      <LongitudeDegrees>-71.2303500</LongitudeDegrees>
     </Position>
     <AltitudeMeters>557.25</AltitudeMeters>
     <DistanceMeters>22534.072056494228</DistanceMeters>
    </Trackpoint>
    <Trackpoint>
     <Time>2026-07-19T01:34:06+00:00</Time>
     <Position>
      <LatitudeDegrees>-33.2733500</LatitudeDegrees>
      <LongitudeDegrees>-71.2307000</LongitudeDegrees>
     </Position>
     <AltitudeMeters>554.3100000000001</AltitudeMeters>
     <DistanceMeters>22566.715587821684</DistanceMeters>
    </Trackpoint>
    <Trackpoint>
     <Time>2026-07-19T01:34:13+00:00</Time>
     <Position>
      <LatitudeDegrees>-33.2733700</LatitudeDegrees>
      <LongitudeDegrees>-71.2308400</LongitudeDegrees>
     </Position>
     <AltitudeMeters>553.46</AltitudeMeters>
     <DistanceMeters>22579.931410259465</DistanceMeters>
    </Trackpoint>
    <Trackpoint>
     <Time>2026-07-19T01:34:20+00:00</Time>
     <Position>
      <LatitudeDegrees>-33.2734200</LatitudeDegrees>
      <LongitudeDegrees>-71.2310100</LongitudeDegrees>
     </Position>
     <AltitudeMeters>551.5600000000001</AltitudeMeters>
     <DistanceMeters>22596.700201572246</DistanceMeters>
    </Trackpoint>
    <Trackpoint>
     <Time>2026-07-19T01:34:27+00:00</Time>
     <Position>
      <LatitudeDegrees>-33.2734800</LatitudeDegrees>
      <LongitudeDegrees>-71.2311100</LongitudeDegrees>
     </Position>
     <AltitudeMeters>550.5000000000001</AltitudeMeters>
     <DistanceMeters>22608.153382133096</DistanceMeters>
    </Trackpoint>
    <Trackpoint>
     <Time>2026-07-19T01:34:34+00:00</Time>
     <Position>
      <LatitudeDegrees>-33.2736200</LatitudeDegrees>
      <LongitudeDegrees>-71.2312400</LongitudeDegrees>
     </Position>
     <AltitudeMeters>548.1700000000001</AltitudeMeters>
     <DistanceMeters>22627.879127164342</DistanceMeters>
    </Trackpoint>
    <Trackpoint>
     <Time>2026-07-19T01:34:41+00:00</Time>
     <Position>
      <LatitudeDegrees>-33.2738200</LatitudeDegrees>
      <LongitudeDegrees>-71.2313900</LongitudeDegrees>
     </Position>
     <AltitudeMeters>545.7700000000001</AltitudeMeters>
     <DistanceMeters>22654.152306510063</DistanceMeters>
    </Trackpoint>
    <Trackpoint>
     <Time>2026-07-19T01:34:48+00:00</Time>
     <Position>
      <LatitudeDegrees>-33.2741300</LatitudeDegrees>
      <LongitudeDegrees>-71.2316000</LongitudeDegrees>
     </Position>
     <AltitudeMeters>539.58</AltitudeMeters>
     <DistanceMeters>22693.803177466718</DistanceMeters>
    </Trackpoint>
    <Trackpoint>
     <Time>2026-07-19T01:34:55+00:00</Time>
     <Position>
      <LatitudeDegrees>-33.2742900</LatitudeDegrees>
      <LongitudeDegrees>-71.2317400</LongitudeDegrees>
     </Position>
     <AltitudeMeters>534.74</AltitudeMeters>
     <DistanceMeters>22715.86672683533</DistanceMeters>
    </Trackpoint>
    <Trackpoint>
     <Time>2026-07-19T01:35:02+00:00</Time>
     <Position>
      <LatitudeDegrees>-33.2742900</LatitudeDegrees>
      <LongitudeDegrees>-71.2318700</LongitudeDegrees>
     </Position>
     <AltitudeMeters>532.86</AltitudeMeters>
     <DistanceMeters>22727.96311732062</DistanceMeters>
    </Trackpoint>
    <Trackpoint>
     <Time>2026-07-19T01:35:09+00:00</Time>
     <Position>
      <LatitudeDegrees>-33.2742700</LatitudeDegrees>
      <LongitudeDegrees>-71.2319600</LongitudeDegrees>
     </Position>
     <AltitudeMeters>532.0100000000001</AltitudeMeters>
     <DistanceMeters>22736.62831713097</DistanceMeters>
    </Trackpoint>
    <Trackpoint>
     <Time>2026-07-19T01:35:16+00:00</Time>
     <Position>
      <LatitudeDegrees>-33.2739000</LatitudeDegrees>
      <LongitudeDegrees>-71.2321800</LongitudeDegrees>
     </Position>
     <AltitudeMeters>525.3</AltitudeMeters>
     <DistanceMeters>22782.615264410146</DistanceMeters>
    </Trackpoint>
    <Trackpoint>
     <Time>2026-07-19T01:35:23+00:00</Time>
     <Position>
      <LatitudeDegrees>-33.2737300</LatitudeDegrees>
      <LongitudeDegrees>-71.2323300</LongitudeDegrees>
     </Position>
     <AltitudeMeters>522.58</AltitudeMeters>
     <DistanceMeters>22806.126683876268</DistanceMeters>
    </Trackpoint>
    <Trackpoint>
     <Time>2026-07-19T01:35:31+00:00</Time>
     <Position>
      <LatitudeDegrees>-33.2735300</LatitudeDegrees>
      <LongitudeDegrees>-71.2326700</LongitudeDegrees>
     </Position>
     <AltitudeMeters>517.09</AltitudeMeters>
     <DistanceMeters>22844.809572964918</DistanceMeters>
    </Trackpoint>
    <Trackpoint>
     <Time>2026-07-19T01:35:38+00:00</Time>
     <Position>
      <LatitudeDegrees>-33.2733700</LatitudeDegrees>
      <LongitudeDegrees>-71.2336600</LongitudeDegrees>
     </Position>
     <AltitudeMeters>502.92</AltitudeMeters>
     <DistanceMeters>22938.634474521354</DistanceMeters>
    </Trackpoint>
    <Trackpoint>
     <Time>2026-07-19T01:35:45+00:00</Time>
     <Position>
      <LatitudeDegrees>-33.2734000</LatitudeDegrees>
      <LongitudeDegrees>-71.2339300</LongitudeDegrees>
     </Position>
     <AltitudeMeters>498.6</AltitudeMeters>
     <DistanceMeters>22963.978901199112</DistanceMeters>
    </Trackpoint>
    <Trackpoint>
     <Time>2026-07-19T01:35:52+00:00</Time>
     <Position>
      <LatitudeDegrees>-33.2734600</LatitudeDegrees>
      <LongitudeDegrees>-71.2341200</LongitudeDegrees>
     </Position>
     <AltitudeMeters>495.42</AltitudeMeters>
     <DistanceMeters>22982.87751066737</DistanceMeters>
    </Trackpoint>
    <Trackpoint>
     <Time>2026-07-19T01:35:59+00:00</Time>
     <Position>
      <LatitudeDegrees>-33.2736400</LatitudeDegrees>
      <LongitudeDegrees>-71.2345100</LongitudeDegrees>
     </Position>
     <AltitudeMeters>491.96000000000004</AltitudeMeters>
     <DistanceMeters>23024.329365674457</DistanceMeters>
    </Trackpoint>
    <Trackpoint>
     <Time>2026-07-19T01:36:06+00:00</Time>
     <Position>
      <LatitudeDegrees>-33.2737100</LatitudeDegrees>
      <LongitudeDegrees>-71.2345600</LongitudeDegrees>
     </Position>
     <AltitudeMeters>487.59000000000003</AltitudeMeters>
     <DistanceMeters>23033.403539892366</DistanceMeters>
    </Trackpoint>
    <Trackpoint>
     <Time>2026-07-19T01:36:13+00:00</Time>
     <Position>
      <LatitudeDegrees>-33.2743400</LatitudeDegrees>
      <LongitudeDegrees>-71.2348700</LongitudeDegrees>
     </Position>
     <AltitudeMeters>476.40000000000003</AltitudeMeters>
     <DistanceMeters>23109.221382794807</DistanceMeters>
    </Trackpoint>
    <Trackpoint>
     <Time>2026-07-19T01:36:20+00:00</Time>
     <Position>
      <LatitudeDegrees>-33.2746000</LatitudeDegrees>
      <LongitudeDegrees>-71.2351800</LongitudeDegrees>
     </Position>
     <AltitudeMeters>468.69000000000005</AltitudeMeters>
     <DistanceMeters>23150.07951789741</DistanceMeters>
    </Trackpoint>
    <Trackpoint>
     <Time>2026-07-19T01:36:27+00:00</Time>
     <Position>
      <LatitudeDegrees>-33.2746900</LatitudeDegrees>
      <LongitudeDegrees>-71.2352300</LongitudeDegrees>
     </Position>
     <AltitudeMeters>466.75000000000006</AltitudeMeters>
     <DistanceMeters>23161.1238688164</DistanceMeters>
    </Trackpoint>
    <Trackpoint>
     <Time>2026-07-19T01:36:34+00:00</Time>
     <Position>
      <LatitudeDegrees>-33.2748500</LatitudeDegrees>
      <LongitudeDegrees>-71.2351800</LongitudeDegrees>
     </Position>
     <AltitudeMeters>464.27</AltitudeMeters>
     <DistanceMeters>23179.528905350868</DistanceMeters>
    </Trackpoint>
    <Trackpoint>
     <Time>2026-07-19T01:36:41+00:00</Time>
     <Position>
      <LatitudeDegrees>-33.2750100</LatitudeDegrees>
      <LongitudeDegrees>-71.2350900</LongitudeDegrees>
     </Position>
     <AltitudeMeters>461.84000000000003</AltitudeMeters>
     <DistanceMeters>23199.207070807657</DistanceMeters>
    </Trackpoint>
    <Trackpoint>
     <Time>2026-07-19T01:36:48+00:00</Time>
     <Position>
      <LatitudeDegrees>-33.2751600</LatitudeDegrees>
      <LongitudeDegrees>-71.2349500</LongitudeDegrees>
     </Position>
     <AltitudeMeters>459.87000000000006</AltitudeMeters>
     <DistanceMeters>23220.382479934244</DistanceMeters>
    </Trackpoint>
    <Trackpoint>
     <Time>2026-07-19T01:36:55+00:00</Time>
     <Position>
      <LatitudeDegrees>-33.2752800</LatitudeDegrees>
      <LongitudeDegrees>-71.2348700</LongitudeDegrees>
     </Position>
     <AltitudeMeters>458.61</AltitudeMeters>
     <DistanceMeters>23235.672340599733</DistanceMeters>
    </Trackpoint>
    <Trackpoint>
     <Time>2026-07-19T01:37:03+00:00</Time>
     <Position>
      <LatitudeDegrees>-33.2753400</LatitudeDegrees>
      <LongitudeDegrees>-71.2348600</LongitudeDegrees>
     </Position>
     <AltitudeMeters>456.49000000000007</AltitudeMeters>
     <DistanceMeters>23242.41459660802</DistanceMeters>
    </Trackpoint>
    <Trackpoint>
     <Time>2026-07-19T01:37:10+00:00</Time>
     <Position>
      <LatitudeDegrees>-33.2754100</LatitudeDegrees>
      <LongitudeDegrees>-71.2348700</LongitudeDegrees>
     </Position>
     <AltitudeMeters>455.81000000000006</AltitudeMeters>
     <DistanceMeters>23250.260663236462</DistanceMeters>
    </Trackpoint>
    <Trackpoint>
     <Time>2026-07-19T01:37:17+00:00</Time>
     <Position>
      <LatitudeDegrees>-33.2754300</LatitudeDegrees>
      <LongitudeDegrees>-71.2349100</LongitudeDegrees>
     </Position>
     <AltitudeMeters>455.17</AltitudeMeters>
     <DistanceMeters>23254.597409237696</DistanceMeters>
    </Trackpoint>
    <Trackpoint>
     <Time>2026-07-19T01:37:24+00:00</Time>
     <Position>
      <LatitudeDegrees>-33.2754300</LatitudeDegrees>
      <LongitudeDegrees>-71.2350000</LongitudeDegrees>
     </Position>
     <AltitudeMeters>453.97</AltitudeMeters>
     <DistanceMeters>23262.97172407385</DistanceMeters>
    </Trackpoint>
    <Trackpoint>
     <Time>2026-07-19T01:37:31+00:00</Time>
     <Position>
      <LatitudeDegrees>-33.2753200</LatitudeDegrees>
      <LongitudeDegrees>-71.2353100</LongitudeDegrees>
     </Position>
     <AltitudeMeters>449.38000000000005</AltitudeMeters>
     <DistanceMeters>23294.307111999464</DistanceMeters>
    </Trackpoint>
    <Trackpoint>
     <Time>2026-07-19T01:37:38+00:00</Time>
     <Position>
      <LatitudeDegrees>-33.2753200</LatitudeDegrees>
      <LongitudeDegrees>-71.2354400</LongitudeDegrees>
     </Position>
     <AltitudeMeters>449.38000000000005</AltitudeMeters>
     <DistanceMeters>23306.403359780878</DistanceMeters>
    </Trackpoint>
    <Trackpoint>
     <Time>2026-07-19T01:37:45+00:00</Time>
     <Position>
      <LatitudeDegrees>-33.2753900</LatitudeDegrees>
      <LongitudeDegrees>-71.2358000</LongitudeDegrees>
     </Position>
     <AltitudeMeters>446.01</AltitudeMeters>
     <DistanceMeters>23340.79468542996</DistanceMeters>
    </Trackpoint>
    <Trackpoint>
     <Time>2026-07-19T01:37:52+00:00</Time>
     <Position>
      <LatitudeDegrees>-33.2755700</LatitudeDegrees>
      <LongitudeDegrees>-71.2360900</LongitudeDegrees>
     </Position>
     <AltitudeMeters>443.52000000000004</AltitudeMeters>
     <DistanceMeters>23374.402128091526</DistanceMeters>
    </Trackpoint>
    <Trackpoint>
     <Time>2026-07-19T01:37:59+00:00</Time>
     <Position>
      <LatitudeDegrees>-33.2756600</LatitudeDegrees>
      <LongitudeDegrees>-71.2362100</LongitudeDegrees>
     </Position>
     <AltitudeMeters>442.56</AltitudeMeters>
     <DistanceMeters>23389.40232852924</DistanceMeters>
    </Trackpoint>
    <Trackpoint>
     <Time>2026-07-19T01:38:06+00:00</Time>
     <Position>
      <LatitudeDegrees>-33.2758800</LatitudeDegrees>
      <LongitudeDegrees>-71.2366100</LongitudeDegrees>
     </Position>
     <AltitudeMeters>440.08000000000004</AltitudeMeters>
     <DistanceMeters>23433.95313097625</DistanceMeters>
    </Trackpoint>
    <Trackpoint>
     <Time>2026-07-19T01:38:13+00:00</Time>
     <Position>
      <LatitudeDegrees>-33.2759500</LatitudeDegrees>
      <LongitudeDegrees>-71.2368800</LongitudeDegrees>
     </Position>
     <AltitudeMeters>439.28000000000003</AltitudeMeters>
     <DistanceMeters>23460.256178267526</DistanceMeters>
    </Trackpoint>
    <Trackpoint>
     <Time>2026-07-19T01:38:20+00:00</Time>
     <Position>
      <LatitudeDegrees>-33.2759500</LatitudeDegrees>
      <LongitudeDegrees>-71.2370300</LongitudeDegrees>
     </Position>
     <AltitudeMeters>436.71000000000004</AltitudeMeters>
     <DistanceMeters>23474.21328653113</DistanceMeters>
    </Trackpoint>
    <Trackpoint>
     <Time>2026-07-19T01:38:27+00:00</Time>
     <Position>
      <LatitudeDegrees>-33.2759000</LatitudeDegrees>
      <LongitudeDegrees>-71.2372000</LongitudeDegrees>
     </Position>
     <AltitudeMeters>435.49</AltitudeMeters>
     <DistanceMeters>23490.98164544202</DistanceMeters>
    </Trackpoint>
    <Trackpoint>
     <Time>2026-07-19T01:38:35+00:00</Time>
     <Position>
      <LatitudeDegrees>-33.2759000</LatitudeDegrees>
      <LongitudeDegrees>-71.2373400</LongitudeDegrees>
     </Position>
     <AltitudeMeters>434.39000000000004</AltitudeMeters>
     <DistanceMeters>23504.00828728159</DistanceMeters>
    </Trackpoint>
    <Trackpoint>
     <Time>2026-07-19T01:38:42+00:00</Time>
     <Position>
      <LatitudeDegrees>-33.2760100</LatitudeDegrees>
      <LongitudeDegrees>-71.2377800</LongitudeDegrees>
     </Position>
     <AltitudeMeters>431.53000000000003</AltitudeMeters>
     <DistanceMeters>23546.74038871371</DistanceMeters>
    </Trackpoint>
    <Trackpoint>
     <Time>2026-07-19T01:38:49+00:00</Time>
     <Position>
      <LatitudeDegrees>-33.2760800</LatitudeDegrees>
      <LongitudeDegrees>-71.2381500</LongitudeDegrees>
     </Position>
     <AltitudeMeters>428.47</AltitudeMeters>
     <DistanceMeters>23582.03836977201</DistanceMeters>
    </Trackpoint>
    <Trackpoint>
     <Time>2026-07-19T01:38:56+00:00</Time>
     <Position>
      <LatitudeDegrees>-33.2760800</LatitudeDegrees>
      <LongitudeDegrees>-71.2382700</LongitudeDegrees>
     </Position>
     <AltitudeMeters>426.65000000000003</AltitudeMeters>
     <DistanceMeters>23593.204039755867</DistanceMeters>
    </Trackpoint>
    <Trackpoint>
     <Time>2026-07-19T01:39:03+00:00</Time>
     <Position>
      <LatitudeDegrees>-33.2759500</LatitudeDegrees>
      <LongitudeDegrees>-71.2386700</LongitudeDegrees>
     </Position>
     <AltitudeMeters>423.82</AltitudeMeters>
     <DistanceMeters>23633.13628591899</DistanceMeters>
    </Trackpoint>
    <Trackpoint>
     <Time>2026-07-19T01:39:10+00:00</Time>
     <Position>
      <LatitudeDegrees>-33.2759500</LatitudeDegrees>
      <LongitudeDegrees>-71.2388000</LongitudeDegrees>
     </Position>
     <AltitudeMeters>423.18000000000006</AltitudeMeters>
     <DistanceMeters>23645.232446414906</DistanceMeters>
    </Trackpoint>
    <Trackpoint>
     <Time>2026-07-19T01:39:17+00:00</Time>
     <Position>
      <LatitudeDegrees>-33.2760600</LatitudeDegrees>
      <LongitudeDegrees>-71.2392600</LongitudeDegrees>
     </Position>
     <AltitudeMeters>421.24000000000007</AltitudeMeters>
     <DistanceMeters>23689.75065699603</DistanceMeters>
    </Trackpoint>
    <Trackpoint>
     <Time>2026-07-19T01:39:24+00:00</Time>
     <Position>
      <LatitudeDegrees>-33.2760400</LatitudeDegrees>
      <LongitudeDegrees>-71.2399700</LongitudeDegrees>
     </Position>
     <AltitudeMeters>417.31</AltitudeMeters>
     <DistanceMeters>23755.85171588864</DistanceMeters>
    </Trackpoint>
    <Trackpoint>
     <Time>2026-07-19T01:39:31+00:00</Time>
     <Position>
      <LatitudeDegrees>-33.2760600</LatitudeDegrees>
      <LongitudeDegrees>-71.2401300</LongitudeDegrees>
     </Position>
     <AltitudeMeters>415.72</AltitudeMeters>
     <DistanceMeters>23770.904764941217</DistanceMeters>
    </Trackpoint>
    <Trackpoint>
     <Time>2026-07-19T01:39:38+00:00</Time>
     <Position>
      <LatitudeDegrees>-33.2763300</LatitudeDegrees>
      <LongitudeDegrees>-71.2410500</LongitudeDegrees>
     </Position>
     <AltitudeMeters>409.03000000000003</AltitudeMeters>
     <DistanceMeters>23861.629222725704</DistanceMeters>
    </Trackpoint>
    <Trackpoint>
     <Time>2026-07-19T01:39:45+00:00</Time>
     <Position>
      <LatitudeDegrees>-33.2764200</LatitudeDegrees>
      <LongitudeDegrees>-71.2416250</LongitudeDegrees>
     </Position>
     <AltitudeMeters>404.24</AltitudeMeters>
     <DistanceMeters>23916.060764657166</DistanceMeters>
    </Trackpoint>
    <Trackpoint>
     <Time>2026-07-19T01:39:52+00:00</Time>
     <Position>
      <LatitudeDegrees>-33.2765100</LatitudeDegrees>
      <LongitudeDegrees>-71.2422000</LongitudeDegrees>
     </Position>
     <AltitudeMeters>400.68</AltitudeMeters>
     <DistanceMeters>23970.49229738814</DistanceMeters>
    </Trackpoint>
    <Trackpoint>
     <Time>2026-07-19T01:39:59+00:00</Time>
     <Position>
      <LatitudeDegrees>-33.2766900</LatitudeDegrees>
      <LongitudeDegrees>-71.2427400</LongitudeDegrees>
     </Position>
     <AltitudeMeters>398.24</AltitudeMeters>
     <DistanceMeters>24024.58399445781</DistanceMeters>
    </Trackpoint>
    <Trackpoint>
     <Time>2026-07-19T01:40:06+00:00</Time>
     <Position>
      <LatitudeDegrees>-33.2768200</LatitudeDegrees>
      <LongitudeDegrees>-71.2433700</LongitudeDegrees>
     </Position>
     <AltitudeMeters>396.24</AltitudeMeters>
     <DistanceMeters>24084.96246498626</DistanceMeters>
    </Trackpoint>
    <Trackpoint>
     <Time>2026-07-19T01:40:14+00:00</Time>
     <Position>
      <LatitudeDegrees>-33.2770400</LatitudeDegrees>
      <LongitudeDegrees>-71.2437800</LongitudeDegrees>
     </Position>
     <AltitudeMeters>396.83</AltitudeMeters>
     <DistanceMeters>24130.293071935637</DistanceMeters>
    </Trackpoint>
    <Trackpoint>
     <Time>2026-07-19T01:40:21+00:00</Time>
     <Position>
      <LatitudeDegrees>-33.2772500</LatitudeDegrees>
      <LongitudeDegrees>-71.2439700</LongitudeDegrees>
     </Position>
     <AltitudeMeters>396.93</AltitudeMeters>
     <DistanceMeters>24159.598247852766</DistanceMeters>
    </Trackpoint>
    <Trackpoint>
     <Time>2026-07-19T01:40:28+00:00</Time>
     <Position>
      <LatitudeDegrees>-33.2776300</LatitudeDegrees>
      <LongitudeDegrees>-71.2445900</LongitudeDegrees>
     </Position>
     <AltitudeMeters>397.36</AltitudeMeters>
     <DistanceMeters>24231.128623364515</DistanceMeters>
    </Trackpoint>
    <Trackpoint>
     <Time>2026-07-19T01:40:35+00:00</Time>
     <Position>
      <LatitudeDegrees>-33.2776500</LatitudeDegrees>
      <LongitudeDegrees>-71.2447300</LongitudeDegrees>
     </Position>
     <AltitudeMeters>397.19000000000005</AltitudeMeters>
     <DistanceMeters>24244.343816316927</DistanceMeters>
    </Trackpoint>
    <Trackpoint>
     <Time>2026-07-19T01:40:42+00:00</Time>
     <Position>
      <LatitudeDegrees>-33.2775600</LatitudeDegrees>
      <LongitudeDegrees>-71.2453300</LongitudeDegrees>
     </Position>
     <AltitudeMeters>394.11</AltitudeMeters>
     <DistanceMeters>24301.062708863978</DistanceMeters>
    </Trackpoint>
    <Trackpoint>
     <Time>2026-07-19T01:40:49+00:00</Time>
     <Position>
      <LatitudeDegrees>-33.2774700</LatitudeDegrees>
      <LongitudeDegrees>-71.2459300</LongitudeDegrees>
     </Position>
     <AltitudeMeters>389.85</AltitudeMeters>
     <DistanceMeters>24357.78157861427</DistanceMeters>
    </Trackpoint>
    <Trackpoint>
     <Time>2026-07-19T01:40:56+00:00</Time>
     <Position>
      <LatitudeDegrees>-33.2774200</LatitudeDegrees>
      <LongitudeDegrees>-71.2461400</LongitudeDegrees>
     </Position>
     <AltitudeMeters>389.23</AltitudeMeters>
     <DistanceMeters>24378.098159321056</DistanceMeters>
    </Trackpoint>
    <Trackpoint>
     <Time>2026-07-19T01:41:03+00:00</Time>
     <Position>
      <LatitudeDegrees>-33.2771800</LatitudeDegrees>
      <LongitudeDegrees>-71.2468800</LongitudeDegrees>
     </Position>
     <AltitudeMeters>385.91</AltitudeMeters>
     <DistanceMeters>24451.9517254846</DistanceMeters>
    </Trackpoint>
    <Trackpoint>
     <Time>2026-07-19T01:41:10+00:00</Time>
     <Position>
      <LatitudeDegrees>-33.2772000</LatitudeDegrees>
      <LongitudeDegrees>-71.2472700</LongitudeDegrees>
     </Position>
     <AltitudeMeters>382.03000000000003</AltitudeMeters>
     <DistanceMeters>24488.30789651921</DistanceMeters>
    </Trackpoint>
    <Trackpoint>
     <Time>2026-07-19T01:41:17+00:00</Time>
     <Position>
      <LatitudeDegrees>-33.2771600</LatitudeDegrees>
      <LongitudeDegrees>-71.2474000</LongitudeDegrees>
     </Position>
     <AltitudeMeters>381.08000000000004</AltitudeMeters>
     <DistanceMeters>24501.19710677703</DistanceMeters>
    </Trackpoint>
    <Trackpoint>
     <Time>2026-07-19T01:41:24+00:00</Time>
     <Position>
      <LatitudeDegrees>-33.2769100</LatitudeDegrees>
      <LongitudeDegrees>-71.2478800</LongitudeDegrees>
     </Position>
     <AltitudeMeters>377.83000000000004</AltitudeMeters>
     <DistanceMeters>24553.817272634536</DistanceMeters>
    </Trackpoint>
    <Trackpoint>
     <Time>2026-07-19T01:41:31+00:00</Time>
     <Position>
      <LatitudeDegrees>-33.2768000</LatitudeDegrees>
      <LongitudeDegrees>-71.2481600</LongitudeDegrees>
     </Position>
     <AltitudeMeters>377.41</AltitudeMeters>
     <DistanceMeters>24582.603348304747</DistanceMeters>
    </Trackpoint>
    <Trackpoint>
     <Time>2026-07-19T01:41:38+00:00</Time>
     <Position>
      <LatitudeDegrees>-33.2768000</LatitudeDegrees>
      <LongitudeDegrees>-71.2483100</LongitudeDegrees>
     </Position>
     <AltitudeMeters>376.85</AltitudeMeters>
     <DistanceMeters>24596.560320678273</DistanceMeters>
    </Trackpoint>
    <Trackpoint>
     <Time>2026-07-19T01:41:46+00:00</Time>
     <Position>
      <LatitudeDegrees>-33.2768900</LatitudeDegrees>
      <LongitudeDegrees>-71.2487000</LongitudeDegrees>
     </Position>
     <AltitudeMeters>375.94000000000005</AltitudeMeters>
     <DistanceMeters>24634.205498160834</DistanceMeters>
    </Trackpoint>
    <Trackpoint>
     <Time>2026-07-19T01:41:53+00:00</Time>
     <Position>
      <LatitudeDegrees>-33.2769100</LatitudeDegrees>
      <LongitudeDegrees>-71.2489400</LongitudeDegrees>
     </Position>
     <AltitudeMeters>375.16</AltitudeMeters>
     <DistanceMeters>24656.647291052937</DistanceMeters>
    </Trackpoint>
    <Trackpoint>
     <Time>2026-07-19T01:42:00+00:00</Time>
     <Position>
      <LatitudeDegrees>-33.2766450</LatitudeDegrees>
      <LongitudeDegrees>-71.2498750</LongitudeDegrees>
     </Position>
     <AltitudeMeters>373.02000000000004</AltitudeMeters>
     <DistanceMeters>24748.50922092536</DistanceMeters>
    </Trackpoint>
    <Trackpoint>
     <Time>2026-07-19T01:42:07+00:00</Time>
     <Position>
      <LatitudeDegrees>-33.2763800</LatitudeDegrees>
      <LongitudeDegrees>-71.2508100</LongitudeDegrees>
     </Position>
     <AltitudeMeters>369.42</AltitudeMeters>
     <DistanceMeters>24840.371182884504</DistanceMeters>
    </Trackpoint>
    <Trackpoint>
     <Time>2026-07-19T01:42:14+00:00</Time>
     <Position>
      <LatitudeDegrees>-33.2761600</LatitudeDegrees>
      <LongitudeDegrees>-71.2515400</LongitudeDegrees>
     </Position>
     <AltitudeMeters>366.91</AltitudeMeters>
     <DistanceMeters>24912.574067889913</DistanceMeters>
    </Trackpoint>
    <Trackpoint>
     <Time>2026-07-19T01:42:21+00:00</Time>
     <Position>
      <LatitudeDegrees>-33.2759400</LatitudeDegrees>
      <LongitudeDegrees>-71.2522700</LongitudeDegrees>
     </Position>
     <AltitudeMeters>365.06000000000006</AltitudeMeters>
     <DistanceMeters>24984.776952895125</DistanceMeters>
    </Trackpoint>
    <Trackpoint>
     <Time>2026-07-19T01:42:28+00:00</Time>
     <Position>
      <LatitudeDegrees>-33.2757200</LatitudeDegrees>
      <LongitudeDegrees>-71.2530000</LongitudeDegrees>
     </Position>
     <AltitudeMeters>363.33000000000004</AltitudeMeters>
     <DistanceMeters>25056.979856260165</DistanceMeters>
    </Trackpoint>
    <Trackpoint>
     <Time>2026-07-19T01:42:35+00:00</Time>
     <Position>
      <LatitudeDegrees>-33.2754925</LatitudeDegrees>
      <LongitudeDegrees>-71.2540175</LongitudeDegrees>
     </Position>
     <AltitudeMeters>360.93</AltitudeMeters>
     <DistanceMeters>25154.983541350855</DistanceMeters>
    </Trackpoint>
    <Trackpoint>
     <Time>2026-07-19T01:42:42+00:00</Time>
     <Position>
      <LatitudeDegrees>-33.2752650</LatitudeDegrees>
      <LongitudeDegrees>-71.2550350</LongitudeDegrees>
     </Position>
     <AltitudeMeters>358.69</AltitudeMeters>
     <DistanceMeters>25252.987226440986</DistanceMeters>
    </Trackpoint>
    <Trackpoint>
     <Time>2026-07-19T01:42:49+00:00</Time>
     <Position>
      <LatitudeDegrees>-33.2750375</LatitudeDegrees>
      <LongitudeDegrees>-71.2560525</LongitudeDegrees>
     </Position>
     <AltitudeMeters>356.29</AltitudeMeters>
     <DistanceMeters>25350.990911532</DistanceMeters>
    </Trackpoint>
    <Trackpoint>
     <Time>2026-07-19T01:42:56+00:00</Time>
     <Position>
      <LatitudeDegrees>-33.2748100</LatitudeDegrees>
      <LongitudeDegrees>-71.2570700</LongitudeDegrees>
     </Position>
     <AltitudeMeters>353.12000000000006</AltitudeMeters>
     <DistanceMeters>25448.994606698983</DistanceMeters>
    </Trackpoint>
    <Trackpoint>
     <Time>2026-07-19T01:43:03+00:00</Time>
     <Position>
      <LatitudeDegrees>-33.2747525</LatitudeDegrees>
      <LongitudeDegrees>-71.2579000</LongitudeDegrees>
     </Position>
     <AltitudeMeters>351.52000000000004</AltitudeMeters>
     <DistanceMeters>25526.4897347571</DistanceMeters>
    </Trackpoint>
    <Trackpoint>
     <Time>2026-07-19T01:43:10+00:00</Time>
     <Position>
      <LatitudeDegrees>-33.2746950</LatitudeDegrees>
      <LongitudeDegrees>-71.2587300</LongitudeDegrees>
     </Position>
     <AltitudeMeters>349.36</AltitudeMeters>
     <DistanceMeters>25603.984862814577</DistanceMeters>
    </Trackpoint>
    <Trackpoint>
     <Time>2026-07-19T01:43:18+00:00</Time>
     <Position>
      <LatitudeDegrees>-33.2746375</LatitudeDegrees>
      <LongitudeDegrees>-71.2595600</LongitudeDegrees>
     </Position>
     <AltitudeMeters>348.39000000000004</AltitudeMeters>
     <DistanceMeters>25681.479990872795</DistanceMeters>
    </Trackpoint>
    <Trackpoint>
     <Time>2026-07-19T01:43:25+00:00</Time>
     <Position>
      <LatitudeDegrees>-33.2745800</LatitudeDegrees>
      <LongitudeDegrees>-71.2603900</LongitudeDegrees>
     </Position>
     <AltitudeMeters>346.25</AltitudeMeters>
     <DistanceMeters>25758.975118994535</DistanceMeters>
    </Trackpoint>
    <Trackpoint>
     <Time>2026-07-19T01:43:32+00:00</Time>
     <Position>
      <LatitudeDegrees>-33.2745350</LatitudeDegrees>
      <LongitudeDegrees>-71.2612400</LongitudeDegrees>
     </Position>
     <AltitudeMeters>345.08000000000004</AltitudeMeters>
     <DistanceMeters>25838.225091456028</DistanceMeters>
    </Trackpoint>
    <Trackpoint>
     <Time>2026-07-19T01:43:39+00:00</Time>
     <Position>
      <LatitudeDegrees>-33.2744900</LatitudeDegrees>
      <LongitudeDegrees>-71.2620900</LongitudeDegrees>
     </Position>
     <AltitudeMeters>343.74000000000007</AltitudeMeters>
     <DistanceMeters>25917.47506605711</DistanceMeters>
    </Trackpoint>
    <Trackpoint>
     <Time>2026-07-19T01:43:46+00:00</Time>
     <Position>
      <LatitudeDegrees>-33.2745200</LatitudeDegrees>
      <LongitudeDegrees>-71.2627600</LongitudeDegrees>
     </Position>
     <AltitudeMeters>342.91</AltitudeMeters>
     <DistanceMeters>25979.907193446015</DistanceMeters>
    </Trackpoint>
    <Trackpoint>
     <Time>2026-07-19T01:43:53+00:00</Time>
     <Position>
      <LatitudeDegrees>-33.2745750</LatitudeDegrees>
      <LongitudeDegrees>-71.2635000</LongitudeDegrees>
     </Position>
     <AltitudeMeters>341.23</AltitudeMeters>
     <DistanceMeters>26049.03489211869</DistanceMeters>
    </Trackpoint>
    <Trackpoint>
     <Time>2026-07-19T01:44:00+00:00</Time>
     <Position>
      <LatitudeDegrees>-33.2746300</LatitudeDegrees>
      <LongitudeDegrees>-71.2642400</LongitudeDegrees>
     </Position>
     <AltitudeMeters>340.12</AltitudeMeters>
     <DistanceMeters>26118.162602017677</DistanceMeters>
    </Trackpoint>
    <Trackpoint>
     <Time>2026-07-19T01:44:07+00:00</Time>
     <Position>
      <LatitudeDegrees>-33.2745800</LatitudeDegrees>
      <LongitudeDegrees>-71.2648000</LongitudeDegrees>
     </Position>
     <AltitudeMeters>339.12</AltitudeMeters>
     <DistanceMeters>26170.56624433855</DistanceMeters>
    </Trackpoint>
    <Trackpoint>
     <Time>2026-07-19T01:44:14+00:00</Time>
     <Position>
      <LatitudeDegrees>-33.2746000</LatitudeDegrees>
      <LongitudeDegrees>-71.2653600</LongitudeDegrees>
     </Position>
     <AltitudeMeters>337.82</AltitudeMeters>
     <DistanceMeters>26222.72111498319</DistanceMeters>
    </Trackpoint>
    <Trackpoint>
     <Time>2026-07-19T01:44:21+00:00</Time>
     <Position>
      <LatitudeDegrees>-33.2747400</LatitudeDegrees>
      <LongitudeDegrees>-71.2661700</LongitudeDegrees>
     </Position>
     <AltitudeMeters>336.34000000000003</AltitudeMeters>
     <DistanceMeters>26299.684351903714</DistanceMeters>
    </Trackpoint>
    <Trackpoint>
     <Time>2026-07-19T01:44:28+00:00</Time>
     <Position>
      <LatitudeDegrees>-33.2749334</LatitudeDegrees>
      <LongitudeDegrees>-71.2671317</LongitudeDegrees>
     </Position>
     <AltitudeMeters>335.13000000000005</AltitudeMeters>
     <DistanceMeters>26391.71628522936</DistanceMeters>
    </Trackpoint>
    <Trackpoint>
     <Time>2026-07-19T01:44:35+00:00</Time>
     <Position>
      <LatitudeDegrees>-33.2751267</LatitudeDegrees>
      <LongitudeDegrees>-71.2680933</LongitudeDegrees>
     </Position>
     <AltitudeMeters>334.62</AltitudeMeters>
     <DistanceMeters>26483.748218554276</DistanceMeters>
    </Trackpoint>
    <Trackpoint>
     <Time>2026-07-19T01:44:42+00:00</Time>
     <Position>
      <LatitudeDegrees>-33.2753200</LatitudeDegrees>
      <LongitudeDegrees>-71.2690550</LongitudeDegrees>
     </Position>
     <AltitudeMeters>333.95000000000005</AltitudeMeters>
     <DistanceMeters>26575.780151879728</DistanceMeters>
    </Trackpoint>
    <Trackpoint>
     <Time>2026-07-19T01:44:50+00:00</Time>
     <Position>
      <LatitudeDegrees>-33.2755134</LatitudeDegrees>
      <LongitudeDegrees>-71.2700166</LongitudeDegrees>
     </Position>
     <AltitudeMeters>333.28000000000003</AltitudeMeters>
     <DistanceMeters>26667.8120852057</DistanceMeters>
    </Trackpoint>
    <Trackpoint>
     <Time>2026-07-19T01:44:57+00:00</Time>
     <Position>
      <LatitudeDegrees>-33.2757067</LatitudeDegrees>
      <LongitudeDegrees>-71.2709783</LongitudeDegrees>
     </Position>
     <AltitudeMeters>332.68</AltitudeMeters>
     <DistanceMeters>26759.844018532174</DistanceMeters>
    </Trackpoint>
    <Trackpoint>
     <Time>2026-07-19T01:45:04+00:00</Time>
     <Position>
      <LatitudeDegrees>-33.2759000</LatitudeDegrees>
      <LongitudeDegrees>-71.2719400</LongitudeDegrees>
     </Position>
     <AltitudeMeters>332.3</AltitudeMeters>
     <DistanceMeters>26851.87594920957</DistanceMeters>
    </Trackpoint>
    <Trackpoint>
     <Time>2026-07-19T01:45:11+00:00</Time>
     <Position>
      <LatitudeDegrees>-33.2761033</LatitudeDegrees>
      <LongitudeDegrees>-71.2728067</LongitudeDegrees>
     </Position>
     <AltitudeMeters>332.78000000000003</AltitudeMeters>
     <DistanceMeters>26935.63194547726</DistanceMeters>
    </Trackpoint>
    <Trackpoint>
     <Time>2026-07-19T01:45:18+00:00</Time>
     <Position>
      <LatitudeDegrees>-33.2763067</LatitudeDegrees>
      <LongitudeDegrees>-71.2736733</LongitudeDegrees>
     </Position>
     <AltitudeMeters>333.78000000000003</AltitudeMeters>
     <DistanceMeters>27019.38794174477</DistanceMeters>
    </Trackpoint>
    <Trackpoint>
     <Time>2026-07-19T01:45:25+00:00</Time>
     <Position>
      <LatitudeDegrees>-33.2765100</LatitudeDegrees>
      <LongitudeDegrees>-71.2745400</LongitudeDegrees>
     </Position>
     <AltitudeMeters>336.33</AltitudeMeters>
     <DistanceMeters>27103.143931999155</DistanceMeters>
    </Trackpoint>
    <Trackpoint>
     <Time>2026-07-19T01:45:32+00:00</Time>
     <Position>
      <LatitudeDegrees>-33.2765700</LatitudeDegrees>
      <LongitudeDegrees>-71.2748000</LongitudeDegrees>
     </Position>
     <AltitudeMeters>336.96000000000004</AltitudeMeters>
     <DistanceMeters>27128.240798458868</DistanceMeters>
    </Trackpoint>
    <Trackpoint>
     <Time>2026-07-19T01:45:39+00:00</Time>
     <Position>
      <LatitudeDegrees>-33.2766600</LatitudeDegrees>
      <LongitudeDegrees>-71.2750300</LongitudeDegrees>
     </Position>
     <AltitudeMeters>336.96000000000004</AltitudeMeters>
     <DistanceMeters>27151.86967939177</DistanceMeters>
    </Trackpoint>
    <Trackpoint>
     <Time>2026-07-19T01:45:46+00:00</Time>
     <Position>
      <LatitudeDegrees>-33.2768200</LatitudeDegrees>
      <LongitudeDegrees>-71.2753000</LongitudeDegrees>
     </Position>
     <AltitudeMeters>337.84000000000003</AltitudeMeters>
     <DistanceMeters>27182.663244357802</DistanceMeters>
    </Trackpoint>
    <Trackpoint>
     <Time>2026-07-19T01:45:53+00:00</Time>
     <Position>
      <LatitudeDegrees>-33.2772980</LatitudeDegrees>
      <LongitudeDegrees>-71.2760040</LongitudeDegrees>
     </Position>
     <AltitudeMeters>339.01000000000005</AltitudeMeters>
     <DistanceMeters>27267.048778951445</DistanceMeters>
    </Trackpoint>
    <Trackpoint>
     <Time>2026-07-19T01:46:00+00:00</Time>
     <Position>
      <LatitudeDegrees>-33.2777760</LatitudeDegrees>
      <LongitudeDegrees>-71.2767080</LongitudeDegrees>
     </Position>
     <AltitudeMeters>339.59</AltitudeMeters>
     <DistanceMeters>27351.434313544923</DistanceMeters>
    </Trackpoint>
    <Trackpoint>
     <Time>2026-07-19T01:46:07+00:00</Time>
     <Position>
      <LatitudeDegrees>-33.2782540</LatitudeDegrees>
      <LongitudeDegrees>-71.2774120</LongitudeDegrees>
     </Position>
     <AltitudeMeters>339.38</AltitudeMeters>
     <DistanceMeters>27435.819848139556</DistanceMeters>
    </Trackpoint>
    <Trackpoint>
     <Time>2026-07-19T01:46:14+00:00</Time>
     <Position>
      <LatitudeDegrees>-33.2787320</LatitudeDegrees>
      <LongitudeDegrees>-71.2781160</LongitudeDegrees>
     </Position>
     <AltitudeMeters>338.12</AltitudeMeters>
     <DistanceMeters>27520.205382733147</DistanceMeters>
    </Trackpoint>
    <Trackpoint>
     <Time>2026-07-19T01:46:21+00:00</Time>
     <Position>
      <LatitudeDegrees>-33.2792100</LatitudeDegrees>
      <LongitudeDegrees>-71.2788200</LongitudeDegrees>
     </Position>
     <AltitudeMeters>336.96000000000004</AltitudeMeters>
     <DistanceMeters>27604.59092201573</DistanceMeters>
    </Trackpoint>
    <Trackpoint>
     <Time>2026-07-19T01:46:29+00:00</Time>
     <Position>
      <LatitudeDegrees>-33.2795300</LatitudeDegrees>
      <LongitudeDegrees>-71.2793300</LongitudeDegrees>
     </Position>
     <AltitudeMeters>335.66</AltitudeMeters>
     <DistanceMeters>27663.921543201523</DistanceMeters>
    </Trackpoint>
    <Trackpoint>
     <Time>2026-07-19T01:46:36+00:00</Time>
     <Position>
      <LatitudeDegrees>-33.2799633</LatitudeDegrees>
      <LongitudeDegrees>-71.2799500</LongitudeDegrees>
     </Position>
     <AltitudeMeters>334.49</AltitudeMeters>
     <DistanceMeters>27739.112597910644</DistanceMeters>
    </Trackpoint>
    <Trackpoint>
     <Time>2026-07-19T01:46:43+00:00</Time>
     <Position>
      <LatitudeDegrees>-33.2803967</LatitudeDegrees>
      <LongitudeDegrees>-71.2805700</LongitudeDegrees>
     </Position>
     <AltitudeMeters>332.41</AltitudeMeters>
     <DistanceMeters>27814.30365262261</DistanceMeters>
    </Trackpoint>
    <Trackpoint>
     <Time>2026-07-19T01:46:50+00:00</Time>
     <Position>
      <LatitudeDegrees>-33.2808300</LatitudeDegrees>
      <LongitudeDegrees>-71.2811900</LongitudeDegrees>
     </Position>
     <AltitudeMeters>330.75000000000006</AltitudeMeters>
     <DistanceMeters>27889.494702343272</DistanceMeters>
    </Trackpoint>
    <Trackpoint>
     <Time>2026-07-19T01:46:57+00:00</Time>
     <Position>
      <LatitudeDegrees>-33.2813000</LatitudeDegrees>
      <LongitudeDegrees>-71.2817900</LongitudeDegrees>
     </Position>
     <AltitudeMeters>327.35</AltitudeMeters>
     <DistanceMeters>27965.99749300607</DistanceMeters>
    </Trackpoint>
    <Trackpoint>
     <Time>2026-07-19T01:47:04+00:00</Time>
     <Position>
      <LatitudeDegrees>-33.2819700</LatitudeDegrees>
      <LongitudeDegrees>-71.2824900</LongitudeDegrees>
     </Position>
     <AltitudeMeters>324.91</AltitudeMeters>
     <DistanceMeters>28065.003125232357</DistanceMeters>
    </Trackpoint>
    <Trackpoint>
     <Time>2026-07-19T01:47:11+00:00</Time>
     <Position>
      <LatitudeDegrees>-33.2826400</LatitudeDegrees>
      <LongitudeDegrees>-71.2831900</LongitudeDegrees>
     </Position>
     <AltitudeMeters>323.42</AltitudeMeters>
     <DistanceMeters>28164.008757458454</DistanceMeters>
    </Trackpoint>
    <Trackpoint>
     <Time>2026-07-19T01:47:18+00:00</Time>
     <Position>
      <LatitudeDegrees>-33.2833100</LatitudeDegrees>
      <LongitudeDegrees>-71.2838900</LongitudeDegrees>
     </Position>
     <AltitudeMeters>322.67</AltitudeMeters>
     <DistanceMeters>28263.01438278847</DistanceMeters>
    </Trackpoint>
    <Trackpoint>
     <Time>2026-07-19T01:47:25+00:00</Time>
     <Position>
      <LatitudeDegrees>-33.2836900</LatitudeDegrees>
      <LongitudeDegrees>-71.2842100</LongitudeDegrees>
     </Position>
     <AltitudeMeters>322.35</AltitudeMeters>
     <DistanceMeters>28314.735274342893</DistanceMeters>
    </Trackpoint>
    <Trackpoint>
     <Time>2026-07-19T01:47:32+00:00</Time>
     <Position>
      <LatitudeDegrees>-33.2841700</LatitudeDegrees>
      <LongitudeDegrees>-71.2845400</LongitudeDegrees>
     </Position>
     <AltitudeMeters>322.36</AltitudeMeters>
     <DistanceMeters>28376.351525468097</DistanceMeters>
    </Trackpoint>
    <Trackpoint>
     <Time>2026-07-19T01:47:39+00:00</Time>
     <Position>
      <LatitudeDegrees>-33.2846500</LatitudeDegrees>
      <LongitudeDegrees>-71.2848700</LongitudeDegrees>
     </Position>
     <AltitudeMeters>322.01</AltitudeMeters>
     <DistanceMeters>28437.967751458862</DistanceMeters>
    </Trackpoint>
    <Trackpoint>
     <Time>2026-07-19T01:47:46+00:00</Time>
     <Position>
      <LatitudeDegrees>-33.2851100</LatitudeDegrees>
      <LongitudeDegrees>-71.2852050</LongitudeDegrees>
     </Position>
     <AltitudeMeters>320.56</AltitudeMeters>
     <DistanceMeters>28497.904815772472</DistanceMeters>
    </Trackpoint>
    <Trackpoint>
     <Time>2026-07-19T01:47:53+00:00</Time>
     <Position>
      <LatitudeDegrees>-33.2855700</LatitudeDegrees>
      <LongitudeDegrees>-71.2855400</LongitudeDegrees>
     </Position>
     <AltitudeMeters>319.87000000000006</AltitudeMeters>
     <DistanceMeters>28557.841873032863</DistanceMeters>
    </Trackpoint>
    <Trackpoint>
     <Time>2026-07-19T01:48:01+00:00</Time>
     <Position>
      <LatitudeDegrees>-33.2862200</LatitudeDegrees>
      <LongitudeDegrees>-71.2859875</LongitudeDegrees>
     </Position>
     <AltitudeMeters>317.13</AltitudeMeters>
     <DistanceMeters>28641.308872770198</DistanceMeters>
    </Trackpoint>
    <Trackpoint>
     <Time>2026-07-19T01:48:08+00:00</Time>
     <Position>
      <LatitudeDegrees>-33.2868700</LatitudeDegrees>
      <LongitudeDegrees>-71.2864350</LongitudeDegrees>
     </Position>
     <AltitudeMeters>315.07</AltitudeMeters>
     <DistanceMeters>28724.7758725079</DistanceMeters>
    </Trackpoint>
    <Trackpoint>
     <Time>2026-07-19T01:48:15+00:00</Time>
     <Position>
      <LatitudeDegrees>-33.2875200</LatitudeDegrees>
      <LongitudeDegrees>-71.2868825</LongitudeDegrees>
     </Position>
     <AltitudeMeters>313.81</AltitudeMeters>
     <DistanceMeters>28808.242872244282</DistanceMeters>
    </Trackpoint>
    <Trackpoint>
     <Time>2026-07-19T01:48:22+00:00</Time>
     <Position>
      <LatitudeDegrees>-33.2881700</LatitudeDegrees>
      <LongitudeDegrees>-71.2873300</LongitudeDegrees>
     </Position>
     <AltitudeMeters>312.81</AltitudeMeters>
     <DistanceMeters>28891.709889979764</DistanceMeters>
    </Trackpoint>
    <Trackpoint>
     <Time>2026-07-19T01:48:29+00:00</Time>
     <Position>
      <LatitudeDegrees>-33.2887750</LatitudeDegrees>
      <LongitudeDegrees>-71.2877250</LongitudeDegrees>
     </Position>
     <AltitudeMeters>312.26000000000005</AltitudeMeters>
     <DistanceMeters>28968.4188983443</DistanceMeters>
    </Trackpoint>
    <Trackpoint>
     <Time>2026-07-19T01:48:36+00:00</Time>
     <Position>
      <LatitudeDegrees>-33.2893800</LatitudeDegrees>
      <LongitudeDegrees>-71.2881200</LongitudeDegrees>
     </Position>
     <AltitudeMeters>311.83000000000004</AltitudeMeters>
     <DistanceMeters>29045.127906706515</DistanceMeters>
    </Trackpoint>
    <Trackpoint>
     <Time>2026-07-19T01:48:43+00:00</Time>
     <Position>
      <LatitudeDegrees>-33.2899850</LatitudeDegrees>
      <LongitudeDegrees>-71.2885150</LongitudeDegrees>
     </Position>
     <AltitudeMeters>311.32000000000005</AltitudeMeters>
     <DistanceMeters>29121.83691507117</DistanceMeters>
    </Trackpoint>
    <Trackpoint>
     <Time>2026-07-19T01:48:50+00:00</Time>
     <Position>
      <LatitudeDegrees>-33.2905900</LatitudeDegrees>
      <LongitudeDegrees>-71.2889100</LongitudeDegrees>
     </Position>
     <AltitudeMeters>311.0</AltitudeMeters>
     <DistanceMeters>29198.5459345438</DistanceMeters>
    </Trackpoint>
    <Trackpoint>
     <Time>2026-07-19T01:48:57+00:00</Time>
     <Position>
      <LatitudeDegrees>-33.2911500</LatitudeDegrees>
      <LongitudeDegrees>-71.2891400</LongitudeDegrees>
     </Position>
     <AltitudeMeters>310.99000000000007</AltitudeMeters>
     <DistanceMeters>29264.442216056083</DistanceMeters>
    </Trackpoint>
    <Trackpoint>
     <Time>2026-07-19T01:49:04+00:00</Time>
     <Position>
      <LatitudeDegrees>-33.2918067</LatitudeDegrees>
      <LongitudeDegrees>-71.2893467</LongitudeDegrees>
     </Position>
     <AltitudeMeters>310.35</AltitudeMeters>
     <DistanceMeters>29340.012996811325</DistanceMeters>
    </Trackpoint>
    <Trackpoint>
     <Time>2026-07-19T01:49:11+00:00</Time>
     <Position>
      <LatitudeDegrees>-33.2924633</LatitudeDegrees>
      <LongitudeDegrees>-71.2895533</LongitudeDegrees>
     </Position>
     <AltitudeMeters>310.09000000000003</AltitudeMeters>
     <DistanceMeters>29415.58377756676</DistanceMeters>
    </Trackpoint>
    <Trackpoint>
     <Time>2026-07-19T01:49:18+00:00</Time>
     <Position>
      <LatitudeDegrees>-33.2931200</LatitudeDegrees>
      <LongitudeDegrees>-71.2897600</LongitudeDegrees>
     </Position>
     <AltitudeMeters>310.31</AltitudeMeters>
     <DistanceMeters>29491.154554201225</DistanceMeters>
    </Trackpoint>
    <Trackpoint>
     <Time>2026-07-19T01:49:25+00:00</Time>
     <Position>
      <LatitudeDegrees>-33.2936800</LatitudeDegrees>
      <LongitudeDegrees>-71.2900167</LongitudeDegrees>
     </Position>
     <AltitudeMeters>310.62</AltitudeMeters>
     <DistanceMeters>29557.897348828927</DistanceMeters>
    </Trackpoint>
    <Trackpoint>
     <Time>2026-07-19T01:49:33+00:00</Time>
     <Position>
      <LatitudeDegrees>-33.2942400</LatitudeDegrees>
      <LongitudeDegrees>-71.2902733</LongitudeDegrees>
     </Position>
     <AltitudeMeters>310.83000000000004</AltitudeMeters>
     <DistanceMeters>29624.640143456527</DistanceMeters>
    </Trackpoint>
    <Trackpoint>
     <Time>2026-07-19T01:49:40+00:00</Time>
     <Position>
      <LatitudeDegrees>-33.2948000</LatitudeDegrees>
      <LongitudeDegrees>-71.2905300</LongitudeDegrees>
     </Position>
     <AltitudeMeters>311.28</AltitudeMeters>
     <DistanceMeters>29691.382931544285</DistanceMeters>
    </Trackpoint>
    <Trackpoint>
     <Time>2026-07-19T01:49:47+00:00</Time>
     <Position>
      <LatitudeDegrees>-33.2955013</LatitudeDegrees>
      <LongitudeDegrees>-71.2909775</LongitudeDegrees>
     </Position>
     <AltitudeMeters>311.23</AltitudeMeters>
     <DistanceMeters>29779.83695688455</DistanceMeters>
    </Trackpoint>
    <Trackpoint>
     <Time>2026-07-19T01:49:54+00:00</Time>
     <Position>
      <LatitudeDegrees>-33.2962025</LatitudeDegrees>
      <LongitudeDegrees>-71.2914250</LongitudeDegrees>
     </Position>
     <AltitudeMeters>310.81</AltitudeMeters>
     <DistanceMeters>29868.2909822255</DistanceMeters>
    </Trackpoint>
    <Trackpoint>
     <Time>2026-07-19T01:50:01+00:00</Time>
     <Position>
      <LatitudeDegrees>-33.2969038</LatitudeDegrees>
      <LongitudeDegrees>-71.2918724</LongitudeDegrees>
     </Position>
     <AltitudeMeters>310.59000000000003</AltitudeMeters>
     <DistanceMeters>29956.745007565965</DistanceMeters>
    </Trackpoint>
    <Trackpoint>
     <Time>2026-07-19T01:50:08+00:00</Time>
     <Position>
      <LatitudeDegrees>-33.2976050</LatitudeDegrees>
      <LongitudeDegrees>-71.2923199</LongitudeDegrees>
     </Position>
     <AltitudeMeters>309.69</AltitudeMeters>
     <DistanceMeters>30045.1990329075</DistanceMeters>
    </Trackpoint>
    <Trackpoint>
     <Time>2026-07-19T01:50:15+00:00</Time>
     <Position>
      <LatitudeDegrees>-33.2983063</LatitudeDegrees>
      <LongitudeDegrees>-71.2927674</LongitudeDegrees>
     </Position>
     <AltitudeMeters>309.02000000000004</AltitudeMeters>
     <DistanceMeters>30133.653058248707</DistanceMeters>
    </Trackpoint>
    <Trackpoint>
     <Time>2026-07-19T01:50:22+00:00</Time>
     <Position>
      <LatitudeDegrees>-33.2990075</LatitudeDegrees>
      <LongitudeDegrees>-71.2932150</LongitudeDegrees>
     </Position>
     <AltitudeMeters>308.89</AltitudeMeters>
     <DistanceMeters>30222.10708358849</DistanceMeters>
    </Trackpoint>
    <Trackpoint>
     <Time>2026-07-19T01:50:29+00:00</Time>
     <Position>
      <LatitudeDegrees>-33.2997088</LatitudeDegrees>
      <LongitudeDegrees>-71.2936625</LongitudeDegrees>
     </Position>
     <AltitudeMeters>307.86</AltitudeMeters>
     <DistanceMeters>30310.561108930182</DistanceMeters>
    </Trackpoint>
    <Trackpoint>
     <Time>2026-07-19T01:50:36+00:00</Time>
     <Position>
      <LatitudeDegrees>-33.3004100</LatitudeDegrees>
      <LongitudeDegrees>-71.2941100</LongitudeDegrees>
     </Position>
     <AltitudeMeters>306.84</AltitudeMeters>
     <DistanceMeters>30399.01513435966</DistanceMeters>
    </Trackpoint>
    <Trackpoint>
     <Time>2026-07-19T01:50:43+00:00</Time>
     <Position>
      <LatitudeDegrees>-33.3008150</LatitudeDegrees>
      <LongitudeDegrees>-71.2944000</LongitudeDegrees>
     </Position>
     <AltitudeMeters>306.46</AltitudeMeters>
     <DistanceMeters>30451.545511029246</DistanceMeters>
    </Trackpoint>
    <Trackpoint>
     <Time>2026-07-19T01:50:50+00:00</Time>
     <Position>
      <LatitudeDegrees>-33.3012200</LatitudeDegrees>
      <LongitudeDegrees>-71.2946900</LongitudeDegrees>
     </Position>
     <AltitudeMeters>305.91</AltitudeMeters>
     <DistanceMeters>30504.075890905686</DistanceMeters>
    </Trackpoint>
    <Trackpoint>
     <Time>2026-07-19T01:50:57+00:00</Time>
     <Position>
      <LatitudeDegrees>-33.3015300</LatitudeDegrees>
      <LongitudeDegrees>-71.2950000</LongitudeDegrees>
     </Position>
     <AltitudeMeters>305.66</AltitudeMeters>
     <DistanceMeters>30549.041389387254</DistanceMeters>
    </Trackpoint>
    <Trackpoint>
     <Time>2026-07-19T01:51:04+00:00</Time>
     <Position>
      <LatitudeDegrees>-33.3018700</LatitudeDegrees>
      <LongitudeDegrees>-71.2953850</LongitudeDegrees>
     </Position>
     <AltitudeMeters>305.16</AltitudeMeters>
     <DistanceMeters>30601.14178256908</DistanceMeters>
    </Trackpoint>
    <Trackpoint>
     <Time>2026-07-19T01:51:12+00:00</Time>
     <Position>
      <LatitudeDegrees>-33.3022100</LatitudeDegrees>
      <LongitudeDegrees>-71.2957700</LongitudeDegrees>
     </Position>
     <AltitudeMeters>304.98</AltitudeMeters>
     <DistanceMeters>30653.242127964837</DistanceMeters>
    </Trackpoint>
    <Trackpoint>
     <Time>2026-07-19T01:51:19+00:00</Time>
     <Position>
      <LatitudeDegrees>-33.3028300</LatitudeDegrees>
      <LongitudeDegrees>-71.2963600</LongitudeDegrees>
     </Position>
     <AltitudeMeters>304.85</AltitudeMeters>
     <DistanceMeters>30741.40906892702</DistanceMeters>
    </Trackpoint>
    <Trackpoint>
     <Time>2026-07-19T01:51:26+00:00</Time>
     <Position>
      <LatitudeDegrees>-33.3029700</LatitudeDegrees>
      <LongitudeDegrees>-71.2965600</LongitudeDegrees>
     </Position>
     <AltitudeMeters>304.93</AltitudeMeters>
     <DistanceMeters>30765.67589161318</DistanceMeters>
    </Trackpoint>
    <Trackpoint>
     <Time>2026-07-19T01:51:33+00:00</Time>
     <Position>
      <LatitudeDegrees>-33.3033200</LatitudeDegrees>
      <LongitudeDegrees>-71.2972000</LongitudeDegrees>
     </Position>
     <AltitudeMeters>305.1700000000001</AltitudeMeters>
     <DistanceMeters>30836.8194514651</DistanceMeters>
    </Trackpoint>
    <Trackpoint>
     <Time>2026-07-19T01:51:40+00:00</Time>
     <Position>
      <LatitudeDegrees>-33.3035000</LatitudeDegrees>
      <LongitudeDegrees>-71.2974500</LongitudeDegrees>
     </Position>
     <AltitudeMeters>304.32000000000005</AltitudeMeters>
     <DistanceMeters>30867.51314887654</DistanceMeters>
    </Trackpoint>
    <Trackpoint>
     <Time>2026-07-19T01:51:47+00:00</Time>
     <Position>
      <LatitudeDegrees>-33.3036200</LatitudeDegrees>
      <LongitudeDegrees>-71.2975600</LongitudeDegrees>
     </Position>
     <AltitudeMeters>303.45</AltitudeMeters>
     <DistanceMeters>30884.337601088486</DistanceMeters>
    </Trackpoint>
    <Trackpoint>
     <Time>2026-07-19T01:51:54+00:00</Time>
     <Position>
      <LatitudeDegrees>-33.3039000</LatitudeDegrees>
      <LongitudeDegrees>-71.2977500</LongitudeDegrees>
     </Position>
     <AltitudeMeters>302.82000000000005</AltitudeMeters>
     <DistanceMeters>30920.163115894808</DistanceMeters>
    </Trackpoint>
    <Trackpoint>
     <Time>2026-07-19T01:52:01+00:00</Time>
     <Position>
      <LatitudeDegrees>-33.3043500</LatitudeDegrees>
      <LongitudeDegrees>-71.2979900</LongitudeDegrees>
     </Position>
     <AltitudeMeters>301.09000000000003</AltitudeMeters>
     <DistanceMeters>30974.99632442824</DistanceMeters>
    </Trackpoint>
    <Trackpoint>
     <Time>2026-07-19T01:52:08+00:00</Time>
     <Position>
      <LatitudeDegrees>-33.3049100</LatitudeDegrees>
      <LongitudeDegrees>-71.2981700</LongitudeDegrees>
     </Position>
     <AltitudeMeters>299.99</AltitudeMeters>
     <DistanceMeters>31039.531639541234</DistanceMeters>
    </Trackpoint>
    <Trackpoint>
     <Time>2026-07-19T01:52:15+00:00</Time>
     <Position>
      <LatitudeDegrees>-33.3054400</LatitudeDegrees>
      <LongitudeDegrees>-71.2983050</LongitudeDegrees>
     </Position>
     <AltitudeMeters>299.61</AltitudeMeters>
     <DistanceMeters>31099.84012881714</DistanceMeters>
    </Trackpoint>
    <Trackpoint>
     <Time>2026-07-19T01:52:22+00:00</Time>
     <Position>
      <LatitudeDegrees>-33.3059700</LatitudeDegrees>
      <LongitudeDegrees>-71.2984400</LongitudeDegrees>
     </Position>
     <AltitudeMeters>299.41</AltitudeMeters>
     <DistanceMeters>31160.148620993492</DistanceMeters>
    </Trackpoint>
    <Trackpoint>
     <Time>2026-07-19T01:52:29+00:00</Time>
     <Position>
      <LatitudeDegrees>-33.3065500</LatitudeDegrees>
      <LongitudeDegrees>-71.2985600</LongitudeDegrees>
     </Position>
     <AltitudeMeters>299.21000000000004</AltitudeMeters>
     <DistanceMeters>31225.658020000934</DistanceMeters>
    </Trackpoint>
    <Trackpoint>
     <Time>2026-07-19T01:52:36+00:00</Time>
     <Position>
      <LatitudeDegrees>-33.3073500</LatitudeDegrees>
      <LongitudeDegrees>-71.2987600</LongitudeDegrees>
     </Position>
     <AltitudeMeters>299.00000000000006</AltitudeMeters>
     <DistanceMeters>31316.61720179428</DistanceMeters>
    </Trackpoint>
    <Trackpoint>
     <Time>2026-07-19T01:52:44+00:00</Time>
     <Position>
      <LatitudeDegrees>-33.3080667</LatitudeDegrees>
      <LongitudeDegrees>-71.2989533</LongitudeDegrees>
     </Position>
     <AltitudeMeters>298.92</AltitudeMeters>
     <DistanceMeters>31398.381069029932</DistanceMeters>
    </Trackpoint>
    <Trackpoint>
     <Time>2026-07-19T01:52:51+00:00</Time>
     <Position>
      <LatitudeDegrees>-33.3087833</LatitudeDegrees>
      <LongitudeDegrees>-71.2991467</LongitudeDegrees>
     </Position>
     <AltitudeMeters>298.92</AltitudeMeters>
     <DistanceMeters>31480.144936265464</DistanceMeters>
    </Trackpoint>
    <Trackpoint>
     <Time>2026-07-19T01:52:58+00:00</Time>
     <Position>
      <LatitudeDegrees>-33.3095000</LatitudeDegrees>
      <LongitudeDegrees>-71.2993400</LongitudeDegrees>
     </Position>
     <AltitudeMeters>299.24</AltitudeMeters>
     <DistanceMeters>31561.90881107238</DistanceMeters>
    </Trackpoint>
    <Trackpoint>
     <Time>2026-07-19T01:53:05+00:00</Time>
     <Position>
      <LatitudeDegrees>-33.3099600</LatitudeDegrees>
      <LongitudeDegrees>-71.2994800</LongitudeDegrees>
     </Position>
     <AltitudeMeters>299.76000000000005</AltitudeMeters>
     <DistanceMeters>31614.734879957137</DistanceMeters>
    </Trackpoint>
    <Trackpoint>
     <Time>2026-07-19T01:53:12+00:00</Time>
     <Position>
      <LatitudeDegrees>-33.3106400</LatitudeDegrees>
      <LongitudeDegrees>-71.2998600</LongitudeDegrees>
     </Position>
     <AltitudeMeters>299.64</AltitudeMeters>
     <DistanceMeters>31698.262226337483</DistanceMeters>
    </Trackpoint>
    <Trackpoint>
     <Time>2026-07-19T01:53:19+00:00</Time>
     <Position>
      <LatitudeDegrees>-33.3113200</LatitudeDegrees>
      <LongitudeDegrees>-71.3002400</LongitudeDegrees>
     </Position>
     <AltitudeMeters>300.33000000000004</AltitudeMeters>
     <DistanceMeters>31781.789578482494</DistanceMeters>
    </Trackpoint>
    <Trackpoint>
     <Time>2026-07-19T01:53:26+00:00</Time>
     <Position>
      <LatitudeDegrees>-33.3120250</LatitudeDegrees>
      <LongitudeDegrees>-71.3007200</LongitudeDegrees>
     </Position>
     <AltitudeMeters>300.28000000000003</AltitudeMeters>
     <DistanceMeters>31872.06468159857</DistanceMeters>
    </Trackpoint>
    <Trackpoint>
     <Time>2026-07-19T01:53:33+00:00</Time>
     <Position>
      <LatitudeDegrees>-33.3127300</LatitudeDegrees>
      <LongitudeDegrees>-71.3012000</LongitudeDegrees>
     </Position>
     <AltitudeMeters>300.37</AltitudeMeters>
     <DistanceMeters>31962.33978471428</DistanceMeters>
    </Trackpoint>
    <Trackpoint>
     <Time>2026-07-19T01:53:40+00:00</Time>
     <Position>
      <LatitudeDegrees>-33.3134350</LatitudeDegrees>
      <LongitudeDegrees>-71.3016800</LongitudeDegrees>
     </Position>
     <AltitudeMeters>301.32000000000005</AltitudeMeters>
     <DistanceMeters>32052.614887831143</DistanceMeters>
    </Trackpoint>
    <Trackpoint>
     <Time>2026-07-19T01:53:47+00:00</Time>
     <Position>
      <LatitudeDegrees>-33.3141400</LatitudeDegrees>
      <LongitudeDegrees>-71.3021600</LongitudeDegrees>
     </Position>
     <AltitudeMeters>302.92</AltitudeMeters>
     <DistanceMeters>32142.88997095592</DistanceMeters>
    </Trackpoint>
    <Trackpoint>
     <Time>2026-07-19T01:53:54+00:00</Time>
     <Position>
      <LatitudeDegrees>-33.3144500</LatitudeDegrees>
      <LongitudeDegrees>-71.3024700</LongitudeDegrees>
     </Position>
     <AltitudeMeters>303.56000000000006</AltitudeMeters>
     <DistanceMeters>32187.852729746002</DistanceMeters>
    </Trackpoint>
    <Trackpoint>
     <Time>2026-07-19T01:54:01+00:00</Time>
     <Position>
      <LatitudeDegrees>-33.3147200</LatitudeDegrees>
      <LongitudeDegrees>-71.3028400</LongitudeDegrees>
     </Position>
     <AltitudeMeters>305.50000000000006</AltitudeMeters>
     <DistanceMeters>32233.538594451216</DistanceMeters>
    </Trackpoint>
    <Trackpoint>
     <Time>2026-07-19T01:54:08+00:00</Time>
     <Position>
      <LatitudeDegrees>-33.3149900</LatitudeDegrees>
      <LongitudeDegrees>-71.3033700</LongitudeDegrees>
     </Position>
     <AltitudeMeters>304.9</AltitudeMeters>
     <DistanceMeters>32291.269045704477</DistanceMeters>
    </Trackpoint>
    <Trackpoint>
     <Time>2026-07-19T01:54:16+00:00</Time>
     <Position>
      <LatitudeDegrees>-33.3153300</LatitudeDegrees>
      <LongitudeDegrees>-71.3039800</LongitudeDegrees>
     </Position>
     <AltitudeMeters>304.32000000000005</AltitudeMeters>
     <DistanceMeters>32359.46424134494</DistanceMeters>
    </Trackpoint>
    <Trackpoint>
     <Time>2026-07-19T01:54:23+00:00</Time>
     <Position>
      <LatitudeDegrees>-33.3158214</LatitudeDegrees>
      <LongitudeDegrees>-71.3047500</LongitudeDegrees>
     </Position>
     <AltitudeMeters>303.71000000000004</AltitudeMeters>
     <DistanceMeters>32449.574202020085</DistanceMeters>
    </Trackpoint>
    <Trackpoint>
     <Time>2026-07-19T01:54:30+00:00</Time>
     <Position>
      <LatitudeDegrees>-33.3163129</LatitudeDegrees>
      <LongitudeDegrees>-71.3055200</LongitudeDegrees>
     </Position>
     <AltitudeMeters>302.65000000000003</AltitudeMeters>
     <DistanceMeters>32539.684162695114</DistanceMeters>
    </Trackpoint>
    <Trackpoint>
     <Time>2026-07-19T01:54:37+00:00</Time>
     <Position>
      <LatitudeDegrees>-33.3168043</LatitudeDegrees>
      <LongitudeDegrees>-71.3062899</LongitudeDegrees>
     </Position>
     <AltitudeMeters>302.34</AltitudeMeters>
     <DistanceMeters>32629.794123369527</DistanceMeters>
    </Trackpoint>
    <Trackpoint>
     <Time>2026-07-19T01:54:44+00:00</Time>
     <Position>
      <LatitudeDegrees>-33.3172957</LatitudeDegrees>
      <LongitudeDegrees>-71.3070599</LongitudeDegrees>
     </Position>
     <AltitudeMeters>302.65000000000003</AltitudeMeters>
     <DistanceMeters>32719.90408404358</DistanceMeters>
    </Trackpoint>
    <Trackpoint>
     <Time>2026-07-19T01:54:51+00:00</Time>
     <Position>
      <LatitudeDegrees>-33.3177872</LatitudeDegrees>
      <LongitudeDegrees>-71.3078300</LongitudeDegrees>
     </Position>
     <AltitudeMeters>303.55</AltitudeMeters>
     <DistanceMeters>32810.01404471831</DistanceMeters>
    </Trackpoint>
    <Trackpoint>
     <Time>2026-07-19T01:54:58+00:00</Time>
     <Position>
      <LatitudeDegrees>-33.3182786</LatitudeDegrees>
      <LongitudeDegrees>-71.3086000</LongitudeDegrees>
     </Position>
     <AltitudeMeters>304.41</AltitudeMeters>
     <DistanceMeters>32900.124005393875</DistanceMeters>
    </Trackpoint>
    <Trackpoint>
     <Time>2026-07-19T01:55:05+00:00</Time>
     <Position>
      <LatitudeDegrees>-33.3187700</LatitudeDegrees>
      <LongitudeDegrees>-71.3093700</LongitudeDegrees>
     </Position>
     <AltitudeMeters>304.85</AltitudeMeters>
     <DistanceMeters>32990.23396342239</DistanceMeters>
    </Trackpoint>
    <Trackpoint>
     <Time>2026-07-19T01:55:12+00:00</Time>
     <Position>
      <LatitudeDegrees>-33.3190200</LatitudeDegrees>
      <LongitudeDegrees>-71.3096900</LongitudeDegrees>
     </Position>
     <AltitudeMeters>304.91</AltitudeMeters>
     <DistanceMeters>33030.97532378005</DistanceMeters>
    </Trackpoint>
    <Trackpoint>
     <Time>2026-07-19T01:55:19+00:00</Time>
     <Position>
      <LatitudeDegrees>-33.3194900</LatitudeDegrees>
      <LongitudeDegrees>-71.3102400</LongitudeDegrees>
     </Position>
     <AltitudeMeters>305.79</AltitudeMeters>
     <DistanceMeters>33104.136720067094</DistanceMeters>
    </Trackpoint>
    <Trackpoint>
     <Time>2026-07-19T01:55:26+00:00</Time>
     <Position>
      <LatitudeDegrees>-33.3199600</LatitudeDegrees>
      <LongitudeDegrees>-71.3107900</LongitudeDegrees>
     </Position>
     <AltitudeMeters>306.20000000000005</AltitudeMeters>
     <DistanceMeters>33177.298116353166</DistanceMeters>
    </Trackpoint>
    <Trackpoint>
     <Time>2026-07-19T01:55:33+00:00</Time>
     <Position>
      <LatitudeDegrees>-33.3204300</LatitudeDegrees>
      <LongitudeDegrees>-71.3113400</LongitudeDegrees>
     </Position>
     <AltitudeMeters>306.75</AltitudeMeters>
     <DistanceMeters>33250.45952548275</DistanceMeters>
    </Trackpoint>
    <Trackpoint>
     <Time>2026-07-19T01:55:40+00:00</Time>
     <Position>
      <LatitudeDegrees>-33.3206300</LatitudeDegrees>
      <LongitudeDegrees>-71.3116500</LongitudeDegrees>
     </Position>
     <AltitudeMeters>306.91</AltitudeMeters>
     <DistanceMeters>33286.88253068671</DistanceMeters>
    </Trackpoint>
    <Trackpoint>
     <Time>2026-07-19T01:55:47+00:00</Time>
     <Position>
      <LatitudeDegrees>-33.3211700</LatitudeDegrees>
      <LongitudeDegrees>-71.3123200</LongitudeDegrees>
     </Position>
     <AltitudeMeters>307.16</AltitudeMeters>
     <DistanceMeters>33373.45308214562</DistanceMeters>
    </Trackpoint>
    <Trackpoint>
     <Time>2026-07-19T01:55:55+00:00</Time>
     <Position>
      <LatitudeDegrees>-33.3213500</LatitudeDegrees>
      <LongitudeDegrees>-71.3124700</LongitudeDegrees>
     </Position>
     <AltitudeMeters>307.14000000000004</AltitudeMeters>
     <DistanceMeters>33397.86473097201</DistanceMeters>
    </Trackpoint>
    <Trackpoint>
     <Time>2026-07-19T01:56:02+00:00</Time>
     <Position>
      <LatitudeDegrees>-33.3218600</LatitudeDegrees>
      <LongitudeDegrees>-71.3129900</LongitudeDegrees>
     </Position>
     <AltitudeMeters>307.00000000000006</AltitudeMeters>
     <DistanceMeters>33472.43290292947</DistanceMeters>
    </Trackpoint>
    <Trackpoint>
     <Time>2026-07-19T01:56:09+00:00</Time>
     <Position>
      <LatitudeDegrees>-33.3219400</LatitudeDegrees>
      <LongitudeDegrees>-71.3131300</LongitudeDegrees>
     </Position>
     <AltitudeMeters>306.87</AltitudeMeters>
     <DistanceMeters>33488.20596782735</DistanceMeters>
    </Trackpoint>
    <Trackpoint>
     <Time>2026-07-19T01:56:16+00:00</Time>
     <Position>
      <LatitudeDegrees>-33.3219800</LatitudeDegrees>
      <LongitudeDegrees>-71.3132400</LongitudeDegrees>
     </Position>
     <AltitudeMeters>306.87</AltitudeMeters>
     <DistanceMeters>33499.36248557651</DistanceMeters>
    </Trackpoint>
    <Trackpoint>
     <Time>2026-07-19T01:56:23+00:00</Time>
     <Position>
      <LatitudeDegrees>-33.3219700</LatitudeDegrees>
      <LongitudeDegrees>-71.3132300</LongitudeDegrees>
     </Position>
     <AltitudeMeters>306.87</AltitudeMeters>
     <DistanceMeters>33499.36248557651</DistanceMeters>
    </Trackpoint>
    <Trackpoint>
     <Time>2026-07-19T01:56:30+00:00</Time>
     <Position>
      <LatitudeDegrees>-33.3219900</LatitudeDegrees>
      <LongitudeDegrees>-71.3134500</LongitudeDegrees>
     </Position>
     <AltitudeMeters>306.82000000000005</AltitudeMeters>
     <DistanceMeters>33519.94284007793</DistanceMeters>
    </Trackpoint>
    <Trackpoint>
     <Time>2026-07-19T01:56:37+00:00</Time>
     <Position>
      <LatitudeDegrees>-33.3219150</LatitudeDegrees>
      <LongitudeDegrees>-71.3141350</LongitudeDegrees>
     </Position>
     <AltitudeMeters>305.26000000000005</AltitudeMeters>
     <DistanceMeters>33584.19127081795</DistanceMeters>
    </Trackpoint>
    <Trackpoint>
     <Time>2026-07-19T01:56:44+00:00</Time>
     <Position>
      <LatitudeDegrees>-33.3218400</LatitudeDegrees>
      <LongitudeDegrees>-71.3148200</LongitudeDegrees>
     </Position>
     <AltitudeMeters>303.59000000000003</AltitudeMeters>
     <DistanceMeters>33648.439689790124</DistanceMeters>
    </Trackpoint>
    <Trackpoint>
     <Time>2026-07-19T01:56:51+00:00</Time>
     <Position>
      <LatitudeDegrees>-33.3217300</LatitudeDegrees>
      <LongitudeDegrees>-71.3154100</LongitudeDegrees>
     </Position>
     <AltitudeMeters>302.39000000000004</AltitudeMeters>
     <DistanceMeters>33704.658011937376</DistanceMeters>
    </Trackpoint>
    <Trackpoint>
     <Time>2026-07-19T01:56:58+00:00</Time>
     <Position>
      <LatitudeDegrees>-33.3215000</LatitudeDegrees>
      <LongitudeDegrees>-71.3161700</LongitudeDegrees>
     </Position>
     <AltitudeMeters>301.38000000000005</AltitudeMeters>
     <DistanceMeters>33779.829851160786</DistanceMeters>
    </Trackpoint>
    <Trackpoint>
     <Time>2026-07-19T01:57:05+00:00</Time>
     <Position>
      <LatitudeDegrees>-33.3212700</LatitudeDegrees>
      <LongitudeDegrees>-71.3169300</LongitudeDegrees>
     </Position>
     <AltitudeMeters>300.43</AltitudeMeters>
     <DistanceMeters>33855.00169038494</DistanceMeters>
    </Trackpoint>
    <Trackpoint>
     <Time>2026-07-19T01:57:12+00:00</Time>
     <Position>
      <LatitudeDegrees>-33.3210400</LatitudeDegrees>
      <LongitudeDegrees>-71.3176900</LongitudeDegrees>
     </Position>
     <AltitudeMeters>298.98</AltitudeMeters>
     <DistanceMeters>33930.17354028618</DistanceMeters>
    </Trackpoint>
    <Trackpoint>
     <Time>2026-07-19T01:57:19+00:00</Time>
     <Position>
      <LatitudeDegrees>-33.3208267</LatitudeDegrees>
      <LongitudeDegrees>-71.3184367</LongitudeDegrees>
     </Position>
     <AltitudeMeters>297.27000000000004</AltitudeMeters>
     <DistanceMeters>34003.56025672059</DistanceMeters>
    </Trackpoint>
    <Trackpoint>
     <Time>2026-07-19T01:57:27+00:00</Time>
     <Position>
      <LatitudeDegrees>-33.3206133</LatitudeDegrees>
      <LongitudeDegrees>-71.3191833</LongitudeDegrees>
     </Position>
     <AltitudeMeters>296.39000000000004</AltitudeMeters>
     <DistanceMeters>34076.94697315445</DistanceMeters>
    </Trackpoint>
    <Trackpoint>
     <Time>2026-07-19T01:57:34+00:00</Time>
     <Position>
      <LatitudeDegrees>-33.3204000</LatitudeDegrees>
      <LongitudeDegrees>-71.3199300</LongitudeDegrees>
     </Position>
     <AltitudeMeters>295.55</AltitudeMeters>
     <DistanceMeters>34150.33369776481</DistanceMeters>
    </Trackpoint>
    <Trackpoint>
     <Time>2026-07-19T01:57:41+00:00</Time>
     <Position>
      <LatitudeDegrees>-33.3201846</LatitudeDegrees>
      <LongitudeDegrees>-71.3209155</LongitudeDegrees>
     </Position>
     <AltitudeMeters>294.04</AltitudeMeters>
     <DistanceMeters>34245.067264813915</DistanceMeters>
    </Trackpoint>
    <Trackpoint>
     <Time>2026-07-19T01:57:48+00:00</Time>
     <Position>
      <LatitudeDegrees>-33.3199692</LatitudeDegrees>
      <LongitudeDegrees>-71.3219010</LongitudeDegrees>
     </Position>
     <AltitudeMeters>293.32</AltitudeMeters>
     <DistanceMeters>34339.80083186169</DistanceMeters>
    </Trackpoint>
    <Trackpoint>
     <Time>2026-07-19T01:57:55+00:00</Time>
     <Position>
      <LatitudeDegrees>-33.3197537</LatitudeDegrees>
      <LongitudeDegrees>-71.3228864</LongitudeDegrees>
     </Position>
     <AltitudeMeters>292.09000000000003</AltitudeMeters>
     <DistanceMeters>34434.53439891121</DistanceMeters>
    </Trackpoint>
    <Trackpoint>
     <Time>2026-07-19T01:58:02+00:00</Time>
     <Position>
      <LatitudeDegrees>-33.3195383</LatitudeDegrees>
      <LongitudeDegrees>-71.3238719</LongitudeDegrees>
     </Position>
     <AltitudeMeters>291.13</AltitudeMeters>
     <DistanceMeters>34529.267965960906</DistanceMeters>
    </Trackpoint>
    <Trackpoint>
     <Time>2026-07-19T01:58:09+00:00</Time>
     <Position>
      <LatitudeDegrees>-33.3193228</LatitudeDegrees>
      <LongitudeDegrees>-71.3248573</LongitudeDegrees>
     </Position>
     <AltitudeMeters>290.52</AltitudeMeters>
     <DistanceMeters>34624.0015330101</DistanceMeters>
    </Trackpoint>
    <Trackpoint>
     <Time>2026-07-19T01:58:16+00:00</Time>
     <Position>
      <LatitudeDegrees>-33.3191074</LatitudeDegrees>
      <LongitudeDegrees>-71.3258428</LongitudeDegrees>
     </Position>
     <AltitudeMeters>289.63</AltitudeMeters>
     <DistanceMeters>34718.73510005803</DistanceMeters>
    </Trackpoint>
    <Trackpoint>
     <Time>2026-07-19T01:58:23+00:00</Time>
     <Position>
      <LatitudeDegrees>-33.3188919</LatitudeDegrees>
      <LongitudeDegrees>-71.3268283</LongitudeDegrees>
     </Position>
     <AltitudeMeters>288.96000000000004</AltitudeMeters>
     <DistanceMeters>34813.46866710786</DistanceMeters>
    </Trackpoint>
    <Trackpoint>
     <Time>2026-07-19T01:58:30+00:00</Time>
     <Position>
      <LatitudeDegrees>-33.3186765</LatitudeDegrees>
      <LongitudeDegrees>-71.3278137</LongitudeDegrees>
     </Position>
     <AltitudeMeters>287.8</AltitudeMeters>
     <DistanceMeters>34908.20223415586</DistanceMeters>
    </Trackpoint>
    <Trackpoint>
     <Time>2026-07-19T01:58:37+00:00</Time>
     <Position>
      <LatitudeDegrees>-33.3184610</LatitudeDegrees>
      <LongitudeDegrees>-71.3287991</LongitudeDegrees>
     </Position>
     <AltitudeMeters>286.85</AltitudeMeters>
     <DistanceMeters>35002.93580120579</DistanceMeters>
    </Trackpoint>
    <Trackpoint>
     <Time>2026-07-19T01:58:44+00:00</Time>
     <Position>
      <LatitudeDegrees>-33.3182455</LatitudeDegrees>
      <LongitudeDegrees>-71.3297846</LongitudeDegrees>
     </Position>
     <AltitudeMeters>286.38</AltitudeMeters>
     <DistanceMeters>35097.66936825481</DistanceMeters>
    </Trackpoint>
    <Trackpoint>
     <Time>2026-07-19T01:58:51+00:00</Time>
     <Position>
      <LatitudeDegrees>-33.3180300</LatitudeDegrees>
      <LongitudeDegrees>-71.3307700</LongitudeDegrees>
     </Position>
     <AltitudeMeters>285.76</AltitudeMeters>
     <DistanceMeters>35192.40293040879</DistanceMeters>
    </Trackpoint>
    <Trackpoint>
     <Time>2026-07-19T01:58:59+00:00</Time>
     <Position>
      <LatitudeDegrees>-33.3178950</LatitudeDegrees>
      <LongitudeDegrees>-71.3315300</LongitudeDegrees>
     </Position>
     <AltitudeMeters>285.06</AltitudeMeters>
     <DistanceMeters>35264.66425315821</DistanceMeters>
    </Trackpoint>
    <Trackpoint>
     <Time>2026-07-19T01:59:06+00:00</Time>
     <Position>
      <LatitudeDegrees>-33.3177600</LatitudeDegrees>
      <LongitudeDegrees>-71.3322900</LongitudeDegrees>
     </Position>
     <AltitudeMeters>284.61</AltitudeMeters>
     <DistanceMeters>35336.925540689015</DistanceMeters>
    </Trackpoint>
    <Trackpoint>
     <Time>2026-07-19T01:59:13+00:00</Time>
     <Position>
      <LatitudeDegrees>-33.3176400</LatitudeDegrees>
      <LongitudeDegrees>-71.3328300</LongitudeDegrees>
     </Position>
     <AltitudeMeters>284.43</AltitudeMeters>
     <DistanceMeters>35388.892603101434</DistanceMeters>
    </Trackpoint>
    <Trackpoint>
     <Time>2026-07-19T01:59:20+00:00</Time>
     <Position>
      <LatitudeDegrees>-33.3175200</LatitudeDegrees>
      <LongitudeDegrees>-71.3333700</LongitudeDegrees>
     </Position>
     <AltitudeMeters>283.92</AltitudeMeters>
     <DistanceMeters>35440.85967903011</DistanceMeters>
    </Trackpoint>
    <Trackpoint>
     <Time>2026-07-19T01:59:27+00:00</Time>
     <Position>
      <LatitudeDegrees>-33.3174300</LatitudeDegrees>
      <LongitudeDegrees>-71.3336400</LongitudeDegrees>
     </Position>
     <AltitudeMeters>283.25</AltitudeMeters>
     <DistanceMeters>35467.894595969534</DistanceMeters>
    </Trackpoint>
    <Trackpoint>
     <Time>2026-07-19T01:59:34+00:00</Time>
     <Position>
      <LatitudeDegrees>-33.3172300</LatitudeDegrees>
      <LongitudeDegrees>-71.3339700</LongitudeDegrees>
     </Position>
     <AltitudeMeters>282.76</AltitudeMeters>
     <DistanceMeters>35505.80780351928</DistanceMeters>
    </Trackpoint>
    <Trackpoint>
     <Time>2026-07-19T01:59:41+00:00</Time>
     <Position>
      <LatitudeDegrees>-33.3171000</LatitudeDegrees>
      <LongitudeDegrees>-71.3341300</LongitudeDegrees>
     </Position>
     <AltitudeMeters>282.79</AltitudeMeters>
     <DistanceMeters>35526.56271809317</DistanceMeters>
    </Trackpoint>
    <Trackpoint>
     <Time>2026-07-19T01:59:48+00:00</Time>
     <Position>
      <LatitudeDegrees>-33.3169600</LatitudeDegrees>
      <LongitudeDegrees>-71.3343500</LongitudeDegrees>
     </Position>
     <AltitudeMeters>282.91</AltitudeMeters>
     <DistanceMeters>35552.28087749035</DistanceMeters>
    </Trackpoint>
    <Trackpoint>
     <Time>2026-07-19T01:59:55+00:00</Time>
     <Position>
      <LatitudeDegrees>-33.3169100</LatitudeDegrees>
      <LongitudeDegrees>-71.3344800</LongitudeDegrees>
     </Position>
     <AltitudeMeters>283.05</AltitudeMeters>
     <DistanceMeters>35565.59051684394</DistanceMeters>
    </Trackpoint>
    <Trackpoint>
     <Time>2026-07-19T02:00:02+00:00</Time>
     <Position>
      <LatitudeDegrees>-33.3169600</LatitudeDegrees>
      <LongitudeDegrees>-71.3349000</LongitudeDegrees>
     </Position>
     <AltitudeMeters>284.0</AltitudeMeters>
     <DistanceMeters>35605.04645786051</DistanceMeters>
    </Trackpoint>
    <Trackpoint>
     <Time>2026-07-19T02:00:09+00:00</Time>
     <Position>
      <LatitudeDegrees>-33.3171380</LatitudeDegrees>
      <LongitudeDegrees>-71.3358400</LongitudeDegrees>
     </Position>
     <AltitudeMeters>284.88</AltitudeMeters>
     <DistanceMeters>35694.68596138437</DistanceMeters>
    </Trackpoint>
    <Trackpoint>
     <Time>2026-07-19T02:00:16+00:00</Time>
     <Position>
      <LatitudeDegrees>-33.3173160</LatitudeDegrees>
      <LongitudeDegrees>-71.3367800</LongitudeDegrees>
     </Position>
     <AltitudeMeters>285.07000000000005</AltitudeMeters>
     <DistanceMeters>35784.3254649072</DistanceMeters>
    </Trackpoint>
    <Trackpoint>
     <Time>2026-07-19T02:00:23+00:00</Time>
     <Position>
      <LatitudeDegrees>-33.3174940</LatitudeDegrees>
      <LongitudeDegrees>-71.3377200</LongitudeDegrees>
     </Position>
     <AltitudeMeters>284.89000000000004</AltitudeMeters>
     <DistanceMeters>35873.96496843258</DistanceMeters>
    </Trackpoint>
    <Trackpoint>
     <Time>2026-07-19T02:00:30+00:00</Time>
     <Position>
      <LatitudeDegrees>-33.3176720</LatitudeDegrees>
      <LongitudeDegrees>-71.3386600</LongitudeDegrees>
     </Position>
     <AltitudeMeters>284.24000000000007</AltitudeMeters>
     <DistanceMeters>35963.6044719556</DistanceMeters>
    </Trackpoint>
    <Trackpoint>
     <Time>2026-07-19T02:00:38+00:00</Time>
     <Position>
      <LatitudeDegrees>-33.3178500</LatitudeDegrees>
      <LongitudeDegrees>-71.3396000</LongitudeDegrees>
     </Position>
     <AltitudeMeters>283.90000000000003</AltitudeMeters>
     <DistanceMeters>36053.24397230245</DistanceMeters>
    </Trackpoint>
    <Trackpoint>
     <Time>2026-07-19T02:00:45+00:00</Time>
     <Position>
      <LatitudeDegrees>-33.3179000</LatitudeDegrees>
      <LongitudeDegrees>-71.3399500</LongitudeDegrees>
     </Position>
     <AltitudeMeters>283.90000000000003</AltitudeMeters>
     <DistanceMeters>36086.2671520252</DistanceMeters>
    </Trackpoint>
    <Trackpoint>
     <Time>2026-07-19T02:00:52+00:00</Time>
     <Position>
      <LatitudeDegrees>-33.3179400</LatitudeDegrees>
      <LongitudeDegrees>-71.3406100</LongitudeDegrees>
     </Position>
     <AltitudeMeters>283.81</AltitudeMeters>
     <DistanceMeters>36147.81011640571</DistanceMeters>
    </Trackpoint>
    <Trackpoint>
     <Time>2026-07-19T02:00:59+00:00</Time>
     <Position>
      <LatitudeDegrees>-33.3179000</LatitudeDegrees>
      <LongitudeDegrees>-71.3409800</LongitudeDegrees>
     </Position>
     <AltitudeMeters>284.13000000000005</AltitudeMeters>
     <DistanceMeters>36182.507867063454</DistanceMeters>
    </Trackpoint>
    <Trackpoint>
     <Time>2026-07-19T02:01:06+00:00</Time>
     <Position>
      <LatitudeDegrees>-33.3177300</LatitudeDegrees>
      <LongitudeDegrees>-71.3419350</LongitudeDegrees>
     </Position>
     <AltitudeMeters>284.33000000000004</AltitudeMeters>
     <DistanceMeters>36273.31844867623</DistanceMeters>
    </Trackpoint>
    <Trackpoint>
     <Time>2026-07-19T02:01:13+00:00</Time>
     <Position>
      <LatitudeDegrees>-33.3175600</LatitudeDegrees>
      <LongitudeDegrees>-71.3428900</LongitudeDegrees>
     </Position>
     <AltitudeMeters>283.57000000000005</AltitudeMeters>
     <DistanceMeters>36364.12902939423</DistanceMeters>
    </Trackpoint>
    <Trackpoint>
     <Time>2026-07-19T02:01:20+00:00</Time>
     <Position>
      <LatitudeDegrees>-33.3175200</LatitudeDegrees>
      <LongitudeDegrees>-71.3433500</LongitudeDegrees>
     </Position>
     <AltitudeMeters>283.78000000000003</AltitudeMeters>
     <DistanceMeters>36407.14143152206</DistanceMeters>
    </Trackpoint>
    <Trackpoint>
     <Time>2026-07-19T02:01:27+00:00</Time>
     <Position>
      <LatitudeDegrees>-33.3174900</LatitudeDegrees>
      <LongitudeDegrees>-71.3439800</LongitudeDegrees>
     </Position>
     <AltitudeMeters>283.73</AltitudeMeters>
     <DistanceMeters>36465.82842491936</DistanceMeters>
    </Trackpoint>
    <Trackpoint>
     <Time>2026-07-19T02:01:34+00:00</Time>
     <Position>
      <LatitudeDegrees>-33.3174000</LatitudeDegrees>
      <LongitudeDegrees>-71.3445600</LongitudeDegrees>
     </Position>
     <AltitudeMeters>283.83000000000004</AltitudeMeters>
     <DistanceMeters>36520.692370597986</DistanceMeters>
    </Trackpoint>
    <Trackpoint>
     <Time>2026-07-19T02:01:41+00:00</Time>
     <Position>
      <LatitudeDegrees>-33.3174700</LatitudeDegrees>
      <LongitudeDegrees>-71.3454100</LongitudeDegrees>
     </Position>
     <AltitudeMeters>283.95000000000005</AltitudeMeters>
     <DistanceMeters>36600.12800993616</DistanceMeters>
    </Trackpoint>
    <Trackpoint>
     <Time>2026-07-19T02:01:48+00:00</Time>
     <Position>
      <LatitudeDegrees>-33.3174500</LatitudeDegrees>
      <LongitudeDegrees>-71.3457700</LongitudeDegrees>
     </Position>
     <AltitudeMeters>283.85</AltitudeMeters>
     <DistanceMeters>36633.68304508403</DistanceMeters>
    </Trackpoint>
    <Trackpoint>
     <Time>2026-07-19T02:01:55+00:00</Time>
     <Position>
      <LatitudeDegrees>-33.3173600</LatitudeDegrees>
      <LongitudeDegrees>-71.3461200</LongitudeDegrees>
     </Position>
     <AltitudeMeters>283.69</AltitudeMeters>
     <DistanceMeters>36667.740459896166</DistanceMeters>
    </Trackpoint>
    <Trackpoint>
     <Time>2026-07-19T02:02:02+00:00</Time>
     <Position>
      <LatitudeDegrees>-33.3171600</LatitudeDegrees>
      <LongitudeDegrees>-71.3465400</LongitudeDegrees>
     </Position>
     <AltitudeMeters>283.77000000000004</AltitudeMeters>
     <DistanceMeters>36712.6989097541</DistanceMeters>
    </Trackpoint>
    <Trackpoint>
     <Time>2026-07-19T02:02:10+00:00</Time>
     <Position>
      <LatitudeDegrees>-33.3169800</LatitudeDegrees>
      <LongitudeDegrees>-71.3468400</LongitudeDegrees>
     </Position>
     <AltitudeMeters>283.72</AltitudeMeters>
     <DistanceMeters>36747.04711564709</DistanceMeters>
    </Trackpoint>
    <Trackpoint>
     <Time>2026-07-19T02:02:17+00:00</Time>
     <Position>
      <LatitudeDegrees>-33.3165500</LatitudeDegrees>
      <LongitudeDegrees>-71.3473800</LongitudeDegrees>
     </Position>
     <AltitudeMeters>283.71000000000004</AltitudeMeters>
     <DistanceMeters>36816.41976215874</DistanceMeters>
    </Trackpoint>
    <Trackpoint>
     <Time>2026-07-19T02:02:24+00:00</Time>
     <Position>
      <LatitudeDegrees>-33.3164700</LatitudeDegrees>
      <LongitudeDegrees>-71.3475200</LongitudeDegrees>
     </Position>
     <AltitudeMeters>283.76</AltitudeMeters>
     <DistanceMeters>36832.19349168019</DistanceMeters>
    </Trackpoint>
    <Trackpoint>
     <Time>2026-07-19T02:02:31+00:00</Time>
     <Position>
      <LatitudeDegrees>-33.3164400</LatitudeDegrees>
      <LongitudeDegrees>-71.3476900</LongitudeDegrees>
     </Position>
     <AltitudeMeters>283.77000000000004</AltitudeMeters>
     <DistanceMeters>36848.352907181354</DistanceMeters>
    </Trackpoint>
    <Trackpoint>
     <Time>2026-07-19T02:02:38+00:00</Time>
     <Position>
      <LatitudeDegrees>-33.3164600</LatitudeDegrees>
      <LongitudeDegrees>-71.3478700</LongitudeDegrees>
     </Position>
     <AltitudeMeters>283.77000000000004</AltitudeMeters>
     <DistanceMeters>36865.24099792032</DistanceMeters>
    </Trackpoint>
    <Trackpoint>
     <Time>2026-07-19T02:02:45+00:00</Time>
     <Position>
      <LatitudeDegrees>-33.3167700</LatitudeDegrees>
      <LongitudeDegrees>-71.3488600</LongitudeDegrees>
     </Position>
     <AltitudeMeters>283.03</AltitudeMeters>
     <DistanceMeters>36963.5669011532</DistanceMeters>
    </Trackpoint>
    <Trackpoint>
     <Time>2026-07-19T02:02:52+00:00</Time>
     <Position>
      <LatitudeDegrees>-33.3170343</LatitudeDegrees>
      <LongitudeDegrees>-71.3498157</LongitudeDegrees>
     </Position>
     <AltitudeMeters>282.01000000000005</AltitudeMeters>
     <DistanceMeters>37057.191531424425</DistanceMeters>
    </Trackpoint>
    <Trackpoint>
     <Time>2026-07-19T02:02:59+00:00</Time>
     <Position>
      <LatitudeDegrees>-33.3172986</LatitudeDegrees>
      <LongitudeDegrees>-71.3507714</LongitudeDegrees>
     </Position>
     <AltitudeMeters>281.61</AltitudeMeters>
     <DistanceMeters>37150.81616169748</DistanceMeters>
    </Trackpoint>
    <Trackpoint>
     <Time>2026-07-19T02:03:06+00:00</Time>
     <Position>
      <LatitudeDegrees>-33.3175629</LatitudeDegrees>
      <LongitudeDegrees>-71.3517271</LongitudeDegrees>
     </Position>
     <AltitudeMeters>281.27000000000004</AltitudeMeters>
     <DistanceMeters>37244.44079196994</DistanceMeters>
    </Trackpoint>
    <Trackpoint>
     <Time>2026-07-19T02:03:13+00:00</Time>
     <Position>
      <LatitudeDegrees>-33.3178272</LatitudeDegrees>
      <LongitudeDegrees>-71.3526828</LongitudeDegrees>
     </Position>
     <AltitudeMeters>280.69000000000005</AltitudeMeters>
     <DistanceMeters>37338.06542224208</DistanceMeters>
    </Trackpoint>
    <Trackpoint>
     <Time>2026-07-19T02:03:20+00:00</Time>
     <Position>
      <LatitudeDegrees>-33.3180915</LatitudeDegrees>
      <LongitudeDegrees>-71.3536385</LongitudeDegrees>
     </Position>
     <AltitudeMeters>280.43</AltitudeMeters>
     <DistanceMeters>37431.690052513695</DistanceMeters>
    </Trackpoint>
    <Trackpoint>
     <Time>2026-07-19T02:03:27+00:00</Time>
     <Position>
      <LatitudeDegrees>-33.3183557</LatitudeDegrees>
      <LongitudeDegrees>-71.3545943</LongitudeDegrees>
     </Position>
     <AltitudeMeters>280.38</AltitudeMeters>
     <DistanceMeters>37525.314682786106</DistanceMeters>
    </Trackpoint>
    <Trackpoint>
     <Time>2026-07-19T02:03:34+00:00</Time>
     <Position>
      <LatitudeDegrees>-33.3186200</LatitudeDegrees>
      <LongitudeDegrees>-71.3555500</LongitudeDegrees>
     </Position>
     <AltitudeMeters>280.42</AltitudeMeters>
     <DistanceMeters>37618.93931462569</DistanceMeters>
    </Trackpoint>
    <Trackpoint>
     <Time>2026-07-19T02:03:42+00:00</Time>
     <Position>
      <LatitudeDegrees>-33.3188750</LatitudeDegrees>
      <LongitudeDegrees>-71.3564400</LongitudeDegrees>
     </Position>
     <AltitudeMeters>279.98</AltitudeMeters>
     <DistanceMeters>37706.44084474639</DistanceMeters>
    </Trackpoint>
    <Trackpoint>
     <Time>2026-07-19T02:03:49+00:00</Time>
     <Position>
      <LatitudeDegrees>-33.3191300</LatitudeDegrees>
      <LongitudeDegrees>-71.3573300</LongitudeDegrees>
     </Position>
     <AltitudeMeters>280.21000000000004</AltitudeMeters>
     <DistanceMeters>37793.94237486929</DistanceMeters>
    </Trackpoint>
    <Trackpoint>
     <Time>2026-07-19T02:03:56+00:00</Time>
     <Position>
      <LatitudeDegrees>-33.3193850</LatitudeDegrees>
      <LongitudeDegrees>-71.3582200</LongitudeDegrees>
     </Position>
     <AltitudeMeters>279.92</AltitudeMeters>
     <DistanceMeters>37881.443904991625</DistanceMeters>
    </Trackpoint>
    <Trackpoint>
     <Time>2026-07-19T02:04:03+00:00</Time>
     <Position>
      <LatitudeDegrees>-33.3196400</LatitudeDegrees>
      <LongitudeDegrees>-71.3591100</LongitudeDegrees>
     </Position>
     <AltitudeMeters>280.13000000000005</AltitudeMeters>
     <DistanceMeters>37968.94543009516</DistanceMeters>
    </Trackpoint>
    <Trackpoint>
     <Time>2026-07-19T02:04:10+00:00</Time>
     <Position>
      <LatitudeDegrees>-33.3197900</LatitudeDegrees>
      <LongitudeDegrees>-71.3596950</LongitudeDegrees>
     </Position>
     <AltitudeMeters>280.48</AltitudeMeters>
     <DistanceMeters>38025.85455343627</DistanceMeters>
    </Trackpoint>
    <Trackpoint>
     <Time>2026-07-19T02:04:17+00:00</Time>
     <Position>
      <LatitudeDegrees>-33.3199400</LatitudeDegrees>
      <LongitudeDegrees>-71.3602800</LongitudeDegrees>
     </Position>
     <AltitudeMeters>281.01000000000005</AltitudeMeters>
     <DistanceMeters>38082.76363562758</DistanceMeters>
    </Trackpoint>
    <Trackpoint>
     <Time>2026-07-19T02:04:24+00:00</Time>
     <Position>
      <LatitudeDegrees>-33.3201950</LatitudeDegrees>
      <LongitudeDegrees>-71.3612250</LongitudeDegrees>
     </Position>
     <AltitudeMeters>281.67</AltitudeMeters>
     <DistanceMeters>38175.11759896588</DistanceMeters>
    </Trackpoint>
    <Trackpoint>
     <Time>2026-07-19T02:04:31+00:00</Time>
     <Position>
      <LatitudeDegrees>-33.3204500</LatitudeDegrees>
      <LongitudeDegrees>-71.3621700</LongitudeDegrees>
     </Position>
     <AltitudeMeters>282.18000000000006</AltitudeMeters>
     <DistanceMeters>38267.4715597303</DistanceMeters>
    </Trackpoint>
    <Trackpoint>
     <Time>2026-07-19T02:04:38+00:00</Time>
     <Position>
      <LatitudeDegrees>-33.3206500</LatitudeDegrees>
      <LongitudeDegrees>-71.3627800</LongitudeDegrees>
     </Position>
     <AltitudeMeters>282.1</AltitudeMeters>
     <DistanceMeters>38328.412104626856</DistanceMeters>
    </Trackpoint>
    <Trackpoint>
     <Time>2026-07-19T02:04:45+00:00</Time>
     <Position>
      <LatitudeDegrees>-33.3211000</LatitudeDegrees>
      <LongitudeDegrees>-71.3634050</LongitudeDegrees>
     </Position>
     <AltitudeMeters>281.2</AltitudeMeters>
     <DistanceMeters>38405.13742078099</DistanceMeters>
    </Trackpoint>
    <Trackpoint>
     <Time>2026-07-19T02:04:52+00:00</Time>
     <Position>
      <LatitudeDegrees>-33.3215500</LatitudeDegrees>
      <LongitudeDegrees>-71.3640300</LongitudeDegrees>
     </Position>
     <AltitudeMeters>281.19</AltitudeMeters>
     <DistanceMeters>38481.862720021265</DistanceMeters>
    </Trackpoint>
    <Trackpoint>
     <Time>2026-07-19T02:04:59+00:00</Time>
     <Position>
      <LatitudeDegrees>-33.3218400</LatitudeDegrees>
      <LongitudeDegrees>-71.3645600</LongitudeDegrees>
     </Position>
     <AltitudeMeters>281.7</AltitudeMeters>
     <DistanceMeters>38540.7792290811</DistanceMeters>
    </Trackpoint>
    <Trackpoint>
     <Time>2026-07-19T02:05:06+00:00</Time>
     <Position>
      <LatitudeDegrees>-33.3220400</LatitudeDegrees>
      <LongitudeDegrees>-71.3650550</LongitudeDegrees>
     </Position>
     <AltitudeMeters>282.71000000000004</AltitudeMeters>
     <DistanceMeters>38591.91248618721</DistanceMeters>
    </Trackpoint>
    <Trackpoint>
     <Time>2026-07-19T02:05:13+00:00</Time>
     <Position>
      <LatitudeDegrees>-33.3222400</LatitudeDegrees>
      <LongitudeDegrees>-71.3655500</LongitudeDegrees>
     </Position>
     <AltitudeMeters>283.46000000000004</AltitudeMeters>
     <DistanceMeters>38643.04574328412</DistanceMeters>
    </Trackpoint>
    <Trackpoint>
     <Time>2026-07-19T02:05:21+00:00</Time>
     <Position>
      <LatitudeDegrees>-33.3224550</LatitudeDegrees>
      <LongitudeDegrees>-71.3661400</LongitudeDegrees>
     </Position>
     <AltitudeMeters>284.12000000000006</AltitudeMeters>
     <DistanceMeters>38702.90517659302</DistanceMeters>
    </Trackpoint>
    <Trackpoint>
     <Time>2026-07-19T02:05:28+00:00</Time>
     <Position>
      <LatitudeDegrees>-33.3226700</LatitudeDegrees>
      <LongitudeDegrees>-71.3667300</LongitudeDegrees>
     </Position>
     <AltitudeMeters>284.90000000000003</AltitudeMeters>
     <DistanceMeters>38762.76458987737</DistanceMeters>
    </Trackpoint>
    <Trackpoint>
     <Time>2026-07-19T02:05:35+00:00</Time>
     <Position>
      <LatitudeDegrees>-33.3228000</LatitudeDegrees>
      <LongitudeDegrees>-71.3669900</LongitudeDegrees>
     </Position>
     <AltitudeMeters>285.08</AltitudeMeters>
     <DistanceMeters>38790.94218041563</DistanceMeters>
    </Trackpoint>
    <Trackpoint>
     <Time>2026-07-19T02:05:42+00:00</Time>
     <Position>
      <LatitudeDegrees>-33.3229600</LatitudeDegrees>
      <LongitudeDegrees>-71.3672500</LongitudeDegrees>
     </Position>
     <AltitudeMeters>284.96999999999997</AltitudeMeters>
     <DistanceMeters>38820.97115307579</DistanceMeters>
    </Trackpoint>
    <Trackpoint>
     <Time>2026-07-19T02:05:49+00:00</Time>
     <Position>
      <LatitudeDegrees>-33.3235175</LatitudeDegrees>
      <LongitudeDegrees>-71.3678675</LongitudeDegrees>
     </Position>
     <AltitudeMeters>284.16</AltitudeMeters>
     <DistanceMeters>38905.51411139731</DistanceMeters>
    </Trackpoint>
    <Trackpoint>
     <Time>2026-07-19T02:05:56+00:00</Time>
     <Position>
      <LatitudeDegrees>-33.3240750</LatitudeDegrees>
      <LongitudeDegrees>-71.3684850</LongitudeDegrees>
     </Position>
     <AltitudeMeters>282.45000000000005</AltitudeMeters>
     <DistanceMeters>38990.05706971777</DistanceMeters>
    </Trackpoint>
    <Trackpoint>
     <Time>2026-07-19T02:06:03+00:00</Time>
     <Position>
      <LatitudeDegrees>-33.3246325</LatitudeDegrees>
      <LongitudeDegrees>-71.3691025</LongitudeDegrees>
     </Position>
     <AltitudeMeters>280.52000000000004</AltitudeMeters>
     <DistanceMeters>39074.60002803881</DistanceMeters>
    </Trackpoint>
    <Trackpoint>
     <Time>2026-07-19T02:06:10+00:00</Time>
     <Position>
      <LatitudeDegrees>-33.3251900</LatitudeDegrees>
      <LongitudeDegrees>-71.3697200</LongitudeDegrees>
     </Position>
     <AltitudeMeters>278.78000000000003</AltitudeMeters>
     <DistanceMeters>39159.1429728097</DistanceMeters>
    </Trackpoint>
    <Trackpoint>
     <Time>2026-07-19T02:06:17+00:00</Time>
     <Position>
      <LatitudeDegrees>-33.3255500</LatitudeDegrees>
      <LongitudeDegrees>-71.3701450</LongitudeDegrees>
     </Position>
     <AltitudeMeters>277.61</AltitudeMeters>
     <DistanceMeters>39215.4222914414</DistanceMeters>
    </Trackpoint>
    <Trackpoint>
     <Time>2026-07-19T02:06:24+00:00</Time>
     <Position>
      <LatitudeDegrees>-33.3259100</LatitudeDegrees>
      <LongitudeDegrees>-71.3705700</LongitudeDegrees>
     </Position>
     <AltitudeMeters>276.91</AltitudeMeters>
     <DistanceMeters>39271.70158907276</DistanceMeters>
    </Trackpoint>
    <Trackpoint>
     <Time>2026-07-19T02:06:31+00:00</Time>
     <Position>
      <LatitudeDegrees>-33.3262200</LatitudeDegrees>
      <LongitudeDegrees>-71.3710200</LongitudeDegrees>
     </Position>
     <AltitudeMeters>276.34000000000003</AltitudeMeters>
     <DistanceMeters>39325.93772912165</DistanceMeters>
    </Trackpoint>
    <Trackpoint>
     <Time>2026-07-19T02:06:38+00:00</Time>
     <Position>
      <LatitudeDegrees>-33.3266300</LatitudeDegrees>
      <LongitudeDegrees>-71.3719600</LongitudeDegrees>
     </Position>
     <AltitudeMeters>275.05</AltitudeMeters>
     <DistanceMeters>39424.545064286016</DistanceMeters>
    </Trackpoint>
    <Trackpoint>
     <Time>2026-07-19T02:06:45+00:00</Time>
     <Position>
      <LatitudeDegrees>-33.3267600</LatitudeDegrees>
      <LongitudeDegrees>-71.3724400</LongitudeDegrees>
     </Position>
     <AltitudeMeters>274.93</AltitudeMeters>
     <DistanceMeters>39471.46815942639</DistanceMeters>
    </Trackpoint>
    <Trackpoint>
     <Time>2026-07-19T02:06:53+00:00</Time>
     <Position>
      <LatitudeDegrees>-33.3269000</LatitudeDegrees>
      <LongitudeDegrees>-71.3731100</LongitudeDegrees>
     </Position>
     <AltitudeMeters>274.63000000000005</AltitudeMeters>
     <DistanceMeters>39535.692313318475</DistanceMeters>
    </Trackpoint>
    <Trackpoint>
     <Time>2026-07-19T02:07:00+00:00</Time>
     <Position>
      <LatitudeDegrees>-33.3269400</LatitudeDegrees>
      <LongitudeDegrees>-71.3737000</LongitudeDegrees>
     </Position>
     <AltitudeMeters>274.54</AltitudeMeters>
     <DistanceMeters>39590.738514947916</DistanceMeters>
    </Trackpoint>
    <Trackpoint>
     <Time>2026-07-19T02:07:07+00:00</Time>
     <Position>
      <LatitudeDegrees>-33.3269400</LatitudeDegrees>
      <LongitudeDegrees>-71.3744100</LongitudeDegrees>
     </Position>
     <AltitudeMeters>275.1</AltitudeMeters>
     <DistanceMeters>39656.76355016908</DistanceMeters>
    </Trackpoint>
    <Trackpoint>
     <Time>2026-07-19T02:07:14+00:00</Time>
     <Position>
      <LatitudeDegrees>-33.3269750</LatitudeDegrees>
      <LongitudeDegrees>-71.3753550</LongitudeDegrees>
     </Position>
     <AltitudeMeters>277.23</AltitudeMeters>
     <DistanceMeters>39744.72819778362</DistanceMeters>
    </Trackpoint>
    <Trackpoint>
     <Time>2026-07-19T02:07:21+00:00</Time>
     <Position>
      <LatitudeDegrees>-33.3270100</LatitudeDegrees>
      <LongitudeDegrees>-71.3763000</LongitudeDegrees>
     </Position>
     <AltitudeMeters>278.57000000000005</AltitudeMeters>
     <DistanceMeters>39832.69284629955</DistanceMeters>
    </Trackpoint>
    <Trackpoint>
     <Time>2026-07-19T02:07:28+00:00</Time>
     <Position>
      <LatitudeDegrees>-33.3269800</LatitudeDegrees>
      <LongitudeDegrees>-71.3773500</LongitudeDegrees>
     </Position>
     <AltitudeMeters>279.26</AltitudeMeters>
     <DistanceMeters>39930.392511735154</DistanceMeters>
    </Trackpoint>
    <Trackpoint>
     <Time>2026-07-19T02:07:35+00:00</Time>
     <Position>
      <LatitudeDegrees>-33.3269850</LatitudeDegrees>
      <LongitudeDegrees>-71.3780100</LongitudeDegrees>
     </Position>
     <AltitudeMeters>278.99</AltitudeMeters>
     <DistanceMeters>39991.77039924065</DistanceMeters>
    </Trackpoint>
    <Trackpoint>
     <Time>2026-07-19T02:07:42+00:00</Time>
     <Position>
      <LatitudeDegrees>-33.3269900</LatitudeDegrees>
      <LongitudeDegrees>-71.3786700</LongitudeDegrees>
     </Position>
     <AltitudeMeters>278.68</AltitudeMeters>
     <DistanceMeters>40053.14826342315</DistanceMeters>
    </Trackpoint>
    <Trackpoint>
     <Time>2026-07-19T02:07:49+00:00</Time>
     <Position>
      <LatitudeDegrees>-33.3270300</LatitudeDegrees>
      <LongitudeDegrees>-71.3789900</LongitudeDegrees>
     </Position>
     <AltitudeMeters>278.05</AltitudeMeters>
     <DistanceMeters>40083.23716108818</DistanceMeters>
    </Trackpoint>
    <Trackpoint>
     <Time>2026-07-19T02:07:56+00:00</Time>
     <Position>
      <LatitudeDegrees>-33.3271000</LatitudeDegrees>
      <LongitudeDegrees>-71.3793800</LongitudeDegrees>
     </Position>
     <AltitudeMeters>277.51000000000005</AltitudeMeters>
     <DistanceMeters>40120.33171966497</DistanceMeters>
    </Trackpoint>
    <Trackpoint>
     <Time>2026-07-19T02:08:03+00:00</Time>
     <Position>
      <LatitudeDegrees>-33.3272100</LatitudeDegrees>
      <LongitudeDegrees>-71.3797500</LongitudeDegrees>
     </Position>
     <AltitudeMeters>276.92</AltitudeMeters>
     <DistanceMeters>40156.852174478205</DistanceMeters>
    </Trackpoint>
    <Trackpoint>
     <Time>2026-07-19T02:08:10+00:00</Time>
     <Position>
      <LatitudeDegrees>-33.3275350</LatitudeDegrees>
      <LongitudeDegrees>-71.3807400</LongitudeDegrees>
     </Position>
     <AltitudeMeters>274.25000000000006</AltitudeMeters>
     <DistanceMeters>40255.76547573039</DistanceMeters>
    </Trackpoint>
    <Trackpoint>
     <Time>2026-07-19T02:08:17+00:00</Time>
     <Position>
      <LatitudeDegrees>-33.3278600</LatitudeDegrees>
      <LongitudeDegrees>-71.3817300</LongitudeDegrees>
     </Position>
     <AltitudeMeters>273.87</AltitudeMeters>
     <DistanceMeters>40354.67879168586</DistanceMeters>
    </Trackpoint>
    <Trackpoint>
     <Time>2026-07-19T02:08:25+00:00</Time>
     <Position>
      <LatitudeDegrees>-33.3279300</LatitudeDegrees>
      <LongitudeDegrees>-71.3819900</LongitudeDegrees>
     </Position>
     <AltitudeMeters>274.01000000000005</AltitudeMeters>
     <DistanceMeters>40380.08089071053</DistanceMeters>
    </Trackpoint>
    <Trackpoint>
     <Time>2026-07-19T02:08:32+00:00</Time>
     <Position>
      <LatitudeDegrees>-33.3279500</LatitudeDegrees>
      <LongitudeDegrees>-71.3822100</LongitudeDegrees>
     </Position>
     <AltitudeMeters>274.35</AltitudeMeters>
     <DistanceMeters>40400.65985414652</DistanceMeters>
    </Trackpoint>
    <Trackpoint>
     <Time>2026-07-19T02:08:39+00:00</Time>
     <Position>
      <LatitudeDegrees>-33.3279500</LatitudeDegrees>
      <LongitudeDegrees>-71.3827000</LongitudeDegrees>
     </Position>
     <AltitudeMeters>274.77</AltitudeMeters>
     <DistanceMeters>40446.22589957131</DistanceMeters>
    </Trackpoint>
    <Trackpoint>
     <Time>2026-07-19T02:08:46+00:00</Time>
     <Position>
      <LatitudeDegrees>-33.3278600</LatitudeDegrees>
      <LongitudeDegrees>-71.3837000</LongitudeDegrees>
     </Position>
     <AltitudeMeters>274.24</AltitudeMeters>
     <DistanceMeters>40539.75578983028</DistanceMeters>
    </Trackpoint>
    <Trackpoint>
     <Time>2026-07-19T02:08:53+00:00</Time>
     <Position>
      <LatitudeDegrees>-33.3278800</LatitudeDegrees>
      <LongitudeDegrees>-71.3843300</LongitudeDegrees>
     </Position>
     <AltitudeMeters>273.34000000000003</AltitudeMeters>
     <DistanceMeters>40598.383030285564</DistanceMeters>
    </Trackpoint>
    <Trackpoint>
     <Time>2026-07-19T02:09:00+00:00</Time>
     <Position>
      <LatitudeDegrees>-33.3279900</LatitudeDegrees>
      <LongitudeDegrees>-71.3847600</LongitudeDegrees>
     </Position>
     <AltitudeMeters>272.52000000000004</AltitudeMeters>
     <DistanceMeters>40640.20171649857</DistanceMeters>
    </Trackpoint>
    <Trackpoint>
     <Time>2026-07-19T02:09:07+00:00</Time>
     <Position>
      <LatitudeDegrees>-33.3282650</LatitudeDegrees>
      <LongitudeDegrees>-71.3855150</LongitudeDegrees>
     </Position>
     <AltitudeMeters>271.16</AltitudeMeters>
     <DistanceMeters>40716.79153664512</DistanceMeters>
    </Trackpoint>
    <Trackpoint>
     <Time>2026-07-19T02:09:14+00:00</Time>
     <Position>
      <LatitudeDegrees>-33.3285400</LatitudeDegrees>
      <LongitudeDegrees>-71.3862700</LongitudeDegrees>
     </Position>
     <AltitudeMeters>270.31</AltitudeMeters>
     <DistanceMeters>40793.38136615882</DistanceMeters>
    </Trackpoint>
    <Trackpoint>
     <Time>2026-07-19T02:09:21+00:00</Time>
     <Position>
      <LatitudeDegrees>-33.3288400</LatitudeDegrees>
      <LongitudeDegrees>-71.3871450</LongitudeDegrees>
     </Position>
     <AltitudeMeters>270.02000000000004</AltitudeMeters>
     <DistanceMeters>40881.332553539774</DistanceMeters>
    </Trackpoint>
    <Trackpoint>
     <Time>2026-07-19T02:09:28+00:00</Time>
     <Position>
      <LatitudeDegrees>-33.3291400</LatitudeDegrees>
      <LongitudeDegrees>-71.3880200</LongitudeDegrees>
     </Position>
     <AltitudeMeters>272.04</AltitudeMeters>
     <DistanceMeters>40969.28374436955</DistanceMeters>
    </Trackpoint>
    <Trackpoint>
     <Time>2026-07-19T02:09:35+00:00</Time>
     <Position>
      <LatitudeDegrees>-33.3293000</LatitudeDegrees>
      <LongitudeDegrees>-71.3884200</LongitudeDegrees>
     </Position>
     <AltitudeMeters>273.86000000000007</AltitudeMeters>
     <DistanceMeters>41010.522800372324</DistanceMeters>
    </Trackpoint>
    <Trackpoint>
     <Time>2026-07-19T02:09:42+00:00</Time>
     <Position>
      <LatitudeDegrees>-33.3293900</LatitudeDegrees>
      <LongitudeDegrees>-71.3886500</LongitudeDegrees>
     </Position>
     <AltitudeMeters>274.73</AltitudeMeters>
     <DistanceMeters>41034.139966690534</DistanceMeters>
    </Trackpoint>
    <Trackpoint>
     <Time>2026-07-19T02:09:49+00:00</Time>
     <Position>
      <LatitudeDegrees>-33.3295400</LatitudeDegrees>
      <LongitudeDegrees>-71.3889400</LongitudeDegrees>
     </Position>
     <AltitudeMeters>275.27</AltitudeMeters>
     <DistanceMeters>41065.85637815646</DistanceMeters>
    </Trackpoint>
    <Trackpoint>
     <Time>2026-07-19T02:09:56+00:00</Time>
     <Position>
      <LatitudeDegrees>-33.3299800</LatitudeDegrees>
      <LongitudeDegrees>-71.3897300</LongitudeDegrees>
     </Position>
     <AltitudeMeters>277.12</AltitudeMeters>
     <DistanceMeters>41154.14426212872</DistanceMeters>
    </Trackpoint>
    <Trackpoint>
     <Time>2026-07-19T02:10:04+00:00</Time>
     <Position>
      <LatitudeDegrees>-33.3299600</LatitudeDegrees>
      <LongitudeDegrees>-71.3901100</LongitudeDegrees>
     </Position>
     <AltitudeMeters>276.36000000000007</AltitudeMeters>
     <DistanceMeters>41189.55041469697</DistanceMeters>
    </Trackpoint>
    <Trackpoint>
     <Time>2026-07-19T02:10:11+00:00</Time>
     <Position>
      <LatitudeDegrees>-33.3296000</LatitudeDegrees>
      <LongitudeDegrees>-71.3908350</LongitudeDegrees>
     </Position>
     <AltitudeMeters>271.69000000000005</AltitudeMeters>
     <DistanceMeters>41267.9754753772</DistanceMeters>
    </Trackpoint>
    <Trackpoint>
     <Time>2026-07-19T02:10:18+00:00</Time>
     <Position>
      <LatitudeDegrees>-33.3292400</LatitudeDegrees>
      <LongitudeDegrees>-71.3915600</LongitudeDegrees>
     </Position>
     <AltitudeMeters>267.65</AltitudeMeters>
     <DistanceMeters>41346.40052738473</DistanceMeters>
    </Trackpoint>
    <Trackpoint>
     <Time>2026-07-19T02:10:25+00:00</Time>
     <Position>
      <LatitudeDegrees>-33.3288380</LatitudeDegrees>
      <LongitudeDegrees>-71.3924580</LongitudeDegrees>
     </Position>
     <AltitudeMeters>266.69000000000005</AltitudeMeters>
     <DistanceMeters>41441.13740861991</DistanceMeters>
    </Trackpoint>
    <Trackpoint>
     <Time>2026-07-19T02:10:32+00:00</Time>
     <Position>
      <LatitudeDegrees>-33.3284360</LatitudeDegrees>
      <LongitudeDegrees>-71.3933560</LongitudeDegrees>
     </Position>
     <AltitudeMeters>266.86</AltitudeMeters>
     <DistanceMeters>41535.87428985696</DistanceMeters>
    </Trackpoint>
    <Trackpoint>
     <Time>2026-07-19T02:10:39+00:00</Time>
     <Position>
      <LatitudeDegrees>-33.3280340</LatitudeDegrees>
      <LongitudeDegrees>-71.3942540</LongitudeDegrees>
     </Position>
     <AltitudeMeters>266.6</AltitudeMeters>
     <DistanceMeters>41630.61117109224</DistanceMeters>
    </Trackpoint>
    <Trackpoint>
     <Time>2026-07-19T02:10:46+00:00</Time>
     <Position>
      <LatitudeDegrees>-33.3276320</LatitudeDegrees>
      <LongitudeDegrees>-71.3951520</LongitudeDegrees>
     </Position>
     <AltitudeMeters>266.40000000000003</AltitudeMeters>
     <DistanceMeters>41725.34805232827</DistanceMeters>
    </Trackpoint>
    <Trackpoint>
     <Time>2026-07-19T02:10:53+00:00</Time>
     <Position>
      <LatitudeDegrees>-33.3272300</LatitudeDegrees>
      <LongitudeDegrees>-71.3960500</LongitudeDegrees>
     </Position>
     <AltitudeMeters>266.28000000000003</AltitudeMeters>
     <DistanceMeters>41820.084941013825</DistanceMeters>
    </Trackpoint>
    <Trackpoint>
     <Time>2026-07-19T02:11:00+00:00</Time>
     <Position>
      <LatitudeDegrees>-33.3269850</LatitudeDegrees>
      <LongitudeDegrees>-71.3965650</LongitudeDegrees>
     </Position>
     <AltitudeMeters>266.18</AltitudeMeters>
     <DistanceMeters>41875.19480702131</DistanceMeters>
    </Trackpoint>
    <Trackpoint>
     <Time>2026-07-19T02:11:07+00:00</Time>
     <Position>
      <LatitudeDegrees>-33.3267400</LatitudeDegrees>
      <LongitudeDegrees>-71.3970800</LongitudeDegrees>
     </Position>
     <AltitudeMeters>265.89</AltitudeMeters>
     <DistanceMeters>41930.3046683337</DistanceMeters>
    </Trackpoint>
    <Trackpoint>
     <Time>2026-07-19T02:11:14+00:00</Time>
     <Position>
      <LatitudeDegrees>-33.3264600</LatitudeDegrees>
      <LongitudeDegrees>-71.3977300</LongitudeDegrees>
     </Position>
     <AltitudeMeters>265.86</AltitudeMeters>
     <DistanceMeters>41998.3106463166</DistanceMeters>
    </Trackpoint>
    <Trackpoint>
     <Time>2026-07-19T02:11:21+00:00</Time>
     <Position>
      <LatitudeDegrees>-33.3261800</LatitudeDegrees>
      <LongitudeDegrees>-71.3983800</LongitudeDegrees>
     </Position>
     <AltitudeMeters>265.49</AltitudeMeters>
     <DistanceMeters>42066.31662005241</DistanceMeters>
    </Trackpoint>
    <Trackpoint>
     <Time>2026-07-19T02:11:28+00:00</Time>
     <Position>
      <LatitudeDegrees>-33.3258900</LatitudeDegrees>
      <LongitudeDegrees>-71.3989850</LongitudeDegrees>
     </Position>
     <AltitudeMeters>265.32</AltitudeMeters>
     <DistanceMeters>42131.17857127134</DistanceMeters>
    </Trackpoint>
    <Trackpoint>
     <Time>2026-07-19T02:11:36+00:00</Time>
     <Position>
      <LatitudeDegrees>-33.3256000</LatitudeDegrees>
      <LongitudeDegrees>-71.3995900</LongitudeDegrees>
     </Position>
     <AltitudeMeters>265.26</AltitudeMeters>
     <DistanceMeters>42196.040547062075</DistanceMeters>
    </Trackpoint>
    <Trackpoint>
     <Time>2026-07-19T02:11:43+00:00</Time>
     <Position>
      <LatitudeDegrees>-33.3255900</LatitudeDegrees>
      <LongitudeDegrees>-71.3996600</LongitudeDegrees>
     </Position>
     <AltitudeMeters>265.26</AltitudeMeters>
     <DistanceMeters>42202.64461460456</DistanceMeters>
    </Trackpoint>
    <Trackpoint>
     <Time>2026-07-19T02:11:50+00:00</Time>
     <Position>
      <LatitudeDegrees>-33.3252750</LatitudeDegrees>
      <LongitudeDegrees>-71.4003825</LongitudeDegrees>
     </Position>
     <AltitudeMeters>265.5</AltitudeMeters>
     <DistanceMeters>42278.43004318664</DistanceMeters>
    </Trackpoint>
    <Trackpoint>
     <Time>2026-07-19T02:11:57+00:00</Time>
     <Position>
      <LatitudeDegrees>-33.3249600</LatitudeDegrees>
      <LongitudeDegrees>-71.4011050</LongitudeDegrees>
     </Position>
     <AltitudeMeters>265.79</AltitudeMeters>
     <DistanceMeters>42354.21547176833</DistanceMeters>
    </Trackpoint>
    <Trackpoint>
     <Time>2026-07-19T02:12:04+00:00</Time>
     <Position>
      <LatitudeDegrees>-33.3246450</LatitudeDegrees>
      <LongitudeDegrees>-71.4018275</LongitudeDegrees>
     </Position>
     <AltitudeMeters>266.18</AltitudeMeters>
     <DistanceMeters>42430.000900348765</DistanceMeters>
    </Trackpoint>
    <Trackpoint>
     <Time>2026-07-19T02:12:11+00:00</Time>
     <Position>
      <LatitudeDegrees>-33.3243300</LatitudeDegrees>
      <LongitudeDegrees>-71.4025500</LongitudeDegrees>
     </Position>
     <AltitudeMeters>266.38</AltitudeMeters>
     <DistanceMeters>42505.78633471839</DistanceMeters>
    </Trackpoint>
    <Trackpoint>
     <Time>2026-07-19T02:12:18+00:00</Time>
     <Position>
      <LatitudeDegrees>-33.3239300</LatitudeDegrees>
      <LongitudeDegrees>-71.4034472</LongitudeDegrees>
     </Position>
     <AltitudeMeters>266.64000000000004</AltitudeMeters>
     <DistanceMeters>42600.35245075593</DistanceMeters>
    </Trackpoint>
    <Trackpoint>
     <Time>2026-07-19T02:12:25+00:00</Time>
     <Position>
      <LatitudeDegrees>-33.3235300</LatitudeDegrees>
      <LongitudeDegrees>-71.4043443</LongitudeDegrees>
     </Position>
     <AltitudeMeters>266.43</AltitudeMeters>
     <DistanceMeters>42694.91856679056</DistanceMeters>
    </Trackpoint>
    <Trackpoint>
     <Time>2026-07-19T02:12:32+00:00</Time>
     <Position>
      <LatitudeDegrees>-33.3231300</LatitudeDegrees>
      <LongitudeDegrees>-71.4052415</LongitudeDegrees>
     </Position>
     <AltitudeMeters>266.34000000000003</AltitudeMeters>
     <DistanceMeters>42789.484682825656</DistanceMeters>
    </Trackpoint>
    <Trackpoint>
     <Time>2026-07-19T02:12:39+00:00</Time>
     <Position>
      <LatitudeDegrees>-33.3227300</LatitudeDegrees>
      <LongitudeDegrees>-71.4061386</LongitudeDegrees>
     </Position>
     <AltitudeMeters>265.96000000000004</AltitudeMeters>
     <DistanceMeters>42884.050798861885</DistanceMeters>
    </Trackpoint>
    <Trackpoint>
     <Time>2026-07-19T02:12:46+00:00</Time>
     <Position>
      <LatitudeDegrees>-33.3223300</LatitudeDegrees>
      <LongitudeDegrees>-71.4070358</LongitudeDegrees>
     </Position>
     <AltitudeMeters>265.97</AltitudeMeters>
     <DistanceMeters>42978.61691489799</DistanceMeters>
    </Trackpoint>
    <Trackpoint>
     <Time>2026-07-19T02:12:53+00:00</Time>
     <Position>
      <LatitudeDegrees>-33.3219300</LatitudeDegrees>
      <LongitudeDegrees>-71.4079329</LongitudeDegrees>
     </Position>
     <AltitudeMeters>265.75000000000006</AltitudeMeters>
     <DistanceMeters>43073.183030932734</DistanceMeters>
    </Trackpoint>
    <Trackpoint>
     <Time>2026-07-19T02:13:00+00:00</Time>
     <Position>
      <LatitudeDegrees>-33.3215300</LatitudeDegrees>
      <LongitudeDegrees>-71.4088300</LongitudeDegrees>
     </Position>
     <AltitudeMeters>265.5</AltitudeMeters>
     <DistanceMeters>43167.74914917075</DistanceMeters>
    </Trackpoint>
    <Trackpoint>
     <Time>2026-07-19T02:13:08+00:00</Time>
     <Position>
      <LatitudeDegrees>-33.3211200</LatitudeDegrees>
      <LongitudeDegrees>-71.4097700</LongitudeDegrees>
     </Position>
     <AltitudeMeters>265.35</AltitudeMeters>
     <DistanceMeters>43266.361019506294</DistanceMeters>
    </Trackpoint>
    <Trackpoint>
     <Time>2026-07-19T02:13:15+00:00</Time>
     <Position>
      <LatitudeDegrees>-33.3205733</LatitudeDegrees>
      <LongitudeDegrees>-71.4094767</LongitudeDegrees>
     </Position>
     <AltitudeMeters>265.43</AltitudeMeters>
     <DistanceMeters>43333.03863685762</DistanceMeters>
    </Trackpoint>
    <Trackpoint>
     <Time>2026-07-19T02:13:22+00:00</Time>
     <Position>
      <LatitudeDegrees>-33.3200267</LatitudeDegrees>
      <LongitudeDegrees>-71.4091833</LongitudeDegrees>
     </Position>
     <AltitudeMeters>264.96000000000004</AltitudeMeters>
     <DistanceMeters>43399.71625420627</DistanceMeters>
    </Trackpoint>
    <Trackpoint>
     <Time>2026-07-19T02:13:29+00:00</Time>
     <Position>
      <LatitudeDegrees>-33.3194800</LatitudeDegrees>
      <LongitudeDegrees>-71.4088900</LongitudeDegrees>
     </Position>
     <AltitudeMeters>264.79</AltitudeMeters>
     <DistanceMeters>43466.39387517012</DistanceMeters>
    </Trackpoint>
    <Trackpoint>
     <Time>2026-07-19T02:13:36+00:00</Time>
     <Position>
      <LatitudeDegrees>-33.3191500</LatitudeDegrees>
      <LongitudeDegrees>-71.4098600</LongitudeDegrees>
     </Position>
     <AltitudeMeters>265.01</AltitudeMeters>
     <DistanceMeters>43563.79489693632</DistanceMeters>
    </Trackpoint>
    <Trackpoint>
     <Time>2026-07-19T02:13:43+00:00</Time>
     <Position>
      <LatitudeDegrees>-33.3184900</LatitudeDegrees>
      <LongitudeDegrees>-71.4095367</LongitudeDegrees>
     </Position>
     <AltitudeMeters>265.03000000000003</AltitudeMeters>
     <DistanceMeters>43643.16687500755</DistanceMeters>
    </Trackpoint>
    <Trackpoint>
     <Time>2026-07-19T02:13:50+00:00</Time>
     <Position>
      <LatitudeDegrees>-33.3178300</LatitudeDegrees>
      <LongitudeDegrees>-71.4092133</LongitudeDegrees>
     </Position>
     <AltitudeMeters>264.66</AltitudeMeters>
     <DistanceMeters>43722.53885307935</DistanceMeters>
    </Trackpoint>
    <Trackpoint>
     <Time>2026-07-19T02:13:57+00:00</Time>
     <Position>
      <LatitudeDegrees>-33.3171700</LatitudeDegrees>
      <LongitudeDegrees>-71.4088900</LongitudeDegrees>
     </Position>
     <AltitudeMeters>264.79</AltitudeMeters>
     <DistanceMeters>43801.910813015005</DistanceMeters>
    </Trackpoint>
    <Trackpoint>
     <Time>2026-07-19T02:14:04+00:00</Time>
     <Position>
      <LatitudeDegrees>-33.3171200</LatitudeDegrees>
      <LongitudeDegrees>-71.4089600</LongitudeDegrees>
     </Position>
     <AltitudeMeters>264.79</AltitudeMeters>
     <DistanceMeters>43810.47527877166</DistanceMeters>
    </Trackpoint>
    <Trackpoint>
     <Time>2026-07-19T02:14:11+00:00</Time>
     <Position>
      <LatitudeDegrees>-33.3170800</LatitudeDegrees>
      <LongitudeDegrees>-71.4089400</LongitudeDegrees>
     </Position>
     <AltitudeMeters>264.19000000000005</AltitudeMeters>
     <DistanceMeters>43815.30007163588</DistanceMeters>
    </Trackpoint>
    <Trackpoint>
     <Time>2026-07-19T02:14:18+00:00</Time>
     <Position>
      <LatitudeDegrees>-33.3168500</LatitudeDegrees>
      <LongitudeDegrees>-71.4092500</LongitudeDegrees>
     </Position>
     <AltitudeMeters>263.82</AltitudeMeters>
     <DistanceMeters>43853.85512443082</DistanceMeters>
    </Trackpoint>
    <Trackpoint>
     <Time>2026-07-19T02:14:25+00:00</Time>
     <Position>
      <LatitudeDegrees>-33.3163600</LatitudeDegrees>
      <LongitudeDegrees>-71.4097950</LongitudeDegrees>
     </Position>
     <AltitudeMeters>263.45</AltitudeMeters>
     <DistanceMeters>43928.308192759854</DistanceMeters>
    </Trackpoint>
    <Trackpoint>
     <Time>2026-07-19T02:14:32+00:00</Time>
     <Position>
      <LatitudeDegrees>-33.3158700</LatitudeDegrees>
      <LongitudeDegrees>-71.4103400</LongitudeDegrees>
     </Position>
     <AltitudeMeters>263.74</AltitudeMeters>
     <DistanceMeters>44002.76127047596</DistanceMeters>
    </Trackpoint>
    <Trackpoint>
     <Time>2026-07-19T02:14:39+00:00</Time>
     <Position>
      <LatitudeDegrees>-33.3152550</LatitudeDegrees>
      <LongitudeDegrees>-71.4109725</LongitudeDegrees>
     </Position>
     <AltitudeMeters>263.44</AltitudeMeters>
     <DistanceMeters>44093.01376377836</DistanceMeters>
    </Trackpoint>
    <Trackpoint>
     <Time>2026-07-19T02:14:47+00:00</Time>
     <Position>
      <LatitudeDegrees>-33.3146400</LatitudeDegrees>
      <LongitudeDegrees>-71.4116050</LongitudeDegrees>
     </Position>
     <AltitudeMeters>263.21</AltitudeMeters>
     <DistanceMeters>44183.26625708157</DistanceMeters>
    </Trackpoint>
    <Trackpoint>
     <Time>2026-07-19T02:14:54+00:00</Time>
     <Position>
      <LatitudeDegrees>-33.3140250</LatitudeDegrees>
      <LongitudeDegrees>-71.4122375</LongitudeDegrees>
     </Position>
     <AltitudeMeters>262.95</AltitudeMeters>
     <DistanceMeters>44273.51875038433</DistanceMeters>
    </Trackpoint>
    <Trackpoint>
     <Time>2026-07-19T02:15:01+00:00</Time>
     <Position>
      <LatitudeDegrees>-33.3134100</LatitudeDegrees>
      <LongitudeDegrees>-71.4128700</LongitudeDegrees>
     </Position>
     <AltitudeMeters>262.76000000000005</AltitudeMeters>
     <DistanceMeters>44363.77125614189</DistanceMeters>
    </Trackpoint>
    <Trackpoint>
     <Time>2026-07-19T02:15:08+00:00</Time>
     <Position>
      <LatitudeDegrees>-33.3132900</LatitudeDegrees>
      <LongitudeDegrees>-71.4135500</LongitudeDegrees>
     </Position>
     <AltitudeMeters>262.64000000000004</AltitudeMeters>
     <DistanceMeters>44428.411122161866</DistanceMeters>
    </Trackpoint>
    <Trackpoint>
     <Time>2026-07-19T02:15:15+00:00</Time>
     <Position>
      <LatitudeDegrees>-33.3133100</LatitudeDegrees>
      <LongitudeDegrees>-71.4139100</LongitudeDegrees>
     </Position>
     <AltitudeMeters>262.64000000000004</AltitudeMeters>
     <DistanceMeters>44461.967751579105</DistanceMeters>
    </Trackpoint>
    <Trackpoint>
     <Time>2026-07-19T02:15:22+00:00</Time>
     <Position>
      <LatitudeDegrees>-33.3133800</LatitudeDegrees>
      <LongitudeDegrees>-71.4142600</LongitudeDegrees>
     </Position>
     <AltitudeMeters>262.72</AltitudeMeters>
     <DistanceMeters>44495.43966031889</DistanceMeters>
    </Trackpoint>
    <Trackpoint>
     <Time>2026-07-19T02:15:29+00:00</Time>
     <Position>
      <LatitudeDegrees>-33.3134500</LatitudeDegrees>
      <LongitudeDegrees>-71.4143900</LongitudeDegrees>
     </Position>
     <AltitudeMeters>262.66</AltitudeMeters>
     <DistanceMeters>44509.82320832415</DistanceMeters>
    </Trackpoint>
    <Trackpoint>
     <Time>2026-07-19T02:15:36+00:00</Time>
     <Position>
      <LatitudeDegrees>-33.3138400</LatitudeDegrees>
      <LongitudeDegrees>-71.4149500</LongitudeDegrees>
     </Position>
     <AltitudeMeters>262.42</AltitudeMeters>
     <DistanceMeters>44577.62256679045</DistanceMeters>
    </Trackpoint>
    <Trackpoint>
     <Time>2026-07-19T02:15:43+00:00</Time>
     <Position>
      <LatitudeDegrees>-33.3142300</LatitudeDegrees>
      <LongitudeDegrees>-71.4155100</LongitudeDegrees>
     </Position>
     <AltitudeMeters>262.49</AltitudeMeters>
     <DistanceMeters>44645.42195833022</DistanceMeters>
    </Trackpoint>
    <Trackpoint>
     <Time>2026-07-19T02:15:50+00:00</Time>
     <Position>
      <LatitudeDegrees>-33.3147250</LatitudeDegrees>
      <LongitudeDegrees>-71.4162650</LongitudeDegrees>
     </Position>
     <AltitudeMeters>262.45</AltitudeMeters>
     <DistanceMeters>44734.67353549523</DistanceMeters>
    </Trackpoint>
    <Trackpoint>
     <Time>2026-07-19T02:15:57+00:00</Time>
     <Position>
      <LatitudeDegrees>-33.3152200</LatitudeDegrees>
      <LongitudeDegrees>-71.4170200</LongitudeDegrees>
     </Position>
     <AltitudeMeters>262.66</AltitudeMeters>
     <DistanceMeters>44823.925122189496</DistanceMeters>
    </Trackpoint>
    <Trackpoint>
     <Time>2026-07-19T02:16:04+00:00</Time>
     <Position>
      <LatitudeDegrees>-33.3157700</LatitudeDegrees>
      <LongitudeDegrees>-71.4177950</LongitudeDegrees>
     </Position>
     <AltitudeMeters>262.53000000000003</AltitudeMeters>
     <DistanceMeters>44918.48803556741</DistanceMeters>
    </Trackpoint>
    <Trackpoint>
     <Time>2026-07-19T02:16:11+00:00</Time>
     <Position>
      <LatitudeDegrees>-33.3163200</LatitudeDegrees>
      <LongitudeDegrees>-71.4185699</LongitudeDegrees>
     </Position>
     <AltitudeMeters>263.1</AltitudeMeters>
     <DistanceMeters>45013.05094894532</DistanceMeters>
    </Trackpoint>
    <Trackpoint>
     <Time>2026-07-19T02:16:19+00:00</Time>
     <Position>
      <LatitudeDegrees>-33.3168700</LatitudeDegrees>
      <LongitudeDegrees>-71.4193449</LongitudeDegrees>
     </Position>
     <AltitudeMeters>263.27</AltitudeMeters>
     <DistanceMeters>45107.61386232352</DistanceMeters>
    </Trackpoint>
    <Trackpoint>
     <Time>2026-07-19T02:16:26+00:00</Time>
     <Position>
      <LatitudeDegrees>-33.3174200</LatitudeDegrees>
      <LongitudeDegrees>-71.4201199</LongitudeDegrees>
     </Position>
     <AltitudeMeters>263.63000000000005</AltitudeMeters>
     <DistanceMeters>45202.17677570232</DistanceMeters>
    </Trackpoint>
    <Trackpoint>
     <Time>2026-07-19T02:16:33+00:00</Time>
     <Position>
      <LatitudeDegrees>-33.3179700</LatitudeDegrees>
      <LongitudeDegrees>-71.4208949</LongitudeDegrees>
     </Position>
     <AltitudeMeters>264.56</AltitudeMeters>
     <DistanceMeters>45296.73968907948</DistanceMeters>
    </Trackpoint>
    <Trackpoint>
     <Time>2026-07-19T02:16:40+00:00</Time>
     <Position>
      <LatitudeDegrees>-33.3185200</LatitudeDegrees>
      <LongitudeDegrees>-71.4216699</LongitudeDegrees>
     </Position>
     <AltitudeMeters>264.33</AltitudeMeters>
     <DistanceMeters>45391.302602458345</DistanceMeters>
    </Trackpoint>
    <Trackpoint>
     <Time>2026-07-19T02:16:47+00:00</Time>
     <Position>
      <LatitudeDegrees>-33.3190700</LatitudeDegrees>
      <LongitudeDegrees>-71.4224450</LongitudeDegrees>
     </Position>
     <AltitudeMeters>264.79</AltitudeMeters>
     <DistanceMeters>45485.86551583567</DistanceMeters>
    </Trackpoint>
    <Trackpoint>
     <Time>2026-07-19T02:16:54+00:00</Time>
     <Position>
      <LatitudeDegrees>-33.3196200</LatitudeDegrees>
      <LongitudeDegrees>-71.4232200</LongitudeDegrees>
     </Position>
     <AltitudeMeters>265.05</AltitudeMeters>
     <DistanceMeters>45580.42843081416</DistanceMeters>
    </Trackpoint>
    <Trackpoint>
     <Time>2026-07-19T02:17:01+00:00</Time>
     <Position>
      <LatitudeDegrees>-33.3197300</LatitudeDegrees>
      <LongitudeDegrees>-71.4234400</LongitudeDegrees>
     </Position>
     <AltitudeMeters>265.16</AltitudeMeters>
     <DistanceMeters>45604.27162384471</DistanceMeters>
    </Trackpoint>
    <Trackpoint>
     <Time>2026-07-19T02:17:08+00:00</Time>
     <Position>
      <LatitudeDegrees>-33.3198400</LatitudeDegrees>
      <LongitudeDegrees>-71.4237500</LongitudeDegrees>
     </Position>
     <AltitudeMeters>265.34000000000003</AltitudeMeters>
     <DistanceMeters>45635.59349797346</DistanceMeters>
    </Trackpoint>
    <Trackpoint>
     <Time>2026-07-19T02:17:15+00:00</Time>
     <Position>
      <LatitudeDegrees>-33.3200000</LatitudeDegrees>
      <LongitudeDegrees>-71.4243900</LongitudeDegrees>
     </Position>
     <AltitudeMeters>265.68</AltitudeMeters>
     <DistanceMeters>45697.72053418694</DistanceMeters>
    </Trackpoint>
    <Trackpoint>
     <Time>2026-07-19T02:17:22+00:00</Time>
     <Position>
      <LatitudeDegrees>-33.3201000</LatitudeDegrees>
      <LongitudeDegrees>-71.4249900</LongitudeDegrees>
     </Position>
     <AltitudeMeters>265.68</AltitudeMeters>
     <DistanceMeters>45754.619843320295</DistanceMeters>
    </Trackpoint>
    <Trackpoint>
     <Time>2026-07-19T02:17:29+00:00</Time>
     <Position>
      <LatitudeDegrees>-33.3201100</LatitudeDegrees>
      <LongitudeDegrees>-71.4252700</LongitudeDegrees>
     </Position>
     <AltitudeMeters>265.64000000000004</AltitudeMeters>
     <DistanceMeters>45780.6837007645</DistanceMeters>
    </Trackpoint>
    <Trackpoint>
     <Time>2026-07-19T02:17:36+00:00</Time>
     <Position>
      <LatitudeDegrees>-33.3201100</LatitudeDegrees>
      <LongitudeDegrees>-71.4255400</LongitudeDegrees>
     </Position>
     <AltitudeMeters>265.67</AltitudeMeters>
     <DistanceMeters>45805.79378064441</DistanceMeters>
    </Trackpoint>
    <Trackpoint>
     <Time>2026-07-19T02:17:43+00:00</Time>
     <Position>
      <LatitudeDegrees>-33.3200700</LatitudeDegrees>
      <LongitudeDegrees>-71.4257700</LongitudeDegrees>
     </Position>
     <AltitudeMeters>265.67</AltitudeMeters>
     <DistanceMeters>45827.64221276558</DistanceMeters>
    </Trackpoint>
    <Trackpoint>
     <Time>2026-07-19T02:17:51+00:00</Time>
     <Position>
      <LatitudeDegrees>-33.3198143</LatitudeDegrees>
      <LongitudeDegrees>-71.4266857</LongitudeDegrees>
     </Position>
     <AltitudeMeters>265.68</AltitudeMeters>
     <DistanceMeters>45917.43439716502</DistanceMeters>
    </Trackpoint>
    <Trackpoint>
     <Time>2026-07-19T02:17:58+00:00</Time>
     <Position>
      <LatitudeDegrees>-33.3195586</LatitudeDegrees>
      <LongitudeDegrees>-71.4276015</LongitudeDegrees>
     </Position>
     <AltitudeMeters>265.46000000000004</AltitudeMeters>
     <DistanceMeters>46007.22658156341</DistanceMeters>
    </Trackpoint>
    <Trackpoint>
     <Time>2026-07-19T02:18:05+00:00</Time>
     <Position>
      <LatitudeDegrees>-33.3193029</LatitudeDegrees>
      <LongitudeDegrees>-71.4285172</LongitudeDegrees>
     </Position>
     <AltitudeMeters>265.18</AltitudeMeters>
     <DistanceMeters>46097.018765963985</DistanceMeters>
    </Trackpoint>
    <Trackpoint>
     <Time>2026-07-19T02:18:12+00:00</Time>
     <Position>
      <LatitudeDegrees>-33.3190472</LatitudeDegrees>
      <LongitudeDegrees>-71.4294329</LongitudeDegrees>
     </Position>
     <AltitudeMeters>265.04</AltitudeMeters>
     <DistanceMeters>46186.81095036297</DistanceMeters>
    </Trackpoint>
    <Trackpoint>
     <Time>2026-07-19T02:18:19+00:00</Time>
     <Position>
      <LatitudeDegrees>-33.3187915</LatitudeDegrees>
      <LongitudeDegrees>-71.4303486</LongitudeDegrees>
     </Position>
     <AltitudeMeters>264.82</AltitudeMeters>
     <DistanceMeters>46276.6031347631</DistanceMeters>
    </Trackpoint>
    <Trackpoint>
     <Time>2026-07-19T02:18:26+00:00</Time>
     <Position>
      <LatitudeDegrees>-33.3185357</LatitudeDegrees>
      <LongitudeDegrees>-71.4312643</LongitudeDegrees>
     </Position>
     <AltitudeMeters>264.79</AltitudeMeters>
     <DistanceMeters>46366.395319162606</DistanceMeters>
    </Trackpoint>
    <Trackpoint>
     <Time>2026-07-19T02:18:33+00:00</Time>
     <Position>
      <LatitudeDegrees>-33.3182800</LatitudeDegrees>
      <LongitudeDegrees>-71.4321800</LongitudeDegrees>
     </Position>
     <AltitudeMeters>263.86</AltitudeMeters>
     <DistanceMeters>46456.18750020542</DistanceMeters>
    </Trackpoint>
    <Trackpoint>
     <Time>2026-07-19T02:18:40+00:00</Time>
     <Position>
      <LatitudeDegrees>-33.3180000</LatitudeDegrees>
      <LongitudeDegrees>-71.4331550</LongitudeDegrees>
     </Position>
     <AltitudeMeters>263.1</AltitudeMeters>
     <DistanceMeters>46552.07092644029</DistanceMeters>
    </Trackpoint>
    <Trackpoint>
     <Time>2026-07-19T02:18:47+00:00</Time>
     <Position>
      <LatitudeDegrees>-33.3177200</LatitudeDegrees>
      <LongitudeDegrees>-71.4341300</LongitudeDegrees>
     </Position>
     <AltitudeMeters>262.84000000000003</AltitudeMeters>
     <DistanceMeters>46647.9543526723</DistanceMeters>
    </Trackpoint>
    <Trackpoint>
     <Time>2026-07-19T02:18:54+00:00</Time>
     <Position>
      <LatitudeDegrees>-33.3174400</LatitudeDegrees>
      <LongitudeDegrees>-71.4351050</LongitudeDegrees>
     </Position>
     <AltitudeMeters>262.71</AltitudeMeters>
     <DistanceMeters>46743.83777890562</DistanceMeters>
    </Trackpoint>
    <Trackpoint>
     <Time>2026-07-19T02:19:01+00:00</Time>
     <Position>
      <LatitudeDegrees>-33.3171600</LatitudeDegrees>
      <LongitudeDegrees>-71.4360800</LongitudeDegrees>
     </Position>
     <AltitudeMeters>262.46000000000004</AltitudeMeters>
     <DistanceMeters>46839.72120513838</DistanceMeters>
    </Trackpoint>
    <Trackpoint>
     <Time>2026-07-19T02:19:08+00:00</Time>
     <Position>
      <LatitudeDegrees>-33.3168800</LatitudeDegrees>
      <LongitudeDegrees>-71.4370550</LongitudeDegrees>
     </Position>
     <AltitudeMeters>262.45</AltitudeMeters>
     <DistanceMeters>46935.604631371796</DistanceMeters>
    </Trackpoint>
    <Trackpoint>
     <Time>2026-07-19T02:19:15+00:00</Time>
     <Position>
      <LatitudeDegrees>-33.3166000</LatitudeDegrees>
      <LongitudeDegrees>-71.4380300</LongitudeDegrees>
     </Position>
     <AltitudeMeters>262.61</AltitudeMeters>
     <DistanceMeters>47031.48804946548</DistanceMeters>
    </Trackpoint>
    <Trackpoint>
     <Time>2026-07-19T02:19:23+00:00</Time>
     <Position>
      <LatitudeDegrees>-33.3163167</LatitudeDegrees>
      <LongitudeDegrees>-71.4389100</LongitudeDegrees>
     </Position>
     <AltitudeMeters>262.91</AltitudeMeters>
     <DistanceMeters>47119.1967237681</DistanceMeters>
    </Trackpoint>
    <Trackpoint>
     <Time>2026-07-19T02:19:30+00:00</Time>
     <Position>
      <LatitudeDegrees>-33.3160333</LatitudeDegrees>
      <LongitudeDegrees>-71.4397900</LongitudeDegrees>
     </Position>
     <AltitudeMeters>262.91</AltitudeMeters>
     <DistanceMeters>47206.90539806863</DistanceMeters>
    </Trackpoint>
    <Trackpoint>
     <Time>2026-07-19T02:19:37+00:00</Time>
     <Position>
      <LatitudeDegrees>-33.3157500</LatitudeDegrees>
      <LongitudeDegrees>-71.4406700</LongitudeDegrees>
     </Position>
     <AltitudeMeters>262.94</AltitudeMeters>
     <DistanceMeters>47294.614080127445</DistanceMeters>
    </Trackpoint>
    <Trackpoint>
     <Time>2026-07-19T02:19:44+00:00</Time>
     <Position>
      <LatitudeDegrees>-33.3154600</LatitudeDegrees>
      <LongitudeDegrees>-71.4413900</LongitudeDegrees>
     </Position>
     <AltitudeMeters>263.13000000000005</AltitudeMeters>
     <DistanceMeters>47368.95028724652</DistanceMeters>
    </Trackpoint>
    <Trackpoint>
     <Time>2026-07-19T02:19:51+00:00</Time>
     <Position>
      <LatitudeDegrees>-33.3151700</LatitudeDegrees>
      <LongitudeDegrees>-71.4421100</LongitudeDegrees>
     </Position>
     <AltitudeMeters>262.92</AltitudeMeters>
     <DistanceMeters>47443.286503632306</DistanceMeters>
    </Trackpoint>
    <Trackpoint>
     <Time>2026-07-19T02:19:58+00:00</Time>
     <Position>
      <LatitudeDegrees>-33.3147000</LatitudeDegrees>
      <LongitudeDegrees>-71.4430067</LongitudeDegrees>
     </Position>
     <AltitudeMeters>261.88</AltitudeMeters>
     <DistanceMeters>47541.72971014836</DistanceMeters>
    </Trackpoint>
    <Trackpoint>
     <Time>2026-07-19T02:20:05+00:00</Time>
     <Position>
      <LatitudeDegrees>-33.3142300</LatitudeDegrees>
      <LongitudeDegrees>-71.4439033</LongitudeDegrees>
     </Position>
     <AltitudeMeters>261.07</AltitudeMeters>
     <DistanceMeters>47640.17291666519</DistanceMeters>
    </Trackpoint>
    <Trackpoint>
     <Time>2026-07-19T02:20:12+00:00</Time>
     <Position>
      <LatitudeDegrees>-33.3137600</LatitudeDegrees>
      <LongitudeDegrees>-71.4448000</LongitudeDegrees>
     </Position>
     <AltitudeMeters>261.24</AltitudeMeters>
     <DistanceMeters>47738.61612999539</DistanceMeters>
    </Trackpoint>
    <Trackpoint>
     <Time>2026-07-19T02:20:19+00:00</Time>
     <Position>
      <LatitudeDegrees>-33.3136400</LatitudeDegrees>
      <LongitudeDegrees>-71.4448900</LongitudeDegrees>
     </Position>
     <AltitudeMeters>261.18</AltitudeMeters>
     <DistanceMeters>47754.37799971053</DistanceMeters>
    </Trackpoint>
    <Trackpoint>
     <Time>2026-07-19T02:20:26+00:00</Time>
     <Position>
      <LatitudeDegrees>-33.3135500</LatitudeDegrees>
      <LongitudeDegrees>-71.4449300</LongitudeDegrees>
     </Position>
     <AltitudeMeters>261.18</AltitudeMeters>
     <DistanceMeters>47765.06317896528</DistanceMeters>
    </Trackpoint>
    <Trackpoint>
     <Time>2026-07-19T02:20:33+00:00</Time>
     <Position>
      <LatitudeDegrees>-33.3142829</LatitudeDegrees>
      <LongitudeDegrees>-71.4453271</LongitudeDegrees>
     </Position>
     <AltitudeMeters>260.88</AltitudeMeters>
     <DistanceMeters>47854.600513479316</DistanceMeters>
    </Trackpoint>
    <Trackpoint>
     <Time>2026-07-19T02:20:40+00:00</Time>
     <Position>
      <LatitudeDegrees>-33.3150157</LatitudeDegrees>
      <LongitudeDegrees>-71.4457243</LongitudeDegrees>
     </Position>
     <AltitudeMeters>261.41</AltitudeMeters>
     <DistanceMeters>47944.137847992206</DistanceMeters>
    </Trackpoint>
    <Trackpoint>
     <Time>2026-07-19T02:20:47+00:00</Time>
     <Position>
      <LatitudeDegrees>-33.3157486</LatitudeDegrees>
      <LongitudeDegrees>-71.4461214</LongitudeDegrees>
     </Position>
     <AltitudeMeters>262.44</AltitudeMeters>
     <DistanceMeters>48033.67518250669</DistanceMeters>
    </Trackpoint>
    <Trackpoint>
     <Time>2026-07-19T02:20:54+00:00</Time>
     <Position>
      <LatitudeDegrees>-33.3164814</LatitudeDegrees>
      <LongitudeDegrees>-71.4465185</LongitudeDegrees>
     </Position>
     <AltitudeMeters>263.99</AltitudeMeters>
     <DistanceMeters>48123.212517021195</DistanceMeters>
    </Trackpoint>
    <Trackpoint>
     <Time>2026-07-19T02:21:02+00:00</Time>
     <Position>
      <LatitudeDegrees>-33.3172143</LatitudeDegrees>
      <LongitudeDegrees>-71.4469157</LongitudeDegrees>
     </Position>
     <AltitudeMeters>265.47</AltitudeMeters>
     <DistanceMeters>48212.74985153503</DistanceMeters>
    </Trackpoint>
    <Trackpoint>
     <Time>2026-07-19T02:21:09+00:00</Time>
     <Position>
      <LatitudeDegrees>-33.3179471</LatitudeDegrees>
      <LongitudeDegrees>-71.4473128</LongitudeDegrees>
     </Position>
     <AltitudeMeters>266.12</AltitudeMeters>
     <DistanceMeters>48302.28718604915</DistanceMeters>
    </Trackpoint>
    <Trackpoint>
     <Time>2026-07-19T02:21:16+00:00</Time>
     <Position>
      <LatitudeDegrees>-33.3186800</LatitudeDegrees>
      <LongitudeDegrees>-71.4477100</LongitudeDegrees>
     </Position>
     <AltitudeMeters>267.45</AltitudeMeters>
     <DistanceMeters>48391.82451577056</DistanceMeters>
    </Trackpoint>
    <Trackpoint>
     <Time>2026-07-19T02:21:23+00:00</Time>
     <Position>
      <LatitudeDegrees>-33.3193750</LatitudeDegrees>
      <LongitudeDegrees>-71.4480675</LongitudeDegrees>
     </Position>
     <AltitudeMeters>268.45</AltitudeMeters>
     <DistanceMeters>48476.01776709171</DistanceMeters>
    </Trackpoint>
    <Trackpoint>
     <Time>2026-07-19T02:21:30+00:00</Time>
     <Position>
      <LatitudeDegrees>-33.3200700</LatitudeDegrees>
      <LongitudeDegrees>-71.4484250</LongitudeDegrees>
     </Position>
     <AltitudeMeters>270.11</AltitudeMeters>
     <DistanceMeters>48560.21101841332</DistanceMeters>
    </Trackpoint>
    <Trackpoint>
     <Time>2026-07-19T02:21:37+00:00</Time>
     <Position>
      <LatitudeDegrees>-33.3207650</LatitudeDegrees>
      <LongitudeDegrees>-71.4487825</LongitudeDegrees>
     </Position>
     <AltitudeMeters>271.92</AltitudeMeters>
     <DistanceMeters>48644.404269736195</DistanceMeters>
    </Trackpoint>
    <Trackpoint>
     <Time>2026-07-19T02:21:44+00:00</Time>
     <Position>
      <LatitudeDegrees>-33.3214600</LatitudeDegrees>
      <LongitudeDegrees>-71.4491400</LongitudeDegrees>
     </Position>
     <AltitudeMeters>272.77</AltitudeMeters>
     <DistanceMeters>48728.59752471797</DistanceMeters>
    </Trackpoint>
    <Trackpoint>
     <Time>2026-07-19T02:21:51+00:00</Time>
     <Position>
      <LatitudeDegrees>-33.3218800</LatitudeDegrees>
      <LongitudeDegrees>-71.4494100</LongitudeDegrees>
     </Position>
     <AltitudeMeters>274.59</AltitudeMeters>
     <DistanceMeters>48781.65892694285</DistanceMeters>
    </Trackpoint>
    <Trackpoint>
     <Time>2026-07-19T02:21:58+00:00</Time>
     <Position>
      <LatitudeDegrees>-33.3222000</LatitudeDegrees>
      <LongitudeDegrees>-71.4496400</LongitudeDegrees>
     </Position>
     <AltitudeMeters>274.96000000000004</AltitudeMeters>
     <DistanceMeters>48823.2030687887</DistanceMeters>
    </Trackpoint>
    <Trackpoint>
     <Time>2026-07-19T02:22:05+00:00</Time>
     <Position>
      <LatitudeDegrees>-33.3228700</LatitudeDegrees>
      <LongitudeDegrees>-71.4503500</LongitudeDegrees>
     </Position>
     <AltitudeMeters>275.68</AltitudeMeters>
     <DistanceMeters>48922.803010232</DistanceMeters>
    </Trackpoint>
    <Trackpoint>
     <Time>2026-07-19T02:22:12+00:00</Time>
     <Position>
      <LatitudeDegrees>-33.3231400</LatitudeDegrees>
      <LongitudeDegrees>-71.4505300</LongitudeDegrees>
     </Position>
     <AltitudeMeters>275.78000000000003</AltitudeMeters>
     <DistanceMeters>48957.20073191311</DistanceMeters>
    </Trackpoint>
    <Trackpoint>
     <Time>2026-07-19T02:22:19+00:00</Time>
     <Position>
      <LatitudeDegrees>-33.3234500</LatitudeDegrees>
      <LongitudeDegrees>-71.4507100</LongitudeDegrees>
     </Position>
     <AltitudeMeters>276.24</AltitudeMeters>
     <DistanceMeters>48995.54878906891</DistanceMeters>
    </Trackpoint>
    <Trackpoint>
     <Time>2026-07-19T02:22:26+00:00</Time>
     <Position>
      <LatitudeDegrees>-33.3241956</LatitudeDegrees>
      <LongitudeDegrees>-71.4510544</LongitudeDegrees>
     </Position>
     <AltitudeMeters>276.97</AltitudeMeters>
     <DistanceMeters>49084.4936281092</DistanceMeters>
    </Trackpoint>
    <Trackpoint>
     <Time>2026-07-19T02:22:34+00:00</Time>
     <Position>
      <LatitudeDegrees>-33.3249411</LatitudeDegrees>
      <LongitudeDegrees>-71.4513988</LongitudeDegrees>
     </Position>
     <AltitudeMeters>278.48</AltitudeMeters>
     <DistanceMeters>49173.43846714757</DistanceMeters>
    </Trackpoint>
    <Trackpoint>
     <Time>2026-07-19T02:22:41+00:00</Time>
     <Position>
      <LatitudeDegrees>-33.3256867</LatitudeDegrees>
      <LongitudeDegrees>-71.4517433</LongitudeDegrees>
     </Position>
     <AltitudeMeters>279.69000000000005</AltitudeMeters>
     <DistanceMeters>49262.38330618663</DistanceMeters>
    </Trackpoint>
    <Trackpoint>
     <Time>2026-07-19T02:22:48+00:00</Time>
     <Position>
      <LatitudeDegrees>-33.3264322</LatitudeDegrees>
      <LongitudeDegrees>-71.4520877</LongitudeDegrees>
     </Position>
     <AltitudeMeters>281.44</AltitudeMeters>
     <DistanceMeters>49351.328145224805</DistanceMeters>
    </Trackpoint>
    <Trackpoint>
     <Time>2026-07-19T02:22:55+00:00</Time>
     <Position>
      <LatitudeDegrees>-33.3271778</LatitudeDegrees>
      <LongitudeDegrees>-71.4524322</LongitudeDegrees>
     </Position>
     <AltitudeMeters>283.81</AltitudeMeters>
     <DistanceMeters>49440.272984263946</DistanceMeters>
    </Trackpoint>
    <Trackpoint>
     <Time>2026-07-19T02:23:02+00:00</Time>
     <Position>
      <LatitudeDegrees>-33.3279233</LatitudeDegrees>
      <LongitudeDegrees>-71.4527766</LongitudeDegrees>
     </Position>
     <AltitudeMeters>284.67</AltitudeMeters>
     <DistanceMeters>49529.21782330248</DistanceMeters>
    </Trackpoint>
    <Trackpoint>
     <Time>2026-07-19T02:23:09+00:00</Time>
     <Position>
      <LatitudeDegrees>-33.3286689</LatitudeDegrees>
      <LongitudeDegrees>-71.4531211</LongitudeDegrees>
     </Position>
     <AltitudeMeters>286.85</AltitudeMeters>
     <DistanceMeters>49618.16266234206</DistanceMeters>
    </Trackpoint>
    <Trackpoint>
     <Time>2026-07-19T02:23:16+00:00</Time>
     <Position>
      <LatitudeDegrees>-33.3294144</LatitudeDegrees>
      <LongitudeDegrees>-71.4534655</LongitudeDegrees>
     </Position>
     <AltitudeMeters>289.18000000000006</AltitudeMeters>
     <DistanceMeters>49707.10750138058</DistanceMeters>
    </Trackpoint>
    <Trackpoint>
     <Time>2026-07-19T02:23:23+00:00</Time>
     <Position>
      <LatitudeDegrees>-33.3301600</LatitudeDegrees>
      <LongitudeDegrees>-71.4538100</LongitudeDegrees>
     </Position>
     <AltitudeMeters>291.3</AltitudeMeters>
     <DistanceMeters>49796.052343483</DistanceMeters>
    </Trackpoint>
    <Trackpoint>
     <Time>2026-07-19T02:23:30+00:00</Time>
     <Position>
      <LatitudeDegrees>-33.3303200</LatitudeDegrees>
      <LongitudeDegrees>-71.4539300</LongitudeDegrees>
     </Position>
     <AltitudeMeters>291.73</AltitudeMeters>
     <DistanceMeters>49817.06704506684</DistanceMeters>
    </Trackpoint>
    <Trackpoint>
     <Time>2026-07-19T02:23:37+00:00</Time>
     <Position>
      <LatitudeDegrees>-33.3306350</LatitudeDegrees>
      <LongitudeDegrees>-71.4543400</LongitudeDegrees>
     </Position>
     <AltitudeMeters>292.01000000000005</AltitudeMeters>
     <DistanceMeters>49868.861138165514</DistanceMeters>
    </Trackpoint>
    <Trackpoint>
     <Time>2026-07-19T02:23:44+00:00</Time>
     <Position>
      <LatitudeDegrees>-33.3309500</LatitudeDegrees>
      <LongitudeDegrees>-71.4547500</LongitudeDegrees>
     </Position>
     <AltitudeMeters>292.74</AltitudeMeters>
     <DistanceMeters>49920.65523151145</DistanceMeters>
    </Trackpoint>
    <Trackpoint>
     <Time>2026-07-19T02:23:51+00:00</Time>
     <Position>
      <LatitudeDegrees>-33.3312200</LatitudeDegrees>
      <LongitudeDegrees>-71.4550200</LongitudeDegrees>
     </Position>
     <AltitudeMeters>294.1</AltitudeMeters>
     <DistanceMeters>49959.81324216439</DistanceMeters>
    </Trackpoint>
    <Trackpoint>
     <Time>2026-07-19T02:23:58+00:00</Time>
     <Position>
      <LatitudeDegrees>-33.3316600</LatitudeDegrees>
      <LongitudeDegrees>-71.4553200</LongitudeDegrees>
     </Position>
     <AltitudeMeters>295.66</AltitudeMeters>
     <DistanceMeters>50016.17176546037</DistanceMeters>
    </Trackpoint>
    <Trackpoint>
     <Time>2026-07-19T02:24:06+00:00</Time>
     <Position>
      <LatitudeDegrees>-33.3320500</LatitudeDegrees>
      <LongitudeDegrees>-71.4556300</LongitudeDegrees>
     </Position>
     <AltitudeMeters>297.05</AltitudeMeters>
     <DistanceMeters>50068.27711914753</DistanceMeters>
    </Trackpoint>
    <Trackpoint>
     <Time>2026-07-19T02:24:13+00:00</Time>
     <Position>
      <LatitudeDegrees>-33.3324400</LatitudeDegrees>
      <LongitudeDegrees>-71.4559400</LongitudeDegrees>
     </Position>
     <AltitudeMeters>297.96</AltitudeMeters>
     <DistanceMeters>50120.38247137008</DistanceMeters>
    </Trackpoint>
    <Trackpoint>
     <Time>2026-07-19T02:24:20+00:00</Time>
     <Position>
      <LatitudeDegrees>-33.3330933</LatitudeDegrees>
      <LongitudeDegrees>-71.4564333</LongitudeDegrees>
     </Position>
     <AltitudeMeters>301.29</AltitudeMeters>
     <DistanceMeters>50206.35659679284</DistanceMeters>
    </Trackpoint>
    <Trackpoint>
     <Time>2026-07-19T02:24:27+00:00</Time>
     <Position>
      <LatitudeDegrees>-33.3337467</LatitudeDegrees>
      <LongitudeDegrees>-71.4569267</LongitudeDegrees>
     </Position>
     <AltitudeMeters>303.46</AltitudeMeters>
     <DistanceMeters>50292.33072221547</DistanceMeters>
    </Trackpoint>
    <Trackpoint>
     <Time>2026-07-19T02:24:34+00:00</Time>
     <Position>
      <LatitudeDegrees>-33.3344000</LatitudeDegrees>
      <LongitudeDegrees>-71.4574200</LongitudeDegrees>
     </Position>
     <AltitudeMeters>306.9</AltitudeMeters>
     <DistanceMeters>50378.30486015412</DistanceMeters>
    </Trackpoint>
    <Trackpoint>
     <Time>2026-07-19T02:24:41+00:00</Time>
     <Position>
      <LatitudeDegrees>-33.3347100</LatitudeDegrees>
      <LongitudeDegrees>-71.4576000</LongitudeDegrees>
     </Position>
     <AltitudeMeters>309.50000000000006</AltitudeMeters>
     <DistanceMeters>50416.65197310679</DistanceMeters>
    </Trackpoint>
    <Trackpoint>
     <Time>2026-07-19T02:24:48+00:00</Time>
     <Position>
      <LatitudeDegrees>-33.3348200</LatitudeDegrees>
      <LongitudeDegrees>-71.4577400</LongitudeDegrees>
     </Position>
     <AltitudeMeters>312.13</AltitudeMeters>
     <DistanceMeters>50434.522168305535</DistanceMeters>
    </Trackpoint>
    <Trackpoint>
     <Time>2026-07-19T02:24:55+00:00</Time>
     <Position>
      <LatitudeDegrees>-33.3348900</LatitudeDegrees>
      <LongitudeDegrees>-71.4580100</LongitudeDegrees>
     </Position>
     <AltitudeMeters>313.75</AltitudeMeters>
     <DistanceMeters>50460.80900379604</DistanceMeters>
    </Trackpoint>
    <Trackpoint>
     <Time>2026-07-19T02:25:02+00:00</Time>
     <Position>
      <LatitudeDegrees>-33.3348900</LatitudeDegrees>
      <LongitudeDegrees>-71.4582700</LongitudeDegrees>
     </Position>
     <AltitudeMeters>315.18</AltitudeMeters>
     <DistanceMeters>50484.98497951654</DistanceMeters>
    </Trackpoint>
    <Trackpoint>
     <Time>2026-07-19T02:25:09+00:00</Time>
     <Position>
      <LatitudeDegrees>-33.3349300</LatitudeDegrees>
      <LongitudeDegrees>-71.4584100</LongitudeDegrees>
     </Position>
     <AltitudeMeters>315.73</AltitudeMeters>
     <DistanceMeters>50498.74298320584</DistanceMeters>
    </Trackpoint>
    <Trackpoint>
     <Time>2026-07-19T02:25:16+00:00</Time>
     <Position>
      <LatitudeDegrees>-33.3350000</LatitudeDegrees>
      <LongitudeDegrees>-71.4585000</LongitudeDegrees>
     </Position>
     <AltitudeMeters>316.65000000000003</AltitudeMeters>
     <DistanceMeters>50510.17663663245</DistanceMeters>
    </Trackpoint>
    <Trackpoint>
     <Time>2026-07-19T02:25:23+00:00</Time>
     <Position>
      <LatitudeDegrees>-33.3351800</LatitudeDegrees>
      <LongitudeDegrees>-71.4585900</LongitudeDegrees>
     </Position>
     <AltitudeMeters>317.45</AltitudeMeters>
     <DistanceMeters>50531.88753843074</DistanceMeters>
    </Trackpoint>
    <Trackpoint>
     <Time>2026-07-19T02:25:30+00:00</Time>
     <Position>
      <LatitudeDegrees>-33.3355100</LatitudeDegrees>
      <LongitudeDegrees>-71.4585900</LongitudeDegrees>
     </Position>
     <AltitudeMeters>321.76000000000005</AltitudeMeters>
     <DistanceMeters>50568.61511264601</DistanceMeters>
    </Trackpoint>
    <Trackpoint>
     <Time>2026-07-19T02:25:37+00:00</Time>
     <Position>
      <LatitudeDegrees>-33.3356300</LatitudeDegrees>
      <LongitudeDegrees>-71.4586700</LongitudeDegrees>
     </Position>
     <AltitudeMeters>322.81000000000006</AltitudeMeters>
     <DistanceMeters>50583.902466883774</DistanceMeters>
    </Trackpoint>
    <Trackpoint>
     <Time>2026-07-19T02:25:45+00:00</Time>
     <Position>
      <LatitudeDegrees>-33.3360100</LatitudeDegrees>
      <LongitudeDegrees>-71.4591300</LongitudeDegrees>
     </Position>
     <AltitudeMeters>328.22</AltitudeMeters>
     <DistanceMeters>50644.05330868663</DistanceMeters>
    </Trackpoint>
    <Trackpoint>
     <Time>2026-07-19T02:25:52+00:00</Time>
     <Position>
      <LatitudeDegrees>-33.3362300</LatitudeDegrees>
      <LongitudeDegrees>-71.4594800</LongitudeDegrees>
     </Position>
     <AltitudeMeters>333.13000000000005</AltitudeMeters>
     <DistanceMeters>50684.77968343102</DistanceMeters>
    </Trackpoint>
    <Trackpoint>
     <Time>2026-07-19T02:25:59+00:00</Time>
     <Position>
      <LatitudeDegrees>-33.3363700</LatitudeDegrees>
      <LongitudeDegrees>-71.4598400</LongitudeDegrees>
     </Position>
     <AltitudeMeters>335.46000000000004</AltitudeMeters>
     <DistanceMeters>50721.70231771847</DistanceMeters>
    </Trackpoint>
    <Trackpoint>
     <Time>2026-07-19T02:26:06+00:00</Time>
     <Position>
      <LatitudeDegrees>-33.3364500</LatitudeDegrees>
      <LongitudeDegrees>-71.4599800</LongitudeDegrees>
     </Position>
     <AltitudeMeters>336.47</AltitudeMeters>
     <DistanceMeters>50737.47359302572</DistanceMeters>
    </Trackpoint>
    <Trackpoint>
     <Time>2026-07-19T02:26:13+00:00</Time>
     <Position>
      <LatitudeDegrees>-33.3365700</LatitudeDegrees>
      <LongitudeDegrees>-71.4601100</LongitudeDegrees>
     </Position>
     <AltitudeMeters>337.40000000000003</AltitudeMeters>
     <DistanceMeters>50755.48700199061</DistanceMeters>
    </Trackpoint>
    <Trackpoint>
     <Time>2026-07-19T02:26:20+00:00</Time>
     <Position>
      <LatitudeDegrees>-33.3366800</LatitudeDegrees>
      <LongitudeDegrees>-71.4601900</LongitudeDegrees>
     </Position>
     <AltitudeMeters>337.94</AltitudeMeters>
     <DistanceMeters>50769.812237911676</DistanceMeters>
    </Trackpoint>
    <Trackpoint>
     <Time>2026-07-19T02:26:27+00:00</Time>
     <Position>
      <LatitudeDegrees>-33.3367900</LatitudeDegrees>
      <LongitudeDegrees>-71.4601600</LongitudeDegrees>
     </Position>
     <AltitudeMeters>338.69000000000005</AltitudeMeters>
     <DistanceMeters>50782.36853479966</DistanceMeters>
    </Trackpoint>
    <Trackpoint>
     <Time>2026-07-19T02:26:34+00:00</Time>
     <Position>
      <LatitudeDegrees>-33.3369900</LatitudeDegrees>
      <LongitudeDegrees>-71.4598900</LongitudeDegrees>
     </Position>
     <AltitudeMeters>340.6</AltitudeMeters>
     <DistanceMeters>50815.92062015899</DistanceMeters>
    </Trackpoint>
    <Trackpoint>
     <Time>2026-07-19T02:26:41+00:00</Time>
     <Position>
      <LatitudeDegrees>-33.3371000</LatitudeDegrees>
      <LongitudeDegrees>-71.4598800</LongitudeDegrees>
     </Position>
     <AltitudeMeters>341.23</AltitudeMeters>
     <DistanceMeters>50828.19840421483</DistanceMeters>
    </Trackpoint>
    <Trackpoint>
     <Time>2026-07-19T02:26:48+00:00</Time>
     <Position>
      <LatitudeDegrees>-33.3372400</LatitudeDegrees>
      <LongitudeDegrees>-71.4599000</LongitudeDegrees>
     </Position>
     <AltitudeMeters>343.34000000000003</AltitudeMeters>
     <DistanceMeters>50843.890381191246</DistanceMeters>
    </Trackpoint>
    <Trackpoint>
     <Time>2026-07-19T02:26:55+00:00</Time>
     <Position>
      <LatitudeDegrees>-33.3373500</LatitudeDegrees>
      <LongitudeDegrees>-71.4600100</LongitudeDegrees>
     </Position>
     <AltitudeMeters>343.34000000000003</AltitudeMeters>
     <DistanceMeters>50859.84317728373</DistanceMeters>
    </Trackpoint>
    <Trackpoint>
     <Time>2026-07-19T02:27:02+00:00</Time>
     <Position>
      <LatitudeDegrees>-33.3375100</LatitudeDegrees>
      <LongitudeDegrees>-71.4602400</LongitudeDegrees>
     </Position>
     <AltitudeMeters>345.31</AltitudeMeters>
     <DistanceMeters>50887.67217992525</DistanceMeters>
    </Trackpoint>
    <Trackpoint>
     <Time>2026-07-19T02:27:09+00:00</Time>
     <Position>
      <LatitudeDegrees>-33.3377100</LatitudeDegrees>
      <LongitudeDegrees>-71.4604300</LongitudeDegrees>
     </Position>
     <AltitudeMeters>347.77000000000004</AltitudeMeters>
     <DistanceMeters>50916.09003730038</DistanceMeters>
    </Trackpoint>
    <Trackpoint>
     <Time>2026-07-19T02:27:17+00:00</Time>
     <Position>
      <LatitudeDegrees>-33.3378400</LatitudeDegrees>
      <LongitudeDegrees>-71.4605100</LongitudeDegrees>
     </Position>
     <AltitudeMeters>347.77000000000004</AltitudeMeters>
     <DistanceMeters>50932.358633389886</DistanceMeters>
    </Trackpoint>
    <Trackpoint>
     <Time>2026-07-19T02:27:24+00:00</Time>
     <Position>
      <LatitudeDegrees>-33.3379800</LatitudeDegrees>
      <LongitudeDegrees>-71.4605500</LongitudeDegrees>
     </Position>
     <AltitudeMeters>350.01000000000005</AltitudeMeters>
     <DistanceMeters>50948.37776909842</DistanceMeters>
    </Trackpoint>
    <Trackpoint>
     <Time>2026-07-19T02:27:31+00:00</Time>
     <Position>
      <LatitudeDegrees>-33.3383600</LatitudeDegrees>
      <LongitudeDegrees>-71.4604700</LongitudeDegrees>
     </Position>
     <AltitudeMeters>352.35</AltitudeMeters>
     <DistanceMeters>50991.3192941099</DistanceMeters>
    </Trackpoint>
    <Trackpoint>
     <Time>2026-07-19T02:27:38+00:00</Time>
     <Position>
      <LatitudeDegrees>-33.3384900</LatitudeDegrees>
      <LongitudeDegrees>-71.4604200</LongitudeDegrees>
     </Position>
     <AltitudeMeters>353.17</AltitudeMeters>
     <DistanceMeters>51006.51630883492</DistanceMeters>
    </Trackpoint>
    <Trackpoint>
     <Time>2026-07-19T02:27:45+00:00</Time>
     <Position>
      <LatitudeDegrees>-33.3385800</LatitudeDegrees>
      <LongitudeDegrees>-71.4603300</LongitudeDegrees>
     </Position>
     <AltitudeMeters>354.72</AltitudeMeters>
     <DistanceMeters>51019.568520163084</DistanceMeters>
    </Trackpoint>
    <Trackpoint>
     <Time>2026-07-19T02:27:52+00:00</Time>
     <Position>
      <LatitudeDegrees>-33.3387100</LatitudeDegrees>
      <LongitudeDegrees>-71.4599600</LongitudeDegrees>
     </Position>
     <AltitudeMeters>356.25</AltitudeMeters>
     <DistanceMeters>51056.88993047332</DistanceMeters>
    </Trackpoint>
    <Trackpoint>
     <Time>2026-07-19T02:27:59+00:00</Time>
     <Position>
      <LatitudeDegrees>-33.3387400</LatitudeDegrees>
      <LongitudeDegrees>-71.4599300</LongitudeDegrees>
     </Position>
     <AltitudeMeters>356.25</AltitudeMeters>
     <DistanceMeters>51061.2406636815</DistanceMeters>
    </Trackpoint>
    <Trackpoint>
     <Time>2026-07-19T02:28:06+00:00</Time>
     <Position>
      <LatitudeDegrees>-33.3390300</LatitudeDegrees>
      <LongitudeDegrees>-71.4598400</LongitudeDegrees>
     </Position>
     <AltitudeMeters>358.27000000000004</AltitudeMeters>
     <DistanceMeters>51094.58359405155</DistanceMeters>
    </Trackpoint>
    <Trackpoint>
     <Time>2026-07-19T02:28:13+00:00</Time>
     <Position>
      <LatitudeDegrees>-33.3392100</LatitudeDegrees>
      <LongitudeDegrees>-71.4598500</LongitudeDegrees>
     </Position>
     <AltitudeMeters>359.05</AltitudeMeters>
     <DistanceMeters>51114.6383821047</DistanceMeters>
    </Trackpoint>
    <Trackpoint>
     <Time>2026-07-19T02:28:20+00:00</Time>
     <Position>
      <LatitudeDegrees>-33.3396600</LatitudeDegrees>
      <LongitudeDegrees>-71.4601100</LongitudeDegrees>
     </Position>
     <AltitudeMeters>364.89000000000004</AltitudeMeters>
     <DistanceMeters>51170.250694424074</DistanceMeters>
    </Trackpoint>
    <Trackpoint>
     <Time>2026-07-19T02:28:27+00:00</Time>
     <Position>
      <LatitudeDegrees>-33.3402200</LatitudeDegrees>
      <LongitudeDegrees>-71.4603700</LongitudeDegrees>
     </Position>
     <AltitudeMeters>367.2300000000001</AltitudeMeters>
     <DistanceMeters>51237.10043648915</DistanceMeters>
    </Trackpoint>
    <Trackpoint>
     <Time>2026-07-19T02:28:34+00:00</Time>
     <Position>
      <LatitudeDegrees>-33.3403400</LatitudeDegrees>
      <LongitudeDegrees>-71.4604700</LongitudeDegrees>
     </Position>
     <AltitudeMeters>367.06000000000006</AltitudeMeters>
     <DistanceMeters>51253.37370905486</DistanceMeters>
    </Trackpoint>
    <Trackpoint>
     <Time>2026-07-19T02:28:41+00:00</Time>
     <Position>
      <LatitudeDegrees>-33.3405300</LatitudeDegrees>
      <LongitudeDegrees>-71.4607300</LongitudeDegrees>
     </Position>
     <AltitudeMeters>365.22</AltitudeMeters>
     <DistanceMeters>51285.49168343395</DistanceMeters>
    </Trackpoint>
    <Trackpoint>
     <Time>2026-07-19T02:28:49+00:00</Time>
     <Position>
      <LatitudeDegrees>-33.3408400</LatitudeDegrees>
      <LongitudeDegrees>-71.4609200</LongitudeDegrees>
     </Position>
     <AltitudeMeters>364.09000000000003</AltitudeMeters>
     <DistanceMeters>51324.253108013036</DistanceMeters>
    </Trackpoint>
    <Trackpoint>
     <Time>2026-07-19T02:28:56+00:00</Time>
     <Position>
      <LatitudeDegrees>-33.3412000</LatitudeDegrees>
      <LongitudeDegrees>-71.4611800</LongitudeDegrees>
     </Position>
     <AltitudeMeters>362.75</AltitudeMeters>
     <DistanceMeters>51371.04750425449</DistanceMeters>
    </Trackpoint>
    <Trackpoint>
     <Time>2026-07-19T02:29:03+00:00</Time>
     <Position>
      <LatitudeDegrees>-33.3414700</LatitudeDegrees>
      <LongitudeDegrees>-71.4614900</LongitudeDegrees>
     </Position>
     <AltitudeMeters>360.87</AltitudeMeters>
     <DistanceMeters>51412.685969554055</DistanceMeters>
    </Trackpoint>
    <Trackpoint>
     <Time>2026-07-19T02:29:10+00:00</Time>
     <Position>
      <LatitudeDegrees>-33.3417600</LatitudeDegrees>
      <LongitudeDegrees>-71.4620900</LongitudeDegrees>
     </Position>
     <AltitudeMeters>356.3</AltitudeMeters>
     <DistanceMeters>51477.136314020936</DistanceMeters>
    </Trackpoint>
    <Trackpoint>
     <Time>2026-07-19T02:29:17+00:00</Time>
     <Position>
      <LatitudeDegrees>-33.3418500</LatitudeDegrees>
      <LongitudeDegrees>-71.4622100</LongitudeDegrees>
     </Position>
     <AltitudeMeters>355.51000000000005</AltitudeMeters>
     <DistanceMeters>51492.13020870954</DistanceMeters>
    </Trackpoint>
    <Trackpoint>
     <Time>2026-07-19T02:29:24+00:00</Time>
     <Position>
      <LatitudeDegrees>-33.3421400</LatitudeDegrees>
      <LongitudeDegrees>-71.4624000</LongitudeDegrees>
     </Position>
     <AltitudeMeters>353.72</AltitudeMeters>
     <DistanceMeters>51528.92420152786</DistanceMeters>
    </Trackpoint>
    <Trackpoint>
     <Time>2026-07-19T02:29:31+00:00</Time>
     <Position>
      <LatitudeDegrees>-33.3422100</LatitudeDegrees>
      <LongitudeDegrees>-71.4625300</LongitudeDegrees>
     </Position>
     <AltitudeMeters>353.18000000000006</AltitudeMeters>
     <DistanceMeters>51543.30439545645</DistanceMeters>
    </Trackpoint>
    <Trackpoint>
     <Time>2026-07-19T02:29:38+00:00</Time>
     <Position>
      <LatitudeDegrees>-33.3423800</LatitudeDegrees>
      <LongitudeDegrees>-71.4632000</LongitudeDegrees>
     </Position>
     <AltitudeMeters>349.83000000000004</AltitudeMeters>
     <DistanceMeters>51608.408622645424</DistanceMeters>
    </Trackpoint>
    <Trackpoint>
     <Time>2026-07-19T02:29:45+00:00</Time>
     <Position>
      <LatitudeDegrees>-33.3423900</LatitudeDegrees>
      <LongitudeDegrees>-71.4636500</LongitudeDegrees>
     </Position>
     <AltitudeMeters>347.35</AltitudeMeters>
     <DistanceMeters>51650.262857017675</DistanceMeters>
    </Trackpoint>
    <Trackpoint>
     <Time>2026-07-19T02:29:52+00:00</Time>
     <Position>
      <LatitudeDegrees>-33.3424500</LatitudeDegrees>
      <LongitudeDegrees>-71.4640500</LongitudeDegrees>
     </Position>
     <AltitudeMeters>345.59</AltitudeMeters>
     <DistanceMeters>51688.048204082304</DistanceMeters>
    </Trackpoint>
    <Trackpoint>
     <Time>2026-07-19T02:29:59+00:00</Time>
     <Position>
      <LatitudeDegrees>-33.3424500</LatitudeDegrees>
      <LongitudeDegrees>-71.4647300</LongitudeDegrees>
     </Position>
     <AltitudeMeters>341.32</AltitudeMeters>
     <DistanceMeters>51751.272190936266</DistanceMeters>
    </Trackpoint>
    <Trackpoint>
     <Time>2026-07-19T02:30:06+00:00</Time>
     <Position>
      <LatitudeDegrees>-33.3424300</LatitudeDegrees>
      <LongitudeDegrees>-71.4650400</LongitudeDegrees>
     </Position>
     <AltitudeMeters>339.55</AltitudeMeters>
     <DistanceMeters>51780.1807175503</DistanceMeters>
    </Trackpoint>
    <Trackpoint>
     <Time>2026-07-19T02:30:13+00:00</Time>
     <Position>
      <LatitudeDegrees>-33.3423900</LatitudeDegrees>
      <LongitudeDegrees>-71.4652700</LongitudeDegrees>
     </Position>
     <AltitudeMeters>338.9200000000001</AltitudeMeters>
     <DistanceMeters>51802.023785309786</DistanceMeters>
    </Trackpoint>
    <Trackpoint>
     <Time>2026-07-19T02:30:20+00:00</Time>
     <Position>
      <LatitudeDegrees>-33.3422700</LatitudeDegrees>
      <LongitudeDegrees>-71.4654400</LongitudeDegrees>
     </Position>
     <AltitudeMeters>337.28000000000003</AltitudeMeters>
     <DistanceMeters>51822.716757730406</DistanceMeters>
    </Trackpoint>
    <Trackpoint>
     <Time>2026-07-19T02:30:28+00:00</Time>
     <Position>
      <LatitudeDegrees>-33.3421900</LatitudeDegrees>
      <LongitudeDegrees>-71.4655300</LongitudeDegrees>
     </Position>
     <AltitudeMeters>336.65</AltitudeMeters>
     <DistanceMeters>51834.93546636166</DistanceMeters>
    </Trackpoint>
    <Trackpoint>
     <Time>2026-07-19T02:30:35+00:00</Time>
     <Position>
      <LatitudeDegrees>-33.3420700</LatitudeDegrees>
      <LongitudeDegrees>-71.4656100</LongitudeDegrees>
     </Position>
     <AltitudeMeters>335.75000000000006</AltitudeMeters>
     <DistanceMeters>51850.22254799035</DistanceMeters>
    </Trackpoint>
    <Trackpoint>
     <Time>2026-07-19T02:30:42+00:00</Time>
     <Position>
      <LatitudeDegrees>-33.3418300</LatitudeDegrees>
      <LongitudeDegrees>-71.4656700</LongitudeDegrees>
     </Position>
     <AltitudeMeters>333.58000000000004</AltitudeMeters>
     <DistanceMeters>51877.5098442837</DistanceMeters>
    </Trackpoint>
    <Trackpoint>
     <Time>2026-07-19T02:30:49+00:00</Time>
     <Position>
      <LatitudeDegrees>-33.3412900</LatitudeDegrees>
      <LongitudeDegrees>-71.4657100</LongitudeDegrees>
     </Position>
     <AltitudeMeters>330.67</AltitudeMeters>
     <DistanceMeters>51937.72447404059</DistanceMeters>
    </Trackpoint>
    <Trackpoint>
     <Time>2026-07-19T02:30:56+00:00</Time>
     <Position>
      <LatitudeDegrees>-33.3411800</LatitudeDegrees>
      <LongitudeDegrees>-71.4657500</LongitudeDegrees>
     </Position>
     <AltitudeMeters>329.94</AltitudeMeters>
     <DistanceMeters>51950.51944143799</DistanceMeters>
    </Trackpoint>
    <Trackpoint>
     <Time>2026-07-19T02:31:03+00:00</Time>
     <Position>
      <LatitudeDegrees>-33.3411100</LatitudeDegrees>
      <LongitudeDegrees>-71.4658300</LongitudeDegrees>
     </Position>
     <AltitudeMeters>329.54</AltitudeMeters>
     <DistanceMeters>51961.29080150897</DistanceMeters>
    </Trackpoint>
    <Trackpoint>
     <Time>2026-07-19T02:31:10+00:00</Time>
     <Position>
      <LatitudeDegrees>-33.3410700</LatitudeDegrees>
      <LongitudeDegrees>-71.4658900</LongitudeDegrees>
     </Position>
     <AltitudeMeters>329.23</AltitudeMeters>
     <DistanceMeters>51968.42805385044</DistanceMeters>
    </Trackpoint>
    <Trackpoint>
     <Time>2026-07-19T02:31:17+00:00</Time>
     <Position>
      <LatitudeDegrees>-33.3409800</LatitudeDegrees>
      <LongitudeDegrees>-71.4662000</LongitudeDegrees>
     </Position>
     <AltitudeMeters>328.55</AltitudeMeters>
     <DistanceMeters>51998.94211152057</DistanceMeters>
    </Trackpoint>
    <Trackpoint>
     <Time>2026-07-19T02:31:24+00:00</Time>
     <Position>
      <LatitudeDegrees>-33.3409800</LatitudeDegrees>
      <LongitudeDegrees>-71.4663000</LongitudeDegrees>
     </Position>
     <AltitudeMeters>328.41</AltitudeMeters>
     <DistanceMeters>52008.2399135903</DistanceMeters>
    </Trackpoint>
    <Trackpoint>
     <Time>2026-07-19T02:31:31+00:00</Time>
     <Position>
      <LatitudeDegrees>-33.3411100</LatitudeDegrees>
      <LongitudeDegrees>-71.4664700</LongitudeDegrees>
     </Position>
     <AltitudeMeters>327.03000000000003</AltitudeMeters>
     <DistanceMeters>52029.66824299505</DistanceMeters>
    </Trackpoint>
    <Trackpoint>
     <Time>2026-07-19T02:31:38+00:00</Time>
     <Position>
      <LatitudeDegrees>-33.3413600</LatitudeDegrees>
      <LongitudeDegrees>-71.4667400</LongitudeDegrees>
     </Position>
     <AltitudeMeters>324.27</AltitudeMeters>
     <DistanceMeters>52067.143313839704</DistanceMeters>
    </Trackpoint>
    <Trackpoint>
     <Time>2026-07-19T02:31:45+00:00</Time>
     <Position>
      <LatitudeDegrees>-33.3416900</LatitudeDegrees>
      <LongitudeDegrees>-71.4669400</LongitudeDegrees>
     </Position>
     <AltitudeMeters>322.02000000000004</AltitudeMeters>
     <DistanceMeters>52108.31013146083</DistanceMeters>
    </Trackpoint>
    <Trackpoint>
     <Time>2026-07-19T02:31:52+00:00</Time>
     <Position>
      <LatitudeDegrees>-33.3421600</LatitudeDegrees>
      <LongitudeDegrees>-71.4671900</LongitudeDegrees>
     </Position>
     <AltitudeMeters>319.65999999999997</AltitudeMeters>
     <DistanceMeters>52165.55105709993</DistanceMeters>
    </Trackpoint>
    <Trackpoint>
     <Time>2026-07-19T02:32:00+00:00</Time>
     <Position>
      <LatitudeDegrees>-33.3427900</LatitudeDegrees>
      <LongitudeDegrees>-71.4674000</LongitudeDegrees>
     </Position>
     <AltitudeMeters>317.95</AltitudeMeters>
     <DistanceMeters>52238.33512123456</DistanceMeters>
    </Trackpoint>
    <Trackpoint>
     <Time>2026-07-19T02:32:07+00:00</Time>
     <Position>
      <LatitudeDegrees>-33.3421950</LatitudeDegrees>
      <LongitudeDegrees>-71.4676750</LongitudeDegrees>
     </Position>
     <AltitudeMeters>318.71999999999997</AltitudeMeters>
     <DistanceMeters>52309.32078400525</DistanceMeters>
    </Trackpoint>
    <Trackpoint>
     <Time>2026-07-19T02:32:14+00:00</Time>
     <Position>
      <LatitudeDegrees>-33.3416000</LatitudeDegrees>
      <LongitudeDegrees>-71.4679500</LongitudeDegrees>
     </Position>
     <AltitudeMeters>321.98</AltitudeMeters>
     <DistanceMeters>52380.30645250963</DistanceMeters>
    </Trackpoint>
    <Trackpoint>
     <Time>2026-07-19T02:32:21+00:00</Time>
     <Position>
      <LatitudeDegrees>-33.3409800</LatitudeDegrees>
      <LongitudeDegrees>-71.4682600</LongitudeDegrees>
     </Position>
     <AltitudeMeters>326.49</AltitudeMeters>
     <DistanceMeters>52455.08765672978</DistanceMeters>
    </Trackpoint>
    <Trackpoint>
     <Time>2026-07-19T02:32:28+00:00</Time>
     <Position>
      <LatitudeDegrees>-33.3405700</LatitudeDegrees>
      <LongitudeDegrees>-71.4685300</LongitudeDegrees>
     </Position>
     <AltitudeMeters>331.08000000000004</AltitudeMeters>
     <DistanceMeters>52507.16861387214</DistanceMeters>
    </Trackpoint>
    <Trackpoint>
     <Time>2026-07-19T02:32:35+00:00</Time>
     <Position>
      <LatitudeDegrees>-33.3398650</LatitudeDegrees>
      <LongitudeDegrees>-71.4690200</LongitudeDegrees>
     </Position>
     <AltitudeMeters>335.62</AltitudeMeters>
     <DistanceMeters>52597.90015366884</DistanceMeters>
    </Trackpoint>
    <Trackpoint>
     <Time>2026-07-19T02:32:42+00:00</Time>
     <Position>
      <LatitudeDegrees>-33.3391600</LatitudeDegrees>
      <LongitudeDegrees>-71.4695100</LongitudeDegrees>
     </Position>
     <AltitudeMeters>338.89000000000004</AltitudeMeters>
     <DistanceMeters>52688.631670320945</DistanceMeters>
    </Trackpoint>
    <Trackpoint>
     <Time>2026-07-19T02:32:49+00:00</Time>
     <Position>
      <LatitudeDegrees>-33.3387350</LatitudeDegrees>
      <LongitudeDegrees>-71.4699850</LongitudeDegrees>
     </Position>
     <AltitudeMeters>340.87</AltitudeMeters>
     <DistanceMeters>52753.346141110254</DistanceMeters>
    </Trackpoint>
    <Trackpoint>
     <Time>2026-07-19T02:32:56+00:00</Time>
     <Position>
      <LatitudeDegrees>-33.3383100</LatitudeDegrees>
      <LongitudeDegrees>-71.4704600</LongitudeDegrees>
     </Position>
     <AltitudeMeters>343.59</AltitudeMeters>
     <DistanceMeters>52818.0605959476</DistanceMeters>
    </Trackpoint>
    <Trackpoint>
     <Time>2026-07-19T02:33:03+00:00</Time>
     <Position>
      <LatitudeDegrees>-33.3379400</LatitudeDegrees>
      <LongitudeDegrees>-71.4710850</LongitudeDegrees>
     </Position>
     <AltitudeMeters>346.63000000000005</AltitudeMeters>
     <DistanceMeters>52889.28488960305</DistanceMeters>
    </Trackpoint>
    <Trackpoint>
     <Time>2026-07-19T02:33:10+00:00</Time>
     <Position>
      <LatitudeDegrees>-33.3375700</LatitudeDegrees>
      <LongitudeDegrees>-71.4717100</LongitudeDegrees>
     </Position>
     <AltitudeMeters>349.95000000000005</AltitudeMeters>
     <DistanceMeters>52960.50915128202</DistanceMeters>
    </Trackpoint>
    <Trackpoint>
     <Time>2026-07-19T02:33:17+00:00</Time>
     <Position>
      <LatitudeDegrees>-33.3372600</LatitudeDegrees>
      <LongitudeDegrees>-71.4722900</LongitudeDegrees>
     </Position>
     <AltitudeMeters>352.57000000000005</AltitudeMeters>
     <DistanceMeters>53024.53064126725</DistanceMeters>
    </Trackpoint>
    <Trackpoint>
     <Time>2026-07-19T02:33:24+00:00</Time>
     <Position>
      <LatitudeDegrees>-33.3372100</LatitudeDegrees>
      <LongitudeDegrees>-71.4723300</LongitudeDegrees>
     </Position>
     <AltitudeMeters>352.57000000000005</AltitudeMeters>
     <DistanceMeters>53031.22391176417</DistanceMeters>
    </Trackpoint>
    <Trackpoint>
     <Time>2026-07-19T02:33:32+00:00</Time>
     <Position>
      <LatitudeDegrees>-33.3366100</LatitudeDegrees>
      <LongitudeDegrees>-71.4731000</LongitudeDegrees>
     </Position>
     <AltitudeMeters>360.24</AltitudeMeters>
     <DistanceMeters>53129.12830266653</DistanceMeters>
    </Trackpoint>
    <Trackpoint>
     <Time>2026-07-19T02:33:39+00:00</Time>
     <Position>
      <LatitudeDegrees>-33.3364100</LatitudeDegrees>
      <LongitudeDegrees>-71.4734200</LongitudeDegrees>
     </Position>
     <AltitudeMeters>361.8</AltitudeMeters>
     <DistanceMeters>53166.287406848016</DistanceMeters>
    </Trackpoint>
    <Trackpoint>
     <Time>2026-07-19T02:33:46+00:00</Time>
     <Position>
      <LatitudeDegrees>-33.3361200</LatitudeDegrees>
      <LongitudeDegrees>-71.4743600</LongitudeDegrees>
     </Position>
     <AltitudeMeters>371.6</AltitudeMeters>
     <DistanceMeters>53259.46033998835</DistanceMeters>
    </Trackpoint>
    <Trackpoint>
     <Time>2026-07-19T02:33:53+00:00</Time>
     <Position>
      <LatitudeDegrees>-33.3360300</LatitudeDegrees>
      <LongitudeDegrees>-71.4747600</LongitudeDegrees>
     </Position>
     <AltitudeMeters>377.02000000000004</AltitudeMeters>
     <DistanceMeters>53297.97883260741</DistanceMeters>
    </Trackpoint>
    <Trackpoint>
     <Time>2026-07-19T02:34:00+00:00</Time>
     <Position>
      <LatitudeDegrees>-33.3359400</LatitudeDegrees>
      <LongitudeDegrees>-71.4750300</LongitudeDegrees>
     </Position>
     <AltitudeMeters>379.49000000000007</AltitudeMeters>
     <DistanceMeters>53325.00879556526</DistanceMeters>
    </Trackpoint>
    <Trackpoint>
     <Time>2026-07-19T02:34:07+00:00</Time>
     <Position>
      <LatitudeDegrees>-33.3358300</LatitudeDegrees>
      <LongitudeDegrees>-71.4752500</LongitudeDegrees>
     </Position>
     <AltitudeMeters>380.5</AltitudeMeters>
     <DistanceMeters>53348.84872267038</DistanceMeters>
    </Trackpoint>
    <Trackpoint>
     <Time>2026-07-19T02:34:14+00:00</Time>
     <Position>
      <LatitudeDegrees>-33.3351600</LatitudeDegrees>
      <LongitudeDegrees>-71.4758700</LongitudeDegrees>
     </Position>
     <AltitudeMeters>389.72</AltitudeMeters>
     <DistanceMeters>53443.10329916473</DistanceMeters>
    </Trackpoint>
    <Trackpoint>
     <Time>2026-07-19T02:34:21+00:00</Time>
     <Position>
      <LatitudeDegrees>-33.3347500</LatitudeDegrees>
      <LongitudeDegrees>-71.4761800</LongitudeDegrees>
     </Position>
     <AltitudeMeters>386.03000000000003</AltitudeMeters>
     <DistanceMeters>53497.07644101227</DistanceMeters>
    </Trackpoint>
    <Trackpoint>
     <Time>2026-07-19T02:34:28+00:00</Time>
     <Position>
      <LatitudeDegrees>-33.3340900</LatitudeDegrees>
      <LongitudeDegrees>-71.4766100</LongitudeDegrees>
     </Position>
     <AltitudeMeters>378.53000000000003</AltitudeMeters>
     <DistanceMeters>53580.708635271665</DistanceMeters>
    </Trackpoint>
    <Trackpoint>
     <Time>2026-07-19T02:34:35+00:00</Time>
     <Position>
      <LatitudeDegrees>-33.3339500</LatitudeDegrees>
      <LongitudeDegrees>-71.4767200</LongitudeDegrees>
     </Position>
     <AltitudeMeters>377.38000000000005</AltitudeMeters>
     <DistanceMeters>53599.34730560467</DistanceMeters>
    </Trackpoint>
    <Trackpoint>
     <Time>2026-07-19T02:34:42+00:00</Time>
     <Position>
      <LatitudeDegrees>-33.3334800</LatitudeDegrees>
      <LongitudeDegrees>-71.4771700</LongitudeDegrees>
     </Position>
     <AltitudeMeters>373.44000000000005</AltitudeMeters>
     <DistanceMeters>53666.333237531886</DistanceMeters>
    </Trackpoint>
    <Trackpoint>
     <Time>2026-07-19T02:34:49+00:00</Time>
     <Position>
      <LatitudeDegrees>-33.3330700</LatitudeDegrees>
      <LongitudeDegrees>-71.4774000</LongitudeDegrees>
     </Position>
     <AltitudeMeters>369.70000000000005</AltitudeMeters>
     <DistanceMeters>53716.727739204514</DistanceMeters>
    </Trackpoint>
    <Trackpoint>
     <Time>2026-07-19T02:34:56+00:00</Time>
     <Position>
      <LatitudeDegrees>-33.3326900</LatitudeDegrees>
      <LongitudeDegrees>-71.4775300</LongitudeDegrees>
     </Position>
     <AltitudeMeters>365.6</AltitudeMeters>
     <DistanceMeters>53760.71375692329</DistanceMeters>
    </Trackpoint>
    <Trackpoint>
     <Time>2026-07-19T02:35:03+00:00</Time>
     <Position>
      <LatitudeDegrees>-33.3324700</LatitudeDegrees>
      <LongitudeDegrees>-71.4775700</LongitudeDegrees>
     </Position>
     <AltitudeMeters>363.45000000000005</AltitudeMeters>
     <DistanceMeters>53785.47970482975</DistanceMeters>
    </Trackpoint>
    <Trackpoint>
     <Time>2026-07-19T02:35:11+00:00</Time>
     <Position>
      <LatitudeDegrees>-33.3322500</LatitudeDegrees>
      <LongitudeDegrees>-71.4776500</LongitudeDegrees>
     </Position>
     <AltitudeMeters>361.98</AltitudeMeters>
     <DistanceMeters>53811.06985994234</DistanceMeters>
    </Trackpoint>
    <Trackpoint>
     <Time>2026-07-19T02:35:18+00:00</Time>
     <Position>
      <LatitudeDegrees>-33.3317300</LatitudeDegrees>
      <LongitudeDegrees>-71.4775700</LongitudeDegrees>
     </Position>
     <AltitudeMeters>358.29</AltitudeMeters>
     <DistanceMeters>53869.41975439795</DistanceMeters>
    </Trackpoint>
    <Trackpoint>
     <Time>2026-07-19T02:35:25+00:00</Time>
     <Position>
      <LatitudeDegrees>-33.3314200</LatitudeDegrees>
      <LongitudeDegrees>-71.4775700</LongitudeDegrees>
     </Position>
     <AltitudeMeters>348.94</AltitudeMeters>
     <DistanceMeters>53903.92141502449</DistanceMeters>
    </Trackpoint>
    <Trackpoint>
     <Time>2026-07-19T02:35:32+00:00</Time>
     <Position>
      <LatitudeDegrees>-33.3311900</LatitudeDegrees>
      <LongitudeDegrees>-71.4775300</LongitudeDegrees>
     </Position>
     <AltitudeMeters>346.41</AltitudeMeters>
     <DistanceMeters>53929.78824432093</DistanceMeters>
    </Trackpoint>
    <Trackpoint>
     <Time>2026-07-19T02:35:39+00:00</Time>
     <Position>
      <LatitudeDegrees>-33.3310400</LatitudeDegrees>
      <LongitudeDegrees>-71.4774800</LongitudeDegrees>
     </Position>
     <AltitudeMeters>344.81</AltitudeMeters>
     <DistanceMeters>53947.11794606785</DistanceMeters>
    </Trackpoint>
    <Trackpoint>
     <Time>2026-07-19T02:35:46+00:00</Time>
     <Position>
      <LatitudeDegrees>-33.3309000</LatitudeDegrees>
      <LongitudeDegrees>-71.4774800</LongitudeDegrees>
     </Position>
     <AltitudeMeters>342.67</AltitudeMeters>
     <DistanceMeters>53962.69934118976</DistanceMeters>
    </Trackpoint>
    <Trackpoint>
     <Time>2026-07-19T02:35:53+00:00</Time>
     <Position>
      <LatitudeDegrees>-33.3307000</LatitudeDegrees>
      <LongitudeDegrees>-71.4775300</LongitudeDegrees>
     </Position>
     <AltitudeMeters>341.34000000000003</AltitudeMeters>
     <DistanceMeters>53985.43887644338</DistanceMeters>
    </Trackpoint>
    <Trackpoint>
     <Time>2026-07-19T02:36:00+00:00</Time>
     <Position>
      <LatitudeDegrees>-33.3305700</LatitudeDegrees>
      <LongitudeDegrees>-71.4775300</LongitudeDegrees>
     </Position>
     <AltitudeMeters>340.82</AltitudeMeters>
     <DistanceMeters>53999.907314770535</DistanceMeters>
    </Trackpoint>
    <Trackpoint>
     <Time>2026-07-19T02:36:07+00:00</Time>
     <Position>
      <LatitudeDegrees>-33.3299650</LatitudeDegrees>
      <LongitudeDegrees>-71.4778600</LongitudeDegrees>
     </Position>
     <AltitudeMeters>337.69000000000005</AltitudeMeters>
     <DistanceMeters>54073.90409472518</DistanceMeters>
    </Trackpoint>
    <Trackpoint>
     <Time>2026-07-19T02:36:14+00:00</Time>
     <Position>
      <LatitudeDegrees>-33.3293600</LatitudeDegrees>
      <LongitudeDegrees>-71.4781900</LongitudeDegrees>
     </Position>
     <AltitudeMeters>334.46000000000004</AltitudeMeters>
     <DistanceMeters>54147.9008455786</DistanceMeters>
    </Trackpoint>
    <Trackpoint>
     <Time>2026-07-19T02:36:21+00:00</Time>
     <Position>
      <LatitudeDegrees>-33.3285750</LatitudeDegrees>
      <LongitudeDegrees>-71.4783300</LongitudeDegrees>
     </Position>
     <AltitudeMeters>332.07000000000005</AltitudeMeters>
     <DistanceMeters>54236.23260355338</DistanceMeters>
    </Trackpoint>
    <Trackpoint>
     <Time>2026-07-19T02:36:28+00:00</Time>
     <Position>
      <LatitudeDegrees>-33.3277900</LatitudeDegrees>
      <LongitudeDegrees>-71.4784700</LongitudeDegrees>
     </Position>
     <AltitudeMeters>330.94</AltitudeMeters>
     <DistanceMeters>54324.564369499574</DistanceMeters>
    </Trackpoint>
    <Trackpoint>
     <Time>2026-07-19T02:36:35+00:00</Time>
     <Position>
      <LatitudeDegrees>-33.3270650</LatitudeDegrees>
      <LongitudeDegrees>-71.4786250</LongitudeDegrees>
     </Position>
     <AltitudeMeters>329.78000000000003</AltitudeMeters>
     <DistanceMeters>54406.53103846417</DistanceMeters>
    </Trackpoint>
    <Trackpoint>
     <Time>2026-07-19T02:36:43+00:00</Time>
     <Position>
      <LatitudeDegrees>-33.3263400</LatitudeDegrees>
      <LongitudeDegrees>-71.4787800</LongitudeDegrees>
     </Position>
     <AltitudeMeters>327.86</AltitudeMeters>
     <DistanceMeters>54488.49770259777</DistanceMeters>
    </Trackpoint>
    <Trackpoint>
     <Time>2026-07-19T02:36:50+00:00</Time>
     <Position>
      <LatitudeDegrees>-33.3257300</LatitudeDegrees>
      <LongitudeDegrees>-71.4789500</LongitudeDegrees>
     </Position>
     <AltitudeMeters>327.33</AltitudeMeters>
     <DistanceMeters>54558.20441167882</DistanceMeters>
    </Trackpoint>
    <Trackpoint>
     <Time>2026-07-19T02:36:57+00:00</Time>
     <Position>
      <LatitudeDegrees>-33.3254900</LatitudeDegrees>
      <LongitudeDegrees>-71.4789600</LongitudeDegrees>
     </Position>
     <AltitudeMeters>328.64000000000004</AltitudeMeters>
     <DistanceMeters>54584.931557883174</DistanceMeters>
    </Trackpoint>
    <Trackpoint>
     <Time>2026-07-19T02:37:04+00:00</Time>
     <Position>
      <LatitudeDegrees>-33.3251700</LatitudeDegrees>
      <LongitudeDegrees>-71.4789600</LongitudeDegrees>
     </Position>
     <AltitudeMeters>328.51</AltitudeMeters>
     <DistanceMeters>54620.546175304466</DistanceMeters>
    </Trackpoint>
    <Trackpoint>
     <Time>2026-07-19T02:37:11+00:00</Time>
     <Position>
      <LatitudeDegrees>-33.3249700</LatitudeDegrees>
      <LongitudeDegrees>-71.4789100</LongitudeDegrees>
     </Position>
     <AltitudeMeters>328.05</AltitudeMeters>
     <DistanceMeters>54643.28577307911</DistanceMeters>
    </Trackpoint>
    <Trackpoint>
     <Time>2026-07-19T02:37:18+00:00</Time>
     <Position>
      <LatitudeDegrees>-33.3248100</LatitudeDegrees>
      <LongitudeDegrees>-71.4788200</LongitudeDegrees>
     </Position>
     <AltitudeMeters>325.37000000000006</AltitudeMeters>
     <DistanceMeters>54662.96189832401</DistanceMeters>
    </Trackpoint>
    <Trackpoint>
     <Time>2026-07-19T02:37:25+00:00</Time>
     <Position>
      <LatitudeDegrees>-33.3245500</LatitudeDegrees>
      <LongitudeDegrees>-71.4785600</LongitudeDegrees>
     </Position>
     <AltitudeMeters>324.05</AltitudeMeters>
     <DistanceMeters>54700.67075185902</DistanceMeters>
    </Trackpoint>
    <Trackpoint>
     <Time>2026-07-19T02:37:32+00:00</Time>
     <Position>
      <LatitudeDegrees>-33.3242800</LatitudeDegrees>
      <LongitudeDegrees>-71.4783800</LongitudeDegrees>
     </Position>
     <AltitudeMeters>322.08000000000004</AltitudeMeters>
     <DistanceMeters>54735.06834173838</DistanceMeters>
    </Trackpoint>
    <Trackpoint>
     <Time>2026-07-19T02:37:39+00:00</Time>
     <Position>
      <LatitudeDegrees>-33.3240400</LatitudeDegrees>
      <LongitudeDegrees>-71.4782300</LongitudeDegrees>
     </Position>
     <AltitudeMeters>321.06</AltitudeMeters>
     <DistanceMeters>54765.20239556424</DistanceMeters>
    </Trackpoint>
    <Trackpoint>
     <Time>2026-07-19T02:37:46+00:00</Time>
     <Position>
      <LatitudeDegrees>-33.3238300</LatitudeDegrees>
      <LongitudeDegrees>-71.4782000</LongitudeDegrees>
     </Position>
     <AltitudeMeters>319.79</AltitudeMeters>
     <DistanceMeters>54788.74041125501</DistanceMeters>
    </Trackpoint>
    <Trackpoint>
     <Time>2026-07-19T02:37:53+00:00</Time>
     <Position>
      <LatitudeDegrees>-33.3234900</LatitudeDegrees>
      <LongitudeDegrees>-71.4782000</LongitudeDegrees>
     </Position>
     <AltitudeMeters>316.97</AltitudeMeters>
     <DistanceMeters>54826.580942265035</DistanceMeters>
    </Trackpoint>
    <Trackpoint>
     <Time>2026-07-19T02:38:00+00:00</Time>
     <Position>
      <LatitudeDegrees>-33.3227800</LatitudeDegrees>
      <LongitudeDegrees>-71.4781100</LongitudeDegrees>
     </Position>
     <AltitudeMeters>311.38000000000005</AltitudeMeters>
     <DistanceMeters>54906.0428966808</DistanceMeters>
    </Trackpoint>
    <Trackpoint>
     <Time>2026-07-19T02:38:07+00:00</Time>
     <Position>
      <LatitudeDegrees>-33.3224200</LatitudeDegrees>
      <LongitudeDegrees>-71.4781100</LongitudeDegrees>
     </Position>
     <AltitudeMeters>309.96</AltitudeMeters>
     <DistanceMeters>54946.10934127957</DistanceMeters>
    </Trackpoint>
    <Trackpoint>
     <Time>2026-07-19T02:38:15+00:00</Time>
     <Position>
      <LatitudeDegrees>-33.3221500</LatitudeDegrees>
      <LongitudeDegrees>-71.4781600</LongitudeDegrees>
     </Position>
     <AltitudeMeters>309.39</AltitudeMeters>
     <DistanceMeters>54976.51680826873</DistanceMeters>
    </Trackpoint>
    <Trackpoint>
     <Time>2026-07-19T02:38:22+00:00</Time>
     <Position>
      <LatitudeDegrees>-33.3215500</LatitudeDegrees>
      <LongitudeDegrees>-71.4784200</LongitudeDegrees>
     </Position>
     <AltitudeMeters>307.96</AltitudeMeters>
     <DistanceMeters>55047.537051504536</DistanceMeters>
    </Trackpoint>
    <Trackpoint>
     <Time>2026-07-19T02:38:29+00:00</Time>
     <Position>
      <LatitudeDegrees>-33.3207733</LatitudeDegrees>
      <LongitudeDegrees>-71.4784500</LongitudeDegrees>
     </Position>
     <AltitudeMeters>306.64000000000004</AltitudeMeters>
     <DistanceMeters>55134.02170636912</DistanceMeters>
    </Trackpoint>
    <Trackpoint>
     <Time>2026-07-19T02:38:36+00:00</Time>
     <Position>
      <LatitudeDegrees>-33.3199967</LatitudeDegrees>
      <LongitudeDegrees>-71.4784800</LongitudeDegrees>
     </Position>
     <AltitudeMeters>305.52</AltitudeMeters>
     <DistanceMeters>55220.50636123467</DistanceMeters>
    </Trackpoint>
    <Trackpoint>
     <Time>2026-07-19T02:38:43+00:00</Time>
     <Position>
      <LatitudeDegrees>-33.3192200</LatitudeDegrees>
      <LongitudeDegrees>-71.4785100</LongitudeDegrees>
     </Position>
     <AltitudeMeters>305.36</AltitudeMeters>
     <DistanceMeters>55306.991028090524</DistanceMeters>
    </Trackpoint>
    <Trackpoint>
     <Time>2026-07-19T02:38:50+00:00</Time>
     <Position>
      <LatitudeDegrees>-33.3188200</LatitudeDegrees>
      <LongitudeDegrees>-71.4784700</LongitudeDegrees>
     </Position>
     <AltitudeMeters>305.44000000000005</AltitudeMeters>
     <DistanceMeters>55351.664458181716</DistanceMeters>
    </Trackpoint>
    <Trackpoint>
     <Time>2026-07-19T02:38:57+00:00</Time>
     <Position>
      <LatitudeDegrees>-33.3185700</LatitudeDegrees>
      <LongitudeDegrees>-71.4785100</LongitudeDegrees>
     </Position>
     <AltitudeMeters>305.00000000000006</AltitudeMeters>
     <DistanceMeters>55379.73596426471</DistanceMeters>
    </Trackpoint>
    <Trackpoint>
     <Time>2026-07-19T02:39:04+00:00</Time>
     <Position>
      <LatitudeDegrees>-33.3181700</LatitudeDegrees>
      <LongitudeDegrees>-71.4787400</LongitudeDegrees>
     </Position>
     <AltitudeMeters>303.26000000000005</AltitudeMeters>
     <DistanceMeters>55429.12654839751</DistanceMeters>
    </Trackpoint>
    <Trackpoint>
     <Time>2026-07-19T02:39:11+00:00</Time>
     <Position>
      <LatitudeDegrees>-33.3179900</LatitudeDegrees>
      <LongitudeDegrees>-71.4787800</LongitudeDegrees>
     </Position>
     <AltitudeMeters>301.37</AltitudeMeters>
     <DistanceMeters>55449.502247854405</DistanceMeters>
    </Trackpoint>
    <Trackpoint>
     <Time>2026-07-19T02:39:18+00:00</Time>
     <Position>
      <LatitudeDegrees>-33.3177400</LatitudeDegrees>
      <LongitudeDegrees>-71.4786900</LongitudeDegrees>
     </Position>
     <AltitudeMeters>300.44000000000005</AltitudeMeters>
     <DistanceMeters>55478.55790945625</DistanceMeters>
    </Trackpoint>
    <Trackpoint>
     <Time>2026-07-19T02:39:25+00:00</Time>
     <Position>
      <LatitudeDegrees>-33.3173200</LatitudeDegrees>
      <LongitudeDegrees>-71.4783700</LongitudeDegrees>
     </Position>
     <AltitudeMeters>298.49</AltitudeMeters>
     <DistanceMeters>55533.97211822207</DistanceMeters>
    </Trackpoint>
    <Trackpoint>
     <Time>2026-07-19T02:39:32+00:00</Time>
     <Position>
      <LatitudeDegrees>-33.3168500</LatitudeDegrees>
      <LongitudeDegrees>-71.4780350</LongitudeDegrees>
     </Position>
     <AltitudeMeters>297.02</AltitudeMeters>
     <DistanceMeters>55594.856763607386</DistanceMeters>
    </Trackpoint>
    <Trackpoint>
     <Time>2026-07-19T02:39:39+00:00</Time>
     <Position>
      <LatitudeDegrees>-33.3163800</LatitudeDegrees>
      <LongitudeDegrees>-71.4777000</LongitudeDegrees>
     </Position>
     <AltitudeMeters>296.16</AltitudeMeters>
     <DistanceMeters>55655.74142605262</DistanceMeters>
    </Trackpoint>
    <Trackpoint>
     <Time>2026-07-19T02:39:46+00:00</Time>
     <Position>
      <LatitudeDegrees>-33.3160600</LatitudeDegrees>
      <LongitudeDegrees>-71.4775300</LongitudeDegrees>
     </Position>
     <AltitudeMeters>294.00000000000006</AltitudeMeters>
     <DistanceMeters>55694.707834353016</DistanceMeters>
    </Trackpoint>
    <Trackpoint>
     <Time>2026-07-19T02:39:54+00:00</Time>
     <Position>
      <LatitudeDegrees>-33.3156000</LatitudeDegrees>
      <LongitudeDegrees>-71.4773550</LongitudeDegrees>
     </Position>
     <AltitudeMeters>292.89000000000004</AltitudeMeters>
     <DistanceMeters>55748.42875649572</DistanceMeters>
    </Trackpoint>
    <Trackpoint>
     <Time>2026-07-19T02:40:01+00:00</Time>
     <Position>
      <LatitudeDegrees>-33.3151400</LatitudeDegrees>
      <LongitudeDegrees>-71.4771800</LongitudeDegrees>
     </Position>
     <AltitudeMeters>291.57000000000005</AltitudeMeters>
     <DistanceMeters>55802.149659018345</DistanceMeters>
    </Trackpoint>
    <Trackpoint>
     <Time>2026-07-19T02:40:08+00:00</Time>
     <Position>
      <LatitudeDegrees>-33.3143600</LatitudeDegrees>
      <LongitudeDegrees>-71.4769800</LongitudeDegrees>
     </Position>
     <AltitudeMeters>288.98</AltitudeMeters>
     <DistanceMeters>55890.930795673674</DistanceMeters>
    </Trackpoint>
    <Trackpoint>
     <Time>2026-07-19T02:40:15+00:00</Time>
     <Position>
      <LatitudeDegrees>-33.3135800</LatitudeDegrees>
      <LongitudeDegrees>-71.4765900</LongitudeDegrees>
     </Position>
     <AltitudeMeters>285.98</AltitudeMeters>
     <DistanceMeters>55985.01475862635</DistanceMeters>
    </Trackpoint>
    <Trackpoint>
     <Time>2026-07-19T02:40:22+00:00</Time>
     <Position>
      <LatitudeDegrees>-33.3129200</LatitudeDegrees>
      <LongitudeDegrees>-71.4763200</LongitudeDegrees>
     </Position>
     <AltitudeMeters>284.31</AltitudeMeters>
     <DistanceMeters>56062.643875244794</DistanceMeters>
    </Trackpoint>
    <Trackpoint>
     <Time>2026-07-19T02:40:29+00:00</Time>
     <Position>
      <LatitudeDegrees>-33.3122600</LatitudeDegrees>
      <LongitudeDegrees>-71.4760500</LongitudeDegrees>
     </Position>
     <AltitudeMeters>282.94</AltitudeMeters>
     <DistanceMeters>56140.27298178434</DistanceMeters>
    </Trackpoint>
    <Trackpoint>
     <Time>2026-07-19T02:40:36+00:00</Time>
     <Position>
      <LatitudeDegrees>-33.3114900</LatitudeDegrees>
      <LongitudeDegrees>-71.4759967</LongitudeDegrees>
     </Position>
     <AltitudeMeters>282.23</AltitudeMeters>
     <DistanceMeters>56226.11410374314</DistanceMeters>
    </Trackpoint>
    <Trackpoint>
     <Time>2026-07-19T02:40:43+00:00</Time>
     <Position>
      <LatitudeDegrees>-33.3107200</LatitudeDegrees>
      <LongitudeDegrees>-71.4759433</LongitudeDegrees>
     </Position>
     <AltitudeMeters>280.90000000000003</AltitudeMeters>
     <DistanceMeters>56311.95522570119</DistanceMeters>
    </Trackpoint>
    <Trackpoint>
     <Time>2026-07-19T02:40:50+00:00</Time>
     <Position>
      <LatitudeDegrees>-33.3099500</LatitudeDegrees>
      <LongitudeDegrees>-71.4758900</LongitudeDegrees>
     </Position>
     <AltitudeMeters>279.18</AltitudeMeters>
     <DistanceMeters>56397.796347658616</DistanceMeters>
    </Trackpoint>
    <Trackpoint>
     <Time>2026-07-19T02:40:57+00:00</Time>
     <Position>
      <LatitudeDegrees>-33.3091800</LatitudeDegrees>
      <LongitudeDegrees>-71.4758367</LongitudeDegrees>
     </Position>
     <AltitudeMeters>277.7</AltitudeMeters>
     <DistanceMeters>56483.63746961717</DistanceMeters>
    </Trackpoint>
    <Trackpoint>
     <Time>2026-07-19T02:41:04+00:00</Time>
     <Position>
      <LatitudeDegrees>-33.3084100</LatitudeDegrees>
      <LongitudeDegrees>-71.4757833</LongitudeDegrees>
     </Position>
     <AltitudeMeters>276.16</AltitudeMeters>
     <DistanceMeters>56569.4785915746</DistanceMeters>
    </Trackpoint>
    <Trackpoint>
     <Time>2026-07-19T02:41:11+00:00</Time>
     <Position>
      <LatitudeDegrees>-33.3076400</LatitudeDegrees>
      <LongitudeDegrees>-71.4757300</LongitudeDegrees>
     </Position>
     <AltitudeMeters>274.59</AltitudeMeters>
     <DistanceMeters>56655.31972958658</DistanceMeters>
    </Trackpoint>
    <Trackpoint>
     <Time>2026-07-19T02:41:18+00:00</Time>
     <Position>
      <LatitudeDegrees>-33.3068250</LatitudeDegrees>
      <LongitudeDegrees>-71.4757700</LongitudeDegrees>
     </Position>
     <AltitudeMeters>274.27</AltitudeMeters>
     <DistanceMeters>56746.101969997224</DistanceMeters>
    </Trackpoint>
    <Trackpoint>
     <Time>2026-07-19T02:41:26+00:00</Time>
     <Position>
      <LatitudeDegrees>-33.3060100</LatitudeDegrees>
      <LongitudeDegrees>-71.4758100</LongitudeDegrees>
     </Position>
     <AltitudeMeters>273.88</AltitudeMeters>
     <DistanceMeters>56836.88423367498</DistanceMeters>
    </Trackpoint>
    <Trackpoint>
     <Time>2026-07-19T02:41:33+00:00</Time>
     <Position>
      <LatitudeDegrees>-33.3055200</LatitudeDegrees>
      <LongitudeDegrees>-71.4757700</LongitudeDegrees>
     </Position>
     <AltitudeMeters>273.54</AltitudeMeters>
     <DistanceMeters>56891.54588841166</DistanceMeters>
    </Trackpoint>
    <Trackpoint>
     <Time>2026-07-19T02:41:40+00:00</Time>
     <Position>
      <LatitudeDegrees>-33.3050700</LatitudeDegrees>
      <LongitudeDegrees>-71.4756650</LongitudeDegrees>
     </Position>
     <AltitudeMeters>273.06</AltitudeMeters>
     <DistanceMeters>56942.57238044088</DistanceMeters>
    </Trackpoint>
    <Trackpoint>
     <Time>2026-07-19T02:41:47+00:00</Time>
     <Position>
      <LatitudeDegrees>-33.3046200</LatitudeDegrees>
      <LongitudeDegrees>-71.4755600</LongitudeDegrees>
     </Position>
     <AltitudeMeters>272.89000000000004</AltitudeMeters>
     <DistanceMeters>56993.598839576734</DistanceMeters>
    </Trackpoint>
    <Trackpoint>
     <Time>2026-07-19T02:41:54+00:00</Time>
     <Position>
      <LatitudeDegrees>-33.3037700</LatitudeDegrees>
      <LongitudeDegrees>-71.4752900</LongitudeDegrees>
     </Position>
     <AltitudeMeters>272.85</AltitudeMeters>
     <DistanceMeters>57091.477118666764</DistanceMeters>
    </Trackpoint>
    <Trackpoint>
     <Time>2026-07-19T02:42:01+00:00</Time>
     <Position>
      <LatitudeDegrees>-33.3034400</LatitudeDegrees>
      <LongitudeDegrees>-71.4752400</LongitudeDegrees>
     </Position>
     <AltitudeMeters>271.82</AltitudeMeters>
     <DistanceMeters>57128.49799836474</DistanceMeters>
    </Trackpoint>
    <Trackpoint>
     <Time>2026-07-19T02:42:08+00:00</Time>
     <Position>
      <LatitudeDegrees>-33.3028450</LatitudeDegrees>
      <LongitudeDegrees>-71.4752150</LongitudeDegrees>
     </Position>
     <AltitudeMeters>270.94</AltitudeMeters>
     <DistanceMeters>57194.759750353754</DistanceMeters>
    </Trackpoint>
    <Trackpoint>
     <Time>2026-07-19T02:42:15+00:00</Time>
     <Position>
      <LatitudeDegrees>-33.3022500</LatitudeDegrees>
      <LongitudeDegrees>-71.4751900</LongitudeDegrees>
     </Position>
     <AltitudeMeters>270.37</AltitudeMeters>
     <DistanceMeters>57261.021494753055</DistanceMeters>
    </Trackpoint>
    <Trackpoint>
     <Time>2026-07-19T02:42:22+00:00</Time>
     <Position>
      <LatitudeDegrees>-33.3016550</LatitudeDegrees>
      <LongitudeDegrees>-71.4750550</LongitudeDegrees>
     </Position>
     <AltitudeMeters>270.71</AltitudeMeters>
     <DistanceMeters>57328.42259462082</DistanceMeters>
    </Trackpoint>
    <Trackpoint>
     <Time>2026-07-19T02:42:29+00:00</Time>
     <Position>
      <LatitudeDegrees>-33.3010600</LatitudeDegrees>
      <LongitudeDegrees>-71.4749200</LongitudeDegrees>
     </Position>
     <AltitudeMeters>269.39</AltitudeMeters>
     <DistanceMeters>57395.82367938089</DistanceMeters>
    </Trackpoint>
    <Trackpoint>
     <Time>2026-07-19T02:42:36+00:00</Time>
     <Position>
      <LatitudeDegrees>-33.3002400</LatitudeDegrees>
      <LongitudeDegrees>-71.4748000</LongitudeDegrees>
     </Position>
     <AltitudeMeters>265.83</AltitudeMeters>
     <DistanceMeters>57487.76625974195</DistanceMeters>
    </Trackpoint>
    <Trackpoint>
     <Time>2026-07-19T02:42:43+00:00</Time>
     <Position>
      <LatitudeDegrees>-33.2993433</LatitudeDegrees>
      <LongitudeDegrees>-71.4747467</LongitudeDegrees>
     </Position>
     <AltitudeMeters>261.34000000000003</AltitudeMeters>
     <DistanceMeters>57587.68462840712</DistanceMeters>
    </Trackpoint>
    <Trackpoint>
     <Time>2026-07-19T02:42:50+00:00</Time>
     <Position>
      <LatitudeDegrees>-33.2984467</LatitudeDegrees>
      <LongitudeDegrees>-71.4746933</LongitudeDegrees>
     </Position>
     <AltitudeMeters>260.32</AltitudeMeters>
     <DistanceMeters>57687.602997072274</DistanceMeters>
    </Trackpoint>
    <Trackpoint>
     <Time>2026-07-19T02:42:58+00:00</Time>
     <Position>
      <LatitudeDegrees>-33.2975500</LatitudeDegrees>
      <LongitudeDegrees>-71.4746400</LongitudeDegrees>
     </Position>
     <AltitudeMeters>259.56</AltitudeMeters>
     <DistanceMeters>57787.52137305738</DistanceMeters>
    </Trackpoint>
    <Trackpoint>
     <Time>2026-07-19T02:43:05+00:00</Time>
     <Position>
      <LatitudeDegrees>-33.2975300</LatitudeDegrees>
      <LongitudeDegrees>-71.4744500</LongitudeDegrees>
     </Position>
     <AltitudeMeters>259.46000000000004</AltitudeMeters>
     <DistanceMeters>57805.33561618387</DistanceMeters>
    </Trackpoint>
    <Trackpoint>
     <Time>2026-07-19T02:43:12+00:00</Time>
     <Position>
      <LatitudeDegrees>-33.2978200</LatitudeDegrees>
      <LongitudeDegrees>-71.4742600</LongitudeDegrees>
     </Position>
     <AltitudeMeters>259.59000000000003</AltitudeMeters>
     <DistanceMeters>57842.13392384609</DistanceMeters>
    </Trackpoint>
    <Trackpoint>
     <Time>2026-07-19T02:43:19+00:00</Time>
     <Position>
      <LatitudeDegrees>-33.2979500</LatitudeDegrees>
      <LongitudeDegrees>-71.4741200</LongitudeDegrees>
     </Position>
     <AltitudeMeters>259.59000000000003</AltitudeMeters>
     <DistanceMeters>57861.600398275536</DistanceMeters>
    </Trackpoint>
    <Trackpoint>
     <Time>2026-07-19T02:43:26+00:00</Time>
     <Position>
      <LatitudeDegrees>-33.2980900</LatitudeDegrees>
      <LongitudeDegrees>-71.4739400</LongitudeDegrees>
     </Position>
     <AltitudeMeters>260.02000000000004</AltitudeMeters>
     <DistanceMeters>57884.47289880638</DistanceMeters>
    </Trackpoint>
    <Trackpoint>
     <Time>2026-07-19T02:43:33+00:00</Time>
     <Position>
      <LatitudeDegrees>-33.2981500</LatitudeDegrees>
      <LongitudeDegrees>-71.4737700</LongitudeDegrees>
     </Position>
     <AltitudeMeters>260.19000000000005</AltitudeMeters>
     <DistanceMeters>57901.6390288383</DistanceMeters>
    </Trackpoint>
    <Trackpoint>
     <Time>2026-07-19T02:43:40+00:00</Time>
     <Position>
      <LatitudeDegrees>-33.2981800</LatitudeDegrees>
      <LongitudeDegrees>-71.4735000</LongitudeDegrees>
     </Position>
     <AltitudeMeters>260.31000000000006</AltitudeMeters>
     <DistanceMeters>57926.976385114016</DistanceMeters>
    </Trackpoint>
    <Trackpoint>
     <Time>2026-07-19T02:43:47+00:00</Time>
     <Position>
      <LatitudeDegrees>-33.2981500</LatitudeDegrees>
      <LongitudeDegrees>-71.4733100</LongitudeDegrees>
     </Position>
     <AltitudeMeters>260.43</AltitudeMeters>
     <DistanceMeters>57944.96349566036</DistanceMeters>
    </Trackpoint>
    <Trackpoint>
     <Time>2026-07-19T02:43:54+00:00</Time>
     <Position>
      <LatitudeDegrees>-33.2979200</LatitudeDegrees>
      <LongitudeDegrees>-71.4725500</LongitudeDegrees>
     </Position>
     <AltitudeMeters>260.01</AltitudeMeters>
     <DistanceMeters>58020.15313769424</DistanceMeters>
    </Trackpoint>
    <Trackpoint>
     <Time>2026-07-19T02:44:01+00:00</Time>
     <Position>
      <LatitudeDegrees>-33.2979100</LatitudeDegrees>
      <LongitudeDegrees>-71.4721500</LongitudeDegrees>
     </Position>
     <AltitudeMeters>259.73</AltitudeMeters>
     <DistanceMeters>58057.37936718457</DistanceMeters>
    </Trackpoint>
    <Trackpoint>
     <Time>2026-07-19T02:44:08+00:00</Time>
     <Position>
      <LatitudeDegrees>-33.2979900</LatitudeDegrees>
      <LongitudeDegrees>-71.4712000</LongitudeDegrees>
     </Position>
     <AltitudeMeters>259.58000000000004</AltitudeMeters>
     <DistanceMeters>58146.19942003227</DistanceMeters>
    </Trackpoint>
    <Trackpoint>
     <Time>2026-07-19T02:44:15+00:00</Time>
     <Position>
      <LatitudeDegrees>-33.2980700</LatitudeDegrees>
      <LongitudeDegrees>-71.4702500</LongitudeDegrees>
     </Position>
     <AltitudeMeters>259.09999999999997</AltitudeMeters>
     <DistanceMeters>58235.01947288163</DistanceMeters>
    </Trackpoint>
    <Trackpoint>
     <Time>2026-07-19T02:44:22+00:00</Time>
     <Position>
      <LatitudeDegrees>-33.2981500</LatitudeDegrees>
      <LongitudeDegrees>-71.4693000</LongitudeDegrees>
     </Position>
     <AltitudeMeters>258.62</AltitudeMeters>
     <DistanceMeters>58323.83952075495</DistanceMeters>
    </Trackpoint>
    <Trackpoint>
     <Time>2026-07-19T02:44:29+00:00</Time>
     <Position>
      <LatitudeDegrees>-33.2982400</LatitudeDegrees>
      <LongitudeDegrees>-71.4687500</LongitudeDegrees>
     </Position>
     <AltitudeMeters>258.38</AltitudeMeters>
     <DistanceMeters>58375.97383895962</DistanceMeters>
    </Trackpoint>
    <Trackpoint>
     <Time>2026-07-19T02:44:37+00:00</Time>
     <Position>
      <LatitudeDegrees>-33.2986588</LatitudeDegrees>
      <LongitudeDegrees>-71.4678100</LongitudeDegrees>
     </Position>
     <AltitudeMeters>257.62</AltitudeMeters>
     <DistanceMeters>58475.059045520335</DistanceMeters>
    </Trackpoint>
    <Trackpoint>
     <Time>2026-07-19T02:44:44+00:00</Time>
     <Position>
      <LatitudeDegrees>-33.2990775</LatitudeDegrees>
      <LongitudeDegrees>-71.4668701</LongitudeDegrees>
     </Position>
     <AltitudeMeters>257.69</AltitudeMeters>
     <DistanceMeters>58574.144252082224</DistanceMeters>
    </Trackpoint>
    <Trackpoint>
     <Time>2026-07-19T02:44:51+00:00</Time>
     <Position>
      <LatitudeDegrees>-33.2994963</LatitudeDegrees>
      <LongitudeDegrees>-71.4659301</LongitudeDegrees>
     </Position>
     <AltitudeMeters>257.69</AltitudeMeters>
     <DistanceMeters>58673.22945864297</DistanceMeters>
    </Trackpoint>
    <Trackpoint>
     <Time>2026-07-19T02:44:58+00:00</Time>
     <Position>
      <LatitudeDegrees>-33.2999151</LatitudeDegrees>
      <LongitudeDegrees>-71.4649901</LongitudeDegrees>
     </Position>
     <AltitudeMeters>259.0</AltitudeMeters>
     <DistanceMeters>58772.31466520292</DistanceMeters>
    </Trackpoint>
    <Trackpoint>
     <Time>2026-07-19T02:45:05+00:00</Time>
     <Position>
      <LatitudeDegrees>-33.3003338</LatitudeDegrees>
      <LongitudeDegrees>-71.4640501</LongitudeDegrees>
     </Position>
     <AltitudeMeters>260.38</AltitudeMeters>
     <DistanceMeters>58871.399871764</DistanceMeters>
    </Trackpoint>
    <Trackpoint>
     <Time>2026-07-19T02:45:12+00:00</Time>
     <Position>
      <LatitudeDegrees>-33.3007525</LatitudeDegrees>
      <LongitudeDegrees>-71.4631101</LongitudeDegrees>
     </Position>
     <AltitudeMeters>259.09000000000003</AltitudeMeters>
     <DistanceMeters>58970.48507832506</DistanceMeters>
    </Trackpoint>
    <Trackpoint>
     <Time>2026-07-19T02:45:19+00:00</Time>
     <Position>
      <LatitudeDegrees>-33.3011713</LatitudeDegrees>
      <LongitudeDegrees>-71.4621700</LongitudeDegrees>
     </Position>
     <AltitudeMeters>259.33</AltitudeMeters>
     <DistanceMeters>59069.57028488571</DistanceMeters>
    </Trackpoint>
    <Trackpoint>
     <Time>2026-07-19T02:45:26+00:00</Time>
     <Position>
      <LatitudeDegrees>-33.3015900</LatitudeDegrees>
      <LongitudeDegrees>-71.4612300</LongitudeDegrees>
     </Position>
     <AltitudeMeters>260.08000000000004</AltitudeMeters>
     <DistanceMeters>59168.65549182977</DistanceMeters>
    </Trackpoint>
    <Trackpoint>
     <Time>2026-07-19T02:45:33+00:00</Time>
     <Position>
      <LatitudeDegrees>-33.3020037</LatitudeDegrees>
      <LongitudeDegrees>-71.4603482</LongitudeDegrees>
     </Position>
     <AltitudeMeters>261.18</AltitudeMeters>
     <DistanceMeters>59262.71583598667</DistanceMeters>
    </Trackpoint>
    <Trackpoint>
     <Time>2026-07-19T02:45:40+00:00</Time>
     <Position>
      <LatitudeDegrees>-33.3024173</LatitudeDegrees>
      <LongitudeDegrees>-71.4594664</LongitudeDegrees>
     </Position>
     <AltitudeMeters>258.81000000000006</AltitudeMeters>
     <DistanceMeters>59356.77618014529</DistanceMeters>
    </Trackpoint>
    <Trackpoint>
     <Time>2026-07-19T02:45:47+00:00</Time>
     <Position>
      <LatitudeDegrees>-33.3028310</LatitudeDegrees>
      <LongitudeDegrees>-71.4585846</LongitudeDegrees>
     </Position>
     <AltitudeMeters>257.49</AltitudeMeters>
     <DistanceMeters>59450.836524302584</DistanceMeters>
    </Trackpoint>
    <Trackpoint>
     <Time>2026-07-19T02:45:54+00:00</Time>
     <Position>
      <LatitudeDegrees>-33.3032446</LatitudeDegrees>
      <LongitudeDegrees>-71.4577028</LongitudeDegrees>
     </Position>
     <AltitudeMeters>257.65000000000003</AltitudeMeters>
     <DistanceMeters>59544.89686845863</DistanceMeters>
    </Trackpoint>
    <Trackpoint>
     <Time>2026-07-19T02:46:01+00:00</Time>
     <Position>
      <LatitudeDegrees>-33.3036583</LatitudeDegrees>
      <LongitudeDegrees>-71.4568210</LongitudeDegrees>
     </Position>
     <AltitudeMeters>257.75000000000006</AltitudeMeters>
     <DistanceMeters>59638.957212616944</DistanceMeters>
    </Trackpoint>
    <Trackpoint>
     <Time>2026-07-19T02:46:09+00:00</Time>
     <Position>
      <LatitudeDegrees>-33.3040719</LatitudeDegrees>
      <LongitudeDegrees>-71.4559392</LongitudeDegrees>
     </Position>
     <AltitudeMeters>258.0</AltitudeMeters>
     <DistanceMeters>59733.01755677644</DistanceMeters>
    </Trackpoint>
    <Trackpoint>
     <Time>2026-07-19T02:46:16+00:00</Time>
     <Position>
      <LatitudeDegrees>-33.3044855</LatitudeDegrees>
      <LongitudeDegrees>-71.4550574</LongitudeDegrees>
     </Position>
     <AltitudeMeters>257.47</AltitudeMeters>
     <DistanceMeters>59827.077900932556</DistanceMeters>
    </Trackpoint>
    <Trackpoint>
     <Time>2026-07-19T02:46:23+00:00</Time>
     <Position>
      <LatitudeDegrees>-33.3048992</LatitudeDegrees>
      <LongitudeDegrees>-71.4541756</LongitudeDegrees>
     </Position>
     <AltitudeMeters>257.57</AltitudeMeters>
     <DistanceMeters>59921.13824509037</DistanceMeters>
    </Trackpoint>
    <Trackpoint>
     <Time>2026-07-19T02:46:30+00:00</Time>
     <Position>
      <LatitudeDegrees>-33.3053128</LatitudeDegrees>
      <LongitudeDegrees>-71.4532937</LongitudeDegrees>
     </Position>
     <AltitudeMeters>257.76000000000005</AltitudeMeters>
     <DistanceMeters>60015.19858924724</DistanceMeters>
    </Trackpoint>
    <Trackpoint>
     <Time>2026-07-19T02:46:37+00:00</Time>
     <Position>
      <LatitudeDegrees>-33.3057264</LatitudeDegrees>
      <LongitudeDegrees>-71.4524119</LongitudeDegrees>
     </Position>
     <AltitudeMeters>257.26000000000005</AltitudeMeters>
     <DistanceMeters>60109.25893340515</DistanceMeters>
    </Trackpoint>
    <Trackpoint>
     <Time>2026-07-19T02:46:44+00:00</Time>
     <Position>
      <LatitudeDegrees>-33.3061400</LatitudeDegrees>
      <LongitudeDegrees>-71.4515300</LongitudeDegrees>
     </Position>
     <AltitudeMeters>257.26000000000005</AltitudeMeters>
     <DistanceMeters>60203.319277228555</DistanceMeters>
    </Trackpoint>
    <Trackpoint>
     <Time>2026-07-19T02:46:51+00:00</Time>
     <Position>
      <LatitudeDegrees>-33.3065786</LatitudeDegrees>
      <LongitudeDegrees>-71.4506129</LongitudeDegrees>
     </Position>
     <AltitudeMeters>257.11</AltitudeMeters>
     <DistanceMeters>60301.603362525064</DistanceMeters>
    </Trackpoint>
    <Trackpoint>
     <Time>2026-07-19T02:46:58+00:00</Time>
     <Position>
      <LatitudeDegrees>-33.3070172</LatitudeDegrees>
      <LongitudeDegrees>-71.4496958</LongitudeDegrees>
     </Position>
     <AltitudeMeters>257.37000000000006</AltitudeMeters>
     <DistanceMeters>60399.88744782247</DistanceMeters>
    </Trackpoint>
    <Trackpoint>
     <Time>2026-07-19T02:47:05+00:00</Time>
     <Position>
      <LatitudeDegrees>-33.3074558</LatitudeDegrees>
      <LongitudeDegrees>-71.4487786</LongitudeDegrees>
     </Position>
     <AltitudeMeters>257.65999999999997</AltitudeMeters>
     <DistanceMeters>60498.171533118926</DistanceMeters>
    </Trackpoint>
    <Trackpoint>
     <Time>2026-07-19T02:47:12+00:00</Time>
     <Position>
      <LatitudeDegrees>-33.3078943</LatitudeDegrees>
      <LongitudeDegrees>-71.4478615</LongitudeDegrees>
     </Position>
     <AltitudeMeters>258.28000000000003</AltitudeMeters>
     <DistanceMeters>60596.45561841646</DistanceMeters>
    </Trackpoint>
    <Trackpoint>
     <Time>2026-07-19T02:47:19+00:00</Time>
     <Position>
      <LatitudeDegrees>-33.3083329</LatitudeDegrees>
      <LongitudeDegrees>-71.4469443</LongitudeDegrees>
     </Position>
     <AltitudeMeters>258.57</AltitudeMeters>
     <DistanceMeters>60694.73970371319</DistanceMeters>
    </Trackpoint>
    <Trackpoint>
     <Time>2026-07-19T02:47:26+00:00</Time>
     <Position>
      <LatitudeDegrees>-33.3087714</LatitudeDegrees>
      <LongitudeDegrees>-71.4460272</LongitudeDegrees>
     </Position>
     <AltitudeMeters>258.79</AltitudeMeters>
     <DistanceMeters>60793.023789009996</DistanceMeters>
    </Trackpoint>
    <Trackpoint>
     <Time>2026-07-19T02:47:33+00:00</Time>
     <Position>
      <LatitudeDegrees>-33.3092100</LatitudeDegrees>
      <LongitudeDegrees>-71.4451100</LongitudeDegrees>
     </Position>
     <AltitudeMeters>258.90000000000003</AltitudeMeters>
     <DistanceMeters>60891.307865409304</DistanceMeters>
    </Trackpoint>
    <Trackpoint>
     <Time>2026-07-19T02:47:41+00:00</Time>
     <Position>
      <LatitudeDegrees>-33.3093500</LatitudeDegrees>
      <LongitudeDegrees>-71.4448900</LongitudeDegrees>
     </Position>
     <AltitudeMeters>258.85</AltitudeMeters>
     <DistanceMeters>60917.02747195056</DistanceMeters>
    </Trackpoint>
    <Trackpoint>
     <Time>2026-07-19T02:47:48+00:00</Time>
     <Position>
      <LatitudeDegrees>-33.3095000</LatitudeDegrees>
      <LongitudeDegrees>-71.4447000</LongitudeDegrees>
     </Position>
     <AltitudeMeters>258.96000000000004</AltitudeMeters>
     <DistanceMeters>60941.33814494222</DistanceMeters>
    </Trackpoint>
    <Trackpoint>
     <Time>2026-07-19T02:47:55+00:00</Time>
     <Position>
      <LatitudeDegrees>-33.3097000</LatitudeDegrees>
      <LongitudeDegrees>-71.4445300</LongitudeDegrees>
     </Position>
     <AltitudeMeters>258.96000000000004</AltitudeMeters>
     <DistanceMeters>60968.64175457161</DistanceMeters>
    </Trackpoint>
    <Trackpoint>
     <Time>2026-07-19T02:48:02+00:00</Time>
     <Position>
      <LatitudeDegrees>-33.3099300</LatitudeDegrees>
      <LongitudeDegrees>-71.4444000</LongitudeDegrees>
     </Position>
     <AltitudeMeters>258.95</AltitudeMeters>
     <DistanceMeters>60996.951849645295</DistanceMeters>
    </Trackpoint>
    <Trackpoint>
     <Time>2026-07-19T02:48:09+00:00</Time>
     <Position>
      <LatitudeDegrees>-33.3101500</LatitudeDegrees>
      <LongitudeDegrees>-71.4443500</LongitudeDegrees>
     </Position>
     <AltitudeMeters>259.03000000000003</AltitudeMeters>
     <DistanceMeters>61021.874636037064</DistanceMeters>
    </Trackpoint>
    <Trackpoint>
     <Time>2026-07-19T02:48:16+00:00</Time>
     <Position>
      <LatitudeDegrees>-33.3103600</LatitudeDegrees>
      <LongitudeDegrees>-71.4443400</LongitudeDegrees>
     </Position>
     <AltitudeMeters>259.31000000000006</AltitudeMeters>
     <DistanceMeters>61045.26522853607</DistanceMeters>
    </Trackpoint>
    <Trackpoint>
     <Time>2026-07-19T02:48:23+00:00</Time>
     <Position>
      <LatitudeDegrees>-33.3109000</LatitudeDegrees>
      <LongitudeDegrees>-71.4444300</LongitudeDegrees>
     </Position>
     <AltitudeMeters>259.46000000000004</AltitudeMeters>
     <DistanceMeters>61105.945064032676</DistanceMeters>
    </Trackpoint>
    <Trackpoint>
     <Time>2026-07-19T02:48:30+00:00</Time>
     <Position>
      <LatitudeDegrees>-33.3114400</LatitudeDegrees>
      <LongitudeDegrees>-71.4445200</LongitudeDegrees>
     </Position>
     <AltitudeMeters>259.65000000000003</AltitudeMeters>
     <DistanceMeters>61166.624894190536</DistanceMeters>
    </Trackpoint>
    <Trackpoint>
     <Time>2026-07-19T02:48:37+00:00</Time>
     <Position>
      <LatitudeDegrees>-33.3120700</LatitudeDegrees>
      <LongitudeDegrees>-71.4446567</LongitudeDegrees>
     </Position>
     <AltitudeMeters>260.03000000000003</AltitudeMeters>
     <DistanceMeters>61237.88404086765</DistanceMeters>
    </Trackpoint>
    <Trackpoint>
     <Time>2026-07-19T02:48:44+00:00</Time>
     <Position>
      <LatitudeDegrees>-33.3127000</LatitudeDegrees>
      <LongitudeDegrees>-71.4447933</LongitudeDegrees>
     </Position>
     <AltitudeMeters>260.22</AltitudeMeters>
     <DistanceMeters>61309.14318754369</DistanceMeters>
    </Trackpoint>
    <Trackpoint>
     <Time>2026-07-19T02:48:51+00:00</Time>
     <Position>
      <LatitudeDegrees>-33.3133300</LatitudeDegrees>
      <LongitudeDegrees>-71.4449300</LongitudeDegrees>
     </Position>
     <AltitudeMeters>260.83</AltitudeMeters>
     <DistanceMeters>61380.4023389463</DistanceMeters>
    </Trackpoint>
    <Trackpoint>
     <Time>2026-07-19T02:48:58+00:00</Time>
     <Position>
      <LatitudeDegrees>-33.3135500</LatitudeDegrees>
      <LongitudeDegrees>-71.4449300</LongitudeDegrees>
     </Position>
     <AltitudeMeters>261.18</AltitudeMeters>
     <DistanceMeters>61404.88738842314</DistanceMeters>
    </Trackpoint>
    <Trackpoint>
     <Time>2026-07-19T02:49:05+00:00</Time>
     <Position>
      <LatitudeDegrees>-33.3136400</LatitudeDegrees>
      <LongitudeDegrees>-71.4448900</LongitudeDegrees>
     </Position>
     <AltitudeMeters>261.25000000000006</AltitudeMeters>
     <DistanceMeters>61415.5725676779</DistanceMeters>
    </Trackpoint>
    <Trackpoint>
     <Time>2026-07-19T02:49:12+00:00</Time>
     <Position>
      <LatitudeDegrees>-33.3137600</LatitudeDegrees>
      <LongitudeDegrees>-71.4448000</LongitudeDegrees>
     </Position>
     <AltitudeMeters>261.22</AltitudeMeters>
     <DistanceMeters>61431.33443739304</DistanceMeters>
    </Trackpoint>
    <Trackpoint>
     <Time>2026-07-19T02:49:20+00:00</Time>
     <Position>
      <LatitudeDegrees>-33.3142300</LatitudeDegrees>
      <LongitudeDegrees>-71.4439033</LongitudeDegrees>
     </Position>
     <AltitudeMeters>261.47</AltitudeMeters>
     <DistanceMeters>61529.777643908805</DistanceMeters>
    </Trackpoint>
    <Trackpoint>
     <Time>2026-07-19T02:49:27+00:00</Time>
     <Position>
      <LatitudeDegrees>-33.3147000</LatitudeDegrees>
      <LongitudeDegrees>-71.4430067</LongitudeDegrees>
     </Position>
     <AltitudeMeters>262.19000000000005</AltitudeMeters>
     <DistanceMeters>61628.220850424834</DistanceMeters>
    </Trackpoint>
    <Trackpoint>
     <Time>2026-07-19T02:49:34+00:00</Time>
     <Position>
      <LatitudeDegrees>-33.3151700</LatitudeDegrees>
      <LongitudeDegrees>-71.4421100</LongitudeDegrees>
     </Position>
     <AltitudeMeters>263.03000000000003</AltitudeMeters>
     <DistanceMeters>61726.664063756114</DistanceMeters>
    </Trackpoint>
    <Trackpoint>
     <Time>2026-07-19T02:49:41+00:00</Time>
     <Position>
      <LatitudeDegrees>-33.3154600</LatitudeDegrees>
      <LongitudeDegrees>-71.4413900</LongitudeDegrees>
     </Position>
     <AltitudeMeters>262.96000000000004</AltitudeMeters>
     <DistanceMeters>61801.000270875054</DistanceMeters>
    </Trackpoint>
    <Trackpoint>
     <Time>2026-07-19T02:49:48+00:00</Time>
     <Position>
      <LatitudeDegrees>-33.3157500</LatitudeDegrees>
      <LongitudeDegrees>-71.4406700</LongitudeDegrees>
     </Position>
     <AltitudeMeters>262.97</AltitudeMeters>
     <DistanceMeters>61875.336487260975</DistanceMeters>
    </Trackpoint>
    <Trackpoint>
     <Time>2026-07-19T02:49:55+00:00</Time>
     <Position>
      <LatitudeDegrees>-33.3160333</LatitudeDegrees>
      <LongitudeDegrees>-71.4397900</LongitudeDegrees>
     </Position>
     <AltitudeMeters>262.91</AltitudeMeters>
     <DistanceMeters>61963.04516156222</DistanceMeters>
    </Trackpoint>
    <Trackpoint>
     <Time>2026-07-19T02:50:02+00:00</Time>
     <Position>
      <LatitudeDegrees>-33.3163167</LatitudeDegrees>
      <LongitudeDegrees>-71.4389100</LongitudeDegrees>
     </Position>
     <AltitudeMeters>262.91</AltitudeMeters>
     <DistanceMeters>62050.753835863055</DistanceMeters>
    </Trackpoint>
    <Trackpoint>
     <Time>2026-07-19T02:50:09+00:00</Time>
     <Position>
      <LatitudeDegrees>-33.3166000</LatitudeDegrees>
      <LongitudeDegrees>-71.4380300</LongitudeDegrees>
     </Position>
     <AltitudeMeters>262.53999999999996</AltitudeMeters>
     <DistanceMeters>62138.46251792295</DistanceMeters>
    </Trackpoint>
    <Trackpoint>
     <Time>2026-07-19T02:50:16+00:00</Time>
     <Position>
      <LatitudeDegrees>-33.3168800</LatitudeDegrees>
      <LongitudeDegrees>-71.4370550</LongitudeDegrees>
     </Position>
     <AltitudeMeters>262.51</AltitudeMeters>
     <DistanceMeters>62234.34594415609</DistanceMeters>
    </Trackpoint>
    <Trackpoint>
     <Time>2026-07-19T02:50:23+00:00</Time>
     <Position>
      <LatitudeDegrees>-33.3171600</LatitudeDegrees>
      <LongitudeDegrees>-71.4360800</LongitudeDegrees>
     </Position>
     <AltitudeMeters>262.58000000000004</AltitudeMeters>
     <DistanceMeters>62330.229370388966</DistanceMeters>
    </Trackpoint>
    <Trackpoint>
     <Time>2026-07-19T02:50:30+00:00</Time>
     <Position>
      <LatitudeDegrees>-33.3174400</LatitudeDegrees>
      <LongitudeDegrees>-71.4351050</LongitudeDegrees>
     </Position>
     <AltitudeMeters>262.75000000000006</AltitudeMeters>
     <DistanceMeters>62426.112796622474</DistanceMeters>
    </Trackpoint>
    <Trackpoint>
     <Time>2026-07-19T02:50:37+00:00</Time>
     <Position>
      <LatitudeDegrees>-33.3177200</LatitudeDegrees>
      <LongitudeDegrees>-71.4341300</LongitudeDegrees>
     </Position>
     <AltitudeMeters>262.84000000000003</AltitudeMeters>
     <DistanceMeters>62521.99622285552</DistanceMeters>
    </Trackpoint>
    <Trackpoint>
     <Time>2026-07-19T02:50:44+00:00</Time>
     <Position>
      <LatitudeDegrees>-33.3180000</LatitudeDegrees>
      <LongitudeDegrees>-71.4331550</LongitudeDegrees>
     </Position>
     <AltitudeMeters>263.17</AltitudeMeters>
     <DistanceMeters>62617.87964908875</DistanceMeters>
    </Trackpoint>
    <Trackpoint>
     <Time>2026-07-19T02:50:52+00:00</Time>
     <Position>
      <LatitudeDegrees>-33.3182800</LatitudeDegrees>
      <LongitudeDegrees>-71.4321800</LongitudeDegrees>
     </Position>
     <AltitudeMeters>264.27</AltitudeMeters>
     <DistanceMeters>62713.763067183</DistanceMeters>
    </Trackpoint>
    <Trackpoint>
     <Time>2026-07-19T02:50:59+00:00</Time>
     <Position>
      <LatitudeDegrees>-33.3185357</LatitudeDegrees>
      <LongitudeDegrees>-71.4312643</LongitudeDegrees>
     </Position>
     <AltitudeMeters>264.73</AltitudeMeters>
     <DistanceMeters>62803.555251582606</DistanceMeters>
    </Trackpoint>
    <Trackpoint>
     <Time>2026-07-19T02:51:06+00:00</Time>
     <Position>
      <LatitudeDegrees>-33.3187915</LatitudeDegrees>
      <LongitudeDegrees>-71.4303486</LongitudeDegrees>
     </Position>
     <AltitudeMeters>264.82</AltitudeMeters>
     <DistanceMeters>62893.347435982854</DistanceMeters>
    </Trackpoint>
    <Trackpoint>
     <Time>2026-07-19T02:51:13+00:00</Time>
     <Position>
      <LatitudeDegrees>-33.3190472</LatitudeDegrees>
      <LongitudeDegrees>-71.4294329</LongitudeDegrees>
     </Position>
     <AltitudeMeters>265.1</AltitudeMeters>
     <DistanceMeters>62983.13962038223</DistanceMeters>
    </Trackpoint>
    <Trackpoint>
     <Time>2026-07-19T02:51:20+00:00</Time>
     <Position>
      <LatitudeDegrees>-33.3193029</LatitudeDegrees>
      <LongitudeDegrees>-71.4285172</LongitudeDegrees>
     </Position>
     <AltitudeMeters>265.19000000000005</AltitudeMeters>
     <DistanceMeters>63072.93180478145</DistanceMeters>
    </Trackpoint>
    <Trackpoint>
     <Time>2026-07-19T02:51:27+00:00</Time>
     <Position>
      <LatitudeDegrees>-33.3195586</LatitudeDegrees>
      <LongitudeDegrees>-71.4276015</LongitudeDegrees>
     </Position>
     <AltitudeMeters>265.46000000000004</AltitudeMeters>
     <DistanceMeters>63162.723989181766</DistanceMeters>
    </Trackpoint>
    <Trackpoint>
     <Time>2026-07-19T02:51:34+00:00</Time>
     <Position>
      <LatitudeDegrees>-33.3198143</LatitudeDegrees>
      <LongitudeDegrees>-71.4266857</LongitudeDegrees>
     </Position>
     <AltitudeMeters>265.68</AltitudeMeters>
     <DistanceMeters>63252.516173581396</DistanceMeters>
    </Trackpoint>
    <Trackpoint>
     <Time>2026-07-19T02:51:41+00:00</Time>
     <Position>
      <LatitudeDegrees>-33.3200700</LatitudeDegrees>
      <LongitudeDegrees>-71.4257700</LongitudeDegrees>
     </Position>
     <AltitudeMeters>265.67</AltitudeMeters>
     <DistanceMeters>63342.30835462284</DistanceMeters>
    </Trackpoint>
    <Trackpoint>
     <Time>2026-07-19T02:51:48+00:00</Time>
     <Position>
      <LatitudeDegrees>-33.3201100</LatitudeDegrees>
      <LongitudeDegrees>-71.4255400</LongitudeDegrees>
     </Position>
     <AltitudeMeters>265.64000000000004</AltitudeMeters>
     <DistanceMeters>63364.15678674402</DistanceMeters>
    </Trackpoint>
    <Trackpoint>
     <Time>2026-07-19T02:51:55+00:00</Time>
     <Position>
      <LatitudeDegrees>-33.3201100</LatitudeDegrees>
      <LongitudeDegrees>-71.4252700</LongitudeDegrees>
     </Position>
     <AltitudeMeters>265.68</AltitudeMeters>
     <DistanceMeters>63389.26686662392</DistanceMeters>
    </Trackpoint>
    <Trackpoint>
     <Time>2026-07-19T02:52:02+00:00</Time>
     <Position>
      <LatitudeDegrees>-33.3201000</LatitudeDegrees>
      <LongitudeDegrees>-71.4249900</LongitudeDegrees>
     </Position>
     <AltitudeMeters>265.70000000000005</AltitudeMeters>
     <DistanceMeters>63415.33072406813</DistanceMeters>
    </Trackpoint>
    <Trackpoint>
     <Time>2026-07-19T02:52:09+00:00</Time>
     <Position>
      <LatitudeDegrees>-33.3200000</LatitudeDegrees>
      <LongitudeDegrees>-71.4243900</LongitudeDegrees>
     </Position>
     <AltitudeMeters>265.68</AltitudeMeters>
     <DistanceMeters>63472.23003320148</DistanceMeters>
    </Trackpoint>
    <Trackpoint>
     <Time>2026-07-19T02:52:16+00:00</Time>
     <Position>
      <LatitudeDegrees>-33.3198400</LatitudeDegrees>
      <LongitudeDegrees>-71.4237500</LongitudeDegrees>
     </Position>
     <AltitudeMeters>265.34000000000003</AltitudeMeters>
     <DistanceMeters>63534.35706941496</DistanceMeters>
    </Trackpoint>
    <Trackpoint>
     <Time>2026-07-19T02:52:24+00:00</Time>
     <Position>
      <LatitudeDegrees>-33.3197300</LatitudeDegrees>
      <LongitudeDegrees>-71.4234400</LongitudeDegrees>
     </Position>
     <AltitudeMeters>265.05</AltitudeMeters>
     <DistanceMeters>63565.67894354371</DistanceMeters>
    </Trackpoint>
    <Trackpoint>
     <Time>2026-07-19T02:52:31+00:00</Time>
     <Position>
      <LatitudeDegrees>-33.3196200</LatitudeDegrees>
      <LongitudeDegrees>-71.4232200</LongitudeDegrees>
     </Position>
     <AltitudeMeters>264.90000000000003</AltitudeMeters>
     <DistanceMeters>63589.52213657426</DistanceMeters>
    </Trackpoint>
    <Trackpoint>
     <Time>2026-07-19T02:52:38+00:00</Time>
     <Position>
      <LatitudeDegrees>-33.3190700</LatitudeDegrees>
      <LongitudeDegrees>-71.4224450</LongitudeDegrees>
     </Position>
     <AltitudeMeters>264.79</AltitudeMeters>
     <DistanceMeters>63684.08504995287</DistanceMeters>
    </Trackpoint>
    <Trackpoint>
     <Time>2026-07-19T02:52:45+00:00</Time>
     <Position>
      <LatitudeDegrees>-33.3185200</LatitudeDegrees>
      <LongitudeDegrees>-71.4216699</LongitudeDegrees>
     </Position>
     <AltitudeMeters>264.33</AltitudeMeters>
     <DistanceMeters>63778.64796333017</DistanceMeters>
    </Trackpoint>
    <Trackpoint>
     <Time>2026-07-19T02:52:52+00:00</Time>
     <Position>
      <LatitudeDegrees>-33.3179700</LatitudeDegrees>
      <LongitudeDegrees>-71.4208949</LongitudeDegrees>
     </Position>
     <AltitudeMeters>264.33</AltitudeMeters>
     <DistanceMeters>63873.21087670751</DistanceMeters>
    </Trackpoint>
    <Trackpoint>
     <Time>2026-07-19T02:52:59+00:00</Time>
     <Position>
      <LatitudeDegrees>-33.3174200</LatitudeDegrees>
      <LongitudeDegrees>-71.4201199</LongitudeDegrees>
     </Position>
     <AltitudeMeters>263.38</AltitudeMeters>
     <DistanceMeters>63967.77379008721</DistanceMeters>
    </Trackpoint>
    <Trackpoint>
     <Time>2026-07-19T02:53:06+00:00</Time>
     <Position>
      <LatitudeDegrees>-33.3168700</LatitudeDegrees>
      <LongitudeDegrees>-71.4193449</LongitudeDegrees>
     </Position>
     <AltitudeMeters>263.11</AltitudeMeters>
     <DistanceMeters>64062.33670346498</DistanceMeters>
    </Trackpoint>
    <Trackpoint>
     <Time>2026-07-19T02:53:13+00:00</Time>
     <Position>
      <LatitudeDegrees>-33.3163200</LatitudeDegrees>
      <LongitudeDegrees>-71.4185699</LongitudeDegrees>
     </Position>
     <AltitudeMeters>262.98</AltitudeMeters>
     <DistanceMeters>64156.89961684318</DistanceMeters>
    </Trackpoint>
    <Trackpoint>
     <Time>2026-07-19T02:53:20+00:00</Time>
     <Position>
      <LatitudeDegrees>-33.3157700</LatitudeDegrees>
      <LongitudeDegrees>-71.4177950</LongitudeDegrees>
     </Position>
     <AltitudeMeters>262.53999999999996</AltitudeMeters>
     <DistanceMeters>64251.46253022108</DistanceMeters>
    </Trackpoint>
    <Trackpoint>
     <Time>2026-07-19T02:53:27+00:00</Time>
     <Position>
      <LatitudeDegrees>-33.3152200</LatitudeDegrees>
      <LongitudeDegrees>-71.4170200</LongitudeDegrees>
     </Position>
     <AltitudeMeters>262.62</AltitudeMeters>
     <DistanceMeters>64346.02544519893</DistanceMeters>
    </Trackpoint>
    <Trackpoint>
     <Time>2026-07-19T02:53:34+00:00</Time>
     <Position>
      <LatitudeDegrees>-33.3147250</LatitudeDegrees>
      <LongitudeDegrees>-71.4162650</LongitudeDegrees>
     </Position>
     <AltitudeMeters>262.53000000000003</AltitudeMeters>
     <DistanceMeters>64435.27702236385</DistanceMeters>
    </Trackpoint>
    <Trackpoint>
     <Time>2026-07-19T02:53:41+00:00</Time>
     <Position>
      <LatitudeDegrees>-33.3142300</LatitudeDegrees>
      <LongitudeDegrees>-71.4155100</LongitudeDegrees>
     </Position>
     <AltitudeMeters>262.49</AltitudeMeters>
     <DistanceMeters>64524.5286090582</DistanceMeters>
    </Trackpoint>
    <Trackpoint>
     <Time>2026-07-19T02:53:48+00:00</Time>
     <Position>
      <LatitudeDegrees>-33.3138400</LatitudeDegrees>
      <LongitudeDegrees>-71.4149500</LongitudeDegrees>
     </Position>
     <AltitudeMeters>262.55</AltitudeMeters>
     <DistanceMeters>64592.32796752501</DistanceMeters>
    </Trackpoint>
    <Trackpoint>
     <Time>2026-07-19T02:53:56+00:00</Time>
     <Position>
      <LatitudeDegrees>-33.3134500</LatitudeDegrees>
      <LongitudeDegrees>-71.4143900</LongitudeDegrees>
     </Position>
     <AltitudeMeters>262.72</AltitudeMeters>
     <DistanceMeters>64660.12735906427</DistanceMeters>
    </Trackpoint>
    <Trackpoint>
     <Time>2026-07-19T02:54:03+00:00</Time>
     <Position>
      <LatitudeDegrees>-33.3133800</LatitudeDegrees>
      <LongitudeDegrees>-71.4142600</LongitudeDegrees>
     </Position>
     <AltitudeMeters>262.72</AltitudeMeters>
     <DistanceMeters>64674.51090706953</DistanceMeters>
    </Trackpoint>
    <Trackpoint>
     <Time>2026-07-19T02:54:10+00:00</Time>
     <Position>
      <LatitudeDegrees>-33.3133100</LatitudeDegrees>
      <LongitudeDegrees>-71.4139100</LongitudeDegrees>
     </Position>
     <AltitudeMeters>262.64000000000004</AltitudeMeters>
     <DistanceMeters>64707.982815809315</DistanceMeters>
    </Trackpoint>
    <Trackpoint>
     <Time>2026-07-19T02:54:17+00:00</Time>
     <Position>
      <LatitudeDegrees>-33.3132900</LatitudeDegrees>
      <LongitudeDegrees>-71.4135500</LongitudeDegrees>
     </Position>
     <AltitudeMeters>262.59000000000003</AltitudeMeters>
     <DistanceMeters>64741.539445226554</DistanceMeters>
    </Trackpoint>
    <Trackpoint>
     <Time>2026-07-19T02:54:24+00:00</Time>
     <Position>
      <LatitudeDegrees>-33.3134100</LatitudeDegrees>
      <LongitudeDegrees>-71.4128700</LongitudeDegrees>
     </Position>
     <AltitudeMeters>262.90000000000003</AltitudeMeters>
     <DistanceMeters>64806.17931124653</DistanceMeters>
    </Trackpoint>
    <Trackpoint>
     <Time>2026-07-19T02:54:31+00:00</Time>
     <Position>
      <LatitudeDegrees>-33.3140250</LatitudeDegrees>
      <LongitudeDegrees>-71.4122375</LongitudeDegrees>
     </Position>
     <AltitudeMeters>263.07</AltitudeMeters>
     <DistanceMeters>64896.431804549815</DistanceMeters>
    </Trackpoint>
    <Trackpoint>
     <Time>2026-07-19T02:54:38+00:00</Time>
     <Position>
      <LatitudeDegrees>-33.3146400</LatitudeDegrees>
      <LongitudeDegrees>-71.4116050</LongitudeDegrees>
     </Position>
     <AltitudeMeters>263.31000000000006</AltitudeMeters>
     <DistanceMeters>64986.68429785177</DistanceMeters>
    </Trackpoint>
    <Trackpoint>
     <Time>2026-07-19T02:54:45+00:00</Time>
     <Position>
      <LatitudeDegrees>-33.3152550</LatitudeDegrees>
      <LongitudeDegrees>-71.4109725</LongitudeDegrees>
     </Position>
     <AltitudeMeters>263.44</AltitudeMeters>
     <DistanceMeters>65076.936791155</DistanceMeters>
    </Trackpoint>
    <Trackpoint>
     <Time>2026-07-19T02:54:52+00:00</Time>
     <Position>
      <LatitudeDegrees>-33.3158700</LatitudeDegrees>
      <LongitudeDegrees>-71.4103400</LongitudeDegrees>
     </Position>
     <AltitudeMeters>263.65</AltitudeMeters>
     <DistanceMeters>65167.18929691246</DistanceMeters>
    </Trackpoint>
    <Trackpoint>
     <Time>2026-07-19T02:54:59+00:00</Time>
     <Position>
      <LatitudeDegrees>-33.3163600</LatitudeDegrees>
      <LongitudeDegrees>-71.4097950</LongitudeDegrees>
     </Position>
     <AltitudeMeters>263.39</AltitudeMeters>
     <DistanceMeters>65241.64236524216</DistanceMeters>
    </Trackpoint>
    <Trackpoint>
     <Time>2026-07-19T02:55:06+00:00</Time>
     <Position>
      <LatitudeDegrees>-33.3168500</LatitudeDegrees>
      <LongitudeDegrees>-71.4092500</LongitudeDegrees>
     </Position>
     <AltitudeMeters>264.19000000000005</AltitudeMeters>
     <DistanceMeters>65316.0954429576</DistanceMeters>
    </Trackpoint>
    <Trackpoint>
     <Time>2026-07-19T02:55:13+00:00</Time>
     <Position>
      <LatitudeDegrees>-33.3171300</LatitudeDegrees>
      <LongitudeDegrees>-71.4088800</LongitudeDegrees>
     </Position>
     <AltitudeMeters>264.86</AltitudeMeters>
     <DistanceMeters>65362.52021973377</DistanceMeters>
    </Trackpoint>
    <Trackpoint>
     <Time>2026-07-19T02:55:20+00:00</Time>
     <Position>
      <LatitudeDegrees>-33.3178525</LatitudeDegrees>
      <LongitudeDegrees>-71.4092325</LongitudeDegrees>
     </Position>
     <AltitudeMeters>264.73</AltitudeMeters>
     <DistanceMeters>65449.35734507337</DistanceMeters>
    </Trackpoint>
    <Trackpoint>
     <Time>2026-07-19T02:55:27+00:00</Time>
     <Position>
      <LatitudeDegrees>-33.3185750</LatitudeDegrees>
      <LongitudeDegrees>-71.4095850</LongitudeDegrees>
     </Position>
     <AltitudeMeters>264.88</AltitudeMeters>
     <DistanceMeters>65536.19447041172</DistanceMeters>
    </Trackpoint>
    <Trackpoint>
     <Time>2026-07-19T02:55:35+00:00</Time>
     <Position>
      <LatitudeDegrees>-33.3192975</LatitudeDegrees>
      <LongitudeDegrees>-71.4099375</LongitudeDegrees>
     </Position>
     <AltitudeMeters>264.81000000000006</AltitudeMeters>
     <DistanceMeters>65623.03159574894</DistanceMeters>
    </Trackpoint>
    <Trackpoint>
     <Time>2026-07-19T02:55:42+00:00</Time>
     <Position>
      <LatitudeDegrees>-33.3200200</LatitudeDegrees>
      <LongitudeDegrees>-71.4102900</LongitudeDegrees>
     </Position>
     <AltitudeMeters>265.03000000000003</AltitudeMeters>
     <DistanceMeters>65709.8687263939</DistanceMeters>
    </Trackpoint>
    <Trackpoint>
     <Time>2026-07-19T02:55:49+00:00</Time>
     <Position>
      <LatitudeDegrees>-33.3207200</LatitudeDegrees>
      <LongitudeDegrees>-71.4107000</LongitudeDegrees>
     </Position>
     <AltitudeMeters>265.21</AltitudeMeters>
     <DistanceMeters>65796.60622880496</DistanceMeters>
    </Trackpoint>
    <Trackpoint>
     <Time>2026-07-19T02:55:56+00:00</Time>
     <Position>
      <LatitudeDegrees>-33.3211250</LatitudeDegrees>
      <LongitudeDegrees>-71.4097650</LongitudeDegrees>
     </Position>
     <AltitudeMeters>265.39</AltitudeMeters>
     <DistanceMeters>65894.5489424788</DistanceMeters>
    </Trackpoint>
    <Trackpoint>
     <Time>2026-07-19T02:56:03+00:00</Time>
     <Position>
      <LatitudeDegrees>-33.3215300</LatitudeDegrees>
      <LongitudeDegrees>-71.4088300</LongitudeDegrees>
     </Position>
     <AltitudeMeters>265.53000000000003</AltitudeMeters>
     <DistanceMeters>65992.49167619375</DistanceMeters>
    </Trackpoint>
    <Trackpoint>
     <Time>2026-07-19T02:56:10+00:00</Time>
     <Position>
      <LatitudeDegrees>-33.3219300</LatitudeDegrees>
      <LongitudeDegrees>-71.4079329</LongitudeDegrees>
     </Position>
     <AltitudeMeters>265.75000000000006</AltitudeMeters>
     <DistanceMeters>66087.05779222935</DistanceMeters>
    </Trackpoint>
    <Trackpoint>
     <Time>2026-07-19T02:56:17+00:00</Time>
     <Position>
      <LatitudeDegrees>-33.3223300</LatitudeDegrees>
      <LongitudeDegrees>-71.4070358</LongitudeDegrees>
     </Position>
     <AltitudeMeters>265.97</AltitudeMeters>
     <DistanceMeters>66181.62390826484</DistanceMeters>
    </Trackpoint>
    <Trackpoint>
     <Time>2026-07-19T02:56:24+00:00</Time>
     <Position>
      <LatitudeDegrees>-33.3227300</LatitudeDegrees>
      <LongitudeDegrees>-71.4061386</LongitudeDegrees>
     </Position>
     <AltitudeMeters>266.09000000000003</AltitudeMeters>
     <DistanceMeters>66276.19002430058</DistanceMeters>
    </Trackpoint>
    <Trackpoint>
     <Time>2026-07-19T02:56:31+00:00</Time>
     <Position>
      <LatitudeDegrees>-33.3231300</LatitudeDegrees>
      <LongitudeDegrees>-71.4052415</LongitudeDegrees>
     </Position>
     <AltitudeMeters>266.34000000000003</AltitudeMeters>
     <DistanceMeters>66370.75614033565</DistanceMeters>
    </Trackpoint>
    <Trackpoint>
     <Time>2026-07-19T02:56:38+00:00</Time>
     <Position>
      <LatitudeDegrees>-33.3235300</LatitudeDegrees>
      <LongitudeDegrees>-71.4043443</LongitudeDegrees>
     </Position>
     <AltitudeMeters>266.59000000000003</AltitudeMeters>
     <DistanceMeters>66465.32225637266</DistanceMeters>
    </Trackpoint>
    <Trackpoint>
     <Time>2026-07-19T02:56:45+00:00</Time>
     <Position>
      <LatitudeDegrees>-33.3239300</LatitudeDegrees>
      <LongitudeDegrees>-71.4034472</LongitudeDegrees>
     </Position>
     <AltitudeMeters>266.56</AltitudeMeters>
     <DistanceMeters>66559.88837240767</DistanceMeters>
    </Trackpoint>
    <Trackpoint>
     <Time>2026-07-19T02:56:52+00:00</Time>
     <Position>
      <LatitudeDegrees>-33.3243300</LatitudeDegrees>
      <LongitudeDegrees>-71.4025500</LongitudeDegrees>
     </Position>
     <AltitudeMeters>266.38</AltitudeMeters>
     <DistanceMeters>66654.45449064612</DistanceMeters>
    </Trackpoint>
    <Trackpoint>
     <Time>2026-07-19T02:56:59+00:00</Time>
     <Position>
      <LatitudeDegrees>-33.3246450</LatitudeDegrees>
      <LongitudeDegrees>-71.4018275</LongitudeDegrees>
     </Position>
     <AltitudeMeters>266.08000000000004</AltitudeMeters>
     <DistanceMeters>66730.23991922678</DistanceMeters>
    </Trackpoint>
    <Trackpoint>
     <Time>2026-07-19T02:57:07+00:00</Time>
     <Position>
      <LatitudeDegrees>-33.3249600</LatitudeDegrees>
      <LongitudeDegrees>-71.4011050</LongitudeDegrees>
     </Position>
     <AltitudeMeters>265.79</AltitudeMeters>
     <DistanceMeters>66806.0253478092</DistanceMeters>
    </Trackpoint>
    <Trackpoint>
     <Time>2026-07-19T02:57:14+00:00</Time>
     <Position>
      <LatitudeDegrees>-33.3252750</LatitudeDegrees>
      <LongitudeDegrees>-71.4003825</LongitudeDegrees>
     </Position>
     <AltitudeMeters>265.28000000000003</AltitudeMeters>
     <DistanceMeters>66881.81077638938</DistanceMeters>
    </Trackpoint>
    <Trackpoint>
     <Time>2026-07-19T02:57:21+00:00</Time>
     <Position>
      <LatitudeDegrees>-33.3255900</LatitudeDegrees>
      <LongitudeDegrees>-71.3996600</LongitudeDegrees>
     </Position>
     <AltitudeMeters>265.26</AltitudeMeters>
     <DistanceMeters>66957.59621075995</DistanceMeters>
    </Trackpoint>
    <Trackpoint>
     <Time>2026-07-19T02:57:28+00:00</Time>
     <Position>
      <LatitudeDegrees>-33.3256700</LatitudeDegrees>
      <LongitudeDegrees>-71.3996200</LongitudeDegrees>
     </Position>
     <AltitudeMeters>265.36</AltitudeMeters>
     <DistanceMeters>66967.2456561314</DistanceMeters>
    </Trackpoint>
    <Trackpoint>
     <Time>2026-07-19T02:57:35+00:00</Time>
     <Position>
      <LatitudeDegrees>-33.3259550</LatitudeDegrees>
      <LongitudeDegrees>-71.3990200</LongitudeDegrees>
     </Position>
     <AltitudeMeters>265.88</AltitudeMeters>
     <DistanceMeters>67031.4278439199</DistanceMeters>
    </Trackpoint>
    <Trackpoint>
     <Time>2026-07-19T02:57:42+00:00</Time>
     <Position>
      <LatitudeDegrees>-33.3262400</LatitudeDegrees>
      <LongitudeDegrees>-71.3984200</LongitudeDegrees>
     </Position>
     <AltitudeMeters>266.45</AltitudeMeters>
     <DistanceMeters>67095.61004646929</DistanceMeters>
    </Trackpoint>
    <Trackpoint>
     <Time>2026-07-19T02:57:49+00:00</Time>
     <Position>
      <LatitudeDegrees>-33.3266200</LatitudeDegrees>
      <LongitudeDegrees>-71.3975600</LongitudeDegrees>
     </Position>
     <AltitudeMeters>266.82</AltitudeMeters>
     <DistanceMeters>67186.07842569011</DistanceMeters>
    </Trackpoint>
    <Trackpoint>
     <Time>2026-07-19T02:57:56+00:00</Time>
     <Position>
      <LatitudeDegrees>-33.3270000</LatitudeDegrees>
      <LongitudeDegrees>-71.3967000</LongitudeDegrees>
     </Position>
     <AltitudeMeters>267.11</AltitudeMeters>
     <DistanceMeters>67276.54682024219</DistanceMeters>
    </Trackpoint>
    <Trackpoint>
     <Time>2026-07-19T02:58:03+00:00</Time>
     <Position>
      <LatitudeDegrees>-33.3271900</LatitudeDegrees>
      <LongitudeDegrees>-71.3966300</LongitudeDegrees>
     </Position>
     <AltitudeMeters>267.1</AltitudeMeters>
     <DistanceMeters>67298.672246038</DistanceMeters>
    </Trackpoint>
    <Trackpoint>
     <Time>2026-07-19T02:58:10+00:00</Time>
     <Position>
      <LatitudeDegrees>-33.3273200</LatitudeDegrees>
      <LongitudeDegrees>-71.3963100</LongitudeDegrees>
     </Position>
     <AltitudeMeters>267.20000000000005</AltitudeMeters>
     <DistanceMeters>67331.76081997814</DistanceMeters>
    </Trackpoint>
    <Trackpoint>
     <Time>2026-07-19T02:58:17+00:00</Time>
     <Position>
      <LatitudeDegrees>-33.3272900</LatitudeDegrees>
      <LongitudeDegrees>-71.3960900</LongitudeDegrees>
     </Position>
     <AltitudeMeters>267.16</AltitudeMeters>
     <DistanceMeters>67352.48986242249</DistanceMeters>
    </Trackpoint>
    <Trackpoint>
     <Time>2026-07-19T02:58:24+00:00</Time>
     <Position>
      <LatitudeDegrees>-33.3276400</LatitudeDegrees>
      <LongitudeDegrees>-71.3953175</LongitudeDegrees>
     </Position>
     <AltitudeMeters>267.36</AltitudeMeters>
     <DistanceMeters>67434.20778161501</DistanceMeters>
    </Trackpoint>
    <Trackpoint>
     <Time>2026-07-19T02:58:31+00:00</Time>
     <Position>
      <LatitudeDegrees>-33.3279900</LatitudeDegrees>
      <LongitudeDegrees>-71.3945450</LongitudeDegrees>
     </Position>
     <AltitudeMeters>267.77</AltitudeMeters>
     <DistanceMeters>67515.92570080889</DistanceMeters>
    </Trackpoint>
    <Trackpoint>
     <Time>2026-07-19T02:58:39+00:00</Time>
     <Position>
      <LatitudeDegrees>-33.3283400</LatitudeDegrees>
      <LongitudeDegrees>-71.3937725</LongitudeDegrees>
     </Position>
     <AltitudeMeters>267.82</AltitudeMeters>
     <DistanceMeters>67597.64362000044</DistanceMeters>
    </Trackpoint>
    <Trackpoint>
     <Time>2026-07-19T02:58:46+00:00</Time>
     <Position>
      <LatitudeDegrees>-33.3286900</LatitudeDegrees>
      <LongitudeDegrees>-71.3930000</LongitudeDegrees>
     </Position>
     <AltitudeMeters>268.27</AltitudeMeters>
     <DistanceMeters>67679.36154398262</DistanceMeters>
    </Trackpoint>
    <Trackpoint>
     <Time>2026-07-19T02:58:53+00:00</Time>
     <Position>
      <LatitudeDegrees>-33.3287800</LatitudeDegrees>
      <LongitudeDegrees>-71.3928200</LongitudeDegrees>
     </Position>
     <AltitudeMeters>268.1</AltitudeMeters>
     <DistanceMeters>67698.86811764693</DistanceMeters>
    </Trackpoint>
    <Trackpoint>
     <Time>2026-07-19T02:59:00+00:00</Time>
     <Position>
      <LatitudeDegrees>-33.3290100</LatitudeDegrees>
      <LongitudeDegrees>-71.3921900</LongitudeDegrees>
     </Position>
     <AltitudeMeters>268.07000000000005</AltitudeMeters>
     <DistanceMeters>67762.80062548906</DistanceMeters>
    </Trackpoint>
    <Trackpoint>
     <Time>2026-07-19T02:59:07+00:00</Time>
     <Position>
      <LatitudeDegrees>-33.3292400</LatitudeDegrees>
      <LongitudeDegrees>-71.3915600</LongitudeDegrees>
     </Position>
     <AltitudeMeters>268.71</AltitudeMeters>
     <DistanceMeters>67826.73315188782</DistanceMeters>
    </Trackpoint>
    <Trackpoint>
     <Time>2026-07-19T02:59:14+00:00</Time>
     <Position>
      <LatitudeDegrees>-33.3295650</LatitudeDegrees>
      <LongitudeDegrees>-71.3909150</LongitudeDegrees>
     </Position>
     <AltitudeMeters>273.88</AltitudeMeters>
     <DistanceMeters>67896.77449919749</DistanceMeters>
    </Trackpoint>
    <Trackpoint>
     <Time>2026-07-19T02:59:21+00:00</Time>
     <Position>
      <LatitudeDegrees>-33.3298900</LatitudeDegrees>
      <LongitudeDegrees>-71.3902700</LongitudeDegrees>
     </Position>
     <AltitudeMeters>277.24</AltitudeMeters>
     <DistanceMeters>67966.81584967389</DistanceMeters>
    </Trackpoint>
    <Trackpoint>
     <Time>2026-07-19T02:59:28+00:00</Time>
     <Position>
      <LatitudeDegrees>-33.3300700</LatitudeDegrees>
      <LongitudeDegrees>-71.3898800</LongitudeDegrees>
     </Position>
     <AltitudeMeters>277.48</AltitudeMeters>
     <DistanceMeters>68008.24715784175</DistanceMeters>
    </Trackpoint>
    <Trackpoint>
     <Time>2026-07-19T02:59:35+00:00</Time>
     <Position>
      <LatitudeDegrees>-33.3298050</LatitudeDegrees>
      <LongitudeDegrees>-71.3894100</LongitudeDegrees>
     </Position>
     <AltitudeMeters>276.68</AltitudeMeters>
     <DistanceMeters>68060.972945185</DistanceMeters>
    </Trackpoint>
    <Trackpoint>
     <Time>2026-07-19T02:59:42+00:00</Time>
     <Position>
      <LatitudeDegrees>-33.3295400</LatitudeDegrees>
      <LongitudeDegrees>-71.3889400</LongitudeDegrees>
     </Position>
     <AltitudeMeters>275.27</AltitudeMeters>
     <DistanceMeters>68113.69874239016</DistanceMeters>
    </Trackpoint>
    <Trackpoint>
     <Time>2026-07-19T02:59:49+00:00</Time>
     <Position>
      <LatitudeDegrees>-33.3293900</LatitudeDegrees>
      <LongitudeDegrees>-71.3886500</LongitudeDegrees>
     </Position>
     <AltitudeMeters>274.25000000000006</AltitudeMeters>
     <DistanceMeters>68145.41515385608</DistanceMeters>
    </Trackpoint>
    <Trackpoint>
     <Time>2026-07-19T02:59:56+00:00</Time>
     <Position>
      <LatitudeDegrees>-33.3293000</LatitudeDegrees>
      <LongitudeDegrees>-71.3884200</LongitudeDegrees>
     </Position>
     <AltitudeMeters>273.22</AltitudeMeters>
     <DistanceMeters>68169.0323201743</DistanceMeters>
    </Trackpoint>
    <Trackpoint>
     <Time>2026-07-19T03:00:03+00:00</Time>
     <Position>
      <LatitudeDegrees>-33.3291400</LatitudeDegrees>
      <LongitudeDegrees>-71.3880200</LongitudeDegrees>
     </Position>
     <AltitudeMeters>271.69000000000005</AltitudeMeters>
     <DistanceMeters>68210.27137617706</DistanceMeters>
    </Trackpoint>
    <Trackpoint>
     <Time>2026-07-19T03:00:10+00:00</Time>
     <Position>
      <LatitudeDegrees>-33.3288400</LatitudeDegrees>
      <LongitudeDegrees>-71.3871450</LongitudeDegrees>
     </Position>
     <AltitudeMeters>270.15</AltitudeMeters>
     <DistanceMeters>68298.22256355753</DistanceMeters>
    </Trackpoint>
    <Trackpoint>
     <Time>2026-07-19T03:00:18+00:00</Time>
     <Position>
      <LatitudeDegrees>-33.3285400</LatitudeDegrees>
      <LongitudeDegrees>-71.3862700</LongitudeDegrees>
     </Position>
     <AltitudeMeters>270.46000000000004</AltitudeMeters>
     <DistanceMeters>68386.1737543878</DistanceMeters>
    </Trackpoint>
    <Trackpoint>
     <Time>2026-07-19T03:00:25+00:00</Time>
     <Position>
      <LatitudeDegrees>-33.3282650</LatitudeDegrees>
      <LongitudeDegrees>-71.3855150</LongitudeDegrees>
     </Position>
     <AltitudeMeters>271.16</AltitudeMeters>
     <DistanceMeters>68462.7635745354</DistanceMeters>
    </Trackpoint>
    <Trackpoint>
     <Time>2026-07-19T03:00:32+00:00</Time>
     <Position>
      <LatitudeDegrees>-33.3279900</LatitudeDegrees>
      <LongitudeDegrees>-71.3847600</LongitudeDegrees>
     </Position>
     <AltitudeMeters>272.52000000000004</AltitudeMeters>
     <DistanceMeters>68539.35340404804</DistanceMeters>
    </Trackpoint>
    <Trackpoint>
     <Time>2026-07-19T03:00:39+00:00</Time>
     <Position>
      <LatitudeDegrees>-33.3278800</LatitudeDegrees>
      <LongitudeDegrees>-71.3843300</LongitudeDegrees>
     </Position>
     <AltitudeMeters>273.34000000000003</AltitudeMeters>
     <DistanceMeters>68581.17209026105</DistanceMeters>
    </Trackpoint>
    <Trackpoint>
     <Time>2026-07-19T03:00:46+00:00</Time>
     <Position>
      <LatitudeDegrees>-33.3278600</LatitudeDegrees>
      <LongitudeDegrees>-71.3837000</LongitudeDegrees>
     </Position>
     <AltitudeMeters>274.24</AltitudeMeters>
     <DistanceMeters>68639.79933071634</DistanceMeters>
    </Trackpoint>
    <Trackpoint>
     <Time>2026-07-19T03:00:53+00:00</Time>
     <Position>
      <LatitudeDegrees>-33.3279500</LatitudeDegrees>
      <LongitudeDegrees>-71.3827000</LongitudeDegrees>
     </Position>
     <AltitudeMeters>274.64</AltitudeMeters>
     <DistanceMeters>68733.3292209753</DistanceMeters>
    </Trackpoint>
    <Trackpoint>
     <Time>2026-07-19T03:01:00+00:00</Time>
     <Position>
      <LatitudeDegrees>-33.3279500</LatitudeDegrees>
      <LongitudeDegrees>-71.3822100</LongitudeDegrees>
     </Position>
     <AltitudeMeters>274.01000000000005</AltitudeMeters>
     <DistanceMeters>68778.8952664001</DistanceMeters>
    </Trackpoint>
    <Trackpoint>
     <Time>2026-07-19T03:01:07+00:00</Time>
     <Position>
      <LatitudeDegrees>-33.3279300</LatitudeDegrees>
      <LongitudeDegrees>-71.3819900</LongitudeDegrees>
     </Position>
     <AltitudeMeters>273.87</AltitudeMeters>
     <DistanceMeters>68799.47422983608</DistanceMeters>
    </Trackpoint>
    <Trackpoint>
     <Time>2026-07-19T03:01:14+00:00</Time>
     <Position>
      <LatitudeDegrees>-33.3278600</LatitudeDegrees>
      <LongitudeDegrees>-71.3817300</LongitudeDegrees>
     </Position>
     <AltitudeMeters>273.71</AltitudeMeters>
     <DistanceMeters>68824.87632886076</DistanceMeters>
    </Trackpoint>
    <Trackpoint>
     <Time>2026-07-19T03:01:21+00:00</Time>
     <Position>
      <LatitudeDegrees>-33.3275350</LatitudeDegrees>
      <LongitudeDegrees>-71.3807400</LongitudeDegrees>
     </Position>
     <AltitudeMeters>274.47</AltitudeMeters>
     <DistanceMeters>68923.7896301137</DistanceMeters>
    </Trackpoint>
    <Trackpoint>
     <Time>2026-07-19T03:01:28+00:00</Time>
     <Position>
      <LatitudeDegrees>-33.3272100</LatitudeDegrees>
      <LongitudeDegrees>-71.3797500</LongitudeDegrees>
     </Position>
     <AltitudeMeters>277.12</AltitudeMeters>
     <DistanceMeters>69022.70294606841</DistanceMeters>
    </Trackpoint>
    <Trackpoint>
     <Time>2026-07-19T03:01:35+00:00</Time>
     <Position>
      <LatitudeDegrees>-33.3271000</LatitudeDegrees>
      <LongitudeDegrees>-71.3793800</LongitudeDegrees>
     </Position>
     <AltitudeMeters>277.80000000000007</AltitudeMeters>
     <DistanceMeters>69059.22340088164</DistanceMeters>
    </Trackpoint>
    <Trackpoint>
     <Time>2026-07-19T03:01:42+00:00</Time>
     <Position>
      <LatitudeDegrees>-33.3270300</LatitudeDegrees>
      <LongitudeDegrees>-71.3789900</LongitudeDegrees>
     </Position>
     <AltitudeMeters>278.19000000000005</AltitudeMeters>
     <DistanceMeters>69096.31795945844</DistanceMeters>
    </Trackpoint>
    <Trackpoint>
     <Time>2026-07-19T03:01:50+00:00</Time>
     <Position>
      <LatitudeDegrees>-33.3269900</LatitudeDegrees>
      <LongitudeDegrees>-71.3786700</LongitudeDegrees>
     </Position>
     <AltitudeMeters>278.68</AltitudeMeters>
     <DistanceMeters>69126.40685712347</DistanceMeters>
    </Trackpoint>
    <Trackpoint>
     <Time>2026-07-19T03:01:57+00:00</Time>
     <Position>
      <LatitudeDegrees>-33.3269850</LatitudeDegrees>
      <LongitudeDegrees>-71.3780100</LongitudeDegrees>
     </Position>
     <AltitudeMeters>278.99</AltitudeMeters>
     <DistanceMeters>69187.78474463023</DistanceMeters>
    </Trackpoint>
    <Trackpoint>
     <Time>2026-07-19T03:02:04+00:00</Time>
     <Position>
      <LatitudeDegrees>-33.3269800</LatitudeDegrees>
      <LongitudeDegrees>-71.3773500</LongitudeDegrees>
     </Position>
     <AltitudeMeters>279.26</AltitudeMeters>
     <DistanceMeters>69249.16260881147</DistanceMeters>
    </Trackpoint>
    <Trackpoint>
     <Time>2026-07-19T03:02:11+00:00</Time>
     <Position>
      <LatitudeDegrees>-33.3270100</LatitudeDegrees>
      <LongitudeDegrees>-71.3763000</LongitudeDegrees>
     </Position>
     <AltitudeMeters>278.57000000000005</AltitudeMeters>
     <DistanceMeters>69346.86227424706</DistanceMeters>
    </Trackpoint>
    <Trackpoint>
     <Time>2026-07-19T03:02:18+00:00</Time>
     <Position>
      <LatitudeDegrees>-33.3269750</LatitudeDegrees>
      <LongitudeDegrees>-71.3753550</LongitudeDegrees>
     </Position>
     <AltitudeMeters>276.68</AltitudeMeters>
     <DistanceMeters>69434.82692186219</DistanceMeters>
    </Trackpoint>
    <Trackpoint>
     <Time>2026-07-19T03:02:25+00:00</Time>
     <Position>
      <LatitudeDegrees>-33.3269400</LatitudeDegrees>
      <LongitudeDegrees>-71.3744100</LongitudeDegrees>
     </Position>
     <AltitudeMeters>274.93</AltitudeMeters>
     <DistanceMeters>69522.79157037754</DistanceMeters>
    </Trackpoint>
    <Trackpoint>
     <Time>2026-07-19T03:02:32+00:00</Time>
     <Position>
      <LatitudeDegrees>-33.3269400</LatitudeDegrees>
      <LongitudeDegrees>-71.3737000</LongitudeDegrees>
     </Position>
     <AltitudeMeters>274.55</AltitudeMeters>
     <DistanceMeters>69588.8166055987</DistanceMeters>
    </Trackpoint>
    <Trackpoint>
     <Time>2026-07-19T03:02:39+00:00</Time>
     <Position>
      <LatitudeDegrees>-33.3269000</LatitudeDegrees>
      <LongitudeDegrees>-71.3731100</LongitudeDegrees>
     </Position>
     <AltitudeMeters>274.98</AltitudeMeters>
     <DistanceMeters>69643.86280722814</DistanceMeters>
    </Trackpoint>
    <Trackpoint>
     <Time>2026-07-19T03:02:46+00:00</Time>
     <Position>
      <LatitudeDegrees>-33.3267600</LatitudeDegrees>
      <LongitudeDegrees>-71.3724400</LongitudeDegrees>
     </Position>
     <AltitudeMeters>275.05</AltitudeMeters>
     <DistanceMeters>69708.08696112024</DistanceMeters>
    </Trackpoint>
    <Trackpoint>
     <Time>2026-07-19T03:02:53+00:00</Time>
     <Position>
      <LatitudeDegrees>-33.3266300</LatitudeDegrees>
      <LongitudeDegrees>-71.3719600</LongitudeDegrees>
     </Position>
     <AltitudeMeters>275.92</AltitudeMeters>
     <DistanceMeters>69755.0100562606</DistanceMeters>
    </Trackpoint>
    <Trackpoint>
     <Time>2026-07-19T03:03:00+00:00</Time>
     <Position>
      <LatitudeDegrees>-33.3262200</LatitudeDegrees>
      <LongitudeDegrees>-71.3710200</LongitudeDegrees>
     </Position>
     <AltitudeMeters>276.34000000000003</AltitudeMeters>
     <DistanceMeters>69853.61739142497</DistanceMeters>
    </Trackpoint>
    <Trackpoint>
     <Time>2026-07-19T03:03:07+00:00</Time>
     <Position>
      <LatitudeDegrees>-33.3259100</LatitudeDegrees>
      <LongitudeDegrees>-71.3705700</LongitudeDegrees>
     </Position>
     <AltitudeMeters>276.91</AltitudeMeters>
     <DistanceMeters>69907.85353147385</DistanceMeters>
    </Trackpoint>
    <Trackpoint>
     <Time>2026-07-19T03:03:14+00:00</Time>
     <Position>
      <LatitudeDegrees>-33.3255500</LatitudeDegrees>
      <LongitudeDegrees>-71.3701450</LongitudeDegrees>
     </Position>
     <AltitudeMeters>277.87</AltitudeMeters>
     <DistanceMeters>69964.13285010622</DistanceMeters>
    </Trackpoint>
    <Trackpoint>
     <Time>2026-07-19T03:03:22+00:00</Time>
     <Position>
      <LatitudeDegrees>-33.3251900</LatitudeDegrees>
      <LongitudeDegrees>-71.3697200</LongitudeDegrees>
     </Position>
     <AltitudeMeters>278.78000000000003</AltitudeMeters>
     <DistanceMeters>70020.41214773692</DistanceMeters>
    </Trackpoint>
    <Trackpoint>
     <Time>2026-07-19T03:03:29+00:00</Time>
     <Position>
      <LatitudeDegrees>-33.3246325</LatitudeDegrees>
      <LongitudeDegrees>-71.3691025</LongitudeDegrees>
     </Position>
     <AltitudeMeters>280.85</AltitudeMeters>
     <DistanceMeters>70104.95510605734</DistanceMeters>
    </Trackpoint>
    <Trackpoint>
     <Time>2026-07-19T03:03:36+00:00</Time>
     <Position>
      <LatitudeDegrees>-33.3240750</LatitudeDegrees>
      <LongitudeDegrees>-71.3684850</LongitudeDegrees>
     </Position>
     <AltitudeMeters>282.45000000000005</AltitudeMeters>
     <DistanceMeters>70189.49806437784</DistanceMeters>
    </Trackpoint>
    <Trackpoint>
     <Time>2026-07-19T03:03:43+00:00</Time>
     <Position>
      <LatitudeDegrees>-33.3235175</LatitudeDegrees>
      <LongitudeDegrees>-71.3678675</LongitudeDegrees>
     </Position>
     <AltitudeMeters>284.16</AltitudeMeters>
     <DistanceMeters>70274.0410226995</DistanceMeters>
    </Trackpoint>
    <Trackpoint>
     <Time>2026-07-19T03:03:50+00:00</Time>
     <Position>
      <LatitudeDegrees>-33.3229600</LatitudeDegrees>
      <LongitudeDegrees>-71.3672500</LongitudeDegrees>
     </Position>
     <AltitudeMeters>285.06</AltitudeMeters>
     <DistanceMeters>70358.58396747083</DistanceMeters>
    </Trackpoint>
    <Trackpoint>
     <Time>2026-07-19T03:03:57+00:00</Time>
     <Position>
      <LatitudeDegrees>-33.3228000</LatitudeDegrees>
      <LongitudeDegrees>-71.3669900</LongitudeDegrees>
     </Position>
     <AltitudeMeters>285.01000000000005</AltitudeMeters>
     <DistanceMeters>70388.61294013099</DistanceMeters>
    </Trackpoint>
    <Trackpoint>
     <Time>2026-07-19T03:04:04+00:00</Time>
     <Position>
      <LatitudeDegrees>-33.3226700</LatitudeDegrees>
      <LongitudeDegrees>-71.3667300</LongitudeDegrees>
     </Position>
     <AltitudeMeters>284.79</AltitudeMeters>
     <DistanceMeters>70416.79053066926</DistanceMeters>
    </Trackpoint>
    <Trackpoint>
     <Time>2026-07-19T03:04:11+00:00</Time>
     <Position>
      <LatitudeDegrees>-33.3224550</LatitudeDegrees>
      <LongitudeDegrees>-71.3661400</LongitudeDegrees>
     </Position>
     <AltitudeMeters>283.84000000000003</AltitudeMeters>
     <DistanceMeters>70476.64996397904</DistanceMeters>
    </Trackpoint>
    <Trackpoint>
     <Time>2026-07-19T03:04:18+00:00</Time>
     <Position>
      <LatitudeDegrees>-33.3222400</LatitudeDegrees>
      <LongitudeDegrees>-71.3655500</LongitudeDegrees>
     </Position>
     <AltitudeMeters>283.05</AltitudeMeters>
     <DistanceMeters>70536.5093772625</DistanceMeters>
    </Trackpoint>
    <Trackpoint>
     <Time>2026-07-19T03:04:25+00:00</Time>
     <Position>
      <LatitudeDegrees>-33.3220400</LatitudeDegrees>
      <LongitudeDegrees>-71.3650550</LongitudeDegrees>
     </Position>
     <AltitudeMeters>282.46000000000004</AltitudeMeters>
     <DistanceMeters>70587.6426343686</DistanceMeters>
    </Trackpoint>
    <Trackpoint>
     <Time>2026-07-19T03:04:32+00:00</Time>
     <Position>
      <LatitudeDegrees>-33.3218400</LatitudeDegrees>
      <LongitudeDegrees>-71.3645600</LongitudeDegrees>
     </Position>
     <AltitudeMeters>281.54</AltitudeMeters>
     <DistanceMeters>70638.77589146551</DistanceMeters>
    </Trackpoint>
    <Trackpoint>
     <Time>2026-07-19T03:04:39+00:00</Time>
     <Position>
      <LatitudeDegrees>-33.3215500</LatitudeDegrees>
      <LongitudeDegrees>-71.3640300</LongitudeDegrees>
     </Position>
     <AltitudeMeters>281.19</AltitudeMeters>
     <DistanceMeters>70697.69240052535</DistanceMeters>
    </Trackpoint>
    <Trackpoint>
     <Time>2026-07-19T03:04:46+00:00</Time>
     <Position>
      <LatitudeDegrees>-33.3211000</LatitudeDegrees>
      <LongitudeDegrees>-71.3634050</LongitudeDegrees>
     </Position>
     <AltitudeMeters>281.29</AltitudeMeters>
     <DistanceMeters>70774.417716681</DistanceMeters>
    </Trackpoint>
    <Trackpoint>
     <Time>2026-07-19T03:04:53+00:00</Time>
     <Position>
      <LatitudeDegrees>-33.3206500</LatitudeDegrees>
      <LongitudeDegrees>-71.3627800</LongitudeDegrees>
     </Position>
     <AltitudeMeters>282.1</AltitudeMeters>
     <DistanceMeters>70851.14301591976</DistanceMeters>
    </Trackpoint>
    <Trackpoint>
     <Time>2026-07-19T03:05:01+00:00</Time>
     <Position>
      <LatitudeDegrees>-33.3204500</LatitudeDegrees>
      <LongitudeDegrees>-71.3621700</LongitudeDegrees>
     </Position>
     <AltitudeMeters>282.11</AltitudeMeters>
     <DistanceMeters>70912.08356081632</DistanceMeters>
    </Trackpoint>
    <Trackpoint>
     <Time>2026-07-19T03:05:08+00:00</Time>
     <Position>
      <LatitudeDegrees>-33.3201950</LatitudeDegrees>
      <LongitudeDegrees>-71.3612250</LongitudeDegrees>
     </Position>
     <AltitudeMeters>281.67</AltitudeMeters>
     <DistanceMeters>71004.43752415522</DistanceMeters>
    </Trackpoint>
    <Trackpoint>
     <Time>2026-07-19T03:05:15+00:00</Time>
     <Position>
      <LatitudeDegrees>-33.3199400</LatitudeDegrees>
      <LongitudeDegrees>-71.3602800</LongitudeDegrees>
     </Position>
     <AltitudeMeters>281.01000000000005</AltitudeMeters>
     <DistanceMeters>71096.79148491903</DistanceMeters>
    </Trackpoint>
    <Trackpoint>
     <Time>2026-07-19T03:05:22+00:00</Time>
     <Position>
      <LatitudeDegrees>-33.3197900</LatitudeDegrees>
      <LongitudeDegrees>-71.3596950</LongitudeDegrees>
     </Position>
     <AltitudeMeters>280.48</AltitudeMeters>
     <DistanceMeters>71153.70060826161</DistanceMeters>
    </Trackpoint>
    <Trackpoint>
     <Time>2026-07-19T03:05:29+00:00</Time>
     <Position>
      <LatitudeDegrees>-33.3196400</LatitudeDegrees>
      <LongitudeDegrees>-71.3591100</LongitudeDegrees>
     </Position>
     <AltitudeMeters>280.18</AltitudeMeters>
     <DistanceMeters>71210.60969045146</DistanceMeters>
    </Trackpoint>
    <Trackpoint>
     <Time>2026-07-19T03:05:36+00:00</Time>
     <Position>
      <LatitudeDegrees>-33.3193850</LatitudeDegrees>
      <LongitudeDegrees>-71.3582200</LongitudeDegrees>
     </Position>
     <AltitudeMeters>279.92</AltitudeMeters>
     <DistanceMeters>71298.11122057348</DistanceMeters>
    </Trackpoint>
    <Trackpoint>
     <Time>2026-07-19T03:05:43+00:00</Time>
     <Position>
      <LatitudeDegrees>-33.3191300</LatitudeDegrees>
      <LongitudeDegrees>-71.3573300</LongitudeDegrees>
     </Position>
     <AltitudeMeters>280.21000000000004</AltitudeMeters>
     <DistanceMeters>71385.61275069583</DistanceMeters>
    </Trackpoint>
    <Trackpoint>
     <Time>2026-07-19T03:05:50+00:00</Time>
     <Position>
      <LatitudeDegrees>-33.3188750</LatitudeDegrees>
      <LongitudeDegrees>-71.3564400</LongitudeDegrees>
     </Position>
     <AltitudeMeters>279.98</AltitudeMeters>
     <DistanceMeters>71473.11428081724</DistanceMeters>
    </Trackpoint>
    <Trackpoint>
     <Time>2026-07-19T03:05:57+00:00</Time>
     <Position>
      <LatitudeDegrees>-33.3186200</LatitudeDegrees>
      <LongitudeDegrees>-71.3555500</LongitudeDegrees>
     </Position>
     <AltitudeMeters>280.42</AltitudeMeters>
     <DistanceMeters>71560.61580592093</DistanceMeters>
    </Trackpoint>
    <Trackpoint>
     <Time>2026-07-19T03:06:04+00:00</Time>
     <Position>
      <LatitudeDegrees>-33.3183557</LatitudeDegrees>
      <LongitudeDegrees>-71.3545943</LongitudeDegrees>
     </Position>
     <AltitudeMeters>280.37</AltitudeMeters>
     <DistanceMeters>71654.24043619342</DistanceMeters>
    </Trackpoint>
    <Trackpoint>
     <Time>2026-07-19T03:06:11+00:00</Time>
     <Position>
      <LatitudeDegrees>-33.3180915</LatitudeDegrees>
      <LongitudeDegrees>-71.3536385</LongitudeDegrees>
     </Position>
     <AltitudeMeters>280.59</AltitudeMeters>
     <DistanceMeters>71747.8650664643</DistanceMeters>
    </Trackpoint>
    <Trackpoint>
     <Time>2026-07-19T03:06:18+00:00</Time>
     <Position>
      <LatitudeDegrees>-33.3178272</LatitudeDegrees>
      <LongitudeDegrees>-71.3526828</LongitudeDegrees>
     </Position>
     <AltitudeMeters>280.69000000000005</AltitudeMeters>
     <DistanceMeters>71841.48969673668</DistanceMeters>
    </Trackpoint>
    <Trackpoint>
     <Time>2026-07-19T03:06:25+00:00</Time>
     <Position>
      <LatitudeDegrees>-33.3175629</LatitudeDegrees>
      <LongitudeDegrees>-71.3517271</LongitudeDegrees>
     </Position>
     <AltitudeMeters>281.27000000000004</AltitudeMeters>
     <DistanceMeters>71935.11432700882</DistanceMeters>
    </Trackpoint>
    <Trackpoint>
     <Time>2026-07-19T03:06:33+00:00</Time>
     <Position>
      <LatitudeDegrees>-33.3172986</LatitudeDegrees>
      <LongitudeDegrees>-71.3507714</LongitudeDegrees>
     </Position>
     <AltitudeMeters>281.61</AltitudeMeters>
     <DistanceMeters>72028.73895728176</DistanceMeters>
    </Trackpoint>
    <Trackpoint>
     <Time>2026-07-19T03:06:40+00:00</Time>
     <Position>
      <LatitudeDegrees>-33.3170343</LatitudeDegrees>
      <LongitudeDegrees>-71.3498157</LongitudeDegrees>
     </Position>
     <AltitudeMeters>282.22</AltitudeMeters>
     <DistanceMeters>72122.36358755332</DistanceMeters>
    </Trackpoint>
    <Trackpoint>
     <Time>2026-07-19T03:06:47+00:00</Time>
     <Position>
      <LatitudeDegrees>-33.3167700</LatitudeDegrees>
      <LongitudeDegrees>-71.3488600</LongitudeDegrees>
     </Position>
     <AltitudeMeters>283.03</AltitudeMeters>
     <DistanceMeters>72215.98821939342</DistanceMeters>
    </Trackpoint>
    <Trackpoint>
     <Time>2026-07-19T03:06:54+00:00</Time>
     <Position>
      <LatitudeDegrees>-33.3164600</LatitudeDegrees>
      <LongitudeDegrees>-71.3478700</LongitudeDegrees>
     </Position>
     <AltitudeMeters>283.77000000000004</AltitudeMeters>
     <DistanceMeters>72314.3141226263</DistanceMeters>
    </Trackpoint>
    <Trackpoint>
     <Time>2026-07-19T03:07:01+00:00</Time>
     <Position>
      <LatitudeDegrees>-33.3164400</LatitudeDegrees>
      <LongitudeDegrees>-71.3476900</LongitudeDegrees>
     </Position>
     <AltitudeMeters>283.76</AltitudeMeters>
     <DistanceMeters>72331.20221336526</DistanceMeters>
    </Trackpoint>
    <Trackpoint>
     <Time>2026-07-19T03:07:08+00:00</Time>
     <Position>
      <LatitudeDegrees>-33.3164700</LatitudeDegrees>
      <LongitudeDegrees>-71.3475200</LongitudeDegrees>
     </Position>
     <AltitudeMeters>283.71000000000004</AltitudeMeters>
     <DistanceMeters>72347.36162886642</DistanceMeters>
    </Trackpoint>
    <Trackpoint>
     <Time>2026-07-19T03:07:15+00:00</Time>
     <Position>
      <LatitudeDegrees>-33.3165500</LatitudeDegrees>
      <LongitudeDegrees>-71.3473800</LongitudeDegrees>
     </Position>
     <AltitudeMeters>283.75</AltitudeMeters>
     <DistanceMeters>72363.13535838788</DistanceMeters>
    </Trackpoint>
    <Trackpoint>
     <Time>2026-07-19T03:07:22+00:00</Time>
     <Position>
      <LatitudeDegrees>-33.3169800</LatitudeDegrees>
      <LongitudeDegrees>-71.3468400</LongitudeDegrees>
     </Position>
     <AltitudeMeters>283.73</AltitudeMeters>
     <DistanceMeters>72432.50800489953</DistanceMeters>
    </Trackpoint>
    <Trackpoint>
     <Time>2026-07-19T03:07:29+00:00</Time>
     <Position>
      <LatitudeDegrees>-33.3173600</LatitudeDegrees>
      <LongitudeDegrees>-71.3461200</LongitudeDegrees>
     </Position>
     <AltitudeMeters>283.73</AltitudeMeters>
     <DistanceMeters>72511.70785443661</DistanceMeters>
    </Trackpoint>
    <Trackpoint>
     <Time>2026-07-19T03:07:36+00:00</Time>
     <Position>
      <LatitudeDegrees>-33.3174500</LatitudeDegrees>
      <LongitudeDegrees>-71.3457700</LongitudeDegrees>
     </Position>
     <AltitudeMeters>283.92</AltitudeMeters>
     <DistanceMeters>72545.76526924875</DistanceMeters>
    </Trackpoint>
    <Trackpoint>
     <Time>2026-07-19T03:07:43+00:00</Time>
     <Position>
      <LatitudeDegrees>-33.3174700</LatitudeDegrees>
      <LongitudeDegrees>-71.3454100</LongitudeDegrees>
     </Position>
     <AltitudeMeters>283.95000000000005</AltitudeMeters>
     <DistanceMeters>72579.3203043966</DistanceMeters>
    </Trackpoint>
    <Trackpoint>
     <Time>2026-07-19T03:07:50+00:00</Time>
     <Position>
      <LatitudeDegrees>-33.3174000</LatitudeDegrees>
      <LongitudeDegrees>-71.3445600</LongitudeDegrees>
     </Position>
     <AltitudeMeters>283.83000000000004</AltitudeMeters>
     <DistanceMeters>72658.75594373478</DistanceMeters>
    </Trackpoint>
    <Trackpoint>
     <Time>2026-07-19T03:07:57+00:00</Time>
     <Position>
      <LatitudeDegrees>-33.3174900</LatitudeDegrees>
      <LongitudeDegrees>-71.3439800</LongitudeDegrees>
     </Position>
     <AltitudeMeters>283.73</AltitudeMeters>
     <DistanceMeters>72713.6198894134</DistanceMeters>
    </Trackpoint>
    <Trackpoint>
     <Time>2026-07-19T03:08:05+00:00</Time>
     <Position>
      <LatitudeDegrees>-33.3175200</LatitudeDegrees>
      <LongitudeDegrees>-71.3433500</LongitudeDegrees>
     </Position>
     <AltitudeMeters>283.78000000000003</AltitudeMeters>
     <DistanceMeters>72772.3068828107</DistanceMeters>
    </Trackpoint>
    <Trackpoint>
     <Time>2026-07-19T03:08:12+00:00</Time>
     <Position>
      <LatitudeDegrees>-33.3175600</LatitudeDegrees>
      <LongitudeDegrees>-71.3428900</LongitudeDegrees>
     </Position>
     <AltitudeMeters>283.58</AltitudeMeters>
     <DistanceMeters>72815.31928493854</DistanceMeters>
    </Trackpoint>
    <Trackpoint>
     <Time>2026-07-19T03:08:19+00:00</Time>
     <Position>
      <LatitudeDegrees>-33.3177300</LatitudeDegrees>
      <LongitudeDegrees>-71.3419350</LongitudeDegrees>
     </Position>
     <AltitudeMeters>284.40999999999997</AltitudeMeters>
     <DistanceMeters>72906.12986655244</DistanceMeters>
    </Trackpoint>
    <Trackpoint>
     <Time>2026-07-19T03:08:26+00:00</Time>
     <Position>
      <LatitudeDegrees>-33.3179000</LatitudeDegrees>
      <LongitudeDegrees>-71.3409800</LongitudeDegrees>
     </Position>
     <AltitudeMeters>283.90000000000003</AltitudeMeters>
     <DistanceMeters>72996.94044726931</DistanceMeters>
    </Trackpoint>
    <Trackpoint>
     <Time>2026-07-19T03:08:33+00:00</Time>
     <Position>
      <LatitudeDegrees>-33.3179400</LatitudeDegrees>
      <LongitudeDegrees>-71.3406100</LongitudeDegrees>
     </Position>
     <AltitudeMeters>283.78000000000003</AltitudeMeters>
     <DistanceMeters>73031.63819792707</DistanceMeters>
    </Trackpoint>
    <Trackpoint>
     <Time>2026-07-19T03:08:40+00:00</Time>
     <Position>
      <LatitudeDegrees>-33.3179000</LatitudeDegrees>
      <LongitudeDegrees>-71.3399500</LongitudeDegrees>
     </Position>
     <AltitudeMeters>283.90000000000003</AltitudeMeters>
     <DistanceMeters>73093.18116230756</DistanceMeters>
    </Trackpoint>
    <Trackpoint>
     <Time>2026-07-19T03:08:47+00:00</Time>
     <Position>
      <LatitudeDegrees>-33.3178500</LatitudeDegrees>
      <LongitudeDegrees>-71.3396000</LongitudeDegrees>
     </Position>
     <AltitudeMeters>283.93</AltitudeMeters>
     <DistanceMeters>73126.20434203031</DistanceMeters>
    </Trackpoint>
    <Trackpoint>
     <Time>2026-07-19T03:08:54+00:00</Time>
     <Position>
      <LatitudeDegrees>-33.3176720</LatitudeDegrees>
      <LongitudeDegrees>-71.3386600</LongitudeDegrees>
     </Position>
     <AltitudeMeters>284.24000000000007</AltitudeMeters>
     <DistanceMeters>73215.84384555406</DistanceMeters>
    </Trackpoint>
    <Trackpoint>
     <Time>2026-07-19T03:09:01+00:00</Time>
     <Position>
      <LatitudeDegrees>-33.3174940</LatitudeDegrees>
      <LongitudeDegrees>-71.3377200</LongitudeDegrees>
     </Position>
     <AltitudeMeters>284.89000000000004</AltitudeMeters>
     <DistanceMeters>73305.48334907931</DistanceMeters>
    </Trackpoint>
    <Trackpoint>
     <Time>2026-07-19T03:09:08+00:00</Time>
     <Position>
      <LatitudeDegrees>-33.3173160</LatitudeDegrees>
      <LongitudeDegrees>-71.3367800</LongitudeDegrees>
     </Position>
     <AltitudeMeters>285.07000000000005</AltitudeMeters>
     <DistanceMeters>73395.1228526023</DistanceMeters>
    </Trackpoint>
    <Trackpoint>
     <Time>2026-07-19T03:09:15+00:00</Time>
     <Position>
      <LatitudeDegrees>-33.3171380</LatitudeDegrees>
      <LongitudeDegrees>-71.3358400</LongitudeDegrees>
     </Position>
     <AltitudeMeters>284.88</AltitudeMeters>
     <DistanceMeters>73484.76235612624</DistanceMeters>
    </Trackpoint>
    <Trackpoint>
     <Time>2026-07-19T03:09:22+00:00</Time>
     <Position>
      <LatitudeDegrees>-33.3169600</LatitudeDegrees>
      <LongitudeDegrees>-71.3349000</LongitudeDegrees>
     </Position>
     <AltitudeMeters>283.81</AltitudeMeters>
     <DistanceMeters>73574.40185647225</DistanceMeters>
    </Trackpoint>
    <Trackpoint>
     <Time>2026-07-19T03:09:29+00:00</Time>
     <Position>
      <LatitudeDegrees>-33.3169100</LatitudeDegrees>
      <LongitudeDegrees>-71.3344800</LongitudeDegrees>
     </Position>
     <AltitudeMeters>282.91</AltitudeMeters>
     <DistanceMeters>73613.85779748882</DistanceMeters>
    </Trackpoint>
    <Trackpoint>
     <Time>2026-07-19T03:09:36+00:00</Time>
     <Position>
      <LatitudeDegrees>-33.3169600</LatitudeDegrees>
      <LongitudeDegrees>-71.3343500</LongitudeDegrees>
     </Position>
     <AltitudeMeters>282.82</AltitudeMeters>
     <DistanceMeters>73627.16743684241</DistanceMeters>
    </Trackpoint>
    <Trackpoint>
     <Time>2026-07-19T03:09:44+00:00</Time>
     <Position>
      <LatitudeDegrees>-33.3171000</LatitudeDegrees>
      <LongitudeDegrees>-71.3341300</LongitudeDegrees>
     </Position>
     <AltitudeMeters>282.76</AltitudeMeters>
     <DistanceMeters>73652.88559623959</DistanceMeters>
    </Trackpoint>
    <Trackpoint>
     <Time>2026-07-19T03:09:51+00:00</Time>
     <Position>
      <LatitudeDegrees>-33.3172300</LatitudeDegrees>
      <LongitudeDegrees>-71.3339700</LongitudeDegrees>
     </Position>
     <AltitudeMeters>282.76</AltitudeMeters>
     <DistanceMeters>73673.64051081348</DistanceMeters>
    </Trackpoint>
    <Trackpoint>
     <Time>2026-07-19T03:09:58+00:00</Time>
     <Position>
      <LatitudeDegrees>-33.3174300</LatitudeDegrees>
      <LongitudeDegrees>-71.3336400</LongitudeDegrees>
     </Position>
     <AltitudeMeters>283.45000000000005</AltitudeMeters>
     <DistanceMeters>73711.55371836324</DistanceMeters>
    </Trackpoint>
    <Trackpoint>
     <Time>2026-07-19T03:10:05+00:00</Time>
     <Position>
      <LatitudeDegrees>-33.3175200</LatitudeDegrees>
      <LongitudeDegrees>-71.3333700</LongitudeDegrees>
     </Position>
     <AltitudeMeters>284.13000000000005</AltitudeMeters>
     <DistanceMeters>73738.58863530266</DistanceMeters>
    </Trackpoint>
    <Trackpoint>
     <Time>2026-07-19T03:10:12+00:00</Time>
     <Position>
      <LatitudeDegrees>-33.3176400</LatitudeDegrees>
      <LongitudeDegrees>-71.3328300</LongitudeDegrees>
     </Position>
     <AltitudeMeters>284.46000000000004</AltitudeMeters>
     <DistanceMeters>73790.55569771556</DistanceMeters>
    </Trackpoint>
    <Trackpoint>
     <Time>2026-07-19T03:10:19+00:00</Time>
     <Position>
      <LatitudeDegrees>-33.3177600</LatitudeDegrees>
      <LongitudeDegrees>-71.3322900</LongitudeDegrees>
     </Position>
     <AltitudeMeters>284.61</AltitudeMeters>
     <DistanceMeters>73842.52277364375</DistanceMeters>
    </Trackpoint>
    <Trackpoint>
     <Time>2026-07-19T03:10:26+00:00</Time>
     <Position>
      <LatitudeDegrees>-33.3178950</LatitudeDegrees>
      <LongitudeDegrees>-71.3315300</LongitudeDegrees>
     </Position>
     <AltitudeMeters>285.06</AltitudeMeters>
     <DistanceMeters>73914.78409639155</DistanceMeters>
    </Trackpoint>
    <Trackpoint>
     <Time>2026-07-19T03:10:33+00:00</Time>
     <Position>
      <LatitudeDegrees>-33.3180300</LatitudeDegrees>
      <LongitudeDegrees>-71.3307700</LongitudeDegrees>
     </Position>
     <AltitudeMeters>285.76</AltitudeMeters>
     <DistanceMeters>73987.04538392398</DistanceMeters>
    </Trackpoint>
    <Trackpoint>
     <Time>2026-07-19T03:10:40+00:00</Time>
     <Position>
      <LatitudeDegrees>-33.3182455</LatitudeDegrees>
      <LongitudeDegrees>-71.3297846</LongitudeDegrees>
     </Position>
     <AltitudeMeters>286.38</AltitudeMeters>
     <DistanceMeters>74081.77895097306</DistanceMeters>
    </Trackpoint>
    <Trackpoint>
     <Time>2026-07-19T03:10:47+00:00</Time>
     <Position>
      <LatitudeDegrees>-33.3184610</LatitudeDegrees>
      <LongitudeDegrees>-71.3287991</LongitudeDegrees>
     </Position>
     <AltitudeMeters>286.85</AltitudeMeters>
     <DistanceMeters>74176.51251802206</DistanceMeters>
    </Trackpoint>
    <Trackpoint>
     <Time>2026-07-19T03:10:54+00:00</Time>
     <Position>
      <LatitudeDegrees>-33.3186765</LatitudeDegrees>
      <LongitudeDegrees>-71.3278137</LongitudeDegrees>
     </Position>
     <AltitudeMeters>287.8</AltitudeMeters>
     <DistanceMeters>74271.2460850703</DistanceMeters>
    </Trackpoint>
    <Trackpoint>
     <Time>2026-07-19T03:11:01+00:00</Time>
     <Position>
      <LatitudeDegrees>-33.3188919</LatitudeDegrees>
      <LongitudeDegrees>-71.3268283</LongitudeDegrees>
     </Position>
     <AltitudeMeters>289.01000000000005</AltitudeMeters>
     <DistanceMeters>74365.97965211977</DistanceMeters>
    </Trackpoint>
    <Trackpoint>
     <Time>2026-07-19T03:11:08+00:00</Time>
     <Position>
      <LatitudeDegrees>-33.3191074</LatitudeDegrees>
      <LongitudeDegrees>-71.3258428</LongitudeDegrees>
     </Position>
     <AltitudeMeters>289.63</AltitudeMeters>
     <DistanceMeters>74460.71321916851</DistanceMeters>
    </Trackpoint>
    <Trackpoint>
     <Time>2026-07-19T03:11:16+00:00</Time>
     <Position>
      <LatitudeDegrees>-33.3193228</LatitudeDegrees>
      <LongitudeDegrees>-71.3248573</LongitudeDegrees>
     </Position>
     <AltitudeMeters>290.52</AltitudeMeters>
     <DistanceMeters>74555.44678621771</DistanceMeters>
    </Trackpoint>
    <Trackpoint>
     <Time>2026-07-19T03:11:23+00:00</Time>
     <Position>
      <LatitudeDegrees>-33.3195383</LatitudeDegrees>
      <LongitudeDegrees>-71.3238719</LongitudeDegrees>
     </Position>
     <AltitudeMeters>291.26</AltitudeMeters>
     <DistanceMeters>74650.1803532667</DistanceMeters>
    </Trackpoint>
    <Trackpoint>
     <Time>2026-07-19T03:11:30+00:00</Time>
     <Position>
      <LatitudeDegrees>-33.3197537</LatitudeDegrees>
      <LongitudeDegrees>-71.3228864</LongitudeDegrees>
     </Position>
     <AltitudeMeters>292.09000000000003</AltitudeMeters>
     <DistanceMeters>74744.91392031618</DistanceMeters>
    </Trackpoint>
    <Trackpoint>
     <Time>2026-07-19T03:11:37+00:00</Time>
     <Position>
      <LatitudeDegrees>-33.3199692</LatitudeDegrees>
      <LongitudeDegrees>-71.3219010</LongitudeDegrees>
     </Position>
     <AltitudeMeters>293.32</AltitudeMeters>
     <DistanceMeters>74839.6474873644</DistanceMeters>
    </Trackpoint>
    <Trackpoint>
     <Time>2026-07-19T03:11:44+00:00</Time>
     <Position>
      <LatitudeDegrees>-33.3201846</LatitudeDegrees>
      <LongitudeDegrees>-71.3209155</LongitudeDegrees>
     </Position>
     <AltitudeMeters>294.64</AltitudeMeters>
     <DistanceMeters>74934.38105441365</DistanceMeters>
    </Trackpoint>
    <Trackpoint>
     <Time>2026-07-19T03:11:51+00:00</Time>
     <Position>
      <LatitudeDegrees>-33.3204000</LatitudeDegrees>
      <LongitudeDegrees>-71.3199300</LongitudeDegrees>
     </Position>
     <AltitudeMeters>295.55</AltitudeMeters>
     <DistanceMeters>75029.11461656797</DistanceMeters>
    </Trackpoint>
    <Trackpoint>
     <Time>2026-07-19T03:11:58+00:00</Time>
     <Position>
      <LatitudeDegrees>-33.3206867</LatitudeDegrees>
      <LongitudeDegrees>-71.3189400</LongitudeDegrees>
     </Position>
     <AltitudeMeters>296.84000000000003</AltitudeMeters>
     <DistanceMeters>75126.55543526907</DistanceMeters>
    </Trackpoint>
    <Trackpoint>
     <Time>2026-07-19T03:12:05+00:00</Time>
     <Position>
      <LatitudeDegrees>-33.3209733</LatitudeDegrees>
      <LongitudeDegrees>-71.3179500</LongitudeDegrees>
     </Position>
     <AltitudeMeters>298.55</AltitudeMeters>
     <DistanceMeters>75223.99625397158</DistanceMeters>
    </Trackpoint>
    <Trackpoint>
     <Time>2026-07-19T03:12:12+00:00</Time>
     <Position>
      <LatitudeDegrees>-33.3212600</LatitudeDegrees>
      <LongitudeDegrees>-71.3169600</LongitudeDegrees>
     </Position>
     <AltitudeMeters>300.43</AltitudeMeters>
     <DistanceMeters>75321.43706391522</DistanceMeters>
    </Trackpoint>
    <Trackpoint>
     <Time>2026-07-19T03:12:19+00:00</Time>
     <Position>
      <LatitudeDegrees>-33.3217000</LatitudeDegrees>
      <LongitudeDegrees>-71.3168900</LongitudeDegrees>
     </Position>
     <AltitudeMeters>300.24</AltitudeMeters>
     <DistanceMeters>75370.83797108146</DistanceMeters>
    </Trackpoint>
    <Trackpoint>
     <Time>2026-07-19T03:12:26+00:00</Time>
     <Position>
      <LatitudeDegrees>-33.3225800</LatitudeDegrees>
      <LongitudeDegrees>-71.3167100</LongitudeDegrees>
     </Position>
     <AltitudeMeters>301.15000000000003</AltitudeMeters>
     <DistanceMeters>75470.19841942647</DistanceMeters>
    </Trackpoint>
    <Trackpoint>
     <Time>2026-07-19T03:12:33+00:00</Time>
     <Position>
      <LatitudeDegrees>-33.3232000</LatitudeDegrees>
      <LongitudeDegrees>-71.3165300</LongitudeDegrees>
     </Position>
     <AltitudeMeters>301.94000000000005</AltitudeMeters>
     <DistanceMeters>75541.20312715604</DistanceMeters>
    </Trackpoint>
    <Trackpoint>
     <Time>2026-07-19T03:12:40+00:00</Time>
     <Position>
      <LatitudeDegrees>-33.3238200</LatitudeDegrees>
      <LongitudeDegrees>-71.3163500</LongitudeDegrees>
     </Position>
     <AltitudeMeters>302.41</AltitudeMeters>
     <DistanceMeters>75612.2078255451</DistanceMeters>
    </Trackpoint>
    <Trackpoint>
     <Time>2026-07-19T03:12:48+00:00</Time>
     <Position>
      <LatitudeDegrees>-33.3245857</LatitudeDegrees>
      <LongitudeDegrees>-71.3161457</LongitudeDegrees>
     </Position>
     <AltitudeMeters>301.99</AltitudeMeters>
     <DistanceMeters>75699.52026060843</DistanceMeters>
    </Trackpoint>
    <Trackpoint>
     <Time>2026-07-19T03:12:55+00:00</Time>
     <Position>
      <LatitudeDegrees>-33.3253514</LatitudeDegrees>
      <LongitudeDegrees>-71.3159414</LongitudeDegrees>
     </Position>
     <AltitudeMeters>301.81</AltitudeMeters>
     <DistanceMeters>75786.83269567149</DistanceMeters>
    </Trackpoint>
    <Trackpoint>
     <Time>2026-07-19T03:13:02+00:00</Time>
     <Position>
      <LatitudeDegrees>-33.3261171</LatitudeDegrees>
      <LongitudeDegrees>-71.3157372</LongitudeDegrees>
     </Position>
     <AltitudeMeters>302.55</AltitudeMeters>
     <DistanceMeters>75874.14513073298</DistanceMeters>
    </Trackpoint>
    <Trackpoint>
     <Time>2026-07-19T03:13:09+00:00</Time>
     <Position>
      <LatitudeDegrees>-33.3268829</LatitudeDegrees>
      <LongitudeDegrees>-71.3155329</LongitudeDegrees>
     </Position>
     <AltitudeMeters>304.00000000000006</AltitudeMeters>
     <DistanceMeters>75961.45756579723</DistanceMeters>
    </Trackpoint>
    <Trackpoint>
     <Time>2026-07-19T03:13:16+00:00</Time>
     <Position>
      <LatitudeDegrees>-33.3276486</LatitudeDegrees>
      <LongitudeDegrees>-71.3153286</LongitudeDegrees>
     </Position>
     <AltitudeMeters>305.35</AltitudeMeters>
     <DistanceMeters>76048.7700008601</DistanceMeters>
    </Trackpoint>
    <Trackpoint>
     <Time>2026-07-19T03:13:23+00:00</Time>
     <Position>
      <LatitudeDegrees>-33.3284143</LatitudeDegrees>
      <LongitudeDegrees>-71.3151243</LongitudeDegrees>
     </Position>
     <AltitudeMeters>306.57</AltitudeMeters>
     <DistanceMeters>76136.08243592232</DistanceMeters>
    </Trackpoint>
    <Trackpoint>
     <Time>2026-07-19T03:13:30+00:00</Time>
     <Position>
      <LatitudeDegrees>-33.3291800</LatitudeDegrees>
      <LongitudeDegrees>-71.3149200</LongitudeDegrees>
     </Position>
     <AltitudeMeters>306.43</AltitudeMeters>
     <DistanceMeters>76223.39487332967</DistanceMeters>
    </Trackpoint>
    <Trackpoint>
     <Time>2026-07-19T03:13:37+00:00</Time>
     <Position>
      <LatitudeDegrees>-33.3299400</LatitudeDegrees>
      <LongitudeDegrees>-71.3147800</LongitudeDegrees>
     </Position>
     <AltitudeMeters>307.87</AltitudeMeters>
     <DistanceMeters>76308.97558938054</DistanceMeters>
    </Trackpoint>
    <Trackpoint>
     <Time>2026-07-19T03:13:44+00:00</Time>
     <Position>
      <LatitudeDegrees>-33.3301200</LatitudeDegrees>
      <LongitudeDegrees>-71.3146900</LongitudeDegrees>
     </Position>
     <AltitudeMeters>309.24</AltitudeMeters>
     <DistanceMeters>76330.68667854865</DistanceMeters>
    </Trackpoint>
    <Trackpoint>
     <Time>2026-07-19T03:13:51+00:00</Time>
     <Position>
      <LatitudeDegrees>-33.3305250</LatitudeDegrees>
      <LongitudeDegrees>-71.3144050</LongitudeDegrees>
     </Position>
     <AltitudeMeters>310.55000000000007</AltitudeMeters>
     <DistanceMeters>76382.97513218485</DistanceMeters>
    </Trackpoint>
    <Trackpoint>
     <Time>2026-07-19T03:13:58+00:00</Time>
     <Position>
      <LatitudeDegrees>-33.3309300</LatitudeDegrees>
      <LongitudeDegrees>-71.3141200</LongitudeDegrees>
     </Position>
     <AltitudeMeters>310.86</AltitudeMeters>
     <DistanceMeters>76435.26362989646</DistanceMeters>
    </Trackpoint>
    <Trackpoint>
     <Time>2026-07-19T03:14:05+00:00</Time>
     <Position>
      <LatitudeDegrees>-33.3316900</LatitudeDegrees>
      <LongitudeDegrees>-71.3135743</LongitudeDegrees>
     </Position>
     <AltitudeMeters>310.82000000000005</AltitudeMeters>
     <DistanceMeters>76533.90186322795</DistanceMeters>
    </Trackpoint>
    <Trackpoint>
     <Time>2026-07-19T03:14:12+00:00</Time>
     <Position>
      <LatitudeDegrees>-33.3324500</LatitudeDegrees>
      <LongitudeDegrees>-71.3130286</LongitudeDegrees>
     </Position>
     <AltitudeMeters>309.68</AltitudeMeters>
     <DistanceMeters>76632.54009655904</DistanceMeters>
    </Trackpoint>
    <Trackpoint>
     <Time>2026-07-19T03:14:19+00:00</Time>
     <Position>
      <LatitudeDegrees>-33.3332100</LatitudeDegrees>
      <LongitudeDegrees>-71.3124829</LongitudeDegrees>
     </Position>
     <AltitudeMeters>308.4</AltitudeMeters>
     <DistanceMeters>76731.17832988947</DistanceMeters>
    </Trackpoint>
    <Trackpoint>
     <Time>2026-07-19T03:14:27+00:00</Time>
     <Position>
      <LatitudeDegrees>-33.3339700</LatitudeDegrees>
      <LongitudeDegrees>-71.3119372</LongitudeDegrees>
     </Position>
     <AltitudeMeters>307.99</AltitudeMeters>
     <DistanceMeters>76829.8165632217</DistanceMeters>
    </Trackpoint>
    <Trackpoint>
     <Time>2026-07-19T03:14:34+00:00</Time>
     <Position>
      <LatitudeDegrees>-33.3347300</LatitudeDegrees>
      <LongitudeDegrees>-71.3113915</LongitudeDegrees>
     </Position>
     <AltitudeMeters>308.25</AltitudeMeters>
     <DistanceMeters>76928.45479655277</DistanceMeters>
    </Trackpoint>
    <Trackpoint>
     <Time>2026-07-19T03:14:41+00:00</Time>
     <Position>
      <LatitudeDegrees>-33.3354900</LatitudeDegrees>
      <LongitudeDegrees>-71.3108457</LongitudeDegrees>
     </Position>
     <AltitudeMeters>308.81</AltitudeMeters>
     <DistanceMeters>77027.09302988375</DistanceMeters>
    </Trackpoint>
    <Trackpoint>
     <Time>2026-07-19T03:14:48+00:00</Time>
     <Position>
      <LatitudeDegrees>-33.3362500</LatitudeDegrees>
      <LongitudeDegrees>-71.3103000</LongitudeDegrees>
     </Position>
     <AltitudeMeters>310.86</AltitudeMeters>
     <DistanceMeters>77125.73127175619</DistanceMeters>
    </Trackpoint>
    <Trackpoint>
     <Time>2026-07-19T03:14:55+00:00</Time>
     <Position>
      <LatitudeDegrees>-33.3364300</LatitudeDegrees>
      <LongitudeDegrees>-71.3101900</LongitudeDegrees>
     </Position>
     <AltitudeMeters>311.6</AltitudeMeters>
     <DistanceMeters>77148.22448364062</DistanceMeters>
    </Trackpoint>
    <Trackpoint>
     <Time>2026-07-19T03:15:02+00:00</Time>
     <Position>
      <LatitudeDegrees>-33.3365400</LatitudeDegrees>
      <LongitudeDegrees>-71.3101300</LongitudeDegrees>
     </Position>
     <AltitudeMeters>311.96000000000004</AltitudeMeters>
     <DistanceMeters>77161.67826782558</DistanceMeters>
    </Trackpoint>
    <Trackpoint>
     <Time>2026-07-19T03:15:09+00:00</Time>
     <Position>
      <LatitudeDegrees>-33.3373780</LatitudeDegrees>
      <LongitudeDegrees>-71.3098880</LongitudeDegrees>
     </Position>
     <AltitudeMeters>312.18</AltitudeMeters>
     <DistanceMeters>77257.61998597742</DistanceMeters>
    </Trackpoint>
    <Trackpoint>
     <Time>2026-07-19T03:15:16+00:00</Time>
     <Position>
      <LatitudeDegrees>-33.3382160</LatitudeDegrees>
      <LongitudeDegrees>-71.3096460</LongitudeDegrees>
     </Position>
     <AltitudeMeters>312.37</AltitudeMeters>
     <DistanceMeters>77353.56170412878</DistanceMeters>
    </Trackpoint>
    <Trackpoint>
     <Time>2026-07-19T03:15:23+00:00</Time>
     <Position>
      <LatitudeDegrees>-33.3390540</LatitudeDegrees>
      <LongitudeDegrees>-71.3094040</LongitudeDegrees>
     </Position>
     <AltitudeMeters>313.42</AltitudeMeters>
     <DistanceMeters>77449.503422279</DistanceMeters>
    </Trackpoint>
    <Trackpoint>
     <Time>2026-07-19T03:15:30+00:00</Time>
     <Position>
      <LatitudeDegrees>-33.3398920</LatitudeDegrees>
      <LongitudeDegrees>-71.3091620</LongitudeDegrees>
     </Position>
     <AltitudeMeters>314.87</AltitudeMeters>
     <DistanceMeters>77545.44514043006</DistanceMeters>
    </Trackpoint>
    <Trackpoint>
     <Time>2026-07-19T03:15:37+00:00</Time>
     <Position>
      <LatitudeDegrees>-33.3407300</LatitudeDegrees>
      <LongitudeDegrees>-71.3089200</LongitudeDegrees>
     </Position>
     <AltitudeMeters>317.08000000000004</AltitudeMeters>
     <DistanceMeters>77641.38686456453</DistanceMeters>
    </Trackpoint>
    <Trackpoint>
     <Time>2026-07-19T03:15:44+00:00</Time>
     <Position>
      <LatitudeDegrees>-33.3412400</LatitudeDegrees>
      <LongitudeDegrees>-71.3088050</LongitudeDegrees>
     </Position>
     <AltitudeMeters>319.17</AltitudeMeters>
     <DistanceMeters>77699.1459735139</DistanceMeters>
    </Trackpoint>
    <Trackpoint>
     <Time>2026-07-19T03:15:51+00:00</Time>
     <Position>
      <LatitudeDegrees>-33.3417500</LatitudeDegrees>
      <LongitudeDegrees>-71.3086900</LongitudeDegrees>
     </Position>
     <AltitudeMeters>320.36</AltitudeMeters>
     <DistanceMeters>77756.9051108107</DistanceMeters>
    </Trackpoint>
    <Trackpoint>
     <Time>2026-07-19T03:15:59+00:00</Time>
     <Position>
      <LatitudeDegrees>-33.3423667</LatitudeDegrees>
      <LongitudeDegrees>-71.3085567</LongitudeDegrees>
     </Position>
     <AltitudeMeters>322.17</AltitudeMeters>
     <DistanceMeters>77826.64805399979</DistanceMeters>
    </Trackpoint>
    <Trackpoint>
     <Time>2026-07-19T03:16:06+00:00</Time>
     <Position>
      <LatitudeDegrees>-33.3429833</LatitudeDegrees>
      <LongitudeDegrees>-71.3084233</LongitudeDegrees>
     </Position>
     <AltitudeMeters>323.67</AltitudeMeters>
     <DistanceMeters>77896.3909971879</DistanceMeters>
    </Trackpoint>
    <Trackpoint>
     <Time>2026-07-19T03:16:13+00:00</Time>
     <Position>
      <LatitudeDegrees>-33.3436000</LatitudeDegrees>
      <LongitudeDegrees>-71.3082900</LongitudeDegrees>
     </Position>
     <AltitudeMeters>325.96000000000004</AltitudeMeters>
     <DistanceMeters>77966.13395587725</DistanceMeters>
    </Trackpoint>
    <Trackpoint>
     <Time>2026-07-19T03:16:20+00:00</Time>
     <Position>
      <LatitudeDegrees>-33.3442700</LatitudeDegrees>
      <LongitudeDegrees>-71.3082250</LongitudeDegrees>
     </Position>
     <AltitudeMeters>329.90000000000003</AltitudeMeters>
     <DistanceMeters>78040.94656046113</DistanceMeters>
    </Trackpoint>
    <Trackpoint>
     <Time>2026-07-19T03:16:27+00:00</Time>
     <Position>
      <LatitudeDegrees>-33.3449400</LatitudeDegrees>
      <LongitudeDegrees>-71.3081600</LongitudeDegrees>
     </Position>
     <AltitudeMeters>333.16</AltitudeMeters>
     <DistanceMeters>78115.75914509068</DistanceMeters>
    </Trackpoint>
    <Trackpoint>
     <Time>2026-07-19T03:16:34+00:00</Time>
     <Position>
      <LatitudeDegrees>-33.3451000</LatitudeDegrees>
      <LongitudeDegrees>-71.3081800</LongitudeDegrees>
     </Position>
     <AltitudeMeters>333.75000000000006</AltitudeMeters>
     <DistanceMeters>78133.66327555309</DistanceMeters>
    </Trackpoint>
    <Trackpoint>
     <Time>2026-07-19T03:16:41+00:00</Time>
     <Position>
      <LatitudeDegrees>-33.3457700</LatitudeDegrees>
      <LongitudeDegrees>-71.3085200</LongitudeDegrees>
     </Position>
     <AltitudeMeters>333.53000000000003</AltitudeMeters>
     <DistanceMeters>78214.6549537419</DistanceMeters>
    </Trackpoint>
    <Trackpoint>
     <Time>2026-07-19T03:16:48+00:00</Time>
     <Position>
      <LatitudeDegrees>-33.3462100</LatitudeDegrees>
      <LongitudeDegrees>-71.3087000</LongitudeDegrees>
     </Position>
     <AltitudeMeters>330.44</AltitudeMeters>
     <DistanceMeters>78266.40563995473</DistanceMeters>
    </Trackpoint>
    <Trackpoint>
     <Time>2026-07-19T03:16:55+00:00</Time>
     <Position>
      <LatitudeDegrees>-33.3467500</LatitudeDegrees>
      <LongitudeDegrees>-71.3088700</LongitudeDegrees>
     </Position>
     <AltitudeMeters>323.73</AltitudeMeters>
     <DistanceMeters>78328.5488324203</DistanceMeters>
    </Trackpoint>
    <Trackpoint>
     <Time>2026-07-19T03:17:02+00:00</Time>
     <Position>
      <LatitudeDegrees>-33.3469100</LatitudeDegrees>
      <LongitudeDegrees>-71.3088700</LongitudeDegrees>
     </Position>
     <AltitudeMeters>321.41</AltitudeMeters>
     <DistanceMeters>78346.35614113095</DistanceMeters>
    </Trackpoint>
    <Trackpoint>
     <Time>2026-07-19T03:17:09+00:00</Time>
     <Position>
      <LatitudeDegrees>-33.3474350</LatitudeDegrees>
      <LongitudeDegrees>-71.3087850</LongitudeDegrees>
     </Position>
     <AltitudeMeters>316.58000000000004</AltitudeMeters>
     <DistanceMeters>78405.31834290283</DistanceMeters>
    </Trackpoint>
    <Trackpoint>
     <Time>2026-07-19T03:17:16+00:00</Time>
     <Position>
      <LatitudeDegrees>-33.3479600</LatitudeDegrees>
      <LongitudeDegrees>-71.3087000</LongitudeDegrees>
     </Position>
     <AltitudeMeters>313.16</AltitudeMeters>
     <DistanceMeters>78464.2805611538</DistanceMeters>
    </Trackpoint>
    <Trackpoint>
     <Time>2026-07-19T03:17:23+00:00</Time>
     <Position>
      <LatitudeDegrees>-33.3487650</LatitudeDegrees>
      <LongitudeDegrees>-71.3084750</LongitudeDegrees>
     </Position>
     <AltitudeMeters>310.13</AltitudeMeters>
     <DistanceMeters>78556.28317053668</DistanceMeters>
    </Trackpoint>
    <Trackpoint>
     <Time>2026-07-19T03:17:31+00:00</Time>
     <Position>
      <LatitudeDegrees>-33.3495700</LatitudeDegrees>
      <LongitudeDegrees>-71.3082500</LongitudeDegrees>
     </Position>
     <AltitudeMeters>308.94000000000005</AltitudeMeters>
     <DistanceMeters>78648.2857786888</DistanceMeters>
    </Trackpoint>
    <Trackpoint>
     <Time>2026-07-19T03:17:38+00:00</Time>
     <Position>
      <LatitudeDegrees>-33.3504000</LatitudeDegrees>
      <LongitudeDegrees>-71.3081600</LongitudeDegrees>
     </Position>
     <AltitudeMeters>308.72</AltitudeMeters>
     <DistanceMeters>78741.03935763742</DistanceMeters>
    </Trackpoint>
    <Trackpoint>
     <Time>2026-07-19T03:17:45+00:00</Time>
     <Position>
      <LatitudeDegrees>-33.3507400</LatitudeDegrees>
      <LongitudeDegrees>-71.3080700</LongitudeDegrees>
     </Position>
     <AltitudeMeters>308.72</AltitudeMeters>
     <DistanceMeters>78779.79389484524</DistanceMeters>
    </Trackpoint>
    <Trackpoint>
     <Time>2026-07-19T03:17:52+00:00</Time>
     <Position>
      <LatitudeDegrees>-33.3511200</LatitudeDegrees>
      <LongitudeDegrees>-71.3079000</LongitudeDegrees>
     </Position>
     <AltitudeMeters>308.72</AltitudeMeters>
     <DistanceMeters>78824.9428088358</DistanceMeters>
    </Trackpoint>
    <Trackpoint>
     <Time>2026-07-19T03:17:59+00:00</Time>
     <Position>
      <LatitudeDegrees>-33.3515450</LatitudeDegrees>
      <LongitudeDegrees>-71.3076700</LongitudeDegrees>
     </Position>
     <AltitudeMeters>308.92</AltitudeMeters>
     <DistanceMeters>78876.85193821942</DistanceMeters>
    </Trackpoint>
    <Trackpoint>
     <Time>2026-07-19T03:18:06+00:00</Time>
     <Position>
      <LatitudeDegrees>-33.3519700</LatitudeDegrees>
      <LongitudeDegrees>-71.3074400</LongitudeDegrees>
     </Position>
     <AltitudeMeters>309.78</AltitudeMeters>
     <DistanceMeters>78928.76106713514</DistanceMeters>
    </Trackpoint>
    <Trackpoint>
     <Time>2026-07-19T03:18:13+00:00</Time>
     <Position>
      <LatitudeDegrees>-33.3525433</LatitudeDegrees>
      <LongitudeDegrees>-71.3071133</LongitudeDegrees>
     </Position>
     <AltitudeMeters>310.4</AltitudeMeters>
     <DistanceMeters>78999.4286896136</DistanceMeters>
    </Trackpoint>
    <Trackpoint>
     <Time>2026-07-19T03:18:20+00:00</Time>
     <Position>
      <LatitudeDegrees>-33.3531167</LatitudeDegrees>
      <LongitudeDegrees>-71.3067867</LongitudeDegrees>
     </Position>
     <AltitudeMeters>308.50000000000006</AltitudeMeters>
     <DistanceMeters>79070.09631209049</DistanceMeters>
    </Trackpoint>
    <Trackpoint>
     <Time>2026-07-19T03:18:27+00:00</Time>
     <Position>
      <LatitudeDegrees>-33.3536900</LatitudeDegrees>
      <LongitudeDegrees>-71.3064600</LongitudeDegrees>
     </Position>
     <AltitudeMeters>306.94000000000005</AltitudeMeters>
     <DistanceMeters>79140.76392338824</DistanceMeters>
    </Trackpoint>
    <Trackpoint>
     <Time>2026-07-19T03:18:34+00:00</Time>
     <Position>
      <LatitudeDegrees>-33.3538900</LatitudeDegrees>
      <LongitudeDegrees>-71.3062300</LongitudeDegrees>
     </Position>
     <AltitudeMeters>306.64000000000004</AltitudeMeters>
     <DistanceMeters>79171.62895935787</DistanceMeters>
    </Trackpoint>
    <Trackpoint>
     <Time>2026-07-19T03:18:41+00:00</Time>
     <Position>
      <LatitudeDegrees>-33.3542150</LatitudeDegrees>
      <LongitudeDegrees>-71.3057150</LongitudeDegrees>
     </Position>
     <AltitudeMeters>306.82000000000005</AltitudeMeters>
     <DistanceMeters>79231.63309723948</DistanceMeters>
    </Trackpoint>
    <Trackpoint>
     <Time>2026-07-19T03:18:48+00:00</Time>
     <Position>
      <LatitudeDegrees>-33.3545400</LatitudeDegrees>
      <LongitudeDegrees>-71.3052000</LongitudeDegrees>
     </Position>
     <AltitudeMeters>307.02</AltitudeMeters>
     <DistanceMeters>79291.63726043257</DistanceMeters>
    </Trackpoint>
    <Trackpoint>
     <Time>2026-07-19T03:18:55+00:00</Time>
     <Position>
      <LatitudeDegrees>-33.3548550</LatitudeDegrees>
      <LongitudeDegrees>-71.3047900</LongitudeDegrees>
     </Position>
     <AltitudeMeters>307.74</AltitudeMeters>
     <DistanceMeters>79343.42353006682</DistanceMeters>
    </Trackpoint>
    <Trackpoint>
     <Time>2026-07-19T03:19:02+00:00</Time>
     <Position>
      <LatitudeDegrees>-33.3551700</LatitudeDegrees>
      <LongitudeDegrees>-71.3043800</LongitudeDegrees>
     </Position>
     <AltitudeMeters>308.22</AltitudeMeters>
     <DistanceMeters>79395.20983932653</DistanceMeters>
    </Trackpoint>
    <Trackpoint>
     <Time>2026-07-19T03:19:10+00:00</Time>
     <Position>
      <LatitudeDegrees>-33.3556200</LatitudeDegrees>
      <LongitudeDegrees>-71.3038300</LongitudeDegrees>
     </Position>
     <AltitudeMeters>309.08000000000004</AltitudeMeters>
     <DistanceMeters>79466.78170989624</DistanceMeters>
    </Trackpoint>
    <Trackpoint>
     <Time>2026-07-19T03:19:17+00:00</Time>
     <Position>
      <LatitudeDegrees>-33.3557700</LatitudeDegrees>
      <LongitudeDegrees>-71.3036900</LongitudeDegrees>
     </Position>
     <AltitudeMeters>309.38000000000005</AltitudeMeters>
     <DistanceMeters>79487.9497141026</DistanceMeters>
    </Trackpoint>
    <Trackpoint>
     <Time>2026-07-19T03:19:24+00:00</Time>
     <Position>
      <LatitudeDegrees>-33.3563500</LatitudeDegrees>
      <LongitudeDegrees>-71.3033933</LongitudeDegrees>
     </Position>
     <AltitudeMeters>309.25</AltitudeMeters>
     <DistanceMeters>79558.14565478149</DistanceMeters>
    </Trackpoint>
    <Trackpoint>
     <Time>2026-07-19T03:19:31+00:00</Time>
     <Position>
      <LatitudeDegrees>-33.3569300</LatitudeDegrees>
      <LongitudeDegrees>-71.3030967</LongitudeDegrees>
     </Position>
     <AltitudeMeters>309.24</AltitudeMeters>
     <DistanceMeters>79628.34159546004</DistanceMeters>
    </Trackpoint>
    <Trackpoint>
     <Time>2026-07-19T03:19:38+00:00</Time>
     <Position>
      <LatitudeDegrees>-33.3575100</LatitudeDegrees>
      <LongitudeDegrees>-71.3028000</LongitudeDegrees>
     </Position>
     <AltitudeMeters>309.36</AltitudeMeters>
     <DistanceMeters>79698.53753572503</DistanceMeters>
    </Trackpoint>
    <Trackpoint>
     <Time>2026-07-19T03:19:45+00:00</Time>
     <Position>
      <LatitudeDegrees>-33.3580450</LatitudeDegrees>
      <LongitudeDegrees>-71.3025350</LongitudeDegrees>
     </Position>
     <AltitudeMeters>309.38000000000005</AltitudeMeters>
     <DistanceMeters>79762.97544230419</DistanceMeters>
    </Trackpoint>
    <Trackpoint>
     <Time>2026-07-19T03:19:52+00:00</Time>
     <Position>
      <LatitudeDegrees>-33.3585800</LatitudeDegrees>
      <LongitudeDegrees>-71.3022700</LongitudeDegrees>
     </Position>
     <AltitudeMeters>309.51</AltitudeMeters>
     <DistanceMeters>79827.41332580236</DistanceMeters>
    </Trackpoint>
    <Trackpoint>
     <Time>2026-07-19T03:19:59+00:00</Time>
     <Position>
      <LatitudeDegrees>-33.3592400</LatitudeDegrees>
      <LongitudeDegrees>-71.3019900</LongitudeDegrees>
     </Position>
     <AltitudeMeters>309.68</AltitudeMeters>
     <DistanceMeters>79905.34368472898</DistanceMeters>
    </Trackpoint>
    <Trackpoint>
     <Time>2026-07-19T03:20:06+00:00</Time>
     <Position>
      <LatitudeDegrees>-33.3597500</LatitudeDegrees>
      <LongitudeDegrees>-71.3019300</LongitudeDegrees>
     </Position>
     <AltitudeMeters>309.67</AltitudeMeters>
     <DistanceMeters>79962.37785405501</DistanceMeters>
    </Trackpoint>
    <Trackpoint>
     <Time>2026-07-19T03:20:13+00:00</Time>
     <Position>
      <LatitudeDegrees>-33.3604600</LatitudeDegrees>
      <LongitudeDegrees>-71.3019150</LongitudeDegrees>
     </Position>
     <AltitudeMeters>309.6</AltitudeMeters>
     <DistanceMeters>80041.41008955403</DistanceMeters>
    </Trackpoint>
    <Trackpoint>
     <Time>2026-07-19T03:20:20+00:00</Time>
     <Position>
      <LatitudeDegrees>-33.3611700</LatitudeDegrees>
      <LongitudeDegrees>-71.3019000</LongitudeDegrees>
     </Position>
     <AltitudeMeters>309.72</AltitudeMeters>
     <DistanceMeters>80120.44232130711</DistanceMeters>
    </Trackpoint>
    <Trackpoint>
     <Time>2026-07-19T03:20:27+00:00</Time>
     <Position>
      <LatitudeDegrees>-33.3619067</LatitudeDegrees>
      <LongitudeDegrees>-71.3018667</LongitudeDegrees>
     </Position>
     <AltitudeMeters>309.56</AltitudeMeters>
     <DistanceMeters>80202.48866716071</DistanceMeters>
    </Trackpoint>
    <Trackpoint>
     <Time>2026-07-19T03:20:34+00:00</Time>
     <Position>
      <LatitudeDegrees>-33.3626433</LatitudeDegrees>
      <LongitudeDegrees>-71.3018333</LongitudeDegrees>
     </Position>
     <AltitudeMeters>309.99</AltitudeMeters>
     <DistanceMeters>80284.53501301317</DistanceMeters>
    </Trackpoint>
    <Trackpoint>
     <Time>2026-07-19T03:20:42+00:00</Time>
     <Position>
      <LatitudeDegrees>-33.3633800</LatitudeDegrees>
      <LongitudeDegrees>-71.3018000</LongitudeDegrees>
     </Position>
     <AltitudeMeters>309.83000000000004</AltitudeMeters>
     <DistanceMeters>80366.58135995109</DistanceMeters>
    </Trackpoint>
    <Trackpoint>
     <Time>2026-07-19T03:20:49+00:00</Time>
     <Position>
      <LatitudeDegrees>-33.3635900</LatitudeDegrees>
      <LongitudeDegrees>-71.3018000</LongitudeDegrees>
     </Position>
     <AltitudeMeters>309.6</AltitudeMeters>
     <DistanceMeters>80389.95345263397</DistanceMeters>
    </Trackpoint>
    <Trackpoint>
     <Time>2026-07-19T03:20:56+00:00</Time>
     <Position>
      <LatitudeDegrees>-33.3637400</LatitudeDegrees>
      <LongitudeDegrees>-71.3018500</LongitudeDegrees>
     </Position>
     <AltitudeMeters>309.54</AltitudeMeters>
     <DistanceMeters>80407.28268820856</DistanceMeters>
    </Trackpoint>
    <Trackpoint>
     <Time>2026-07-19T03:21:03+00:00</Time>
     <Position>
      <LatitudeDegrees>-33.3639700</LatitudeDegrees>
      <LongitudeDegrees>-71.3019400</LongitudeDegrees>
     </Position>
     <AltitudeMeters>309.55000000000007</AltitudeMeters>
     <DistanceMeters>80434.21305997146</DistanceMeters>
    </Trackpoint>
    <Trackpoint>
     <Time>2026-07-19T03:21:10+00:00</Time>
     <Position>
      <LatitudeDegrees>-33.3645800</LatitudeDegrees>
      <LongitudeDegrees>-71.3024500</LongitudeDegrees>
     </Position>
     <AltitudeMeters>309.73</AltitudeMeters>
     <DistanceMeters>80517.01639703177</DistanceMeters>
    </Trackpoint>
    <Trackpoint>
     <Time>2026-07-19T03:21:17+00:00</Time>
     <Position>
      <LatitudeDegrees>-33.3651900</LatitudeDegrees>
      <LongitudeDegrees>-71.3029600</LongitudeDegrees>
     </Position>
     <AltitudeMeters>310.38000000000005</AltitudeMeters>
     <DistanceMeters>80599.81973409194</DistanceMeters>
    </Trackpoint>
    <Trackpoint>
     <Time>2026-07-19T03:21:24+00:00</Time>
     <Position>
      <LatitudeDegrees>-33.3658000</LatitudeDegrees>
      <LongitudeDegrees>-71.3034700</LongitudeDegrees>
     </Position>
     <AltitudeMeters>311.61</AltitudeMeters>
     <DistanceMeters>80682.62307115352</DistanceMeters>
    </Trackpoint>
    <Trackpoint>
     <Time>2026-07-19T03:21:31+00:00</Time>
     <Position>
      <LatitudeDegrees>-33.3664100</LatitudeDegrees>
      <LongitudeDegrees>-71.3039800</LongitudeDegrees>
     </Position>
     <AltitudeMeters>312.65000000000003</AltitudeMeters>
     <DistanceMeters>80765.42641477984</DistanceMeters>
    </Trackpoint>
    <Trackpoint>
     <Time>2026-07-19T03:21:38+00:00</Time>
     <Position>
      <LatitudeDegrees>-33.3670900</LatitudeDegrees>
      <LongitudeDegrees>-71.3044900</LongitudeDegrees>
     </Position>
     <AltitudeMeters>318.44</AltitudeMeters>
     <DistanceMeters>80854.72834016522</DistanceMeters>
    </Trackpoint>
    <Trackpoint>
     <Time>2026-07-19T03:21:45+00:00</Time>
     <Position>
      <LatitudeDegrees>-33.3677000</LatitudeDegrees>
      <LongitudeDegrees>-71.3048950</LongitudeDegrees>
     </Position>
     <AltitudeMeters>322.09000000000003</AltitudeMeters>
     <DistanceMeters>80932.35703515964</DistanceMeters>
    </Trackpoint>
    <Trackpoint>
     <Time>2026-07-19T03:21:52+00:00</Time>
     <Position>
      <LatitudeDegrees>-33.3683100</LatitudeDegrees>
      <LongitudeDegrees>-71.3053000</LongitudeDegrees>
     </Position>
     <AltitudeMeters>322.39</AltitudeMeters>
     <DistanceMeters>81009.98571415216</DistanceMeters>
    </Trackpoint>
    <Trackpoint>
     <Time>2026-07-19T03:21:59+00:00</Time>
     <Position>
      <LatitudeDegrees>-33.3688400</LatitudeDegrees>
      <LongitudeDegrees>-71.3056200</LongitudeDegrees>
     </Position>
     <AltitudeMeters>320.65000000000003</AltitudeMeters>
     <DistanceMeters>81076.04712406798</DistanceMeters>
    </Trackpoint>
    <Trackpoint>
     <Time>2026-07-19T03:22:06+00:00</Time>
     <Position>
      <LatitudeDegrees>-33.3691200</LatitudeDegrees>
      <LongitudeDegrees>-71.3057400</LongitudeDegrees>
     </Position>
     <AltitudeMeters>318.59000000000003</AltitudeMeters>
     <DistanceMeters>81109.14585770929</DistanceMeters>
    </Trackpoint>
    <Trackpoint>
     <Time>2026-07-19T03:22:14+00:00</Time>
     <Position>
      <LatitudeDegrees>-33.3699100</LatitudeDegrees>
      <LongitudeDegrees>-71.3059300</LongitudeDegrees>
     </Position>
     <AltitudeMeters>317.08000000000004</AltitudeMeters>
     <DistanceMeters>81198.82547573978</DistanceMeters>
    </Trackpoint>
    <Trackpoint>
     <Time>2026-07-19T03:22:21+00:00</Time>
     <Position>
      <LatitudeDegrees>-33.3706867</LatitudeDegrees>
      <LongitudeDegrees>-71.3061683</LongitudeDegrees>
     </Position>
     <AltitudeMeters>317.18</AltitudeMeters>
     <DistanceMeters>81288.05839745214</DistanceMeters>
    </Trackpoint>
    <Trackpoint>
     <Time>2026-07-19T03:22:28+00:00</Time>
     <Position>
      <LatitudeDegrees>-33.3714633</LatitudeDegrees>
      <LongitudeDegrees>-71.3064066</LongitudeDegrees>
     </Position>
     <AltitudeMeters>318.25</AltitudeMeters>
     <DistanceMeters>81377.29131916315</DistanceMeters>
    </Trackpoint>
    <Trackpoint>
     <Time>2026-07-19T03:22:35+00:00</Time>
     <Position>
      <LatitudeDegrees>-33.3722400</LatitudeDegrees>
      <LongitudeDegrees>-71.3066450</LongitudeDegrees>
     </Position>
     <AltitudeMeters>319.54</AltitudeMeters>
     <DistanceMeters>81466.52424087668</DistanceMeters>
    </Trackpoint>
    <Trackpoint>
     <Time>2026-07-19T03:22:42+00:00</Time>
     <Position>
      <LatitudeDegrees>-33.3730167</LatitudeDegrees>
      <LongitudeDegrees>-71.3068833</LongitudeDegrees>
     </Position>
     <AltitudeMeters>320.91</AltitudeMeters>
     <DistanceMeters>81555.75716258814</DistanceMeters>
    </Trackpoint>
    <Trackpoint>
     <Time>2026-07-19T03:22:49+00:00</Time>
     <Position>
      <LatitudeDegrees>-33.3737933</LatitudeDegrees>
      <LongitudeDegrees>-71.3071217</LongitudeDegrees>
     </Position>
     <AltitudeMeters>321.77</AltitudeMeters>
     <DistanceMeters>81644.9900842992</DistanceMeters>
    </Trackpoint>
    <Trackpoint>
     <Time>2026-07-19T03:22:56+00:00</Time>
     <Position>
      <LatitudeDegrees>-33.3745700</LatitudeDegrees>
      <LongitudeDegrees>-71.3073600</LongitudeDegrees>
     </Position>
     <AltitudeMeters>322.78000000000003</AltitudeMeters>
     <DistanceMeters>81734.22301369441</DistanceMeters>
    </Trackpoint>
    <Trackpoint>
     <Time>2026-07-19T03:23:03+00:00</Time>
     <Position>
      <LatitudeDegrees>-33.3752067</LatitudeDegrees>
      <LongitudeDegrees>-71.3075667</LongitudeDegrees>
     </Position>
     <AltitudeMeters>323.82000000000005</AltitudeMeters>
     <DistanceMeters>81807.63848707572</DistanceMeters>
    </Trackpoint>
    <Trackpoint>
     <Time>2026-07-19T03:23:10+00:00</Time>
     <Position>
      <LatitudeDegrees>-33.3758433</LatitudeDegrees>
      <LongitudeDegrees>-71.3077733</LongitudeDegrees>
     </Position>
     <AltitudeMeters>325.19000000000005</AltitudeMeters>
     <DistanceMeters>81881.05396045797</DistanceMeters>
    </Trackpoint>
    <Trackpoint>
     <Time>2026-07-19T03:23:17+00:00</Time>
     <Position>
      <LatitudeDegrees>-33.3764800</LatitudeDegrees>
      <LongitudeDegrees>-71.3079800</LongitudeDegrees>
     </Position>
     <AltitudeMeters>326.14000000000004</AltitudeMeters>
     <DistanceMeters>81954.46944538524</DistanceMeters>
    </Trackpoint>
    <Trackpoint>
     <Time>2026-07-19T03:23:24+00:00</Time>
     <Position>
      <LatitudeDegrees>-33.3767300</LatitudeDegrees>
      <LongitudeDegrees>-71.3080200</LongitudeDegrees>
     </Position>
     <AltitudeMeters>327.17</AltitudeMeters>
     <DistanceMeters>81982.54062378612</DistanceMeters>
    </Trackpoint>
    <Trackpoint>
     <Time>2026-07-19T03:23:31+00:00</Time>
     <Position>
      <LatitudeDegrees>-33.3772200</LatitudeDegrees>
      <LongitudeDegrees>-71.3080200</LongitudeDegrees>
     </Position>
     <AltitudeMeters>328.09000000000003</AltitudeMeters>
     <DistanceMeters>82037.07550671203</DistanceMeters>
    </Trackpoint>
    <Trackpoint>
     <Time>2026-07-19T03:23:38+00:00</Time>
     <Position>
      <LatitudeDegrees>-33.3774200</LatitudeDegrees>
      <LongitudeDegrees>-71.3079700</LongitudeDegrees>
     </Position>
     <AltitudeMeters>328.39</AltitudeMeters>
     <DistanceMeters>82059.81453417179</DistanceMeters>
    </Trackpoint>
    <Trackpoint>
     <Time>2026-07-19T03:23:45+00:00</Time>
     <Position>
      <LatitudeDegrees>-33.3778100</LatitudeDegrees>
      <LongitudeDegrees>-71.3078000</LongitudeDegrees>
     </Position>
     <AltitudeMeters>329.13000000000005</AltitudeMeters>
     <DistanceMeters>82106.00597366021</DistanceMeters>
    </Trackpoint>
    <Trackpoint>
     <Time>2026-07-19T03:23:53+00:00</Time>
     <Position>
      <LatitudeDegrees>-33.3781100</LatitudeDegrees>
      <LongitudeDegrees>-71.3076100</LongitudeDegrees>
     </Position>
     <AltitudeMeters>329.27</AltitudeMeters>
     <DistanceMeters>82143.77662059957</DistanceMeters>
    </Trackpoint>
    <Trackpoint>
     <Time>2026-07-19T03:24:00+00:00</Time>
     <Position>
      <LatitudeDegrees>-33.3781000</LatitudeDegrees>
      <LongitudeDegrees>-71.3076200</LongitudeDegrees>
     </Position>
     <AltitudeMeters>329.27</AltitudeMeters>
     <DistanceMeters>82143.77662059957</DistanceMeters>
    </Trackpoint>
    <Trackpoint>
     <Time>2026-07-19T03:24:07+00:00</Time>
     <Position>
      <LatitudeDegrees>-33.3785300</LatitudeDegrees>
      <LongitudeDegrees>-71.3072350</LongitudeDegrees>
     </Position>
     <AltitudeMeters>329.75000000000006</AltitudeMeters>
     <DistanceMeters>82203.53105429444</DistanceMeters>
    </Trackpoint>
    <Trackpoint>
     <Time>2026-07-19T03:24:14+00:00</Time>
     <Position>
      <LatitudeDegrees>-33.3789600</LatitudeDegrees>
      <LongitudeDegrees>-71.3068500</LongitudeDegrees>
     </Position>
     <AltitudeMeters>330.36</AltitudeMeters>
     <DistanceMeters>82263.28549691076</DistanceMeters>
    </Trackpoint>
    <Trackpoint>
     <Time>2026-07-19T03:24:21+00:00</Time>
     <Position>
      <LatitudeDegrees>-33.3791200</LatitudeDegrees>
      <LongitudeDegrees>-71.3066800</LongitudeDegrees>
     </Position>
     <AltitudeMeters>330.36</AltitudeMeters>
     <DistanceMeters>82287.09137383685</DistanceMeters>
    </Trackpoint>
    <Trackpoint>
     <Time>2026-07-19T03:24:28+00:00</Time>
     <Position>
      <LatitudeDegrees>-33.3792600</LatitudeDegrees>
      <LongitudeDegrees>-71.3064600</LongitudeDegrees>
     </Position>
     <AltitudeMeters>331.09000000000003</AltitudeMeters>
     <DistanceMeters>82312.79791714487</DistanceMeters>
    </Trackpoint>
    <Trackpoint>
     <Time>2026-07-19T03:24:35+00:00</Time>
     <Position>
      <LatitudeDegrees>-33.3793500</LatitudeDegrees>
      <LongitudeDegrees>-71.3062800</LongitudeDegrees>
     </Position>
     <AltitudeMeters>331.09000000000003</AltitudeMeters>
     <DistanceMeters>82332.29614950782</DistanceMeters>
    </Trackpoint>
    <Trackpoint>
     <Time>2026-07-19T03:24:42+00:00</Time>
     <Position>
      <LatitudeDegrees>-33.3793700</LatitudeDegrees>
      <LongitudeDegrees>-71.3060900</LongitudeDegrees>
     </Position>
     <AltitudeMeters>331.09000000000003</AltitudeMeters>
     <DistanceMeters>82350.09392685519</DistanceMeters>
    </Trackpoint>
    <Trackpoint>
     <Time>2026-07-19T03:24:49+00:00</Time>
     <Position>
      <LatitudeDegrees>-33.3793700</LatitudeDegrees>
      <LongitudeDegrees>-71.3058700</LongitudeDegrees>
     </Position>
     <AltitudeMeters>332.69000000000005</AltitudeMeters>
     <DistanceMeters>82370.54006987425</DistanceMeters>
    </Trackpoint>
    <Trackpoint>
     <Time>2026-07-19T03:24:56+00:00</Time>
     <Position>
      <LatitudeDegrees>-33.3793500</LatitudeDegrees>
      <LongitudeDegrees>-71.3056900</LongitudeDegrees>
     </Position>
     <AltitudeMeters>332.69000000000005</AltitudeMeters>
     <DistanceMeters>82387.41617439008</DistanceMeters>
    </Trackpoint>
    <Trackpoint>
     <Time>2026-07-19T03:25:03+00:00</Time>
     <Position>
      <LatitudeDegrees>-33.3793000</LatitudeDegrees>
      <LongitudeDegrees>-71.3054800</LongitudeDegrees>
     </Position>
     <AltitudeMeters>332.69000000000005</AltitudeMeters>
     <DistanceMeters>82407.71079531735</DistanceMeters>
    </Trackpoint>
    <Trackpoint>
     <Time>2026-07-19T03:25:10+00:00</Time>
     <Position>
      <LatitudeDegrees>-33.3789360</LatitudeDegrees>
      <LongitudeDegrees>-71.3046160</LongitudeDegrees>
     </Position>
     <AltitudeMeters>334.99</AltitudeMeters>
     <DistanceMeters>82497.64987784735</DistanceMeters>
    </Trackpoint>
    <Trackpoint>
     <Time>2026-07-19T03:25:17+00:00</Time>
     <Position>
      <LatitudeDegrees>-33.3785720</LatitudeDegrees>
      <LongitudeDegrees>-71.3037520</LongitudeDegrees>
     </Position>
     <AltitudeMeters>339.66</AltitudeMeters>
     <DistanceMeters>82587.58896037977</DistanceMeters>
    </Trackpoint>
    <Trackpoint>
     <Time>2026-07-19T03:25:25+00:00</Time>
     <Position>
      <LatitudeDegrees>-33.3782080</LatitudeDegrees>
      <LongitudeDegrees>-71.3028880</LongitudeDegrees>
     </Position>
     <AltitudeMeters>343.39000000000004</AltitudeMeters>
     <DistanceMeters>82677.52804291074</DistanceMeters>
    </Trackpoint>
    <Trackpoint>
     <Time>2026-07-19T03:25:32+00:00</Time>
     <Position>
      <LatitudeDegrees>-33.3778440</LatitudeDegrees>
      <LongitudeDegrees>-71.3020240</LongitudeDegrees>
     </Position>
     <AltitudeMeters>348.41</AltitudeMeters>
     <DistanceMeters>82767.46712544137</DistanceMeters>
    </Trackpoint>
    <Trackpoint>
     <Time>2026-07-19T03:25:39+00:00</Time>
     <Position>
      <LatitudeDegrees>-33.3774800</LatitudeDegrees>
      <LongitudeDegrees>-71.3011600</LongitudeDegrees>
     </Position>
     <AltitudeMeters>353.52000000000004</AltitudeMeters>
     <DistanceMeters>82857.40620882553</DistanceMeters>
    </Trackpoint>
    <Trackpoint>
     <Time>2026-07-19T03:25:46+00:00</Time>
     <Position>
      <LatitudeDegrees>-33.3772150</LatitudeDegrees>
      <LongitudeDegrees>-71.3005200</LongitudeDegrees>
     </Position>
     <AltitudeMeters>356.97</AltitudeMeters>
     <DistanceMeters>82923.79796481867</DistanceMeters>
    </Trackpoint>
    <Trackpoint>
     <Time>2026-07-19T03:25:53+00:00</Time>
     <Position>
      <LatitudeDegrees>-33.3769500</LatitudeDegrees>
      <LongitudeDegrees>-71.2998800</LongitudeDegrees>
     </Position>
     <AltitudeMeters>359.93</AltitudeMeters>
     <DistanceMeters>82990.18974257656</DistanceMeters>
    </Trackpoint>
    <Trackpoint>
     <Time>2026-07-19T03:26:00+00:00</Time>
     <Position>
      <LatitudeDegrees>-33.3767050</LatitudeDegrees>
      <LongitudeDegrees>-71.2990700</LongitudeDegrees>
     </Position>
     <AltitudeMeters>362.08</AltitudeMeters>
     <DistanceMeters>83070.25711505863</DistanceMeters>
    </Trackpoint>
    <Trackpoint>
     <Time>2026-07-19T03:26:07+00:00</Time>
     <Position>
      <LatitudeDegrees>-33.3764600</LatitudeDegrees>
      <LongitudeDegrees>-71.2982600</LongitudeDegrees>
     </Position>
     <AltitudeMeters>365.99</AltitudeMeters>
     <DistanceMeters>83150.32450691442</DistanceMeters>
    </Trackpoint>
    <Trackpoint>
     <Time>2026-07-19T03:26:14+00:00</Time>
     <Position>
      <LatitudeDegrees>-33.3763700</LatitudeDegrees>
      <LongitudeDegrees>-71.2980400</LongitudeDegrees>
     </Position>
     <AltitudeMeters>367.1</AltitudeMeters>
     <DistanceMeters>83173.09303065464</DistanceMeters>
    </Trackpoint>
    <Trackpoint>
     <Time>2026-07-19T03:26:21+00:00</Time>
     <Position>
      <LatitudeDegrees>-33.3762100</LatitudeDegrees>
      <LongitudeDegrees>-71.2978200</LongitudeDegrees>
     </Position>
     <AltitudeMeters>368.99</AltitudeMeters>
     <DistanceMeters>83200.2071343583</DistanceMeters>
    </Trackpoint>
    <Trackpoint>
     <Time>2026-07-19T03:26:28+00:00</Time>
     <Position>
      <LatitudeDegrees>-33.3760800</LatitudeDegrees>
      <LongitudeDegrees>-71.2977400</LongitudeDegrees>
     </Position>
     <AltitudeMeters>370.13</AltitudeMeters>
     <DistanceMeters>83216.47423164366</DistanceMeters>
    </Trackpoint>
    <Trackpoint>
     <Time>2026-07-19T03:26:35+00:00</Time>
     <Position>
      <LatitudeDegrees>-33.3757600</LatitudeDegrees>
      <LongitudeDegrees>-71.2976300</LongitudeDegrees>
     </Position>
     <AltitudeMeters>371.03000000000003</AltitudeMeters>
     <DistanceMeters>83253.52717292204</DistanceMeters>
    </Trackpoint>
    <Trackpoint>
     <Time>2026-07-19T03:26:42+00:00</Time>
     <Position>
      <LatitudeDegrees>-33.3757000</LatitudeDegrees>
      <LongitudeDegrees>-71.2975600</LongitudeDegrees>
     </Position>
     <AltitudeMeters>371.03000000000003</AltitudeMeters>
     <DistanceMeters>83262.85018093667</DistanceMeters>
    </Trackpoint>
    <Trackpoint>
     <Time>2026-07-19T03:26:49+00:00</Time>
     <Position>
      <LatitudeDegrees>-33.3756100</LatitudeDegrees>
      <LongitudeDegrees>-71.2974100</LongitudeDegrees>
     </Position>
     <AltitudeMeters>376.37</AltitudeMeters>
     <DistanceMeters>83280.01666265096</DistanceMeters>
    </Trackpoint>
    <Trackpoint>
     <Time>2026-07-19T03:26:57+00:00</Time>
     <Position>
      <LatitudeDegrees>-33.3756100</LatitudeDegrees>
      <LongitudeDegrees>-71.2972400</LongitudeDegrees>
     </Position>
     <AltitudeMeters>376.37</AltitudeMeters>
     <DistanceMeters>83295.81663806917</DistanceMeters>
    </Trackpoint>
    <Trackpoint>
     <Time>2026-07-19T03:27:04+00:00</Time>
     <Position>
      <LatitudeDegrees>-33.3756500</LatitudeDegrees>
      <LongitudeDegrees>-71.2971400</LongitudeDegrees>
     </Position>
     <AltitudeMeters>376.37</AltitudeMeters>
     <DistanceMeters>83306.12193183273</DistanceMeters>
    </Trackpoint>
    <Trackpoint>
     <Time>2026-07-19T03:27:11+00:00</Time>
     <Position>
      <LatitudeDegrees>-33.3762600</LatitudeDegrees>
      <LongitudeDegrees>-71.2964300</LongitudeDegrees>
     </Position>
     <AltitudeMeters>380.97</AltitudeMeters>
     <DistanceMeters>83400.79769794451</DistanceMeters>
    </Trackpoint>
    <Trackpoint>
     <Time>2026-07-19T03:27:18+00:00</Time>
     <Position>
      <LatitudeDegrees>-33.3763500</LatitudeDegrees>
      <LongitudeDegrees>-71.2962400</LongitudeDegrees>
     </Position>
     <AltitudeMeters>382.14000000000004</AltitudeMeters>
     <DistanceMeters>83421.09943662291</DistanceMeters>
    </Trackpoint>
    <Trackpoint>
     <Time>2026-07-19T03:27:25+00:00</Time>
     <Position>
      <LatitudeDegrees>-33.3765500</LatitudeDegrees>
      <LongitudeDegrees>-71.2955300</LongitudeDegrees>
     </Position>
     <AltitudeMeters>386.49000000000007</AltitudeMeters>
     <DistanceMeters>83490.7400761052</DistanceMeters>
    </Trackpoint>
    <Trackpoint>
     <Time>2026-07-19T03:27:32+00:00</Time>
     <Position>
      <LatitudeDegrees>-33.3767000</LatitudeDegrees>
      <LongitudeDegrees>-71.2952300</LongitudeDegrees>
     </Position>
     <AltitudeMeters>387.57</AltitudeMeters>
     <DistanceMeters>83523.2378672144</DistanceMeters>
    </Trackpoint>
    <Trackpoint>
     <Time>2026-07-19T03:27:39+00:00</Time>
     <Position>
      <LatitudeDegrees>-33.3769100</LatitudeDegrees>
      <LongitudeDegrees>-71.2950000</LongitudeDegrees>
     </Position>
     <AltitudeMeters>389.11</AltitudeMeters>
     <DistanceMeters>83554.91110879858</DistanceMeters>
    </Trackpoint>
    <Trackpoint>
     <Time>2026-07-19T03:27:46+00:00</Time>
     <Position>
      <LatitudeDegrees>-33.3771700</LatitudeDegrees>
      <LongitudeDegrees>-71.2948600</LongitudeDegrees>
     </Position>
     <AltitudeMeters>389.83</AltitudeMeters>
     <DistanceMeters>83586.63874276448</DistanceMeters>
    </Trackpoint>
    <Trackpoint>
     <Time>2026-07-19T03:27:53+00:00</Time>
     <Position>
      <LatitudeDegrees>-33.3774400</LatitudeDegrees>
      <LongitudeDegrees>-71.2947300</LongitudeDegrees>
     </Position>
     <AltitudeMeters>391.88</AltitudeMeters>
     <DistanceMeters>83619.02654291532</DistanceMeters>
    </Trackpoint>
    <Trackpoint>
     <Time>2026-07-19T03:28:00+00:00</Time>
     <Position>
      <LatitudeDegrees>-33.3781300</LatitudeDegrees>
      <LongitudeDegrees>-71.2945600</LongitudeDegrees>
     </Position>
     <AltitudeMeters>394.77</AltitudeMeters>
     <DistanceMeters>83697.42902053728</DistanceMeters>
    </Trackpoint>
    <Trackpoint>
     <Time>2026-07-19T03:28:07+00:00</Time>
     <Position>
      <LatitudeDegrees>-33.3788200</LatitudeDegrees>
      <LongitudeDegrees>-71.2943900</LongitudeDegrees>
     </Position>
     <AltitudeMeters>399.85</AltitudeMeters>
     <DistanceMeters>83775.83146735885</DistanceMeters>
    </Trackpoint>
    <Trackpoint>
     <Time>2026-07-19T03:28:14+00:00</Time>
     <Position>
      <LatitudeDegrees>-33.3795200</LatitudeDegrees>
      <LongitudeDegrees>-71.2942400</LongitudeDegrees>
     </Position>
     <AltitudeMeters>405.24</AltitudeMeters>
     <DistanceMeters>83854.97587167131</DistanceMeters>
    </Trackpoint>
    <Trackpoint>
     <Time>2026-07-19T03:28:21+00:00</Time>
     <Position>
      <LatitudeDegrees>-33.3796600</LatitudeDegrees>
      <LongitudeDegrees>-71.2941900</LongitudeDegrees>
     </Position>
     <AltitudeMeters>406.4200000000001</AltitudeMeters>
     <DistanceMeters>83871.23542227974</DistanceMeters>
    </Trackpoint>
    <Trackpoint>
     <Time>2026-07-19T03:28:29+00:00</Time>
     <Position>
      <LatitudeDegrees>-33.3797300</LatitudeDegrees>
      <LongitudeDegrees>-71.2941000</LongitudeDegrees>
     </Position>
     <AltitudeMeters>406.4200000000001</AltitudeMeters>
     <DistanceMeters>83882.66592894183</DistanceMeters>
    </Trackpoint>
    <Trackpoint>
     <Time>2026-07-19T03:28:36+00:00</Time>
     <Position>
      <LatitudeDegrees>-33.3797700</LatitudeDegrees>
      <LongitudeDegrees>-71.2940000</LongitudeDegrees>
     </Position>
     <AltitudeMeters>406.4200000000001</AltitudeMeters>
     <DistanceMeters>83892.97082561917</DistanceMeters>
    </Trackpoint>
    <Trackpoint>
     <Time>2026-07-19T03:28:43+00:00</Time>
     <Position>
      <LatitudeDegrees>-33.3798200</LatitudeDegrees>
      <LongitudeDegrees>-71.2938000</LongitudeDegrees>
     </Position>
     <AltitudeMeters>408.54</AltitudeMeters>
     <DistanceMeters>83912.37327351734</DistanceMeters>
    </Trackpoint>
    <Trackpoint>
     <Time>2026-07-19T03:28:50+00:00</Time>
     <Position>
      <LatitudeDegrees>-33.3797900</LatitudeDegrees>
      <LongitudeDegrees>-71.2937000</LongitudeDegrees>
     </Position>
     <AltitudeMeters>409.40000000000003</AltitudeMeters>
     <DistanceMeters>83922.24849890813</DistanceMeters>
    </Trackpoint>
    <Trackpoint>
     <Time>2026-07-19T03:28:57+00:00</Time>
     <Position>
      <LatitudeDegrees>-33.3795000</LatitudeDegrees>
      <LongitudeDegrees>-71.2931200</LongitudeDegrees>
     </Position>
     <AltitudeMeters>412.58000000000004</AltitudeMeters>
     <DistanceMeters>83985.0759557068</DistanceMeters>
    </Trackpoint>
    <Trackpoint>
     <Time>2026-07-19T03:29:04+00:00</Time>
     <Position>
      <LatitudeDegrees>-33.3794100</LatitudeDegrees>
      <LongitudeDegrees>-71.2927700</LongitudeDegrees>
     </Position>
     <AltitudeMeters>414.34000000000003</AltitudeMeters>
     <DistanceMeters>84019.11120616941</DistanceMeters>
    </Trackpoint>
    <Trackpoint>
     <Time>2026-07-19T03:29:11+00:00</Time>
     <Position>
      <LatitudeDegrees>-33.3794100</LatitudeDegrees>
      <LongitudeDegrees>-71.2924900</LongitudeDegrees>
     </Position>
     <AltitudeMeters>416.0</AltitudeMeters>
     <DistanceMeters>84045.13355804107</DistanceMeters>
    </Trackpoint>
    <Trackpoint>
     <Time>2026-07-19T03:29:18+00:00</Time>
     <Position>
      <LatitudeDegrees>-33.3795200</LatitudeDegrees>
      <LongitudeDegrees>-71.2917700</LongitudeDegrees>
     </Position>
     <AltitudeMeters>420.43</AltitudeMeters>
     <DistanceMeters>84113.1588474354</DistanceMeters>
    </Trackpoint>
    <Trackpoint>
     <Time>2026-07-19T03:29:25+00:00</Time>
     <Position>
      <LatitudeDegrees>-33.3795500</LatitudeDegrees>
      <LongitudeDegrees>-71.2916400</LongitudeDegrees>
     </Position>
     <AltitudeMeters>420.43</AltitudeMeters>
     <DistanceMeters>84125.6935064845</DistanceMeters>
    </Trackpoint>
    <Trackpoint>
     <Time>2026-07-19T03:29:32+00:00</Time>
     <Position>
      <LatitudeDegrees>-33.3796100</LatitudeDegrees>
      <LongitudeDegrees>-71.2915500</LongitudeDegrees>
     </Position>
     <AltitudeMeters>422.42</AltitudeMeters>
     <DistanceMeters>84136.3964930231</DistanceMeters>
    </Trackpoint>
    <Trackpoint>
     <Time>2026-07-19T03:29:39+00:00</Time>
     <Position>
      <LatitudeDegrees>-33.3797000</LatitudeDegrees>
      <LongitudeDegrees>-71.2914700</LongitudeDegrees>
     </Position>
     <AltitudeMeters>422.42</AltitudeMeters>
     <DistanceMeters>84148.87089814356</DistanceMeters>
    </Trackpoint>
    <Trackpoint>
     <Time>2026-07-19T03:29:46+00:00</Time>
     <Position>
      <LatitudeDegrees>-33.3798200</LatitudeDegrees>
      <LongitudeDegrees>-71.2914200</LongitudeDegrees>
     </Position>
     <AltitudeMeters>423.62000000000006</AltitudeMeters>
     <DistanceMeters>84163.01168718099</DistanceMeters>
    </Trackpoint>
    <Trackpoint>
     <Time>2026-07-19T03:29:53+00:00</Time>
     <Position>
      <LatitudeDegrees>-33.3803700</LatitudeDegrees>
      <LongitudeDegrees>-71.2914100</LongitudeDegrees>
     </Position>
     <AltitudeMeters>426.77000000000004</AltitudeMeters>
     <DistanceMeters>84224.23136550195</DistanceMeters>
    </Trackpoint>
    <Trackpoint>
     <Time>2026-07-19T03:30:00+00:00</Time>
     <Position>
      <LatitudeDegrees>-33.3805300</LatitudeDegrees>
      <LongitudeDegrees>-71.2913700</LongitudeDegrees>
     </Position>
     <AltitudeMeters>427.41</AltitudeMeters>
     <DistanceMeters>84242.4225601269</DistanceMeters>
    </Trackpoint>
    <Trackpoint>
     <Time>2026-07-19T03:30:08+00:00</Time>
     <Position>
      <LatitudeDegrees>-33.3806700</LatitudeDegrees>
      <LongitudeDegrees>-71.2912800</LongitudeDegrees>
     </Position>
     <AltitudeMeters>428.41</AltitudeMeters>
     <DistanceMeters>84260.10701465119</DistanceMeters>
    </Trackpoint>
    <Trackpoint>
     <Time>2026-07-19T03:30:15+00:00</Time>
     <Position>
      <LatitudeDegrees>-33.3807800</LatitudeDegrees>
      <LongitudeDegrees>-71.2911500</LongitudeDegrees>
     </Position>
     <AltitudeMeters>429.34000000000003</AltitudeMeters>
     <DistanceMeters>84277.30716113313</DistanceMeters>
    </Trackpoint>
    <Trackpoint>
     <Time>2026-07-19T03:30:22+00:00</Time>
     <Position>
      <LatitudeDegrees>-33.3809100</LatitudeDegrees>
      <LongitudeDegrees>-71.2909700</LongitudeDegrees>
     </Position>
     <AltitudeMeters>429.7300000000001</AltitudeMeters>
     <DistanceMeters>84299.42444763597</DistanceMeters>
    </Trackpoint>
    <Trackpoint>
     <Time>2026-07-19T03:30:29+00:00</Time>
     <Position>
      <LatitudeDegrees>-33.3810000</LatitudeDegrees>
      <LongitudeDegrees>-71.2908800</LongitudeDegrees>
     </Position>
     <AltitudeMeters>429.7300000000001</AltitudeMeters>
     <DistanceMeters>84312.4740447785</DistanceMeters>
    </Trackpoint>
    <Trackpoint>
     <Time>2026-07-19T03:30:36+00:00</Time>
     <Position>
      <LatitudeDegrees>-33.3810900</LatitudeDegrees>
      <LongitudeDegrees>-71.2908300</LongitudeDegrees>
     </Position>
     <AltitudeMeters>429.7300000000001</AltitudeMeters>
     <DistanceMeters>84323.51600512904</DistanceMeters>
    </Trackpoint>
    <Trackpoint>
     <Time>2026-07-19T03:30:43+00:00</Time>
     <Position>
      <LatitudeDegrees>-33.3812000</LatitudeDegrees>
      <LongitudeDegrees>-71.2908000</LongitudeDegrees>
     </Position>
     <AltitudeMeters>432.81</AltitudeMeters>
     <DistanceMeters>84336.07198594675</DistanceMeters>
    </Trackpoint>
    <Trackpoint>
     <Time>2026-07-19T03:30:50+00:00</Time>
     <Position>
      <LatitudeDegrees>-33.3819000</LatitudeDegrees>
      <LongitudeDegrees>-71.2907900</LongitudeDegrees>
     </Position>
     <AltitudeMeters>435.00000000000006</AltitudeMeters>
     <DistanceMeters>84413.98450441494</DistanceMeters>
    </Trackpoint>
    <Trackpoint>
     <Time>2026-07-19T03:30:57+00:00</Time>
     <Position>
      <LatitudeDegrees>-33.3819400</LatitudeDegrees>
      <LongitudeDegrees>-71.2907900</LongitudeDegrees>
     </Position>
     <AltitudeMeters>435.00000000000006</AltitudeMeters>
     <DistanceMeters>84418.4363315924</DistanceMeters>
    </Trackpoint>
    <Trackpoint>
     <Time>2026-07-19T03:31:04+00:00</Time>
     <Position>
      <LatitudeDegrees>-33.3820500</LatitudeDegrees>
      <LongitudeDegrees>-71.2907100</LongitudeDegrees>
     </Position>
     <AltitudeMeters>435.42</AltitudeMeters>
     <DistanceMeters>84432.7595547343</DistanceMeters>
    </Trackpoint>
    <Trackpoint>
     <Time>2026-07-19T03:31:11+00:00</Time>
     <Position>
      <LatitudeDegrees>-33.3821700</LatitudeDegrees>
      <LongitudeDegrees>-71.2905600</LongitudeDegrees>
     </Position>
     <AltitudeMeters>436.32000000000005</AltitudeMeters>
     <DistanceMeters>84452.06488125071</DistanceMeters>
    </Trackpoint>
    <Trackpoint>
     <Time>2026-07-19T03:31:18+00:00</Time>
     <Position>
      <LatitudeDegrees>-33.3823200</LatitudeDegrees>
      <LongitudeDegrees>-71.2902100</LongitudeDegrees>
     </Position>
     <AltitudeMeters>437.36</AltitudeMeters>
     <DistanceMeters>84488.62577931634</DistanceMeters>
    </Trackpoint>
    <Trackpoint>
     <Time>2026-07-19T03:31:25+00:00</Time>
     <Position>
      <LatitudeDegrees>-33.3827300</LatitudeDegrees>
      <LongitudeDegrees>-71.2893900</LongitudeDegrees>
     </Position>
     <AltitudeMeters>442.13</AltitudeMeters>
     <DistanceMeters>84577.44863898285</DistanceMeters>
    </Trackpoint>
    <Trackpoint>
     <Time>2026-07-19T03:31:32+00:00</Time>
     <Position>
      <LatitudeDegrees>-33.3828100</LatitudeDegrees>
      <LongitudeDegrees>-71.2893100</LongitudeDegrees>
     </Position>
     <AltitudeMeters>442.13</AltitudeMeters>
     <DistanceMeters>84589.04818142063</DistanceMeters>
    </Trackpoint>
    <Trackpoint>
     <Time>2026-07-19T03:31:40+00:00</Time>
     <Position>
      <LatitudeDegrees>-33.3829500</LatitudeDegrees>
      <LongitudeDegrees>-71.2892200</LongitudeDegrees>
     </Position>
     <AltitudeMeters>443.53000000000003</AltitudeMeters>
     <DistanceMeters>84606.73253221736</DistanceMeters>
    </Trackpoint>
    <Trackpoint>
     <Time>2026-07-19T03:31:47+00:00</Time>
     <Position>
      <LatitudeDegrees>-33.3832000</LatitudeDegrees>
      <LongitudeDegrees>-71.2891700</LongitudeDegrees>
     </Position>
     <AltitudeMeters>444.61000000000007</AltitudeMeters>
     <DistanceMeters>84634.94178420448</DistanceMeters>
    </Trackpoint>
    <Trackpoint>
     <Time>2026-07-19T03:31:54+00:00</Time>
     <Position>
      <LatitudeDegrees>-33.3833500</LatitudeDegrees>
      <LongitudeDegrees>-71.2890900</LongitudeDegrees>
     </Position>
     <AltitudeMeters>445.87000000000006</AltitudeMeters>
     <DistanceMeters>84653.21676895762</DistanceMeters>
    </Trackpoint>
    <Trackpoint>
     <Time>2026-07-19T03:32:01+00:00</Time>
     <Position>
      <LatitudeDegrees>-33.3834200</LatitudeDegrees>
      <LongitudeDegrees>-71.2890400</LongitudeDegrees>
     </Position>
     <AltitudeMeters>445.87000000000006</AltitudeMeters>
     <DistanceMeters>84662.28794285176</DistanceMeters>
    </Trackpoint>
    <Trackpoint>
     <Time>2026-07-19T03:32:08+00:00</Time>
     <Position>
      <LatitudeDegrees>-33.3834900</LatitudeDegrees>
      <LongitudeDegrees>-71.2889500</LongitudeDegrees>
     </Position>
     <AltitudeMeters>447.17</AltitudeMeters>
     <DistanceMeters>84673.71818486133</DistanceMeters>
    </Trackpoint>
    <Trackpoint>
     <Time>2026-07-19T03:32:15+00:00</Time>
     <Position>
      <LatitudeDegrees>-33.3837600</LatitudeDegrees>
      <LongitudeDegrees>-71.2879600</LongitudeDegrees>
     </Position>
     <AltitudeMeters>451.73</AltitudeMeters>
     <DistanceMeters>84770.50439526074</DistanceMeters>
    </Trackpoint>
    <Trackpoint>
     <Time>2026-07-19T03:32:22+00:00</Time>
     <Position>
      <LatitudeDegrees>-33.3838900</LatitudeDegrees>
      <LongitudeDegrees>-71.2877000</LongitudeDegrees>
     </Position>
     <AltitudeMeters>454.59000000000003</AltitudeMeters>
     <DistanceMeters>84798.66743106641</DistanceMeters>
    </Trackpoint>
    <Trackpoint>
     <Time>2026-07-19T03:32:29+00:00</Time>
     <Position>
      <LatitudeDegrees>-33.3840500</LatitudeDegrees>
      <LongitudeDegrees>-71.2875200</LongitudeDegrees>
     </Position>
     <AltitudeMeters>454.59000000000003</AltitudeMeters>
     <DistanceMeters>84823.09935248781</DistanceMeters>
    </Trackpoint>
    <Trackpoint>
     <Time>2026-07-19T03:32:36+00:00</Time>
     <Position>
      <LatitudeDegrees>-33.3842000</LatitudeDegrees>
      <LongitudeDegrees>-71.2873800</LongitudeDegrees>
     </Position>
     <AltitudeMeters>454.59000000000003</AltitudeMeters>
     <DistanceMeters>84844.26474232163</DistanceMeters>
    </Trackpoint>
    <Trackpoint>
     <Time>2026-07-19T03:32:43+00:00</Time>
     <Position>
      <LatitudeDegrees>-33.3844900</LatitudeDegrees>
      <LongitudeDegrees>-71.2871700</LongitudeDegrees>
     </Position>
     <AltitudeMeters>458.18</AltitudeMeters>
     <DistanceMeters>84881.9819093216</DistanceMeters>
    </Trackpoint>
    <Trackpoint>
     <Time>2026-07-19T03:32:50+00:00</Time>
     <Position>
      <LatitudeDegrees>-33.3847800</LatitudeDegrees>
      <LongitudeDegrees>-71.2870300</LongitudeDegrees>
     </Position>
     <AltitudeMeters>462.49</AltitudeMeters>
     <DistanceMeters>84916.7812512976</DistanceMeters>
    </Trackpoint>
    <Trackpoint>
     <Time>2026-07-19T03:32:57+00:00</Time>
     <Position>
      <LatitudeDegrees>-33.3850500</LatitudeDegrees>
      <LongitudeDegrees>-71.2869900</LongitudeDegrees>
     </Position>
     <AltitudeMeters>462.49</AltitudeMeters>
     <DistanceMeters>84947.06012824981</DistanceMeters>
    </Trackpoint>
    <Trackpoint>
     <Time>2026-07-19T03:33:04+00:00</Time>
     <Position>
      <LatitudeDegrees>-33.3851900</LatitudeDegrees>
      <LongitudeDegrees>-71.2870200</LongitudeDegrees>
     </Position>
     <AltitudeMeters>463.08000000000004</AltitudeMeters>
     <DistanceMeters>84962.88897550982</DistanceMeters>
    </Trackpoint>
    <Trackpoint>
     <Time>2026-07-19T03:33:12+00:00</Time>
     <Position>
      <LatitudeDegrees>-33.3853200</LatitudeDegrees>
      <LongitudeDegrees>-71.2870700</LongitudeDegrees>
     </Position>
     <AltitudeMeters>464.96000000000004</AltitudeMeters>
     <DistanceMeters>84978.0852252514</DistanceMeters>
    </Trackpoint>
    <Trackpoint>
     <Time>2026-07-19T03:33:19+00:00</Time>
     <Position>
      <LatitudeDegrees>-33.3858800</LatitudeDegrees>
      <LongitudeDegrees>-71.2873400</LongitudeDegrees>
     </Position>
     <AltitudeMeters>468.32</AltitudeMeters>
     <DistanceMeters>85045.27187640688</DistanceMeters>
    </Trackpoint>
    <Trackpoint>
     <Time>2026-07-19T03:33:26+00:00</Time>
     <Position>
      <LatitudeDegrees>-33.3859900</LatitudeDegrees>
      <LongitudeDegrees>-71.2873800</LongitudeDegrees>
     </Position>
     <AltitudeMeters>468.9200000000001</AltitudeMeters>
     <DistanceMeters>85058.06628873893</DistanceMeters>
    </Trackpoint>
    <Trackpoint>
     <Time>2026-07-19T03:33:33+00:00</Time>
     <Position>
      <LatitudeDegrees>-33.3861300</LatitudeDegrees>
      <LongitudeDegrees>-71.2873000</LongitudeDegrees>
     </Position>
     <AltitudeMeters>470.09000000000003</AltitudeMeters>
     <DistanceMeters>85075.3304138201</DistanceMeters>
    </Trackpoint>
    <Trackpoint>
     <Time>2026-07-19T03:33:40+00:00</Time>
     <Position>
      <LatitudeDegrees>-33.3863100</LatitudeDegrees>
      <LongitudeDegrees>-71.2871200</LongitudeDegrees>
     </Position>
     <AltitudeMeters>471.88</AltitudeMeters>
     <DistanceMeters>85101.42895887542</DistanceMeters>
    </Trackpoint>
    <Trackpoint>
     <Time>2026-07-19T03:33:47+00:00</Time>
     <Position>
      <LatitudeDegrees>-33.3866800</LatitudeDegrees>
      <LongitudeDegrees>-71.2866300</LongitudeDegrees>
     </Position>
     <AltitudeMeters>474.91</AltitudeMeters>
     <DistanceMeters>85162.82284206587</DistanceMeters>
    </Trackpoint>
    <Trackpoint>
     <Time>2026-07-19T03:33:54+00:00</Time>
     <Position>
      <LatitudeDegrees>-33.3870500</LatitudeDegrees>
      <LongitudeDegrees>-71.2861400</LongitudeDegrees>
     </Position>
     <AltitudeMeters>479.46000000000004</AltitudeMeters>
     <DistanceMeters>85224.21670099933</DistanceMeters>
    </Trackpoint>
    <Trackpoint>
     <Time>2026-07-19T03:34:01+00:00</Time>
     <Position>
      <LatitudeDegrees>-33.3871100</LatitudeDegrees>
      <LongitudeDegrees>-71.2859500</LongitudeDegrees>
     </Position>
     <AltitudeMeters>479.46000000000004</AltitudeMeters>
     <DistanceMeters>85243.09375174396</DistanceMeters>
    </Trackpoint>
    <Trackpoint>
     <Time>2026-07-19T03:34:08+00:00</Time>
     <Position>
      <LatitudeDegrees>-33.3871100</LatitudeDegrees>
      <LongitudeDegrees>-71.2857400</LongitudeDegrees>
     </Position>
     <AltitudeMeters>479.46000000000004</AltitudeMeters>
     <DistanceMeters>85262.60878736219</DistanceMeters>
    </Trackpoint>
    <Trackpoint>
     <Time>2026-07-19T03:34:15+00:00</Time>
     <Position>
      <LatitudeDegrees>-33.3870500</LatitudeDegrees>
      <LongitudeDegrees>-71.2855500</LongitudeDegrees>
     </Position>
     <AltitudeMeters>483.27000000000004</AltitudeMeters>
     <DistanceMeters>85281.4858381068</DistanceMeters>
    </Trackpoint>
    <Trackpoint>
     <Time>2026-07-19T03:34:22+00:00</Time>
     <Position>
      <LatitudeDegrees>-33.3867300</LatitudeDegrees>
      <LongitudeDegrees>-71.2851900</LongitudeDegrees>
     </Position>
     <AltitudeMeters>485.49</AltitudeMeters>
     <DistanceMeters>85330.34891165557</DistanceMeters>
    </Trackpoint>
    <Trackpoint>
     <Time>2026-07-19T03:34:29+00:00</Time>
     <Position>
      <LatitudeDegrees>-33.3865800</LatitudeDegrees>
      <LongitudeDegrees>-71.2849800</LongitudeDegrees>
     </Position>
     <AltitudeMeters>487.48</AltitudeMeters>
     <DistanceMeters>85356.03046120865</DistanceMeters>
    </Trackpoint>
    <Trackpoint>
     <Time>2026-07-19T03:34:36+00:00</Time>
     <Position>
      <LatitudeDegrees>-33.3865100</LatitudeDegrees>
      <LongitudeDegrees>-71.2847900</LongitudeDegrees>
     </Position>
     <AltitudeMeters>487.48</AltitudeMeters>
     <DistanceMeters>85375.32941528739</DistanceMeters>
    </Trackpoint>
    <Trackpoint>
     <Time>2026-07-19T03:34:43+00:00</Time>
     <Position>
      <LatitudeDegrees>-33.3864900</LatitudeDegrees>
      <LongitudeDegrees>-71.2846100</LongitudeDegrees>
     </Position>
     <AltitudeMeters>489.9100000000001</AltitudeMeters>
     <DistanceMeters>85392.20415816868</DistanceMeters>
    </Trackpoint>
    <Trackpoint>
     <Time>2026-07-19T03:34:51+00:00</Time>
     <Position>
      <LatitudeDegrees>-33.3864900</LatitudeDegrees>
      <LongitudeDegrees>-71.2838500</LongitudeDegrees>
     </Position>
     <AltitudeMeters>493.05</AltitudeMeters>
     <DistanceMeters>85462.83050503596</DistanceMeters>
    </Trackpoint>
    <Trackpoint>
     <Time>2026-07-19T03:34:58+00:00</Time>
     <Position>
      <LatitudeDegrees>-33.3864400</LatitudeDegrees>
      <LongitudeDegrees>-71.2837600</LongitudeDegrees>
     </Position>
     <AltitudeMeters>493.56000000000006</AltitudeMeters>
     <DistanceMeters>85472.87627235265</DistanceMeters>
    </Trackpoint>
    <Trackpoint>
     <Time>2026-07-19T03:35:05+00:00</Time>
     <Position>
      <LatitudeDegrees>-33.3862400</LatitudeDegrees>
      <LongitudeDegrees>-71.2835800</LongitudeDegrees>
     </Position>
     <AltitudeMeters>494.7900000000001</AltitudeMeters>
     <DistanceMeters>85500.71998647951</DistanceMeters>
    </Trackpoint>
    <Trackpoint>
     <Time>2026-07-19T03:35:12+00:00</Time>
     <Position>
      <LatitudeDegrees>-33.3859900</LatitudeDegrees>
      <LongitudeDegrees>-71.2835300</LongitudeDegrees>
     </Position>
     <AltitudeMeters>495.89000000000004</AltitudeMeters>
     <DistanceMeters>85528.92921170566</DistanceMeters>
    </Trackpoint>
    <Trackpoint>
     <Time>2026-07-19T03:35:19+00:00</Time>
     <Position>
      <LatitudeDegrees>-33.3858800</LatitudeDegrees>
      <LongitudeDegrees>-71.2834800</LongitudeDegrees>
     </Position>
     <AltitudeMeters>495.89000000000004</AltitudeMeters>
     <DistanceMeters>85542.02384315612</DistanceMeters>
    </Trackpoint>
    <Trackpoint>
     <Time>2026-07-19T03:35:26+00:00</Time>
     <Position>
      <LatitudeDegrees>-33.3856800</LatitudeDegrees>
      <LongitudeDegrees>-71.2832700</LongitudeDegrees>
     </Position>
     <AltitudeMeters>496.88000000000005</AltitudeMeters>
     <DistanceMeters>85571.62650178878</DistanceMeters>
    </Trackpoint>
    <Trackpoint>
     <Time>2026-07-19T03:35:33+00:00</Time>
     <Position>
      <LatitudeDegrees>-33.3851900</LatitudeDegrees>
      <LongitudeDegrees>-71.2825300</LongitudeDegrees>
     </Position>
     <AltitudeMeters>500.12</AltitudeMeters>
     <DistanceMeters>85659.39436586978</DistanceMeters>
    </Trackpoint>
    <Trackpoint>
     <Time>2026-07-19T03:35:40+00:00</Time>
     <Position>
      <LatitudeDegrees>-33.3847000</LatitudeDegrees>
      <LongitudeDegrees>-71.2817900</LongitudeDegrees>
     </Position>
     <AltitudeMeters>506.04</AltitudeMeters>
     <DistanceMeters>85747.16224778246</DistanceMeters>
    </Trackpoint>
    <Trackpoint>
     <Time>2026-07-19T03:35:47+00:00</Time>
     <Position>
      <LatitudeDegrees>-33.3846100</LatitudeDegrees>
      <LongitudeDegrees>-71.2815400</LongitudeDegrees>
     </Position>
     <AltitudeMeters>507.30000000000007</AltitudeMeters>
     <DistanceMeters>85772.46239429484</DistanceMeters>
    </Trackpoint>
    <Trackpoint>
     <Time>2026-07-19T03:35:54+00:00</Time>
     <Position>
      <LatitudeDegrees>-33.3846100</LatitudeDegrees>
      <LongitudeDegrees>-71.2813000</LongitudeDegrees>
     </Position>
     <AltitudeMeters>508.14000000000004</AltitudeMeters>
     <DistanceMeters>85794.76593348243</DistanceMeters>
    </Trackpoint>
    <Trackpoint>
     <Time>2026-07-19T03:36:01+00:00</Time>
     <Position>
      <LatitudeDegrees>-33.3846700</LatitudeDegrees>
      <LongitudeDegrees>-71.2810300</LongitudeDegrees>
     </Position>
     <AltitudeMeters>510.61</AltitudeMeters>
     <DistanceMeters>85820.73079888601</DistanceMeters>
    </Trackpoint>
    <Trackpoint>
     <Time>2026-07-19T03:36:08+00:00</Time>
     <Position>
      <LatitudeDegrees>-33.3847200</LatitudeDegrees>
      <LongitudeDegrees>-71.2809500</LongitudeDegrees>
     </Position>
     <AltitudeMeters>510.61</AltitudeMeters>
     <DistanceMeters>85830.01727814652</DistanceMeters>
    </Trackpoint>
    <Trackpoint>
     <Time>2026-07-19T03:36:15+00:00</Time>
     <Position>
      <LatitudeDegrees>-33.3851400</LatitudeDegrees>
      <LongitudeDegrees>-71.2804900</LongitudeDegrees>
     </Position>
     <AltitudeMeters>514.47</AltitudeMeters>
     <DistanceMeters>85893.36106553224</DistanceMeters>
    </Trackpoint>
    <Trackpoint>
     <Time>2026-07-19T03:36:23+00:00</Time>
     <Position>
      <LatitudeDegrees>-33.3853200</LatitudeDegrees>
      <LongitudeDegrees>-71.2803600</LongitudeDegrees>
     </Position>
     <AltitudeMeters>516.03</AltitudeMeters>
     <DistanceMeters>85916.75509250737</DistanceMeters>
    </Trackpoint>
    <Trackpoint>
     <Time>2026-07-19T03:36:30+00:00</Time>
     <Position>
      <LatitudeDegrees>-33.3855000</LatitudeDegrees>
      <LongitudeDegrees>-71.2803100</LongitudeDegrees>
     </Position>
     <AltitudeMeters>518.8900000000001</AltitudeMeters>
     <DistanceMeters>85937.32011663349</DistanceMeters>
    </Trackpoint>
    <Trackpoint>
     <Time>2026-07-19T03:36:37+00:00</Time>
     <Position>
      <LatitudeDegrees>-33.3857400</LatitudeDegrees>
      <LongitudeDegrees>-71.2803100</LongitudeDegrees>
     </Position>
     <AltitudeMeters>518.8900000000001</AltitudeMeters>
     <DistanceMeters>85964.03107969987</DistanceMeters>
    </Trackpoint>
    <Trackpoint>
     <Time>2026-07-19T03:36:44+00:00</Time>
     <Position>
      <LatitudeDegrees>-33.3858800</LatitudeDegrees>
      <LongitudeDegrees>-71.2802600</LongitudeDegrees>
     </Position>
     <AltitudeMeters>519.9100000000001</AltitudeMeters>
     <DistanceMeters>85980.29053531362</DistanceMeters>
    </Trackpoint>
    <Trackpoint>
     <Time>2026-07-19T03:36:51+00:00</Time>
     <Position>
      <LatitudeDegrees>-33.3859900</LatitudeDegrees>
      <LongitudeDegrees>-71.2801800</LongitudeDegrees>
     </Position>
     <AltitudeMeters>521.0799999999999</AltitudeMeters>
     <DistanceMeters>85994.61358358541</DistanceMeters>
    </Trackpoint>
    <Trackpoint>
     <Time>2026-07-19T03:36:58+00:00</Time>
     <Position>
      <LatitudeDegrees>-33.3865200</LatitudeDegrees>
      <LongitudeDegrees>-71.2797100</LongitudeDegrees>
     </Position>
     <AltitudeMeters>523.7</AltitudeMeters>
     <DistanceMeters>86068.01043252269</DistanceMeters>
    </Trackpoint>
    <Trackpoint>
     <Time>2026-07-19T03:37:05+00:00</Time>
     <Position>
      <LatitudeDegrees>-33.3870500</LatitudeDegrees>
      <LongitudeDegrees>-71.2792400</LongitudeDegrees>
     </Position>
     <AltitudeMeters>527.2600000000001</AltitudeMeters>
     <DistanceMeters>86141.40725153737</DistanceMeters>
    </Trackpoint>
    <Trackpoint>
     <Time>2026-07-19T03:37:12+00:00</Time>
     <Position>
      <LatitudeDegrees>-33.3871600</LatitudeDegrees>
      <LongitudeDegrees>-71.2791000</LongitudeDegrees>
     </Position>
     <AltitudeMeters>528.13</AltitudeMeters>
     <DistanceMeters>86159.27174563348</DistanceMeters>
    </Trackpoint>
    <Trackpoint>
     <Time>2026-07-19T03:37:19+00:00</Time>
     <Position>
      <LatitudeDegrees>-33.3874700</LatitudeDegrees>
      <LongitudeDegrees>-71.2786000</LongitudeDegrees>
     </Position>
     <AltitudeMeters>530.0400000000001</AltitudeMeters>
     <DistanceMeters>86217.14481477595</DistanceMeters>
    </Trackpoint>
    <Trackpoint>
     <Time>2026-07-19T03:37:26+00:00</Time>
     <Position>
      <LatitudeDegrees>-33.3876500</LatitudeDegrees>
      <LongitudeDegrees>-71.2782600</LongitudeDegrees>
     </Position>
     <AltitudeMeters>532.6800000000001</AltitudeMeters>
     <DistanceMeters>86254.55620964876</DistanceMeters>
    </Trackpoint>
    <Trackpoint>
     <Time>2026-07-19T03:37:33+00:00</Time>
     <Position>
      <LatitudeDegrees>-33.3877200</LatitudeDegrees>
      <LongitudeDegrees>-71.2781200</LongitudeDegrees>
     </Position>
     <AltitudeMeters>532.6800000000001</AltitudeMeters>
     <DistanceMeters>86269.72042566373</DistanceMeters>
    </Trackpoint>
    <Trackpoint>
     <Time>2026-07-19T03:37:40+00:00</Time>
     <Position>
      <LatitudeDegrees>-33.3877600</LatitudeDegrees>
      <LongitudeDegrees>-71.2777200</LongitudeDegrees>
     </Position>
     <AltitudeMeters>535.13</AltitudeMeters>
     <DistanceMeters>86307.1572909858</DistanceMeters>
    </Trackpoint>
    <Trackpoint>
     <Time>2026-07-19T03:37:47+00:00</Time>
     <Position>
      <LatitudeDegrees>-33.3876500</LatitudeDegrees>
      <LongitudeDegrees>-71.2771550</LongitudeDegrees>
     </Position>
     <AltitudeMeters>537.44</AltitudeMeters>
     <DistanceMeters>86361.07014607971</DistanceMeters>
    </Trackpoint>
    <Trackpoint>
     <Time>2026-07-19T03:37:55+00:00</Time>
     <Position>
      <LatitudeDegrees>-33.3875400</LatitudeDegrees>
      <LongitudeDegrees>-71.2765900</LongitudeDegrees>
     </Position>
     <AltitudeMeters>538.1</AltitudeMeters>
     <DistanceMeters>86414.98294191765</DistanceMeters>
    </Trackpoint>
    <Trackpoint>
     <Time>2026-07-19T03:38:02+00:00</Time>
     <Position>
      <LatitudeDegrees>-33.3875400</LatitudeDegrees>
      <LongitudeDegrees>-71.2763300</LongitudeDegrees>
     </Position>
     <AltitudeMeters>543.0400000000001</AltitudeMeters>
     <DistanceMeters>86439.14429508094</DistanceMeters>
    </Trackpoint>
    <Trackpoint>
     <Time>2026-07-19T03:38:09+00:00</Time>
     <Position>
      <LatitudeDegrees>-33.3876700</LatitudeDegrees>
      <LongitudeDegrees>-71.2753900</LongitudeDegrees>
     </Position>
     <AltitudeMeters>544.3800000000001</AltitudeMeters>
     <DistanceMeters>86527.6869306784</DistanceMeters>
    </Trackpoint>
    <Trackpoint>
     <Time>2026-07-19T03:38:16+00:00</Time>
     <Position>
      <LatitudeDegrees>-33.3877200</LatitudeDegrees>
      <LongitudeDegrees>-71.2752500</LongitudeDegrees>
     </Position>
     <AltitudeMeters>544.8000000000001</AltitudeMeters>
     <DistanceMeters>86541.8370282251</DistanceMeters>
    </Trackpoint>
    <Trackpoint>
     <Time>2026-07-19T03:38:23+00:00</Time>
     <Position>
      <LatitudeDegrees>-33.3878300</LatitudeDegrees>
      <LongitudeDegrees>-71.2751200</LongitudeDegrees>
     </Position>
     <AltitudeMeters>544.97</AltitudeMeters>
     <DistanceMeters>86559.0364866358</DistanceMeters>
    </Trackpoint>
    <Trackpoint>
     <Time>2026-07-19T03:38:30+00:00</Time>
     <Position>
      <LatitudeDegrees>-33.3879200</LatitudeDegrees>
      <LongitudeDegrees>-71.2750300</LongitudeDegrees>
     </Position>
     <AltitudeMeters>544.97</AltitudeMeters>
     <DistanceMeters>86572.08565711707</DistanceMeters>
    </Trackpoint>
    <Trackpoint>
     <Time>2026-07-19T03:38:37+00:00</Time>
     <Position>
      <LatitudeDegrees>-33.3880500</LatitudeDegrees>
      <LongitudeDegrees>-71.2749800</LongitudeDegrees>
     </Position>
     <AltitudeMeters>545.0600000000001</AltitudeMeters>
     <DistanceMeters>86587.28186224586</DistanceMeters>
    </Trackpoint>
    <Trackpoint>
     <Time>2026-07-19T03:38:44+00:00</Time>
     <Position>
      <LatitudeDegrees>-33.3884600</LatitudeDegrees>
      <LongitudeDegrees>-71.2749500</LongitudeDegrees>
     </Position>
     <AltitudeMeters>546.09</AltitudeMeters>
     <DistanceMeters>86632.99817215803</DistanceMeters>
    </Trackpoint>
    <Trackpoint>
     <Time>2026-07-19T03:38:51+00:00</Time>
     <Position>
      <LatitudeDegrees>-33.3889700</LatitudeDegrees>
      <LongitudeDegrees>-71.2748500</LongitudeDegrees>
     </Position>
     <AltitudeMeters>548.6600000000001</AltitudeMeters>
     <DistanceMeters>86690.51462494698</DistanceMeters>
    </Trackpoint>
    <Trackpoint>
     <Time>2026-07-19T03:38:58+00:00</Time>
     <Position>
      <LatitudeDegrees>-33.3896100</LatitudeDegrees>
      <LongitudeDegrees>-71.2746000</LongitudeDegrees>
     </Position>
     <AltitudeMeters>552.7</AltitudeMeters>
     <DistanceMeters>86765.43665948384</DistanceMeters>
    </Trackpoint>
    <Trackpoint>
     <Time>2026-07-19T03:39:05+00:00</Time>
     <Position>
      <LatitudeDegrees>-33.3902500</LatitudeDegrees>
      <LongitudeDegrees>-71.2743100</LongitudeDegrees>
     </Position>
     <AltitudeMeters>558.15</AltitudeMeters>
     <DistanceMeters>86841.59323129583</DistanceMeters>
    </Trackpoint>
    <Trackpoint>
     <Time>2026-07-19T03:39:12+00:00</Time>
     <Position>
      <LatitudeDegrees>-33.3904700</LatitudeDegrees>
      <LongitudeDegrees>-71.2740400</LongitudeDegrees>
     </Position>
     <AltitudeMeters>559.6500000000001</AltitudeMeters>
     <DistanceMeters>86876.65056745513</DistanceMeters>
    </Trackpoint>
    <Trackpoint>
     <Time>2026-07-19T03:39:19+00:00</Time>
     <Position>
      <LatitudeDegrees>-33.3906300</LatitudeDegrees>
      <LongitudeDegrees>-71.2737700</LongitudeDegrees>
     </Position>
     <AltitudeMeters>561.37</AltitudeMeters>
     <DistanceMeters>86907.41737850728</DistanceMeters>
    </Trackpoint>
    <Trackpoint>
     <Time>2026-07-19T03:39:26+00:00</Time>
     <Position>
      <LatitudeDegrees>-33.3906500</LatitudeDegrees>
      <LongitudeDegrees>-71.2735600</LongitudeDegrees>
     </Position>
     <AltitudeMeters>563.21</AltitudeMeters>
     <DistanceMeters>86927.0581620533</DistanceMeters>
    </Trackpoint>
    <Trackpoint>
     <Time>2026-07-19T03:39:34+00:00</Time>
     <Position>
      <LatitudeDegrees>-33.3906500</LatitudeDegrees>
      <LongitudeDegrees>-71.2733400</LongitudeDegrees>
     </Position>
     <AltitudeMeters>563.79</AltitudeMeters>
     <DistanceMeters>86947.50165255992</DistanceMeters>
    </Trackpoint>
    <Trackpoint>
     <Time>2026-07-19T03:39:41+00:00</Time>
     <Position>
      <LatitudeDegrees>-33.3904950</LatitudeDegrees>
      <LongitudeDegrees>-71.2725700</LongitudeDegrees>
     </Position>
     <AltitudeMeters>567.8100000000001</AltitudeMeters>
     <DistanceMeters>87021.10415899573</DistanceMeters>
    </Trackpoint>
    <Trackpoint>
     <Time>2026-07-19T03:39:48+00:00</Time>
     <Position>
      <LatitudeDegrees>-33.3903400</LatitudeDegrees>
      <LongitudeDegrees>-71.2718000</LongitudeDegrees>
     </Position>
     <AltitudeMeters>572.85</AltitudeMeters>
     <DistanceMeters>87094.7066678299</DistanceMeters>
    </Trackpoint>
    <Trackpoint>
     <Time>2026-07-19T03:39:55+00:00</Time>
     <Position>
      <LatitudeDegrees>-33.3903100</LatitudeDegrees>
      <LongitudeDegrees>-71.2715000</LongitudeDegrees>
     </Position>
     <AltitudeMeters>573.9200000000001</AltitudeMeters>
     <DistanceMeters>87122.78349370557</DistanceMeters>
    </Trackpoint>
    <Trackpoint>
     <Time>2026-07-19T03:40:02+00:00</Time>
     <Position>
      <LatitudeDegrees>-33.3903400</LatitudeDegrees>
      <LongitudeDegrees>-71.2713100</LongitudeDegrees>
     </Position>
     <AltitudeMeters>573.9200000000001</AltitudeMeters>
     <DistanceMeters>87140.75223336648</DistanceMeters>
    </Trackpoint>
    <Trackpoint>
     <Time>2026-07-19T03:40:09+00:00</Time>
     <Position>
      <LatitudeDegrees>-33.3904500</LatitudeDegrees>
      <LongitudeDegrees>-71.2710000</LongitudeDegrees>
     </Position>
     <AltitudeMeters>575.88</AltitudeMeters>
     <DistanceMeters>87172.0525904821</DistanceMeters>
    </Trackpoint>
    <Trackpoint>
     <Time>2026-07-19T03:40:16+00:00</Time>
     <Position>
      <LatitudeDegrees>-33.3907600</LatitudeDegrees>
      <LongitudeDegrees>-71.2704700</LongitudeDegrees>
     </Position>
     <AltitudeMeters>579.88</AltitudeMeters>
     <DistanceMeters>87232.18537662836</DistanceMeters>
    </Trackpoint>
    <Trackpoint>
     <Time>2026-07-19T03:40:23+00:00</Time>
     <Position>
      <LatitudeDegrees>-33.3907200</LatitudeDegrees>
      <LongitudeDegrees>-71.2701500</LongitudeDegrees>
     </Position>
     <AltitudeMeters>581.34</AltitudeMeters>
     <DistanceMeters>87262.25273116758</DistanceMeters>
    </Trackpoint>
    <Trackpoint>
     <Time>2026-07-19T03:40:30+00:00</Time>
     <Position>
      <LatitudeDegrees>-33.3906200</LatitudeDegrees>
      <LongitudeDegrees>-71.2700600</LongitudeDegrees>
     </Position>
     <AltitudeMeters>581.86</AltitudeMeters>
     <DistanceMeters>87276.17433797248</DistanceMeters>
    </Trackpoint>
    <Trackpoint>
     <Time>2026-07-19T03:40:37+00:00</Time>
     <Position>
      <LatitudeDegrees>-33.3904900</LatitudeDegrees>
      <LongitudeDegrees>-71.2700100</LongitudeDegrees>
     </Position>
     <AltitudeMeters>583.2</AltitudeMeters>
     <DistanceMeters>87291.37050110172</DistanceMeters>
    </Trackpoint>
    <Trackpoint>
     <Time>2026-07-19T03:40:44+00:00</Time>
     <Position>
      <LatitudeDegrees>-33.3896000</LatitudeDegrees>
      <LongitudeDegrees>-71.2700600</LongitudeDegrees>
     </Position>
     <AltitudeMeters>589.57</AltitudeMeters>
     <DistanceMeters>87390.53256731639</DistanceMeters>
    </Trackpoint>
    <Trackpoint>
     <Time>2026-07-19T03:40:51+00:00</Time>
     <Position>
      <LatitudeDegrees>-33.3894400</LatitudeDegrees>
      <LongitudeDegrees>-71.2700600</LongitudeDegrees>
     </Position>
     <AltitudeMeters>589.57</AltitudeMeters>
     <DistanceMeters>87408.33987602704</DistanceMeters>
    </Trackpoint>
    <Trackpoint>
     <Time>2026-07-19T03:40:58+00:00</Time>
     <Position>
      <LatitudeDegrees>-33.3892400</LatitudeDegrees>
      <LongitudeDegrees>-71.2700100</LongitudeDegrees>
     </Position>
     <AltitudeMeters>589.57</AltitudeMeters>
     <DistanceMeters>87431.07877222207</DistanceMeters>
    </Trackpoint>
    <Trackpoint>
     <Time>2026-07-19T03:41:06+00:00</Time>
     <Position>
      <LatitudeDegrees>-33.3889700</LatitudeDegrees>
      <LongitudeDegrees>-71.2698300</LongitudeDegrees>
     </Position>
     <AltitudeMeters>592.55</AltitudeMeters>
     <DistanceMeters>87465.47031156106</DistanceMeters>
    </Trackpoint>
    <Trackpoint>
     <Time>2026-07-19T03:41:13+00:00</Time>
     <Position>
      <LatitudeDegrees>-33.3888400</LatitudeDegrees>
      <LongitudeDegrees>-71.2696900</LongitudeDegrees>
     </Position>
     <AltitudeMeters>594.4200000000001</AltitudeMeters>
     <DistanceMeters>87484.92768640461</DistanceMeters>
    </Trackpoint>
    <Trackpoint>
     <Time>2026-07-19T03:41:20+00:00</Time>
     <Position>
      <LatitudeDegrees>-33.3887200</LatitudeDegrees>
      <LongitudeDegrees>-71.2694000</LongitudeDegrees>
     </Position>
     <AltitudeMeters>594.4200000000001</AltitudeMeters>
     <DistanceMeters>87515.00438229844</DistanceMeters>
    </Trackpoint>
    <Trackpoint>
     <Time>2026-07-19T03:41:27+00:00</Time>
     <Position>
      <LatitudeDegrees>-33.3886800</LatitudeDegrees>
      <LongitudeDegrees>-71.2692200</LongitudeDegrees>
     </Position>
     <AltitudeMeters>597.65</AltitudeMeters>
     <DistanceMeters>87532.31353767957</DistanceMeters>
    </Trackpoint>
    <Trackpoint>
     <Time>2026-07-19T03:41:34+00:00</Time>
     <Position>
      <LatitudeDegrees>-33.3885400</LatitudeDegrees>
      <LongitudeDegrees>-71.2683150</LongitudeDegrees>
     </Position>
     <AltitudeMeters>601.6100000000001</AltitudeMeters>
     <DistanceMeters>87617.84388820163</DistanceMeters>
    </Trackpoint>
    <Trackpoint>
     <Time>2026-07-19T03:41:41+00:00</Time>
     <Position>
      <LatitudeDegrees>-33.3884000</LatitudeDegrees>
      <LongitudeDegrees>-71.2674100</LongitudeDegrees>
     </Position>
     <AltitudeMeters>606.46</AltitudeMeters>
     <DistanceMeters>87703.3742646683</DistanceMeters>
    </Trackpoint>
    <Trackpoint>
     <Time>2026-07-19T03:41:48+00:00</Time>
     <Position>
      <LatitudeDegrees>-33.3884100</LatitudeDegrees>
      <LongitudeDegrees>-71.2672300</LongitudeDegrees>
     </Position>
     <AltitudeMeters>607.0600000000001</AltitudeMeters>
     <DistanceMeters>87720.13817431171</DistanceMeters>
    </Trackpoint>
    <Trackpoint>
     <Time>2026-07-19T03:41:55+00:00</Time>
     <Position>
      <LatitudeDegrees>-33.3884700</LatitudeDegrees>
      <LongitudeDegrees>-71.2668900</LongitudeDegrees>
     </Position>
     <AltitudeMeters>607.23</AltitudeMeters>
     <DistanceMeters>87752.43143184228</DistanceMeters>
    </Trackpoint>
    <Trackpoint>
     <Time>2026-07-19T03:42:02+00:00</Time>
     <Position>
      <LatitudeDegrees>-33.3885900</LatitudeDegrees>
      <LongitudeDegrees>-71.2666900</LongitudeDegrees>
     </Position>
     <AltitudeMeters>607.11</AltitudeMeters>
     <DistanceMeters>87775.31783913763</DistanceMeters>
    </Trackpoint>
    <Trackpoint>
     <Time>2026-07-19T03:42:09+00:00</Time>
     <Position>
      <LatitudeDegrees>-33.3887200</LatitudeDegrees>
      <LongitudeDegrees>-71.2665200</LongitudeDegrees>
     </Position>
     <AltitudeMeters>606.4000000000001</AltitudeMeters>
     <DistanceMeters>87796.7397913885</DistanceMeters>
    </Trackpoint>
    <Trackpoint>
     <Time>2026-07-19T03:42:16+00:00</Time>
     <Position>
      <LatitudeDegrees>-33.3888600</LatitudeDegrees>
      <LongitudeDegrees>-71.2663900</LongitudeDegrees>
     </Position>
     <AltitudeMeters>606.08</AltitudeMeters>
     <DistanceMeters>87816.4557347763</DistanceMeters>
    </Trackpoint>
    <Trackpoint>
     <Time>2026-07-19T03:42:23+00:00</Time>
     <Position>
      <LatitudeDegrees>-33.3891300</LatitudeDegrees>
      <LongitudeDegrees>-71.2662900</LongitudeDegrees>
     </Position>
     <AltitudeMeters>605.14</AltitudeMeters>
     <DistanceMeters>87847.90960980712</DistanceMeters>
    </Trackpoint>
    <Trackpoint>
     <Time>2026-07-19T03:42:30+00:00</Time>
     <Position>
      <LatitudeDegrees>-33.3898200</LatitudeDegrees>
      <LongitudeDegrees>-71.2660700</LongitudeDegrees>
     </Position>
     <AltitudeMeters>601.5100000000001</AltitudeMeters>
     <DistanceMeters>87927.37827613889</DistanceMeters>
    </Trackpoint>
    <Trackpoint>
     <Time>2026-07-19T03:42:38+00:00</Time>
     <Position>
      <LatitudeDegrees>-33.3899800</LatitudeDegrees>
      <LongitudeDegrees>-71.2659900</LongitudeDegrees>
     </Position>
     <AltitudeMeters>600.63</AltitudeMeters>
     <DistanceMeters>87946.67505052846</DistanceMeters>
    </Trackpoint>
    <Trackpoint>
     <Time>2026-07-19T03:42:45+00:00</Time>
     <Position>
      <LatitudeDegrees>-33.3901100</LatitudeDegrees>
      <LongitudeDegrees>-71.2659000</LongitudeDegrees>
     </Position>
     <AltitudeMeters>600.63</AltitudeMeters>
     <DistanceMeters>87963.38674005566</DistanceMeters>
    </Trackpoint>
    <Trackpoint>
     <Time>2026-07-19T03:42:52+00:00</Time>
     <Position>
      <LatitudeDegrees>-33.3904700</LatitudeDegrees>
      <LongitudeDegrees>-71.2651800</LongitudeDegrees>
     </Position>
     <AltitudeMeters>598.6800000000001</AltitudeMeters>
     <DistanceMeters>88041.3724165587</DistanceMeters>
    </Trackpoint>
    <Trackpoint>
     <Time>2026-07-19T03:42:59+00:00</Time>
     <Position>
      <LatitudeDegrees>-33.3905600</LatitudeDegrees>
      <LongitudeDegrees>-71.2650900</LongitudeDegrees>
     </Position>
     <AltitudeMeters>597.8800000000001</AltitudeMeters>
     <DistanceMeters>88054.42142425214</DistanceMeters>
    </Trackpoint>
    <Trackpoint>
     <Time>2026-07-19T03:43:06+00:00</Time>
     <Position>
      <LatitudeDegrees>-33.3909600</LatitudeDegrees>
      <LongitudeDegrees>-71.2649100</LongitudeDegrees>
     </Position>
     <AltitudeMeters>596.94</AltitudeMeters>
     <DistanceMeters>88101.97824664664</DistanceMeters>
    </Trackpoint>
    <Trackpoint>
     <Time>2026-07-19T03:43:13+00:00</Time>
     <Position>
      <LatitudeDegrees>-33.3911400</LatitudeDegrees>
      <LongitudeDegrees>-71.2647300</LongitudeDegrees>
     </Position>
     <AltitudeMeters>596.43</AltitudeMeters>
     <DistanceMeters>88128.07619605304</DistanceMeters>
    </Trackpoint>
    <Trackpoint>
     <Time>2026-07-19T03:43:20+00:00</Time>
     <Position>
      <LatitudeDegrees>-33.3911900</LatitudeDegrees>
      <LongitudeDegrees>-71.2645900</LongitudeDegrees>
     </Position>
     <AltitudeMeters>596.43</AltitudeMeters>
     <DistanceMeters>88142.22581612621</DistanceMeters>
    </Trackpoint>
    <Trackpoint>
     <Time>2026-07-19T03:43:27+00:00</Time>
     <Position>
      <LatitudeDegrees>-33.3913700</LatitudeDegrees>
      <LongitudeDegrees>-71.2638900</LongitudeDegrees>
     </Position>
     <AltitudeMeters>594.8</AltitudeMeters>
     <DistanceMeters>88210.28786127495</DistanceMeters>
    </Trackpoint>
    <Trackpoint>
     <Time>2026-07-19T03:43:34+00:00</Time>
     <Position>
      <LatitudeDegrees>-33.3914800</LatitudeDegrees>
      <LongitudeDegrees>-71.2637500</LongitudeDegrees>
     </Position>
     <AltitudeMeters>594.44</AltitudeMeters>
     <DistanceMeters>88228.15188453635</DistanceMeters>
    </Trackpoint>
    <Trackpoint>
     <Time>2026-07-19T03:43:41+00:00</Time>
     <Position>
      <LatitudeDegrees>-33.3915900</LatitudeDegrees>
      <LongitudeDegrees>-71.2636900</LongitudeDegrees>
     </Position>
     <AltitudeMeters>594.13</AltitudeMeters>
     <DistanceMeters>88241.60420591015</DistanceMeters>
    </Trackpoint>
    <Trackpoint>
     <Time>2026-07-19T03:43:48+00:00</Time>
     <Position>
      <LatitudeDegrees>-33.3917000</LatitudeDegrees>
      <LongitudeDegrees>-71.2636600</LongitudeDegrees>
     </Position>
     <AltitudeMeters>593.53</AltitudeMeters>
     <DistanceMeters>88254.16011196673</DistanceMeters>
    </Trackpoint>
    <Trackpoint>
     <Time>2026-07-19T03:43:55+00:00</Time>
     <Position>
      <LatitudeDegrees>-33.3921000</LatitudeDegrees>
      <LongitudeDegrees>-71.2637500</LongitudeDegrees>
     </Position>
     <AltitudeMeters>591.59</AltitudeMeters>
     <DistanceMeters>88299.45711402976</DistanceMeters>
    </Trackpoint>
    <Trackpoint>
     <Time>2026-07-19T03:44:02+00:00</Time>
     <Position>
      <LatitudeDegrees>-33.3922400</LatitudeDegrees>
      <LongitudeDegrees>-71.2637400</LongitudeDegrees>
     </Position>
     <AltitudeMeters>590.7900000000001</AltitudeMeters>
     <DistanceMeters>88315.06619307064</DistanceMeters>
    </Trackpoint>
    <Trackpoint>
     <Time>2026-07-19T03:44:09+00:00</Time>
     <Position>
      <LatitudeDegrees>-33.3924900</LatitudeDegrees>
      <LongitudeDegrees>-71.2636100</LongitudeDegrees>
     </Position>
     <AltitudeMeters>589.04</AltitudeMeters>
     <DistanceMeters>88345.39929483188</DistanceMeters>
    </Trackpoint>
    <Trackpoint>
     <Time>2026-07-19T03:44:17+00:00</Time>
     <Position>
      <LatitudeDegrees>-33.3925500</LatitudeDegrees>
      <LongitudeDegrees>-71.2634800</LongitudeDegrees>
     </Position>
     <AltitudeMeters>589.04</AltitudeMeters>
     <DistanceMeters>88359.20212958845</DistanceMeters>
    </Trackpoint>
    <Trackpoint>
     <Time>2026-07-19T03:44:24+00:00</Time>
     <Position>
      <LatitudeDegrees>-33.3926000</LatitudeDegrees>
      <LongitudeDegrees>-71.2633400</LongitudeDegrees>
     </Position>
     <AltitudeMeters>589.04</AltitudeMeters>
     <DistanceMeters>88373.35155563505</DistanceMeters>
    </Trackpoint>
    <Trackpoint>
     <Time>2026-07-19T03:44:31+00:00</Time>
     <Position>
      <LatitudeDegrees>-33.3926200</LatitudeDegrees>
      <LongitudeDegrees>-71.2632000</LongitudeDegrees>
     </Position>
     <AltitudeMeters>584.67</AltitudeMeters>
     <DistanceMeters>88386.54981278372</DistanceMeters>
    </Trackpoint>
    <Trackpoint>
     <Time>2026-07-19T03:44:38+00:00</Time>
     <Position>
      <LatitudeDegrees>-33.3926000</LatitudeDegrees>
      <LongitudeDegrees>-71.2629900</LongitudeDegrees>
     </Position>
     <AltitudeMeters>584.67</AltitudeMeters>
     <DistanceMeters>88406.19015691099</DistanceMeters>
    </Trackpoint>
    <Trackpoint>
     <Time>2026-07-19T03:44:45+00:00</Time>
     <Position>
      <LatitudeDegrees>-33.3925300</LatitudeDegrees>
      <LongitudeDegrees>-71.2628100</LongitudeDegrees>
     </Position>
     <AltitudeMeters>584.0000000000001</AltitudeMeters>
     <DistanceMeters>88424.64166588632</DistanceMeters>
    </Trackpoint>
    <Trackpoint>
     <Time>2026-07-19T03:44:52+00:00</Time>
     <Position>
      <LatitudeDegrees>-33.3922767</LatitudeDegrees>
      <LongitudeDegrees>-71.2620167</LongitudeDegrees>
     </Position>
     <AltitudeMeters>579.44</AltitudeMeters>
     <DistanceMeters>88503.5686718304</DistanceMeters>
    </Trackpoint>
    <Trackpoint>
     <Time>2026-07-19T03:44:59+00:00</Time>
     <Position>
      <LatitudeDegrees>-33.3920233</LatitudeDegrees>
      <LongitudeDegrees>-71.2612233</LongitudeDegrees>
     </Position>
     <AltitudeMeters>574.13</AltitudeMeters>
     <DistanceMeters>88582.49567777544</DistanceMeters>
    </Trackpoint>
    <Trackpoint>
     <Time>2026-07-19T03:45:06+00:00</Time>
     <Position>
      <LatitudeDegrees>-33.3917700</LatitudeDegrees>
      <LongitudeDegrees>-71.2604300</LongitudeDegrees>
     </Position>
     <AltitudeMeters>570.47</AltitudeMeters>
     <DistanceMeters>88661.42268239526</DistanceMeters>
    </Trackpoint>
    <Trackpoint>
     <Time>2026-07-19T03:45:13+00:00</Time>
     <Position>
      <LatitudeDegrees>-33.3917500</LatitudeDegrees>
      <LongitudeDegrees>-71.2602500</LongitudeDegrees>
     </Position>
     <AltitudeMeters>569.32</AltitudeMeters>
     <DistanceMeters>88678.29642200319</DistanceMeters>
    </Trackpoint>
    <Trackpoint>
     <Time>2026-07-19T03:45:20+00:00</Time>
     <Position>
      <LatitudeDegrees>-33.3917700</LatitudeDegrees>
      <LongitudeDegrees>-71.2601200</LongitudeDegrees>
     </Position>
     <AltitudeMeters>569.32</AltitudeMeters>
     <DistanceMeters>88690.57987708616</DistanceMeters>
    </Trackpoint>
    <Trackpoint>
     <Time>2026-07-19T03:45:27+00:00</Time>
     <Position>
      <LatitudeDegrees>-33.3918100</LatitudeDegrees>
      <LongitudeDegrees>-71.2600200</LongitudeDegrees>
     </Position>
     <AltitudeMeters>567.9300000000001</AltitudeMeters>
     <DistanceMeters>88700.88361312165</DistanceMeters>
    </Trackpoint>
    <Trackpoint>
     <Time>2026-07-19T03:45:34+00:00</Time>
     <Position>
      <LatitudeDegrees>-33.3919300</LatitudeDegrees>
      <LongitudeDegrees>-71.2598900</LongitudeDegrees>
     </Position>
     <AltitudeMeters>567.9300000000001</AltitudeMeters>
     <DistanceMeters>88718.89186387243</DistanceMeters>
    </Trackpoint>
    <Trackpoint>
     <Time>2026-07-19T03:45:41+00:00</Time>
     <Position>
      <LatitudeDegrees>-33.3924000</LatitudeDegrees>
      <LongitudeDegrees>-71.2595400</LongitudeDegrees>
     </Position>
     <AltitudeMeters>562.95</AltitudeMeters>
     <DistanceMeters>88780.48719431253</DistanceMeters>
    </Trackpoint>
    <Trackpoint>
     <Time>2026-07-19T03:45:49+00:00</Time>
     <Position>
      <LatitudeDegrees>-33.3925100</LatitudeDegrees>
      <LongitudeDegrees>-71.2593600</LongitudeDegrees>
     </Position>
     <AltitudeMeters>561.3</AltitudeMeters>
     <DistanceMeters>88801.21503392654</DistanceMeters>
    </Trackpoint>
    <Trackpoint>
     <Time>2026-07-19T03:45:56+00:00</Time>
     <Position>
      <LatitudeDegrees>-33.3926000</LatitudeDegrees>
      <LongitudeDegrees>-71.2592200</LongitudeDegrees>
     </Position>
     <AltitudeMeters>559.8000000000001</AltitudeMeters>
     <DistanceMeters>88817.63368227526</DistanceMeters>
    </Trackpoint>
    <Trackpoint>
     <Time>2026-07-19T03:46:03+00:00</Time>
     <Position>
      <LatitudeDegrees>-33.3927500</LatitudeDegrees>
      <LongitudeDegrees>-71.2586000</LongitudeDegrees>
     </Position>
     <AltitudeMeters>554.61</AltitudeMeters>
     <DistanceMeters>88877.61583819723</DistanceMeters>
    </Trackpoint>
    <Trackpoint>
     <Time>2026-07-19T03:46:10+00:00</Time>
     <Position>
      <LatitudeDegrees>-33.3928700</LatitudeDegrees>
      <LongitudeDegrees>-71.2583200</LongitudeDegrees>
     </Position>
     <AltitudeMeters>554.61</AltitudeMeters>
     <DistanceMeters>88906.86174344047</DistanceMeters>
    </Trackpoint>
    <Trackpoint>
     <Time>2026-07-19T03:46:17+00:00</Time>
     <Position>
      <LatitudeDegrees>-33.3929800</LatitudeDegrees>
      <LongitudeDegrees>-71.2581100</LongitudeDegrees>
     </Position>
     <AltitudeMeters>552.8100000000001</AltitudeMeters>
     <DistanceMeters>88929.89791235075</DistanceMeters>
    </Trackpoint>
    <Trackpoint>
     <Time>2026-07-19T03:46:24+00:00</Time>
     <Position>
      <LatitudeDegrees>-33.3934000</LatitudeDegrees>
      <LongitudeDegrees>-71.2576100</LongitudeDegrees>
     </Position>
     <AltitudeMeters>550.36</AltitudeMeters>
     <DistanceMeters>88995.80432025637</DistanceMeters>
    </Trackpoint>
    <Trackpoint>
     <Time>2026-07-19T03:46:31+00:00</Time>
     <Position>
      <LatitudeDegrees>-33.3935600</LatitudeDegrees>
      <LongitudeDegrees>-71.2574800</LongitudeDegrees>
     </Position>
     <AltitudeMeters>548.21</AltitudeMeters>
     <DistanceMeters>89017.32229055115</DistanceMeters>
    </Trackpoint>
    <Trackpoint>
     <Time>2026-07-19T03:46:38+00:00</Time>
     <Position>
      <LatitudeDegrees>-33.3939000</LatitudeDegrees>
      <LongitudeDegrees>-71.2573900</LongitudeDegrees>
     </Position>
     <AltitudeMeters>546.09</AltitudeMeters>
     <DistanceMeters>89056.07593187629</DistanceMeters>
    </Trackpoint>
    <Trackpoint>
     <Time>2026-07-19T03:46:45+00:00</Time>
     <Position>
      <LatitudeDegrees>-33.3943400</LatitudeDegrees>
      <LongitudeDegrees>-71.2573900</LongitudeDegrees>
     </Position>
     <AltitudeMeters>544.01</AltitudeMeters>
     <DistanceMeters>89105.04603082998</DistanceMeters>
    </Trackpoint>
    <Trackpoint>
     <Time>2026-07-19T03:46:52+00:00</Time>
     <Position>
      <LatitudeDegrees>-33.3944600</LatitudeDegrees>
      <LongitudeDegrees>-71.2573400</LongitudeDegrees>
     </Position>
     <AltitudeMeters>543.49</AltitudeMeters>
     <DistanceMeters>89119.18656276223</DistanceMeters>
    </Trackpoint>
    <Trackpoint>
     <Time>2026-07-19T03:46:59+00:00</Time>
     <Position>
      <LatitudeDegrees>-33.3945400</LatitudeDegrees>
      <LongitudeDegrees>-71.2572500</LongitudeDegrees>
     </Position>
     <AltitudeMeters>542.58</AltitudeMeters>
     <DistanceMeters>89131.4018298687</DistanceMeters>
    </Trackpoint>
    <Trackpoint>
     <Time>2026-07-19T03:47:06+00:00</Time>
     <Position>
      <LatitudeDegrees>-33.3945700</LatitudeDegrees>
      <LongitudeDegrees>-71.2571600</LongitudeDegrees>
     </Position>
     <AltitudeMeters>542.58</AltitudeMeters>
     <DistanceMeters>89140.40658730749</DistanceMeters>
    </Trackpoint>
    <Trackpoint>
     <Time>2026-07-19T03:47:13+00:00</Time>
     <Position>
      <LatitudeDegrees>-33.3945900</LatitudeDegrees>
      <LongitudeDegrees>-71.2566400</LongitudeDegrees>
     </Position>
     <AltitudeMeters>538.5500000000001</AltitudeMeters>
     <DistanceMeters>89188.77662376167</DistanceMeters>
    </Trackpoint>
    <Trackpoint>
     <Time>2026-07-19T03:47:21+00:00</Time>
     <Position>
      <LatitudeDegrees>-33.3946600</LatitudeDegrees>
      <LongitudeDegrees>-71.2564500</LongitudeDegrees>
     </Position>
     <AltitudeMeters>538.5500000000001</AltitudeMeters>
     <DistanceMeters>89208.07407634528</DistanceMeters>
    </Trackpoint>
    <Trackpoint>
     <Time>2026-07-19T03:47:28+00:00</Time>
     <Position>
      <LatitudeDegrees>-33.3947500</LatitudeDegrees>
      <LongitudeDegrees>-71.2563600</LongitudeDegrees>
     </Position>
     <AltitudeMeters>536.4100000000001</AltitudeMeters>
     <DistanceMeters>89221.1228256573</DistanceMeters>
    </Trackpoint>
    <Trackpoint>
     <Time>2026-07-19T03:47:35+00:00</Time>
     <Position>
      <LatitudeDegrees>-33.3948800</LatitudeDegrees>
      <LongitudeDegrees>-71.2563100</LongitudeDegrees>
     </Position>
     <AltitudeMeters>536.4100000000001</AltitudeMeters>
     <DistanceMeters>89236.31891916282</DistanceMeters>
    </Trackpoint>
    <Trackpoint>
     <Time>2026-07-19T03:47:42+00:00</Time>
     <Position>
      <LatitudeDegrees>-33.3950400</LatitudeDegrees>
      <LongitudeDegrees>-71.2563100</LongitudeDegrees>
     </Position>
     <AltitudeMeters>534.72</AltitudeMeters>
     <DistanceMeters>89254.12622787346</DistanceMeters>
    </Trackpoint>
    <Trackpoint>
     <Time>2026-07-19T03:47:49+00:00</Time>
     <Position>
      <LatitudeDegrees>-33.3951900</LatitudeDegrees>
      <LongitudeDegrees>-71.2563400</LongitudeDegrees>
     </Position>
     <AltitudeMeters>534.0600000000001</AltitudeMeters>
     <DistanceMeters>89271.05171546826</DistanceMeters>
    </Trackpoint>
    <Trackpoint>
     <Time>2026-07-19T03:47:56+00:00</Time>
     <Position>
      <LatitudeDegrees>-33.3959033</LatitudeDegrees>
      <LongitudeDegrees>-71.2565333</LongitudeDegrees>
     </Position>
     <AltitudeMeters>528.19</AltitudeMeters>
     <DistanceMeters>89352.44971861922</DistanceMeters>
    </Trackpoint>
    <Trackpoint>
     <Time>2026-07-19T03:48:03+00:00</Time>
     <Position>
      <LatitudeDegrees>-33.3966167</LatitudeDegrees>
      <LongitudeDegrees>-71.2567267</LongitudeDegrees>
     </Position>
     <AltitudeMeters>523.14</AltitudeMeters>
     <DistanceMeters>89433.84772176926</DistanceMeters>
    </Trackpoint>
    <Trackpoint>
     <Time>2026-07-19T03:48:10+00:00</Time>
     <Position>
      <LatitudeDegrees>-33.3973300</LatitudeDegrees>
      <LongitudeDegrees>-71.2569200</LongitudeDegrees>
     </Position>
     <AltitudeMeters>520.78</AltitudeMeters>
     <DistanceMeters>89515.24572808803</DistanceMeters>
    </Trackpoint>
    <Trackpoint>
     <Time>2026-07-19T03:48:17+00:00</Time>
     <Position>
      <LatitudeDegrees>-33.3977000</LatitudeDegrees>
      <LongitudeDegrees>-71.2570700</LongitudeDegrees>
     </Position>
     <AltitudeMeters>520.1800000000001</AltitudeMeters>
     <DistanceMeters>89558.71986959859</DistanceMeters>
    </Trackpoint>
    <Trackpoint>
     <Time>2026-07-19T03:48:24+00:00</Time>
     <Position>
      <LatitudeDegrees>-33.3979500</LatitudeDegrees>
      <LongitudeDegrees>-71.2572100</LongitudeDegrees>
     </Position>
     <AltitudeMeters>520.14</AltitudeMeters>
     <DistanceMeters>89589.43451606717</DistanceMeters>
    </Trackpoint>
    <Trackpoint>
     <Time>2026-07-19T03:48:31+00:00</Time>
     <Position>
      <LatitudeDegrees>-33.3984200</LatitudeDegrees>
      <LongitudeDegrees>-71.2575300</LongitudeDegrees>
     </Position>
     <AltitudeMeters>519.1800000000001</AltitudeMeters>
     <DistanceMeters>89649.60347684834</DistanceMeters>
    </Trackpoint>
    <Trackpoint>
     <Time>2026-07-19T03:48:38+00:00</Time>
     <Position>
      <LatitudeDegrees>-33.3989500</LatitudeDegrees>
      <LongitudeDegrees>-71.2580600</LongitudeDegrees>
     </Position>
     <AltitudeMeters>515.84</AltitudeMeters>
     <DistanceMeters>89726.44466625016</DistanceMeters>
    </Trackpoint>
    <Trackpoint>
     <Time>2026-07-19T03:48:45+00:00</Time>
     <Position>
      <LatitudeDegrees>-33.3990700</LatitudeDegrees>
      <LongitudeDegrees>-71.2581000</LongitudeDegrees>
     </Position>
     <AltitudeMeters>514.94</AltitudeMeters>
     <DistanceMeters>89740.30764953118</DistanceMeters>
    </Trackpoint>
    <Trackpoint>
     <Time>2026-07-19T03:48:52+00:00</Time>
     <Position>
      <LatitudeDegrees>-33.3992200</LatitudeDegrees>
      <LongitudeDegrees>-71.2581000</LongitudeDegrees>
     </Position>
     <AltitudeMeters>513.3199999999999</AltitudeMeters>
     <DistanceMeters>89757.00200144706</DistanceMeters>
    </Trackpoint>
    <Trackpoint>
     <Time>2026-07-19T03:49:00+00:00</Time>
     <Position>
      <LatitudeDegrees>-33.3994000</LatitudeDegrees>
      <LongitudeDegrees>-71.2578800</LongitudeDegrees>
     </Position>
     <AltitudeMeters>511.78000000000003</AltitudeMeters>
     <DistanceMeters>89785.62337491424</DistanceMeters>
    </Trackpoint>
    <Trackpoint>
     <Time>2026-07-19T03:49:07+00:00</Time>
     <Position>
      <LatitudeDegrees>-33.3994200</LatitudeDegrees>
      <LongitudeDegrees>-71.2576600</LongitudeDegrees>
     </Position>
     <AltitudeMeters>510.17</AltitudeMeters>
     <DistanceMeters>89806.18564018396</DistanceMeters>
    </Trackpoint>
    <Trackpoint>
     <Time>2026-07-19T03:49:14+00:00</Time>
     <Position>
      <LatitudeDegrees>-33.3992900</LatitudeDegrees>
      <LongitudeDegrees>-71.2571600</LongitudeDegrees>
     </Position>
     <AltitudeMeters>506.97999999999996</AltitudeMeters>
     <DistanceMeters>89854.8443003067</DistanceMeters>
    </Trackpoint>
    <Trackpoint>
     <Time>2026-07-19T03:49:21+00:00</Time>
     <Position>
      <LatitudeDegrees>-33.3992900</LatitudeDegrees>
      <LongitudeDegrees>-71.2570200</LongitudeDegrees>
     </Position>
     <AltitudeMeters>506.97999999999996</AltitudeMeters>
     <DistanceMeters>89867.85250101656</DistanceMeters>
    </Trackpoint>
    <Trackpoint>
     <Time>2026-07-19T03:49:28+00:00</Time>
     <Position>
      <LatitudeDegrees>-33.3993100</LatitudeDegrees>
      <LongitudeDegrees>-71.2569000</LongitudeDegrees>
     </Position>
     <AltitudeMeters>505.48</AltitudeMeters>
     <DistanceMeters>89879.22240109277</DistanceMeters>
    </Trackpoint>
    <Trackpoint>
     <Time>2026-07-19T03:49:35+00:00</Time>
     <Position>
      <LatitudeDegrees>-33.3993800</LatitudeDegrees>
      <LongitudeDegrees>-71.2568100</LongitudeDegrees>
     </Position>
     <AltitudeMeters>505.48</AltitudeMeters>
     <DistanceMeters>89890.6515244316</DistanceMeters>
    </Trackpoint>
    <Trackpoint>
     <Time>2026-07-19T03:49:42+00:00</Time>
     <Position>
      <LatitudeDegrees>-33.3994800</LatitudeDegrees>
      <LongitudeDegrees>-71.2567600</LongitudeDegrees>
     </Position>
     <AltitudeMeters>504.07</AltitudeMeters>
     <DistanceMeters>89902.71181217059</DistanceMeters>
    </Trackpoint>
    <Trackpoint>
     <Time>2026-07-19T03:49:49+00:00</Time>
     <Position>
      <LatitudeDegrees>-33.4000550</LatitudeDegrees>
      <LongitudeDegrees>-71.2567600</LongitudeDegrees>
     </Position>
     <AltitudeMeters>500.7900000000001</AltitudeMeters>
     <DistanceMeters>89966.7068533704</DistanceMeters>
    </Trackpoint>
    <Trackpoint>
     <Time>2026-07-19T03:49:56+00:00</Time>
     <Position>
      <LatitudeDegrees>-33.4006300</LatitudeDegrees>
      <LongitudeDegrees>-71.2567600</LongitudeDegrees>
     </Position>
     <AltitudeMeters>497.11</AltitudeMeters>
     <DistanceMeters>90030.70184352703</DistanceMeters>
    </Trackpoint>
    <Trackpoint>
     <Time>2026-07-19T03:50:03+00:00</Time>
     <Position>
      <LatitudeDegrees>-33.4007500</LatitudeDegrees>
      <LongitudeDegrees>-71.2566800</LongitudeDegrees>
     </Position>
     <AltitudeMeters>497.11</AltitudeMeters>
     <DistanceMeters>90045.98649021433</DistanceMeters>
    </Trackpoint>
    <Trackpoint>
     <Time>2026-07-19T03:50:10+00:00</Time>
     <Position>
      <LatitudeDegrees>-33.4008100</LatitudeDegrees>
      <LongitudeDegrees>-71.2565400</LongitudeDegrees>
     </Position>
     <AltitudeMeters>496.09000000000003</AltitudeMeters>
     <DistanceMeters>90060.60838148861</DistanceMeters>
    </Trackpoint>
    <Trackpoint>
     <Time>2026-07-19T03:50:17+00:00</Time>
     <Position>
      <LatitudeDegrees>-33.4008100</LatitudeDegrees>
      <LongitudeDegrees>-71.2563100</LongitudeDegrees>
     </Position>
     <AltitudeMeters>495.42</AltitudeMeters>
     <DistanceMeters>90081.97862311635</DistanceMeters>
    </Trackpoint>
    <Trackpoint>
     <Time>2026-07-19T03:50:24+00:00</Time>
     <Position>
      <LatitudeDegrees>-33.4007200</LatitudeDegrees>
      <LongitudeDegrees>-71.2561300</LongitudeDegrees>
     </Position>
     <AltitudeMeters>493.55</AltitudeMeters>
     <DistanceMeters>90101.473312753</DistanceMeters>
    </Trackpoint>
    <Trackpoint>
     <Time>2026-07-19T03:50:32+00:00</Time>
     <Position>
      <LatitudeDegrees>-33.4004800</LatitudeDegrees>
      <LongitudeDegrees>-71.2557800</LongitudeDegrees>
     </Position>
     <AltitudeMeters>492.04</AltitudeMeters>
     <DistanceMeters>90143.55688076047</DistanceMeters>
    </Trackpoint>
    <Trackpoint>
     <Time>2026-07-19T03:50:39+00:00</Time>
     <Position>
      <LatitudeDegrees>-33.4003200</LatitudeDegrees>
      <LongitudeDegrees>-71.2554600</LongitudeDegrees>
     </Position>
     <AltitudeMeters>490.41</AltitudeMeters>
     <DistanceMeters>90178.21421392974</DistanceMeters>
    </Trackpoint>
    <Trackpoint>
     <Time>2026-07-19T03:50:46+00:00</Time>
     <Position>
      <LatitudeDegrees>-33.4003400</LatitudeDegrees>
      <LongitudeDegrees>-71.2552800</LongitudeDegrees>
     </Position>
     <AltitudeMeters>489.66</AltitudeMeters>
     <DistanceMeters>90195.08631862984</DistanceMeters>
    </Trackpoint>
    <Trackpoint>
     <Time>2026-07-19T03:50:53+00:00</Time>
     <Position>
      <LatitudeDegrees>-33.4003900</LatitudeDegrees>
      <LongitudeDegrees>-71.2551400</LongitudeDegrees>
     </Position>
     <AltitudeMeters>488.53000000000003</AltitudeMeters>
     <DistanceMeters>90209.23467258418</DistanceMeters>
    </Trackpoint>
    <Trackpoint>
     <Time>2026-07-19T03:51:00+00:00</Time>
     <Position>
      <LatitudeDegrees>-33.4005700</LatitudeDegrees>
      <LongitudeDegrees>-71.2550100</LongitudeDegrees>
     </Position>
     <AltitudeMeters>486.96000000000004</AltitudeMeters>
     <DistanceMeters>90232.62760510226</DistanceMeters>
    </Trackpoint>
    <Trackpoint>
     <Time>2026-07-19T03:51:07+00:00</Time>
     <Position>
      <LatitudeDegrees>-33.4007000</LatitudeDegrees>
      <LongitudeDegrees>-71.2549700</LongitudeDegrees>
     </Position>
     <AltitudeMeters>486.50000000000006</AltitudeMeters>
     <DistanceMeters>90247.56576460958</DistanceMeters>
    </Trackpoint>
    <Trackpoint>
     <Time>2026-07-19T03:51:14+00:00</Time>
     <Position>
      <LatitudeDegrees>-33.4011300</LatitudeDegrees>
      <LongitudeDegrees>-71.2549200</LongitudeDegrees>
     </Position>
     <AltitudeMeters>484.68000000000006</AltitudeMeters>
     <DistanceMeters>90295.64786705631</DistanceMeters>
    </Trackpoint>
    <Trackpoint>
     <Time>2026-07-19T03:51:21+00:00</Time>
     <Position>
      <LatitudeDegrees>-33.4013100</LatitudeDegrees>
      <LongitudeDegrees>-71.2547900</LongitudeDegrees>
     </Position>
     <AltitudeMeters>483.62000000000006</AltitudeMeters>
     <DistanceMeters>90319.04074645934</DistanceMeters>
    </Trackpoint>
    <Trackpoint>
     <Time>2026-07-19T03:51:28+00:00</Time>
     <Position>
      <LatitudeDegrees>-33.4013700</LatitudeDegrees>
      <LongitudeDegrees>-71.2546700</LongitudeDegrees>
     </Position>
     <AltitudeMeters>483.62000000000006</AltitudeMeters>
     <DistanceMeters>90332.03714291763</DistanceMeters>
    </Trackpoint>
    <Trackpoint>
     <Time>2026-07-19T03:51:35+00:00</Time>
     <Position>
      <LatitudeDegrees>-33.4013700</LatitudeDegrees>
      <LongitudeDegrees>-71.2546500</LongitudeDegrees>
     </Position>
     <AltitudeMeters>483.62000000000006</AltitudeMeters>
     <DistanceMeters>90333.8954128211</DistanceMeters>
    </Trackpoint>
    <Trackpoint>
     <Time>2026-07-19T03:51:42+00:00</Time>
     <Position>
      <LatitudeDegrees>-33.4013700</LatitudeDegrees>
      <LongitudeDegrees>-71.2546700</LongitudeDegrees>
     </Position>
     <AltitudeMeters>483.62000000000006</AltitudeMeters>
     <DistanceMeters>90333.8954128211</DistanceMeters>
    </Trackpoint>
    <Trackpoint>
     <Time>2026-07-19T03:51:49+00:00</Time>
     <Position>
      <LatitudeDegrees>-33.4013700</LatitudeDegrees>
      <LongitudeDegrees>-71.2545300</LongitudeDegrees>
     </Position>
     <AltitudeMeters>482.58000000000004</AltitudeMeters>
     <DistanceMeters>90346.90330215068</DistanceMeters>
    </Trackpoint>
    <Trackpoint>
     <Time>2026-07-19T03:51:56+00:00</Time>
     <Position>
      <LatitudeDegrees>-33.4013500</LatitudeDegrees>
      <LongitudeDegrees>-71.2544300</LongitudeDegrees>
     </Position>
     <AltitudeMeters>482.58000000000004</AltitudeMeters>
     <DistanceMeters>90356.45756230532</DistanceMeters>
    </Trackpoint>
    <Trackpoint>
     <Time>2026-07-19T03:52:04+00:00</Time>
     <Position>
      <LatitudeDegrees>-33.4011300</LatitudeDegrees>
      <LongitudeDegrees>-71.2542100</LongitudeDegrees>
     </Position>
     <AltitudeMeters>480.97</AltitudeMeters>
     <DistanceMeters>90388.35351988036</DistanceMeters>
    </Trackpoint>
    <Trackpoint>
     <Time>2026-07-19T03:52:11+00:00</Time>
     <Position>
      <LatitudeDegrees>-33.4004350</LatitudeDegrees>
      <LongitudeDegrees>-71.2537350</LongitudeDegrees>
     </Position>
     <AltitudeMeters>475.86000000000007</AltitudeMeters>
     <DistanceMeters>90477.40935759076</DistanceMeters>
    </Trackpoint>
    <Trackpoint>
     <Time>2026-07-19T03:52:18+00:00</Time>
     <Position>
      <LatitudeDegrees>-33.3997400</LatitudeDegrees>
      <LongitudeDegrees>-71.2532600</LongitudeDegrees>
     </Position>
     <AltitudeMeters>472.05</AltitudeMeters>
     <DistanceMeters>90566.46520809935</DistanceMeters>
    </Trackpoint>
    <Trackpoint>
     <Time>2026-07-19T03:52:25+00:00</Time>
     <Position>
      <LatitudeDegrees>-33.3995400</LatitudeDegrees>
      <LongitudeDegrees>-71.2530400</LongitudeDegrees>
     </Position>
     <AltitudeMeters>471.54</AltitudeMeters>
     <DistanceMeters>90596.68637584997</DistanceMeters>
    </Trackpoint>
    <Trackpoint>
     <Time>2026-07-19T03:52:32+00:00</Time>
     <Position>
      <LatitudeDegrees>-33.3994700</LatitudeDegrees>
      <LongitudeDegrees>-71.2528700</LongitudeDegrees>
     </Position>
     <AltitudeMeters>471.0</AltitudeMeters>
     <DistanceMeters>90614.29878616254</DistanceMeters>
    </Trackpoint>
    <Trackpoint>
     <Time>2026-07-19T03:52:39+00:00</Time>
     <Position>
      <LatitudeDegrees>-33.3994200</LatitudeDegrees>
      <LongitudeDegrees>-71.2526700</LongitudeDegrees>
     </Position>
     <AltitudeMeters>470.83000000000004</AltitudeMeters>
     <DistanceMeters>90633.69720941958</DistanceMeters>
    </Trackpoint>
    <Trackpoint>
     <Time>2026-07-19T03:52:46+00:00</Time>
     <Position>
      <LatitudeDegrees>-33.3993800</LatitudeDegrees>
      <LongitudeDegrees>-71.2518300</LongitudeDegrees>
     </Position>
     <AltitudeMeters>468.57000000000005</AltitudeMeters>
     <DistanceMeters>90711.87317522135</DistanceMeters>
    </Trackpoint>
    <Trackpoint>
     <Time>2026-07-19T03:52:53+00:00</Time>
     <Position>
      <LatitudeDegrees>-33.3993400</LatitudeDegrees>
      <LongitudeDegrees>-71.2515800</LongitudeDegrees>
     </Position>
     <AltitudeMeters>467.46000000000004</AltitudeMeters>
     <DistanceMeters>90735.52483642055</DistanceMeters>
    </Trackpoint>
    <Trackpoint>
     <Time>2026-07-19T03:53:00+00:00</Time>
     <Position>
      <LatitudeDegrees>-33.3992700</LatitudeDegrees>
      <LongitudeDegrees>-71.2513900</LongitudeDegrees>
     </Position>
     <AltitudeMeters>466.69000000000005</AltitudeMeters>
     <DistanceMeters>90754.82141918977</DistanceMeters>
    </Trackpoint>
    <Trackpoint>
     <Time>2026-07-19T03:53:07+00:00</Time>
     <Position>
      <LatitudeDegrees>-33.3988400</LatitudeDegrees>
      <LongitudeDegrees>-71.2508100</LongitudeDegrees>
     </Position>
     <AltitudeMeters>462.41</AltitudeMeters>
     <DistanceMeters>90826.89481428485</DistanceMeters>
    </Trackpoint>
    <Trackpoint>
     <Time>2026-07-19T03:53:14+00:00</Time>
     <Position>
      <LatitudeDegrees>-33.3986900</LatitudeDegrees>
      <LongitudeDegrees>-71.2504900</LongitudeDegrees>
     </Position>
     <AltitudeMeters>458.8</AltitudeMeters>
     <DistanceMeters>90860.99415669662</DistanceMeters>
    </Trackpoint>
    <Trackpoint>
     <Time>2026-07-19T03:53:21+00:00</Time>
     <Position>
      <LatitudeDegrees>-33.3984000</LatitudeDegrees>
      <LongitudeDegrees>-71.2496400</LongitudeDegrees>
     </Position>
     <AltitudeMeters>454.41</AltitudeMeters>
     <DistanceMeters>90946.31362915497</DistanceMeters>
    </Trackpoint>
    <Trackpoint>
     <Time>2026-07-19T03:53:28+00:00</Time>
     <Position>
      <LatitudeDegrees>-33.3982800</LatitudeDegrees>
      <LongitudeDegrees>-71.2490200</LongitudeDegrees>
     </Position>
     <AltitudeMeters>449.55000000000007</AltitudeMeters>
     <DistanceMeters>91005.4498604301</DistanceMeters>
    </Trackpoint>
    <Trackpoint>
     <Time>2026-07-19T03:53:35+00:00</Time>
     <Position>
      <LatitudeDegrees>-33.3982800</LatitudeDegrees>
      <LongitudeDegrees>-71.2487900</LongitudeDegrees>
     </Position>
     <AltitudeMeters>448.93000000000006</AltitudeMeters>
     <DistanceMeters>91026.8207242735</DistanceMeters>
    </Trackpoint>
    <Trackpoint>
     <Time>2026-07-19T03:53:43+00:00</Time>
     <Position>
      <LatitudeDegrees>-33.3983100</LatitudeDegrees>
      <LongitudeDegrees>-71.2486100</LongitudeDegrees>
     </Position>
     <AltitudeMeters>447.62</AltitudeMeters>
     <DistanceMeters>91043.87576407308</DistanceMeters>
    </Trackpoint>
    <Trackpoint>
     <Time>2026-07-19T03:53:50+00:00</Time>
     <Position>
      <LatitudeDegrees>-33.3984400</LatitudeDegrees>
      <LongitudeDegrees>-71.2483000</LongitudeDegrees>
     </Position>
     <AltitudeMeters>445.50000000000006</AltitudeMeters>
     <DistanceMeters>91076.10953952526</DistanceMeters>
    </Trackpoint>
    <Trackpoint>
     <Time>2026-07-19T03:53:57+00:00</Time>
     <Position>
      <LatitudeDegrees>-33.3988300</LatitudeDegrees>
      <LongitudeDegrees>-71.2475150</LongitudeDegrees>
     </Position>
     <AltitudeMeters>440.53000000000003</AltitudeMeters>
     <DistanceMeters>91160.98679666314</DistanceMeters>
    </Trackpoint>
    <Trackpoint>
     <Time>2026-07-19T03:54:04+00:00</Time>
     <Position>
      <LatitudeDegrees>-33.3992200</LatitudeDegrees>
      <LongitudeDegrees>-71.2467300</LongitudeDegrees>
     </Position>
     <AltitudeMeters>435.75</AltitudeMeters>
     <DistanceMeters>91245.86409211016</DistanceMeters>
    </Trackpoint>
    <Trackpoint>
     <Time>2026-07-19T03:54:11+00:00</Time>
     <Position>
      <LatitudeDegrees>-33.3993100</LatitudeDegrees>
      <LongitudeDegrees>-71.2466000</LongitudeDegrees>
     </Position>
     <AltitudeMeters>433.75</AltitudeMeters>
     <DistanceMeters>91261.55599687563</DistanceMeters>
    </Trackpoint>
    <Trackpoint>
     <Time>2026-07-19T03:54:18+00:00</Time>
     <Position>
      <LatitudeDegrees>-33.3994200</LatitudeDegrees>
      <LongitudeDegrees>-71.2465100</LongitudeDegrees>
     </Position>
     <AltitudeMeters>433.75</AltitudeMeters>
     <DistanceMeters>91276.38196300226</DistanceMeters>
    </Trackpoint>
    <Trackpoint>
     <Time>2026-07-19T03:54:25+00:00</Time>
     <Position>
      <LatitudeDegrees>-33.4001600</LatitudeDegrees>
      <LongitudeDegrees>-71.2459800</LongitudeDegrees>
     </Position>
     <AltitudeMeters>429.68000000000006</AltitudeMeters>
     <DistanceMeters>91372.34053291322</DistanceMeters>
    </Trackpoint>
    <Trackpoint>
     <Time>2026-07-19T03:54:32+00:00</Time>
     <Position>
      <LatitudeDegrees>-33.4002300</LatitudeDegrees>
      <LongitudeDegrees>-71.2459300</LongitudeDegrees>
     </Position>
     <AltitudeMeters>429.36</AltitudeMeters>
     <DistanceMeters>91381.41124656635</DistanceMeters>
    </Trackpoint>
    <Trackpoint>
     <Time>2026-07-19T03:54:39+00:00</Time>
     <Position>
      <LatitudeDegrees>-33.4003100</LatitudeDegrees>
      <LongitudeDegrees>-71.2458000</LongitudeDegrees>
     </Position>
     <AltitudeMeters>428.99</AltitudeMeters>
     <DistanceMeters>91396.41708083842</DistanceMeters>
    </Trackpoint>
    <Trackpoint>
     <Time>2026-07-19T03:54:46+00:00</Time>
     <Position>
      <LatitudeDegrees>-33.4003400</LatitudeDegrees>
      <LongitudeDegrees>-71.2456600</LongitudeDegrees>
     </Position>
     <AltitudeMeters>428.99</AltitudeMeters>
     <DistanceMeters>91409.84679826708</DistanceMeters>
    </Trackpoint>
    <Trackpoint>
     <Time>2026-07-19T03:54:53+00:00</Time>
     <Position>
      <LatitudeDegrees>-33.4002800</LatitudeDegrees>
      <LongitudeDegrees>-71.2454300</LongitudeDegrees>
     </Position>
     <AltitudeMeters>426.45000000000005</AltitudeMeters>
     <DistanceMeters>91432.23618648597</DistanceMeters>
    </Trackpoint>
    <Trackpoint>
     <Time>2026-07-19T03:55:00+00:00</Time>
     <Position>
      <LatitudeDegrees>-33.3996700</LatitudeDegrees>
      <LongitudeDegrees>-71.2449400</LongitudeDegrees>
     </Position>
     <AltitudeMeters>421.83000000000004</AltitudeMeters>
     <DistanceMeters>91513.97926971503</DistanceMeters>
    </Trackpoint>
    <Trackpoint>
     <Time>2026-07-19T03:55:07+00:00</Time>
     <Position>
      <LatitudeDegrees>-33.3995400</LatitudeDegrees>
      <LongitudeDegrees>-71.2447700</LongitudeDegrees>
     </Position>
     <AltitudeMeters>419.19</AltitudeMeters>
     <DistanceMeters>91535.39975434673</DistanceMeters>
    </Trackpoint>
    <Trackpoint>
     <Time>2026-07-19T03:55:15+00:00</Time>
     <Position>
      <LatitudeDegrees>-33.3994500</LatitudeDegrees>
      <LongitudeDegrees>-71.2445800</LongitudeDegrees>
     </Position>
     <AltitudeMeters>419.19</AltitudeMeters>
     <DistanceMeters>91555.69739642869</DistanceMeters>
    </Trackpoint>
    <Trackpoint>
     <Time>2026-07-19T03:55:22+00:00</Time>
     <Position>
      <LatitudeDegrees>-33.3994000</LatitudeDegrees>
      <LongitudeDegrees>-71.2443700</LongitudeDegrees>
     </Position>
     <AltitudeMeters>419.19</AltitudeMeters>
     <DistanceMeters>91575.98767810641</DistanceMeters>
    </Trackpoint>
    <Trackpoint>
     <Time>2026-07-19T03:55:29+00:00</Time>
     <Position>
      <LatitudeDegrees>-33.3993800</LatitudeDegrees>
      <LongitudeDegrees>-71.2441700</LongitudeDegrees>
     </Position>
     <AltitudeMeters>416.39000000000004</AltitudeMeters>
     <DistanceMeters>91594.7036374101</DistanceMeters>
    </Trackpoint>
    <Trackpoint>
     <Time>2026-07-19T03:55:36+00:00</Time>
     <Position>
      <LatitudeDegrees>-33.3994200</LatitudeDegrees>
      <LongitudeDegrees>-71.2439100</LongitudeDegrees>
     </Position>
     <AltitudeMeters>415.63000000000005</AltitudeMeters>
     <DistanceMeters>91619.26845894163</DistanceMeters>
    </Trackpoint>
    <Trackpoint>
     <Time>2026-07-19T03:55:43+00:00</Time>
     <Position>
      <LatitudeDegrees>-33.3994900</LatitudeDegrees>
      <LongitudeDegrees>-71.2436800</LongitudeDegrees>
     </Position>
     <AltitudeMeters>414.75</AltitudeMeters>
     <DistanceMeters>91642.01480895463</DistanceMeters>
    </Trackpoint>
    <Trackpoint>
     <Time>2026-07-19T03:55:50+00:00</Time>
     <Position>
      <LatitudeDegrees>-33.3996700</LatitudeDegrees>
      <LongitudeDegrees>-71.2433700</LongitudeDegrees>
     </Position>
     <AltitudeMeters>413.94</AltitudeMeters>
     <DistanceMeters>91677.10024123093</DistanceMeters>
    </Trackpoint>
    <Trackpoint>
     <Time>2026-07-19T03:55:57+00:00</Time>
     <Position>
      <LatitudeDegrees>-33.4002800</LatitudeDegrees>
      <LongitudeDegrees>-71.2426100</LongitudeDegrees>
     </Position>
     <AltitudeMeters>412.7</AltitudeMeters>
     <DistanceMeters>91775.05755284106</DistanceMeters>
    </Trackpoint>
    <Trackpoint>
     <Time>2026-07-19T03:56:04+00:00</Time>
     <Position>
      <LatitudeDegrees>-33.4004500</LatitudeDegrees>
      <LongitudeDegrees>-71.2424800</LongitudeDegrees>
     </Position>
     <AltitudeMeters>412.15000000000003</AltitudeMeters>
     <DistanceMeters>91797.50473816693</DistanceMeters>
    </Trackpoint>
    <Trackpoint>
     <Time>2026-07-19T03:56:11+00:00</Time>
     <Position>
      <LatitudeDegrees>-33.4005200</LatitudeDegrees>
      <LongitudeDegrees>-71.2424400</LongitudeDegrees>
     </Position>
     <AltitudeMeters>411.76</AltitudeMeters>
     <DistanceMeters>91806.13653508332</DistanceMeters>
    </Trackpoint>
    <Trackpoint>
     <Time>2026-07-19T03:56:18+00:00</Time>
     <Position>
      <LatitudeDegrees>-33.4006300</LatitudeDegrees>
      <LongitudeDegrees>-71.2424400</LongitudeDegrees>
     </Position>
     <AltitudeMeters>411.07000000000005</AltitudeMeters>
     <DistanceMeters>91818.37905982175</DistanceMeters>
    </Trackpoint>
    <Trackpoint>
     <Time>2026-07-19T03:56:25+00:00</Time>
     <Position>
      <LatitudeDegrees>-33.4007900</LatitudeDegrees>
      <LongitudeDegrees>-71.2425600</LongitudeDegrees>
     </Position>
     <AltitudeMeters>410.03000000000003</AltitudeMeters>
     <DistanceMeters>91839.38896570932</DistanceMeters>
    </Trackpoint>
    <Trackpoint>
     <Time>2026-07-19T03:56:32+00:00</Time>
     <Position>
      <LatitudeDegrees>-33.4010800</LatitudeDegrees>
      <LongitudeDegrees>-71.2429700</LongitudeDegrees>
     </Position>
     <AltitudeMeters>407.14000000000004</AltitudeMeters>
     <DistanceMeters>91889.31823392361</DistanceMeters>
    </Trackpoint>
    <Trackpoint>
     <Time>2026-07-19T03:56:39+00:00</Time>
     <Position>
      <LatitudeDegrees>-33.4011900</LatitudeDegrees>
      <LongitudeDegrees>-71.2430200</LongitudeDegrees>
     </Position>
     <AltitudeMeters>407.14000000000004</AltitudeMeters>
     <DistanceMeters>91902.41257707991</DistanceMeters>
    </Trackpoint>
    <Trackpoint>
     <Time>2026-07-19T03:56:47+00:00</Time>
     <Position>
      <LatitudeDegrees>-33.4013300</LatitudeDegrees>
      <LongitudeDegrees>-71.2430600</LongitudeDegrees>
     </Position>
     <AltitudeMeters>404.41</AltitudeMeters>
     <DistanceMeters>91918.4310844094</DistanceMeters>
    </Trackpoint>
    <Trackpoint>
     <Time>2026-07-19T03:56:54+00:00</Time>
     <Position>
      <LatitudeDegrees>-33.4016000</LatitudeDegrees>
      <LongitudeDegrees>-71.2430100</LongitudeDegrees>
     </Position>
     <AltitudeMeters>404.41</AltitudeMeters>
     <DistanceMeters>91948.83790497803</DistanceMeters>
    </Trackpoint>
    <Trackpoint>
     <Time>2026-07-19T03:57:01+00:00</Time>
     <Position>
      <LatitudeDegrees>-33.4020250</LatitudeDegrees>
      <LongitudeDegrees>-71.2427900</LongitudeDegrees>
     </Position>
     <AltitudeMeters>399.93</AltitudeMeters>
     <DistanceMeters>92000.36631954716</DistanceMeters>
    </Trackpoint>
    <Trackpoint>
     <Time>2026-07-19T03:57:08+00:00</Time>
     <Position>
      <LatitudeDegrees>-33.4024500</LatitudeDegrees>
      <LongitudeDegrees>-71.2425700</LongitudeDegrees>
     </Position>
     <AltitudeMeters>397.47</AltitudeMeters>
     <DistanceMeters>92051.89477673829</DistanceMeters>
    </Trackpoint>
    <Trackpoint>
     <Time>2026-07-19T03:57:15+00:00</Time>
     <Position>
      <LatitudeDegrees>-33.4025400</LatitudeDegrees>
      <LongitudeDegrees>-71.2424800</LongitudeDegrees>
     </Position>
     <AltitudeMeters>396.90000000000003</AltitudeMeters>
     <DistanceMeters>92064.94304561388</DistanceMeters>
    </Trackpoint>
    <Trackpoint>
     <Time>2026-07-19T03:57:22+00:00</Time>
     <Position>
      <LatitudeDegrees>-33.4026000</LatitudeDegrees>
      <LongitudeDegrees>-71.2423500</LongitudeDegrees>
     </Position>
     <AltitudeMeters>396.90000000000003</AltitudeMeters>
     <DistanceMeters>92078.74465780758</DistanceMeters>
    </Trackpoint>
    <Trackpoint>
     <Time>2026-07-19T03:57:29+00:00</Time>
     <Position>
      <LatitudeDegrees>-33.4026300</LatitudeDegrees>
      <LongitudeDegrees>-71.2421700</LongitudeDegrees>
     </Position>
     <AltitudeMeters>394.03000000000003</AltitudeMeters>
     <DistanceMeters>92095.79888220323</DistanceMeters>
    </Trackpoint>
    <Trackpoint>
     <Time>2026-07-19T03:57:36+00:00</Time>
     <Position>
      <LatitudeDegrees>-33.4025800</LatitudeDegrees>
      <LongitudeDegrees>-71.2419400</LongitudeDegrees>
     </Position>
     <AltitudeMeters>392.3</AltitudeMeters>
     <DistanceMeters>92117.88134535997</DistanceMeters>
    </Trackpoint>
    <Trackpoint>
     <Time>2026-07-19T03:57:43+00:00</Time>
     <Position>
      <LatitudeDegrees>-33.4024200</LatitudeDegrees>
      <LongitudeDegrees>-71.2414500</LongitudeDegrees>
     </Position>
     <AltitudeMeters>389.11</AltitudeMeters>
     <DistanceMeters>92166.76702674007</DistanceMeters>
    </Trackpoint>
    <Trackpoint>
     <Time>2026-07-19T03:57:50+00:00</Time>
     <Position>
      <LatitudeDegrees>-33.4023800</LatitudeDegrees>
      <LongitudeDegrees>-71.2412200</LongitudeDegrees>
     </Position>
     <AltitudeMeters>389.11</AltitudeMeters>
     <DistanceMeters>92188.59566111176</DistanceMeters>
    </Trackpoint>
    <Trackpoint>
     <Time>2026-07-19T03:57:57+00:00</Time>
     <Position>
      <LatitudeDegrees>-33.4024500</LatitudeDegrees>
      <LongitudeDegrees>-71.2408200</LongitudeDegrees>
     </Position>
     <AltitudeMeters>385.69</AltitudeMeters>
     <DistanceMeters>92226.56839552143</DistanceMeters>
    </Trackpoint>
    <Trackpoint>
     <Time>2026-07-19T03:58:04+00:00</Time>
     <Position>
      <LatitudeDegrees>-33.4027050</LatitudeDegrees>
      <LongitudeDegrees>-71.2398800</LongitudeDegrees>
     </Position>
     <AltitudeMeters>381.93000000000006</AltitudeMeters>
     <DistanceMeters>92318.4011656823</DistanceMeters>
    </Trackpoint>
    <Trackpoint>
     <Time>2026-07-19T03:58:11+00:00</Time>
     <Position>
      <LatitudeDegrees>-33.4029600</LatitudeDegrees>
      <LongitudeDegrees>-71.2389400</LongitudeDegrees>
     </Position>
     <AltitudeMeters>379.13</AltitudeMeters>
     <DistanceMeters>92410.2339457605</DistanceMeters>
    </Trackpoint>
    <Trackpoint>
     <Time>2026-07-19T03:58:18+00:00</Time>
     <Position>
      <LatitudeDegrees>-33.4029600</LatitudeDegrees>
      <LongitudeDegrees>-71.2388500</LongitudeDegrees>
     </Position>
     <AltitudeMeters>379.13</AltitudeMeters>
     <DistanceMeters>92418.59600730444</DistanceMeters>
    </Trackpoint>
    <Trackpoint>
     <Time>2026-07-19T03:58:26+00:00</Time>
     <Position>
      <LatitudeDegrees>-33.4029200</LatitudeDegrees>
      <LongitudeDegrees>-71.2387200</LongitudeDegrees>
     </Position>
     <AltitudeMeters>378.22</AltitudeMeters>
     <DistanceMeters>92431.46883916289</DistanceMeters>
    </Trackpoint>
    <Trackpoint>
     <Time>2026-07-19T03:58:33+00:00</Time>
     <Position>
      <LatitudeDegrees>-33.4028300</LatitudeDegrees>
      <LongitudeDegrees>-71.2386200</LongitudeDegrees>
     </Position>
     <AltitudeMeters>378.22</AltitudeMeters>
     <DistanceMeters>92445.13114805229</DistanceMeters>
    </Trackpoint>
    <Trackpoint>
     <Time>2026-07-19T03:58:40+00:00</Time>
     <Position>
      <LatitudeDegrees>-33.4027200</LatitudeDegrees>
      <LongitudeDegrees>-71.2385500</LongitudeDegrees>
     </Position>
     <AltitudeMeters>378.22</AltitudeMeters>
     <DistanceMeters>92458.99402438228</DistanceMeters>
    </Trackpoint>
    <Trackpoint>
     <Time>2026-07-19T03:58:47+00:00</Time>
     <Position>
      <LatitudeDegrees>-33.4026000</LatitudeDegrees>
      <LongitudeDegrees>-71.2385400</LongitudeDegrees>
     </Position>
     <AltitudeMeters>375.75</AltitudeMeters>
     <DistanceMeters>92472.38178570032</DistanceMeters>
    </Trackpoint>
    <Trackpoint>
     <Time>2026-07-19T03:58:54+00:00</Time>
     <Position>
      <LatitudeDegrees>-33.4025400</LatitudeDegrees>
      <LongitudeDegrees>-71.2385500</LongitudeDegrees>
     </Position>
     <AltitudeMeters>375.75</AltitudeMeters>
     <DistanceMeters>92479.12385434835</DistanceMeters>
    </Trackpoint>
    <Trackpoint>
     <Time>2026-07-19T03:59:01+00:00</Time>
     <Position>
      <LatitudeDegrees>-33.4023800</LatitudeDegrees>
      <LongitudeDegrees>-71.2386900</LongitudeDegrees>
     </Position>
     <AltitudeMeters>374.99000000000007</AltitudeMeters>
     <DistanceMeters>92501.17609194516</DistanceMeters>
    </Trackpoint>
    <Trackpoint>
     <Time>2026-07-19T03:59:08+00:00</Time>
     <Position>
      <LatitudeDegrees>-33.4020700</LatitudeDegrees>
      <LongitudeDegrees>-71.2392900</LongitudeDegrees>
     </Position>
     <AltitudeMeters>371.16</AltitudeMeters>
     <DistanceMeters>92566.7363981946</DistanceMeters>
    </Trackpoint>
    <Trackpoint>
     <Time>2026-07-19T03:59:15+00:00</Time>
     <Position>
      <LatitudeDegrees>-33.4019200</LatitudeDegrees>
      <LongitudeDegrees>-71.2394200</LongitudeDegrees>
     </Position>
     <AltitudeMeters>369.96</AltitudeMeters>
     <DistanceMeters>92587.34211570937</DistanceMeters>
    </Trackpoint>
    <Trackpoint>
     <Time>2026-07-19T03:59:22+00:00</Time>
     <Position>
      <LatitudeDegrees>-33.4018200</LatitudeDegrees>
      <LongitudeDegrees>-71.2394700</LongitudeDegrees>
     </Position>
     <AltitudeMeters>369.42</AltitudeMeters>
     <DistanceMeters>92599.4023531955</DistanceMeters>
    </Trackpoint>
    <Trackpoint>
     <Time>2026-07-19T03:59:29+00:00</Time>
     <Position>
      <LatitudeDegrees>-33.4016900</LatitudeDegrees>
      <LongitudeDegrees>-71.2394700</LongitudeDegrees>
     </Position>
     <AltitudeMeters>369.42</AltitudeMeters>
     <DistanceMeters>92613.87079152267</DistanceMeters>
    </Trackpoint>
    <Trackpoint>
     <Time>2026-07-19T03:59:36+00:00</Time>
     <Position>
      <LatitudeDegrees>-33.4016400</LatitudeDegrees>
      <LongitudeDegrees>-71.2394400</LongitudeDegrees>
     </Position>
     <AltitudeMeters>367.63</AltitudeMeters>
     <DistanceMeters>92620.0946483444</DistanceMeters>
    </Trackpoint>
    <Trackpoint>
     <Time>2026-07-19T03:59:43+00:00</Time>
     <Position>
      <LatitudeDegrees>-33.4013100</LatitudeDegrees>
      <LongitudeDegrees>-71.2392100</LongitudeDegrees>
     </Position>
     <AltitudeMeters>365.47</AltitudeMeters>
     <DistanceMeters>92662.58694111177</DistanceMeters>
    </Trackpoint>
    <Trackpoint>
     <Time>2026-07-19T03:59:50+00:00</Time>
     <Position>
      <LatitudeDegrees>-33.4012200</LatitudeDegrees>
      <LongitudeDegrees>-71.2391700</LongitudeDegrees>
     </Position>
     <AltitudeMeters>365.47</AltitudeMeters>
     <DistanceMeters>92673.27081683428</DistanceMeters>
    </Trackpoint>
    <Trackpoint>
     <Time>2026-07-19T03:59:58+00:00</Time>
     <Position>
      <LatitudeDegrees>-33.4011300</LatitudeDegrees>
      <LongitudeDegrees>-71.2391700</LongitudeDegrees>
     </Position>
     <AltitudeMeters>365.47</AltitudeMeters>
     <DistanceMeters>92683.28742798396</DistanceMeters>
    </Trackpoint>
    <Trackpoint>
     <Time>2026-07-19T04:00:05+00:00</Time>
     <Position>
      <LatitudeDegrees>-33.4009500</LatitudeDegrees>
      <LongitudeDegrees>-71.2392600</LongitudeDegrees>
     </Position>
     <AltitudeMeters>363.46</AltitudeMeters>
     <DistanceMeters>92704.99588622831</DistanceMeters>
    </Trackpoint>
    <Trackpoint>
     <Time>2026-07-19T04:00:12+00:00</Time>
     <Position>
      <LatitudeDegrees>-33.4002500</LatitudeDegrees>
      <LongitudeDegrees>-71.2397000</LongitudeDegrees>
     </Position>
     <AltitudeMeters>361.04</AltitudeMeters>
     <DistanceMeters>92792.97803962565</DistanceMeters>
    </Trackpoint>
    <Trackpoint>
     <Time>2026-07-19T04:00:19+00:00</Time>
     <Position>
      <LatitudeDegrees>-33.4001600</LatitudeDegrees>
      <LongitudeDegrees>-71.2397400</LongitudeDegrees>
     </Position>
     <AltitudeMeters>361.04</AltitudeMeters>
     <DistanceMeters>92803.66193112056</DistanceMeters>
    </Trackpoint>
    <Trackpoint>
     <Time>2026-07-19T04:00:26+00:00</Time>
     <Position>
      <LatitudeDegrees>-33.4001000</LatitudeDegrees>
      <LongitudeDegrees>-71.2397500</LongitudeDegrees>
     </Position>
     <AltitudeMeters>360.95000000000005</AltitudeMeters>
     <DistanceMeters>92810.40400336415</DistanceMeters>
    </Trackpoint>
    <Trackpoint>
     <Time>2026-07-19T04:00:33+00:00</Time>
     <Position>
      <LatitudeDegrees>-33.3999800</LatitudeDegrees>
      <LongitudeDegrees>-71.2397400</LongitudeDegrees>
     </Position>
     <AltitudeMeters>360.95000000000005</AltitudeMeters>
     <DistanceMeters>92823.7917666265</DistanceMeters>
    </Trackpoint>
    <Trackpoint>
     <Time>2026-07-19T04:00:40+00:00</Time>
     <Position>
      <LatitudeDegrees>-33.3998500</LatitudeDegrees>
      <LongitudeDegrees>-71.2396600</LongitudeDegrees>
     </Position>
     <AltitudeMeters>360.7</AltitudeMeters>
     <DistanceMeters>92840.05793490948</DistanceMeters>
    </Trackpoint>
    <Trackpoint>
     <Time>2026-07-19T04:00:47+00:00</Time>
     <Position>
      <LatitudeDegrees>-33.3997600</LatitudeDegrees>
      <LongitudeDegrees>-71.2395200</LongitudeDegrees>
     </Position>
     <AltitudeMeters>360.28000000000003</AltitudeMeters>
     <DistanceMeters>92856.47572340033</DistanceMeters>
    </Trackpoint>
    <Trackpoint>
     <Time>2026-07-19T04:00:54+00:00</Time>
     <Position>
      <LatitudeDegrees>-33.3995700</LatitudeDegrees>
      <LongitudeDegrees>-71.2389400</LongitudeDegrees>
     </Position>
     <AltitudeMeters>358.51000000000005</AltitudeMeters>
     <DistanceMeters>92914.36694966274</DistanceMeters>
    </Trackpoint>
    <Trackpoint>
     <Time>2026-07-19T04:01:01+00:00</Time>
     <Position>
      <LatitudeDegrees>-33.3993800</LatitudeDegrees>
      <LongitudeDegrees>-71.2383600</LongitudeDegrees>
     </Position>
     <AltitudeMeters>354.89000000000004</AltitudeMeters>
     <DistanceMeters>92972.25818649727</DistanceMeters>
    </Trackpoint>
    <Trackpoint>
     <Time>2026-07-19T04:01:08+00:00</Time>
     <Position>
      <LatitudeDegrees>-33.3993400</LatitudeDegrees>
      <LongitudeDegrees>-71.2381300</LongitudeDegrees>
     </Position>
     <AltitudeMeters>352.79</AltitudeMeters>
     <DistanceMeters>92994.08755282429</DistanceMeters>
    </Trackpoint>
    <Trackpoint>
     <Time>2026-07-19T04:01:15+00:00</Time>
     <Position>
      <LatitudeDegrees>-33.3993400</LatitudeDegrees>
      <LongitudeDegrees>-71.2375500</LongitudeDegrees>
     </Position>
     <AltitudeMeters>349.85</AltitudeMeters>
     <DistanceMeters>93047.97863904788</DistanceMeters>
    </Trackpoint>
    <Trackpoint>
     <Time>2026-07-19T04:01:22+00:00</Time>
     <Position>
      <LatitudeDegrees>-33.3993100</LatitudeDegrees>
      <LongitudeDegrees>-71.2373800</LongitudeDegrees>
     </Position>
     <AltitudeMeters>349.85</AltitudeMeters>
     <DistanceMeters>93064.12333221914</DistanceMeters>
    </Trackpoint>
    <Trackpoint>
     <Time>2026-07-19T04:01:30+00:00</Time>
     <Position>
      <LatitudeDegrees>-33.3992500</LatitudeDegrees>
      <LongitudeDegrees>-71.2372000</LongitudeDegrees>
     </Position>
     <AltitudeMeters>347.16</AltitudeMeters>
     <DistanceMeters>93082.13200255994</DistanceMeters>
    </Trackpoint>
    <Trackpoint>
     <Time>2026-07-19T04:01:37+00:00</Time>
     <Position>
      <LatitudeDegrees>-33.3991300</LatitudeDegrees>
      <LongitudeDegrees>-71.2370200</LongitudeDegrees>
     </Position>
     <AltitudeMeters>346.6</AltitudeMeters>
     <DistanceMeters>93103.53502692825</DistanceMeters>
    </Trackpoint>
    <Trackpoint>
     <Time>2026-07-19T04:01:44+00:00</Time>
     <Position>
      <LatitudeDegrees>-33.3989600</LatitudeDegrees>
      <LongitudeDegrees>-71.2368400</LongitudeDegrees>
     </Position>
     <AltitudeMeters>345.82</AltitudeMeters>
     <DistanceMeters>93128.78770887306</DistanceMeters>
    </Trackpoint>
    <Trackpoint>
     <Time>2026-07-19T04:01:51+00:00</Time>
     <Position>
      <LatitudeDegrees>-33.3982400</LatitudeDegrees>
      <LongitudeDegrees>-71.2362100</LongitudeDegrees>
     </Position>
     <AltitudeMeters>342.05</AltitudeMeters>
     <DistanceMeters>93228.02431192165</DistanceMeters>
    </Trackpoint>
    <Trackpoint>
     <Time>2026-07-19T04:01:58+00:00</Time>
     <Position>
      <LatitudeDegrees>-33.3981500</LatitudeDegrees>
      <LongitudeDegrees>-71.2361700</LongitudeDegrees>
     </Position>
     <AltitudeMeters>341.11</AltitudeMeters>
     <DistanceMeters>93238.70823332248</DistanceMeters>
    </Trackpoint>
    <Trackpoint>
     <Time>2026-07-19T04:02:05+00:00</Time>
     <Position>
      <LatitudeDegrees>-33.3980100</LatitudeDegrees>
      <LongitudeDegrees>-71.2361700</LongitudeDegrees>
     </Position>
     <AltitudeMeters>339.81</AltitudeMeters>
     <DistanceMeters>93254.2896284444</DistanceMeters>
    </Trackpoint>
    <Trackpoint>
     <Time>2026-07-19T04:02:12+00:00</Time>
     <Position>
      <LatitudeDegrees>-33.3979000</LatitudeDegrees>
      <LongitudeDegrees>-71.2362100</LongitudeDegrees>
     </Position>
     <AltitudeMeters>339.81</AltitudeMeters>
     <DistanceMeters>93267.08389144966</DistanceMeters>
    </Trackpoint>
    <Trackpoint>
     <Time>2026-07-19T04:02:19+00:00</Time>
     <Position>
      <LatitudeDegrees>-33.3978100</LatitudeDegrees>
      <LongitudeDegrees>-71.2363000</LongitudeDegrees>
     </Position>
     <AltitudeMeters>337.69000000000005</AltitudeMeters>
     <DistanceMeters>93280.13244649908</DistanceMeters>
    </Trackpoint>
    <Trackpoint>
     <Time>2026-07-19T04:02:26+00:00</Time>
     <Position>
      <LatitudeDegrees>-33.3976100</LatitudeDegrees>
      <LongitudeDegrees>-71.2367100</LongitudeDegrees>
     </Position>
     <AltitudeMeters>335.16</AltitudeMeters>
     <DistanceMeters>93324.2548311883</DistanceMeters>
    </Trackpoint>
    <Trackpoint>
     <Time>2026-07-19T04:02:33+00:00</Time>
     <Position>
      <LatitudeDegrees>-33.3975400</LatitudeDegrees>
      <LongitudeDegrees>-71.2368300</LongitudeDegrees>
     </Position>
     <AltitudeMeters>335.16</AltitudeMeters>
     <DistanceMeters>93337.8570310359</DistanceMeters>
    </Trackpoint>
    <Trackpoint>
     <Time>2026-07-19T04:02:40+00:00</Time>
     <Position>
      <LatitudeDegrees>-33.3973900</LatitudeDegrees>
      <LongitudeDegrees>-71.2369200</LongitudeDegrees>
     </Position>
     <AltitudeMeters>333.51000000000005</AltitudeMeters>
     <DistanceMeters>93356.52878252149</DistanceMeters>
    </Trackpoint>
    <Trackpoint>
     <Time>2026-07-19T04:02:47+00:00</Time>
     <Position>
      <LatitudeDegrees>-33.3972800</LatitudeDegrees>
      <LongitudeDegrees>-71.2369200</LongitudeDegrees>
     </Position>
     <AltitudeMeters>332.34000000000003</AltitudeMeters>
     <DistanceMeters>93368.7713072599</DistanceMeters>
    </Trackpoint>
    <Trackpoint>
     <Time>2026-07-19T04:02:54+00:00</Time>
     <Position>
      <LatitudeDegrees>-33.3971900</LatitudeDegrees>
      <LongitudeDegrees>-71.2368600</LongitudeDegrees>
     </Position>
     <AltitudeMeters>332.07000000000005</AltitudeMeters>
     <DistanceMeters>93380.23490007299</DistanceMeters>
    </Trackpoint>
    <Trackpoint>
     <Time>2026-07-19T04:03:02+00:00</Time>
     <Position>
      <LatitudeDegrees>-33.3970700</LatitudeDegrees>
      <LongitudeDegrees>-71.2367500</LongitudeDegrees>
     </Position>
     <AltitudeMeters>331.47</AltitudeMeters>
     <DistanceMeters>93397.05266996726</DistanceMeters>
    </Trackpoint>
    <Trackpoint>
     <Time>2026-07-19T04:03:09+00:00</Time>
     <Position>
      <LatitudeDegrees>-33.3969500</LatitudeDegrees>
      <LongitudeDegrees>-71.2366000</LongitudeDegrees>
     </Position>
     <AltitudeMeters>331.19000000000005</AltitudeMeters>
     <DistanceMeters>93416.35627133318</DistanceMeters>
    </Trackpoint>
    <Trackpoint>
     <Time>2026-07-19T04:03:16+00:00</Time>
     <Position>
      <LatitudeDegrees>-33.3968300</LatitudeDegrees>
      <LongitudeDegrees>-71.2363500</LongitudeDegrees>
     </Position>
     <AltitudeMeters>330.43</AltitudeMeters>
     <DistanceMeters>93443.15145511308</DistanceMeters>
    </Trackpoint>
    <Trackpoint>
     <Time>2026-07-19T04:03:23+00:00</Time>
     <Position>
      <LatitudeDegrees>-33.3967100</LatitudeDegrees>
      <LongitudeDegrees>-71.2358500</LongitudeDegrees>
     </Position>
     <AltitudeMeters>330.13000000000005</AltitudeMeters>
     <DistanceMeters>93491.49219150624</DistanceMeters>
    </Trackpoint>
    <Trackpoint>
     <Time>2026-07-19T04:03:30+00:00</Time>
     <Position>
      <LatitudeDegrees>-33.3966000</LatitudeDegrees>
      <LongitudeDegrees>-71.2350900</LongitudeDegrees>
     </Position>
     <AltitudeMeters>329.32</AltitudeMeters>
     <DistanceMeters>93563.16362068843</DistanceMeters>
    </Trackpoint>
    <Trackpoint>
     <Time>2026-07-19T04:03:37+00:00</Time>
     <Position>
      <LatitudeDegrees>-33.3965800</LatitudeDegrees>
      <LongitudeDegrees>-71.2348200</LongitudeDegrees>
     </Position>
     <AltitudeMeters>329.07000000000005</AltitudeMeters>
     <DistanceMeters>93588.35019696628</DistanceMeters>
    </Trackpoint>
    <Trackpoint>
     <Time>2026-07-19T04:03:44+00:00</Time>
     <Position>
      <LatitudeDegrees>-33.3965700</LatitudeDegrees>
      <LongitudeDegrees>-71.2339400</LongitudeDegrees>
     </Position>
     <AltitudeMeters>327.21</AltitudeMeters>
     <DistanceMeters>93670.126158554</DistanceMeters>
    </Trackpoint>
    <Trackpoint>
     <Time>2026-07-19T04:03:51+00:00</Time>
     <Position>
      <LatitudeDegrees>-33.3967133</LatitudeDegrees>
      <LongitudeDegrees>-71.2331900</LongitudeDegrees>
     </Position>
     <AltitudeMeters>325.98</AltitudeMeters>
     <DistanceMeters>93741.61746302329</DistanceMeters>
    </Trackpoint>
    <Trackpoint>
     <Time>2026-07-19T04:03:58+00:00</Time>
     <Position>
      <LatitudeDegrees>-33.3968567</LatitudeDegrees>
      <LongitudeDegrees>-71.2324400</LongitudeDegrees>
     </Position>
     <AltitudeMeters>326.15000000000003</AltitudeMeters>
     <DistanceMeters>93813.10876749211</DistanceMeters>
    </Trackpoint>
    <Trackpoint>
     <Time>2026-07-19T04:04:05+00:00</Time>
     <Position>
      <LatitudeDegrees>-33.3970000</LatitudeDegrees>
      <LongitudeDegrees>-71.2316900</LongitudeDegrees>
     </Position>
     <AltitudeMeters>326.51</AltitudeMeters>
     <DistanceMeters>93884.60008145218</DistanceMeters>
    </Trackpoint>
    <Trackpoint>
     <Time>2026-07-19T04:04:12+00:00</Time>
     <Position>
      <LatitudeDegrees>-33.3971400</LatitudeDegrees>
      <LongitudeDegrees>-71.2310300</LongitudeDegrees>
     </Position>
     <AltitudeMeters>327.02000000000004</AltitudeMeters>
     <DistanceMeters>93947.87449150092</DistanceMeters>
    </Trackpoint>
    <Trackpoint>
     <Time>2026-07-19T04:04:19+00:00</Time>
     <Position>
      <LatitudeDegrees>-33.3973700</LatitudeDegrees>
      <LongitudeDegrees>-71.2302600</LongitudeDegrees>
     </Position>
     <AltitudeMeters>326.6</AltitudeMeters>
     <DistanceMeters>94023.86264559667</DistanceMeters>
    </Trackpoint>
    <Trackpoint>
     <Time>2026-07-19T04:04:26+00:00</Time>
     <Position>
      <LatitudeDegrees>-33.3975400</LatitudeDegrees>
      <LongitudeDegrees>-71.2297200</LongitudeDegrees>
     </Position>
     <AltitudeMeters>326.09000000000003</AltitudeMeters>
     <DistanceMeters>94077.48691306471</DistanceMeters>
    </Trackpoint>
    <Trackpoint>
     <Time>2026-07-19T04:04:33+00:00</Time>
     <Position>
      <LatitudeDegrees>-33.3978900</LatitudeDegrees>
      <LongitudeDegrees>-71.2288100</LongitudeDegrees>
     </Position>
     <AltitudeMeters>324.66</AltitudeMeters>
     <DistanceMeters>94170.58307138445</DistanceMeters>
    </Trackpoint>
    <Trackpoint>
     <Time>2026-07-19T04:04:41+00:00</Time>
     <Position>
      <LatitudeDegrees>-33.3982960</LatitudeDegrees>
      <LongitudeDegrees>-71.2279080</LongitudeDegrees>
     </Position>
     <AltitudeMeters>321.02000000000004</AltitudeMeters>
     <DistanceMeters>94265.79837321254</DistanceMeters>
    </Trackpoint>
    <Trackpoint>
     <Time>2026-07-19T04:04:48+00:00</Time>
     <Position>
      <LatitudeDegrees>-33.3987020</LatitudeDegrees>
      <LongitudeDegrees>-71.2270060</LongitudeDegrees>
     </Position>
     <AltitudeMeters>315.59000000000003</AltitudeMeters>
     <DistanceMeters>94361.01367504285</DistanceMeters>
    </Trackpoint>
    <Trackpoint>
     <Time>2026-07-19T04:04:55+00:00</Time>
     <Position>
      <LatitudeDegrees>-33.3991080</LatitudeDegrees>
      <LongitudeDegrees>-71.2261040</LongitudeDegrees>
     </Position>
     <AltitudeMeters>309.73</AltitudeMeters>
     <DistanceMeters>94456.22897687163</DistanceMeters>
    </Trackpoint>
    <Trackpoint>
     <Time>2026-07-19T04:05:02+00:00</Time>
     <Position>
      <LatitudeDegrees>-33.3995140</LatitudeDegrees>
      <LongitudeDegrees>-71.2252020</LongitudeDegrees>
     </Position>
     <AltitudeMeters>302.88000000000005</AltitudeMeters>
     <DistanceMeters>94551.44427870052</DistanceMeters>
    </Trackpoint>
    <Trackpoint>
     <Time>2026-07-19T04:05:09+00:00</Time>
     <Position>
      <LatitudeDegrees>-33.3999200</LatitudeDegrees>
      <LongitudeDegrees>-71.2243000</LongitudeDegrees>
     </Position>
     <AltitudeMeters>299.00000000000006</AltitudeMeters>
     <DistanceMeters>94646.65957617387</DistanceMeters>
    </Trackpoint>
    <Trackpoint>
     <Time>2026-07-19T04:05:16+00:00</Time>
     <Position>
      <LatitudeDegrees>-33.4003300</LatitudeDegrees>
      <LongitudeDegrees>-71.2233980</LongitudeDegrees>
     </Position>
     <AltitudeMeters>292.50000000000006</AltitudeMeters>
     <DistanceMeters>94742.08522390819</DistanceMeters>
    </Trackpoint>
    <Trackpoint>
     <Time>2026-07-19T04:05:23+00:00</Time>
     <Position>
      <LatitudeDegrees>-33.4007400</LatitudeDegrees>
      <LongitudeDegrees>-71.2224960</LongitudeDegrees>
     </Position>
     <AltitudeMeters>287.06000000000006</AltitudeMeters>
     <DistanceMeters>94837.51087164179</DistanceMeters>
    </Trackpoint>
    <Trackpoint>
     <Time>2026-07-19T04:05:30+00:00</Time>
     <Position>
      <LatitudeDegrees>-33.4011500</LatitudeDegrees>
      <LongitudeDegrees>-71.2215940</LongitudeDegrees>
     </Position>
     <AltitudeMeters>281.84000000000003</AltitudeMeters>
     <DistanceMeters>94932.93651937722</DistanceMeters>
    </Trackpoint>
    <Trackpoint>
     <Time>2026-07-19T04:05:37+00:00</Time>
     <Position>
      <LatitudeDegrees>-33.4015600</LatitudeDegrees>
      <LongitudeDegrees>-71.2206920</LongitudeDegrees>
     </Position>
     <AltitudeMeters>277.6</AltitudeMeters>
     <DistanceMeters>95028.36216711128</DistanceMeters>
    </Trackpoint>
    <Trackpoint>
     <Time>2026-07-19T04:05:44+00:00</Time>
     <Position>
      <LatitudeDegrees>-33.4019700</LatitudeDegrees>
      <LongitudeDegrees>-71.2197900</LongitudeDegrees>
     </Position>
     <AltitudeMeters>275.7</AltitudeMeters>
     <DistanceMeters>95123.7878087611</DistanceMeters>
    </Trackpoint>
    <Trackpoint>
     <Time>2026-07-19T04:05:51+00:00</Time>
     <Position>
      <LatitudeDegrees>-33.4022550</LatitudeDegrees>
      <LongitudeDegrees>-71.2191350</LongitudeDegrees>
     </Position>
     <AltitudeMeters>275.16</AltitudeMeters>
     <DistanceMeters>95192.41561952309</DistanceMeters>
    </Trackpoint>
    <Trackpoint>
     <Time>2026-07-19T04:05:58+00:00</Time>
     <Position>
      <LatitudeDegrees>-33.4025400</LatitudeDegrees>
      <LongitudeDegrees>-71.2184800</LongitudeDegrees>
     </Position>
     <AltitudeMeters>274.68</AltitudeMeters>
     <DistanceMeters>95261.0433955239</DistanceMeters>
    </Trackpoint>
    <Trackpoint>
     <Time>2026-07-19T04:06:05+00:00</Time>
     <Position>
      <LatitudeDegrees>-33.4027400</LatitudeDegrees>
      <LongitudeDegrees>-71.2179800</LongitudeDegrees>
     </Position>
     <AltitudeMeters>274.03</AltitudeMeters>
     <DistanceMeters>95312.5568446126</DistanceMeters>
    </Trackpoint>
    <Trackpoint>
     <Time>2026-07-19T04:06:13+00:00</Time>
     <Position>
      <LatitudeDegrees>-33.4029400</LatitudeDegrees>
      <LongitudeDegrees>-71.2172250</LongitudeDegrees>
     </Position>
     <AltitudeMeters>273.65</AltitudeMeters>
     <DistanceMeters>95386.15215898426</DistanceMeters>
    </Trackpoint>
    <Trackpoint>
     <Time>2026-07-19T04:06:20+00:00</Time>
     <Position>
      <LatitudeDegrees>-33.4031400</LatitudeDegrees>
      <LongitudeDegrees>-71.2164700</LongitudeDegrees>
     </Position>
     <AltitudeMeters>272.81</AltitudeMeters>
     <DistanceMeters>95459.74747127577</DistanceMeters>
    </Trackpoint>
    <Trackpoint>
     <Time>2026-07-19T04:06:27+00:00</Time>
     <Position>
      <LatitudeDegrees>-33.4033546</LatitudeDegrees>
      <LongitudeDegrees>-71.2154746</LongitudeDegrees>
     </Position>
     <AltitudeMeters>270.74</AltitudeMeters>
     <DistanceMeters>95555.26810793622</DistanceMeters>
    </Trackpoint>
    <Trackpoint>
     <Time>2026-07-19T04:06:34+00:00</Time>
     <Position>
      <LatitudeDegrees>-33.4035692</LatitudeDegrees>
      <LongitudeDegrees>-71.2144791</LongitudeDegrees>
     </Position>
     <AltitudeMeters>267.89</AltitudeMeters>
     <DistanceMeters>95650.7887445995</DistanceMeters>
    </Trackpoint>
    <Trackpoint>
     <Time>2026-07-19T04:06:41+00:00</Time>
     <Position>
      <LatitudeDegrees>-33.4037837</LatitudeDegrees>
      <LongitudeDegrees>-71.2134837</LongitudeDegrees>
     </Position>
     <AltitudeMeters>264.8</AltitudeMeters>
     <DistanceMeters>95746.30938126035</DistanceMeters>
    </Trackpoint>
    <Trackpoint>
     <Time>2026-07-19T04:06:48+00:00</Time>
     <Position>
      <LatitudeDegrees>-33.4039983</LatitudeDegrees>
      <LongitudeDegrees>-71.2124883</LongitudeDegrees>
     </Position>
     <AltitudeMeters>262.3</AltitudeMeters>
     <DistanceMeters>95841.83001792303</DistanceMeters>
    </Trackpoint>
    <Trackpoint>
     <Time>2026-07-19T04:06:55+00:00</Time>
     <Position>
      <LatitudeDegrees>-33.4042128</LatitudeDegrees>
      <LongitudeDegrees>-71.2114928</LongitudeDegrees>
     </Position>
     <AltitudeMeters>260.77</AltitudeMeters>
     <DistanceMeters>95937.35065458389</DistanceMeters>
    </Trackpoint>
    <Trackpoint>
     <Time>2026-07-19T04:07:02+00:00</Time>
     <Position>
      <LatitudeDegrees>-33.4044274</LatitudeDegrees>
      <LongitudeDegrees>-71.2104973</LongitudeDegrees>
     </Position>
     <AltitudeMeters>260.77</AltitudeMeters>
     <DistanceMeters>96032.8712912461</DistanceMeters>
    </Trackpoint>
    <Trackpoint>
     <Time>2026-07-19T04:07:09+00:00</Time>
     <Position>
      <LatitudeDegrees>-33.4046419</LatitudeDegrees>
      <LongitudeDegrees>-71.2095019</LongitudeDegrees>
     </Position>
     <AltitudeMeters>259.82</AltitudeMeters>
     <DistanceMeters>96128.39192790749</DistanceMeters>
    </Trackpoint>
    <Trackpoint>
     <Time>2026-07-19T04:07:16+00:00</Time>
     <Position>
      <LatitudeDegrees>-33.4048565</LatitudeDegrees>
      <LongitudeDegrees>-71.2085064</LongitudeDegrees>
     </Position>
     <AltitudeMeters>257.8</AltitudeMeters>
     <DistanceMeters>96223.91256456895</DistanceMeters>
    </Trackpoint>
    <Trackpoint>
     <Time>2026-07-19T04:07:23+00:00</Time>
     <Position>
      <LatitudeDegrees>-33.4050710</LatitudeDegrees>
      <LongitudeDegrees>-71.2075110</LongitudeDegrees>
     </Position>
     <AltitudeMeters>255.46</AltitudeMeters>
     <DistanceMeters>96319.43320123079</DistanceMeters>
    </Trackpoint>
    <Trackpoint>
     <Time>2026-07-19T04:07:30+00:00</Time>
     <Position>
      <LatitudeDegrees>-33.4052855</LatitudeDegrees>
      <LongitudeDegrees>-71.2065155</LongitudeDegrees>
     </Position>
     <AltitudeMeters>253.69000000000003</AltitudeMeters>
     <DistanceMeters>96414.95383789201</DistanceMeters>
    </Trackpoint>
    <Trackpoint>
     <Time>2026-07-19T04:07:37+00:00</Time>
     <Position>
      <LatitudeDegrees>-33.4055000</LatitudeDegrees>
      <LongitudeDegrees>-71.2055200</LongitudeDegrees>
     </Position>
     <AltitudeMeters>252.04999999999998</AltitudeMeters>
     <DistanceMeters>96510.47447382098</DistanceMeters>
    </Trackpoint>
    <Trackpoint>
     <Time>2026-07-19T04:07:45+00:00</Time>
     <Position>
      <LatitudeDegrees>-33.4056000</LatitudeDegrees>
      <LongitudeDegrees>-71.2050100</LongitudeDegrees>
     </Position>
     <AltitudeMeters>250.69000000000003</AltitudeMeters>
     <DistanceMeters>96559.14759884118</DistanceMeters>
    </Trackpoint>
    <Trackpoint>
     <Time>2026-07-19T04:07:52+00:00</Time>
     <Position>
      <LatitudeDegrees>-33.4056300</LatitudeDegrees>
      <LongitudeDegrees>-71.2046500</LongitudeDegrees>
     </Position>
     <AltitudeMeters>249.35000000000002</AltitudeMeters>
     <DistanceMeters>96592.76106118217</DistanceMeters>
    </Trackpoint>
    <Trackpoint>
     <Time>2026-07-19T04:07:59+00:00</Time>
     <Position>
      <LatitudeDegrees>-33.4056300</LatitudeDegrees>
      <LongitudeDegrees>-71.2038400</LongitudeDegrees>
     </Position>
     <AltitudeMeters>247.72000000000003</AltitudeMeters>
     <DistanceMeters>96668.017302249</DistanceMeters>
    </Trackpoint>
    <Trackpoint>
     <Time>2026-07-19T04:08:06+00:00</Time>
     <Position>
      <LatitudeDegrees>-33.4055813</LatitudeDegrees>
      <LongitudeDegrees>-71.2028950</LongitudeDegrees>
     </Position>
     <AltitudeMeters>246.55</AltitudeMeters>
     <DistanceMeters>96755.98393059515</DistanceMeters>
    </Trackpoint>
    <Trackpoint>
     <Time>2026-07-19T04:08:13+00:00</Time>
     <Position>
      <LatitudeDegrees>-33.4055325</LatitudeDegrees>
      <LongitudeDegrees>-71.2019500</LongitudeDegrees>
     </Position>
     <AltitudeMeters>245.32</AltitudeMeters>
     <DistanceMeters>96843.95055894056</DistanceMeters>
    </Trackpoint>
    <Trackpoint>
     <Time>2026-07-19T04:08:20+00:00</Time>
     <Position>
      <LatitudeDegrees>-33.4054838</LatitudeDegrees>
      <LongitudeDegrees>-71.2010050</LongitudeDegrees>
     </Position>
     <AltitudeMeters>243.87000000000003</AltitudeMeters>
     <DistanceMeters>96931.91718728645</DistanceMeters>
    </Trackpoint>
    <Trackpoint>
     <Time>2026-07-19T04:08:27+00:00</Time>
     <Position>
      <LatitudeDegrees>-33.4054351</LatitudeDegrees>
      <LongitudeDegrees>-71.2000600</LongitudeDegrees>
     </Position>
     <AltitudeMeters>242.62000000000003</AltitudeMeters>
     <DistanceMeters>97019.88381563112</DistanceMeters>
    </Trackpoint>
    <Trackpoint>
     <Time>2026-07-19T04:08:34+00:00</Time>
     <Position>
      <LatitudeDegrees>-33.4053863</LatitudeDegrees>
      <LongitudeDegrees>-71.1991150</LongitudeDegrees>
     </Position>
     <AltitudeMeters>243.03000000000003</AltitudeMeters>
     <DistanceMeters>97107.85044397677</DistanceMeters>
    </Trackpoint>
    <Trackpoint>
     <Time>2026-07-19T04:08:41+00:00</Time>
     <Position>
      <LatitudeDegrees>-33.4053375</LatitudeDegrees>
      <LongitudeDegrees>-71.1981700</LongitudeDegrees>
     </Position>
     <AltitudeMeters>244.83</AltitudeMeters>
     <DistanceMeters>97195.81707232312</DistanceMeters>
    </Trackpoint>
    <Trackpoint>
     <Time>2026-07-19T04:08:48+00:00</Time>
     <Position>
      <LatitudeDegrees>-33.4052888</LatitudeDegrees>
      <LongitudeDegrees>-71.1972250</LongitudeDegrees>
     </Position>
     <AltitudeMeters>249.55</AltitudeMeters>
     <DistanceMeters>97283.78370066729</DistanceMeters>
    </Trackpoint>
    <Trackpoint>
     <Time>2026-07-19T04:08:55+00:00</Time>
     <Position>
      <LatitudeDegrees>-33.4052400</LatitudeDegrees>
      <LongitudeDegrees>-71.1962800</LongitudeDegrees>
     </Position>
     <AltitudeMeters>251.41000000000003</AltitudeMeters>
     <DistanceMeters>97371.7503284676</DistanceMeters>
    </Trackpoint>
    <Trackpoint>
     <Time>2026-07-19T04:09:02+00:00</Time>
     <Position>
      <LatitudeDegrees>-33.4052200</LatitudeDegrees>
      <LongitudeDegrees>-71.1956500</LongitudeDegrees>
     </Position>
     <AltitudeMeters>251.73000000000002</AltitudeMeters>
     <DistanceMeters>97430.32555696926</DistanceMeters>
    </Trackpoint>
    <Trackpoint>
     <Time>2026-07-19T04:09:09+00:00</Time>
     <Position>
      <LatitudeDegrees>-33.4052000</LatitudeDegrees>
      <LongitudeDegrees>-71.1950200</LongitudeDegrees>
     </Position>
     <AltitudeMeters>251.23</AltitudeMeters>
     <DistanceMeters>97488.90076220536</DistanceMeters>
    </Trackpoint>
    <Trackpoint>
     <Time>2026-07-19T04:09:16+00:00</Time>
     <Position>
      <LatitudeDegrees>-33.4052200</LatitudeDegrees>
      <LongitudeDegrees>-71.1944400</LongitudeDegrees>
     </Position>
     <AltitudeMeters>250.0</AltitudeMeters>
     <DistanceMeters>97542.83416068502</DistanceMeters>
    </Trackpoint>
    <Trackpoint>
     <Time>2026-07-19T04:09:24+00:00</Time>
     <Position>
      <LatitudeDegrees>-33.4052700</LatitudeDegrees>
      <LongitudeDegrees>-71.1938600</LongitudeDegrees>
     </Position>
     <AltitudeMeters>247.67000000000002</AltitudeMeters>
     <DistanceMeters>97597.00815131851</DistanceMeters>
    </Trackpoint>
    <Trackpoint>
     <Time>2026-07-19T04:09:31+00:00</Time>
     <Position>
      <LatitudeDegrees>-33.4053600</LatitudeDegrees>
      <LongitudeDegrees>-71.1932900</LongitudeDegrees>
     </Position>
     <AltitudeMeters>245.26000000000002</AltitudeMeters>
     <DistanceMeters>97650.905393575</DistanceMeters>
    </Trackpoint>
    <Trackpoint>
     <Time>2026-07-19T04:09:38+00:00</Time>
     <Position>
      <LatitudeDegrees>-33.4055580</LatitudeDegrees>
      <LongitudeDegrees>-71.1922680</LongitudeDegrees>
     </Position>
     <AltitudeMeters>240.87000000000003</AltitudeMeters>
     <DistanceMeters>97748.38166302041</DistanceMeters>
    </Trackpoint>
    <Trackpoint>
     <Time>2026-07-19T04:09:45+00:00</Time>
     <Position>
      <LatitudeDegrees>-33.4057560</LatitudeDegrees>
      <LongitudeDegrees>-71.1912460</LongitudeDegrees>
     </Position>
     <AltitudeMeters>236.24</AltitudeMeters>
     <DistanceMeters>97845.85793246435</DistanceMeters>
    </Trackpoint>
    <Trackpoint>
     <Time>2026-07-19T04:09:52+00:00</Time>
     <Position>
      <LatitudeDegrees>-33.4059540</LatitudeDegrees>
      <LongitudeDegrees>-71.1902240</LongitudeDegrees>
     </Position>
     <AltitudeMeters>232.88000000000002</AltitudeMeters>
     <DistanceMeters>97943.3342019106</DistanceMeters>
    </Trackpoint>
    <Trackpoint>
     <Time>2026-07-19T04:09:59+00:00</Time>
     <Position>
      <LatitudeDegrees>-33.4061520</LatitudeDegrees>
      <LongitudeDegrees>-71.1892020</LongitudeDegrees>
     </Position>
     <AltitudeMeters>231.12</AltitudeMeters>
     <DistanceMeters>98040.81047135344</DistanceMeters>
    </Trackpoint>
    <Trackpoint>
     <Time>2026-07-19T04:10:06+00:00</Time>
     <Position>
      <LatitudeDegrees>-33.4063500</LatitudeDegrees>
      <LongitudeDegrees>-71.1881800</LongitudeDegrees>
     </Position>
     <AltitudeMeters>229.39000000000001</AltitudeMeters>
     <DistanceMeters>98138.28673028444</DistanceMeters>
    </Trackpoint>
    <Trackpoint>
     <Time>2026-07-19T04:10:13+00:00</Time>
     <Position>
      <LatitudeDegrees>-33.4065560</LatitudeDegrees>
      <LongitudeDegrees>-71.1871640</LongitudeDegrees>
     </Position>
     <AltitudeMeters>229.04000000000002</AltitudeMeters>
     <DistanceMeters>98235.42527583578</DistanceMeters>
    </Trackpoint>
    <Trackpoint>
     <Time>2026-07-19T04:10:20+00:00</Time>
     <Position>
      <LatitudeDegrees>-33.4067620</LatitudeDegrees>
      <LongitudeDegrees>-71.1861480</LongitudeDegrees>
     </Position>
     <AltitudeMeters>229.13000000000002</AltitudeMeters>
     <DistanceMeters>98332.56382138653</DistanceMeters>
    </Trackpoint>
    <Trackpoint>
     <Time>2026-07-19T04:10:27+00:00</Time>
     <Position>
      <LatitudeDegrees>-33.4069680</LatitudeDegrees>
      <LongitudeDegrees>-71.1851320</LongitudeDegrees>
     </Position>
     <AltitudeMeters>228.73000000000002</AltitudeMeters>
     <DistanceMeters>98429.70236693892</DistanceMeters>
    </Trackpoint>
    <Trackpoint>
     <Time>2026-07-19T04:10:34+00:00</Time>
     <Position>
      <LatitudeDegrees>-33.4071740</LatitudeDegrees>
      <LongitudeDegrees>-71.1841160</LongitudeDegrees>
     </Position>
     <AltitudeMeters>227.85000000000002</AltitudeMeters>
     <DistanceMeters>98526.84091248896</DistanceMeters>
    </Trackpoint>
    <Trackpoint>
     <Time>2026-07-19T04:10:41+00:00</Time>
     <Position>
      <LatitudeDegrees>-33.4073800</LatitudeDegrees>
      <LongitudeDegrees>-71.1831000</LongitudeDegrees>
     </Position>
     <AltitudeMeters>226.12</AltitudeMeters>
     <DistanceMeters>98623.97945709348</DistanceMeters>
    </Trackpoint>
    <Trackpoint>
     <Time>2026-07-19T04:10:48+00:00</Time>
     <Position>
      <LatitudeDegrees>-33.4075775</LatitudeDegrees>
      <LongitudeDegrees>-71.1820800</LongitudeDegrees>
     </Position>
     <AltitudeMeters>224.15</AltitudeMeters>
     <DistanceMeters>98721.26009259459</DistanceMeters>
    </Trackpoint>
    <Trackpoint>
     <Time>2026-07-19T04:10:56+00:00</Time>
     <Position>
      <LatitudeDegrees>-33.4077750</LatitudeDegrees>
      <LongitudeDegrees>-71.1810600</LongitudeDegrees>
     </Position>
     <AltitudeMeters>222.60000000000002</AltitudeMeters>
     <DistanceMeters>98818.54072809481</DistanceMeters>
    </Trackpoint>
    <Trackpoint>
     <Time>2026-07-19T04:11:03+00:00</Time>
     <Position>
      <LatitudeDegrees>-33.4079725</LatitudeDegrees>
      <LongitudeDegrees>-71.1800400</LongitudeDegrees>
     </Position>
     <AltitudeMeters>221.33</AltitudeMeters>
     <DistanceMeters>98915.82136359654</DistanceMeters>
    </Trackpoint>
    <Trackpoint>
     <Time>2026-07-19T04:11:10+00:00</Time>
     <Position>
      <LatitudeDegrees>-33.4081700</LatitudeDegrees>
      <LongitudeDegrees>-71.1790200</LongitudeDegrees>
     </Position>
     <AltitudeMeters>220.72000000000003</AltitudeMeters>
     <DistanceMeters>99013.10201985655</DistanceMeters>
    </Trackpoint>
    <Trackpoint>
     <Time>2026-07-19T04:11:17+00:00</Time>
     <Position>
      <LatitudeDegrees>-33.4083333</LatitudeDegrees>
      <LongitudeDegrees>-71.1782100</LongitudeDegrees>
     </Position>
     <AltitudeMeters>219.96</AltitudeMeters>
     <DistanceMeters>99090.52030141425</DistanceMeters>
    </Trackpoint>
    <Trackpoint>
     <Time>2026-07-19T04:11:24+00:00</Time>
     <Position>
      <LatitudeDegrees>-33.4084967</LatitudeDegrees>
      <LongitudeDegrees>-71.1774000</LongitudeDegrees>
     </Position>
     <AltitudeMeters>219.07000000000002</AltitudeMeters>
     <DistanceMeters>99167.93858297341</DistanceMeters>
    </Trackpoint>
    <Trackpoint>
     <Time>2026-07-19T04:11:31+00:00</Time>
     <Position>
      <LatitudeDegrees>-33.4086600</LatitudeDegrees>
      <LongitudeDegrees>-71.1765900</LongitudeDegrees>
     </Position>
     <AltitudeMeters>218.66000000000003</AltitudeMeters>
     <DistanceMeters>99245.35684051181</DistanceMeters>
    </Trackpoint>
    <Trackpoint>
     <Time>2026-07-19T04:11:38+00:00</Time>
     <Position>
      <LatitudeDegrees>-33.4087500</LatitudeDegrees>
      <LongitudeDegrees>-71.1766100</LongitudeDegrees>
     </Position>
     <AltitudeMeters>221.35000000000002</AltitudeMeters>
     <DistanceMeters>99255.54433691243</DistanceMeters>
    </Trackpoint>
    <Trackpoint>
     <Time>2026-07-19T04:11:45+00:00</Time>
     <Position>
      <LatitudeDegrees>-33.4088700</LatitudeDegrees>
      <LongitudeDegrees>-71.1760000</LongitudeDegrees>
     </Position>
     <AltitudeMeters>219.74</AltitudeMeters>
     <DistanceMeters>99313.76913726101</DistanceMeters>
    </Trackpoint>
    <Trackpoint>
     <Time>2026-07-19T04:11:52+00:00</Time>
     <Position>
      <LatitudeDegrees>-33.4088000</LatitudeDegrees>
      <LongitudeDegrees>-71.1759600</LongitudeDegrees>
     </Position>
     <AltitudeMeters>218.29000000000002</AltitudeMeters>
     <DistanceMeters>99322.40078038927</DistanceMeters>
    </Trackpoint>
    <Trackpoint>
     <Time>2026-07-19T04:11:59+00:00</Time>
     <Position>
      <LatitudeDegrees>-33.4090300</LatitudeDegrees>
      <LongitudeDegrees>-71.1753300</LongitudeDegrees>
     </Position>
     <AltitudeMeters>218.54000000000002</AltitudeMeters>
     <DistanceMeters>99386.28401622777</DistanceMeters>
    </Trackpoint>
    <Trackpoint>
     <Time>2026-07-19T04:12:06+00:00</Time>
     <Position>
      <LatitudeDegrees>-33.4091800</LatitudeDegrees>
      <LongitudeDegrees>-71.1746900</LongitudeDegrees>
     </Position>
     <AltitudeMeters>218.07000000000002</AltitudeMeters>
     <DistanceMeters>99448.04253650764</DistanceMeters>
    </Trackpoint>
    <Trackpoint>
     <Time>2026-07-19T04:12:13+00:00</Time>
     <Position>
      <LatitudeDegrees>-33.4093500</LatitudeDegrees>
      <LongitudeDegrees>-71.1739200</LongitudeDegrees>
     </Position>
     <AltitudeMeters>217.58</AltitudeMeters>
     <DistanceMeters>99522.03910292944</DistanceMeters>
    </Trackpoint>
    <Trackpoint>
     <Time>2026-07-19T04:12:20+00:00</Time>
     <Position>
      <LatitudeDegrees>-33.4095200</LatitudeDegrees>
      <LongitudeDegrees>-71.1731500</LongitudeDegrees>
     </Position>
     <AltitudeMeters>217.07000000000002</AltitudeMeters>
     <DistanceMeters>99596.03568581339</DistanceMeters>
    </Trackpoint>
    <Trackpoint>
     <Time>2026-07-19T04:12:28+00:00</Time>
     <Position>
      <LatitudeDegrees>-33.4098100</LatitudeDegrees>
      <LongitudeDegrees>-71.1725500</LongitudeDegrees>
     </Position>
     <AltitudeMeters>217.66000000000003</AltitudeMeters>
     <DistanceMeters>99660.44826806166</DistanceMeters>
    </Trackpoint>
    <Trackpoint>
     <Time>2026-07-19T04:12:35+00:00</Time>
     <Position>
      <LatitudeDegrees>-33.4099500</LatitudeDegrees>
      <LongitudeDegrees>-71.1721000</LongitudeDegrees>
     </Position>
     <AltitudeMeters>219.11</AltitudeMeters>
     <DistanceMeters>99705.06444484237</DistanceMeters>
    </Trackpoint>
    <Trackpoint>
     <Time>2026-07-19T04:12:42+00:00</Time>
     <Position>
      <LatitudeDegrees>-33.4100900</LatitudeDegrees>
      <LongitudeDegrees>-71.1715000</LongitudeDegrees>
     </Position>
     <AltitudeMeters>221.32000000000002</AltitudeMeters>
     <DistanceMeters>99762.94372766731</DistanceMeters>
    </Trackpoint>
    <Trackpoint>
     <Time>2026-07-19T04:12:49+00:00</Time>
     <Position>
      <LatitudeDegrees>-33.4094650</LatitudeDegrees>
      <LongitudeDegrees>-71.1713250</LongitudeDegrees>
     </Position>
     <AltitudeMeters>221.81</AltitudeMeters>
     <DistanceMeters>99834.37830632782</DistanceMeters>
    </Trackpoint>
    <Trackpoint>
     <Time>2026-07-19T04:12:56+00:00</Time>
     <Position>
      <LatitudeDegrees>-33.4088400</LatitudeDegrees>
      <LongitudeDegrees>-71.1711500</LongitudeDegrees>
     </Position>
     <AltitudeMeters>221.39000000000001</AltitudeMeters>
     <DistanceMeters>99905.8128924762</DistanceMeters>
    </Trackpoint>
    <Trackpoint>
     <Time>2026-07-19T04:13:03+00:00</Time>
     <Position>
      <LatitudeDegrees>-33.4090100</LatitudeDegrees>
      <LongitudeDegrees>-71.1705300</LongitudeDegrees>
     </Position>
     <AltitudeMeters>220.00000000000003</AltitudeMeters>
     <DistanceMeters>99966.44203440624</DistanceMeters>
    </Trackpoint>
    <Trackpoint>
     <Time>2026-07-19T04:13:10+00:00</Time>
     <Position>
      <LatitudeDegrees>-33.4091400</LatitudeDegrees>
      <LongitudeDegrees>-71.1702600</LongitudeDegrees>
     </Position>
     <AltitudeMeters>218.31</AltitudeMeters>
     <DistanceMeters>99995.40000012687</DistanceMeters>
    </Trackpoint>
    <Trackpoint>
     <Time>2026-07-19T04:13:17+00:00</Time>
     <Position>
      <LatitudeDegrees>-33.4094650</LatitudeDegrees>
      <LongitudeDegrees>-71.1697000</LongitudeDegrees>
     </Position>
     <AltitudeMeters>214.57</AltitudeMeters>
     <DistanceMeters>100058.76502502602</DistanceMeters>
    </Trackpoint>
    <Trackpoint>
     <Time>2026-07-19T04:13:24+00:00</Time>
     <Position>
      <LatitudeDegrees>-33.4097900</LatitudeDegrees>
      <LongitudeDegrees>-71.1691400</LongitudeDegrees>
     </Position>
     <AltitudeMeters>212.29</AltitudeMeters>
     <DistanceMeters>100122.13005421551</DistanceMeters>
    </Trackpoint>
    <Trackpoint>
     <Time>2026-07-19T04:13:31+00:00</Time>
     <Position>
      <LatitudeDegrees>-33.4100400</LatitudeDegrees>
      <LongitudeDegrees>-71.1684700</LongitudeDegrees>
     </Position>
     <AltitudeMeters>211.89000000000001</AltitudeMeters>
     <DistanceMeters>100190.31161292712</DistanceMeters>
    </Trackpoint>
    <Trackpoint>
     <Time>2026-07-19T04:13:38+00:00</Time>
     <Position>
      <LatitudeDegrees>-33.4101200</LatitudeDegrees>
      <LongitudeDegrees>-71.1679600</LongitudeDegrees>
     </Position>
     <AltitudeMeters>211.77</AltitudeMeters>
     <DistanceMeters>100238.52205497806</DistanceMeters>
    </Trackpoint>
    <Trackpoint>
     <Time>2026-07-19T04:13:45+00:00</Time>
     <Position>
      <LatitudeDegrees>-33.4103175</LatitudeDegrees>
      <LongitudeDegrees>-71.1669400</LongitudeDegrees>
     </Position>
     <AltitudeMeters>211.44000000000003</AltitudeMeters>
     <DistanceMeters>100335.79978418189</DistanceMeters>
    </Trackpoint>
    <Trackpoint>
     <Time>2026-07-19T04:13:52+00:00</Time>
     <Position>
      <LatitudeDegrees>-33.4105150</LatitudeDegrees>
      <LongitudeDegrees>-71.1659200</LongitudeDegrees>
     </Position>
     <AltitudeMeters>210.61</AltitudeMeters>
     <DistanceMeters>100433.07751338671</DistanceMeters>
    </Trackpoint>
    <Trackpoint>
     <Time>2026-07-19T04:13:59+00:00</Time>
     <Position>
      <LatitudeDegrees>-33.4107125</LatitudeDegrees>
      <LongitudeDegrees>-71.1649000</LongitudeDegrees>
     </Position>
     <AltitudeMeters>210.00000000000003</AltitudeMeters>
     <DistanceMeters>100530.3552425909</DistanceMeters>
    </Trackpoint>
    <Trackpoint>
     <Time>2026-07-19T04:14:07+00:00</Time>
     <Position>
      <LatitudeDegrees>-33.4109100</LatitudeDegrees>
      <LongitudeDegrees>-71.1638800</LongitudeDegrees>
     </Position>
     <AltitudeMeters>209.49</AltitudeMeters>
     <DistanceMeters>100627.63297021156</DistanceMeters>
    </Trackpoint>
    <Trackpoint>
     <Time>2026-07-19T04:14:14+00:00</Time>
     <Position>
      <LatitudeDegrees>-33.4110975</LatitudeDegrees>
      <LongitudeDegrees>-71.1628925</LongitudeDegrees>
     </Position>
     <AltitudeMeters>208.8</AltitudeMeters>
     <DistanceMeters>100721.71800332362</DistanceMeters>
    </Trackpoint>
    <Trackpoint>
     <Time>2026-07-19T04:14:21+00:00</Time>
     <Position>
      <LatitudeDegrees>-33.4112850</LatitudeDegrees>
      <LongitudeDegrees>-71.1619050</LongitudeDegrees>
     </Position>
     <AltitudeMeters>208.21</AltitudeMeters>
     <DistanceMeters>100815.80303643638</DistanceMeters>
    </Trackpoint>
    <Trackpoint>
     <Time>2026-07-19T04:14:28+00:00</Time>
     <Position>
      <LatitudeDegrees>-33.4114725</LatitudeDegrees>
      <LongitudeDegrees>-71.1609175</LongitudeDegrees>
     </Position>
     <AltitudeMeters>207.54000000000002</AltitudeMeters>
     <DistanceMeters>100909.88806954878</DistanceMeters>
    </Trackpoint>
    <Trackpoint>
     <Time>2026-07-19T04:14:35+00:00</Time>
     <Position>
      <LatitudeDegrees>-33.4116600</LatitudeDegrees>
      <LongitudeDegrees>-71.1599300</LongitudeDegrees>
     </Position>
     <AltitudeMeters>207.55</AltitudeMeters>
     <DistanceMeters>101003.97309390192</DistanceMeters>
    </Trackpoint>
    <Trackpoint>
     <Time>2026-07-19T04:14:42+00:00</Time>
     <Position>
      <LatitudeDegrees>-33.4112400</LatitudeDegrees>
      <LongitudeDegrees>-71.1598300</LongitudeDegrees>
     </Position>
     <AltitudeMeters>207.13</AltitudeMeters>
     <DistanceMeters>101051.63154551164</DistanceMeters>
    </Trackpoint>
    <Trackpoint>
     <Time>2026-07-19T04:14:49+00:00</Time>
     <Position>
      <LatitudeDegrees>-33.4111500</LatitudeDegrees>
      <LongitudeDegrees>-71.1597600</LongitudeDegrees>
     </Position>
     <AltitudeMeters>207.13</AltitudeMeters>
     <DistanceMeters>101063.57408410113</DistanceMeters>
    </Trackpoint>
    <Trackpoint>
     <Time>2026-07-19T04:14:56+00:00</Time>
     <Position>
      <LatitudeDegrees>-33.4111300</LatitudeDegrees>
      <LongitudeDegrees>-71.1596500</LongitudeDegrees>
     </Position>
     <AltitudeMeters>207.13</AltitudeMeters>
     <DistanceMeters>101074.03302771048</DistanceMeters>
    </Trackpoint>
    <Trackpoint>
     <Time>2026-07-19T04:15:03+00:00</Time>
     <Position>
      <LatitudeDegrees>-33.4111100</LatitudeDegrees>
      <LongitudeDegrees>-71.1588600</LongitudeDegrees>
     </Position>
     <AltitudeMeters>205.5</AltitudeMeters>
     <DistanceMeters>101147.4601978838</DistanceMeters>
    </Trackpoint>
    <Trackpoint>
     <Time>2026-07-19T04:15:10+00:00</Time>
     <Position>
      <LatitudeDegrees>-33.4110667</LatitudeDegrees>
      <LongitudeDegrees>-71.1580233</LongitudeDegrees>
     </Position>
     <AltitudeMeters>205.01000000000002</AltitudeMeters>
     <DistanceMeters>101225.33864321688</DistanceMeters>
    </Trackpoint>
    <Trackpoint>
     <Time>2026-07-19T04:15:17+00:00</Time>
     <Position>
      <LatitudeDegrees>-33.4110233</LatitudeDegrees>
      <LongitudeDegrees>-71.1571867</LongitudeDegrees>
     </Position>
     <AltitudeMeters>205.12000000000003</AltitudeMeters>
     <DistanceMeters>101303.21708855037</DistanceMeters>
    </Trackpoint>
    <Trackpoint>
     <Time>2026-07-19T04:15:24+00:00</Time>
     <Position>
      <LatitudeDegrees>-33.4109800</LatitudeDegrees>
      <LongitudeDegrees>-71.1563500</LongitudeDegrees>
     </Position>
     <AltitudeMeters>205.99</AltitudeMeters>
     <DistanceMeters>101381.09552657935</DistanceMeters>
    </Trackpoint>
    <Trackpoint>
     <Time>2026-07-19T04:15:31+00:00</Time>
     <Position>
      <LatitudeDegrees>-33.4109700</LatitudeDegrees>
      <LongitudeDegrees>-71.1563400</LongitudeDegrees>
     </Position>
     <AltitudeMeters>205.99</AltitudeMeters>
     <DistanceMeters>101381.09552657935</DistanceMeters>
    </Trackpoint>
    <Trackpoint>
     <Time>2026-07-19T04:15:39+00:00</Time>
     <Position>
      <LatitudeDegrees>-33.4109100</LatitudeDegrees>
      <LongitudeDegrees>-71.1562600</LongitudeDegrees>
     </Position>
     <AltitudeMeters>206.02</AltitudeMeters>
     <DistanceMeters>101391.08705913457</DistanceMeters>
    </Trackpoint>
    <Trackpoint>
     <Time>2026-07-19T04:15:46+00:00</Time>
     <Position>
      <LatitudeDegrees>-33.4108000</LatitudeDegrees>
      <LongitudeDegrees>-71.1562500</LongitudeDegrees>
     </Position>
     <AltitudeMeters>205.94</AltitudeMeters>
     <DistanceMeters>101403.3647834856</DistanceMeters>
    </Trackpoint>
    <Trackpoint>
     <Time>2026-07-19T04:15:53+00:00</Time>
     <Position>
      <LatitudeDegrees>-33.4100100</LatitudeDegrees>
      <LongitudeDegrees>-71.1566500</LongitudeDegrees>
     </Position>
     <AltitudeMeters>205.17000000000002</AltitudeMeters>
     <DistanceMeters>101498.81915293453</DistanceMeters>
    </Trackpoint>
    <Trackpoint>
     <Time>2026-07-19T04:16:00+00:00</Time>
     <Position>
      <LatitudeDegrees>-33.4097400</LatitudeDegrees>
      <LongitudeDegrees>-71.1568300</LongitudeDegrees>
     </Position>
     <AltitudeMeters>205.34000000000003</AltitudeMeters>
     <DistanceMeters>101533.208748157</DistanceMeters>
    </Trackpoint>
    <Trackpoint>
     <Time>2026-07-19T04:16:07+00:00</Time>
     <Position>
      <LatitudeDegrees>-33.4091200</LatitudeDegrees>
      <LongitudeDegrees>-71.1573700</LongitudeDegrees>
     </Position>
     <AltitudeMeters>205.62000000000003</AltitudeMeters>
     <DistanceMeters>101618.52199481628</DistanceMeters>
    </Trackpoint>
    <Trackpoint>
     <Time>2026-07-19T04:16:14+00:00</Time>
     <Position>
      <LatitudeDegrees>-33.4086800</LatitudeDegrees>
      <LongitudeDegrees>-71.1576000</LongitudeDegrees>
     </Position>
     <AltitudeMeters>205.66</AltitudeMeters>
     <DistanceMeters>101671.95116891153</DistanceMeters>
    </Trackpoint>
    <Trackpoint>
     <Time>2026-07-19T04:16:21+00:00</Time>
     <Position>
      <LatitudeDegrees>-33.4082400</LatitudeDegrees>
      <LongitudeDegrees>-71.1578300</LongitudeDegrees>
     </Position>
     <AltitudeMeters>205.39000000000001</AltitudeMeters>
     <DistanceMeters>101725.38031384793</DistanceMeters>
    </Trackpoint>
    <Trackpoint>
     <Time>2026-07-19T04:16:28+00:00</Time>
     <Position>
      <LatitudeDegrees>-33.4078000</LatitudeDegrees>
      <LongitudeDegrees>-71.1580100</LongitudeDegrees>
     </Position>
     <AltitudeMeters>205.35</AltitudeMeters>
     <DistanceMeters>101777.12714278532</DistanceMeters>
    </Trackpoint>
    <Trackpoint>
     <Time>2026-07-19T04:16:35+00:00</Time>
     <Position>
      <LatitudeDegrees>-33.4071900</LatitudeDegrees>
      <LongitudeDegrees>-71.1581300</LongitudeDegrees>
     </Position>
     <AltitudeMeters>205.38</AltitudeMeters>
     <DistanceMeters>101845.92683807953</DistanceMeters>
    </Trackpoint>
    <Trackpoint>
     <Time>2026-07-19T04:16:42+00:00</Time>
     <Position>
      <LatitudeDegrees>-33.4067300</LatitudeDegrees>
      <LongitudeDegrees>-71.1581750</LongitudeDegrees>
     </Position>
     <AltitudeMeters>205.54000000000002</AltitudeMeters>
     <DistanceMeters>101897.29328760947</DistanceMeters>
    </Trackpoint>
    <Trackpoint>
     <Time>2026-07-19T04:16:49+00:00</Time>
     <Position>
      <LatitudeDegrees>-33.4062700</LatitudeDegrees>
      <LongitudeDegrees>-71.1582200</LongitudeDegrees>
     </Position>
     <AltitudeMeters>205.81</AltitudeMeters>
     <DistanceMeters>101948.65971892125</DistanceMeters>
    </Trackpoint>
    <Trackpoint>
     <Time>2026-07-19T04:16:56+00:00</Time>
     <Position>
      <LatitudeDegrees>-33.4061200</LatitudeDegrees>
      <LongitudeDegrees>-71.1582700</LongitudeDegrees>
     </Position>
     <AltitudeMeters>205.81</AltitudeMeters>
     <DistanceMeters>101965.98834503046</DistanceMeters>
    </Trackpoint>
    <Trackpoint>
     <Time>2026-07-19T04:17:03+00:00</Time>
     <Position>
      <LatitudeDegrees>-33.4055950</LatitudeDegrees>
      <LongitudeDegrees>-71.1584950</LongitudeDegrees>
     </Position>
     <AltitudeMeters>206.0</AltitudeMeters>
     <DistanceMeters>102028.04548677066</DistanceMeters>
    </Trackpoint>
    <Trackpoint>
     <Time>2026-07-19T04:17:11+00:00</Time>
     <Position>
      <LatitudeDegrees>-33.4050700</LatitudeDegrees>
      <LongitudeDegrees>-71.1587200</LongitudeDegrees>
     </Position>
     <AltitudeMeters>206.1</AltitudeMeters>
     <DistanceMeters>102090.10266211821</DistanceMeters>
    </Trackpoint>
    <Trackpoint>
     <Time>2026-07-19T04:17:18+00:00</Time>
     <Position>
      <LatitudeDegrees>-33.4046800</LatitudeDegrees>
      <LongitudeDegrees>-71.1589500</LongitudeDegrees>
     </Position>
     <AltitudeMeters>206.27</AltitudeMeters>
     <DistanceMeters>102138.48309064431</DistanceMeters>
    </Trackpoint>
    <Trackpoint>
     <Time>2026-07-19T04:17:25+00:00</Time>
     <Position>
      <LatitudeDegrees>-33.4042150</LatitudeDegrees>
      <LongitudeDegrees>-71.1593500</LongitudeDegrees>
     </Position>
     <AltitudeMeters>206.31000000000003</AltitudeMeters>
     <DistanceMeters>102202.19725811377</DistanceMeters>
    </Trackpoint>
    <Trackpoint>
     <Time>2026-07-19T04:17:32+00:00</Time>
     <Position>
      <LatitudeDegrees>-33.4037500</LatitudeDegrees>
      <LongitudeDegrees>-71.1597500</LongitudeDegrees>
     </Position>
     <AltitudeMeters>206.55</AltitudeMeters>
     <DistanceMeters>102265.91144977887</DistanceMeters>
    </Trackpoint>
    <Trackpoint>
     <Time>2026-07-19T04:17:39+00:00</Time>
     <Position>
      <LatitudeDegrees>-33.4029067</LatitudeDegrees>
      <LongitudeDegrees>-71.1600900</LongitudeDegrees>
     </Position>
     <AltitudeMeters>206.73000000000002</AltitudeMeters>
     <DistanceMeters>102364.9443614519</DistanceMeters>
    </Trackpoint>
    <Trackpoint>
     <Time>2026-07-19T04:17:46+00:00</Time>
     <Position>
      <LatitudeDegrees>-33.4020633</LatitudeDegrees>
      <LongitudeDegrees>-71.1604300</LongitudeDegrees>
     </Position>
     <AltitudeMeters>207.13</AltitudeMeters>
     <DistanceMeters>102463.9772731258</DistanceMeters>
    </Trackpoint>
    <Trackpoint>
     <Time>2026-07-19T04:17:53+00:00</Time>
     <Position>
      <LatitudeDegrees>-33.4012200</LatitudeDegrees>
      <LongitudeDegrees>-71.1607700</LongitudeDegrees>
     </Position>
     <AltitudeMeters>207.95000000000002</AltitudeMeters>
     <DistanceMeters>102563.01019746588</DistanceMeters>
    </Trackpoint>
    <Trackpoint>
     <Time>2026-07-19T04:18:00+00:00</Time>
     <Position>
      <LatitudeDegrees>-33.4007900</LatitudeDegrees>
      <LongitudeDegrees>-71.1609600</LongitudeDegrees>
     </Position>
     <AltitudeMeters>208.28000000000003</AltitudeMeters>
     <DistanceMeters>102614.01957894707</DistanceMeters>
    </Trackpoint>
    <Trackpoint>
     <Time>2026-07-19T04:18:07+00:00</Time>
     <Position>
      <LatitudeDegrees>-33.4001733</LatitudeDegrees>
      <LongitudeDegrees>-71.1613700</LongitudeDegrees>
     </Position>
     <AltitudeMeters>209.03000000000003</AltitudeMeters>
     <DistanceMeters>102692.51570000358</DistanceMeters>
    </Trackpoint>
    <Trackpoint>
     <Time>2026-07-19T04:18:14+00:00</Time>
     <Position>
      <LatitudeDegrees>-33.3995567</LatitudeDegrees>
      <LongitudeDegrees>-71.1617800</LongitudeDegrees>
     </Position>
     <AltitudeMeters>209.63</AltitudeMeters>
     <DistanceMeters>102771.01182105973</DistanceMeters>
    </Trackpoint>
    <Trackpoint>
     <Time>2026-07-19T04:18:21+00:00</Time>
     <Position>
      <LatitudeDegrees>-33.3989400</LatitudeDegrees>
      <LongitudeDegrees>-71.1621900</LongitudeDegrees>
     </Position>
     <AltitudeMeters>210.52</AltitudeMeters>
     <DistanceMeters>102849.50794584317</DistanceMeters>
    </Trackpoint>
    <Trackpoint>
     <Time>2026-07-19T04:18:28+00:00</Time>
     <Position>
      <LatitudeDegrees>-33.3988200</LatitudeDegrees>
      <LongitudeDegrees>-71.1624300</LongitudeDegrees>
     </Position>
     <AltitudeMeters>210.64000000000001</AltitudeMeters>
     <DistanceMeters>102875.50128036719</DistanceMeters>
    </Trackpoint>
    <Trackpoint>
     <Time>2026-07-19T04:18:35+00:00</Time>
     <Position>
      <LatitudeDegrees>-33.3988000</LatitudeDegrees>
      <LongitudeDegrees>-71.1627400</LongitudeDegrees>
     </Position>
     <AltitudeMeters>210.62000000000003</AltitudeMeters>
     <DistanceMeters>102904.39119135877</DistanceMeters>
    </Trackpoint>
    <Trackpoint>
     <Time>2026-07-19T04:18:42+00:00</Time>
     <Position>
      <LatitudeDegrees>-33.3988450</LatitudeDegrees>
      <LongitudeDegrees>-71.1634250</LongitudeDegrees>
     </Position>
     <AltitudeMeters>210.49</AltitudeMeters>
     <DistanceMeters>102968.2355298777</DistanceMeters>
    </Trackpoint>
    <Trackpoint>
     <Time>2026-07-19T04:18:50+00:00</Time>
     <Position>
      <LatitudeDegrees>-33.3988900</LatitudeDegrees>
      <LongitudeDegrees>-71.1641100</LongitudeDegrees>
     </Position>
     <AltitudeMeters>210.35</AltitudeMeters>
     <DistanceMeters>103032.07986445272</DistanceMeters>
    </Trackpoint>
    <Trackpoint>
     <Time>2026-07-19T04:18:57+00:00</Time>
     <Position>
      <LatitudeDegrees>-33.3989900</LatitudeDegrees>
      <LongitudeDegrees>-71.1651300</LongitudeDegrees>
     </Position>
     <AltitudeMeters>209.78000000000003</AltitudeMeters>
     <DistanceMeters>103127.50548141629</DistanceMeters>
    </Trackpoint>
    <Trackpoint>
     <Time>2026-07-19T04:19:04+00:00</Time>
     <Position>
      <LatitudeDegrees>-33.3990900</LatitudeDegrees>
      <LongitudeDegrees>-71.1661500</LongitudeDegrees>
     </Position>
     <AltitudeMeters>210.06000000000003</AltitudeMeters>
     <DistanceMeters>103222.9310816411</DistanceMeters>
    </Trackpoint>
    <Trackpoint>
     <Time>2026-07-19T04:19:11+00:00</Time>
     <Position>
      <LatitudeDegrees>-33.3990900</LatitudeDegrees>
      <LongitudeDegrees>-71.1662800</LongitudeDegrees>
     </Position>
     <AltitudeMeters>210.21</AltitudeMeters>
     <DistanceMeters>103235.01015295944</DistanceMeters>
    </Trackpoint>
    <Trackpoint>
     <Time>2026-07-19T04:19:18+00:00</Time>
     <Position>
      <LatitudeDegrees>-33.3990200</LatitudeDegrees>
      <LongitudeDegrees>-71.1664600</LongitudeDegrees>
     </Position>
     <AltitudeMeters>210.34000000000003</AltitudeMeters>
     <DistanceMeters>103253.4605297238</DistanceMeters>
    </Trackpoint>
    <Trackpoint>
     <Time>2026-07-19T04:19:25+00:00</Time>
     <Position>
      <LatitudeDegrees>-33.3989300</LatitudeDegrees>
      <LongitudeDegrees>-71.1665500</LongitudeDegrees>
     </Position>
     <AltitudeMeters>210.31000000000003</AltitudeMeters>
     <DistanceMeters>103266.50901569916</DistanceMeters>
    </Trackpoint>
    <Trackpoint>
     <Time>2026-07-19T04:19:32+00:00</Time>
     <Position>
      <LatitudeDegrees>-33.3982500</LatitudeDegrees>
      <LongitudeDegrees>-71.1669650</LongitudeDegrees>
     </Position>
     <AltitudeMeters>210.59000000000003</AltitudeMeters>
     <DistanceMeters>103351.44741801388</DistanceMeters>
    </Trackpoint>
    <Trackpoint>
     <Time>2026-07-19T04:19:39+00:00</Time>
     <Position>
      <LatitudeDegrees>-33.3975700</LatitudeDegrees>
      <LongitudeDegrees>-71.1673800</LongitudeDegrees>
     </Position>
     <AltitudeMeters>210.94000000000003</AltitudeMeters>
     <DistanceMeters>103436.38584347756</DistanceMeters>
    </Trackpoint>
    <Trackpoint>
     <Time>2026-07-19T04:19:46+00:00</Time>
     <Position>
      <LatitudeDegrees>-33.3973100</LatitudeDegrees>
      <LongitudeDegrees>-71.1675200</LongitudeDegrees>
     </Position>
     <AltitudeMeters>211.06000000000003</AltitudeMeters>
     <DistanceMeters>103468.11222557817</DistanceMeters>
    </Trackpoint>
    <Trackpoint>
     <Time>2026-07-19T04:19:53+00:00</Time>
     <Position>
      <LatitudeDegrees>-33.3969000</LatitudeDegrees>
      <LongitudeDegrees>-71.1677100</LongitudeDegrees>
     </Position>
     <AltitudeMeters>211.29</AltitudeMeters>
     <DistanceMeters>103517.03959971401</DistanceMeters>
    </Trackpoint>
    <Trackpoint>
     <Time>2026-07-19T04:20:00+00:00</Time>
     <Position>
      <LatitudeDegrees>-33.3962200</LatitudeDegrees>
      <LongitudeDegrees>-71.1679700</LongitudeDegrees>
     </Position>
     <AltitudeMeters>212.01</AltitudeMeters>
     <DistanceMeters>103596.48312045408</DistanceMeters>
    </Trackpoint>
    <Trackpoint>
     <Time>2026-07-19T04:20:07+00:00</Time>
     <Position>
      <LatitudeDegrees>-33.3957300</LatitudeDegrees>
      <LongitudeDegrees>-71.1682000</LongitudeDegrees>
     </Position>
     <AltitudeMeters>212.53000000000003</AltitudeMeters>
     <DistanceMeters>103655.05607927735</DistanceMeters>
    </Trackpoint>
    <Trackpoint>
     <Time>2026-07-19T04:20:14+00:00</Time>
     <Position>
      <LatitudeDegrees>-33.3955300</LatitudeDegrees>
      <LongitudeDegrees>-71.1682500</LongitudeDegrees>
     </Position>
     <AltitudeMeters>212.70000000000002</AltitudeMeters>
     <DistanceMeters>103677.79490677243</DistanceMeters>
    </Trackpoint>
    <Trackpoint>
     <Time>2026-07-19T04:20:22+00:00</Time>
     <Position>
      <LatitudeDegrees>-33.3952800</LatitudeDegrees>
      <LongitudeDegrees>-71.1682300</LongitudeDegrees>
     </Position>
     <AltitudeMeters>212.88</AltitudeMeters>
     <DistanceMeters>103705.68082001786</DistanceMeters>
    </Trackpoint>
    <Trackpoint>
     <Time>2026-07-19T04:20:29+00:00</Time>
     <Position>
      <LatitudeDegrees>-33.3950600</LatitudeDegrees>
      <LongitudeDegrees>-71.1681600</LongitudeDegrees>
     </Position>
     <AltitudeMeters>213.09000000000003</AltitudeMeters>
     <DistanceMeters>103731.01508496993</DistanceMeters>
    </Trackpoint>
    <Trackpoint>
     <Time>2026-07-19T04:20:36+00:00</Time>
     <Position>
      <LatitudeDegrees>-33.3943550</LatitudeDegrees>
      <LongitudeDegrees>-71.1678700</LongitudeDegrees>
     </Position>
     <AltitudeMeters>213.57</AltitudeMeters>
     <DistanceMeters>103813.97688578008</DistanceMeters>
    </Trackpoint>
    <Trackpoint>
     <Time>2026-07-19T04:20:43+00:00</Time>
     <Position>
      <LatitudeDegrees>-33.3936500</LatitudeDegrees>
      <LongitudeDegrees>-71.1675800</LongitudeDegrees>
     </Position>
     <AltitudeMeters>213.65</AltitudeMeters>
     <DistanceMeters>103896.93867231968</DistanceMeters>
    </Trackpoint>
    <Trackpoint>
     <Time>2026-07-19T04:20:50+00:00</Time>
     <Position>
      <LatitudeDegrees>-33.3929043</LatitudeDegrees>
      <LongitudeDegrees>-71.1672914</LongitudeDegrees>
     </Position>
     <AltitudeMeters>213.28000000000003</AltitudeMeters>
     <DistanceMeters>103984.15792038025</DistanceMeters>
    </Trackpoint>
    <Trackpoint>
     <Time>2026-07-19T04:20:57+00:00</Time>
     <Position>
      <LatitudeDegrees>-33.3921586</LatitudeDegrees>
      <LongitudeDegrees>-71.1670028</LongitudeDegrees>
     </Position>
     <AltitudeMeters>213.39000000000001</AltitudeMeters>
     <DistanceMeters>104071.37716843838</DistanceMeters>
    </Trackpoint>
    <Trackpoint>
     <Time>2026-07-19T04:21:04+00:00</Time>
     <Position>
      <LatitudeDegrees>-33.3914129</LatitudeDegrees>
      <LongitudeDegrees>-71.1667143</LongitudeDegrees>
     </Position>
     <AltitudeMeters>214.04</AltitudeMeters>
     <DistanceMeters>104158.59641649706</DistanceMeters>
    </Trackpoint>
    <Trackpoint>
     <Time>2026-07-19T04:21:11+00:00</Time>
     <Position>
      <LatitudeDegrees>-33.3906671</LatitudeDegrees>
      <LongitudeDegrees>-71.1664257</LongitudeDegrees>
     </Position>
     <AltitudeMeters>214.67000000000002</AltitudeMeters>
     <DistanceMeters>104245.81566455554</DistanceMeters>
    </Trackpoint>
    <Trackpoint>
     <Time>2026-07-19T04:21:18+00:00</Time>
     <Position>
      <LatitudeDegrees>-33.3899214</LatitudeDegrees>
      <LongitudeDegrees>-71.1661371</LongitudeDegrees>
     </Position>
     <AltitudeMeters>215.20000000000002</AltitudeMeters>
     <DistanceMeters>104333.03491261537</DistanceMeters>
    </Trackpoint>
    <Trackpoint>
     <Time>2026-07-19T04:21:25+00:00</Time>
     <Position>
      <LatitudeDegrees>-33.3891757</LatitudeDegrees>
      <LongitudeDegrees>-71.1658486</LongitudeDegrees>
     </Position>
     <AltitudeMeters>215.83</AltitudeMeters>
     <DistanceMeters>104420.25416067464</DistanceMeters>
    </Trackpoint>
    <Trackpoint>
     <Time>2026-07-19T04:21:32+00:00</Time>
     <Position>
      <LatitudeDegrees>-33.3884300</LatitudeDegrees>
      <LongitudeDegrees>-71.1655600</LongitudeDegrees>
     </Position>
     <AltitudeMeters>216.42000000000002</AltitudeMeters>
     <DistanceMeters>104507.4734038478</DistanceMeters>
    </Trackpoint>
    <Trackpoint>
     <Time>2026-07-19T04:21:39+00:00</Time>
     <Position>
      <LatitudeDegrees>-33.3882800</LatitudeDegrees>
      <LongitudeDegrees>-71.1654800</LongitudeDegrees>
     </Position>
     <AltitudeMeters>216.60000000000002</AltitudeMeters>
     <DistanceMeters>104525.74821188272</DistanceMeters>
    </Trackpoint>
    <Trackpoint>
     <Time>2026-07-19T04:21:46+00:00</Time>
     <Position>
      <LatitudeDegrees>-33.3881500</LatitudeDegrees>
      <LongitudeDegrees>-71.1653700</LongitudeDegrees>
     </Position>
     <AltitudeMeters>216.60000000000002</AltitudeMeters>
     <DistanceMeters>104543.4633364185</DistanceMeters>
    </Trackpoint>
    <Trackpoint>
     <Time>2026-07-19T04:21:54+00:00</Time>
     <Position>
      <LatitudeDegrees>-33.3880900</LatitudeDegrees>
      <LongitudeDegrees>-71.1652800</LongitudeDegrees>
     </Position>
     <AltitudeMeters>216.60000000000002</AltitudeMeters>
     <DistanceMeters>104554.16568096548</DistanceMeters>
    </Trackpoint>
    <Trackpoint>
     <Time>2026-07-19T04:22:01+00:00</Time>
     <Position>
      <LatitudeDegrees>-33.3879900</LatitudeDegrees>
      <LongitudeDegrees>-71.1651200</LongitudeDegrees>
     </Position>
     <AltitudeMeters>216.65</AltitudeMeters>
     <DistanceMeters>104572.73818149845</DistanceMeters>
    </Trackpoint>
    <Trackpoint>
     <Time>2026-07-19T04:22:08+00:00</Time>
     <Position>
      <LatitudeDegrees>-33.3878700</LatitudeDegrees>
      <LongitudeDegrees>-71.1647100</LongitudeDegrees>
     </Position>
     <AltitudeMeters>216.89000000000001</AltitudeMeters>
     <DistanceMeters>104613.11157905364</DistanceMeters>
    </Trackpoint>
    <Trackpoint>
     <Time>2026-07-19T04:22:15+00:00</Time>
     <Position>
      <LatitudeDegrees>-33.3877800</LatitudeDegrees>
      <LongitudeDegrees>-71.1645300</LongitudeDegrees>
     </Position>
     <AltitudeMeters>217.05</AltitudeMeters>
     <DistanceMeters>104632.60840510487</DistanceMeters>
    </Trackpoint>
    <Trackpoint>
     <Time>2026-07-19T04:22:22+00:00</Time>
     <Position>
      <LatitudeDegrees>-33.3876900</LatitudeDegrees>
      <LongitudeDegrees>-71.1644400</LongitudeDegrees>
     </Position>
     <AltitudeMeters>217.11</AltitudeMeters>
     <DistanceMeters>104645.65758421858</DistanceMeters>
    </Trackpoint>
    <Trackpoint>
     <Time>2026-07-19T04:22:29+00:00</Time>
     <Position>
      <LatitudeDegrees>-33.3875800</LatitudeDegrees>
      <LongitudeDegrees>-71.1643500</LongitudeDegrees>
     </Position>
     <AltitudeMeters>217.14000000000001</AltitudeMeters>
     <DistanceMeters>104660.48418698226</DistanceMeters>
    </Trackpoint>
    <Trackpoint>
     <Time>2026-07-19T04:22:36+00:00</Time>
     <Position>
      <LatitudeDegrees>-33.3874700</LatitudeDegrees>
      <LongitudeDegrees>-71.1643100</LongitudeDegrees>
     </Position>
     <AltitudeMeters>217.14000000000001</AltitudeMeters>
     <DistanceMeters>104673.27857956306</DistanceMeters>
    </Trackpoint>
    <Trackpoint>
     <Time>2026-07-19T04:22:43+00:00</Time>
     <Position>
      <LatitudeDegrees>-33.3872200</LatitudeDegrees>
      <LongitudeDegrees>-71.1643200</LongitudeDegrees>
     </Position>
     <AltitudeMeters>217.23</AltitudeMeters>
     <DistanceMeters>104701.1180135878</DistanceMeters>
    </Trackpoint>
    <Trackpoint>
     <Time>2026-07-19T04:22:50+00:00</Time>
     <Position>
      <LatitudeDegrees>-33.3870500</LatitudeDegrees>
      <LongitudeDegrees>-71.1644000</LongitudeDegrees>
     </Position>
     <AltitudeMeters>217.23</AltitudeMeters>
     <DistanceMeters>104721.44644738894</DistanceMeters>
    </Trackpoint>
    <Trackpoint>
     <Time>2026-07-19T04:22:57+00:00</Time>
     <Position>
      <LatitudeDegrees>-33.3864967</LatitudeDegrees>
      <LongitudeDegrees>-71.1647567</LongitudeDegrees>
     </Position>
     <AltitudeMeters>217.54000000000002</AltitudeMeters>
     <DistanceMeters>104791.38304120707</DistanceMeters>
    </Trackpoint>
    <Trackpoint>
     <Time>2026-07-19T04:23:04+00:00</Time>
     <Position>
      <LatitudeDegrees>-33.3859433</LatitudeDegrees>
      <LongitudeDegrees>-71.1651133</LongitudeDegrees>
     </Position>
     <AltitudeMeters>218.2</AltitudeMeters>
     <DistanceMeters>104861.31963502332</DistanceMeters>
    </Trackpoint>
    <Trackpoint>
     <Time>2026-07-19T04:23:11+00:00</Time>
     <Position>
      <LatitudeDegrees>-33.3853900</LatitudeDegrees>
      <LongitudeDegrees>-71.1654700</LongitudeDegrees>
     </Position>
     <AltitudeMeters>219.3</AltitudeMeters>
     <DistanceMeters>104931.25622325935</DistanceMeters>
    </Trackpoint>
    <Trackpoint>
     <Time>2026-07-19T04:23:18+00:00</Time>
     <Position>
      <LatitudeDegrees>-33.3851400</LatitudeDegrees>
      <LongitudeDegrees>-71.1655600</LongitudeDegrees>
     </Position>
     <AltitudeMeters>219.56</AltitudeMeters>
     <DistanceMeters>104960.310019358</DistanceMeters>
    </Trackpoint>
    <Trackpoint>
     <Time>2026-07-19T04:23:25+00:00</Time>
     <Position>
      <LatitudeDegrees>-33.3849600</LatitudeDegrees>
      <LongitudeDegrees>-71.1655200</LongitudeDegrees>
     </Position>
     <AltitudeMeters>219.75000000000003</AltitudeMeters>
     <DistanceMeters>104980.68519670585</DistanceMeters>
    </Trackpoint>
    <Trackpoint>
     <Time>2026-07-19T04:23:33+00:00</Time>
     <Position>
      <LatitudeDegrees>-33.3843200</LatitudeDegrees>
      <LongitudeDegrees>-71.1653533</LongitudeDegrees>
     </Position>
     <AltitudeMeters>220.38000000000002</AltitudeMeters>
     <DistanceMeters>105053.57896970492</DistanceMeters>
    </Trackpoint>
    <Trackpoint>
     <Time>2026-07-19T04:23:40+00:00</Time>
     <Position>
      <LatitudeDegrees>-33.3836800</LatitudeDegrees>
      <LongitudeDegrees>-71.1651867</LongitudeDegrees>
     </Position>
     <AltitudeMeters>220.62</AltitudeMeters>
     <DistanceMeters>105126.47274270607</DistanceMeters>
    </Trackpoint>
    <Trackpoint>
     <Time>2026-07-19T04:23:47+00:00</Time>
     <Position>
      <LatitudeDegrees>-33.3830400</LatitudeDegrees>
      <LongitudeDegrees>-71.1650200</LongitudeDegrees>
     </Position>
     <AltitudeMeters>221.26000000000002</AltitudeMeters>
     <DistanceMeters>105199.36653393976</DistanceMeters>
    </Trackpoint>
    <Trackpoint>
     <Time>2026-07-19T04:23:54+00:00</Time>
     <Position>
      <LatitudeDegrees>-33.3826050</LatitudeDegrees>
      <LongitudeDegrees>-71.1648200</LongitudeDegrees>
     </Position>
     <AltitudeMeters>221.26000000000002</AltitudeMeters>
     <DistanceMeters>105251.22541395547</DistanceMeters>
    </Trackpoint>
    <Trackpoint>
     <Time>2026-07-19T04:24:01+00:00</Time>
     <Position>
      <LatitudeDegrees>-33.3821700</LatitudeDegrees>
      <LongitudeDegrees>-71.1646200</LongitudeDegrees>
     </Position>
     <AltitudeMeters>222.69000000000003</AltitudeMeters>
     <DistanceMeters>105303.08431430139</DistanceMeters>
    </Trackpoint>
    <Trackpoint>
     <Time>2026-07-19T04:24:08+00:00</Time>
     <Position>
      <LatitudeDegrees>-33.3819600</LatitudeDegrees>
      <LongitudeDegrees>-71.1645800</LongitudeDegrees>
     </Position>
     <AltitudeMeters>222.69000000000003</AltitudeMeters>
     <DistanceMeters>105326.7501868065</DistanceMeters>
    </Trackpoint>
    <Trackpoint>
     <Time>2026-07-19T04:24:15+00:00</Time>
     <Position>
      <LatitudeDegrees>-33.3815800</LatitudeDegrees>
      <LongitudeDegrees>-71.1645800</LongitudeDegrees>
     </Position>
     <AltitudeMeters>223.22000000000003</AltitudeMeters>
     <DistanceMeters>105369.042544994</DistanceMeters>
    </Trackpoint>
    <Trackpoint>
     <Time>2026-07-19T04:24:22+00:00</Time>
     <Position>
      <LatitudeDegrees>-33.3810000</LatitudeDegrees>
      <LongitudeDegrees>-71.1646250</LongitudeDegrees>
     </Position>
     <AltitudeMeters>223.87</AltitudeMeters>
     <DistanceMeters>105433.72938465535</DistanceMeters>
    </Trackpoint>
    <Trackpoint>
     <Time>2026-07-19T04:24:29+00:00</Time>
     <Position>
      <LatitudeDegrees>-33.3804200</LatitudeDegrees>
      <LongitudeDegrees>-71.1646700</LongitudeDegrees>
     </Position>
     <AltitudeMeters>224.67000000000002</AltitudeMeters>
     <DistanceMeters>105498.41619363936</DistanceMeters>
    </Trackpoint>
    <Trackpoint>
     <Time>2026-07-19T04:24:36+00:00</Time>
     <Position>
      <LatitudeDegrees>-33.3802900</LatitudeDegrees>
      <LongitudeDegrees>-71.1646700</LongitudeDegrees>
     </Position>
     <AltitudeMeters>224.69000000000003</AltitudeMeters>
     <DistanceMeters>105512.88463196652</DistanceMeters>
    </Trackpoint>
    <Trackpoint>
     <Time>2026-07-19T04:24:43+00:00</Time>
     <Position>
      <LatitudeDegrees>-33.3801100</LatitudeDegrees>
      <LongitudeDegrees>-71.1645800</LongitudeDegrees>
     </Position>
     <AltitudeMeters>224.66000000000003</AltitudeMeters>
     <DistanceMeters>105534.59386265751</DistanceMeters>
    </Trackpoint>
    <Trackpoint>
     <Time>2026-07-19T04:24:50+00:00</Time>
     <Position>
      <LatitudeDegrees>-33.3799500</LatitudeDegrees>
      <LongitudeDegrees>-71.1644400</LongitudeDegrees>
     </Position>
     <AltitudeMeters>224.47000000000003</AltitudeMeters>
     <DistanceMeters>105556.64808059408</DistanceMeters>
    </Trackpoint>
    <Trackpoint>
     <Time>2026-07-19T04:24:57+00:00</Time>
     <Position>
      <LatitudeDegrees>-33.3794200</LatitudeDegrees>
      <LongitudeDegrees>-71.1638867</LongitudeDegrees>
     </Position>
     <AltitudeMeters>223.92000000000002</AltitudeMeters>
     <DistanceMeters>105634.90401893295</DistanceMeters>
    </Trackpoint>
    <Trackpoint>
     <Time>2026-07-19T04:25:05+00:00</Time>
     <Position>
      <LatitudeDegrees>-33.3788900</LatitudeDegrees>
      <LongitudeDegrees>-71.1633333</LongitudeDegrees>
     </Position>
     <AltitudeMeters>223.46</AltitudeMeters>
     <DistanceMeters>105713.15995727124</DistanceMeters>
    </Trackpoint>
    <Trackpoint>
     <Time>2026-07-19T04:25:12+00:00</Time>
     <Position>
      <LatitudeDegrees>-33.3783600</LatitudeDegrees>
      <LongitudeDegrees>-71.1627800</LongitudeDegrees>
     </Position>
     <AltitudeMeters>223.06</AltitudeMeters>
     <DistanceMeters>105791.41587575816</DistanceMeters>
    </Trackpoint>
    <Trackpoint>
     <Time>2026-07-19T04:25:19+00:00</Time>
     <Position>
      <LatitudeDegrees>-33.3780900</LatitudeDegrees>
      <LongitudeDegrees>-71.1625600</LongitudeDegrees>
     </Position>
     <AltitudeMeters>222.84</AltitudeMeters>
     <DistanceMeters>105827.76210339087</DistanceMeters>
    </Trackpoint>
    <Trackpoint>
     <Time>2026-07-19T04:25:26+00:00</Time>
     <Position>
      <LatitudeDegrees>-33.3777600</LatitudeDegrees>
      <LongitudeDegrees>-71.1623800</LongitudeDegrees>
     </Position>
     <AltitudeMeters>222.45000000000002</AltitudeMeters>
     <DistanceMeters>105868.12015284623</DistanceMeters>
    </Trackpoint>
    <Trackpoint>
     <Time>2026-07-19T04:25:33+00:00</Time>
     <Position>
      <LatitudeDegrees>-33.3770400</LatitudeDegrees>
      <LongitudeDegrees>-71.1621100</LongitudeDegrees>
     </Position>
     <AltitudeMeters>222.12</AltitudeMeters>
     <DistanceMeters>105952.09021257653</DistanceMeters>
    </Trackpoint>
    <Trackpoint>
     <Time>2026-07-19T04:25:40+00:00</Time>
     <Position>
      <LatitudeDegrees>-33.3763200</LatitudeDegrees>
      <LongitudeDegrees>-71.1618400</LongitudeDegrees>
     </Position>
     <AltitudeMeters>222.24</AltitudeMeters>
     <DistanceMeters>106036.060285094</DistanceMeters>
    </Trackpoint>
    <Trackpoint>
     <Time>2026-07-19T04:25:47+00:00</Time>
     <Position>
      <LatitudeDegrees>-33.3761000</LatitudeDegrees>
      <LongitudeDegrees>-71.1617600</LongitudeDegrees>
     </Position>
     <AltitudeMeters>222.28</AltitudeMeters>
     <DistanceMeters>106061.64935134767</DistanceMeters>
    </Trackpoint>
    <Trackpoint>
     <Time>2026-07-19T04:25:54+00:00</Time>
     <Position>
      <LatitudeDegrees>-33.3752850</LatitudeDegrees>
      <LongitudeDegrees>-71.1617800</LongitudeDegrees>
     </Position>
     <AltitudeMeters>221.97000000000003</AltitudeMeters>
     <DistanceMeters>106152.3743851883</DistanceMeters>
    </Trackpoint>
    <Trackpoint>
     <Time>2026-07-19T04:26:01+00:00</Time>
     <Position>
      <LatitudeDegrees>-33.3744700</LatitudeDegrees>
      <LongitudeDegrees>-71.1618000</LongitudeDegrees>
     </Position>
     <AltitudeMeters>221.77</AltitudeMeters>
     <DistanceMeters>106243.0993975855</DistanceMeters>
    </Trackpoint>
    <Trackpoint>
     <Time>2026-07-19T04:26:08+00:00</Time>
     <Position>
      <LatitudeDegrees>-33.3740800</LatitudeDegrees>
      <LongitudeDegrees>-71.1618500</LongitudeDegrees>
     </Position>
     <AltitudeMeters>221.8</AltitudeMeters>
     <DistanceMeters>106286.75277225643</DistanceMeters>
    </Trackpoint>
    <Trackpoint>
     <Time>2026-07-19T04:26:15+00:00</Time>
     <Position>
      <LatitudeDegrees>-33.3734100</LatitudeDegrees>
      <LongitudeDegrees>-71.1619800</LongitudeDegrees>
     </Position>
     <AltitudeMeters>221.54000000000002</AltitudeMeters>
     <DistanceMeters>106362.29343267066</DistanceMeters>
    </Trackpoint>
    <Trackpoint>
     <Time>2026-07-19T04:26:22+00:00</Time>
     <Position>
      <LatitudeDegrees>-33.3731200</LatitudeDegrees>
      <LongitudeDegrees>-71.1619800</LongitudeDegrees>
     </Position>
     <AltitudeMeters>221.56</AltitudeMeters>
     <DistanceMeters>106394.56917970847</DistanceMeters>
    </Trackpoint>
    <Trackpoint>
     <Time>2026-07-19T04:26:29+00:00</Time>
     <Position>
      <LatitudeDegrees>-33.3728600</LatitudeDegrees>
      <LongitudeDegrees>-71.1619200</LongitudeDegrees>
     </Position>
     <AltitudeMeters>221.70000000000002</AltitudeMeters>
     <DistanceMeters>106424.03851345461</DistanceMeters>
    </Trackpoint>
    <Trackpoint>
     <Time>2026-07-19T04:26:37+00:00</Time>
     <Position>
      <LatitudeDegrees>-33.3726500</LatitudeDegrees>
      <LongitudeDegrees>-71.1618500</LongitudeDegrees>
     </Position>
     <AltitudeMeters>221.79000000000002</AltitudeMeters>
     <DistanceMeters>106448.2992609413</DistanceMeters>
    </Trackpoint>
    <Trackpoint>
     <Time>2026-07-19T04:26:44+00:00</Time>
     <Position>
      <LatitudeDegrees>-33.3724300</LatitudeDegrees>
      <LongitudeDegrees>-71.1617500</LongitudeDegrees>
     </Position>
     <AltitudeMeters>221.91000000000003</AltitudeMeters>
     <DistanceMeters>106474.48903184258</DistanceMeters>
    </Trackpoint>
    <Trackpoint>
     <Time>2026-07-19T04:26:51+00:00</Time>
     <Position>
      <LatitudeDegrees>-33.3717000</LatitudeDegrees>
      <LongitudeDegrees>-71.1611500</LongitudeDegrees>
     </Position>
     <AltitudeMeters>222.9</AltitudeMeters>
     <DistanceMeters>106573.0327358721</DistanceMeters>
    </Trackpoint>
    <Trackpoint>
     <Time>2026-07-19T04:26:58+00:00</Time>
     <Position>
      <LatitudeDegrees>-33.3709700</LatitudeDegrees>
      <LongitudeDegrees>-71.1605500</LongitudeDegrees>
     </Position>
     <AltitudeMeters>224.67000000000002</AltitudeMeters>
     <DistanceMeters>106671.57642186552</DistanceMeters>
    </Trackpoint>
    <Trackpoint>
     <Time>2026-07-19T04:27:05+00:00</Time>
     <Position>
      <LatitudeDegrees>-33.3705700</LatitudeDegrees>
      <LongitudeDegrees>-71.1603050</LongitudeDegrees>
     </Position>
     <AltitudeMeters>225.45000000000002</AltitudeMeters>
     <DistanceMeters>106721.58075287243</DistanceMeters>
    </Trackpoint>
    <Trackpoint>
     <Time>2026-07-19T04:27:12+00:00</Time>
     <Position>
      <LatitudeDegrees>-33.3701700</LatitudeDegrees>
      <LongitudeDegrees>-71.1600600</LongitudeDegrees>
     </Position>
     <AltitudeMeters>226.17000000000002</AltitudeMeters>
     <DistanceMeters>106771.58511522754</DistanceMeters>
    </Trackpoint>
    <Trackpoint>
     <Time>2026-07-19T04:27:19+00:00</Time>
     <Position>
      <LatitudeDegrees>-33.3694300</LatitudeDegrees>
      <LongitudeDegrees>-71.1594600</LongitudeDegrees>
     </Position>
     <AltitudeMeters>226.54000000000002</AltitudeMeters>
     <DistanceMeters>106871.04934528744</DistanceMeters>
    </Trackpoint>
    <Trackpoint>
     <Time>2026-07-19T04:27:26+00:00</Time>
     <Position>
      <LatitudeDegrees>-33.3686900</LatitudeDegrees>
      <LongitudeDegrees>-71.1588600</LongitudeDegrees>
     </Position>
     <AltitudeMeters>226.29000000000002</AltitudeMeters>
     <DistanceMeters>106970.51357534925</DistanceMeters>
    </Trackpoint>
    <Trackpoint>
     <Time>2026-07-19T04:27:33+00:00</Time>
     <Position>
      <LatitudeDegrees>-33.3679500</LatitudeDegrees>
      <LongitudeDegrees>-71.1582600</LongitudeDegrees>
     </Position>
     <AltitudeMeters>225.53</AltitudeMeters>
     <DistanceMeters>107069.97781200313</DistanceMeters>
    </Trackpoint>
   </Track>
  </Course>
 </Courses>
</TrainingCenterDatabase>
