<?xml version="1.0" encoding="UTF-8"?>
<TrainingCenterDatabase xsi:schemaLocation="http://www.garmin.com/xmlschemas/TrainingCenterDatabase/v2 http://www.garmin.com/xmlschemas/TrainingCenterDatabasev2.xsd" xmlns:ns5="http://www.garmin.com/xmlschemas/ActivityGoals/v1" xmlns:ns3="http://www.garmin.com/xmlschemas/ActivityExtension/v2" xmlns:ns2="http://www.garmin.com/xmlschemas/UserProfile/v2" xmlns="http://www.garmin.com/xmlschemas/TrainingCenterDatabase/v2" xmlns:xsi="http://www.w3.org/2001/XMLSchema-instance">
 <Folders/>
 <Courses>
  <Course>
   <Name>Melipilla - Mat</Name>
   <Lap>
    <TotalTimeSeconds>17160.891551250275</TotalTimeSeconds>
    <DistanceMeters>128605.04842905627</DistanceMeters>
    <Intensity>Active</Intensity>
   </Lap>
   <Track>
    <Trackpoint>
     <Time>2026-07-19T00:23:29+00:00</Time>
     <Position>
      <LatitudeDegrees>-33.7653500</LatitudeDegrees>
      <LongitudeDegrees>-71.2368900</LongitudeDegrees>
     </Position>
     <AltitudeMeters>164.97</AltitudeMeters>
     <DistanceMeters>0.0</DistanceMeters>
    </Trackpoint>
    <Trackpoint>
     <Time>2026-07-19T00:23:37+00:00</Time>
     <Position>
      <LatitudeDegrees>-33.7660800</LatitudeDegrees>
      <LongitudeDegrees>-71.2374200</LongitudeDegrees>
     </Position>
     <AltitudeMeters>156.66000000000003</AltitudeMeters>
     <DistanceMeters>94.89721898117502</DistanceMeters>
    </Trackpoint>
    <Trackpoint>
     <Time>2026-07-19T00:23:46+00:00</Time>
     <Position>
      <LatitudeDegrees>-33.7665500</LatitudeDegrees>
      <LongitudeDegrees>-71.2377300</LongitudeDegrees>
     </Position>
     <AltitudeMeters>153.9</AltitudeMeters>
     <DistanceMeters>154.55343220865794</DistanceMeters>
    </Trackpoint>
    <Trackpoint>
     <Time>2026-07-19T00:23:54+00:00</Time>
     <Position>
      <LatitudeDegrees>-33.7670400</LatitudeDegrees>
      <LongitudeDegrees>-71.2379600</LongitudeDegrees>
     </Position>
     <AltitudeMeters>150.55</AltitudeMeters>
     <DistanceMeters>213.09301812278756</DistanceMeters>
    </Trackpoint>
    <Trackpoint>
     <Time>2026-07-19T00:24:03+00:00</Time>
     <Position>
      <LatitudeDegrees>-33.7678950</LatitudeDegrees>
      <LongitudeDegrees>-71.2382700</LongitudeDegrees>
     </Position>
     <AltitudeMeters>147.08</AltitudeMeters>
     <DistanceMeters>312.4791847442623</DistanceMeters>
    </Trackpoint>
    <Trackpoint>
     <Time>2026-07-19T00:24:11+00:00</Time>
     <Position>
      <LatitudeDegrees>-33.7687500</LatitudeDegrees>
      <LongitudeDegrees>-71.2385800</LongitudeDegrees>
     </Position>
     <AltitudeMeters>144.73000000000002</AltitudeMeters>
     <DistanceMeters>411.86538236687454</DistanceMeters>
    </Trackpoint>
    <Trackpoint>
     <Time>2026-07-19T00:24:20+00:00</Time>
     <Position>
      <LatitudeDegrees>-33.7694567</LatitudeDegrees>
      <LongitudeDegrees>-71.2388467</LongitudeDegrees>
     </Position>
     <AltitudeMeters>143.45000000000002</AltitudeMeters>
     <DistanceMeters>494.29313075096417</DistanceMeters>
    </Trackpoint>
    <Trackpoint>
     <Time>2026-07-19T00:24:29+00:00</Time>
     <Position>
      <LatitudeDegrees>-33.7701633</LatitudeDegrees>
      <LongitudeDegrees>-71.2391133</LongitudeDegrees>
     </Position>
     <AltitudeMeters>142.16</AltitudeMeters>
     <DistanceMeters>576.7208791346969</DistanceMeters>
    </Trackpoint>
    <Trackpoint>
     <Time>2026-07-19T00:24:37+00:00</Time>
     <Position>
      <LatitudeDegrees>-33.7708700</LatitudeDegrees>
      <LongitudeDegrees>-71.2393800</LongitudeDegrees>
     </Position>
     <AltitudeMeters>141.51000000000002</AltitudeMeters>
     <DistanceMeters>659.14860967865</DistanceMeters>
    </Trackpoint>
    <Trackpoint>
     <Time>2026-07-19T00:24:46+00:00</Time>
     <Position>
      <LatitudeDegrees>-33.7716200</LatitudeDegrees>
      <LongitudeDegrees>-71.2396300</LongitudeDegrees>
     </Position>
     <AltitudeMeters>140.69</AltitudeMeters>
     <DistanceMeters>745.7655004827309</DistanceMeters>
    </Trackpoint>
    <Trackpoint>
     <Time>2026-07-19T00:24:54+00:00</Time>
     <Position>
      <LatitudeDegrees>-33.7724440</LatitudeDegrees>
      <LongitudeDegrees>-71.2399340</LongitudeDegrees>
     </Position>
     <AltitudeMeters>138.95000000000002</AltitudeMeters>
     <DistanceMeters>841.6886734553837</DistanceMeters>
    </Trackpoint>
    <Trackpoint>
     <Time>2026-07-19T00:25:03+00:00</Time>
     <Position>
      <LatitudeDegrees>-33.7732680</LatitudeDegrees>
      <LongitudeDegrees>-71.2402380</LongitudeDegrees>
     </Position>
     <AltitudeMeters>136.18</AltitudeMeters>
     <DistanceMeters>937.6118464306513</DistanceMeters>
    </Trackpoint>
    <Trackpoint>
     <Time>2026-07-19T00:25:11+00:00</Time>
     <Position>
      <LatitudeDegrees>-33.7740920</LatitudeDegrees>
      <LongitudeDegrees>-71.2405420</LongitudeDegrees>
     </Position>
     <AltitudeMeters>135.22</AltitudeMeters>
     <DistanceMeters>1033.5350194048326</DistanceMeters>
    </Trackpoint>
    <Trackpoint>
     <Time>2026-07-19T00:25:20+00:00</Time>
     <Position>
      <LatitudeDegrees>-33.7749160</LatitudeDegrees>
      <LongitudeDegrees>-71.2408460</LongitudeDegrees>
     </Position>
     <AltitudeMeters>134.8</AltitudeMeters>
     <DistanceMeters>1129.4581923783915</DistanceMeters>
    </Trackpoint>
    <Trackpoint>
     <Time>2026-07-19T00:25:29+00:00</Time>
     <Position>
      <LatitudeDegrees>-33.7757400</LatitudeDegrees>
      <LongitudeDegrees>-71.2411500</LongitudeDegrees>
     </Position>
     <AltitudeMeters>134.72</AltitudeMeters>
     <DistanceMeters>1225.3813607678171</DistanceMeters>
    </Trackpoint>
    <Trackpoint>
     <Time>2026-07-19T00:25:37+00:00</Time>
     <Position>
      <LatitudeDegrees>-33.7765100</LatitudeDegrees>
      <LongitudeDegrees>-71.2414475</LongitudeDegrees>
     </Position>
     <AltitudeMeters>134.49</AltitudeMeters>
     <DistanceMeters>1315.389852892495</DistanceMeters>
    </Trackpoint>
    <Trackpoint>
     <Time>2026-07-19T00:25:46+00:00</Time>
     <Position>
      <LatitudeDegrees>-33.7772800</LatitudeDegrees>
      <LongitudeDegrees>-71.2417450</LongitudeDegrees>
     </Position>
     <AltitudeMeters>135.09</AltitudeMeters>
     <DistanceMeters>1405.398345017519</DistanceMeters>
    </Trackpoint>
    <Trackpoint>
     <Time>2026-07-19T00:25:54+00:00</Time>
     <Position>
      <LatitudeDegrees>-33.7780500</LatitudeDegrees>
      <LongitudeDegrees>-71.2420425</LongitudeDegrees>
     </Position>
     <AltitudeMeters>135.88</AltitudeMeters>
     <DistanceMeters>1495.4068371424878</DistanceMeters>
    </Trackpoint>
    <Trackpoint>
     <Time>2026-07-19T00:26:03+00:00</Time>
     <Position>
      <LatitudeDegrees>-33.7788200</LatitudeDegrees>
      <LongitudeDegrees>-71.2423400</LongitudeDegrees>
     </Position>
     <AltitudeMeters>136.02</AltitudeMeters>
     <DistanceMeters>1585.4153314476878</DistanceMeters>
    </Trackpoint>
    <Trackpoint>
     <Time>2026-07-19T00:26:11+00:00</Time>
     <Position>
      <LatitudeDegrees>-33.7796500</LatitudeDegrees>
      <LongitudeDegrees>-71.2426500</LongitudeDegrees>
     </Position>
     <AltitudeMeters>135.18</AltitudeMeters>
     <DistanceMeters>1682.1396278794837</DistanceMeters>
    </Trackpoint>
    <Trackpoint>
     <Time>2026-07-19T00:26:20+00:00</Time>
     <Position>
      <LatitudeDegrees>-33.7804800</LatitudeDegrees>
      <LongitudeDegrees>-71.2429600</LongitudeDegrees>
     </Position>
     <AltitudeMeters>134.43</AltitudeMeters>
     <DistanceMeters>1778.863924311042</DistanceMeters>
    </Trackpoint>
    <Trackpoint>
     <Time>2026-07-19T00:26:29+00:00</Time>
     <Position>
      <LatitudeDegrees>-33.7813100</LatitudeDegrees>
      <LongitudeDegrees>-71.2432700</LongitudeDegrees>
     </Position>
     <AltitudeMeters>134.64000000000001</AltitudeMeters>
     <DistanceMeters>1875.5882063604813</DistanceMeters>
    </Trackpoint>
    <Trackpoint>
     <Time>2026-07-19T00:26:37+00:00</Time>
     <Position>
      <LatitudeDegrees>-33.7819000</LatitudeDegrees>
      <LongitudeDegrees>-71.2435100</LongitudeDegrees>
     </Position>
     <AltitudeMeters>135.4</AltitudeMeters>
     <DistanceMeters>1944.904235037708</DistanceMeters>
    </Trackpoint>
    <Trackpoint>
     <Time>2026-07-19T00:26:46+00:00</Time>
     <Position>
      <LatitudeDegrees>-33.7823300</LatitudeDegrees>
      <LongitudeDegrees>-71.2437300</LongitudeDegrees>
     </Position>
     <AltitudeMeters>135.46</AltitudeMeters>
     <DistanceMeters>1996.90872604978</DistanceMeters>
    </Trackpoint>
    <Trackpoint>
     <Time>2026-07-19T00:26:54+00:00</Time>
     <Position>
      <LatitudeDegrees>-33.7830025</LatitudeDegrees>
      <LongitudeDegrees>-71.2441800</LongitudeDegrees>
     </Position>
     <AltitudeMeters>134.61</AltitudeMeters>
     <DistanceMeters>2082.551667211771</DistanceMeters>
    </Trackpoint>
    <Trackpoint>
     <Time>2026-07-19T00:27:03+00:00</Time>
     <Position>
      <LatitudeDegrees>-33.7836750</LatitudeDegrees>
      <LongitudeDegrees>-71.2446300</LongitudeDegrees>
     </Position>
     <AltitudeMeters>133.48000000000002</AltitudeMeters>
     <DistanceMeters>2168.194608374133</DistanceMeters>
    </Trackpoint>
    <Trackpoint>
     <Time>2026-07-19T00:27:11+00:00</Time>
     <Position>
      <LatitudeDegrees>-33.7843475</LatitudeDegrees>
      <LongitudeDegrees>-71.2450800</LongitudeDegrees>
     </Position>
     <AltitudeMeters>132.26000000000002</AltitudeMeters>
     <DistanceMeters>2253.8375495363366</DistanceMeters>
    </Trackpoint>
    <Trackpoint>
     <Time>2026-07-19T00:27:20+00:00</Time>
     <Position>
      <LatitudeDegrees>-33.7850200</LatitudeDegrees>
      <LongitudeDegrees>-71.2455300</LongitudeDegrees>
     </Position>
     <AltitudeMeters>131.4</AltitudeMeters>
     <DistanceMeters>2339.480504836004</DistanceMeters>
    </Trackpoint>
    <Trackpoint>
     <Time>2026-07-19T00:27:29+00:00</Time>
     <Position>
      <LatitudeDegrees>-33.7857350</LatitudeDegrees>
      <LongitudeDegrees>-71.2460250</LongitudeDegrees>
     </Position>
     <AltitudeMeters>130.04000000000002</AltitudeMeters>
     <DistanceMeters>2431.2896504399196</DistanceMeters>
    </Trackpoint>
    <Trackpoint>
     <Time>2026-07-19T00:27:37+00:00</Time>
     <Position>
      <LatitudeDegrees>-33.7864500</LatitudeDegrees>
      <LongitudeDegrees>-71.2465200</LongitudeDegrees>
     </Position>
     <AltitudeMeters>129.03</AltitudeMeters>
     <DistanceMeters>2523.098784109269</DistanceMeters>
    </Trackpoint>
    <Trackpoint>
     <Time>2026-07-19T00:27:46+00:00</Time>
     <Position>
      <LatitudeDegrees>-33.7868000</LatitudeDegrees>
      <LongitudeDegrees>-71.2468600</LongitudeDegrees>
     </Position>
     <AltitudeMeters>128.64000000000001</AltitudeMeters>
     <DistanceMeters>2573.1633879143237</DistanceMeters>
    </Trackpoint>
    <Trackpoint>
     <Time>2026-07-19T00:27:54+00:00</Time>
     <Position>
      <LatitudeDegrees>-33.7871400</LatitudeDegrees>
      <LongitudeDegrees>-71.2472300</LongitudeDegrees>
     </Position>
     <AltitudeMeters>128.35000000000002</AltitudeMeters>
     <DistanceMeters>2624.1852712134882</DistanceMeters>
    </Trackpoint>
    <Trackpoint>
     <Time>2026-07-19T00:28:03+00:00</Time>
     <Position>
      <LatitudeDegrees>-33.7875900</LatitudeDegrees>
      <LongitudeDegrees>-71.2478600</LongitudeDegrees>
     </Position>
     <AltitudeMeters>128.22</AltitudeMeters>
     <DistanceMeters>2701.0239832077878</DistanceMeters>
    </Trackpoint>
    <Trackpoint>
     <Time>2026-07-19T00:28:11+00:00</Time>
     <Position>
      <LatitudeDegrees>-33.7879600</LatitudeDegrees>
      <LongitudeDegrees>-71.2484400</LongitudeDegrees>
     </Position>
     <AltitudeMeters>126.02000000000002</AltitudeMeters>
     <DistanceMeters>2768.6549015158976</DistanceMeters>
    </Trackpoint>
    <Trackpoint>
     <Time>2026-07-19T00:28:20+00:00</Time>
     <Position>
      <LatitudeDegrees>-33.7883300</LatitudeDegrees>
      <LongitudeDegrees>-71.2490200</LongitudeDegrees>
     </Position>
     <AltitudeMeters>124.19000000000001</AltitudeMeters>
     <DistanceMeters>2836.2858103690637</DistanceMeters>
    </Trackpoint>
    <Trackpoint>
     <Time>2026-07-19T00:28:29+00:00</Time>
     <Position>
      <LatitudeDegrees>-33.7884800</LatitudeDegrees>
      <LongitudeDegrees>-71.2492300</LongitudeDegrees>
     </Position>
     <AltitudeMeters>123.31000000000002</AltitudeMeters>
     <DistanceMeters>2861.8985354425017</DistanceMeters>
    </Trackpoint>
    <Trackpoint>
     <Time>2026-07-19T00:28:37+00:00</Time>
     <Position>
      <LatitudeDegrees>-33.7887700</LatitudeDegrees>
      <LongitudeDegrees>-71.2495000</LongitudeDegrees>
     </Position>
     <AltitudeMeters>122.26</AltitudeMeters>
     <DistanceMeters>2902.7083096135298</DistanceMeters>
    </Trackpoint>
    <Trackpoint>
     <Time>2026-07-19T00:28:46+00:00</Time>
     <Position>
      <LatitudeDegrees>-33.7889300</LatitudeDegrees>
      <LongitudeDegrees>-71.2496800</LongitudeDegrees>
     </Position>
     <AltitudeMeters>121.78000000000002</AltitudeMeters>
     <DistanceMeters>2927.0866797258977</DistanceMeters>
    </Trackpoint>
    <Trackpoint>
     <Time>2026-07-19T00:28:54+00:00</Time>
     <Position>
      <LatitudeDegrees>-33.7890200</LatitudeDegrees>
      <LongitudeDegrees>-71.2498800</LongitudeDegrees>
     </Position>
     <AltitudeMeters>120.13000000000001</AltitudeMeters>
     <DistanceMeters>2948.1237780727843</DistanceMeters>
    </Trackpoint>
    <Trackpoint>
     <Time>2026-07-19T00:29:03+00:00</Time>
     <Position>
      <LatitudeDegrees>-33.7890900</LatitudeDegrees>
      <LongitudeDegrees>-71.2503100</LongitudeDegrees>
     </Position>
     <AltitudeMeters>117.94</AltitudeMeters>
     <DistanceMeters>2988.6532285578523</DistanceMeters>
    </Trackpoint>
    <Trackpoint>
     <Time>2026-07-19T00:29:11+00:00</Time>
     <Position>
      <LatitudeDegrees>-33.7891500</LatitudeDegrees>
      <LongitudeDegrees>-71.2505400</LongitudeDegrees>
     </Position>
     <AltitudeMeters>116.87000000000002</AltitudeMeters>
     <DistanceMeters>3010.950894508786</DistanceMeters>
    </Trackpoint>
    <Trackpoint>
     <Time>2026-07-19T00:29:20+00:00</Time>
     <Position>
      <LatitudeDegrees>-33.7893300</LatitudeDegrees>
      <LongitudeDegrees>-71.2507600</LongitudeDegrees>
     </Position>
     <AltitudeMeters>116.0</AltitudeMeters>
     <DistanceMeters>3039.5064913700453</DistanceMeters>
    </Trackpoint>
    <Trackpoint>
     <Time>2026-07-19T00:29:29+00:00</Time>
     <Position>
      <LatitudeDegrees>-33.7895300</LatitudeDegrees>
      <LongitudeDegrees>-71.2508800</LongitudeDegrees>
     </Position>
     <AltitudeMeters>115.29</AltitudeMeters>
     <DistanceMeters>3064.3795600190056</DistanceMeters>
    </Trackpoint>
    <Trackpoint>
     <Time>2026-07-19T00:29:37+00:00</Time>
     <Position>
      <LatitudeDegrees>-33.7900600</LatitudeDegrees>
      <LongitudeDegrees>-71.2511100</LongitudeDegrees>
     </Position>
     <AltitudeMeters>115.41000000000001</AltitudeMeters>
     <DistanceMeters>3127.0853693026684</DistanceMeters>
    </Trackpoint>
    <Trackpoint>
     <Time>2026-07-19T00:29:46+00:00</Time>
     <Position>
      <LatitudeDegrees>-33.7907875</LatitudeDegrees>
      <LongitudeDegrees>-71.2514150</LongitudeDegrees>
     </Position>
     <AltitudeMeters>115.43</AltitudeMeters>
     <DistanceMeters>3212.826831036761</DistanceMeters>
    </Trackpoint>
    <Trackpoint>
     <Time>2026-07-19T00:29:54+00:00</Time>
     <Position>
      <LatitudeDegrees>-33.7915150</LatitudeDegrees>
      <LongitudeDegrees>-71.2517200</LongitudeDegrees>
     </Position>
     <AltitudeMeters>115.52000000000001</AltitudeMeters>
     <DistanceMeters>3298.568292771987</DistanceMeters>
    </Trackpoint>
    <Trackpoint>
     <Time>2026-07-19T00:30:03+00:00</Time>
     <Position>
      <LatitudeDegrees>-33.7922425</LatitudeDegrees>
      <LongitudeDegrees>-71.2520250</LongitudeDegrees>
     </Position>
     <AltitudeMeters>115.52000000000001</AltitudeMeters>
     <DistanceMeters>3384.3097545056335</DistanceMeters>
    </Trackpoint>
    <Trackpoint>
     <Time>2026-07-19T00:30:11+00:00</Time>
     <Position>
      <LatitudeDegrees>-33.7929700</LatitudeDegrees>
      <LongitudeDegrees>-71.2523300</LongitudeDegrees>
     </Position>
     <AltitudeMeters>116.01000000000002</AltitudeMeters>
     <DistanceMeters>3470.051205824724</DistanceMeters>
    </Trackpoint>
    <Trackpoint>
     <Time>2026-07-19T00:30:20+00:00</Time>
     <Position>
      <LatitudeDegrees>-33.7933200</LatitudeDegrees>
      <LongitudeDegrees>-71.2524600</LongitudeDegrees>
     </Position>
     <AltitudeMeters>117.61</AltitudeMeters>
     <DistanceMeters>3510.818239551085</DistanceMeters>
    </Trackpoint>
    <Trackpoint>
     <Time>2026-07-19T00:30:29+00:00</Time>
     <Position>
      <LatitudeDegrees>-33.7938150</LatitudeDegrees>
      <LongitudeDegrees>-71.2525400</LongitudeDegrees>
     </Position>
     <AltitudeMeters>120.61</AltitudeMeters>
     <DistanceMeters>3566.4042893327905</DistanceMeters>
    </Trackpoint>
    <Trackpoint>
     <Time>2026-07-19T00:30:37+00:00</Time>
     <Position>
      <LatitudeDegrees>-33.7943100</LatitudeDegrees>
      <LongitudeDegrees>-71.2526200</LongitudeDegrees>
     </Position>
     <AltitudeMeters>122.22000000000001</AltitudeMeters>
     <DistanceMeters>3621.990326391472</DistanceMeters>
    </Trackpoint>
    <Trackpoint>
     <Time>2026-07-19T00:30:46+00:00</Time>
     <Position>
      <LatitudeDegrees>-33.7951100</LatitudeDegrees>
      <LongitudeDegrees>-71.2528200</LongitudeDegrees>
     </Position>
     <AltitudeMeters>124.12</AltitudeMeters>
     <DistanceMeters>3712.9281471776085</DistanceMeters>
    </Trackpoint>
    <Trackpoint>
     <Time>2026-07-19T00:30:54+00:00</Time>
     <Position>
      <LatitudeDegrees>-33.7953600</LatitudeDegrees>
      <LongitudeDegrees>-71.2529600</LongitudeDegrees>
     </Position>
     <AltitudeMeters>122.77</AltitudeMeters>
     <DistanceMeters>3743.617513886518</DistanceMeters>
    </Trackpoint>
    <Trackpoint>
     <Time>2026-07-19T00:31:03+00:00</Time>
     <Position>
      <LatitudeDegrees>-33.7954700</LatitudeDegrees>
      <LongitudeDegrees>-71.2530800</LongitudeDegrees>
     </Position>
     <AltitudeMeters>122.02</AltitudeMeters>
     <DistanceMeters>3760.1421198169924</DistanceMeters>
    </Trackpoint>
    <Trackpoint>
     <Time>2026-07-19T00:31:11+00:00</Time>
     <Position>
      <LatitudeDegrees>-33.7955300</LatitudeDegrees>
      <LongitudeDegrees>-71.2532200</LongitudeDegrees>
     </Position>
     <AltitudeMeters>119.59000000000002</AltitudeMeters>
     <DistanceMeters>3774.711193096192</DistanceMeters>
    </Trackpoint>
    <Trackpoint>
     <Time>2026-07-19T00:31:20+00:00</Time>
     <Position>
      <LatitudeDegrees>-33.7956500</LatitudeDegrees>
      <LongitudeDegrees>-71.2539000</LongitudeDegrees>
     </Position>
     <AltitudeMeters>115.9</AltitudeMeters>
     <DistanceMeters>3839.006618970666</DistanceMeters>
    </Trackpoint>
    <Trackpoint>
     <Time>2026-07-19T00:31:29+00:00</Time>
     <Position>
      <LatitudeDegrees>-33.7959800</LatitudeDegrees>
      <LongitudeDegrees>-71.2544900</LongitudeDegrees>
     </Position>
     <AltitudeMeters>112.03</AltitudeMeters>
     <DistanceMeters>3904.7840420655925</DistanceMeters>
    </Trackpoint>
    <Trackpoint>
     <Time>2026-07-19T00:31:37+00:00</Time>
     <Position>
      <LatitudeDegrees>-33.7962700</LatitudeDegrees>
      <LongitudeDegrees>-71.2551900</LongitudeDegrees>
     </Position>
     <AltitudeMeters>109.02000000000001</AltitudeMeters>
     <DistanceMeters>3977.1256241659535</DistanceMeters>
    </Trackpoint>
    <Trackpoint>
     <Time>2026-07-19T00:31:46+00:00</Time>
     <Position>
      <LatitudeDegrees>-33.7963900</LatitudeDegrees>
      <LongitudeDegrees>-71.2553700</LongitudeDegrees>
     </Position>
     <AltitudeMeters>108.36000000000001</AltitudeMeters>
     <DistanceMeters>3998.468659034778</DistanceMeters>
    </Trackpoint>
    <Trackpoint>
     <Time>2026-07-19T00:31:54+00:00</Time>
     <Position>
      <LatitudeDegrees>-33.7967200</LatitudeDegrees>
      <LongitudeDegrees>-71.2557800</LongitudeDegrees>
     </Position>
     <AltitudeMeters>108.22000000000001</AltitudeMeters>
     <DistanceMeters>4051.259463655692</DistanceMeters>
    </Trackpoint>
    <Trackpoint>
     <Time>2026-07-19T00:32:03+00:00</Time>
     <Position>
      <LatitudeDegrees>-33.7971550</LatitudeDegrees>
      <LongitudeDegrees>-71.2562050</LongitudeDegrees>
     </Position>
     <AltitudeMeters>109.73</AltitudeMeters>
     <DistanceMeters>4113.620927446143</DistanceMeters>
    </Trackpoint>
    <Trackpoint>
     <Time>2026-07-19T00:32:11+00:00</Time>
     <Position>
      <LatitudeDegrees>-33.7975900</LatitudeDegrees>
      <LongitudeDegrees>-71.2566300</LongitudeDegrees>
     </Position>
     <AltitudeMeters>110.4</AltitudeMeters>
     <DistanceMeters>4175.982391733544</DistanceMeters>
    </Trackpoint>
    <Trackpoint>
     <Time>2026-07-19T00:32:20+00:00</Time>
     <Position>
      <LatitudeDegrees>-33.7982900</LatitudeDegrees>
      <LongitudeDegrees>-71.2572100</LongitudeDegrees>
     </Position>
     <AltitudeMeters>112.01</AltitudeMeters>
     <DistanceMeters>4270.571097446018</DistanceMeters>
    </Trackpoint>
    <Trackpoint>
     <Time>2026-07-19T00:32:29+00:00</Time>
     <Position>
      <LatitudeDegrees>-33.7990800</LatitudeDegrees>
      <LongitudeDegrees>-71.2576867</LongitudeDegrees>
     </Position>
     <AltitudeMeters>113.54000000000002</AltitudeMeters>
     <DistanceMeters>4368.927724508377</DistanceMeters>
    </Trackpoint>
    <Trackpoint>
     <Time>2026-07-19T00:32:37+00:00</Time>
     <Position>
      <LatitudeDegrees>-33.7998700</LatitudeDegrees>
      <LongitudeDegrees>-71.2581633</LongitudeDegrees>
     </Position>
     <AltitudeMeters>117.03</AltitudeMeters>
     <DistanceMeters>4467.284351569005</DistanceMeters>
    </Trackpoint>
    <Trackpoint>
     <Time>2026-07-19T00:32:46+00:00</Time>
     <Position>
      <LatitudeDegrees>-33.8006600</LatitudeDegrees>
      <LongitudeDegrees>-71.2586400</LongitudeDegrees>
     </Position>
     <AltitudeMeters>121.48</AltitudeMeters>
     <DistanceMeters>4565.640958488185</DistanceMeters>
    </Trackpoint>
    <Trackpoint>
     <Time>2026-07-19T00:32:54+00:00</Time>
     <Position>
      <LatitudeDegrees>-33.8014650</LatitudeDegrees>
      <LongitudeDegrees>-71.2590800</LongitudeDegrees>
     </Position>
     <AltitudeMeters>123.66</AltitudeMeters>
     <DistanceMeters>4664.042208913594</DistanceMeters>
    </Trackpoint>
    <Trackpoint>
     <Time>2026-07-19T00:33:03+00:00</Time>
     <Position>
      <LatitudeDegrees>-33.8022700</LatitudeDegrees>
      <LongitudeDegrees>-71.2595200</LongitudeDegrees>
     </Position>
     <AltitudeMeters>125.72</AltitudeMeters>
     <DistanceMeters>4762.443448499542</DistanceMeters>
    </Trackpoint>
    <Trackpoint>
     <Time>2026-07-19T00:33:11+00:00</Time>
     <Position>
      <LatitudeDegrees>-33.8029867</LatitudeDegrees>
      <LongitudeDegrees>-71.2599433</LongitudeDegrees>
     </Position>
     <AltitudeMeters>125.99000000000001</AltitudeMeters>
     <DistanceMeters>4851.29568079325</DistanceMeters>
    </Trackpoint>
    <Trackpoint>
     <Time>2026-07-19T00:33:20+00:00</Time>
     <Position>
      <LatitudeDegrees>-33.8037033</LatitudeDegrees>
      <LongitudeDegrees>-71.2603667</LongitudeDegrees>
     </Position>
     <AltitudeMeters>126.48</AltitudeMeters>
     <DistanceMeters>4940.1479130859525</DistanceMeters>
    </Trackpoint>
    <Trackpoint>
     <Time>2026-07-19T00:33:29+00:00</Time>
     <Position>
      <LatitudeDegrees>-33.8044200</LatitudeDegrees>
      <LongitudeDegrees>-71.2607900</LongitudeDegrees>
     </Position>
     <AltitudeMeters>126.51</AltitudeMeters>
     <DistanceMeters>5029.000135814243</DistanceMeters>
    </Trackpoint>
    <Trackpoint>
     <Time>2026-07-19T00:33:37+00:00</Time>
     <Position>
      <LatitudeDegrees>-33.8047300</LatitudeDegrees>
      <LongitudeDegrees>-71.2609300</LongitudeDegrees>
     </Position>
     <AltitudeMeters>125.61</AltitudeMeters>
     <DistanceMeters>5065.85111556215</DistanceMeters>
    </Trackpoint>
    <Trackpoint>
     <Time>2026-07-19T00:33:46+00:00</Time>
     <Position>
      <LatitudeDegrees>-33.8054500</LatitudeDegrees>
      <LongitudeDegrees>-71.2611000</LongitudeDegrees>
     </Position>
     <AltitudeMeters>125.27000000000002</AltitudeMeters>
     <DistanceMeters>5147.511668223819</DistanceMeters>
    </Trackpoint>
    <Trackpoint>
     <Time>2026-07-19T00:33:54+00:00</Time>
     <Position>
      <LatitudeDegrees>-33.8058800</LatitudeDegrees>
      <LongitudeDegrees>-71.2612500</LongitudeDegrees>
     </Position>
     <AltitudeMeters>124.85000000000001</AltitudeMeters>
     <DistanceMeters>5197.338705982676</DistanceMeters>
    </Trackpoint>
    <Trackpoint>
     <Time>2026-07-19T00:34:03+00:00</Time>
     <Position>
      <LatitudeDegrees>-33.8066300</LatitudeDegrees>
      <LongitudeDegrees>-71.2616000</LongitudeDegrees>
     </Position>
     <AltitudeMeters>120.35000000000001</AltitudeMeters>
     <DistanceMeters>5286.866253556578</DistanceMeters>
    </Trackpoint>
    <Trackpoint>
     <Time>2026-07-19T00:34:11+00:00</Time>
     <Position>
      <LatitudeDegrees>-33.8068600</LatitudeDegrees>
      <LongitudeDegrees>-71.2617400</LongitudeDegrees>
     </Position>
     <AltitudeMeters>118.12</AltitudeMeters>
     <DistanceMeters>5315.55213066672</DistanceMeters>
    </Trackpoint>
    <Trackpoint>
     <Time>2026-07-19T00:34:20+00:00</Time>
     <Position>
      <LatitudeDegrees>-33.8072600</LatitudeDegrees>
      <LongitudeDegrees>-71.2620900</LongitudeDegrees>
     </Position>
     <AltitudeMeters>116.19000000000001</AltitudeMeters>
     <DistanceMeters>5370.593060316791</DistanceMeters>
    </Trackpoint>
    <Trackpoint>
     <Time>2026-07-19T00:34:29+00:00</Time>
     <Position>
      <LatitudeDegrees>-33.8076900</LatitudeDegrees>
      <LongitudeDegrees>-71.2626300</LongitudeDegrees>
     </Position>
     <AltitudeMeters>112.82000000000001</AltitudeMeters>
     <DistanceMeters>5439.759979545348</DistanceMeters>
    </Trackpoint>
    <Trackpoint>
     <Time>2026-07-19T00:34:37+00:00</Time>
     <Position>
      <LatitudeDegrees>-33.8078700</LatitudeDegrees>
      <LongitudeDegrees>-71.2629800</LongitudeDegrees>
     </Position>
     <AltitudeMeters>111.02000000000001</AltitudeMeters>
     <DistanceMeters>5477.82492115148</DistanceMeters>
    </Trackpoint>
    <Trackpoint>
     <Time>2026-07-19T00:34:46+00:00</Time>
     <Position>
      <LatitudeDegrees>-33.8080700</LatitudeDegrees>
      <LongitudeDegrees>-71.2635600</LongitudeDegrees>
     </Position>
     <AltitudeMeters>108.7</AltitudeMeters>
     <DistanceMeters>5535.896610457892</DistanceMeters>
    </Trackpoint>
    <Trackpoint>
     <Time>2026-07-19T00:34:54+00:00</Time>
     <Position>
      <LatitudeDegrees>-33.8082300</LatitudeDegrees>
      <LongitudeDegrees>-71.2637500</LongitudeDegrees>
     </Position>
     <AltitudeMeters>108.28000000000002</AltitudeMeters>
     <DistanceMeters>5560.913040314448</DistanceMeters>
    </Trackpoint>
    <Trackpoint>
     <Time>2026-07-19T00:35:03+00:00</Time>
     <Position>
      <LatitudeDegrees>-33.8083200</LatitudeDegrees>
      <LongitudeDegrees>-71.2638400</LongitudeDegrees>
     </Position>
     <AltitudeMeters>107.83000000000001</AltitudeMeters>
     <DistanceMeters>5573.936182097643</DistanceMeters>
    </Trackpoint>
    <Trackpoint>
     <Time>2026-07-19T00:35:11+00:00</Time>
     <Position>
      <LatitudeDegrees>-33.8089000</LatitudeDegrees>
      <LongitudeDegrees>-71.2642100</LongitudeDegrees>
     </Position>
     <AltitudeMeters>106.24000000000001</AltitudeMeters>
     <DistanceMeters>5646.995156364739</DistanceMeters>
    </Trackpoint>
    <Trackpoint>
     <Time>2026-07-19T00:35:20+00:00</Time>
     <Position>
      <LatitudeDegrees>-33.8094800</LatitudeDegrees>
      <LongitudeDegrees>-71.2645800</LongitudeDegrees>
     </Position>
     <AltitudeMeters>105.05</AltitudeMeters>
     <DistanceMeters>5720.054130631541</DistanceMeters>
    </Trackpoint>
    <Trackpoint>
     <Time>2026-07-19T00:35:29+00:00</Time>
     <Position>
      <LatitudeDegrees>-33.8100600</LatitudeDegrees>
      <LongitudeDegrees>-71.2649500</LongitudeDegrees>
     </Position>
     <AltitudeMeters>103.68</AltitudeMeters>
     <DistanceMeters>5793.113114391861</DistanceMeters>
    </Trackpoint>
    <Trackpoint>
     <Time>2026-07-19T00:35:37+00:00</Time>
     <Position>
      <LatitudeDegrees>-33.8106433</LatitudeDegrees>
      <LongitudeDegrees>-71.2653100</LongitudeDegrees>
     </Position>
     <AltitudeMeters>103.15</AltitudeMeters>
     <DistanceMeters>5866.073208042347</DistanceMeters>
    </Trackpoint>
    <Trackpoint>
     <Time>2026-07-19T00:35:46+00:00</Time>
     <Position>
      <LatitudeDegrees>-33.8112267</LatitudeDegrees>
      <LongitudeDegrees>-71.2656700</LongitudeDegrees>
     </Position>
     <AltitudeMeters>102.58</AltitudeMeters>
     <DistanceMeters>5939.033301690875</DistanceMeters>
    </Trackpoint>
    <Trackpoint>
     <Time>2026-07-19T00:35:54+00:00</Time>
     <Position>
      <LatitudeDegrees>-33.8118100</LatitudeDegrees>
      <LongitudeDegrees>-71.2660300</LongitudeDegrees>
     </Position>
     <AltitudeMeters>102.07000000000001</AltitudeMeters>
     <DistanceMeters>6011.9933903013125</DistanceMeters>
    </Trackpoint>
    <Trackpoint>
     <Time>2026-07-19T00:36:03+00:00</Time>
     <Position>
      <LatitudeDegrees>-33.8121900</LatitudeDegrees>
      <LongitudeDegrees>-71.2662100</LongitudeDegrees>
     </Position>
     <AltitudeMeters>102.34000000000002</AltitudeMeters>
     <DistanceMeters>6057.443344386311</DistanceMeters>
    </Trackpoint>
    <Trackpoint>
     <Time>2026-07-19T00:36:11+00:00</Time>
     <Position>
      <LatitudeDegrees>-33.8124800</LatitudeDegrees>
      <LongitudeDegrees>-71.2662900</LongitudeDegrees>
     </Position>
     <AltitudeMeters>102.76</AltitudeMeters>
     <DistanceMeters>6090.556035087401</DistanceMeters>
    </Trackpoint>
    <Trackpoint>
     <Time>2026-07-19T00:36:20+00:00</Time>
     <Position>
      <LatitudeDegrees>-33.8127700</LatitudeDegrees>
      <LongitudeDegrees>-71.2663100</LongitudeDegrees>
     </Position>
     <AltitudeMeters>103.62</AltitudeMeters>
     <DistanceMeters>6122.88472553518</DistanceMeters>
    </Trackpoint>
    <Trackpoint>
     <Time>2026-07-19T00:36:29+00:00</Time>
     <Position>
      <LatitudeDegrees>-33.8131500</LatitudeDegrees>
      <LongitudeDegrees>-71.2663200</LongitudeDegrees>
     </Position>
     <AltitudeMeters>106.22000000000001</AltitudeMeters>
     <DistanceMeters>6165.187191765512</DistanceMeters>
    </Trackpoint>
    <Trackpoint>
     <Time>2026-07-19T00:36:37+00:00</Time>
     <Position>
      <LatitudeDegrees>-33.8136900</LatitudeDegrees>
      <LongitudeDegrees>-71.2663000</LongitudeDegrees>
     </Position>
     <AltitudeMeters>108.26</AltitudeMeters>
     <DistanceMeters>6225.315304842909</DistanceMeters>
    </Trackpoint>
    <Trackpoint>
     <Time>2026-07-19T00:36:46+00:00</Time>
     <Position>
      <LatitudeDegrees>-33.8142300</LatitudeDegrees>
      <LongitudeDegrees>-71.2662800</LongitudeDegrees>
     </Position>
     <AltitudeMeters>111.80000000000001</AltitudeMeters>
     <DistanceMeters>6285.443422461907</DistanceMeters>
    </Trackpoint>
    <Trackpoint>
     <Time>2026-07-19T00:36:54+00:00</Time>
     <Position>
      <LatitudeDegrees>-33.8145200</LatitudeDegrees>
      <LongitudeDegrees>-71.2663100</LongitudeDegrees>
     </Position>
     <AltitudeMeters>114.51</AltitudeMeters>
     <DistanceMeters>6317.83816563468</DistanceMeters>
    </Trackpoint>
    <Trackpoint>
     <Time>2026-07-19T00:37:03+00:00</Time>
     <Position>
      <LatitudeDegrees>-33.8148300</LatitudeDegrees>
      <LongitudeDegrees>-71.2664000</LongitudeDegrees>
     </Position>
     <AltitudeMeters>115.4</AltitudeMeters>
     <DistanceMeters>6353.329346872326</DistanceMeters>
    </Trackpoint>
    <Trackpoint>
     <Time>2026-07-19T00:37:11+00:00</Time>
     <Position>
      <LatitudeDegrees>-33.8156300</LatitudeDegrees>
      <LongitudeDegrees>-71.2667900</LongitudeDegrees>
     </Position>
     <AltitudeMeters>118.56000000000002</AltitudeMeters>
     <DistanceMeters>6449.391962265487</DistanceMeters>
    </Trackpoint>
    <Trackpoint>
     <Time>2026-07-19T00:37:20+00:00</Time>
     <Position>
      <LatitudeDegrees>-33.8157700</LatitudeDegrees>
      <LongitudeDegrees>-71.2668900</LongitudeDegrees>
     </Position>
     <AltitudeMeters>118.01</AltitudeMeters>
     <DistanceMeters>6467.510549600895</DistanceMeters>
    </Trackpoint>
    <Trackpoint>
     <Time>2026-07-19T00:37:29+00:00</Time>
     <Position>
      <LatitudeDegrees>-33.8159300</LatitudeDegrees>
      <LongitudeDegrees>-71.2670600</LongitudeDegrees>
     </Position>
     <AltitudeMeters>117.19000000000001</AltitudeMeters>
     <DistanceMeters>6491.263528561801</DistanceMeters>
    </Trackpoint>
    <Trackpoint>
     <Time>2026-07-19T00:37:37+00:00</Time>
     <Position>
      <LatitudeDegrees>-33.8162550</LatitudeDegrees>
      <LongitudeDegrees>-71.2674400</LongitudeDegrees>
     </Position>
     <AltitudeMeters>115.34</AltitudeMeters>
     <DistanceMeters>6541.691701042961</DistanceMeters>
    </Trackpoint>
    <Trackpoint>
     <Time>2026-07-19T00:37:46+00:00</Time>
     <Position>
      <LatitudeDegrees>-33.8165800</LatitudeDegrees>
      <LongitudeDegrees>-71.2678200</LongitudeDegrees>
     </Position>
     <AltitudeMeters>114.51</AltitudeMeters>
     <DistanceMeters>6592.119867588846</DistanceMeters>
    </Trackpoint>
    <Trackpoint>
     <Time>2026-07-19T00:37:54+00:00</Time>
     <Position>
      <LatitudeDegrees>-33.8167600</LatitudeDegrees>
      <LongitudeDegrees>-71.2681700</LongitudeDegrees>
     </Position>
     <AltitudeMeters>113.38000000000001</AltitudeMeters>
     <DistanceMeters>6630.181949381642</DistanceMeters>
    </Trackpoint>
    <Trackpoint>
     <Time>2026-07-19T00:38:03+00:00</Time>
     <Position>
      <LatitudeDegrees>-33.8170900</LatitudeDegrees>
      <LongitudeDegrees>-71.2688500</LongitudeDegrees>
     </Position>
     <AltitudeMeters>109.83000000000001</AltitudeMeters>
     <DistanceMeters>6703.000048680882</DistanceMeters>
    </Trackpoint>
    <Trackpoint>
     <Time>2026-07-19T00:38:11+00:00</Time>
     <Position>
      <LatitudeDegrees>-33.8173200</LatitudeDegrees>
      <LongitudeDegrees>-71.2692000</LongitudeDegrees>
     </Position>
     <AltitudeMeters>107.41</AltitudeMeters>
     <DistanceMeters>6744.263069621752</DistanceMeters>
    </Trackpoint>
    <Trackpoint>
     <Time>2026-07-19T00:38:20+00:00</Time>
     <Position>
      <LatitudeDegrees>-33.8174000</LatitudeDegrees>
      <LongitudeDegrees>-71.2693000</LongitudeDegrees>
     </Position>
     <AltitudeMeters>107.41</AltitudeMeters>
     <DistanceMeters>6757.099544029217</DistanceMeters>
    </Trackpoint>
    <Trackpoint>
     <Time>2026-07-19T00:38:29+00:00</Time>
     <Position>
      <LatitudeDegrees>-33.8177600</LatitudeDegrees>
      <LongitudeDegrees>-71.2695300</LongitudeDegrees>
     </Position>
     <AltitudeMeters>106.23</AltitudeMeters>
     <DistanceMeters>6802.460460378063</DistanceMeters>
    </Trackpoint>
    <Trackpoint>
     <Time>2026-07-19T00:38:37+00:00</Time>
     <Position>
      <LatitudeDegrees>-33.8181600</LatitudeDegrees>
      <LongitudeDegrees>-71.2697000</LongitudeDegrees>
     </Position>
     <AltitudeMeters>103.15</AltitudeMeters>
     <DistanceMeters>6849.672409043203</DistanceMeters>
    </Trackpoint>
    <Trackpoint>
     <Time>2026-07-19T00:38:46+00:00</Time>
     <Position>
      <LatitudeDegrees>-33.8188950</LatitudeDegrees>
      <LongitudeDegrees>-71.2699150</LongitudeDegrees>
     </Position>
     <AltitudeMeters>101.79</AltitudeMeters>
     <DistanceMeters>6933.8557197786195</DistanceMeters>
    </Trackpoint>
    <Trackpoint>
     <Time>2026-07-19T00:38:54+00:00</Time>
     <Position>
      <LatitudeDegrees>-33.8196300</LatitudeDegrees>
      <LongitudeDegrees>-71.2701300</LongitudeDegrees>
     </Position>
     <AltitudeMeters>102.8</AltitudeMeters>
     <DistanceMeters>7018.039031694433</DistanceMeters>
    </Trackpoint>
    <Trackpoint>
     <Time>2026-07-19T00:39:03+00:00</Time>
     <Position>
      <LatitudeDegrees>-33.8204327</LatitudeDegrees>
      <LongitudeDegrees>-71.2703591</LongitudeDegrees>
     </Position>
     <AltitudeMeters>103.59000000000002</AltitudeMeters>
     <DistanceMeters>7109.8557288853835</DistanceMeters>
    </Trackpoint>
    <Trackpoint>
     <Time>2026-07-19T00:39:11+00:00</Time>
     <Position>
      <LatitudeDegrees>-33.8212355</LatitudeDegrees>
      <LongitudeDegrees>-71.2705881</LongitudeDegrees>
     </Position>
     <AltitudeMeters>104.97</AltitudeMeters>
     <DistanceMeters>7201.672426077064</DistanceMeters>
    </Trackpoint>
    <Trackpoint>
     <Time>2026-07-19T00:39:20+00:00</Time>
     <Position>
      <LatitudeDegrees>-33.8220382</LatitudeDegrees>
      <LongitudeDegrees>-71.2708172</LongitudeDegrees>
     </Position>
     <AltitudeMeters>105.78000000000002</AltitudeMeters>
     <DistanceMeters>7293.48912326753</DistanceMeters>
    </Trackpoint>
    <Trackpoint>
     <Time>2026-07-19T00:39:29+00:00</Time>
     <Position>
      <LatitudeDegrees>-33.8228409</LatitudeDegrees>
      <LongitudeDegrees>-71.2710463</LongitudeDegrees>
     </Position>
     <AltitudeMeters>105.61000000000001</AltitudeMeters>
     <DistanceMeters>7385.3058204577255</DistanceMeters>
    </Trackpoint>
    <Trackpoint>
     <Time>2026-07-19T00:39:37+00:00</Time>
     <Position>
      <LatitudeDegrees>-33.8236436</LatitudeDegrees>
      <LongitudeDegrees>-71.2712754</LongitudeDegrees>
     </Position>
     <AltitudeMeters>105.41</AltitudeMeters>
     <DistanceMeters>7477.122517648317</DistanceMeters>
    </Trackpoint>
    <Trackpoint>
     <Time>2026-07-19T00:39:46+00:00</Time>
     <Position>
      <LatitudeDegrees>-33.8244464</LatitudeDegrees>
      <LongitudeDegrees>-71.2715045</LongitudeDegrees>
     </Position>
     <AltitudeMeters>104.77</AltitudeMeters>
     <DistanceMeters>7568.939214838407</DistanceMeters>
    </Trackpoint>
    <Trackpoint>
     <Time>2026-07-19T00:39:54+00:00</Time>
     <Position>
      <LatitudeDegrees>-33.8252491</LatitudeDegrees>
      <LongitudeDegrees>-71.2717336</LongitudeDegrees>
     </Position>
     <AltitudeMeters>103.91</AltitudeMeters>
     <DistanceMeters>7660.755912028195</DistanceMeters>
    </Trackpoint>
    <Trackpoint>
     <Time>2026-07-19T00:40:03+00:00</Time>
     <Position>
      <LatitudeDegrees>-33.8260518</LatitudeDegrees>
      <LongitudeDegrees>-71.2719627</LongitudeDegrees>
     </Position>
     <AltitudeMeters>102.83</AltitudeMeters>
     <DistanceMeters>7752.572609219861</DistanceMeters>
    </Trackpoint>
    <Trackpoint>
     <Time>2026-07-19T00:40:11+00:00</Time>
     <Position>
      <LatitudeDegrees>-33.8268545</LatitudeDegrees>
      <LongitudeDegrees>-71.2721918</LongitudeDegrees>
     </Position>
     <AltitudeMeters>102.81000000000002</AltitudeMeters>
     <DistanceMeters>7844.389306411459</DistanceMeters>
    </Trackpoint>
    <Trackpoint>
     <Time>2026-07-19T00:40:20+00:00</Time>
     <Position>
      <LatitudeDegrees>-33.8276573</LatitudeDegrees>
      <LongitudeDegrees>-71.2724209</LongitudeDegrees>
     </Position>
     <AltitudeMeters>102.44</AltitudeMeters>
     <DistanceMeters>7936.2060036016255</DistanceMeters>
    </Trackpoint>
    <Trackpoint>
     <Time>2026-07-19T00:40:29+00:00</Time>
     <Position>
      <LatitudeDegrees>-33.8284600</LatitudeDegrees>
      <LongitudeDegrees>-71.2726500</LongitudeDegrees>
     </Position>
     <AltitudeMeters>102.32000000000001</AltitudeMeters>
     <DistanceMeters>8028.022703980777</DistanceMeters>
    </Trackpoint>
    <Trackpoint>
     <Time>2026-07-19T00:40:37+00:00</Time>
     <Position>
      <LatitudeDegrees>-33.8292233</LatitudeDegrees>
      <LongitudeDegrees>-71.2728733</LongitudeDegrees>
     </Position>
     <AltitudeMeters>101.70000000000002</AltitudeMeters>
     <DistanceMeters>8115.451554286704</DistanceMeters>
    </Trackpoint>
    <Trackpoint>
     <Time>2026-07-19T00:40:46+00:00</Time>
     <Position>
      <LatitudeDegrees>-33.8299867</LatitudeDegrees>
      <LongitudeDegrees>-71.2730967</LongitudeDegrees>
     </Position>
     <AltitudeMeters>101.71000000000001</AltitudeMeters>
     <DistanceMeters>8202.88040459333</DistanceMeters>
    </Trackpoint>
    <Trackpoint>
     <Time>2026-07-19T00:40:54+00:00</Time>
     <Position>
      <LatitudeDegrees>-33.8307500</LatitudeDegrees>
      <LongitudeDegrees>-71.2733200</LongitudeDegrees>
     </Position>
     <AltitudeMeters>102.07000000000001</AltitudeMeters>
     <DistanceMeters>8290.309261534832</DistanceMeters>
    </Trackpoint>
    <Trackpoint>
     <Time>2026-07-19T00:41:03+00:00</Time>
     <Position>
      <LatitudeDegrees>-33.8315956</LatitudeDegrees>
      <LongitudeDegrees>-71.2735600</LongitudeDegrees>
     </Position>
     <AltitudeMeters>102.59000000000002</AltitudeMeters>
     <DistanceMeters>8386.996122720493</DistanceMeters>
    </Trackpoint>
    <Trackpoint>
     <Time>2026-07-19T00:41:11+00:00</Time>
     <Position>
      <LatitudeDegrees>-33.8324411</LatitudeDegrees>
      <LongitudeDegrees>-71.2738000</LongitudeDegrees>
     </Position>
     <AltitudeMeters>102.95000000000002</AltitudeMeters>
     <DistanceMeters>8483.682983907247</DistanceMeters>
    </Trackpoint>
    <Trackpoint>
     <Time>2026-07-19T00:41:20+00:00</Time>
     <Position>
      <LatitudeDegrees>-33.8332867</LatitudeDegrees>
      <LongitudeDegrees>-71.2740400</LongitudeDegrees>
     </Position>
     <AltitudeMeters>103.63000000000001</AltitudeMeters>
     <DistanceMeters>8580.369845092451</DistanceMeters>
    </Trackpoint>
    <Trackpoint>
     <Time>2026-07-19T00:41:29+00:00</Time>
     <Position>
      <LatitudeDegrees>-33.8341322</LatitudeDegrees>
      <LongitudeDegrees>-71.2742800</LongitudeDegrees>
     </Position>
     <AltitudeMeters>103.88000000000001</AltitudeMeters>
     <DistanceMeters>8677.056706278046</DistanceMeters>
    </Trackpoint>
    <Trackpoint>
     <Time>2026-07-19T00:41:37+00:00</Time>
     <Position>
      <LatitudeDegrees>-33.8349778</LatitudeDegrees>
      <LongitudeDegrees>-71.2745200</LongitudeDegrees>
     </Position>
     <AltitudeMeters>104.12</AltitudeMeters>
     <DistanceMeters>8773.743567465239</DistanceMeters>
    </Trackpoint>
    <Trackpoint>
     <Time>2026-07-19T00:41:46+00:00</Time>
     <Position>
      <LatitudeDegrees>-33.8358233</LatitudeDegrees>
      <LongitudeDegrees>-71.2747600</LongitudeDegrees>
     </Position>
     <AltitudeMeters>104.09</AltitudeMeters>
     <DistanceMeters>8870.430428650747</DistanceMeters>
    </Trackpoint>
    <Trackpoint>
     <Time>2026-07-19T00:41:54+00:00</Time>
     <Position>
      <LatitudeDegrees>-33.8366689</LatitudeDegrees>
      <LongitudeDegrees>-71.2750000</LongitudeDegrees>
     </Position>
     <AltitudeMeters>104.07000000000001</AltitudeMeters>
     <DistanceMeters>8967.117289837148</DistanceMeters>
    </Trackpoint>
    <Trackpoint>
     <Time>2026-07-19T00:42:03+00:00</Time>
     <Position>
      <LatitudeDegrees>-33.8375144</LatitudeDegrees>
      <LongitudeDegrees>-71.2752400</LongitudeDegrees>
     </Position>
     <AltitudeMeters>105.2</AltitudeMeters>
     <DistanceMeters>9063.804151022401</DistanceMeters>
    </Trackpoint>
    <Trackpoint>
     <Time>2026-07-19T00:42:11+00:00</Time>
     <Position>
      <LatitudeDegrees>-33.8383600</LatitudeDegrees>
      <LongitudeDegrees>-71.2754800</LongitudeDegrees>
     </Position>
     <AltitudeMeters>105.29</AltitudeMeters>
     <DistanceMeters>9160.491019131397</DistanceMeters>
    </Trackpoint>
    <Trackpoint>
     <Time>2026-07-19T00:42:20+00:00</Time>
     <Position>
      <LatitudeDegrees>-33.8385400</LatitudeDegrees>
      <LongitudeDegrees>-71.2755700</LongitudeDegrees>
     </Position>
     <AltitudeMeters>105.13000000000001</AltitudeMeters>
     <DistanceMeters>9182.18320318171</DistanceMeters>
    </Trackpoint>
    <Trackpoint>
     <Time>2026-07-19T00:42:29+00:00</Time>
     <Position>
      <LatitudeDegrees>-33.8389100</LatitudeDegrees>
      <LongitudeDegrees>-71.2759200</LongitudeDegrees>
     </Position>
     <AltitudeMeters>105.07000000000001</AltitudeMeters>
     <DistanceMeters>9234.552993557587</DistanceMeters>
    </Trackpoint>
    <Trackpoint>
     <Time>2026-07-19T00:42:37+00:00</Time>
     <Position>
      <LatitudeDegrees>-33.8394400</LatitudeDegrees>
      <LongitudeDegrees>-71.2765700</LongitudeDegrees>
     </Position>
     <AltitudeMeters>105.08</AltitudeMeters>
     <DistanceMeters>9318.754921058031</DistanceMeters>
    </Trackpoint>
    <Trackpoint>
     <Time>2026-07-19T00:42:46+00:00</Time>
     <Position>
      <LatitudeDegrees>-33.8396100</LatitudeDegrees>
      <LongitudeDegrees>-71.2767300</LongitudeDegrees>
     </Position>
     <AltitudeMeters>105.2</AltitudeMeters>
     <DistanceMeters>9342.770395698997</DistanceMeters>
    </Trackpoint>
    <Trackpoint>
     <Time>2026-07-19T00:42:54+00:00</Time>
     <Position>
      <LatitudeDegrees>-33.8397900</LatitudeDegrees>
      <LongitudeDegrees>-71.2768600</LongitudeDegrees>
     </Position>
     <AltitudeMeters>105.2</AltitudeMeters>
     <DistanceMeters>9366.131678333237</DistanceMeters>
    </Trackpoint>
    <Trackpoint>
     <Time>2026-07-19T00:43:03+00:00</Time>
     <Position>
      <LatitudeDegrees>-33.8399700</LatitudeDegrees>
      <LongitudeDegrees>-71.2769500</LongitudeDegrees>
     </Position>
     <AltitudeMeters>105.44</AltitudeMeters>
     <DistanceMeters>9387.82380898923</DistanceMeters>
    </Trackpoint>
    <Trackpoint>
     <Time>2026-07-19T00:43:11+00:00</Time>
     <Position>
      <LatitudeDegrees>-33.8403300</LatitudeDegrees>
      <LongitudeDegrees>-71.2770800</LongitudeDegrees>
     </Position>
     <AltitudeMeters>105.54</AltitudeMeters>
     <DistanceMeters>9429.65367861014</DistanceMeters>
    </Trackpoint>
    <Trackpoint>
     <Time>2026-07-19T00:43:20+00:00</Time>
     <Position>
      <LatitudeDegrees>-33.8405300</LatitudeDegrees>
      <LongitudeDegrees>-71.2770900</LongitudeDegrees>
     </Position>
     <AltitudeMeters>105.71000000000001</AltitudeMeters>
     <DistanceMeters>9451.93200146712</DistanceMeters>
    </Trackpoint>
    <Trackpoint>
     <Time>2026-07-19T00:43:29+00:00</Time>
     <Position>
      <LatitudeDegrees>-33.8407300</LatitudeDegrees>
      <LongitudeDegrees>-71.2770500</LongitudeDegrees>
     </Position>
     <AltitudeMeters>105.71000000000001</AltitudeMeters>
     <DistanceMeters>9474.496169696113</DistanceMeters>
    </Trackpoint>
    <Trackpoint>
     <Time>2026-07-19T00:43:37+00:00</Time>
     <Position>
      <LatitudeDegrees>-33.8409300</LatitudeDegrees>
      <LongitudeDegrees>-71.2770000</LongitudeDegrees>
     </Position>
     <AltitudeMeters>106.07000000000001</AltitudeMeters>
     <DistanceMeters>9497.230117910165</DistanceMeters>
    </Trackpoint>
    <Trackpoint>
     <Time>2026-07-19T00:43:46+00:00</Time>
     <Position>
      <LatitudeDegrees>-33.8412200</LatitudeDegrees>
      <LongitudeDegrees>-71.2769100</LongitudeDegrees>
     </Position>
     <AltitudeMeters>106.22000000000001</AltitudeMeters>
     <DistanceMeters>9530.560891194258</DistanceMeters>
    </Trackpoint>
    <Trackpoint>
     <Time>2026-07-19T00:43:54+00:00</Time>
     <Position>
      <LatitudeDegrees>-33.8418275</LatitudeDegrees>
      <LongitudeDegrees>-71.2765225</LongitudeDegrees>
     </Position>
     <AltitudeMeters>106.43</AltitudeMeters>
     <DistanceMeters>9607.075476336713</DistanceMeters>
    </Trackpoint>
    <Trackpoint>
     <Time>2026-07-19T00:44:03+00:00</Time>
     <Position>
      <LatitudeDegrees>-33.8424350</LatitudeDegrees>
      <LongitudeDegrees>-71.2761350</LongitudeDegrees>
     </Position>
     <AltitudeMeters>107.25000000000001</AltitudeMeters>
     <DistanceMeters>9683.590061477302</DistanceMeters>
    </Trackpoint>
    <Trackpoint>
     <Time>2026-07-19T00:44:11+00:00</Time>
     <Position>
      <LatitudeDegrees>-33.8430425</LatitudeDegrees>
      <LongitudeDegrees>-71.2757475</LongitudeDegrees>
     </Position>
     <AltitudeMeters>107.69000000000001</AltitudeMeters>
     <DistanceMeters>9760.104646618669</DistanceMeters>
    </Trackpoint>
    <Trackpoint>
     <Time>2026-07-19T00:44:20+00:00</Time>
     <Position>
      <LatitudeDegrees>-33.8436500</LatitudeDegrees>
      <LongitudeDegrees>-71.2753600</LongitudeDegrees>
     </Position>
     <AltitudeMeters>108.24</AltitudeMeters>
     <DistanceMeters>9836.619257958939</DistanceMeters>
    </Trackpoint>
    <Trackpoint>
     <Time>2026-07-19T00:44:29+00:00</Time>
     <Position>
      <LatitudeDegrees>-33.8443967</LatitudeDegrees>
      <LongitudeDegrees>-71.2748900</LongitudeDegrees>
     </Position>
     <AltitudeMeters>108.09</AltitudeMeters>
     <DistanceMeters>9930.391445261614</DistanceMeters>
    </Trackpoint>
    <Trackpoint>
     <Time>2026-07-19T00:44:37+00:00</Time>
     <Position>
      <LatitudeDegrees>-33.8451433</LatitudeDegrees>
      <LongitudeDegrees>-71.2744200</LongitudeDegrees>
     </Position>
     <AltitudeMeters>108.00000000000001</AltitudeMeters>
     <DistanceMeters>10024.163632565276</DistanceMeters>
    </Trackpoint>
    <Trackpoint>
     <Time>2026-07-19T00:44:46+00:00</Time>
     <Position>
      <LatitudeDegrees>-33.8458900</LatitudeDegrees>
      <LongitudeDegrees>-71.2739500</LongitudeDegrees>
     </Position>
     <AltitudeMeters>108.42</AltitudeMeters>
     <DistanceMeters>10117.935821039744</DistanceMeters>
    </Trackpoint>
    <Trackpoint>
     <Time>2026-07-19T00:44:54+00:00</Time>
     <Position>
      <LatitudeDegrees>-33.8466459</LatitudeDegrees>
      <LongitudeDegrees>-71.2734812</LongitudeDegrees>
     </Position>
     <AltitudeMeters>108.83000000000001</AltitudeMeters>
     <DistanceMeters>10212.566541995244</DistanceMeters>
    </Trackpoint>
    <Trackpoint>
     <Time>2026-07-19T00:45:03+00:00</Time>
     <Position>
      <LatitudeDegrees>-33.8474018</LatitudeDegrees>
      <LongitudeDegrees>-71.2730125</LongitudeDegrees>
     </Position>
     <AltitudeMeters>108.42</AltitudeMeters>
     <DistanceMeters>10307.197262950283</DistanceMeters>
    </Trackpoint>
    <Trackpoint>
     <Time>2026-07-19T00:45:11+00:00</Time>
     <Position>
      <LatitudeDegrees>-33.8481577</LatitudeDegrees>
      <LongitudeDegrees>-71.2725437</LongitudeDegrees>
     </Position>
     <AltitudeMeters>108.01</AltitudeMeters>
     <DistanceMeters>10401.827983906885</DistanceMeters>
    </Trackpoint>
    <Trackpoint>
     <Time>2026-07-19T00:45:20+00:00</Time>
     <Position>
      <LatitudeDegrees>-33.8489136</LatitudeDegrees>
      <LongitudeDegrees>-71.2720749</LongitudeDegrees>
     </Position>
     <AltitudeMeters>107.66</AltitudeMeters>
     <DistanceMeters>10496.45870486105</DistanceMeters>
    </Trackpoint>
    <Trackpoint>
     <Time>2026-07-19T00:45:29+00:00</Time>
     <Position>
      <LatitudeDegrees>-33.8496695</LatitudeDegrees>
      <LongitudeDegrees>-71.2716061</LongitudeDegrees>
     </Position>
     <AltitudeMeters>107.92</AltitudeMeters>
     <DistanceMeters>10591.089425816806</DistanceMeters>
    </Trackpoint>
    <Trackpoint>
     <Time>2026-07-19T00:45:37+00:00</Time>
     <Position>
      <LatitudeDegrees>-33.8504254</LatitudeDegrees>
      <LongitudeDegrees>-71.2711373</LongitudeDegrees>
     </Position>
     <AltitudeMeters>108.33000000000001</AltitudeMeters>
     <DistanceMeters>10685.720146771153</DistanceMeters>
    </Trackpoint>
    <Trackpoint>
     <Time>2026-07-19T00:45:46+00:00</Time>
     <Position>
      <LatitudeDegrees>-33.8511812</LatitudeDegrees>
      <LongitudeDegrees>-71.2706685</LongitudeDegrees>
     </Position>
     <AltitudeMeters>108.79</AltitudeMeters>
     <DistanceMeters>10780.350867727018</DistanceMeters>
    </Trackpoint>
    <Trackpoint>
     <Time>2026-07-19T00:45:54+00:00</Time>
     <Position>
      <LatitudeDegrees>-33.8519371</LatitudeDegrees>
      <LongitudeDegrees>-71.2701997</LongitudeDegrees>
     </Position>
     <AltitudeMeters>109.08000000000001</AltitudeMeters>
     <DistanceMeters>10874.981588683508</DistanceMeters>
    </Trackpoint>
    <Trackpoint>
     <Time>2026-07-19T00:46:03+00:00</Time>
     <Position>
      <LatitudeDegrees>-33.8526930</LatitudeDegrees>
      <LongitudeDegrees>-71.2697309</LongitudeDegrees>
     </Position>
     <AltitudeMeters>109.45</AltitudeMeters>
     <DistanceMeters>10969.612309637925</DistanceMeters>
    </Trackpoint>
    <Trackpoint>
     <Time>2026-07-19T00:46:11+00:00</Time>
     <Position>
      <LatitudeDegrees>-33.8534489</LatitudeDegrees>
      <LongitudeDegrees>-71.2692621</LongitudeDegrees>
     </Position>
     <AltitudeMeters>110.76</AltitudeMeters>
     <DistanceMeters>11064.243030593696</DistanceMeters>
    </Trackpoint>
    <Trackpoint>
     <Time>2026-07-19T00:46:20+00:00</Time>
     <Position>
      <LatitudeDegrees>-33.8542048</LatitudeDegrees>
      <LongitudeDegrees>-71.2687932</LongitudeDegrees>
     </Position>
     <AltitudeMeters>110.97000000000001</AltitudeMeters>
     <DistanceMeters>11158.873751549325</DistanceMeters>
    </Trackpoint>
    <Trackpoint>
     <Time>2026-07-19T00:46:29+00:00</Time>
     <Position>
      <LatitudeDegrees>-33.8549606</LatitudeDegrees>
      <LongitudeDegrees>-71.2683244</LongitudeDegrees>
     </Position>
     <AltitudeMeters>111.32</AltitudeMeters>
     <DistanceMeters>11253.50447250402</DistanceMeters>
    </Trackpoint>
    <Trackpoint>
     <Time>2026-07-19T00:46:37+00:00</Time>
     <Position>
      <LatitudeDegrees>-33.8557165</LatitudeDegrees>
      <LongitudeDegrees>-71.2678555</LongitudeDegrees>
     </Position>
     <AltitudeMeters>111.46000000000001</AltitudeMeters>
     <DistanceMeters>11348.135193460006</DistanceMeters>
    </Trackpoint>
    <Trackpoint>
     <Time>2026-07-19T00:46:46+00:00</Time>
     <Position>
      <LatitudeDegrees>-33.8564724</LatitudeDegrees>
      <LongitudeDegrees>-71.2673866</LongitudeDegrees>
     </Position>
     <AltitudeMeters>111.50000000000001</AltitudeMeters>
     <DistanceMeters>11442.765914414278</DistanceMeters>
    </Trackpoint>
    <Trackpoint>
     <Time>2026-07-19T00:46:54+00:00</Time>
     <Position>
      <LatitudeDegrees>-33.8572283</LatitudeDegrees>
      <LongitudeDegrees>-71.2669178</LongitudeDegrees>
     </Position>
     <AltitudeMeters>111.71000000000001</AltitudeMeters>
     <DistanceMeters>11537.39663537026</DistanceMeters>
    </Trackpoint>
    <Trackpoint>
     <Time>2026-07-19T00:47:03+00:00</Time>
     <Position>
      <LatitudeDegrees>-33.8579841</LatitudeDegrees>
      <LongitudeDegrees>-71.2664489</LongitudeDegrees>
     </Position>
     <AltitudeMeters>112.0</AltitudeMeters>
     <DistanceMeters>11632.027356325754</DistanceMeters>
    </Trackpoint>
    <Trackpoint>
     <Time>2026-07-19T00:47:11+00:00</Time>
     <Position>
      <LatitudeDegrees>-33.8587400</LatitudeDegrees>
      <LongitudeDegrees>-71.2659800</LongitudeDegrees>
     </Position>
     <AltitudeMeters>112.29</AltitudeMeters>
     <DistanceMeters>11726.65807637525</DistanceMeters>
    </Trackpoint>
    <Trackpoint>
     <Time>2026-07-19T00:47:20+00:00</Time>
     <Position>
      <LatitudeDegrees>-33.8594667</LatitudeDegrees>
      <LongitudeDegrees>-71.2655333</LongitudeDegrees>
     </Position>
     <AltitudeMeters>112.51</AltitudeMeters>
     <DistanceMeters>11817.45933068184</DistanceMeters>
    </Trackpoint>
    <Trackpoint>
     <Time>2026-07-19T00:47:29+00:00</Time>
     <Position>
      <LatitudeDegrees>-33.8601933</LatitudeDegrees>
      <LongitudeDegrees>-71.2650867</LongitudeDegrees>
     </Position>
     <AltitudeMeters>113.28</AltitudeMeters>
     <DistanceMeters>11908.260584985817</DistanceMeters>
    </Trackpoint>
    <Trackpoint>
     <Time>2026-07-19T00:47:37+00:00</Time>
     <Position>
      <LatitudeDegrees>-33.8609200</LatitudeDegrees>
      <LongitudeDegrees>-71.2646400</LongitudeDegrees>
     </Position>
     <AltitudeMeters>113.53</AltitudeMeters>
     <DistanceMeters>11999.061855869873</DistanceMeters>
    </Trackpoint>
    <Trackpoint>
     <Time>2026-07-19T00:47:46+00:00</Time>
     <Position>
      <LatitudeDegrees>-33.8615475</LatitudeDegrees>
      <LongitudeDegrees>-71.2642225</LongitudeDegrees>
     </Position>
     <AltitudeMeters>113.83000000000001</AltitudeMeters>
     <DistanceMeters>12078.84975215265</DistanceMeters>
    </Trackpoint>
    <Trackpoint>
     <Time>2026-07-19T00:47:54+00:00</Time>
     <Position>
      <LatitudeDegrees>-33.8621750</LatitudeDegrees>
      <LongitudeDegrees>-71.2638050</LongitudeDegrees>
     </Position>
     <AltitudeMeters>114.40000000000002</AltitudeMeters>
     <DistanceMeters>12158.637648436894</DistanceMeters>
    </Trackpoint>
    <Trackpoint>
     <Time>2026-07-19T00:48:03+00:00</Time>
     <Position>
      <LatitudeDegrees>-33.8628025</LatitudeDegrees>
      <LongitudeDegrees>-71.2633875</LongitudeDegrees>
     </Position>
     <AltitudeMeters>115.04</AltitudeMeters>
     <DistanceMeters>12238.425544720565</DistanceMeters>
    </Trackpoint>
    <Trackpoint>
     <Time>2026-07-19T00:48:11+00:00</Time>
     <Position>
      <LatitudeDegrees>-33.8634300</LatitudeDegrees>
      <LongitudeDegrees>-71.2629700</LongitudeDegrees>
     </Position>
     <AltitudeMeters>114.45</AltitudeMeters>
     <DistanceMeters>12318.213434173538</DistanceMeters>
    </Trackpoint>
    <Trackpoint>
     <Time>2026-07-19T00:48:20+00:00</Time>
     <Position>
      <LatitudeDegrees>-33.8637800</LatitudeDegrees>
      <LongitudeDegrees>-71.2627200</LongitudeDegrees>
     </Position>
     <AltitudeMeters>114.32000000000001</AltitudeMeters>
     <DistanceMeters>12363.503292414847</DistanceMeters>
    </Trackpoint>
    <Trackpoint>
     <Time>2026-07-19T00:48:29+00:00</Time>
     <Position>
      <LatitudeDegrees>-33.8641650</LatitudeDegrees>
      <LongitudeDegrees>-71.2624050</LongitudeDegrees>
     </Position>
     <AltitudeMeters>114.28</AltitudeMeters>
     <DistanceMeters>12415.305469244919</DistanceMeters>
    </Trackpoint>
    <Trackpoint>
     <Time>2026-07-19T00:48:37+00:00</Time>
     <Position>
      <LatitudeDegrees>-33.8645500</LatitudeDegrees>
      <LongitudeDegrees>-71.2620900</LongitudeDegrees>
     </Position>
     <AltitudeMeters>114.24000000000001</AltitudeMeters>
     <DistanceMeters>12467.10769140284</DistanceMeters>
    </Trackpoint>
    <Trackpoint>
     <Time>2026-07-19T00:48:46+00:00</Time>
     <Position>
      <LatitudeDegrees>-33.8651750</LatitudeDegrees>
      <LongitudeDegrees>-71.2615300</LongitudeDegrees>
     </Position>
     <AltitudeMeters>114.48</AltitudeMeters>
     <DistanceMeters>12553.807445636456</DistanceMeters>
    </Trackpoint>
    <Trackpoint>
     <Time>2026-07-19T00:48:54+00:00</Time>
     <Position>
      <LatitudeDegrees>-33.8658000</LatitudeDegrees>
      <LongitudeDegrees>-71.2609700</LongitudeDegrees>
     </Position>
     <AltitudeMeters>115.11</AltitudeMeters>
     <DistanceMeters>12640.507198797412</DistanceMeters>
    </Trackpoint>
    <Trackpoint>
     <Time>2026-07-19T00:49:03+00:00</Time>
     <Position>
      <LatitudeDegrees>-33.8664683</LatitudeDegrees>
      <LongitudeDegrees>-71.2603917</LongitudeDegrees>
     </Position>
     <AltitudeMeters>115.88000000000001</AltitudeMeters>
     <DistanceMeters>12732.09929940924</DistanceMeters>
    </Trackpoint>
    <Trackpoint>
     <Time>2026-07-19T00:49:11+00:00</Time>
     <Position>
      <LatitudeDegrees>-33.8671367</LatitudeDegrees>
      <LongitudeDegrees>-71.2598134</LongitudeDegrees>
     </Position>
     <AltitudeMeters>116.59000000000002</AltitudeMeters>
     <DistanceMeters>12823.6914000225</DistanceMeters>
    </Trackpoint>
    <Trackpoint>
     <Time>2026-07-19T00:49:20+00:00</Time>
     <Position>
      <LatitudeDegrees>-33.8678050</LatitudeDegrees>
      <LongitudeDegrees>-71.2592350</LongitudeDegrees>
     </Position>
     <AltitudeMeters>117.14</AltitudeMeters>
     <DistanceMeters>12915.283500634616</DistanceMeters>
    </Trackpoint>
    <Trackpoint>
     <Time>2026-07-19T00:49:29+00:00</Time>
     <Position>
      <LatitudeDegrees>-33.8684733</LatitudeDegrees>
      <LongitudeDegrees>-71.2586567</LongitudeDegrees>
     </Position>
     <AltitudeMeters>117.76</AltitudeMeters>
     <DistanceMeters>13006.875601247622</DistanceMeters>
    </Trackpoint>
    <Trackpoint>
     <Time>2026-07-19T00:49:37+00:00</Time>
     <Position>
      <LatitudeDegrees>-33.8691417</LatitudeDegrees>
      <LongitudeDegrees>-71.2580784</LongitudeDegrees>
     </Position>
     <AltitudeMeters>118.03</AltitudeMeters>
     <DistanceMeters>13098.467701859063</DistanceMeters>
    </Trackpoint>
    <Trackpoint>
     <Time>2026-07-19T00:49:46+00:00</Time>
     <Position>
      <LatitudeDegrees>-33.8698100</LatitudeDegrees>
      <LongitudeDegrees>-71.2575000</LongitudeDegrees>
     </Position>
     <AltitudeMeters>118.37</AltitudeMeters>
     <DistanceMeters>13190.059799773668</DistanceMeters>
    </Trackpoint>
    <Trackpoint>
     <Time>2026-07-19T00:49:54+00:00</Time>
     <Position>
      <LatitudeDegrees>-33.8705082</LatitudeDegrees>
      <LongitudeDegrees>-71.2568891</LongitudeDegrees>
     </Position>
     <AltitudeMeters>118.74000000000001</AltitudeMeters>
     <DistanceMeters>13286.105369575731</DistanceMeters>
    </Trackpoint>
    <Trackpoint>
     <Time>2026-07-19T00:50:03+00:00</Time>
     <Position>
      <LatitudeDegrees>-33.8712064</LatitudeDegrees>
      <LongitudeDegrees>-71.2562783</LongitudeDegrees>
     </Position>
     <AltitudeMeters>118.89</AltitudeMeters>
     <DistanceMeters>13382.150939377676</DistanceMeters>
    </Trackpoint>
    <Trackpoint>
     <Time>2026-07-19T00:50:11+00:00</Time>
     <Position>
      <LatitudeDegrees>-33.8719046</LatitudeDegrees>
      <LongitudeDegrees>-71.2556674</LongitudeDegrees>
     </Position>
     <AltitudeMeters>119.31000000000002</AltitudeMeters>
     <DistanceMeters>13478.19650917945</DistanceMeters>
    </Trackpoint>
    <Trackpoint>
     <Time>2026-07-19T00:50:20+00:00</Time>
     <Position>
      <LatitudeDegrees>-33.8726028</LatitudeDegrees>
      <LongitudeDegrees>-71.2550565</LongitudeDegrees>
     </Position>
     <AltitudeMeters>119.69</AltitudeMeters>
     <DistanceMeters>13574.242078982546</DistanceMeters>
    </Trackpoint>
    <Trackpoint>
     <Time>2026-07-19T00:50:29+00:00</Time>
     <Position>
      <LatitudeDegrees>-33.8733010</LatitudeDegrees>
      <LongitudeDegrees>-71.2544456</LongitudeDegrees>
     </Position>
     <AltitudeMeters>120.38000000000001</AltitudeMeters>
     <DistanceMeters>13670.287648784088</DistanceMeters>
    </Trackpoint>
    <Trackpoint>
     <Time>2026-07-19T00:50:37+00:00</Time>
     <Position>
      <LatitudeDegrees>-33.8739991</LatitudeDegrees>
      <LongitudeDegrees>-71.2538347</LongitudeDegrees>
     </Position>
     <AltitudeMeters>120.77000000000001</AltitudeMeters>
     <DistanceMeters>13766.333218587108</DistanceMeters>
    </Trackpoint>
    <Trackpoint>
     <Time>2026-07-19T00:50:46+00:00</Time>
     <Position>
      <LatitudeDegrees>-33.8746973</LatitudeDegrees>
      <LongitudeDegrees>-71.2532238</LongitudeDegrees>
     </Position>
     <AltitudeMeters>121.46000000000001</AltitudeMeters>
     <DistanceMeters>13862.378788388995</DistanceMeters>
    </Trackpoint>
    <Trackpoint>
     <Time>2026-07-19T00:50:54+00:00</Time>
     <Position>
      <LatitudeDegrees>-33.8753955</LatitudeDegrees>
      <LongitudeDegrees>-71.2526128</LongitudeDegrees>
     </Position>
     <AltitudeMeters>121.74000000000001</AltitudeMeters>
     <DistanceMeters>13958.424358190336</DistanceMeters>
    </Trackpoint>
    <Trackpoint>
     <Time>2026-07-19T00:51:03+00:00</Time>
     <Position>
      <LatitudeDegrees>-33.8760937</LatitudeDegrees>
      <LongitudeDegrees>-71.2520019</LongitudeDegrees>
     </Position>
     <AltitudeMeters>122.34</AltitudeMeters>
     <DistanceMeters>14054.469927993392</DistanceMeters>
    </Trackpoint>
    <Trackpoint>
     <Time>2026-07-19T00:51:11+00:00</Time>
     <Position>
      <LatitudeDegrees>-33.8767918</LatitudeDegrees>
      <LongitudeDegrees>-71.2513910</LongitudeDegrees>
     </Position>
     <AltitudeMeters>123.07000000000001</AltitudeMeters>
     <DistanceMeters>14150.515497794779</DistanceMeters>
    </Trackpoint>
    <Trackpoint>
     <Time>2026-07-19T00:51:20+00:00</Time>
     <Position>
      <LatitudeDegrees>-33.8774900</LatitudeDegrees>
      <LongitudeDegrees>-71.2507800</LongitudeDegrees>
     </Position>
     <AltitudeMeters>123.80000000000001</AltitudeMeters>
     <DistanceMeters>14246.561069176949</DistanceMeters>
    </Trackpoint>
    <Trackpoint>
     <Time>2026-07-19T00:51:29+00:00</Time>
     <Position>
      <LatitudeDegrees>-33.8782117</LatitudeDegrees>
      <LongitudeDegrees>-71.2501434</LongitudeDegrees>
     </Position>
     <AltitudeMeters>124.27</AltitudeMeters>
     <DistanceMeters>14346.118526280736</DistanceMeters>
    </Trackpoint>
    <Trackpoint>
     <Time>2026-07-19T00:51:37+00:00</Time>
     <Position>
      <LatitudeDegrees>-33.8789333</LatitudeDegrees>
      <LongitudeDegrees>-71.2495067</LongitudeDegrees>
     </Position>
     <AltitudeMeters>124.84</AltitudeMeters>
     <DistanceMeters>14445.67598338465</DistanceMeters>
    </Trackpoint>
    <Trackpoint>
     <Time>2026-07-19T00:51:46+00:00</Time>
     <Position>
      <LatitudeDegrees>-33.8796550</LatitudeDegrees>
      <LongitudeDegrees>-71.2488700</LongitudeDegrees>
     </Position>
     <AltitudeMeters>125.37</AltitudeMeters>
     <DistanceMeters>14545.2334404889</DistanceMeters>
    </Trackpoint>
    <Trackpoint>
     <Time>2026-07-19T00:51:54+00:00</Time>
     <Position>
      <LatitudeDegrees>-33.8803767</LatitudeDegrees>
      <LongitudeDegrees>-71.2482334</LongitudeDegrees>
     </Position>
     <AltitudeMeters>125.91000000000003</AltitudeMeters>
     <DistanceMeters>14644.790897591647</DistanceMeters>
    </Trackpoint>
    <Trackpoint>
     <Time>2026-07-19T00:52:03+00:00</Time>
     <Position>
      <LatitudeDegrees>-33.8810983</LatitudeDegrees>
      <LongitudeDegrees>-71.2475967</LongitudeDegrees>
     </Position>
     <AltitudeMeters>126.5</AltitudeMeters>
     <DistanceMeters>14744.348354696565</DistanceMeters>
    </Trackpoint>
    <Trackpoint>
     <Time>2026-07-19T00:52:11+00:00</Time>
     <Position>
      <LatitudeDegrees>-33.8818200</LatitudeDegrees>
      <LongitudeDegrees>-71.2469600</LongitudeDegrees>
     </Position>
     <AltitudeMeters>127.28</AltitudeMeters>
     <DistanceMeters>14843.905818077976</DistanceMeters>
    </Trackpoint>
    <Trackpoint>
     <Time>2026-07-19T00:52:20+00:00</Time>
     <Position>
      <LatitudeDegrees>-33.8823700</LatitudeDegrees>
      <LongitudeDegrees>-71.2464800</LongitudeDegrees>
     </Position>
     <AltitudeMeters>127.46000000000002</AltitudeMeters>
     <DistanceMeters>14919.496060468804</DistanceMeters>
    </Trackpoint>
    <Trackpoint>
     <Time>2026-07-19T00:52:29+00:00</Time>
     <Position>
      <LatitudeDegrees>-33.8829200</LatitudeDegrees>
      <LongitudeDegrees>-71.2460000</LongitudeDegrees>
     </Position>
     <AltitudeMeters>127.4</AltitudeMeters>
     <DistanceMeters>14995.08630286068</DistanceMeters>
    </Trackpoint>
    <Trackpoint>
     <Time>2026-07-19T00:52:37+00:00</Time>
     <Position>
      <LatitudeDegrees>-33.8834700</LatitudeDegrees>
      <LongitudeDegrees>-71.2455200</LongitudeDegrees>
     </Position>
     <AltitudeMeters>126.22</AltitudeMeters>
     <DistanceMeters>15070.676545253089</DistanceMeters>
    </Trackpoint>
    <Trackpoint>
     <Time>2026-07-19T00:52:46+00:00</Time>
     <Position>
      <LatitudeDegrees>-33.8840200</LatitudeDegrees>
      <LongitudeDegrees>-71.2450400</LongitudeDegrees>
     </Position>
     <AltitudeMeters>124.41000000000001</AltitudeMeters>
     <DistanceMeters>15146.26677619558</DistanceMeters>
    </Trackpoint>
    <Trackpoint>
     <Time>2026-07-19T00:52:54+00:00</Time>
     <Position>
      <LatitudeDegrees>-33.8844000</LatitudeDegrees>
      <LongitudeDegrees>-71.2446700</LongitudeDegrees>
     </Position>
     <AltitudeMeters>123.87</AltitudeMeters>
     <DistanceMeters>15200.64791445471</DistanceMeters>
    </Trackpoint>
    <Trackpoint>
     <Time>2026-07-19T00:53:03+00:00</Time>
     <Position>
      <LatitudeDegrees>-33.8846500</LatitudeDegrees>
      <LongitudeDegrees>-71.2443500</LongitudeDegrees>
     </Position>
     <AltitudeMeters>123.65</AltitudeMeters>
     <DistanceMeters>15241.247359845365</DistanceMeters>
    </Trackpoint>
    <Trackpoint>
     <Time>2026-07-19T00:53:11+00:00</Time>
     <Position>
      <LatitudeDegrees>-33.8849000</LatitudeDegrees>
      <LongitudeDegrees>-71.2439600</LongitudeDegrees>
     </Position>
     <AltitudeMeters>123.61000000000001</AltitudeMeters>
     <DistanceMeters>15286.772899173684</DistanceMeters>
    </Trackpoint>
    <Trackpoint>
     <Time>2026-07-19T00:53:20+00:00</Time>
     <Position>
      <LatitudeDegrees>-33.8852000</LatitudeDegrees>
      <LongitudeDegrees>-71.2434200</LongitudeDegrees>
     </Position>
     <AltitudeMeters>123.92000000000002</AltitudeMeters>
     <DistanceMeters>15346.806466275824</DistanceMeters>
    </Trackpoint>
    <Trackpoint>
     <Time>2026-07-19T00:53:29+00:00</Time>
     <Position>
      <LatitudeDegrees>-33.8855000</LatitudeDegrees>
      <LongitudeDegrees>-71.2428800</LongitudeDegrees>
     </Position>
     <AltitudeMeters>123.9</AltitudeMeters>
     <DistanceMeters>15406.840031387479</DistanceMeters>
    </Trackpoint>
    <Trackpoint>
     <Time>2026-07-19T00:53:37+00:00</Time>
     <Position>
      <LatitudeDegrees>-33.8856600</LatitudeDegrees>
      <LongitudeDegrees>-71.2426200</LongitudeDegrees>
     </Position>
     <AltitudeMeters>123.61000000000001</AltitudeMeters>
     <DistanceMeters>15436.742504415279</DistanceMeters>
    </Trackpoint>
    <Trackpoint>
     <Time>2026-07-19T00:53:46+00:00</Time>
     <Position>
      <LatitudeDegrees>-33.8858400</LatitudeDegrees>
      <LongitudeDegrees>-71.2424100</LongitudeDegrees>
     </Position>
     <AltitudeMeters>123.45</AltitudeMeters>
     <DistanceMeters>15464.631243801887</DistanceMeters>
    </Trackpoint>
    <Trackpoint>
     <Time>2026-07-19T00:53:54+00:00</Time>
     <Position>
      <LatitudeDegrees>-33.8863350</LatitudeDegrees>
      <LongitudeDegrees>-71.2419400</LongitudeDegrees>
     </Position>
     <AltitudeMeters>123.23</AltitudeMeters>
     <DistanceMeters>15534.778990202798</DistanceMeters>
    </Trackpoint>
    <Trackpoint>
     <Time>2026-07-19T00:54:03+00:00</Time>
     <Position>
      <LatitudeDegrees>-33.8868300</LatitudeDegrees>
      <LongitudeDegrees>-71.2414700</LongitudeDegrees>
     </Position>
     <AltitudeMeters>123.42000000000002</AltitudeMeters>
     <DistanceMeters>15604.926727753158</DistanceMeters>
    </Trackpoint>
    <Trackpoint>
     <Time>2026-07-19T00:54:11+00:00</Time>
     <Position>
      <LatitudeDegrees>-33.8871100</LatitudeDegrees>
      <LongitudeDegrees>-71.2413200</LongitudeDegrees>
     </Position>
     <AltitudeMeters>124.57000000000001</AltitudeMeters>
     <DistanceMeters>15639.032170743449</DistanceMeters>
    </Trackpoint>
    <Trackpoint>
     <Time>2026-07-19T00:54:20+00:00</Time>
     <Position>
      <LatitudeDegrees>-33.8874000</LatitudeDegrees>
      <LongitudeDegrees>-71.2412300</LongitudeDegrees>
     </Position>
     <AltitudeMeters>127.18</AltitudeMeters>
     <DistanceMeters>15672.361821406957</DistanceMeters>
    </Trackpoint>
    <Trackpoint>
     <Time>2026-07-19T00:54:29+00:00</Time>
     <Position>
      <LatitudeDegrees>-33.8877000</LatitudeDegrees>
      <LongitudeDegrees>-71.2412300</LongitudeDegrees>
     </Position>
     <AltitudeMeters>128.79999999999998</AltitudeMeters>
     <DistanceMeters>15705.750525239522</DistanceMeters>
    </Trackpoint>
    <Trackpoint>
     <Time>2026-07-19T00:54:37+00:00</Time>
     <Position>
      <LatitudeDegrees>-33.8885900</LatitudeDegrees>
      <LongitudeDegrees>-71.2413700</LongitudeDegrees>
     </Position>
     <AltitudeMeters>130.24</AltitudeMeters>
     <DistanceMeters>15805.644619000423</DistanceMeters>
    </Trackpoint>
    <Trackpoint>
     <Time>2026-07-19T00:54:46+00:00</Time>
     <Position>
      <LatitudeDegrees>-33.8891100</LatitudeDegrees>
      <LongitudeDegrees>-71.2413700</LongitudeDegrees>
     </Position>
     <AltitudeMeters>130.53</AltitudeMeters>
     <DistanceMeters>15863.51837230983</DistanceMeters>
    </Trackpoint>
    <Trackpoint>
     <Time>2026-07-19T00:54:54+00:00</Time>
     <Position>
      <LatitudeDegrees>-33.8899600</LatitudeDegrees>
      <LongitudeDegrees>-71.2412633</LongitudeDegrees>
     </Position>
     <AltitudeMeters>130.60000000000002</AltitudeMeters>
     <DistanceMeters>15958.631594882727</DistanceMeters>
    </Trackpoint>
    <Trackpoint>
     <Time>2026-07-19T00:55:03+00:00</Time>
     <Position>
      <LatitudeDegrees>-33.8908100</LatitudeDegrees>
      <LongitudeDegrees>-71.2411567</LongitudeDegrees>
     </Position>
     <AltitudeMeters>130.38000000000002</AltitudeMeters>
     <DistanceMeters>16053.744817456392</DistanceMeters>
    </Trackpoint>
    <Trackpoint>
     <Time>2026-07-19T00:55:11+00:00</Time>
     <Position>
      <LatitudeDegrees>-33.8916600</LatitudeDegrees>
      <LongitudeDegrees>-71.2410500</LongitudeDegrees>
     </Position>
     <AltitudeMeters>130.28</AltitudeMeters>
     <DistanceMeters>16148.858038120641</DistanceMeters>
    </Trackpoint>
    <Trackpoint>
     <Time>2026-07-19T00:55:20+00:00</Time>
     <Position>
      <LatitudeDegrees>-33.8922200</LatitudeDegrees>
      <LongitudeDegrees>-71.2410050</LongitudeDegrees>
     </Position>
     <AltitudeMeters>130.49</AltitudeMeters>
     <DistanceMeters>16211.322124858378</DistanceMeters>
    </Trackpoint>
    <Trackpoint>
     <Time>2026-07-19T00:55:29+00:00</Time>
     <Position>
      <LatitudeDegrees>-33.8927800</LatitudeDegrees>
      <LongitudeDegrees>-71.2409600</LongitudeDegrees>
     </Position>
     <AltitudeMeters>130.48000000000002</AltitudeMeters>
     <DistanceMeters>16273.786200077486</DistanceMeters>
    </Trackpoint>
    <Trackpoint>
     <Time>2026-07-19T00:55:37+00:00</Time>
     <Position>
      <LatitudeDegrees>-33.8932200</LatitudeDegrees>
      <LongitudeDegrees>-71.2410000</LongitudeDegrees>
     </Position>
     <AltitudeMeters>130.47</AltitudeMeters>
     <DistanceMeters>16322.895531011445</DistanceMeters>
    </Trackpoint>
    <Trackpoint>
     <Time>2026-07-19T00:55:46+00:00</Time>
     <Position>
      <LatitudeDegrees>-33.8935200</LatitudeDegrees>
      <LongitudeDegrees>-71.2410600</LongitudeDegrees>
     </Position>
     <AltitudeMeters>130.53</AltitudeMeters>
     <DistanceMeters>16356.741222197183</DistanceMeters>
    </Trackpoint>
    <Trackpoint>
     <Time>2026-07-19T00:55:54+00:00</Time>
     <Position>
      <LatitudeDegrees>-33.8938100</LatitudeDegrees>
      <LongitudeDegrees>-71.2411800</LongitudeDegrees>
     </Position>
     <AltitudeMeters>130.54999999999998</AltitudeMeters>
     <DistanceMeters>16390.867811090466</DistanceMeters>
    </Trackpoint>
    <Trackpoint>
     <Time>2026-07-19T00:56:03+00:00</Time>
     <Position>
      <LatitudeDegrees>-33.8941000</LatitudeDegrees>
      <LongitudeDegrees>-71.2413200</LongitudeDegrees>
     </Position>
     <AltitudeMeters>130.54999999999998</AltitudeMeters>
     <DistanceMeters>16425.638539697084</DistanceMeters>
    </Trackpoint>
    <Trackpoint>
     <Time>2026-07-19T00:56:11+00:00</Time>
     <Position>
      <LatitudeDegrees>-33.8946700</LatitudeDegrees>
      <LongitudeDegrees>-71.2418200</LongitudeDegrees>
     </Position>
     <AltitudeMeters>130.94</AltitudeMeters>
     <DistanceMeters>16504.111997467517</DistanceMeters>
    </Trackpoint>
    <Trackpoint>
     <Time>2026-07-19T00:56:20+00:00</Time>
     <Position>
      <LatitudeDegrees>-33.8952400</LatitudeDegrees>
      <LongitudeDegrees>-71.2423200</LongitudeDegrees>
     </Position>
     <AltitudeMeters>131.12</AltitudeMeters>
     <DistanceMeters>16582.58543704115</DistanceMeters>
    </Trackpoint>
    <Trackpoint>
     <Time>2026-07-19T00:56:29+00:00</Time>
     <Position>
      <LatitudeDegrees>-33.8956200</LatitudeDegrees>
      <LongitudeDegrees>-71.2426100</LongitudeDegrees>
     </Position>
     <AltitudeMeters>131.43</AltitudeMeters>
     <DistanceMeters>16632.649249231625</DistanceMeters>
    </Trackpoint>
    <Trackpoint>
     <Time>2026-07-19T00:56:37+00:00</Time>
     <Position>
      <LatitudeDegrees>-33.8961600</LatitudeDegrees>
      <LongitudeDegrees>-71.2429300</LongitudeDegrees>
     </Position>
     <AltitudeMeters>131.59</AltitudeMeters>
     <DistanceMeters>16699.625972787988</DistanceMeters>
    </Trackpoint>
    <Trackpoint>
     <Time>2026-07-19T00:56:46+00:00</Time>
     <Position>
      <LatitudeDegrees>-33.8965950</LatitudeDegrees>
      <LongitudeDegrees>-71.2431100</LongitudeDegrees>
     </Position>
     <AltitudeMeters>131.75</AltitudeMeters>
     <DistanceMeters>16750.815659838263</DistanceMeters>
    </Trackpoint>
    <Trackpoint>
     <Time>2026-07-19T00:56:54+00:00</Time>
     <Position>
      <LatitudeDegrees>-33.8970300</LatitudeDegrees>
      <LongitudeDegrees>-71.2432900</LongitudeDegrees>
     </Position>
     <AltitudeMeters>131.78</AltitudeMeters>
     <DistanceMeters>16802.005368289065</DistanceMeters>
    </Trackpoint>
    <Trackpoint>
     <Time>2026-07-19T00:57:03+00:00</Time>
     <Position>
      <LatitudeDegrees>-33.8977675</LatitudeDegrees>
      <LongitudeDegrees>-71.2436700</LongitudeDegrees>
     </Position>
     <AltitudeMeters>131.92000000000002</AltitudeMeters>
     <DistanceMeters>16891.277397226222</DistanceMeters>
    </Trackpoint>
    <Trackpoint>
     <Time>2026-07-19T00:57:11+00:00</Time>
     <Position>
      <LatitudeDegrees>-33.8985050</LatitudeDegrees>
      <LongitudeDegrees>-71.2440500</LongitudeDegrees>
     </Position>
     <AltitudeMeters>132.15</AltitudeMeters>
     <DistanceMeters>16980.54942616272</DistanceMeters>
    </Trackpoint>
    <Trackpoint>
     <Time>2026-07-19T00:57:20+00:00</Time>
     <Position>
      <LatitudeDegrees>-33.8992425</LatitudeDegrees>
      <LongitudeDegrees>-71.2444300</LongitudeDegrees>
     </Position>
     <AltitudeMeters>132.4</AltitudeMeters>
     <DistanceMeters>17069.821455099307</DistanceMeters>
    </Trackpoint>
    <Trackpoint>
     <Time>2026-07-19T00:57:29+00:00</Time>
     <Position>
      <LatitudeDegrees>-33.8999800</LatitudeDegrees>
      <LongitudeDegrees>-71.2448100</LongitudeDegrees>
     </Position>
     <AltitudeMeters>132.37</AltitudeMeters>
     <DistanceMeters>17159.093484122855</DistanceMeters>
    </Trackpoint>
    <Trackpoint>
     <Time>2026-07-19T00:57:37+00:00</Time>
     <Position>
      <LatitudeDegrees>-33.9007375</LatitudeDegrees>
      <LongitudeDegrees>-71.2452100</LongitudeDegrees>
     </Position>
     <AltitudeMeters>132.62</AltitudeMeters>
     <DistanceMeters>17251.14178430997</DistanceMeters>
    </Trackpoint>
    <Trackpoint>
     <Time>2026-07-19T00:57:46+00:00</Time>
     <Position>
      <LatitudeDegrees>-33.9014950</LatitudeDegrees>
      <LongitudeDegrees>-71.2456100</LongitudeDegrees>
     </Position>
     <AltitudeMeters>133.13</AltitudeMeters>
     <DistanceMeters>17343.190084497845</DistanceMeters>
    </Trackpoint>
    <Trackpoint>
     <Time>2026-07-19T00:57:54+00:00</Time>
     <Position>
      <LatitudeDegrees>-33.9022525</LatitudeDegrees>
      <LongitudeDegrees>-71.2460100</LongitudeDegrees>
     </Position>
     <AltitudeMeters>133.46</AltitudeMeters>
     <DistanceMeters>17435.238384685046</DistanceMeters>
    </Trackpoint>
    <Trackpoint>
     <Time>2026-07-19T00:58:03+00:00</Time>
     <Position>
      <LatitudeDegrees>-33.9030100</LatitudeDegrees>
      <LongitudeDegrees>-71.2464100</LongitudeDegrees>
     </Position>
     <AltitudeMeters>134.35</AltitudeMeters>
     <DistanceMeters>17527.28668051498</DistanceMeters>
    </Trackpoint>
    <Trackpoint>
     <Time>2026-07-19T00:58:11+00:00</Time>
     <Position>
      <LatitudeDegrees>-33.9037600</LatitudeDegrees>
      <LongitudeDegrees>-71.2468966</LongitudeDegrees>
     </Position>
     <AltitudeMeters>134.91</AltitudeMeters>
     <DistanceMeters>17622.09380083789</DistanceMeters>
    </Trackpoint>
    <Trackpoint>
     <Time>2026-07-19T00:58:20+00:00</Time>
     <Position>
      <LatitudeDegrees>-33.9045100</LatitudeDegrees>
      <LongitudeDegrees>-71.2473833</LongitudeDegrees>
     </Position>
     <AltitudeMeters>135.68</AltitudeMeters>
     <DistanceMeters>17716.900921159602</DistanceMeters>
    </Trackpoint>
    <Trackpoint>
     <Time>2026-07-19T00:58:29+00:00</Time>
     <Position>
      <LatitudeDegrees>-33.9052600</LatitudeDegrees>
      <LongitudeDegrees>-71.2478700</LongitudeDegrees>
     </Position>
     <AltitudeMeters>136.39000000000001</AltitudeMeters>
     <DistanceMeters>17811.70804148231</DistanceMeters>
    </Trackpoint>
    <Trackpoint>
     <Time>2026-07-19T00:58:37+00:00</Time>
     <Position>
      <LatitudeDegrees>-33.9060100</LatitudeDegrees>
      <LongitudeDegrees>-71.2483566</LongitudeDegrees>
     </Position>
     <AltitudeMeters>137.96</AltitudeMeters>
     <DistanceMeters>17906.5151618055</DistanceMeters>
    </Trackpoint>
    <Trackpoint>
     <Time>2026-07-19T00:58:46+00:00</Time>
     <Position>
      <LatitudeDegrees>-33.9067600</LatitudeDegrees>
      <LongitudeDegrees>-71.2488433</LongitudeDegrees>
     </Position>
     <AltitudeMeters>138.70000000000002</AltitudeMeters>
     <DistanceMeters>18001.322282127963</DistanceMeters>
    </Trackpoint>
    <Trackpoint>
     <Time>2026-07-19T00:58:54+00:00</Time>
     <Position>
      <LatitudeDegrees>-33.9075100</LatitudeDegrees>
      <LongitudeDegrees>-71.2493300</LongitudeDegrees>
     </Position>
     <AltitudeMeters>139.89000000000001</AltitudeMeters>
     <DistanceMeters>18096.129405618365</DistanceMeters>
    </Trackpoint>
    <Trackpoint>
     <Time>2026-07-19T00:59:03+00:00</Time>
     <Position>
      <LatitudeDegrees>-33.9076600</LatitudeDegrees>
      <LongitudeDegrees>-71.2493800</LongitudeDegrees>
     </Position>
     <AltitudeMeters>139.89000000000001</AltitudeMeters>
     <DistanceMeters>18113.45081619492</DistanceMeters>
    </Trackpoint>
    <Trackpoint>
     <Time>2026-07-19T00:59:11+00:00</Time>
     <Position>
      <LatitudeDegrees>-33.9078200</LatitudeDegrees>
      <LongitudeDegrees>-71.2493800</LongitudeDegrees>
     </Position>
     <AltitudeMeters>140.1</AltitudeMeters>
     <DistanceMeters>18131.25812490557</DistanceMeters>
    </Trackpoint>
    <Trackpoint>
     <Time>2026-07-19T00:59:20+00:00</Time>
     <Position>
      <LatitudeDegrees>-33.9079700</LatitudeDegrees>
      <LongitudeDegrees>-71.2493400</LongitudeDegrees>
     </Position>
     <AltitudeMeters>140.38</AltitudeMeters>
     <DistanceMeters>18148.356440870743</DistanceMeters>
    </Trackpoint>
    <Trackpoint>
     <Time>2026-07-19T00:59:29+00:00</Time>
     <Position>
      <LatitudeDegrees>-33.9087100</LatitudeDegrees>
      <LongitudeDegrees>-71.2488500</LongitudeDegrees>
     </Position>
     <AltitudeMeters>141.18</AltitudeMeters>
     <DistanceMeters>18242.332276251855</DistanceMeters>
    </Trackpoint>
    <Trackpoint>
     <Time>2026-07-19T00:59:37+00:00</Time>
     <Position>
      <LatitudeDegrees>-33.9092500</LatitudeDegrees>
      <LongitudeDegrees>-71.2487000</LongitudeDegrees>
     </Position>
     <AltitudeMeters>141.98000000000002</AltitudeMeters>
     <DistanceMeters>18304.008305502564</DistanceMeters>
    </Trackpoint>
    <Trackpoint>
     <Time>2026-07-19T00:59:46+00:00</Time>
     <Position>
      <LatitudeDegrees>-33.9097700</LatitudeDegrees>
      <LongitudeDegrees>-71.2484800</LongitudeDegrees>
     </Position>
     <AltitudeMeters>143.45000000000002</AltitudeMeters>
     <DistanceMeters>18365.345888743108</DistanceMeters>
    </Trackpoint>
    <Trackpoint>
     <Time>2026-07-19T00:59:54+00:00</Time>
     <Position>
      <LatitudeDegrees>-33.9106000</LatitudeDegrees>
      <LongitudeDegrees>-71.2481200</LongitudeDegrees>
     </Position>
     <AltitudeMeters>145.08</AltitudeMeters>
     <DistanceMeters>18463.52374033972</DistanceMeters>
    </Trackpoint>
    <Trackpoint>
     <Time>2026-07-19T01:00:03+00:00</Time>
     <Position>
      <LatitudeDegrees>-33.9113233</LatitudeDegrees>
      <LongitudeDegrees>-71.2476400</LongitudeDegrees>
     </Position>
     <AltitudeMeters>146.33</AltitudeMeters>
     <DistanceMeters>18555.42829061062</DistanceMeters>
    </Trackpoint>
    <Trackpoint>
     <Time>2026-07-19T01:00:11+00:00</Time>
     <Position>
      <LatitudeDegrees>-33.9120467</LatitudeDegrees>
      <LongitudeDegrees>-71.2471600</LongitudeDegrees>
     </Position>
     <AltitudeMeters>147.86</AltitudeMeters>
     <DistanceMeters>18647.33284088258</DistanceMeters>
    </Trackpoint>
    <Trackpoint>
     <Time>2026-07-19T01:00:20+00:00</Time>
     <Position>
      <LatitudeDegrees>-33.9127700</LatitudeDegrees>
      <LongitudeDegrees>-71.2466800</LongitudeDegrees>
     </Position>
     <AltitudeMeters>149.59</AltitudeMeters>
     <DistanceMeters>18739.23739094996</DistanceMeters>
    </Trackpoint>
    <Trackpoint>
     <Time>2026-07-19T01:00:29+00:00</Time>
     <Position>
      <LatitudeDegrees>-33.9133850</LatitudeDegrees>
      <LongitudeDegrees>-71.2463250</LongitudeDegrees>
     </Position>
     <AltitudeMeters>150.66000000000003</AltitudeMeters>
     <DistanceMeters>18815.13248271192</DistanceMeters>
    </Trackpoint>
    <Trackpoint>
     <Time>2026-07-19T01:00:37+00:00</Time>
     <Position>
      <LatitudeDegrees>-33.9140000</LatitudeDegrees>
      <LongitudeDegrees>-71.2459700</LongitudeDegrees>
     </Position>
     <AltitudeMeters>152.31</AltitudeMeters>
     <DistanceMeters>18891.027550583436</DistanceMeters>
    </Trackpoint>
    <Trackpoint>
     <Time>2026-07-19T01:00:46+00:00</Time>
     <Position>
      <LatitudeDegrees>-33.9141500</LatitudeDegrees>
      <LongitudeDegrees>-71.2459300</LongitudeDegrees>
     </Position>
     <AltitudeMeters>152.31</AltitudeMeters>
     <DistanceMeters>18908.125808661236</DistanceMeters>
    </Trackpoint>
    <Trackpoint>
     <Time>2026-07-19T01:00:54+00:00</Time>
     <Position>
      <LatitudeDegrees>-33.9144000</LatitudeDegrees>
      <LongitudeDegrees>-71.2459300</LongitudeDegrees>
     </Position>
     <AltitudeMeters>152.72000000000003</AltitudeMeters>
     <DistanceMeters>18935.949728521573</DistanceMeters>
    </Trackpoint>
    <Trackpoint>
     <Time>2026-07-19T01:01:03+00:00</Time>
     <Position>
      <LatitudeDegrees>-33.9151900</LatitudeDegrees>
      <LongitudeDegrees>-71.2461525</LongitudeDegrees>
     </Position>
     <AltitudeMeters>154.63000000000002</AltitudeMeters>
     <DistanceMeters>19026.242911037214</DistanceMeters>
    </Trackpoint>
    <Trackpoint>
     <Time>2026-07-19T01:01:11+00:00</Time>
     <Position>
      <LatitudeDegrees>-33.9159800</LatitudeDegrees>
      <LongitudeDegrees>-71.2463750</LongitudeDegrees>
     </Position>
     <AltitudeMeters>156.9</AltitudeMeters>
     <DistanceMeters>19116.53609355367</DistanceMeters>
    </Trackpoint>
    <Trackpoint>
     <Time>2026-07-19T01:01:20+00:00</Time>
     <Position>
      <LatitudeDegrees>-33.9167700</LatitudeDegrees>
      <LongitudeDegrees>-71.2465975</LongitudeDegrees>
     </Position>
     <AltitudeMeters>158.82000000000002</AltitudeMeters>
     <DistanceMeters>19206.829276069344</DistanceMeters>
    </Trackpoint>
    <Trackpoint>
     <Time>2026-07-19T01:01:29+00:00</Time>
     <Position>
      <LatitudeDegrees>-33.9175600</LatitudeDegrees>
      <LongitudeDegrees>-71.2468200</LongitudeDegrees>
     </Position>
     <AltitudeMeters>162.07000000000002</AltitudeMeters>
     <DistanceMeters>19297.12245891621</DistanceMeters>
    </Trackpoint>
    <Trackpoint>
     <Time>2026-07-19T01:01:37+00:00</Time>
     <Position>
      <LatitudeDegrees>-33.9181200</LatitudeDegrees>
      <LongitudeDegrees>-71.2470000</LongitudeDegrees>
     </Position>
     <AltitudeMeters>165.48000000000002</AltitudeMeters>
     <DistanceMeters>19361.627084248925</DistanceMeters>
    </Trackpoint>
    <Trackpoint>
     <Time>2026-07-19T01:01:46+00:00</Time>
     <Position>
      <LatitudeDegrees>-33.9186350</LatitudeDegrees>
      <LongitudeDegrees>-71.2472450</LongitudeDegrees>
     </Position>
     <AltitudeMeters>168.38</AltitudeMeters>
     <DistanceMeters>19423.249050047314</DistanceMeters>
    </Trackpoint>
    <Trackpoint>
     <Time>2026-07-19T01:01:54+00:00</Time>
     <Position>
      <LatitudeDegrees>-33.9191500</LatitudeDegrees>
      <LongitudeDegrees>-71.2474900</LongitudeDegrees>
     </Position>
     <AltitudeMeters>170.74</AltitudeMeters>
     <DistanceMeters>19484.87103090858</DistanceMeters>
    </Trackpoint>
    <Trackpoint>
     <Time>2026-07-19T01:02:03+00:00</Time>
     <Position>
      <LatitudeDegrees>-33.9197100</LatitudeDegrees>
      <LongitudeDegrees>-71.2478000</LongitudeDegrees>
     </Position>
     <AltitudeMeters>174.01000000000002</AltitudeMeters>
     <DistanceMeters>19553.457987547066</DistanceMeters>
    </Trackpoint>
    <Trackpoint>
     <Time>2026-07-19T01:02:11+00:00</Time>
     <Position>
      <LatitudeDegrees>-33.9199100</LatitudeDegrees>
      <LongitudeDegrees>-71.2478500</LongitudeDegrees>
     </Position>
     <AltitudeMeters>175.35</AltitudeMeters>
     <DistanceMeters>19576.191066754738</DistanceMeters>
    </Trackpoint>
    <Trackpoint>
     <Time>2026-07-19T01:02:20+00:00</Time>
     <Position>
      <LatitudeDegrees>-33.9201300</LatitudeDegrees>
      <LongitudeDegrees>-71.2478500</LongitudeDegrees>
     </Position>
     <AltitudeMeters>176.17000000000002</AltitudeMeters>
     <DistanceMeters>19600.67611623158</DistanceMeters>
    </Trackpoint>
    <Trackpoint>
     <Time>2026-07-19T01:02:29+00:00</Time>
     <Position>
      <LatitudeDegrees>-33.9207350</LatitudeDegrees>
      <LongitudeDegrees>-71.2476700</LongitudeDegrees>
     </Position>
     <AltitudeMeters>176.84000000000003</AltitudeMeters>
     <DistanceMeters>19670.031719980187</DistanceMeters>
    </Trackpoint>
    <Trackpoint>
     <Time>2026-07-19T01:02:37+00:00</Time>
     <Position>
      <LatitudeDegrees>-33.9213400</LatitudeDegrees>
      <LongitudeDegrees>-71.2474900</LongitudeDegrees>
     </Position>
     <AltitudeMeters>178.16</AltitudeMeters>
     <DistanceMeters>19739.387357857908</DistanceMeters>
    </Trackpoint>
    <Trackpoint>
     <Time>2026-07-19T01:02:46+00:00</Time>
     <Position>
      <LatitudeDegrees>-33.9215900</LatitudeDegrees>
      <LongitudeDegrees>-71.2474400</LongitudeDegrees>
     </Position>
     <AltitudeMeters>178.50000000000003</AltitudeMeters>
     <DistanceMeters>19767.5918512544</DistanceMeters>
    </Trackpoint>
    <Trackpoint>
     <Time>2026-07-19T01:02:54+00:00</Time>
     <Position>
      <LatitudeDegrees>-33.9222150</LatitudeDegrees>
      <LongitudeDegrees>-71.2474250</LongitudeDegrees>
     </Position>
     <AltitudeMeters>180.81000000000003</AltitudeMeters>
     <DistanceMeters>19837.165432504946</DistanceMeters>
    </Trackpoint>
    <Trackpoint>
     <Time>2026-07-19T01:03:03+00:00</Time>
     <Position>
      <LatitudeDegrees>-33.9228400</LatitudeDegrees>
      <LongitudeDegrees>-71.2474100</LongitudeDegrees>
     </Position>
     <AltitudeMeters>190.95000000000002</AltitudeMeters>
     <DistanceMeters>19906.739036025738</DistanceMeters>
    </Trackpoint>
    <Trackpoint>
     <Time>2026-07-19T01:03:11+00:00</Time>
     <Position>
      <LatitudeDegrees>-33.9229300</LatitudeDegrees>
      <LongitudeDegrees>-71.2474500</LongitudeDegrees>
     </Position>
     <AltitudeMeters>190.95000000000002</AltitudeMeters>
     <DistanceMeters>19917.415117707933</DistanceMeters>
    </Trackpoint>
    <Trackpoint>
     <Time>2026-07-19T01:03:20+00:00</Time>
     <Position>
      <LatitudeDegrees>-33.9230600</LatitudeDegrees>
      <LongitudeDegrees>-71.2475300</LongitudeDegrees>
     </Position>
     <AltitudeMeters>193.12</AltitudeMeters>
     <DistanceMeters>19933.660746391623</DistanceMeters>
    </Trackpoint>
    <Trackpoint>
     <Time>2026-07-19T01:03:29+00:00</Time>
     <Position>
      <LatitudeDegrees>-33.9231300</LatitudeDegrees>
      <LongitudeDegrees>-71.2476300</LongitudeDegrees>
     </Position>
     <AltitudeMeters>195.71</AltitudeMeters>
     <DistanceMeters>19945.74310668458</DistanceMeters>
    </Trackpoint>
    <Trackpoint>
     <Time>2026-07-19T01:03:37+00:00</Time>
     <Position>
      <LatitudeDegrees>-33.9232000</LatitudeDegrees>
      <LongitudeDegrees>-71.2479900</LongitudeDegrees>
     </Position>
     <AltitudeMeters>197.84</AltitudeMeters>
     <DistanceMeters>19979.89031179267</DistanceMeters>
    </Trackpoint>
    <Trackpoint>
     <Time>2026-07-19T01:03:46+00:00</Time>
     <Position>
      <LatitudeDegrees>-33.9233300</LatitudeDegrees>
      <LongitudeDegrees>-71.2484300</LongitudeDegrees>
     </Position>
     <AltitudeMeters>202.68000000000004</AltitudeMeters>
     <DistanceMeters>20023.02398469152</DistanceMeters>
    </Trackpoint>
    <Trackpoint>
     <Time>2026-07-19T01:03:54+00:00</Time>
     <Position>
      <LatitudeDegrees>-33.9234400</LatitudeDegrees>
      <LongitudeDegrees>-71.2487000</LongitudeDegrees>
     </Position>
     <AltitudeMeters>206.18000000000004</AltitudeMeters>
     <DistanceMeters>20050.802178752816</DistanceMeters>
    </Trackpoint>
    <Trackpoint>
     <Time>2026-07-19T01:04:03+00:00</Time>
     <Position>
      <LatitudeDegrees>-33.9236500</LatitudeDegrees>
      <LongitudeDegrees>-71.2490600</LongitudeDegrees>
     </Position>
     <AltitudeMeters>209.95000000000002</AltitudeMeters>
     <DistanceMeters>20091.441833078</DistanceMeters>
    </Trackpoint>
    <Trackpoint>
     <Time>2026-07-19T01:04:11+00:00</Time>
     <Position>
      <LatitudeDegrees>-33.9237000</LatitudeDegrees>
      <LongitudeDegrees>-71.2492300</LongitudeDegrees>
     </Position>
     <AltitudeMeters>211.87000000000003</AltitudeMeters>
     <DistanceMeters>20108.09857702708</DistanceMeters>
    </Trackpoint>
    <Trackpoint>
     <Time>2026-07-19T01:04:20+00:00</Time>
     <Position>
      <LatitudeDegrees>-33.9237400</LatitudeDegrees>
      <LongitudeDegrees>-71.2492800</LongitudeDegrees>
     </Position>
     <AltitudeMeters>212.25000000000003</AltitudeMeters>
     <DistanceMeters>20114.51266837297</DistanceMeters>
    </Trackpoint>
    <Trackpoint>
     <Time>2026-07-19T01:04:29+00:00</Time>
     <Position>
      <LatitudeDegrees>-33.9237800</LatitudeDegrees>
      <LongitudeDegrees>-71.2492800</LongitudeDegrees>
     </Position>
     <AltitudeMeters>212.6</AltitudeMeters>
     <DistanceMeters>20118.964495550434</DistanceMeters>
    </Trackpoint>
    <Trackpoint>
     <Time>2026-07-19T01:04:37+00:00</Time>
     <Position>
      <LatitudeDegrees>-33.9238500</LatitudeDegrees>
      <LongitudeDegrees>-71.2492400</LongitudeDegrees>
     </Position>
     <AltitudeMeters>213.54</AltitudeMeters>
     <DistanceMeters>20127.586611978855</DistanceMeters>
    </Trackpoint>
    <Trackpoint>
     <Time>2026-07-19T01:04:46+00:00</Time>
     <Position>
      <LatitudeDegrees>-33.9238300</LatitudeDegrees>
      <LongitudeDegrees>-71.2488500</LongitudeDegrees>
     </Position>
     <AltitudeMeters>215.39000000000001</AltitudeMeters>
     <DistanceMeters>20163.672197826923</DistanceMeters>
    </Trackpoint>
    <Trackpoint>
     <Time>2026-07-19T01:04:54+00:00</Time>
     <Position>
      <LatitudeDegrees>-33.9238300</LatitudeDegrees>
      <LongitudeDegrees>-71.2486200</LongitudeDegrees>
     </Position>
     <AltitudeMeters>217.72000000000003</AltitudeMeters>
     <DistanceMeters>20184.91291762605</DistanceMeters>
    </Trackpoint>
    <Trackpoint>
     <Time>2026-07-19T01:05:03+00:00</Time>
     <Position>
      <LatitudeDegrees>-33.9238500</LatitudeDegrees>
      <LongitudeDegrees>-71.2484400</LongitudeDegrees>
     </Position>
     <AltitudeMeters>219.73000000000002</AltitudeMeters>
     <DistanceMeters>20201.68445525153</DistanceMeters>
    </Trackpoint>
    <Trackpoint>
     <Time>2026-07-19T01:05:11+00:00</Time>
     <Position>
      <LatitudeDegrees>-33.9240300</LatitudeDegrees>
      <LongitudeDegrees>-71.2479100</LongitudeDegrees>
     </Position>
     <AltitudeMeters>225.14000000000001</AltitudeMeters>
     <DistanceMeters>20254.571460842362</DistanceMeters>
    </Trackpoint>
    <Trackpoint>
     <Time>2026-07-19T01:05:20+00:00</Time>
     <Position>
      <LatitudeDegrees>-33.9240900</LatitudeDegrees>
      <LongitudeDegrees>-71.2479000</LongitudeDegrees>
     </Position>
     <AltitudeMeters>226.64000000000001</AltitudeMeters>
     <DistanceMeters>20261.312757975455</DistanceMeters>
    </Trackpoint>
    <Trackpoint>
     <Time>2026-07-19T01:05:29+00:00</Time>
     <Position>
      <LatitudeDegrees>-33.9241400</LatitudeDegrees>
      <LongitudeDegrees>-71.2479400</LongitudeDegrees>
     </Position>
     <AltitudeMeters>226.64000000000001</AltitudeMeters>
     <DistanceMeters>20267.992027977885</DistanceMeters>
    </Trackpoint>
    <Trackpoint>
     <Time>2026-07-19T01:05:37+00:00</Time>
     <Position>
      <LatitudeDegrees>-33.9241400</LatitudeDegrees>
      <LongitudeDegrees>-71.2482500</LongitudeDegrees>
     </Position>
     <AltitudeMeters>229.53</AltitudeMeters>
     <DistanceMeters>20296.620720048322</DistanceMeters>
    </Trackpoint>
    <Trackpoint>
     <Time>2026-07-19T01:05:46+00:00</Time>
     <Position>
      <LatitudeDegrees>-33.9241600</LatitudeDegrees>
      <LongitudeDegrees>-71.2483400</LongitudeDegrees>
     </Position>
     <AltitudeMeters>230.55000000000004</AltitudeMeters>
     <DistanceMeters>20305.22517437603</DistanceMeters>
    </Trackpoint>
    <Trackpoint>
     <Time>2026-07-19T01:05:54+00:00</Time>
     <Position>
      <LatitudeDegrees>-33.9243200</LatitudeDegrees>
      <LongitudeDegrees>-71.2487900</LongitudeDegrees>
     </Position>
     <AltitudeMeters>234.96000000000004</AltitudeMeters>
     <DistanceMeters>20350.43739803971</DistanceMeters>
    </Trackpoint>
    <Trackpoint>
     <Time>2026-07-19T01:06:03+00:00</Time>
     <Position>
      <LatitudeDegrees>-33.9243600</LatitudeDegrees>
      <LongitudeDegrees>-71.2488400</LongitudeDegrees>
     </Position>
     <AltitudeMeters>235.40000000000003</AltitudeMeters>
     <DistanceMeters>20356.85146519296</DistanceMeters>
    </Trackpoint>
    <Trackpoint>
     <Time>2026-07-19T01:06:11+00:00</Time>
     <Position>
      <LatitudeDegrees>-33.9244100</LatitudeDegrees>
      <LongitudeDegrees>-71.2488400</LongitudeDegrees>
     </Position>
     <AltitudeMeters>235.40000000000003</AltitudeMeters>
     <DistanceMeters>20362.416249165188</DistanceMeters>
    </Trackpoint>
    <Trackpoint>
     <Time>2026-07-19T01:06:20+00:00</Time>
     <Position>
      <LatitudeDegrees>-33.9244500</LatitudeDegrees>
      <LongitudeDegrees>-71.2487900</LongitudeDegrees>
     </Position>
     <AltitudeMeters>236.95000000000002</AltitudeMeters>
     <DistanceMeters>20368.830312806444</DistanceMeters>
    </Trackpoint>
    <Trackpoint>
     <Time>2026-07-19T01:06:29+00:00</Time>
     <Position>
      <LatitudeDegrees>-33.9244100</LatitudeDegrees>
      <LongitudeDegrees>-71.2484800</LongitudeDegrees>
     </Position>
     <AltitudeMeters>238.66</AltitudeMeters>
     <DistanceMeters>20397.802975690713</DistanceMeters>
    </Trackpoint>
    <Trackpoint>
     <Time>2026-07-19T01:06:37+00:00</Time>
     <Position>
      <LatitudeDegrees>-33.9244700</LatitudeDegrees>
      <LongitudeDegrees>-71.2482500</LongitudeDegrees>
     </Position>
     <AltitudeMeters>241.24</AltitudeMeters>
     <DistanceMeters>20420.068508202658</DistanceMeters>
    </Trackpoint>
    <Trackpoint>
     <Time>2026-07-19T01:06:46+00:00</Time>
     <Position>
      <LatitudeDegrees>-33.9245400</LatitudeDegrees>
      <LongitudeDegrees>-71.2481100</LongitudeDegrees>
     </Position>
     <AltitudeMeters>242.35</AltitudeMeters>
     <DistanceMeters>20435.163368916274</DistanceMeters>
    </Trackpoint>
    <Trackpoint>
     <Time>2026-07-19T01:06:54+00:00</Time>
     <Position>
      <LatitudeDegrees>-33.9246100</LatitudeDegrees>
      <LongitudeDegrees>-71.2480800</LongitudeDegrees>
     </Position>
     <AltitudeMeters>242.35</AltitudeMeters>
     <DistanceMeters>20443.43202439003</DistanceMeters>
    </Trackpoint>
    <Trackpoint>
     <Time>2026-07-19T01:07:03+00:00</Time>
     <Position>
      <LatitudeDegrees>-33.9246200</LatitudeDegrees>
      <LongitudeDegrees>-71.2480900</LongitudeDegrees>
     </Position>
     <AltitudeMeters>242.35</AltitudeMeters>
     <DistanceMeters>20443.43202439003</DistanceMeters>
    </Trackpoint>
    <Trackpoint>
     <Time>2026-07-19T01:07:11+00:00</Time>
     <Position>
      <LatitudeDegrees>-33.9246500</LatitudeDegrees>
      <LongitudeDegrees>-71.2481600</LongitudeDegrees>
     </Position>
     <AltitudeMeters>242.35</AltitudeMeters>
     <DistanceMeters>20450.707867349454</DistanceMeters>
    </Trackpoint>
    <Trackpoint>
     <Time>2026-07-19T01:07:20+00:00</Time>
     <Position>
      <LatitudeDegrees>-33.9246800</LatitudeDegrees>
      <LongitudeDegrees>-71.2484300</LongitudeDegrees>
     </Position>
     <AltitudeMeters>245.75000000000003</AltitudeMeters>
     <DistanceMeters>20475.86493444188</DistanceMeters>
    </Trackpoint>
    <Trackpoint>
     <Time>2026-07-19T01:07:29+00:00</Time>
     <Position>
      <LatitudeDegrees>-33.9247400</LatitudeDegrees>
      <LongitudeDegrees>-71.2485300</LongitudeDegrees>
     </Position>
     <AltitudeMeters>248.06000000000003</AltitudeMeters>
     <DistanceMeters>20487.26131324358</DistanceMeters>
    </Trackpoint>
    <Trackpoint>
     <Time>2026-07-19T01:07:37+00:00</Time>
     <Position>
      <LatitudeDegrees>-33.9248300</LatitudeDegrees>
      <LongitudeDegrees>-71.2485700</LongitudeDegrees>
     </Position>
     <AltitudeMeters>248.06000000000003</AltitudeMeters>
     <DistanceMeters>20497.937366417966</DistanceMeters>
    </Trackpoint>
    <Trackpoint>
     <Time>2026-07-19T01:07:46+00:00</Time>
     <Position>
      <LatitudeDegrees>-33.9250800</LatitudeDegrees>
      <LongitudeDegrees>-71.2484800</LongitudeDegrees>
     </Position>
     <AltitudeMeters>252.29000000000002</AltitudeMeters>
     <DistanceMeters>20526.976153475065</DistanceMeters>
    </Trackpoint>
    <Trackpoint>
     <Time>2026-07-19T01:07:54+00:00</Time>
     <Position>
      <LatitudeDegrees>-33.9252600</LatitudeDegrees>
      <LongitudeDegrees>-71.2484800</LongitudeDegrees>
     </Position>
     <AltitudeMeters>253.46</AltitudeMeters>
     <DistanceMeters>20547.009375774443</DistanceMeters>
    </Trackpoint>
    <Trackpoint>
     <Time>2026-07-19T01:08:03+00:00</Time>
     <Position>
      <LatitudeDegrees>-33.9253700</LatitudeDegrees>
      <LongitudeDegrees>-71.2485700</LongitudeDegrees>
     </Position>
     <AltitudeMeters>255.87000000000003</AltitudeMeters>
     <DistanceMeters>20561.80665476212</DistanceMeters>
    </Trackpoint>
    <Trackpoint>
     <Time>2026-07-19T01:08:11+00:00</Time>
     <Position>
      <LatitudeDegrees>-33.9256800</LatitudeDegrees>
      <LongitudeDegrees>-71.2489300</LongitudeDegrees>
     </Position>
     <AltitudeMeters>260.91</AltitudeMeters>
     <DistanceMeters>20609.71949220541</DistanceMeters>
    </Trackpoint>
    <Trackpoint>
     <Time>2026-07-19T01:08:20+00:00</Time>
     <Position>
      <LatitudeDegrees>-33.9256800</LatitudeDegrees>
      <LongitudeDegrees>-71.2490500</LongitudeDegrees>
     </Position>
     <AltitudeMeters>262.15</AltitudeMeters>
     <DistanceMeters>20620.80136621315</DistanceMeters>
    </Trackpoint>
    <Trackpoint>
     <Time>2026-07-19T01:08:29+00:00</Time>
     <Position>
      <LatitudeDegrees>-33.9254800</LatitudeDegrees>
      <LongitudeDegrees>-71.2493700</LongitudeDegrees>
     </Position>
     <AltitudeMeters>264.22</AltitudeMeters>
     <DistanceMeters>20657.798285369823</DistanceMeters>
    </Trackpoint>
    <Trackpoint>
     <Time>2026-07-19T01:08:37+00:00</Time>
     <Position>
      <LatitudeDegrees>-33.9254400</LatitudeDegrees>
      <LongitudeDegrees>-71.2494700</LongitudeDegrees>
     </Position>
     <AltitudeMeters>264.77</AltitudeMeters>
     <DistanceMeters>20668.05023598955</DistanceMeters>
    </Trackpoint>
    <Trackpoint>
     <Time>2026-07-19T01:08:46+00:00</Time>
     <Position>
      <LatitudeDegrees>-33.9254100</LatitudeDegrees>
      <LongitudeDegrees>-71.2496000</LongitudeDegrees>
     </Position>
     <AltitudeMeters>265.41</AltitudeMeters>
     <DistanceMeters>20680.511282145348</DistanceMeters>
    </Trackpoint>
    <Trackpoint>
     <Time>2026-07-19T01:08:54+00:00</Time>
     <Position>
      <LatitudeDegrees>-33.9253500</LatitudeDegrees>
      <LongitudeDegrees>-71.2506300</LongitudeDegrees>
     </Position>
     <AltitudeMeters>275.97</AltitudeMeters>
     <DistanceMeters>20775.86514802284</DistanceMeters>
    </Trackpoint>
    <Trackpoint>
     <Time>2026-07-19T01:09:03+00:00</Time>
     <Position>
      <LatitudeDegrees>-33.9253700</LatitudeDegrees>
      <LongitudeDegrees>-71.2507600</LongitudeDegrees>
     </Position>
     <AltitudeMeters>275.97</AltitudeMeters>
     <DistanceMeters>20788.075165513506</DistanceMeters>
    </Trackpoint>
    <Trackpoint>
     <Time>2026-07-19T01:09:11+00:00</Time>
     <Position>
      <LatitudeDegrees>-33.9258200</LatitudeDegrees>
      <LongitudeDegrees>-71.2510750</LongitudeDegrees>
     </Position>
     <AltitudeMeters>283.39000000000004</AltitudeMeters>
     <DistanceMeters>20845.99350397835</DistanceMeters>
    </Trackpoint>
    <Trackpoint>
     <Time>2026-07-19T01:09:20+00:00</Time>
     <Position>
      <LatitudeDegrees>-33.9262700</LatitudeDegrees>
      <LongitudeDegrees>-71.2513900</LongitudeDegrees>
     </Position>
     <AltitudeMeters>289.03000000000003</AltitudeMeters>
     <DistanceMeters>20903.911828008637</DistanceMeters>
    </Trackpoint>
    <Trackpoint>
     <Time>2026-07-19T01:09:29+00:00</Time>
     <Position>
      <LatitudeDegrees>-33.9263300</LatitudeDegrees>
      <LongitudeDegrees>-71.2514300</LongitudeDegrees>
     </Position>
     <AltitudeMeters>289.03000000000003</AltitudeMeters>
     <DistanceMeters>20911.543167918953</DistanceMeters>
    </Trackpoint>
    <Trackpoint>
     <Time>2026-07-19T01:09:37+00:00</Time>
     <Position>
      <LatitudeDegrees>-33.9264400</LatitudeDegrees>
      <LongitudeDegrees>-71.2514300</LongitudeDegrees>
     </Position>
     <AltitudeMeters>291.51000000000005</AltitudeMeters>
     <DistanceMeters>20923.785692657377</DistanceMeters>
    </Trackpoint>
    <Trackpoint>
     <Time>2026-07-19T01:09:46+00:00</Time>
     <Position>
      <LatitudeDegrees>-33.9268000</LatitudeDegrees>
      <LongitudeDegrees>-71.2513400</LongitudeDegrees>
     </Position>
     <AltitudeMeters>296.57</AltitudeMeters>
     <DistanceMeters>20964.705100273404</DistanceMeters>
    </Trackpoint>
    <Trackpoint>
     <Time>2026-07-19T01:09:54+00:00</Time>
     <Position>
      <LatitudeDegrees>-33.9269400</LatitudeDegrees>
      <LongitudeDegrees>-71.2513400</LongitudeDegrees>
     </Position>
     <AltitudeMeters>296.57</AltitudeMeters>
     <DistanceMeters>20980.28649539532</DistanceMeters>
    </Trackpoint>
    <Trackpoint>
     <Time>2026-07-19T01:10:03+00:00</Time>
     <Position>
      <LatitudeDegrees>-33.9270900</LatitudeDegrees>
      <LongitudeDegrees>-71.2513800</LongitudeDegrees>
     </Position>
     <AltitudeMeters>298.68</AltitudeMeters>
     <DistanceMeters>20997.384632250367</DistanceMeters>
    </Trackpoint>
    <Trackpoint>
     <Time>2026-07-19T01:10:12+00:00</Time>
     <Position>
      <LatitudeDegrees>-33.9275900</LatitudeDegrees>
      <LongitudeDegrees>-71.2515700</LongitudeDegrees>
     </Position>
     <AltitudeMeters>304.57</AltitudeMeters>
     <DistanceMeters>21055.733091764345</DistanceMeters>
    </Trackpoint>
    <Trackpoint>
     <Time>2026-07-19T01:10:20+00:00</Time>
     <Position>
      <LatitudeDegrees>-33.9276500</LatitudeDegrees>
      <LongitudeDegrees>-71.2515800</LongitudeDegrees>
     </Position>
     <AltitudeMeters>304.57</AltitudeMeters>
     <DistanceMeters>21062.4743836103</DistanceMeters>
    </Trackpoint>
    <Trackpoint>
     <Time>2026-07-19T01:10:29+00:00</Time>
     <Position>
      <LatitudeDegrees>-33.9278100</LatitudeDegrees>
      <LongitudeDegrees>-71.2515800</LongitudeDegrees>
     </Position>
     <AltitudeMeters>306.11000000000007</AltitudeMeters>
     <DistanceMeters>21080.281692320947</DistanceMeters>
    </Trackpoint>
    <Trackpoint>
     <Time>2026-07-19T01:10:37+00:00</Time>
     <Position>
      <LatitudeDegrees>-33.9279700</LatitudeDegrees>
      <LongitudeDegrees>-71.2515300</LongitudeDegrees>
     </Position>
     <AltitudeMeters>311.94000000000005</AltitudeMeters>
     <DistanceMeters>21098.677886455498</DistanceMeters>
    </Trackpoint>
    <Trackpoint>
     <Time>2026-07-19T01:10:46+00:00</Time>
     <Position>
      <LatitudeDegrees>-33.9281900</LatitudeDegrees>
      <LongitudeDegrees>-71.2514000</LongitudeDegrees>
     </Position>
     <AltitudeMeters>311.94000000000005</AltitudeMeters>
     <DistanceMeters>21125.94761837755</DistanceMeters>
    </Trackpoint>
    <Trackpoint>
     <Time>2026-07-19T01:10:54+00:00</Time>
     <Position>
      <LatitudeDegrees>-33.9283000</LatitudeDegrees>
      <LongitudeDegrees>-71.2513900</LongitudeDegrees>
     </Position>
     <AltitudeMeters>313.06</AltitudeMeters>
     <DistanceMeters>21138.224922375884</DistanceMeters>
    </Trackpoint>
    <Trackpoint>
     <Time>2026-07-19T01:11:03+00:00</Time>
     <Position>
      <LatitudeDegrees>-33.9289700</LatitudeDegrees>
      <LongitudeDegrees>-71.2514800</LongitudeDegrees>
     </Position>
     <AltitudeMeters>322.47</AltitudeMeters>
     <DistanceMeters>21213.25476300949</DistanceMeters>
    </Trackpoint>
    <Trackpoint>
     <Time>2026-07-19T01:11:12+00:00</Time>
     <Position>
      <LatitudeDegrees>-33.9290200</LatitudeDegrees>
      <LongitudeDegrees>-71.2514900</LongitudeDegrees>
     </Position>
     <AltitudeMeters>323.68</AltitudeMeters>
     <DistanceMeters>21218.895648324386</DistanceMeters>
    </Trackpoint>
    <Trackpoint>
     <Time>2026-07-19T01:11:20+00:00</Time>
     <Position>
      <LatitudeDegrees>-33.9290900</LatitudeDegrees>
      <LongitudeDegrees>-71.2515700</LongitudeDegrees>
     </Position>
     <AltitudeMeters>324.25000000000006</AltitudeMeters>
     <DistanceMeters>21229.63212568727</DistanceMeters>
    </Trackpoint>
    <Trackpoint>
     <Time>2026-07-19T01:11:29+00:00</Time>
     <Position>
      <LatitudeDegrees>-33.9291800</LatitudeDegrees>
      <LongitudeDegrees>-71.2518400</LongitudeDegrees>
     </Position>
     <AltitudeMeters>327.06</AltitudeMeters>
     <DistanceMeters>21256.502131595236</DistanceMeters>
    </Trackpoint>
    <Trackpoint>
     <Time>2026-07-19T01:11:37+00:00</Time>
     <Position>
      <LatitudeDegrees>-33.9293100</LatitudeDegrees>
      <LongitudeDegrees>-71.2521000</LongitudeDegrees>
     </Position>
     <AltitudeMeters>331.45</AltitudeMeters>
     <DistanceMeters>21284.534299946536</DistanceMeters>
    </Trackpoint>
    <Trackpoint>
     <Time>2026-07-19T01:11:46+00:00</Time>
     <Position>
      <LatitudeDegrees>-33.9297550</LatitudeDegrees>
      <LongitudeDegrees>-71.2525950</LongitudeDegrees>
     </Position>
     <AltitudeMeters>337.72</AltitudeMeters>
     <DistanceMeters>21351.93116319588</DistanceMeters>
    </Trackpoint>
    <Trackpoint>
     <Time>2026-07-19T01:11:54+00:00</Time>
     <Position>
      <LatitudeDegrees>-33.9302000</LatitudeDegrees>
      <LongitudeDegrees>-71.2530900</LongitudeDegrees>
     </Position>
     <AltitudeMeters>341.28000000000003</AltitudeMeters>
     <DistanceMeters>21419.32800360222</DistanceMeters>
    </Trackpoint>
    <Trackpoint>
     <Time>2026-07-19T01:12:03+00:00</Time>
     <Position>
      <LatitudeDegrees>-33.9306800</LatitudeDegrees>
      <LongitudeDegrees>-71.2537000</LongitudeDegrees>
     </Position>
     <AltitudeMeters>342.38</AltitudeMeters>
     <DistanceMeters>21496.961363604743</DistanceMeters>
    </Trackpoint>
    <Trackpoint>
     <Time>2026-07-19T01:12:12+00:00</Time>
     <Position>
      <LatitudeDegrees>-33.9310600</LatitudeDegrees>
      <LongitudeDegrees>-71.2539900</LongitudeDegrees>
     </Position>
     <AltitudeMeters>338.64000000000004</AltitudeMeters>
     <DistanceMeters>21547.01921605699</DistanceMeters>
    </Trackpoint>
    <Trackpoint>
     <Time>2026-07-19T01:12:20+00:00</Time>
     <Position>
      <LatitudeDegrees>-33.9313000</LatitudeDegrees>
      <LongitudeDegrees>-71.2541200</LongitudeDegrees>
     </Position>
     <AltitudeMeters>334.95000000000005</AltitudeMeters>
     <DistanceMeters>21576.303780047878</DistanceMeters>
    </Trackpoint>
    <Trackpoint>
     <Time>2026-07-19T01:12:29+00:00</Time>
     <Position>
      <LatitudeDegrees>-33.9318600</LatitudeDegrees>
      <LongitudeDegrees>-71.2543100</LongitudeDegrees>
     </Position>
     <AltitudeMeters>327.46000000000004</AltitudeMeters>
     <DistanceMeters>21641.051814724808</DistanceMeters>
    </Trackpoint>
    <Trackpoint>
     <Time>2026-07-19T01:12:37+00:00</Time>
     <Position>
      <LatitudeDegrees>-33.9319300</LatitudeDegrees>
      <LongitudeDegrees>-71.2543500</LongitudeDegrees>
     </Position>
     <AltitudeMeters>326.26000000000005</AltitudeMeters>
     <DistanceMeters>21649.673781030102</DistanceMeters>
    </Trackpoint>
    <Trackpoint>
     <Time>2026-07-19T01:12:46+00:00</Time>
     <Position>
      <LatitudeDegrees>-33.9320200</LatitudeDegrees>
      <LongitudeDegrees>-71.2544300</LongitudeDegrees>
     </Position>
     <AltitudeMeters>324.38</AltitudeMeters>
     <DistanceMeters>21662.119894251806</DistanceMeters>
    </Trackpoint>
    <Trackpoint>
     <Time>2026-07-19T01:12:54+00:00</Time>
     <Position>
      <LatitudeDegrees>-33.9323500</LatitudeDegrees>
      <LongitudeDegrees>-71.2549300</LongitudeDegrees>
     </Position>
     <AltitudeMeters>317.08000000000004</AltitudeMeters>
     <DistanceMeters>21721.117107766495</DistanceMeters>
    </Trackpoint>
    <Trackpoint>
     <Time>2026-07-19T01:13:03+00:00</Time>
     <Position>
      <LatitudeDegrees>-33.9324900</LatitudeDegrees>
      <LongitudeDegrees>-71.2550200</LongitudeDegrees>
     </Position>
     <AltitudeMeters>315.77000000000004</AltitudeMeters>
     <DistanceMeters>21738.77633773808</DistanceMeters>
    </Trackpoint>
    <Trackpoint>
     <Time>2026-07-19T01:13:12+00:00</Time>
     <Position>
      <LatitudeDegrees>-33.9326900</LatitudeDegrees>
      <LongitudeDegrees>-71.2550700</LongitudeDegrees>
     </Position>
     <AltitudeMeters>312.68</AltitudeMeters>
     <DistanceMeters>21761.50927623436</DistanceMeters>
    </Trackpoint>
    <Trackpoint>
     <Time>2026-07-19T01:13:20+00:00</Time>
     <Position>
      <LatitudeDegrees>-33.9333800</LatitudeDegrees>
      <LongitudeDegrees>-71.2551500</LongitudeDegrees>
     </Position>
     <AltitudeMeters>304.07</AltitudeMeters>
     <DistanceMeters>21838.657790169997</DistanceMeters>
    </Trackpoint>
    <Trackpoint>
     <Time>2026-07-19T01:13:29+00:00</Time>
     <Position>
      <LatitudeDegrees>-33.9334500</LatitudeDegrees>
      <LongitudeDegrees>-71.2551600</LongitudeDegrees>
     </Position>
     <AltitudeMeters>302.96</AltitudeMeters>
     <DistanceMeters>21846.503020979424</DistanceMeters>
    </Trackpoint>
    <Trackpoint>
     <Time>2026-07-19T01:13:37+00:00</Time>
     <Position>
      <LatitudeDegrees>-33.9336100</LatitudeDegrees>
      <LongitudeDegrees>-71.2552800</LongitudeDegrees>
     </Position>
     <AltitudeMeters>301.22</AltitudeMeters>
     <DistanceMeters>21867.476469409066</DistanceMeters>
    </Trackpoint>
    <Trackpoint>
     <Time>2026-07-19T01:13:46+00:00</Time>
     <Position>
      <LatitudeDegrees>-33.9337000</LatitudeDegrees>
      <LongitudeDegrees>-71.2554200</LongitudeDegrees>
     </Position>
     <AltitudeMeters>296.97</AltitudeMeters>
     <DistanceMeters>21883.830564869008</DistanceMeters>
    </Trackpoint>
    <Trackpoint>
     <Time>2026-07-19T01:13:54+00:00</Time>
     <Position>
      <LatitudeDegrees>-33.9339700</LatitudeDegrees>
      <LongitudeDegrees>-71.2557300</LongitudeDegrees>
     </Position>
     <AltitudeMeters>293.53000000000003</AltitudeMeters>
     <DistanceMeters>21925.33246763389</DistanceMeters>
    </Trackpoint>
    <Trackpoint>
     <Time>2026-07-19T01:14:03+00:00</Time>
     <Position>
      <LatitudeDegrees>-33.9342600</LatitudeDegrees>
      <LongitudeDegrees>-71.2559100</LongitudeDegrees>
     </Position>
     <AltitudeMeters>290.36</AltitudeMeters>
     <DistanceMeters>21961.636557845035</DistanceMeters>
    </Trackpoint>
    <Trackpoint>
     <Time>2026-07-19T01:14:12+00:00</Time>
     <Position>
      <LatitudeDegrees>-33.9345700</LatitudeDegrees>
      <LongitudeDegrees>-71.2560000</LongitudeDegrees>
     </Position>
     <AltitudeMeters>285.21000000000004</AltitudeMeters>
     <DistanceMeters>21997.12500496741</DistanceMeters>
    </Trackpoint>
    <Trackpoint>
     <Time>2026-07-19T01:14:20+00:00</Time>
     <Position>
      <LatitudeDegrees>-33.9352633</LatitudeDegrees>
      <LongitudeDegrees>-71.2560167</LongitudeDegrees>
     </Position>
     <AltitudeMeters>277.46000000000004</AltitudeMeters>
     <DistanceMeters>22074.305351987095</DistanceMeters>
    </Trackpoint>
    <Trackpoint>
     <Time>2026-07-19T01:14:29+00:00</Time>
     <Position>
      <LatitudeDegrees>-33.9359567</LatitudeDegrees>
      <LongitudeDegrees>-71.2560333</LongitudeDegrees>
     </Position>
     <AltitudeMeters>271.40000000000003</AltitudeMeters>
     <DistanceMeters>22151.485699006047</DistanceMeters>
    </Trackpoint>
    <Trackpoint>
     <Time>2026-07-19T01:14:37+00:00</Time>
     <Position>
      <LatitudeDegrees>-33.9366500</LatitudeDegrees>
      <LongitudeDegrees>-71.2560500</LongitudeDegrees>
     </Position>
     <AltitudeMeters>266.24</AltitudeMeters>
     <DistanceMeters>22228.666053172143</DistanceMeters>
    </Trackpoint>
    <Trackpoint>
     <Time>2026-07-19T01:14:46+00:00</Time>
     <Position>
      <LatitudeDegrees>-33.9368100</LatitudeDegrees>
      <LongitudeDegrees>-71.2561000</LongitudeDegrees>
     </Position>
     <AltitudeMeters>266.24</AltitudeMeters>
     <DistanceMeters>22247.062127019457</DistanceMeters>
    </Trackpoint>
    <Trackpoint>
     <Time>2026-07-19T01:14:54+00:00</Time>
     <Position>
      <LatitudeDegrees>-33.9372550</LatitudeDegrees>
      <LongitudeDegrees>-71.2562750</LongitudeDegrees>
     </Position>
     <AltitudeMeters>263.76</AltitudeMeters>
     <DistanceMeters>22299.15810083766</DistanceMeters>
    </Trackpoint>
    <Trackpoint>
     <Time>2026-07-19T01:15:03+00:00</Time>
     <Position>
      <LatitudeDegrees>-33.9377000</LatitudeDegrees>
      <LongitudeDegrees>-71.2564500</LongitudeDegrees>
     </Position>
     <AltitudeMeters>259.37000000000006</AltitudeMeters>
     <DistanceMeters>22351.254083335927</DistanceMeters>
    </Trackpoint>
    <Trackpoint>
     <Time>2026-07-19T01:15:12+00:00</Time>
     <Position>
      <LatitudeDegrees>-33.9384200</LatitudeDegrees>
      <LongitudeDegrees>-71.2563600</LongitudeDegrees>
     </Position>
     <AltitudeMeters>257.15000000000003</AltitudeMeters>
     <DistanceMeters>22431.81672549435</DistanceMeters>
    </Trackpoint>
    <Trackpoint>
     <Time>2026-07-19T01:15:20+00:00</Time>
     <Position>
      <LatitudeDegrees>-33.9387400</LatitudeDegrees>
      <LongitudeDegrees>-71.2564600</LongitudeDegrees>
     </Position>
     <AltitudeMeters>255.24</AltitudeMeters>
     <DistanceMeters>22468.608822838498</DistanceMeters>
    </Trackpoint>
    <Trackpoint>
     <Time>2026-07-19T01:15:29+00:00</Time>
     <Position>
      <LatitudeDegrees>-33.9390000</LatitudeDegrees>
      <LongitudeDegrees>-71.2566700</LongitudeDegrees>
     </Position>
     <AltitudeMeters>252.18</AltitudeMeters>
     <DistanceMeters>22503.441646963558</DistanceMeters>
    </Trackpoint>
    <Trackpoint>
     <Time>2026-07-19T01:15:37+00:00</Time>
     <Position>
      <LatitudeDegrees>-33.9395533</LatitudeDegrees>
      <LongitudeDegrees>-71.2571333</LongitudeDegrees>
     </Position>
     <AltitudeMeters>248.22000000000003</AltitudeMeters>
     <DistanceMeters>22578.426813664653</DistanceMeters>
    </Trackpoint>
    <Trackpoint>
     <Time>2026-07-19T01:15:46+00:00</Time>
     <Position>
      <LatitudeDegrees>-33.9401067</LatitudeDegrees>
      <LongitudeDegrees>-71.2575967</LongitudeDegrees>
     </Position>
     <AltitudeMeters>242.28000000000003</AltitudeMeters>
     <DistanceMeters>22653.411980367862</DistanceMeters>
    </Trackpoint>
    <Trackpoint>
     <Time>2026-07-19T01:15:54+00:00</Time>
     <Position>
      <LatitudeDegrees>-33.9406600</LatitudeDegrees>
      <LongitudeDegrees>-71.2580600</LongitudeDegrees>
     </Position>
     <AltitudeMeters>239.49</AltitudeMeters>
     <DistanceMeters>22728.397147418153</DistanceMeters>
    </Trackpoint>
    <Trackpoint>
     <Time>2026-07-19T01:16:03+00:00</Time>
     <Position>
      <LatitudeDegrees>-33.9407500</LatitudeDegrees>
      <LongitudeDegrees>-71.2581900</LongitudeDegrees>
     </Position>
     <AltitudeMeters>238.6</AltitudeMeters>
     <DistanceMeters>22744.030777896238</DistanceMeters>
    </Trackpoint>
    <Trackpoint>
     <Time>2026-07-19T01:16:12+00:00</Time>
     <Position>
      <LatitudeDegrees>-33.9409050</LatitudeDegrees>
      <LongitudeDegrees>-71.2587300</LongitudeDegrees>
     </Position>
     <AltitudeMeters>236.53</AltitudeMeters>
     <DistanceMeters>22796.790268415483</DistanceMeters>
    </Trackpoint>
    <Trackpoint>
     <Time>2026-07-19T01:16:20+00:00</Time>
     <Position>
      <LatitudeDegrees>-33.9410600</LatitudeDegrees>
      <LongitudeDegrees>-71.2592700</LongitudeDegrees>
     </Position>
     <AltitudeMeters>232.19</AltitudeMeters>
     <DistanceMeters>22849.549737178168</DistanceMeters>
    </Trackpoint>
    <Trackpoint>
     <Time>2026-07-19T01:16:29+00:00</Time>
     <Position>
      <LatitudeDegrees>-33.9412600</LatitudeDegrees>
      <LongitudeDegrees>-71.2596300</LongitudeDegrees>
     </Position>
     <AltitudeMeters>229.03</AltitudeMeters>
     <DistanceMeters>22889.553971380104</DistanceMeters>
    </Trackpoint>
    <Trackpoint>
     <Time>2026-07-19T01:16:37+00:00</Time>
     <Position>
      <LatitudeDegrees>-33.9414000</LatitudeDegrees>
      <LongitudeDegrees>-71.2598100</LongitudeDegrees>
     </Position>
     <AltitudeMeters>226.04000000000002</AltitudeMeters>
     <DistanceMeters>22912.3354589676</DistanceMeters>
    </Trackpoint>
    <Trackpoint>
     <Time>2026-07-19T01:16:46+00:00</Time>
     <Position>
      <LatitudeDegrees>-33.9416700</LatitudeDegrees>
      <LongitudeDegrees>-71.2600700</LongitudeDegrees>
     </Position>
     <AltitudeMeters>223.62</AltitudeMeters>
     <DistanceMeters>22950.79703544331</DistanceMeters>
    </Trackpoint>
    <Trackpoint>
     <Time>2026-07-19T01:16:54+00:00</Time>
     <Position>
      <LatitudeDegrees>-33.9422700</LatitudeDegrees>
      <LongitudeDegrees>-71.2604800</LongitudeDegrees>
     </Position>
     <AltitudeMeters>215.89000000000001</AltitudeMeters>
     <DistanceMeters>23027.558261512637</DistanceMeters>
    </Trackpoint>
    <Trackpoint>
     <Time>2026-07-19T01:17:03+00:00</Time>
     <Position>
      <LatitudeDegrees>-33.9425600</LatitudeDegrees>
      <LongitudeDegrees>-71.2606200</LongitudeDegrees>
     </Position>
     <AltitudeMeters>212.37000000000003</AltitudeMeters>
     <DistanceMeters>23062.32625542117</DistanceMeters>
    </Trackpoint>
    <Trackpoint>
     <Time>2026-07-19T01:17:12+00:00</Time>
     <Position>
      <LatitudeDegrees>-33.9432800</LatitudeDegrees>
      <LongitudeDegrees>-71.2607000</LongitudeDegrees>
     </Position>
     <AltitudeMeters>206.53</AltitudeMeters>
     <DistanceMeters>23142.79885409951</DistanceMeters>
    </Trackpoint>
    <Trackpoint>
     <Time>2026-07-19T01:17:20+00:00</Time>
     <Position>
      <LatitudeDegrees>-33.9434600</LatitudeDegrees>
      <LongitudeDegrees>-71.2608300</LongitudeDegrees>
     </Position>
     <AltitudeMeters>204.76000000000002</AltitudeMeters>
     <DistanceMeters>23166.152630631143</DistanceMeters>
    </Trackpoint>
    <Trackpoint>
     <Time>2026-07-19T01:17:29+00:00</Time>
     <Position>
      <LatitudeDegrees>-33.9435200</LatitudeDegrees>
      <LongitudeDegrees>-71.2609800</LongitudeDegrees>
     </Position>
     <AltitudeMeters>202.89000000000001</AltitudeMeters>
     <DistanceMeters>23181.527914850634</DistanceMeters>
    </Trackpoint>
    <Trackpoint>
     <Time>2026-07-19T01:17:37+00:00</Time>
     <Position>
      <LatitudeDegrees>-33.9435000</LatitudeDegrees>
      <LongitudeDegrees>-71.2612800</LongitudeDegrees>
     </Position>
     <AltitudeMeters>200.77</AltitudeMeters>
     <DistanceMeters>23209.31609405006</DistanceMeters>
    </Trackpoint>
    <Trackpoint>
     <Time>2026-07-19T01:17:46+00:00</Time>
     <Position>
      <LatitudeDegrees>-33.9432750</LatitudeDegrees>
      <LongitudeDegrees>-71.2619500</LongitudeDegrees>
     </Position>
     <AltitudeMeters>197.88000000000002</AltitudeMeters>
     <DistanceMeters>23276.0533682186</DistanceMeters>
    </Trackpoint>
    <Trackpoint>
     <Time>2026-07-19T01:17:54+00:00</Time>
     <Position>
      <LatitudeDegrees>-33.9430500</LatitudeDegrees>
      <LongitudeDegrees>-71.2626200</LongitudeDegrees>
     </Position>
     <AltitudeMeters>197.49</AltitudeMeters>
     <DistanceMeters>23342.790632038443</DistanceMeters>
    </Trackpoint>
    <Trackpoint>
     <Time>2026-07-19T01:18:03+00:00</Time>
     <Position>
      <LatitudeDegrees>-33.9430300</LatitudeDegrees>
      <LongitudeDegrees>-71.2630700</LongitudeDegrees>
     </Position>
     <AltitudeMeters>197.36</AltitudeMeters>
     <DistanceMeters>23384.398771029682</DistanceMeters>
    </Trackpoint>
    <Trackpoint>
     <Time>2026-07-19T01:18:12+00:00</Time>
     <Position>
      <LatitudeDegrees>-33.9430800</LatitudeDegrees>
      <LongitudeDegrees>-71.2633000</LongitudeDegrees>
     </Position>
     <AltitudeMeters>197.05</AltitudeMeters>
     <DistanceMeters>23406.35170556972</DistanceMeters>
    </Trackpoint>
    <Trackpoint>
     <Time>2026-07-19T01:18:20+00:00</Time>
     <Position>
      <LatitudeDegrees>-33.9433450</LatitudeDegrees>
      <LongitudeDegrees>-71.2639050</LongitudeDegrees>
     </Position>
     <AltitudeMeters>196.36</AltitudeMeters>
     <DistanceMeters>23469.519302119075</DistanceMeters>
    </Trackpoint>
    <Trackpoint>
     <Time>2026-07-19T01:18:29+00:00</Time>
     <Position>
      <LatitudeDegrees>-33.9436100</LatitudeDegrees>
      <LongitudeDegrees>-71.2645100</LongitudeDegrees>
     </Position>
     <AltitudeMeters>194.98000000000002</AltitudeMeters>
     <DistanceMeters>23532.686888356526</DistanceMeters>
    </Trackpoint>
    <Trackpoint>
     <Time>2026-07-19T01:18:37+00:00</Time>
     <Position>
      <LatitudeDegrees>-33.9441100</LatitudeDegrees>
      <LongitudeDegrees>-71.2653700</LongitudeDegrees>
     </Position>
     <AltitudeMeters>194.02</AltitudeMeters>
     <DistanceMeters>23629.647861893507</DistanceMeters>
    </Trackpoint>
    <Trackpoint>
     <Time>2026-07-19T01:18:46+00:00</Time>
     <Position>
      <LatitudeDegrees>-33.9446100</LatitudeDegrees>
      <LongitudeDegrees>-71.2662300</LongitudeDegrees>
     </Position>
     <AltitudeMeters>191.81</AltitudeMeters>
     <DistanceMeters>23726.608835428993</DistanceMeters>
    </Trackpoint>
    <Trackpoint>
     <Time>2026-07-19T01:18:54+00:00</Time>
     <Position>
      <LatitudeDegrees>-33.9451100</LatitudeDegrees>
      <LongitudeDegrees>-71.2670900</LongitudeDegrees>
     </Position>
     <AltitudeMeters>190.54000000000002</AltitudeMeters>
     <DistanceMeters>23823.569808965036</DistanceMeters>
    </Trackpoint>
    <Trackpoint>
     <Time>2026-07-19T01:19:03+00:00</Time>
     <Position>
      <LatitudeDegrees>-33.9456100</LatitudeDegrees>
      <LongitudeDegrees>-71.2679500</LongitudeDegrees>
     </Position>
     <AltitudeMeters>189.53</AltitudeMeters>
     <DistanceMeters>23920.53077586419</DistanceMeters>
    </Trackpoint>
    <Trackpoint>
     <Time>2026-07-19T01:19:12+00:00</Time>
     <Position>
      <LatitudeDegrees>-33.9460300</LatitudeDegrees>
      <LongitudeDegrees>-71.2687600</LongitudeDegrees>
     </Position>
     <AltitudeMeters>188.78</AltitudeMeters>
     <DistanceMeters>24008.72248707086</DistanceMeters>
    </Trackpoint>
    <Trackpoint>
     <Time>2026-07-19T01:19:20+00:00</Time>
     <Position>
      <LatitudeDegrees>-33.9464500</LatitudeDegrees>
      <LongitudeDegrees>-71.2695700</LongitudeDegrees>
     </Position>
     <AltitudeMeters>187.71</AltitudeMeters>
     <DistanceMeters>24096.914237394267</DistanceMeters>
    </Trackpoint>
    <Trackpoint>
     <Time>2026-07-19T01:19:29+00:00</Time>
     <Position>
      <LatitudeDegrees>-33.9465700</LatitudeDegrees>
      <LongitudeDegrees>-71.2698900</LongitudeDegrees>
     </Position>
     <AltitudeMeters>187.15</AltitudeMeters>
     <DistanceMeters>24129.33710845021</DistanceMeters>
    </Trackpoint>
    <Trackpoint>
     <Time>2026-07-19T01:19:37+00:00</Time>
     <Position>
      <LatitudeDegrees>-33.9468275</LatitudeDegrees>
      <LongitudeDegrees>-71.2707700</LongitudeDegrees>
     </Position>
     <AltitudeMeters>187.05</AltitudeMeters>
     <DistanceMeters>24215.49008747707</DistanceMeters>
    </Trackpoint>
    <Trackpoint>
     <Time>2026-07-19T01:19:46+00:00</Time>
     <Position>
      <LatitudeDegrees>-33.9470850</LatitudeDegrees>
      <LongitudeDegrees>-71.2716500</LongitudeDegrees>
     </Position>
     <AltitudeMeters>186.00000000000003</AltitudeMeters>
     <DistanceMeters>24301.643066504923</DistanceMeters>
    </Trackpoint>
    <Trackpoint>
     <Time>2026-07-19T01:19:54+00:00</Time>
     <Position>
      <LatitudeDegrees>-33.9473425</LatitudeDegrees>
      <LongitudeDegrees>-71.2725300</LongitudeDegrees>
     </Position>
     <AltitudeMeters>185.10000000000002</AltitudeMeters>
     <DistanceMeters>24387.79604553197</DistanceMeters>
    </Trackpoint>
    <Trackpoint>
     <Time>2026-07-19T01:20:03+00:00</Time>
     <Position>
      <LatitudeDegrees>-33.9476000</LatitudeDegrees>
      <LongitudeDegrees>-71.2734100</LongitudeDegrees>
     </Position>
     <AltitudeMeters>183.57</AltitudeMeters>
     <DistanceMeters>24473.9490181911</DistanceMeters>
    </Trackpoint>
    <Trackpoint>
     <Time>2026-07-19T01:20:12+00:00</Time>
     <Position>
      <LatitudeDegrees>-33.9476900</LatitudeDegrees>
      <LongitudeDegrees>-71.2735900</LongitudeDegrees>
     </Position>
     <AltitudeMeters>183.57</AltitudeMeters>
     <DistanceMeters>24493.35282764128</DistanceMeters>
    </Trackpoint>
    <Trackpoint>
     <Time>2026-07-19T01:20:20+00:00</Time>
     <Position>
      <LatitudeDegrees>-33.9482743</LatitudeDegrees>
      <LongitudeDegrees>-71.2742300</LongitudeDegrees>
     </Position>
     <AltitudeMeters>182.66000000000003</AltitudeMeters>
     <DistanceMeters>24581.215973997205</DistanceMeters>
    </Trackpoint>
    <Trackpoint>
     <Time>2026-07-19T01:20:29+00:00</Time>
     <Position>
      <LatitudeDegrees>-33.9488586</LatitudeDegrees>
      <LongitudeDegrees>-71.2748700</LongitudeDegrees>
     </Position>
     <AltitudeMeters>182.65</AltitudeMeters>
     <DistanceMeters>24669.07912035087</DistanceMeters>
    </Trackpoint>
    <Trackpoint>
     <Time>2026-07-19T01:20:37+00:00</Time>
     <Position>
      <LatitudeDegrees>-33.9494429</LatitudeDegrees>
      <LongitudeDegrees>-71.2755099</LongitudeDegrees>
     </Position>
     <AltitudeMeters>182.52</AltitudeMeters>
     <DistanceMeters>24756.94226670712</DistanceMeters>
    </Trackpoint>
    <Trackpoint>
     <Time>2026-07-19T01:20:46+00:00</Time>
     <Position>
      <LatitudeDegrees>-33.9500272</LatitudeDegrees>
      <LongitudeDegrees>-71.2761499</LongitudeDegrees>
     </Position>
     <AltitudeMeters>182.35</AltitudeMeters>
     <DistanceMeters>24844.805413061706</DistanceMeters>
    </Trackpoint>
    <Trackpoint>
     <Time>2026-07-19T01:20:54+00:00</Time>
     <Position>
      <LatitudeDegrees>-33.9506114</LatitudeDegrees>
      <LongitudeDegrees>-71.2767900</LongitudeDegrees>
     </Position>
     <AltitudeMeters>181.91000000000003</AltitudeMeters>
     <DistanceMeters>24932.66855941654</DistanceMeters>
    </Trackpoint>
    <Trackpoint>
     <Time>2026-07-19T01:21:03+00:00</Time>
     <Position>
      <LatitudeDegrees>-33.9511957</LatitudeDegrees>
      <LongitudeDegrees>-71.2774300</LongitudeDegrees>
     </Position>
     <AltitudeMeters>181.00000000000003</AltitudeMeters>
     <DistanceMeters>25020.53170577119</DistanceMeters>
    </Trackpoint>
    <Trackpoint>
     <Time>2026-07-19T01:21:12+00:00</Time>
     <Position>
      <LatitudeDegrees>-33.9517800</LatitudeDegrees>
      <LongitudeDegrees>-71.2780700</LongitudeDegrees>
     </Position>
     <AltitudeMeters>180.4</AltitudeMeters>
     <DistanceMeters>25108.394863112633</DistanceMeters>
    </Trackpoint>
    <Trackpoint>
     <Time>2026-07-19T01:21:20+00:00</Time>
     <Position>
      <LatitudeDegrees>-33.9524700</LatitudeDegrees>
      <LongitudeDegrees>-71.2786400</LongitudeDegrees>
     </Position>
     <AltitudeMeters>179.91</AltitudeMeters>
     <DistanceMeters>25201.488657377016</DistanceMeters>
    </Trackpoint>
    <Trackpoint>
     <Time>2026-07-19T01:21:29+00:00</Time>
     <Position>
      <LatitudeDegrees>-33.9531743</LatitudeDegrees>
      <LongitudeDegrees>-71.2790643</LongitudeDegrees>
     </Position>
     <AltitudeMeters>179.41</AltitudeMeters>
     <DistanceMeters>25289.11425710671</DistanceMeters>
    </Trackpoint>
    <Trackpoint>
     <Time>2026-07-19T01:21:37+00:00</Time>
     <Position>
      <LatitudeDegrees>-33.9538786</LatitudeDegrees>
      <LongitudeDegrees>-71.2794885</LongitudeDegrees>
     </Position>
     <AltitudeMeters>178.88</AltitudeMeters>
     <DistanceMeters>25376.73985683483</DistanceMeters>
    </Trackpoint>
    <Trackpoint>
     <Time>2026-07-19T01:21:46+00:00</Time>
     <Position>
      <LatitudeDegrees>-33.9545829</LatitudeDegrees>
      <LongitudeDegrees>-71.2799128</LongitudeDegrees>
     </Position>
     <AltitudeMeters>178.4</AltitudeMeters>
     <DistanceMeters>25464.365456564974</DistanceMeters>
    </Trackpoint>
    <Trackpoint>
     <Time>2026-07-19T01:21:54+00:00</Time>
     <Position>
      <LatitudeDegrees>-33.9552872</LatitudeDegrees>
      <LongitudeDegrees>-71.2803371</LongitudeDegrees>
     </Position>
     <AltitudeMeters>177.99</AltitudeMeters>
     <DistanceMeters>25551.99105629298</DistanceMeters>
    </Trackpoint>
    <Trackpoint>
     <Time>2026-07-19T01:22:03+00:00</Time>
     <Position>
      <LatitudeDegrees>-33.9559914</LatitudeDegrees>
      <LongitudeDegrees>-71.2807614</LongitudeDegrees>
     </Position>
     <AltitudeMeters>177.57</AltitudeMeters>
     <DistanceMeters>25639.616656023147</DistanceMeters>
    </Trackpoint>
    <Trackpoint>
     <Time>2026-07-19T01:22:12+00:00</Time>
     <Position>
      <LatitudeDegrees>-33.9566957</LatitudeDegrees>
      <LongitudeDegrees>-71.2811857</LongitudeDegrees>
     </Position>
     <AltitudeMeters>176.66</AltitudeMeters>
     <DistanceMeters>25727.24225575237</DistanceMeters>
    </Trackpoint>
    <Trackpoint>
     <Time>2026-07-19T01:22:20+00:00</Time>
     <Position>
      <LatitudeDegrees>-33.9574000</LatitudeDegrees>
      <LongitudeDegrees>-71.2816100</LongitudeDegrees>
     </Position>
     <AltitudeMeters>176.19</AltitudeMeters>
     <DistanceMeters>25814.867856860346</DistanceMeters>
    </Trackpoint>
    <Trackpoint>
     <Time>2026-07-19T01:22:29+00:00</Time>
     <Position>
      <LatitudeDegrees>-33.9578700</LatitudeDegrees>
      <LongitudeDegrees>-71.2819800</LongitudeDegrees>
     </Position>
     <AltitudeMeters>176.27</AltitudeMeters>
     <DistanceMeters>25877.340893402004</DistanceMeters>
    </Trackpoint>
    <Trackpoint>
     <Time>2026-07-19T01:22:37+00:00</Time>
     <Position>
      <LatitudeDegrees>-33.9584300</LatitudeDegrees>
      <LongitudeDegrees>-71.2825550</LongitudeDegrees>
     </Position>
     <AltitudeMeters>176.15</AltitudeMeters>
     <DistanceMeters>25959.20657049097</DistanceMeters>
    </Trackpoint>
    <Trackpoint>
     <Time>2026-07-19T01:22:46+00:00</Time>
     <Position>
      <LatitudeDegrees>-33.9589900</LatitudeDegrees>
      <LongitudeDegrees>-71.2831300</LongitudeDegrees>
     </Position>
     <AltitudeMeters>175.83</AltitudeMeters>
     <DistanceMeters>26041.072233853225</DistanceMeters>
    </Trackpoint>
    <Trackpoint>
     <Time>2026-07-19T01:22:54+00:00</Time>
     <Position>
      <LatitudeDegrees>-33.9593300</LatitudeDegrees>
      <LongitudeDegrees>-71.2836200</LongitudeDegrees>
     </Position>
     <AltitudeMeters>175.58</AltitudeMeters>
     <DistanceMeters>26100.046359419663</DistanceMeters>
    </Trackpoint>
    <Trackpoint>
     <Time>2026-07-19T01:23:03+00:00</Time>
     <Position>
      <LatitudeDegrees>-33.9598000</LatitudeDegrees>
      <LongitudeDegrees>-71.2843950</LongitudeDegrees>
     </Position>
     <AltitudeMeters>175.31000000000003</AltitudeMeters>
     <DistanceMeters>26188.67168374223</DistanceMeters>
    </Trackpoint>
    <Trackpoint>
     <Time>2026-07-19T01:23:12+00:00</Time>
     <Position>
      <LatitudeDegrees>-33.9602700</LatitudeDegrees>
      <LongitudeDegrees>-71.2851700</LongitudeDegrees>
     </Position>
     <AltitudeMeters>175.21</AltitudeMeters>
     <DistanceMeters>26277.297042034017</DistanceMeters>
    </Trackpoint>
    <Trackpoint>
     <Time>2026-07-19T01:23:20+00:00</Time>
     <Position>
      <LatitudeDegrees>-33.9605500</LatitudeDegrees>
      <LongitudeDegrees>-71.2856050</LongitudeDegrees>
     </Position>
     <AltitudeMeters>174.72</AltitudeMeters>
     <DistanceMeters>26328.125876002545</DistanceMeters>
    </Trackpoint>
    <Trackpoint>
     <Time>2026-07-19T01:23:29+00:00</Time>
     <Position>
      <LatitudeDegrees>-33.9608300</LatitudeDegrees>
      <LongitudeDegrees>-71.2860400</LongitudeDegrees>
     </Position>
     <AltitudeMeters>174.59000000000003</AltitudeMeters>
     <DistanceMeters>26378.954721113296</DistanceMeters>
    </Trackpoint>
    <Trackpoint>
     <Time>2026-07-19T01:23:37+00:00</Time>
     <Position>
      <LatitudeDegrees>-33.9611000</LatitudeDegrees>
      <LongitudeDegrees>-71.2863900</LongitudeDegrees>
     </Position>
     <AltitudeMeters>174.22</AltitudeMeters>
     <DistanceMeters>26423.077810535455</DistanceMeters>
    </Trackpoint>
    <Trackpoint>
     <Time>2026-07-19T01:23:46+00:00</Time>
     <Position>
      <LatitudeDegrees>-33.9618100</LatitudeDegrees>
      <LongitudeDegrees>-71.2869800</LongitudeDegrees>
     </Position>
     <AltitudeMeters>173.96</AltitudeMeters>
     <DistanceMeters>26519.048465750093</DistanceMeters>
    </Trackpoint>
    <Trackpoint>
     <Time>2026-07-19T01:23:54+00:00</Time>
     <Position>
      <LatitudeDegrees>-33.9624500</LatitudeDegrees>
      <LongitudeDegrees>-71.2873500</LongitudeDegrees>
     </Position>
     <AltitudeMeters>173.36</AltitudeMeters>
     <DistanceMeters>26598.04286752533</DistanceMeters>
    </Trackpoint>
    <Trackpoint>
     <Time>2026-07-19T01:24:03+00:00</Time>
     <Position>
      <LatitudeDegrees>-33.9630900</LatitudeDegrees>
      <LongitudeDegrees>-71.2877200</LongitudeDegrees>
     </Position>
     <AltitudeMeters>172.85</AltitudeMeters>
     <DistanceMeters>26677.037269302167</DistanceMeters>
    </Trackpoint>
    <Trackpoint>
     <Time>2026-07-19T01:24:12+00:00</Time>
     <Position>
      <LatitudeDegrees>-33.9637300</LatitudeDegrees>
      <LongitudeDegrees>-71.2880900</LongitudeDegrees>
     </Position>
     <AltitudeMeters>171.97</AltitudeMeters>
     <DistanceMeters>26756.031662993766</DistanceMeters>
    </Trackpoint>
    <Trackpoint>
     <Time>2026-07-19T01:24:20+00:00</Time>
     <Position>
      <LatitudeDegrees>-33.9641900</LatitudeDegrees>
      <LongitudeDegrees>-71.2884100</LongitudeDegrees>
     </Position>
     <AltitudeMeters>171.43000000000004</AltitudeMeters>
     <DistanceMeters>26815.13790151661</DistanceMeters>
    </Trackpoint>
    <Trackpoint>
     <Time>2026-07-19T01:24:29+00:00</Time>
     <Position>
      <LatitudeDegrees>-33.9645000</LatitudeDegrees>
      <LongitudeDegrees>-71.2886400</LongitudeDegrees>
     </Position>
     <AltitudeMeters>171.24</AltitudeMeters>
     <DistanceMeters>26855.64843713621</DistanceMeters>
    </Trackpoint>
    <Trackpoint>
     <Time>2026-07-19T01:24:37+00:00</Time>
     <Position>
      <LatitudeDegrees>-33.9649900</LatitudeDegrees>
      <LongitudeDegrees>-71.2891200</LongitudeDegrees>
     </Position>
     <AltitudeMeters>171.09</AltitudeMeters>
     <DistanceMeters>26925.913489742252</DistanceMeters>
    </Trackpoint>
    <Trackpoint>
     <Time>2026-07-19T01:24:46+00:00</Time>
     <Position>
      <LatitudeDegrees>-33.9653400</LatitudeDegrees>
      <LongitudeDegrees>-71.2895100</LongitudeDegrees>
     </Position>
     <AltitudeMeters>171.07000000000002</AltitudeMeters>
     <DistanceMeters>26978.954323997677</DistanceMeters>
    </Trackpoint>
    <Trackpoint>
     <Time>2026-07-19T01:24:54+00:00</Time>
     <Position>
      <LatitudeDegrees>-33.9656900</LatitudeDegrees>
      <LongitudeDegrees>-71.2900200</LongitudeDegrees>
     </Position>
     <AltitudeMeters>170.84</AltitudeMeters>
     <DistanceMeters>27040.056838044693</DistanceMeters>
    </Trackpoint>
    <Trackpoint>
     <Time>2026-07-19T01:25:03+00:00</Time>
     <Position>
      <LatitudeDegrees>-33.9660400</LatitudeDegrees>
      <LongitudeDegrees>-71.2906900</LongitudeDegrees>
     </Position>
     <AltitudeMeters>170.52</AltitudeMeters>
     <DistanceMeters>27113.146482611774</DistanceMeters>
    </Trackpoint>
    <Trackpoint>
     <Time>2026-07-19T01:25:12+00:00</Time>
     <Position>
      <LatitudeDegrees>-33.9663900</LatitudeDegrees>
      <LongitudeDegrees>-71.2913600</LongitudeDegrees>
     </Position>
     <AltitudeMeters>170.15000000000003</AltitudeMeters>
     <DistanceMeters>27186.236127180586</DistanceMeters>
    </Trackpoint>
    <Trackpoint>
     <Time>2026-07-19T01:25:20+00:00</Time>
     <Position>
      <LatitudeDegrees>-33.9667400</LatitudeDegrees>
      <LongitudeDegrees>-71.2920300</LongitudeDegrees>
     </Position>
     <AltitudeMeters>170.09</AltitudeMeters>
     <DistanceMeters>27259.32577555903</DistanceMeters>
    </Trackpoint>
    <Trackpoint>
     <Time>2026-07-19T01:25:29+00:00</Time>
     <Position>
      <LatitudeDegrees>-33.9669200</LatitudeDegrees>
      <LongitudeDegrees>-71.2922300</LongitudeDegrees>
     </Position>
     <AltitudeMeters>170.0</AltitudeMeters>
     <DistanceMeters>27286.567902007882</DistanceMeters>
    </Trackpoint>
    <Trackpoint>
     <Time>2026-07-19T01:25:37+00:00</Time>
     <Position>
      <LatitudeDegrees>-33.9674425</LatitudeDegrees>
      <LongitudeDegrees>-71.2928050</LongitudeDegrees>
     </Position>
     <AltitudeMeters>169.72</AltitudeMeters>
     <DistanceMeters>27365.298658580854</DistanceMeters>
    </Trackpoint>
    <Trackpoint>
     <Time>2026-07-19T01:25:46+00:00</Time>
     <Position>
      <LatitudeDegrees>-33.9679650</LatitudeDegrees>
      <LongitudeDegrees>-71.2933800</LongitudeDegrees>
     </Position>
     <AltitudeMeters>169.86</AltitudeMeters>
     <DistanceMeters>27444.02941515259</DistanceMeters>
    </Trackpoint>
    <Trackpoint>
     <Time>2026-07-19T01:25:54+00:00</Time>
     <Position>
      <LatitudeDegrees>-33.9684875</LatitudeDegrees>
      <LongitudeDegrees>-71.2939550</LongitudeDegrees>
     </Position>
     <AltitudeMeters>169.84</AltitudeMeters>
     <DistanceMeters>27522.760171724854</DistanceMeters>
    </Trackpoint>
    <Trackpoint>
     <Time>2026-07-19T01:26:03+00:00</Time>
     <Position>
      <LatitudeDegrees>-33.9690100</LatitudeDegrees>
      <LongitudeDegrees>-71.2945300</LongitudeDegrees>
     </Position>
     <AltitudeMeters>169.26000000000002</AltitudeMeters>
     <DistanceMeters>27601.490943465862</DistanceMeters>
    </Trackpoint>
    <Trackpoint>
     <Time>2026-07-19T01:26:12+00:00</Time>
     <Position>
      <LatitudeDegrees>-33.9694200</LatitudeDegrees>
      <LongitudeDegrees>-71.2949650</LongitudeDegrees>
     </Position>
     <AltitudeMeters>168.96000000000004</AltitudeMeters>
     <DistanceMeters>27662.2718775251</DistanceMeters>
    </Trackpoint>
    <Trackpoint>
     <Time>2026-07-19T01:26:20+00:00</Time>
     <Position>
      <LatitudeDegrees>-33.9698300</LatitudeDegrees>
      <LongitudeDegrees>-71.2954000</LongitudeDegrees>
     </Position>
     <AltitudeMeters>168.73000000000002</AltitudeMeters>
     <DistanceMeters>27723.052848432773</DistanceMeters>
    </Trackpoint>
    <Trackpoint>
     <Time>2026-07-19T01:26:29+00:00</Time>
     <Position>
      <LatitudeDegrees>-33.9704033</LatitudeDegrees>
      <LongitudeDegrees>-71.2959233</LongitudeDegrees>
     </Position>
     <AltitudeMeters>168.46000000000004</AltitudeMeters>
     <DistanceMeters>27803.083503327194</DistanceMeters>
    </Trackpoint>
    <Trackpoint>
     <Time>2026-07-19T01:26:37+00:00</Time>
     <Position>
      <LatitudeDegrees>-33.9709767</LatitudeDegrees>
      <LongitudeDegrees>-71.2964467</LongitudeDegrees>
     </Position>
     <AltitudeMeters>168.03</AltitudeMeters>
     <DistanceMeters>27883.11415822228</DistanceMeters>
    </Trackpoint>
    <Trackpoint>
     <Time>2026-07-19T01:26:46+00:00</Time>
     <Position>
      <LatitudeDegrees>-33.9715500</LatitudeDegrees>
      <LongitudeDegrees>-71.2969700</LongitudeDegrees>
     </Position>
     <AltitudeMeters>168.05</AltitudeMeters>
     <DistanceMeters>27963.144813414736</DistanceMeters>
    </Trackpoint>
    <Trackpoint>
     <Time>2026-07-19T01:26:54+00:00</Time>
     <Position>
      <LatitudeDegrees>-33.9720700</LatitudeDegrees>
      <LongitudeDegrees>-71.2975000</LongitudeDegrees>
     </Position>
     <AltitudeMeters>168.04000000000002</AltitudeMeters>
     <DistanceMeters>28038.923328338147</DistanceMeters>
    </Trackpoint>
    <Trackpoint>
     <Time>2026-07-19T01:27:03+00:00</Time>
     <Position>
      <LatitudeDegrees>-33.9725700</LatitudeDegrees>
      <LongitudeDegrees>-71.2980850</LongitudeDegrees>
     </Position>
     <AltitudeMeters>168.36</AltitudeMeters>
     <DistanceMeters>28116.460898539182</DistanceMeters>
    </Trackpoint>
    <Trackpoint>
     <Time>2026-07-19T01:27:12+00:00</Time>
     <Position>
      <LatitudeDegrees>-33.9730700</LatitudeDegrees>
      <LongitudeDegrees>-71.2986700</LongitudeDegrees>
     </Position>
     <AltitudeMeters>168.11</AltitudeMeters>
     <DistanceMeters>28193.998472249135</DistanceMeters>
    </Trackpoint>
    <Trackpoint>
     <Time>2026-07-19T01:27:20+00:00</Time>
     <Position>
      <LatitudeDegrees>-33.9737933</LatitudeDegrees>
      <LongitudeDegrees>-71.2993100</LongitudeDegrees>
     </Position>
     <AltitudeMeters>167.62</AltitudeMeters>
     <DistanceMeters>28293.84886385663</DistanceMeters>
    </Trackpoint>
    <Trackpoint>
     <Time>2026-07-19T01:27:29+00:00</Time>
     <Position>
      <LatitudeDegrees>-33.9745167</LatitudeDegrees>
      <LongitudeDegrees>-71.2999500</LongitudeDegrees>
     </Position>
     <AltitudeMeters>167.70000000000002</AltitudeMeters>
     <DistanceMeters>28393.699255464977</DistanceMeters>
    </Trackpoint>
    <Trackpoint>
     <Time>2026-07-19T01:27:37+00:00</Time>
     <Position>
      <LatitudeDegrees>-33.9752400</LatitudeDegrees>
      <LongitudeDegrees>-71.3005900</LongitudeDegrees>
     </Position>
     <AltitudeMeters>167.56</AltitudeMeters>
     <DistanceMeters>28493.54963812921</DistanceMeters>
    </Trackpoint>
    <Trackpoint>
     <Time>2026-07-19T01:27:46+00:00</Time>
     <Position>
      <LatitudeDegrees>-33.9757050</LatitudeDegrees>
      <LongitudeDegrees>-71.3012175</LongitudeDegrees>
     </Position>
     <AltitudeMeters>167.72</AltitudeMeters>
     <DistanceMeters>28571.218301021287</DistanceMeters>
    </Trackpoint>
    <Trackpoint>
     <Time>2026-07-19T01:27:54+00:00</Time>
     <Position>
      <LatitudeDegrees>-33.9761700</LatitudeDegrees>
      <LongitudeDegrees>-71.3018450</LongitudeDegrees>
     </Position>
     <AltitudeMeters>167.85000000000002</AltitudeMeters>
     <DistanceMeters>28648.88696391219</DistanceMeters>
    </Trackpoint>
    <Trackpoint>
     <Time>2026-07-19T01:28:03+00:00</Time>
     <Position>
      <LatitudeDegrees>-33.9766350</LatitudeDegrees>
      <LongitudeDegrees>-71.3024725</LongitudeDegrees>
     </Position>
     <AltitudeMeters>167.5</AltitudeMeters>
     <DistanceMeters>28726.555626803856</DistanceMeters>
    </Trackpoint>
    <Trackpoint>
     <Time>2026-07-19T01:28:12+00:00</Time>
     <Position>
      <LatitudeDegrees>-33.9771000</LatitudeDegrees>
      <LongitudeDegrees>-71.3031000</LongitudeDegrees>
     </Position>
     <AltitudeMeters>168.41</AltitudeMeters>
     <DistanceMeters>28804.224277490608</DistanceMeters>
    </Trackpoint>
    <Trackpoint>
     <Time>2026-07-19T01:28:20+00:00</Time>
     <Position>
      <LatitudeDegrees>-33.9775400</LatitudeDegrees>
      <LongitudeDegrees>-71.3036400</LongitudeDegrees>
     </Position>
     <AltitudeMeters>171.1</AltitudeMeters>
     <DistanceMeters>28874.0947965412</DistanceMeters>
    </Trackpoint>
    <Trackpoint>
     <Time>2026-07-19T01:28:29+00:00</Time>
     <Position>
      <LatitudeDegrees>-33.9779800</LatitudeDegrees>
      <LongitudeDegrees>-71.3041800</LongitudeDegrees>
     </Position>
     <AltitudeMeters>172.47</AltitudeMeters>
     <DistanceMeters>28943.965315591042</DistanceMeters>
    </Trackpoint>
    <Trackpoint>
     <Time>2026-07-19T01:28:37+00:00</Time>
     <Position>
      <LatitudeDegrees>-33.9784200</LatitudeDegrees>
      <LongitudeDegrees>-71.3047200</LongitudeDegrees>
     </Position>
     <AltitudeMeters>173.27</AltitudeMeters>
     <DistanceMeters>29013.83582934799</DistanceMeters>
    </Trackpoint>
    <Trackpoint>
     <Time>2026-07-19T01:28:46+00:00</Time>
     <Position>
      <LatitudeDegrees>-33.9786500</LatitudeDegrees>
      <LongitudeDegrees>-71.3049300</LongitudeDegrees>
     </Position>
     <AltitudeMeters>173.32</AltitudeMeters>
     <DistanceMeters>29045.943309913746</DistanceMeters>
    </Trackpoint>
    <Trackpoint>
     <Time>2026-07-19T01:28:54+00:00</Time>
     <Position>
      <LatitudeDegrees>-33.9794333</LatitudeDegrees>
      <LongitudeDegrees>-71.3053833</LongitudeDegrees>
     </Position>
     <AltitudeMeters>171.76000000000002</AltitudeMeters>
     <DistanceMeters>29142.644245699164</DistanceMeters>
    </Trackpoint>
    <Trackpoint>
     <Time>2026-07-19T01:29:03+00:00</Time>
     <Position>
      <LatitudeDegrees>-33.9802167</LatitudeDegrees>
      <LongitudeDegrees>-71.3058367</LongitudeDegrees>
     </Position>
     <AltitudeMeters>171.42000000000002</AltitudeMeters>
     <DistanceMeters>29239.345181484925</DistanceMeters>
    </Trackpoint>
    <Trackpoint>
     <Time>2026-07-19T01:29:12+00:00</Time>
     <Position>
      <LatitudeDegrees>-33.9810000</LatitudeDegrees>
      <LongitudeDegrees>-71.3062900</LongitudeDegrees>
     </Position>
     <AltitudeMeters>172.37000000000003</AltitudeMeters>
     <DistanceMeters>29336.046123875065</DistanceMeters>
    </Trackpoint>
    <Trackpoint>
     <Time>2026-07-19T01:29:20+00:00</Time>
     <Position>
      <LatitudeDegrees>-33.9811500</LatitudeDegrees>
      <LongitudeDegrees>-71.3063700</LongitudeDegrees>
     </Position>
     <AltitudeMeters>172.19</AltitudeMeters>
     <DistanceMeters>29354.300210307698</DistanceMeters>
    </Trackpoint>
    <Trackpoint>
     <Time>2026-07-19T01:29:29+00:00</Time>
     <Position>
      <LatitudeDegrees>-33.9813300</LatitudeDegrees>
      <LongitudeDegrees>-71.3064100</LongitudeDegrees>
     </Position>
     <AltitudeMeters>171.76000000000002</AltitudeMeters>
     <DistanceMeters>29374.670716295328</DistanceMeters>
    </Trackpoint>
    <Trackpoint>
     <Time>2026-07-19T01:29:37+00:00</Time>
     <Position>
      <LatitudeDegrees>-33.9819600</LatitudeDegrees>
      <LongitudeDegrees>-71.3063900</LongitudeDegrees>
     </Position>
     <AltitudeMeters>170.02</AltitudeMeters>
     <DistanceMeters>29444.81128647922</DistanceMeters>
    </Trackpoint>
    <Trackpoint>
     <Time>2026-07-19T01:29:46+00:00</Time>
     <Position>
      <LatitudeDegrees>-33.9825900</LatitudeDegrees>
      <LongitudeDegrees>-71.3063700</LongitudeDegrees>
     </Position>
     <AltitudeMeters>169.95000000000002</AltitudeMeters>
     <DistanceMeters>29514.951852150305</DistanceMeters>
    </Trackpoint>
    <Trackpoint>
     <Time>2026-07-19T01:29:54+00:00</Time>
     <Position>
      <LatitudeDegrees>-33.9831700</LatitudeDegrees>
      <LongitudeDegrees>-71.3064600</LongitudeDegrees>
     </Position>
     <AltitudeMeters>169.83</AltitudeMeters>
     <DistanceMeters>29580.035506301843</DistanceMeters>
    </Trackpoint>
    <Trackpoint>
     <Time>2026-07-19T01:30:03+00:00</Time>
     <Position>
      <LatitudeDegrees>-33.9834800</LatitudeDegrees>
      <LongitudeDegrees>-71.3065500</LongitudeDegrees>
     </Position>
     <AltitudeMeters>169.98000000000002</AltitudeMeters>
     <DistanceMeters>29615.522835223215</DistanceMeters>
    </Trackpoint>
    <Trackpoint>
     <Time>2026-07-19T01:30:12+00:00</Time>
     <Position>
      <LatitudeDegrees>-33.9836200</LatitudeDegrees>
      <LongitudeDegrees>-71.3066800</LongitudeDegrees>
     </Position>
     <AltitudeMeters>169.99</AltitudeMeters>
     <DistanceMeters>29635.187847675603</DistanceMeters>
    </Trackpoint>
    <Trackpoint>
     <Time>2026-07-19T01:30:20+00:00</Time>
     <Position>
      <LatitudeDegrees>-33.9838000</LatitudeDegrees>
      <LongitudeDegrees>-71.3068600</LongitudeDegrees>
     </Position>
     <AltitudeMeters>169.99</AltitudeMeters>
     <DistanceMeters>29661.212282498287</DistanceMeters>
    </Trackpoint>
    <Trackpoint>
     <Time>2026-07-19T01:30:29+00:00</Time>
     <Position>
      <LatitudeDegrees>-33.9841000</LatitudeDegrees>
      <LongitudeDegrees>-71.3073950</LongitudeDegrees>
     </Position>
     <AltitudeMeters>169.97</AltitudeMeters>
     <DistanceMeters>29720.81496759079</DistanceMeters>
    </Trackpoint>
    <Trackpoint>
     <Time>2026-07-19T01:30:37+00:00</Time>
     <Position>
      <LatitudeDegrees>-33.9844000</LatitudeDegrees>
      <LongitudeDegrees>-71.3079300</LongitudeDegrees>
     </Position>
     <AltitudeMeters>169.74</AltitudeMeters>
     <DistanceMeters>29780.417597782725</DistanceMeters>
    </Trackpoint>
    <Trackpoint>
     <Time>2026-07-19T01:30:46+00:00</Time>
     <Position>
      <LatitudeDegrees>-33.9845300</LatitudeDegrees>
      <LongitudeDegrees>-71.3080700</LongitudeDegrees>
     </Position>
     <AltitudeMeters>169.55</AltitudeMeters>
     <DistanceMeters>29799.81502395268</DistanceMeters>
    </Trackpoint>
    <Trackpoint>
     <Time>2026-07-19T01:30:54+00:00</Time>
     <Position>
      <LatitudeDegrees>-33.9850767</LatitudeDegrees>
      <LongitudeDegrees>-71.3085633</LongitudeDegrees>
     </Position>
     <AltitudeMeters>168.39000000000001</AltitudeMeters>
     <DistanceMeters>29875.80450401523</DistanceMeters>
    </Trackpoint>
    <Trackpoint>
     <Time>2026-07-19T01:31:03+00:00</Time>
     <Position>
      <LatitudeDegrees>-33.9856233</LatitudeDegrees>
      <LongitudeDegrees>-71.3090567</LongitudeDegrees>
     </Position>
     <AltitudeMeters>168.32000000000002</AltitudeMeters>
     <DistanceMeters>29951.79398407822</DistanceMeters>
    </Trackpoint>
    <Trackpoint>
     <Time>2026-07-19T01:31:12+00:00</Time>
     <Position>
      <LatitudeDegrees>-33.9861700</LatitudeDegrees>
      <LongitudeDegrees>-71.3095500</LongitudeDegrees>
     </Position>
     <AltitudeMeters>168.88</AltitudeMeters>
     <DistanceMeters>30027.783471428327</DistanceMeters>
    </Trackpoint>
    <Trackpoint>
     <Time>2026-07-19T01:31:20+00:00</Time>
     <Position>
      <LatitudeDegrees>-33.9867500</LatitudeDegrees>
      <LongitudeDegrees>-71.3101700</LongitudeDegrees>
     </Position>
     <AltitudeMeters>169.95000000000002</AltitudeMeters>
     <DistanceMeters>30114.04183094833</DistanceMeters>
    </Trackpoint>
    <Trackpoint>
     <Time>2026-07-19T01:31:29+00:00</Time>
     <Position>
      <LatitudeDegrees>-33.9870600</LatitudeDegrees>
      <LongitudeDegrees>-71.3104000</LongitudeDegrees>
     </Position>
     <AltitudeMeters>170.03</AltitudeMeters>
     <DistanceMeters>30154.54941493085</DistanceMeters>
    </Trackpoint>
    <Trackpoint>
     <Time>2026-07-19T01:31:37+00:00</Time>
     <Position>
      <LatitudeDegrees>-33.9874200</LatitudeDegrees>
      <LongitudeDegrees>-71.3106200</LongitudeDegrees>
     </Position>
     <AltitudeMeters>170.43000000000004</AltitudeMeters>
     <DistanceMeters>30199.465939956805</DistanceMeters>
    </Trackpoint>
    <Trackpoint>
     <Time>2026-07-19T01:31:46+00:00</Time>
     <Position>
      <LatitudeDegrees>-33.9879800</LatitudeDegrees>
      <LongitudeDegrees>-71.3110300</LongitudeDegrees>
     </Position>
     <AltitudeMeters>170.67000000000002</AltitudeMeters>
     <DistanceMeters>30272.376854928836</DistanceMeters>
    </Trackpoint>
    <Trackpoint>
     <Time>2026-07-19T01:31:54+00:00</Time>
     <Position>
      <LatitudeDegrees>-33.9880400</LatitudeDegrees>
      <LongitudeDegrees>-71.3111200</LongitudeDegrees>
     </Position>
     <AltitudeMeters>170.67000000000002</AltitudeMeters>
     <DistanceMeters>30283.033803113314</DistanceMeters>
    </Trackpoint>
    <Trackpoint>
     <Time>2026-07-19T01:32:03+00:00</Time>
     <Position>
      <LatitudeDegrees>-33.9880500</LatitudeDegrees>
      <LongitudeDegrees>-71.3112100</LongitudeDegrees>
     </Position>
     <AltitudeMeters>170.67000000000002</AltitudeMeters>
     <DistanceMeters>30291.413357926293</DistanceMeters>
    </Trackpoint>
    <Trackpoint>
     <Time>2026-07-19T01:32:12+00:00</Time>
     <Position>
      <LatitudeDegrees>-33.9880300</LatitudeDegrees>
      <LongitudeDegrees>-71.3113400</LongitudeDegrees>
     </Position>
     <AltitudeMeters>170.04000000000002</AltitudeMeters>
     <DistanceMeters>30303.614682650776</DistanceMeters>
    </Trackpoint>
    <Trackpoint>
     <Time>2026-07-19T01:32:20+00:00</Time>
     <Position>
      <LatitudeDegrees>-33.9878000</LatitudeDegrees>
      <LongitudeDegrees>-71.3123400</LongitudeDegrees>
     </Position>
     <AltitudeMeters>168.86</AltitudeMeters>
     <DistanceMeters>30399.380757322935</DistanceMeters>
    </Trackpoint>
    <Trackpoint>
     <Time>2026-07-19T01:32:29+00:00</Time>
     <Position>
      <LatitudeDegrees>-33.9875700</LatitudeDegrees>
      <LongitudeDegrees>-71.3133400</LongitudeDegrees>
     </Position>
     <AltitudeMeters>168.11</AltitudeMeters>
     <DistanceMeters>30495.14684537441</DistanceMeters>
    </Trackpoint>
    <Trackpoint>
     <Time>2026-07-19T01:32:37+00:00</Time>
     <Position>
      <LatitudeDegrees>-33.9874233</LatitudeDegrees>
      <LongitudeDegrees>-71.3140467</LongitudeDegrees>
     </Position>
     <AltitudeMeters>167.41</AltitudeMeters>
     <DistanceMeters>30562.37140408466</DistanceMeters>
    </Trackpoint>
    <Trackpoint>
     <Time>2026-07-19T01:32:46+00:00</Time>
     <Position>
      <LatitudeDegrees>-33.9872767</LatitudeDegrees>
      <LongitudeDegrees>-71.3147533</LongitudeDegrees>
     </Position>
     <AltitudeMeters>166.63</AltitudeMeters>
     <DistanceMeters>30629.59596279444</DistanceMeters>
    </Trackpoint>
    <Trackpoint>
     <Time>2026-07-19T01:32:54+00:00</Time>
     <Position>
      <LatitudeDegrees>-33.9871300</LatitudeDegrees>
      <LongitudeDegrees>-71.3154600</LongitudeDegrees>
     </Position>
     <AltitudeMeters>166.31</AltitudeMeters>
     <DistanceMeters>30696.820509573798</DistanceMeters>
    </Trackpoint>
    <Trackpoint>
     <Time>2026-07-19T01:33:03+00:00</Time>
     <Position>
      <LatitudeDegrees>-33.9870600</LatitudeDegrees>
      <LongitudeDegrees>-71.3157300</LongitudeDegrees>
     </Position>
     <AltitudeMeters>166.31</AltitudeMeters>
     <DistanceMeters>30722.926318168124</DistanceMeters>
    </Trackpoint>
    <Trackpoint>
     <Time>2026-07-19T01:33:12+00:00</Time>
     <Position>
      <LatitudeDegrees>-33.9867433</LatitudeDegrees>
      <LongitudeDegrees>-71.3165100</LongitudeDegrees>
     </Position>
     <AltitudeMeters>165.8</AltitudeMeters>
     <DistanceMeters>30803.0719667506</DistanceMeters>
    </Trackpoint>
    <Trackpoint>
     <Time>2026-07-19T01:33:20+00:00</Time>
     <Position>
      <LatitudeDegrees>-33.9864267</LatitudeDegrees>
      <LongitudeDegrees>-71.3172900</LongitudeDegrees>
     </Position>
     <AltitudeMeters>165.4</AltitudeMeters>
     <DistanceMeters>30883.21761533285</DistanceMeters>
    </Trackpoint>
    <Trackpoint>
     <Time>2026-07-19T01:33:29+00:00</Time>
     <Position>
      <LatitudeDegrees>-33.9861100</LatitudeDegrees>
      <LongitudeDegrees>-71.3180700</LongitudeDegrees>
     </Position>
     <AltitudeMeters>165.02</AltitudeMeters>
     <DistanceMeters>30963.363279256402</DistanceMeters>
    </Trackpoint>
    <Trackpoint>
     <Time>2026-07-19T01:33:37+00:00</Time>
     <Position>
      <LatitudeDegrees>-33.9858175</LatitudeDegrees>
      <LongitudeDegrees>-71.3188050</LongitudeDegrees>
     </Position>
     <AltitudeMeters>164.86</AltitudeMeters>
     <DistanceMeters>31038.59958438857</DistanceMeters>
    </Trackpoint>
    <Trackpoint>
     <Time>2026-07-19T01:33:46+00:00</Time>
     <Position>
      <LatitudeDegrees>-33.9855250</LatitudeDegrees>
      <LongitudeDegrees>-71.3195400</LongitudeDegrees>
     </Position>
     <AltitudeMeters>164.58</AltitudeMeters>
     <DistanceMeters>31113.8358895229</DistanceMeters>
    </Trackpoint>
    <Trackpoint>
     <Time>2026-07-19T01:33:54+00:00</Time>
     <Position>
      <LatitudeDegrees>-33.9852325</LatitudeDegrees>
      <LongitudeDegrees>-71.3202750</LongitudeDegrees>
     </Position>
     <AltitudeMeters>164.63000000000002</AltitudeMeters>
     <DistanceMeters>31189.072194654924</DistanceMeters>
    </Trackpoint>
    <Trackpoint>
     <Time>2026-07-19T01:34:03+00:00</Time>
     <Position>
      <LatitudeDegrees>-33.9849400</LatitudeDegrees>
      <LongitudeDegrees>-71.3210100</LongitudeDegrees>
     </Position>
     <AltitudeMeters>164.57000000000002</AltitudeMeters>
     <DistanceMeters>31264.30850969146</DistanceMeters>
    </Trackpoint>
    <Trackpoint>
     <Time>2026-07-19T01:34:12+00:00</Time>
     <Position>
      <LatitudeDegrees>-33.9846867</LatitudeDegrees>
      <LongitudeDegrees>-71.3218167</LongitudeDegrees>
     </Position>
     <AltitudeMeters>164.31</AltitudeMeters>
     <DistanceMeters>31343.912243566047</DistanceMeters>
    </Trackpoint>
    <Trackpoint>
     <Time>2026-07-19T01:34:20+00:00</Time>
     <Position>
      <LatitudeDegrees>-33.9844333</LatitudeDegrees>
      <LongitudeDegrees>-71.3226233</LongitudeDegrees>
     </Position>
     <AltitudeMeters>164.42000000000002</AltitudeMeters>
     <DistanceMeters>31423.515977441206</DistanceMeters>
    </Trackpoint>
    <Trackpoint>
     <Time>2026-07-19T01:34:29+00:00</Time>
     <Position>
      <LatitudeDegrees>-33.9841800</LatitudeDegrees>
      <LongitudeDegrees>-71.3234300</LongitudeDegrees>
     </Position>
     <AltitudeMeters>164.68</AltitudeMeters>
     <DistanceMeters>31503.1197372658</DistanceMeters>
    </Trackpoint>
    <Trackpoint>
     <Time>2026-07-19T01:34:37+00:00</Time>
     <Position>
      <LatitudeDegrees>-33.9841100</LatitudeDegrees>
      <LongitudeDegrees>-71.3238300</LongitudeDegrees>
     </Position>
     <AltitudeMeters>164.85000000000002</AltitudeMeters>
     <DistanceMeters>31540.847097007536</DistanceMeters>
    </Trackpoint>
    <Trackpoint>
     <Time>2026-07-19T01:34:46+00:00</Time>
     <Position>
      <LatitudeDegrees>-33.9840800</LatitudeDegrees>
      <LongitudeDegrees>-71.3246200</LongitudeDegrees>
     </Position>
     <AltitudeMeters>164.65</AltitudeMeters>
     <DistanceMeters>31613.829132939856</DistanceMeters>
    </Trackpoint>
    <Trackpoint>
     <Time>2026-07-19T01:34:54+00:00</Time>
     <Position>
      <LatitudeDegrees>-33.9840500</LatitudeDegrees>
      <LongitudeDegrees>-71.3254100</LongitudeDegrees>
     </Position>
     <AltitudeMeters>163.03</AltitudeMeters>
     <DistanceMeters>31686.81116887185</DistanceMeters>
    </Trackpoint>
    <Trackpoint>
     <Time>2026-07-19T01:35:03+00:00</Time>
     <Position>
      <LatitudeDegrees>-33.9840200</LatitudeDegrees>
      <LongitudeDegrees>-71.3262000</LongitudeDegrees>
     </Position>
     <AltitudeMeters>162.34</AltitudeMeters>
     <DistanceMeters>31759.79322744799</DistanceMeters>
    </Trackpoint>
    <Trackpoint>
     <Time>2026-07-19T01:35:12+00:00</Time>
     <Position>
      <LatitudeDegrees>-33.9839700</LatitudeDegrees>
      <LongitudeDegrees>-71.3266900</LongitudeDegrees>
     </Position>
     <AltitudeMeters>162.35000000000002</AltitudeMeters>
     <DistanceMeters>31805.354326608627</DistanceMeters>
    </Trackpoint>
    <Trackpoint>
     <Time>2026-07-19T01:35:20+00:00</Time>
     <Position>
      <LatitudeDegrees>-33.9838133</LatitudeDegrees>
      <LongitudeDegrees>-71.3275233</LongitudeDegrees>
     </Position>
     <AltitudeMeters>162.71</AltitudeMeters>
     <DistanceMeters>31884.21115663285</DistanceMeters>
    </Trackpoint>
    <Trackpoint>
     <Time>2026-07-19T01:35:29+00:00</Time>
     <Position>
      <LatitudeDegrees>-33.9836567</LatitudeDegrees>
      <LongitudeDegrees>-71.3283567</LongitudeDegrees>
     </Position>
     <AltitudeMeters>163.23000000000002</AltitudeMeters>
     <DistanceMeters>31963.067986653936</DistanceMeters>
    </Trackpoint>
    <Trackpoint>
     <Time>2026-07-19T01:35:37+00:00</Time>
     <Position>
      <LatitudeDegrees>-33.9835000</LatitudeDegrees>
      <LongitudeDegrees>-71.3291900</LongitudeDegrees>
     </Position>
     <AltitudeMeters>162.97</AltitudeMeters>
     <DistanceMeters>32041.924818108593</DistanceMeters>
    </Trackpoint>
    <Trackpoint>
     <Time>2026-07-19T01:35:46+00:00</Time>
     <Position>
      <LatitudeDegrees>-33.9832450</LatitudeDegrees>
      <LongitudeDegrees>-71.3302250</LongitudeDegrees>
     </Position>
     <AltitudeMeters>163.22</AltitudeMeters>
     <DistanceMeters>32141.568444279466</DistanceMeters>
    </Trackpoint>
    <Trackpoint>
     <Time>2026-07-19T01:35:54+00:00</Time>
     <Position>
      <LatitudeDegrees>-33.9829900</LatitudeDegrees>
      <LongitudeDegrees>-71.3312600</LongitudeDegrees>
     </Position>
     <AltitudeMeters>163.73000000000002</AltitudeMeters>
     <DistanceMeters>32241.212079664903</DistanceMeters>
    </Trackpoint>
    <Trackpoint>
     <Time>2026-07-19T01:36:03+00:00</Time>
     <Position>
      <LatitudeDegrees>-33.9829700</LatitudeDegrees>
      <LongitudeDegrees>-71.3315300</LongitudeDegrees>
     </Position>
     <AltitudeMeters>164.68</AltitudeMeters>
     <DistanceMeters>32266.22873578269</DistanceMeters>
    </Trackpoint>
    <Trackpoint>
     <Time>2026-07-19T01:36:12+00:00</Time>
     <Position>
      <LatitudeDegrees>-33.9830100</LatitudeDegrees>
      <LongitudeDegrees>-71.3318400</LongitudeDegrees>
     </Position>
     <AltitudeMeters>164.68</AltitudeMeters>
     <DistanceMeters>32295.181937561312</DistanceMeters>
    </Trackpoint>
    <Trackpoint>
     <Time>2026-07-19T01:36:20+00:00</Time>
     <Position>
      <LatitudeDegrees>-33.9832350</LatitudeDegrees>
      <LongitudeDegrees>-71.3326225</LongitudeDegrees>
     </Position>
     <AltitudeMeters>166.0</AltitudeMeters>
     <DistanceMeters>32371.61451738741</DistanceMeters>
    </Trackpoint>
    <Trackpoint>
     <Time>2026-07-19T01:36:29+00:00</Time>
     <Position>
      <LatitudeDegrees>-33.9834600</LatitudeDegrees>
      <LongitudeDegrees>-71.3334050</LongitudeDegrees>
     </Position>
     <AltitudeMeters>166.49000000000004</AltitudeMeters>
     <DistanceMeters>32448.047097214032</DistanceMeters>
    </Trackpoint>
    <Trackpoint>
     <Time>2026-07-19T01:36:37+00:00</Time>
     <Position>
      <LatitudeDegrees>-33.9836850</LatitudeDegrees>
      <LongitudeDegrees>-71.3341875</LongitudeDegrees>
     </Position>
     <AltitudeMeters>166.55</AltitudeMeters>
     <DistanceMeters>32524.47967704202</DistanceMeters>
    </Trackpoint>
    <Trackpoint>
     <Time>2026-07-19T01:36:46+00:00</Time>
     <Position>
      <LatitudeDegrees>-33.9839100</LatitudeDegrees>
      <LongitudeDegrees>-71.3349700</LongitudeDegrees>
     </Position>
     <AltitudeMeters>166.9</AltitudeMeters>
     <DistanceMeters>32600.91227445339</DistanceMeters>
    </Trackpoint>
    <Trackpoint>
     <Time>2026-07-19T01:36:54+00:00</Time>
     <Position>
      <LatitudeDegrees>-33.9841300</LatitudeDegrees>
      <LongitudeDegrees>-71.3354700</LongitudeDegrees>
     </Position>
     <AltitudeMeters>166.04000000000002</AltitudeMeters>
     <DistanceMeters>32653.149025273957</DistanceMeters>
    </Trackpoint>
    <Trackpoint>
     <Time>2026-07-19T01:37:03+00:00</Time>
     <Position>
      <LatitudeDegrees>-33.9842400</LatitudeDegrees>
      <LongitudeDegrees>-71.3357800</LongitudeDegrees>
     </Position>
     <AltitudeMeters>164.47</AltitudeMeters>
     <DistanceMeters>32684.266954608516</DistanceMeters>
    </Trackpoint>
    <Trackpoint>
     <Time>2026-07-19T01:37:12+00:00</Time>
     <Position>
      <LatitudeDegrees>-33.9843300</LatitudeDegrees>
      <LongitudeDegrees>-71.3361300</LongitudeDegrees>
     </Position>
     <AltitudeMeters>163.96</AltitudeMeters>
     <DistanceMeters>32718.08432636923</DistanceMeters>
    </Trackpoint>
    <Trackpoint>
     <Time>2026-07-19T01:37:20+00:00</Time>
     <Position>
      <LatitudeDegrees>-33.9844000</LatitudeDegrees>
      <LongitudeDegrees>-71.3365400</LongitudeDegrees>
     </Position>
     <AltitudeMeters>163.39000000000001</AltitudeMeters>
     <DistanceMeters>32756.715024766192</DistanceMeters>
    </Trackpoint>
    <Trackpoint>
     <Time>2026-07-19T01:37:29+00:00</Time>
     <Position>
      <LatitudeDegrees>-33.9846200</LatitudeDegrees>
      <LongitudeDegrees>-71.3374300</LongitudeDegrees>
     </Position>
     <AltitudeMeters>162.24</AltitudeMeters>
     <DistanceMeters>32842.42075361667</DistanceMeters>
    </Trackpoint>
    <Trackpoint>
     <Time>2026-07-19T01:37:37+00:00</Time>
     <Position>
      <LatitudeDegrees>-33.9847100</LatitudeDegrees>
      <LongitudeDegrees>-71.3377000</LongitudeDegrees>
     </Position>
     <AltitudeMeters>161.56</AltitudeMeters>
     <DistanceMeters>32869.275665166206</DistanceMeters>
    </Trackpoint>
    <Trackpoint>
     <Time>2026-07-19T01:37:46+00:00</Time>
     <Position>
      <LatitudeDegrees>-33.9850150</LatitudeDegrees>
      <LongitudeDegrees>-71.3381750</LongitudeDegrees>
     </Position>
     <AltitudeMeters>160.24</AltitudeMeters>
     <DistanceMeters>32924.717489710194</DistanceMeters>
    </Trackpoint>
    <Trackpoint>
     <Time>2026-07-19T01:37:54+00:00</Time>
     <Position>
      <LatitudeDegrees>-33.9853200</LatitudeDegrees>
      <LongitudeDegrees>-71.3386500</LongitudeDegrees>
     </Position>
     <AltitudeMeters>159.20000000000002</AltitudeMeters>
     <DistanceMeters>32980.15934741866</DistanceMeters>
    </Trackpoint>
    <Trackpoint>
     <Time>2026-07-19T01:38:03+00:00</Time>
     <Position>
      <LatitudeDegrees>-33.9858443</LatitudeDegrees>
      <LongitudeDegrees>-71.3394871</LongitudeDegrees>
     </Position>
     <AltitudeMeters>159.31</AltitudeMeters>
     <DistanceMeters>33076.9730861094</DistanceMeters>
    </Trackpoint>
    <Trackpoint>
     <Time>2026-07-19T01:38:12+00:00</Time>
     <Position>
      <LatitudeDegrees>-33.9863686</LatitudeDegrees>
      <LongitudeDegrees>-71.3403242</LongitudeDegrees>
     </Position>
     <AltitudeMeters>160.94</AltitudeMeters>
     <DistanceMeters>33173.78682479973</DistanceMeters>
    </Trackpoint>
    <Trackpoint>
     <Time>2026-07-19T01:38:20+00:00</Time>
     <Position>
      <LatitudeDegrees>-33.9868929</LatitudeDegrees>
      <LongitudeDegrees>-71.3411614</LongitudeDegrees>
     </Position>
     <AltitudeMeters>162.12</AltitudeMeters>
     <DistanceMeters>33270.60056349022</DistanceMeters>
    </Trackpoint>
    <Trackpoint>
     <Time>2026-07-19T01:38:29+00:00</Time>
     <Position>
      <LatitudeDegrees>-33.9874172</LatitudeDegrees>
      <LongitudeDegrees>-71.3419985</LongitudeDegrees>
     </Position>
     <AltitudeMeters>161.19</AltitudeMeters>
     <DistanceMeters>33367.414302181045</DistanceMeters>
    </Trackpoint>
    <Trackpoint>
     <Time>2026-07-19T01:38:37+00:00</Time>
     <Position>
      <LatitudeDegrees>-33.9879415</LatitudeDegrees>
      <LongitudeDegrees>-71.3428357</LongitudeDegrees>
     </Position>
     <AltitudeMeters>161.03</AltitudeMeters>
     <DistanceMeters>33464.22804087155</DistanceMeters>
    </Trackpoint>
    <Trackpoint>
     <Time>2026-07-19T01:38:46+00:00</Time>
     <Position>
      <LatitudeDegrees>-33.9884657</LatitudeDegrees>
      <LongitudeDegrees>-71.3436728</LongitudeDegrees>
     </Position>
     <AltitudeMeters>161.62</AltitudeMeters>
     <DistanceMeters>33561.04177956267</DistanceMeters>
    </Trackpoint>
    <Trackpoint>
     <Time>2026-07-19T01:38:54+00:00</Time>
     <Position>
      <LatitudeDegrees>-33.9889900</LatitudeDegrees>
      <LongitudeDegrees>-71.3445100</LongitudeDegrees>
     </Position>
     <AltitudeMeters>163.5</AltitudeMeters>
     <DistanceMeters>33657.85552370256</DistanceMeters>
    </Trackpoint>
    <Trackpoint>
     <Time>2026-07-19T01:39:03+00:00</Time>
     <Position>
      <LatitudeDegrees>-33.9891000</LatitudeDegrees>
      <LongitudeDegrees>-71.3446500</LongitudeDegrees>
     </Position>
     <AltitudeMeters>163.5</AltitudeMeters>
     <DistanceMeters>33675.654002738374</DistanceMeters>
    </Trackpoint>
    <Trackpoint>
     <Time>2026-07-19T01:39:12+00:00</Time>
     <Position>
      <LatitudeDegrees>-33.9897100</LatitudeDegrees>
      <LongitudeDegrees>-71.3452960</LongitudeDegrees>
     </Position>
     <AltitudeMeters>164.86</AltitudeMeters>
     <DistanceMeters>33766.00155515475</DistanceMeters>
    </Trackpoint>
    <Trackpoint>
     <Time>2026-07-19T01:39:20+00:00</Time>
     <Position>
      <LatitudeDegrees>-33.9903200</LatitudeDegrees>
      <LongitudeDegrees>-71.3459420</LongitudeDegrees>
     </Position>
     <AltitudeMeters>165.4</AltitudeMeters>
     <DistanceMeters>33856.349107574046</DistanceMeters>
    </Trackpoint>
    <Trackpoint>
     <Time>2026-07-19T01:39:29+00:00</Time>
     <Position>
      <LatitudeDegrees>-33.9909300</LatitudeDegrees>
      <LongitudeDegrees>-71.3465880</LongitudeDegrees>
     </Position>
     <AltitudeMeters>165.69</AltitudeMeters>
     <DistanceMeters>33946.69665999162</DistanceMeters>
    </Trackpoint>
    <Trackpoint>
     <Time>2026-07-19T01:39:37+00:00</Time>
     <Position>
      <LatitudeDegrees>-33.9915400</LatitudeDegrees>
      <LongitudeDegrees>-71.3472340</LongitudeDegrees>
     </Position>
     <AltitudeMeters>166.22</AltitudeMeters>
     <DistanceMeters>34037.04421241019</DistanceMeters>
    </Trackpoint>
    <Trackpoint>
     <Time>2026-07-19T01:39:46+00:00</Time>
     <Position>
      <LatitudeDegrees>-33.9921500</LatitudeDegrees>
      <LongitudeDegrees>-71.3478800</LongitudeDegrees>
     </Position>
     <AltitudeMeters>168.08</AltitudeMeters>
     <DistanceMeters>34127.39176211391</DistanceMeters>
    </Trackpoint>
    <Trackpoint>
     <Time>2026-07-19T01:39:54+00:00</Time>
     <Position>
      <LatitudeDegrees>-33.9926800</LatitudeDegrees>
      <LongitudeDegrees>-71.3485800</LongitudeDegrees>
     </Position>
     <AltitudeMeters>169.89000000000001</AltitudeMeters>
     <DistanceMeters>34214.866113293014</DistanceMeters>
    </Trackpoint>
    <Trackpoint>
     <Time>2026-07-19T01:40:03+00:00</Time>
     <Position>
      <LatitudeDegrees>-33.9927900</LatitudeDegrees>
      <LongitudeDegrees>-71.3487700</LongitudeDegrees>
     </Position>
     <AltitudeMeters>169.92000000000002</AltitudeMeters>
     <DistanceMeters>34236.24991870382</DistanceMeters>
    </Trackpoint>
    <Trackpoint>
     <Time>2026-07-19T01:40:12+00:00</Time>
     <Position>
      <LatitudeDegrees>-33.9928600</LatitudeDegrees>
      <LongitudeDegrees>-71.3489900</LongitudeDegrees>
     </Position>
     <AltitudeMeters>169.79000000000002</AltitudeMeters>
     <DistanceMeters>34257.99422899555</DistanceMeters>
    </Trackpoint>
    <Trackpoint>
     <Time>2026-07-19T01:40:20+00:00</Time>
     <Position>
      <LatitudeDegrees>-33.9929100</LatitudeDegrees>
      <LongitudeDegrees>-71.3492100</LongitudeDegrees>
     </Position>
     <AltitudeMeters>169.52</AltitudeMeters>
     <DistanceMeters>34279.043844198546</DistanceMeters>
    </Trackpoint>
    <Trackpoint>
     <Time>2026-07-19T01:40:29+00:00</Time>
     <Position>
      <LatitudeDegrees>-33.9929650</LatitudeDegrees>
      <LongitudeDegrees>-71.3497700</LongitudeDegrees>
     </Position>
     <AltitudeMeters>169.21000000000004</AltitudeMeters>
     <DistanceMeters>34331.0796643988</DistanceMeters>
    </Trackpoint>
    <Trackpoint>
     <Time>2026-07-19T01:40:37+00:00</Time>
     <Position>
      <LatitudeDegrees>-33.9930200</LatitudeDegrees>
      <LongitudeDegrees>-71.3503300</LongitudeDegrees>
     </Position>
     <AltitudeMeters>169.05</AltitudeMeters>
     <DistanceMeters>34383.11548445458</DistanceMeters>
    </Trackpoint>
    <Trackpoint>
     <Time>2026-07-19T01:40:46+00:00</Time>
     <Position>
      <LatitudeDegrees>-33.9930900</LatitudeDegrees>
      <LongitudeDegrees>-71.3506400</LongitudeDegrees>
     </Position>
     <AltitudeMeters>168.45000000000002</AltitudeMeters>
     <DistanceMeters>34412.762916848675</DistanceMeters>
    </Trackpoint>
    <Trackpoint>
     <Time>2026-07-19T01:40:54+00:00</Time>
     <Position>
      <LatitudeDegrees>-33.9931500</LatitudeDegrees>
      <LongitudeDegrees>-71.3508200</LongitudeDegrees>
     </Position>
     <AltitudeMeters>168.06</AltitudeMeters>
     <DistanceMeters>34430.664657845264</DistanceMeters>
    </Trackpoint>
    <Trackpoint>
     <Time>2026-07-19T01:41:03+00:00</Time>
     <Position>
      <LatitudeDegrees>-33.9933850</LatitudeDegrees>
      <LongitudeDegrees>-71.3512950</LongitudeDegrees>
     </Position>
     <AltitudeMeters>165.76000000000002</AltitudeMeters>
     <DistanceMeters>34481.70583447103</DistanceMeters>
    </Trackpoint>
    <Trackpoint>
     <Time>2026-07-19T01:41:12+00:00</Time>
     <Position>
      <LatitudeDegrees>-33.9936200</LatitudeDegrees>
      <LongitudeDegrees>-71.3517700</LongitudeDegrees>
     </Position>
     <AltitudeMeters>162.43</AltitudeMeters>
     <DistanceMeters>34532.74699591138</DistanceMeters>
    </Trackpoint>
    <Trackpoint>
     <Time>2026-07-19T01:41:20+00:00</Time>
     <Position>
      <LatitudeDegrees>-33.9939800</LatitudeDegrees>
      <LongitudeDegrees>-71.3524900</LongitudeDegrees>
     </Position>
     <AltitudeMeters>159.21</AltitudeMeters>
     <DistanceMeters>34610.33134403314</DistanceMeters>
    </Trackpoint>
    <Trackpoint>
     <Time>2026-07-19T01:41:29+00:00</Time>
     <Position>
      <LatitudeDegrees>-33.9944656</LatitudeDegrees>
      <LongitudeDegrees>-71.3534000</LongitudeDegrees>
     </Position>
     <AltitudeMeters>155.89</AltitudeMeters>
     <DistanceMeters>34710.18605094084</DistanceMeters>
    </Trackpoint>
    <Trackpoint>
     <Time>2026-07-19T01:41:37+00:00</Time>
     <Position>
      <LatitudeDegrees>-33.9949512</LatitudeDegrees>
      <LongitudeDegrees>-71.3543099</LongitudeDegrees>
     </Position>
     <AltitudeMeters>155.0</AltitudeMeters>
     <DistanceMeters>34810.04075784814</DistanceMeters>
    </Trackpoint>
    <Trackpoint>
     <Time>2026-07-19T01:41:46+00:00</Time>
     <Position>
      <LatitudeDegrees>-33.9954367</LatitudeDegrees>
      <LongitudeDegrees>-71.3552199</LongitudeDegrees>
     </Position>
     <AltitudeMeters>156.35999999999999</AltitudeMeters>
     <DistanceMeters>34909.89546475696</DistanceMeters>
    </Trackpoint>
    <Trackpoint>
     <Time>2026-07-19T01:41:54+00:00</Time>
     <Position>
      <LatitudeDegrees>-33.9959223</LatitudeDegrees>
      <LongitudeDegrees>-71.3561299</LongitudeDegrees>
     </Position>
     <AltitudeMeters>157.06</AltitudeMeters>
     <DistanceMeters>35009.7501716642</DistanceMeters>
    </Trackpoint>
    <Trackpoint>
     <Time>2026-07-19T01:42:03+00:00</Time>
     <Position>
      <LatitudeDegrees>-33.9964078</LatitudeDegrees>
      <LongitudeDegrees>-71.3570399</LongitudeDegrees>
     </Position>
     <AltitudeMeters>157.08</AltitudeMeters>
     <DistanceMeters>35109.604878572645</DistanceMeters>
    </Trackpoint>
    <Trackpoint>
     <Time>2026-07-19T01:42:12+00:00</Time>
     <Position>
      <LatitudeDegrees>-33.9968934</LatitudeDegrees>
      <LongitudeDegrees>-71.3579499</LongitudeDegrees>
     </Position>
     <AltitudeMeters>156.13000000000002</AltitudeMeters>
     <DistanceMeters>35209.459585480734</DistanceMeters>
    </Trackpoint>
    <Trackpoint>
     <Time>2026-07-19T01:42:20+00:00</Time>
     <Position>
      <LatitudeDegrees>-33.9973789</LatitudeDegrees>
      <LongitudeDegrees>-71.3588599</LongitudeDegrees>
     </Position>
     <AltitudeMeters>155.89</AltitudeMeters>
     <DistanceMeters>35309.31429238818</DistanceMeters>
    </Trackpoint>
    <Trackpoint>
     <Time>2026-07-19T01:42:29+00:00</Time>
     <Position>
      <LatitudeDegrees>-33.9978645</LatitudeDegrees>
      <LongitudeDegrees>-71.3597700</LongitudeDegrees>
     </Position>
     <AltitudeMeters>155.98000000000002</AltitudeMeters>
     <DistanceMeters>35409.16899929649</DistanceMeters>
    </Trackpoint>
    <Trackpoint>
     <Time>2026-07-19T01:42:37+00:00</Time>
     <Position>
      <LatitudeDegrees>-33.9983500</LatitudeDegrees>
      <LongitudeDegrees>-71.3606800</LongitudeDegrees>
     </Position>
     <AltitudeMeters>156.0</AltitudeMeters>
     <DistanceMeters>35509.02370970031</DistanceMeters>
    </Trackpoint>
    <Trackpoint>
     <Time>2026-07-19T01:42:46+00:00</Time>
     <Position>
      <LatitudeDegrees>-33.9984700</LatitudeDegrees>
      <LongitudeDegrees>-71.3608800</LongitudeDegrees>
     </Position>
     <AltitudeMeters>155.74</AltitudeMeters>
     <DistanceMeters>35531.803507814024</DistanceMeters>
    </Trackpoint>
    <Trackpoint>
     <Time>2026-07-19T01:42:54+00:00</Time>
     <Position>
      <LatitudeDegrees>-33.9988200</LatitudeDegrees>
      <LongitudeDegrees>-71.3613000</LongitudeDegrees>
     </Position>
     <AltitudeMeters>155.29000000000002</AltitudeMeters>
     <DistanceMeters>35586.75068965661</DistanceMeters>
    </Trackpoint>
    <Trackpoint>
     <Time>2026-07-19T01:43:03+00:00</Time>
     <Position>
      <LatitudeDegrees>-33.9994700</LatitudeDegrees>
      <LongitudeDegrees>-71.3620200</LongitudeDegrees>
     </Position>
     <AltitudeMeters>154.94000000000003</AltitudeMeters>
     <DistanceMeters>35684.96906064996</DistanceMeters>
    </Trackpoint>
    <Trackpoint>
     <Time>2026-07-19T01:43:12+00:00</Time>
     <Position>
      <LatitudeDegrees>-33.9998700</LatitudeDegrees>
      <LongitudeDegrees>-71.3623300</LongitudeDegrees>
     </Position>
     <AltitudeMeters>155.34</AltitudeMeters>
     <DistanceMeters>35737.88431726788</DistanceMeters>
    </Trackpoint>
    <Trackpoint>
     <Time>2026-07-19T01:43:20+00:00</Time>
     <Position>
      <LatitudeDegrees>-34.0003600</LatitudeDegrees>
      <LongitudeDegrees>-71.3626400</LongitudeDegrees>
     </Position>
     <AltitudeMeters>155.49</AltitudeMeters>
     <DistanceMeters>35799.465099535846</DistanceMeters>
    </Trackpoint>
    <Trackpoint>
     <Time>2026-07-19T01:43:29+00:00</Time>
     <Position>
      <LatitudeDegrees>-34.0009000</LatitudeDegrees>
      <LongitudeDegrees>-71.3628700</LongitudeDegrees>
     </Position>
     <AltitudeMeters>155.47000000000003</AltitudeMeters>
     <DistanceMeters>35863.20146445446</DistanceMeters>
    </Trackpoint>
    <Trackpoint>
     <Time>2026-07-19T01:43:37+00:00</Time>
     <Position>
      <LatitudeDegrees>-34.0016600</LatitudeDegrees>
      <LongitudeDegrees>-71.3631200</LongitudeDegrees>
     </Position>
     <AltitudeMeters>156.04000000000002</AltitudeMeters>
     <DistanceMeters>35950.874942122486</DistanceMeters>
    </Trackpoint>
    <Trackpoint>
     <Time>2026-07-19T01:43:46+00:00</Time>
     <Position>
      <LatitudeDegrees>-34.0024200</LatitudeDegrees>
      <LongitudeDegrees>-71.3633700</LongitudeDegrees>
     </Position>
     <AltitudeMeters>158.10999999999999</AltitudeMeters>
     <DistanceMeters>36038.548419791485</DistanceMeters>
    </Trackpoint>
    <Trackpoint>
     <Time>2026-07-19T01:43:54+00:00</Time>
     <Position>
      <LatitudeDegrees>-34.0031800</LatitudeDegrees>
      <LongitudeDegrees>-71.3636200</LongitudeDegrees>
     </Position>
     <AltitudeMeters>158.63000000000002</AltitudeMeters>
     <DistanceMeters>36126.22189657652</DistanceMeters>
    </Trackpoint>
    <Trackpoint>
     <Time>2026-07-19T01:44:03+00:00</Time>
     <Position>
      <LatitudeDegrees>-34.0038100</LatitudeDegrees>
      <LongitudeDegrees>-71.3638250</LongitudeDegrees>
     </Position>
     <AltitudeMeters>156.85000000000002</AltitudeMeters>
     <DistanceMeters>36198.84445270614</DistanceMeters>
    </Trackpoint>
    <Trackpoint>
     <Time>2026-07-19T01:44:12+00:00</Time>
     <Position>
      <LatitudeDegrees>-34.0044400</LatitudeDegrees>
      <LongitudeDegrees>-71.3640300</LongitudeDegrees>
     </Position>
     <AltitudeMeters>156.3</AltitudeMeters>
     <DistanceMeters>36271.46703601809</DistanceMeters>
    </Trackpoint>
    <Trackpoint>
     <Time>2026-07-19T01:44:20+00:00</Time>
     <Position>
      <LatitudeDegrees>-34.0050800</LatitudeDegrees>
      <LongitudeDegrees>-71.3642600</LongitudeDegrees>
     </Position>
     <AltitudeMeters>155.73000000000002</AltitudeMeters>
     <DistanceMeters>36345.79007654502</DistanceMeters>
    </Trackpoint>
    <Trackpoint>
     <Time>2026-07-19T01:44:29+00:00</Time>
     <Position>
      <LatitudeDegrees>-34.0058750</LatitudeDegrees>
      <LongitudeDegrees>-71.3644825</LongitudeDegrees>
     </Position>
     <AltitudeMeters>156.01000000000002</AltitudeMeters>
     <DistanceMeters>36436.620268085724</DistanceMeters>
    </Trackpoint>
    <Trackpoint>
     <Time>2026-07-19T01:44:37+00:00</Time>
     <Position>
      <LatitudeDegrees>-34.0066700</LatitudeDegrees>
      <LongitudeDegrees>-71.3647050</LongitudeDegrees>
     </Position>
     <AltitudeMeters>156.32000000000002</AltitudeMeters>
     <DistanceMeters>36527.450459625514</DistanceMeters>
    </Trackpoint>
    <Trackpoint>
     <Time>2026-07-19T01:44:46+00:00</Time>
     <Position>
      <LatitudeDegrees>-34.0074650</LatitudeDegrees>
      <LongitudeDegrees>-71.3649275</LongitudeDegrees>
     </Position>
     <AltitudeMeters>156.42</AltitudeMeters>
     <DistanceMeters>36618.28065116678</DistanceMeters>
    </Trackpoint>
    <Trackpoint>
     <Time>2026-07-19T01:44:54+00:00</Time>
     <Position>
      <LatitudeDegrees>-34.0082600</LatitudeDegrees>
      <LongitudeDegrees>-71.3651500</LongitudeDegrees>
     </Position>
     <AltitudeMeters>156.66000000000003</AltitudeMeters>
     <DistanceMeters>36709.110853500875</DistanceMeters>
    </Trackpoint>
    <Trackpoint>
     <Time>2026-07-19T01:45:03+00:00</Time>
     <Position>
      <LatitudeDegrees>-34.0090360</LatitudeDegrees>
      <LongitudeDegrees>-71.3654180</LongitudeDegrees>
     </Position>
     <AltitudeMeters>156.99</AltitudeMeters>
     <DistanceMeters>36798.945774535314</DistanceMeters>
    </Trackpoint>
    <Trackpoint>
     <Time>2026-07-19T01:45:12+00:00</Time>
     <Position>
      <LatitudeDegrees>-34.0098120</LatitudeDegrees>
      <LongitudeDegrees>-71.3656860</LongitudeDegrees>
     </Position>
     <AltitudeMeters>157.19000000000003</AltitudeMeters>
     <DistanceMeters>36888.78069556969</DistanceMeters>
    </Trackpoint>
    <Trackpoint>
     <Time>2026-07-19T01:45:20+00:00</Time>
     <Position>
      <LatitudeDegrees>-34.0105880</LatitudeDegrees>
      <LongitudeDegrees>-71.3659540</LongitudeDegrees>
     </Position>
     <AltitudeMeters>157.19000000000003</AltitudeMeters>
     <DistanceMeters>36978.6156166035</DistanceMeters>
    </Trackpoint>
    <Trackpoint>
     <Time>2026-07-19T01:45:29+00:00</Time>
     <Position>
      <LatitudeDegrees>-34.0113640</LatitudeDegrees>
      <LongitudeDegrees>-71.3662220</LongitudeDegrees>
     </Position>
     <AltitudeMeters>157.64</AltitudeMeters>
     <DistanceMeters>37068.4505376374</DistanceMeters>
    </Trackpoint>
    <Trackpoint>
     <Time>2026-07-19T01:45:37+00:00</Time>
     <Position>
      <LatitudeDegrees>-34.0121400</LatitudeDegrees>
      <LongitudeDegrees>-71.3664900</LongitudeDegrees>
     </Position>
     <AltitudeMeters>158.12</AltitudeMeters>
     <DistanceMeters>37158.2854541114</DistanceMeters>
    </Trackpoint>
    <Trackpoint>
     <Time>2026-07-19T01:45:46+00:00</Time>
     <Position>
      <LatitudeDegrees>-34.0126500</LatitudeDegrees>
      <LongitudeDegrees>-71.3665900</LongitudeDegrees>
     </Position>
     <AltitudeMeters>158.51000000000002</AltitudeMeters>
     <DistanceMeters>37215.79108483649</DistanceMeters>
    </Trackpoint>
    <Trackpoint>
     <Time>2026-07-19T01:45:54+00:00</Time>
     <Position>
      <LatitudeDegrees>-34.0130100</LatitudeDegrees>
      <LongitudeDegrees>-71.3666300</LongitudeDegrees>
     </Position>
     <AltitudeMeters>158.63000000000002</AltitudeMeters>
     <DistanceMeters>37256.027105642555</DistanceMeters>
    </Trackpoint>
    <Trackpoint>
     <Time>2026-07-19T01:46:03+00:00</Time>
     <Position>
      <LatitudeDegrees>-34.0138683</LatitudeDegrees>
      <LongitudeDegrees>-71.3667500</LongitudeDegrees>
     </Position>
     <AltitudeMeters>158.88000000000002</AltitudeMeters>
     <DistanceMeters>37352.195180217226</DistanceMeters>
    </Trackpoint>
    <Trackpoint>
     <Time>2026-07-19T01:46:12+00:00</Time>
     <Position>
      <LatitudeDegrees>-34.0147267</LatitudeDegrees>
      <LongitudeDegrees>-71.3668700</LongitudeDegrees>
     </Position>
     <AltitudeMeters>158.83</AltitudeMeters>
     <DistanceMeters>37448.36325479001</DistanceMeters>
    </Trackpoint>
    <Trackpoint>
     <Time>2026-07-19T01:46:20+00:00</Time>
     <Position>
      <LatitudeDegrees>-34.0155850</LatitudeDegrees>
      <LongitudeDegrees>-71.3669900</LongitudeDegrees>
     </Position>
     <AltitudeMeters>158.56</AltitudeMeters>
     <DistanceMeters>37544.531329364734</DistanceMeters>
    </Trackpoint>
    <Trackpoint>
     <Time>2026-07-19T01:46:29+00:00</Time>
     <Position>
      <LatitudeDegrees>-34.0164433</LatitudeDegrees>
      <LongitudeDegrees>-71.3671100</LongitudeDegrees>
     </Position>
     <AltitudeMeters>158.45000000000002</AltitudeMeters>
     <DistanceMeters>37640.69940393751</DistanceMeters>
    </Trackpoint>
    <Trackpoint>
     <Time>2026-07-19T01:46:37+00:00</Time>
     <Position>
      <LatitudeDegrees>-34.0173017</LatitudeDegrees>
      <LongitudeDegrees>-71.3672300</LongitudeDegrees>
     </Position>
     <AltitudeMeters>158.59</AltitudeMeters>
     <DistanceMeters>37736.86747851188</DistanceMeters>
    </Trackpoint>
    <Trackpoint>
     <Time>2026-07-19T01:46:46+00:00</Time>
     <Position>
      <LatitudeDegrees>-34.0181600</LatitudeDegrees>
      <LongitudeDegrees>-71.3673500</LongitudeDegrees>
     </Position>
     <AltitudeMeters>158.92000000000002</AltitudeMeters>
     <DistanceMeters>37833.03555233102</DistanceMeters>
    </Trackpoint>
    <Trackpoint>
     <Time>2026-07-19T01:46:54+00:00</Time>
     <Position>
      <LatitudeDegrees>-34.0185200</LatitudeDegrees>
      <LongitudeDegrees>-71.3674800</LongitudeDegrees>
     </Position>
     <AltitudeMeters>159.02</AltitudeMeters>
     <DistanceMeters>37874.85821328104</DistanceMeters>
    </Trackpoint>
    <Trackpoint>
     <Time>2026-07-19T01:47:03+00:00</Time>
     <Position>
      <LatitudeDegrees>-34.0188100</LatitudeDegrees>
      <LongitudeDegrees>-71.3676600</LongitudeDegrees>
     </Position>
     <AltitudeMeters>159.02</AltitudeMeters>
     <DistanceMeters>37911.1547425974</DistanceMeters>
    </Trackpoint>
    <Trackpoint>
     <Time>2026-07-19T01:47:12+00:00</Time>
     <Position>
      <LatitudeDegrees>-34.0195200</LatitudeDegrees>
      <LongitudeDegrees>-71.3682100</LongitudeDegrees>
     </Position>
     <AltitudeMeters>158.92000000000002</AltitudeMeters>
     <DistanceMeters>38005.06044655069</DistanceMeters>
    </Trackpoint>
    <Trackpoint>
     <Time>2026-07-19T01:47:20+00:00</Time>
     <Position>
      <LatitudeDegrees>-34.0202300</LatitudeDegrees>
      <LongitudeDegrees>-71.3687600</LongitudeDegrees>
     </Position>
     <AltitudeMeters>159.0</AltitudeMeters>
     <DistanceMeters>38098.96615122519</DistanceMeters>
    </Trackpoint>
    <Trackpoint>
     <Time>2026-07-19T01:47:29+00:00</Time>
     <Position>
      <LatitudeDegrees>-34.0206400</LatitudeDegrees>
      <LongitudeDegrees>-71.3691000</LongitudeDegrees>
     </Position>
     <AltitudeMeters>158.88000000000002</AltitudeMeters>
     <DistanceMeters>38154.33662175968</DistanceMeters>
    </Trackpoint>
    <Trackpoint>
     <Time>2026-07-19T01:47:37+00:00</Time>
     <Position>
      <LatitudeDegrees>-34.0211100</LatitudeDegrees>
      <LongitudeDegrees>-71.3694400</LongitudeDegrees>
     </Position>
     <AltitudeMeters>158.85999999999999</AltitudeMeters>
     <DistanceMeters>38215.32758880461</DistanceMeters>
    </Trackpoint>
    <Trackpoint>
     <Time>2026-07-19T01:47:46+00:00</Time>
     <Position>
      <LatitudeDegrees>-34.0215600</LatitudeDegrees>
      <LongitudeDegrees>-71.3696800</LongitudeDegrees>
     </Position>
     <AltitudeMeters>158.60999999999999</AltitudeMeters>
     <DistanceMeters>38270.08560377547</DistanceMeters>
    </Trackpoint>
    <Trackpoint>
     <Time>2026-07-19T01:47:54+00:00</Time>
     <Position>
      <LatitudeDegrees>-34.0220700</LatitudeDegrees>
      <LongitudeDegrees>-71.3698900</LongitudeDegrees>
     </Position>
     <AltitudeMeters>158.53</AltitudeMeters>
     <DistanceMeters>38330.060913864785</DistanceMeters>
    </Trackpoint>
    <Trackpoint>
     <Time>2026-07-19T01:48:03+00:00</Time>
     <Position>
      <LatitudeDegrees>-34.0227820</LatitudeDegrees>
      <LongitudeDegrees>-71.3701960</LongitudeDegrees>
     </Position>
     <AltitudeMeters>158.43</AltitudeMeters>
     <DistanceMeters>38414.18043541661</DistanceMeters>
    </Trackpoint>
    <Trackpoint>
     <Time>2026-07-19T01:48:12+00:00</Time>
     <Position>
      <LatitudeDegrees>-34.0234940</LatitudeDegrees>
      <LongitudeDegrees>-71.3705020</LongitudeDegrees>
     </Position>
     <AltitudeMeters>158.19000000000003</AltitudeMeters>
     <DistanceMeters>38498.29995696887</DistanceMeters>
    </Trackpoint>
    <Trackpoint>
     <Time>2026-07-19T01:48:20+00:00</Time>
     <Position>
      <LatitudeDegrees>-34.0242060</LatitudeDegrees>
      <LongitudeDegrees>-71.3708080</LongitudeDegrees>
     </Position>
     <AltitudeMeters>157.97</AltitudeMeters>
     <DistanceMeters>38582.41947851937</DistanceMeters>
    </Trackpoint>
    <Trackpoint>
     <Time>2026-07-19T01:48:29+00:00</Time>
     <Position>
      <LatitudeDegrees>-34.0249180</LatitudeDegrees>
      <LongitudeDegrees>-71.3711140</LongitudeDegrees>
     </Position>
     <AltitudeMeters>158.10999999999999</AltitudeMeters>
     <DistanceMeters>38666.53900007138</DistanceMeters>
    </Trackpoint>
    <Trackpoint>
     <Time>2026-07-19T01:48:37+00:00</Time>
     <Position>
      <LatitudeDegrees>-34.0256300</LatitudeDegrees>
      <LongitudeDegrees>-71.3714200</LongitudeDegrees>
     </Position>
     <AltitudeMeters>159.32000000000002</AltitudeMeters>
     <DistanceMeters>38750.658531671244</DistanceMeters>
    </Trackpoint>
    <Trackpoint>
     <Time>2026-07-19T01:48:46+00:00</Time>
     <Position>
      <LatitudeDegrees>-34.0263167</LatitudeDegrees>
      <LongitudeDegrees>-71.3716400</LongitudeDegrees>
     </Position>
     <AltitudeMeters>159.13000000000002</AltitudeMeters>
     <DistanceMeters>38829.72984522511</DistanceMeters>
    </Trackpoint>
    <Trackpoint>
     <Time>2026-07-19T01:48:54+00:00</Time>
     <Position>
      <LatitudeDegrees>-34.0270033</LatitudeDegrees>
      <LongitudeDegrees>-71.3718600</LongitudeDegrees>
     </Position>
     <AltitudeMeters>159.13000000000002</AltitudeMeters>
     <DistanceMeters>38908.801158780785</DistanceMeters>
    </Trackpoint>
    <Trackpoint>
     <Time>2026-07-19T01:49:03+00:00</Time>
     <Position>
      <LatitudeDegrees>-34.0276900</LatitudeDegrees>
      <LongitudeDegrees>-71.3720800</LongitudeDegrees>
     </Position>
     <AltitudeMeters>158.95000000000002</AltitudeMeters>
     <DistanceMeters>38987.87245602259</DistanceMeters>
    </Trackpoint>
    <Trackpoint>
     <Time>2026-07-19T01:49:12+00:00</Time>
     <Position>
      <LatitudeDegrees>-34.0284025</LatitudeDegrees>
      <LongitudeDegrees>-71.3723150</LongitudeDegrees>
     </Position>
     <AltitudeMeters>158.62</AltitudeMeters>
     <DistanceMeters>39070.07970877469</DistanceMeters>
    </Trackpoint>
    <Trackpoint>
     <Time>2026-07-19T01:49:20+00:00</Time>
     <Position>
      <LatitudeDegrees>-34.0291150</LatitudeDegrees>
      <LongitudeDegrees>-71.3725500</LongitudeDegrees>
     </Position>
     <AltitudeMeters>158.65</AltitudeMeters>
     <DistanceMeters>39152.28696152827</DistanceMeters>
    </Trackpoint>
    <Trackpoint>
     <Time>2026-07-19T01:49:29+00:00</Time>
     <Position>
      <LatitudeDegrees>-34.0298275</LatitudeDegrees>
      <LongitudeDegrees>-71.3727850</LongitudeDegrees>
     </Position>
     <AltitudeMeters>158.9</AltitudeMeters>
     <DistanceMeters>39234.49421428009</DistanceMeters>
    </Trackpoint>
    <Trackpoint>
     <Time>2026-07-19T01:49:37+00:00</Time>
     <Position>
      <LatitudeDegrees>-34.0305400</LatitudeDegrees>
      <LongitudeDegrees>-71.3730200</LongitudeDegrees>
     </Position>
     <AltitudeMeters>159.13000000000002</AltitudeMeters>
     <DistanceMeters>39316.7014653778</DistanceMeters>
    </Trackpoint>
    <Trackpoint>
     <Time>2026-07-19T01:49:46+00:00</Time>
     <Position>
      <LatitudeDegrees>-34.0313417</LatitudeDegrees>
      <LongitudeDegrees>-71.3732983</LongitudeDegrees>
     </Position>
     <AltitudeMeters>159.55</AltitudeMeters>
     <DistanceMeters>39409.54322030209</DistanceMeters>
    </Trackpoint>
    <Trackpoint>
     <Time>2026-07-19T01:49:54+00:00</Time>
     <Position>
      <LatitudeDegrees>-34.0321433</LatitudeDegrees>
      <LongitudeDegrees>-71.3735766</LongitudeDegrees>
     </Position>
     <AltitudeMeters>159.95000000000002</AltitudeMeters>
     <DistanceMeters>39502.38497522546</DistanceMeters>
    </Trackpoint>
    <Trackpoint>
     <Time>2026-07-19T01:50:03+00:00</Time>
     <Position>
      <LatitudeDegrees>-34.0329450</LatitudeDegrees>
      <LongitudeDegrees>-71.3738550</LongitudeDegrees>
     </Position>
     <AltitudeMeters>160.14000000000001</AltitudeMeters>
     <DistanceMeters>39595.226730150054</DistanceMeters>
    </Trackpoint>
    <Trackpoint>
     <Time>2026-07-19T01:50:12+00:00</Time>
     <Position>
      <LatitudeDegrees>-34.0337467</LatitudeDegrees>
      <LongitudeDegrees>-71.3741333</LongitudeDegrees>
     </Position>
     <AltitudeMeters>160.62</AltitudeMeters>
     <DistanceMeters>39688.068485074684</DistanceMeters>
    </Trackpoint>
    <Trackpoint>
     <Time>2026-07-19T01:50:20+00:00</Time>
     <Position>
      <LatitudeDegrees>-34.0345483</LatitudeDegrees>
      <LongitudeDegrees>-71.3744117</LongitudeDegrees>
     </Position>
     <AltitudeMeters>161.18</AltitudeMeters>
     <DistanceMeters>39780.91023999853</DistanceMeters>
    </Trackpoint>
    <Trackpoint>
     <Time>2026-07-19T01:50:29+00:00</Time>
     <Position>
      <LatitudeDegrees>-34.0353500</LatitudeDegrees>
      <LongitudeDegrees>-71.3746900</LongitudeDegrees>
     </Position>
     <AltitudeMeters>161.74</AltitudeMeters>
     <DistanceMeters>39873.75199521903</DistanceMeters>
    </Trackpoint>
    <Trackpoint>
     <Time>2026-07-19T01:50:37+00:00</Time>
     <Position>
      <LatitudeDegrees>-34.0359100</LatitudeDegrees>
      <LongitudeDegrees>-71.3748700</LongitudeDegrees>
     </Position>
     <AltitudeMeters>162.04000000000002</AltitudeMeters>
     <DistanceMeters>39938.25068528655</DistanceMeters>
    </Trackpoint>
    <Trackpoint>
     <Time>2026-07-19T01:50:46+00:00</Time>
     <Position>
      <LatitudeDegrees>-34.0364700</LatitudeDegrees>
      <LongitudeDegrees>-71.3750500</LongitudeDegrees>
     </Position>
     <AltitudeMeters>162.47</AltitudeMeters>
     <DistanceMeters>40002.74936164329</DistanceMeters>
    </Trackpoint>
    <Trackpoint>
     <Time>2026-07-19T01:50:54+00:00</Time>
     <Position>
      <LatitudeDegrees>-34.0369750</LatitudeDegrees>
      <LongitudeDegrees>-71.3752300</LongitudeDegrees>
     </Position>
     <AltitudeMeters>162.65</AltitudeMeters>
     <DistanceMeters>40061.35417842005</DistanceMeters>
    </Trackpoint>
    <Trackpoint>
     <Time>2026-07-19T01:51:03+00:00</Time>
     <Position>
      <LatitudeDegrees>-34.0374800</LatitudeDegrees>
      <LongitudeDegrees>-71.3754100</LongitudeDegrees>
     </Position>
     <AltitudeMeters>163.0</AltitudeMeters>
     <DistanceMeters>40119.95892794177</DistanceMeters>
    </Trackpoint>
    <Trackpoint>
     <Time>2026-07-19T01:51:12+00:00</Time>
     <Position>
      <LatitudeDegrees>-34.0382750</LatitudeDegrees>
      <LongitudeDegrees>-71.3756841</LongitudeDegrees>
     </Position>
     <AltitudeMeters>164.06</AltitudeMeters>
     <DistanceMeters>40211.980761827814</DistanceMeters>
    </Trackpoint>
    <Trackpoint>
     <Time>2026-07-19T01:51:20+00:00</Time>
     <Position>
      <LatitudeDegrees>-34.0390700</LatitudeDegrees>
      <LongitudeDegrees>-71.3759583</LongitudeDegrees>
     </Position>
     <AltitudeMeters>164.97</AltitudeMeters>
     <DistanceMeters>40304.002595712576</DistanceMeters>
    </Trackpoint>
    <Trackpoint>
     <Time>2026-07-19T01:51:29+00:00</Time>
     <Position>
      <LatitudeDegrees>-34.0398650</LatitudeDegrees>
      <LongitudeDegrees>-71.3762324</LongitudeDegrees>
     </Position>
     <AltitudeMeters>165.57000000000002</AltitudeMeters>
     <DistanceMeters>40396.024429599085</DistanceMeters>
    </Trackpoint>
    <Trackpoint>
     <Time>2026-07-19T01:51:37+00:00</Time>
     <Position>
      <LatitudeDegrees>-34.0406600</LatitudeDegrees>
      <LongitudeDegrees>-71.3765066</LongitudeDegrees>
     </Position>
     <AltitudeMeters>166.65</AltitudeMeters>
     <DistanceMeters>40488.04626348353</DistanceMeters>
    </Trackpoint>
    <Trackpoint>
     <Time>2026-07-19T01:51:46+00:00</Time>
     <Position>
      <LatitudeDegrees>-34.0414550</LatitudeDegrees>
      <LongitudeDegrees>-71.3767807</LongitudeDegrees>
     </Position>
     <AltitudeMeters>167.43</AltitudeMeters>
     <DistanceMeters>40580.068097368625</DistanceMeters>
    </Trackpoint>
    <Trackpoint>
     <Time>2026-07-19T01:51:54+00:00</Time>
     <Position>
      <LatitudeDegrees>-34.0422500</LatitudeDegrees>
      <LongitudeDegrees>-71.3770549</LongitudeDegrees>
     </Position>
     <AltitudeMeters>168.52</AltitudeMeters>
     <DistanceMeters>40672.08993125356</DistanceMeters>
    </Trackpoint>
    <Trackpoint>
     <Time>2026-07-19T01:52:03+00:00</Time>
     <Position>
      <LatitudeDegrees>-34.0430450</LatitudeDegrees>
      <LongitudeDegrees>-71.3773291</LongitudeDegrees>
     </Position>
     <AltitudeMeters>169.34</AltitudeMeters>
     <DistanceMeters>40764.111765138354</DistanceMeters>
    </Trackpoint>
    <Trackpoint>
     <Time>2026-07-19T01:52:12+00:00</Time>
     <Position>
      <LatitudeDegrees>-34.0438400</LatitudeDegrees>
      <LongitudeDegrees>-71.3776033</LongitudeDegrees>
     </Position>
     <AltitudeMeters>170.15000000000003</AltitudeMeters>
     <DistanceMeters>40856.13359902454</DistanceMeters>
    </Trackpoint>
    <Trackpoint>
     <Time>2026-07-19T01:52:20+00:00</Time>
     <Position>
      <LatitudeDegrees>-34.0446350</LatitudeDegrees>
      <LongitudeDegrees>-71.3778774</LongitudeDegrees>
     </Position>
     <AltitudeMeters>171.36</AltitudeMeters>
     <DistanceMeters>40948.15543290946</DistanceMeters>
    </Trackpoint>
    <Trackpoint>
     <Time>2026-07-19T01:52:29+00:00</Time>
     <Position>
      <LatitudeDegrees>-34.0454300</LatitudeDegrees>
      <LongitudeDegrees>-71.3781516</LongitudeDegrees>
     </Position>
     <AltitudeMeters>172.1</AltitudeMeters>
     <DistanceMeters>41040.177266794664</DistanceMeters>
    </Trackpoint>
    <Trackpoint>
     <Time>2026-07-19T01:52:37+00:00</Time>
     <Position>
      <LatitudeDegrees>-34.0462250</LatitudeDegrees>
      <LongitudeDegrees>-71.3784258</LongitudeDegrees>
     </Position>
     <AltitudeMeters>173.19</AltitudeMeters>
     <DistanceMeters>41132.199100679725</DistanceMeters>
    </Trackpoint>
    <Trackpoint>
     <Time>2026-07-19T01:52:46+00:00</Time>
     <Position>
      <LatitudeDegrees>-34.0470200</LatitudeDegrees>
      <LongitudeDegrees>-71.3787000</LongitudeDegrees>
     </Position>
     <AltitudeMeters>174.89000000000001</AltitudeMeters>
     <DistanceMeters>41224.22093440491</DistanceMeters>
    </Trackpoint>
    <Trackpoint>
     <Time>2026-07-19T01:52:54+00:00</Time>
     <Position>
      <LatitudeDegrees>-34.0473900</LatitudeDegrees>
      <LongitudeDegrees>-71.3788300</LongitudeDegrees>
     </Position>
     <AltitudeMeters>175.37000000000003</AltitudeMeters>
     <DistanceMeters>41267.10986372559</DistanceMeters>
    </Trackpoint>
    <Trackpoint>
     <Time>2026-07-19T01:53:03+00:00</Time>
     <Position>
      <LatitudeDegrees>-34.0474100</LatitudeDegrees>
      <LongitudeDegrees>-71.3790300</LongitudeDegrees>
     </Position>
     <AltitudeMeters>175.55</AltitudeMeters>
     <DistanceMeters>41285.687056287155</DistanceMeters>
    </Trackpoint>
    <Trackpoint>
     <Time>2026-07-19T01:53:12+00:00</Time>
     <Position>
      <LatitudeDegrees>-34.0474000</LatitudeDegrees>
      <LongitudeDegrees>-71.3791200</LongitudeDegrees>
     </Position>
     <AltitudeMeters>175.66</AltitudeMeters>
     <DistanceMeters>41294.060856895034</DistanceMeters>
    </Trackpoint>
    <Trackpoint>
     <Time>2026-07-19T01:53:20+00:00</Time>
     <Position>
      <LatitudeDegrees>-34.0466750</LatitudeDegrees>
      <LongitudeDegrees>-71.3796900</LongitudeDegrees>
     </Position>
     <AltitudeMeters>175.15000000000003</AltitudeMeters>
     <DistanceMeters>41390.36141169153</DistanceMeters>
    </Trackpoint>
    <Trackpoint>
     <Time>2026-07-19T01:53:29+00:00</Time>
     <Position>
      <LatitudeDegrees>-34.0459500</LatitudeDegrees>
      <LongitudeDegrees>-71.3802600</LongitudeDegrees>
     </Position>
     <AltitudeMeters>174.02</AltitudeMeters>
     <DistanceMeters>41486.66196648987</DistanceMeters>
    </Trackpoint>
    <Trackpoint>
     <Time>2026-07-19T01:53:37+00:00</Time>
     <Position>
      <LatitudeDegrees>-34.0452250</LatitudeDegrees>
      <LongitudeDegrees>-71.3808300</LongitudeDegrees>
     </Position>
     <AltitudeMeters>173.26000000000002</AltitudeMeters>
     <DistanceMeters>41582.96252128635</DistanceMeters>
    </Trackpoint>
    <Trackpoint>
     <Time>2026-07-19T01:53:46+00:00</Time>
     <Position>
      <LatitudeDegrees>-34.0445000</LatitudeDegrees>
      <LongitudeDegrees>-71.3814000</LongitudeDegrees>
     </Position>
     <AltitudeMeters>172.95000000000002</AltitudeMeters>
     <DistanceMeters>41679.2630781381</DistanceMeters>
    </Trackpoint>
    <Trackpoint>
     <Time>2026-07-19T01:53:54+00:00</Time>
     <Position>
      <LatitudeDegrees>-34.0442100</LatitudeDegrees>
      <LongitudeDegrees>-71.3816600</LongitudeDegrees>
     </Position>
     <AltitudeMeters>172.79000000000002</AltitudeMeters>
     <DistanceMeters>41719.47042978904</DistanceMeters>
    </Trackpoint>
    <Trackpoint>
     <Time>2026-07-19T01:54:03+00:00</Time>
     <Position>
      <LatitudeDegrees>-34.0435750</LatitudeDegrees>
      <LongitudeDegrees>-71.3821400</LongitudeDegrees>
     </Position>
     <AltitudeMeters>172.15000000000003</AltitudeMeters>
     <DistanceMeters>41802.86180114542</DistanceMeters>
    </Trackpoint>
    <Trackpoint>
     <Time>2026-07-19T01:54:12+00:00</Time>
     <Position>
      <LatitudeDegrees>-34.0429400</LatitudeDegrees>
      <LongitudeDegrees>-71.3826200</LongitudeDegrees>
     </Position>
     <AltitudeMeters>171.47</AltitudeMeters>
     <DistanceMeters>41886.25318483868</DistanceMeters>
    </Trackpoint>
    <Trackpoint>
     <Time>2026-07-19T01:54:20+00:00</Time>
     <Position>
      <LatitudeDegrees>-34.0424650</LatitudeDegrees>
      <LongitudeDegrees>-71.3829700</LongitudeDegrees>
     </Position>
     <AltitudeMeters>171.34</AltitudeMeters>
     <DistanceMeters>41948.19354729183</DistanceMeters>
    </Trackpoint>
    <Trackpoint>
     <Time>2026-07-19T01:54:29+00:00</Time>
     <Position>
      <LatitudeDegrees>-34.0419900</LatitudeDegrees>
      <LongitudeDegrees>-71.3833200</LongitudeDegrees>
     </Position>
     <AltitudeMeters>171.19</AltitudeMeters>
     <DistanceMeters>42010.13391509396</DistanceMeters>
    </Trackpoint>
    <Trackpoint>
     <Time>2026-07-19T01:54:37+00:00</Time>
     <Position>
      <LatitudeDegrees>-34.0412467</LatitudeDegrees>
      <LongitudeDegrees>-71.3838167</LongitudeDegrees>
     </Position>
     <AltitudeMeters>170.72</AltitudeMeters>
     <DistanceMeters>42104.69750574633</DistanceMeters>
    </Trackpoint>
    <Trackpoint>
     <Time>2026-07-19T01:54:46+00:00</Time>
     <Position>
      <LatitudeDegrees>-34.0405033</LatitudeDegrees>
      <LongitudeDegrees>-71.3843133</LongitudeDegrees>
     </Position>
     <AltitudeMeters>170.53</AltitudeMeters>
     <DistanceMeters>42199.26109639907</DistanceMeters>
    </Trackpoint>
    <Trackpoint>
     <Time>2026-07-19T01:54:54+00:00</Time>
     <Position>
      <LatitudeDegrees>-34.0397600</LatitudeDegrees>
      <LongitudeDegrees>-71.3848100</LongitudeDegrees>
     </Position>
     <AltitudeMeters>170.44</AltitudeMeters>
     <DistanceMeters>42293.824683610495</DistanceMeters>
    </Trackpoint>
    <Trackpoint>
     <Time>2026-07-19T01:55:03+00:00</Time>
     <Position>
      <LatitudeDegrees>-34.0393300</LatitudeDegrees>
      <LongitudeDegrees>-71.3850700</LongitudeDegrees>
     </Position>
     <AltitudeMeters>170.09</AltitudeMeters>
     <DistanceMeters>42347.352980338896</DistanceMeters>
    </Trackpoint>
    <Trackpoint>
     <Time>2026-07-19T01:55:12+00:00</Time>
     <Position>
      <LatitudeDegrees>-34.0385500</LatitudeDegrees>
      <LongitudeDegrees>-71.3854300</LongitudeDegrees>
     </Position>
     <AltitudeMeters>169.82000000000002</AltitudeMeters>
     <DistanceMeters>42440.29605610246</DistanceMeters>
    </Trackpoint>
    <Trackpoint>
     <Time>2026-07-19T01:55:20+00:00</Time>
     <Position>
      <LatitudeDegrees>-34.0377350</LatitudeDegrees>
      <LongitudeDegrees>-71.3856550</LongitudeDegrees>
     </Position>
     <AltitudeMeters>169.74</AltitudeMeters>
     <DistanceMeters>42533.34543618486</DistanceMeters>
    </Trackpoint>
    <Trackpoint>
     <Time>2026-07-19T01:55:29+00:00</Time>
     <Position>
      <LatitudeDegrees>-34.0369200</LatitudeDegrees>
      <LongitudeDegrees>-71.3858800</LongitudeDegrees>
     </Position>
     <AltitudeMeters>169.47</AltitudeMeters>
     <DistanceMeters>42626.394787049816</DistanceMeters>
    </Trackpoint>
    <Trackpoint>
     <Time>2026-07-19T01:55:37+00:00</Time>
     <Position>
      <LatitudeDegrees>-34.0362350</LatitudeDegrees>
      <LongitudeDegrees>-71.3860350</LongitudeDegrees>
     </Position>
     <AltitudeMeters>169.41</AltitudeMeters>
     <DistanceMeters>42703.9610562308</DistanceMeters>
    </Trackpoint>
    <Trackpoint>
     <Time>2026-07-19T01:55:46+00:00</Time>
     <Position>
      <LatitudeDegrees>-34.0355500</LatitudeDegrees>
      <LongitudeDegrees>-71.3861900</LongitudeDegrees>
     </Position>
     <AltitudeMeters>169.29000000000002</AltitudeMeters>
     <DistanceMeters>42781.52729043864</DistanceMeters>
    </Trackpoint>
    <Trackpoint>
     <Time>2026-07-19T01:55:55+00:00</Time>
     <Position>
      <LatitudeDegrees>-34.0347200</LatitudeDegrees>
      <LongitudeDegrees>-71.3862800</LongitudeDegrees>
     </Position>
     <AltitudeMeters>168.95000000000002</AltitudeMeters>
     <DistanceMeters>42874.27489901722</DistanceMeters>
    </Trackpoint>
    <Trackpoint>
     <Time>2026-07-19T01:56:03+00:00</Time>
     <Position>
      <LatitudeDegrees>-34.0338786</LatitudeDegrees>
      <LongitudeDegrees>-71.3863257</LongitudeDegrees>
     </Position>
     <AltitudeMeters>168.79000000000002</AltitudeMeters>
     <DistanceMeters>42968.01713639576</DistanceMeters>
    </Trackpoint>
    <Trackpoint>
     <Time>2026-07-19T01:56:12+00:00</Time>
     <Position>
      <LatitudeDegrees>-34.0330371</LatitudeDegrees>
      <LongitudeDegrees>-71.3863714</LongitudeDegrees>
     </Position>
     <AltitudeMeters>168.57000000000002</AltitudeMeters>
     <DistanceMeters>43061.75937377414</DistanceMeters>
    </Trackpoint>
    <Trackpoint>
     <Time>2026-07-19T01:56:20+00:00</Time>
     <Position>
      <LatitudeDegrees>-34.0321957</LatitudeDegrees>
      <LongitudeDegrees>-71.3864171</LongitudeDegrees>
     </Position>
     <AltitudeMeters>168.31</AltitudeMeters>
     <DistanceMeters>43155.50161115176</DistanceMeters>
    </Trackpoint>
    <Trackpoint>
     <Time>2026-07-19T01:56:29+00:00</Time>
     <Position>
      <LatitudeDegrees>-34.0313543</LatitudeDegrees>
      <LongitudeDegrees>-71.3864629</LongitudeDegrees>
     </Position>
     <AltitudeMeters>167.98000000000002</AltitudeMeters>
     <DistanceMeters>43249.243848530285</DistanceMeters>
    </Trackpoint>
    <Trackpoint>
     <Time>2026-07-19T01:56:37+00:00</Time>
     <Position>
      <LatitudeDegrees>-34.0305129</LatitudeDegrees>
      <LongitudeDegrees>-71.3865086</LongitudeDegrees>
     </Position>
     <AltitudeMeters>167.44</AltitudeMeters>
     <DistanceMeters>43342.98608590826</DistanceMeters>
    </Trackpoint>
    <Trackpoint>
     <Time>2026-07-19T01:56:46+00:00</Time>
     <Position>
      <LatitudeDegrees>-34.0296714</LatitudeDegrees>
      <LongitudeDegrees>-71.3865543</LongitudeDegrees>
     </Position>
     <AltitudeMeters>166.98000000000002</AltitudeMeters>
     <DistanceMeters>43436.728323286574</DistanceMeters>
    </Trackpoint>
    <Trackpoint>
     <Time>2026-07-19T01:56:55+00:00</Time>
     <Position>
      <LatitudeDegrees>-34.0288300</LatitudeDegrees>
      <LongitudeDegrees>-71.3866000</LongitudeDegrees>
     </Position>
     <AltitudeMeters>165.91</AltitudeMeters>
     <DistanceMeters>43530.47055532818</DistanceMeters>
    </Trackpoint>
    <Trackpoint>
     <Time>2026-07-19T01:57:03+00:00</Time>
     <Position>
      <LatitudeDegrees>-34.0279600</LatitudeDegrees>
      <LongitudeDegrees>-71.3866400</LongitudeDegrees>
     </Position>
     <AltitudeMeters>165.05</AltitudeMeters>
     <DistanceMeters>43627.36806311744</DistanceMeters>
    </Trackpoint>
    <Trackpoint>
     <Time>2026-07-19T01:57:12+00:00</Time>
     <Position>
      <LatitudeDegrees>-34.0271750</LatitudeDegrees>
      <LongitudeDegrees>-71.3865750</LongitudeDegrees>
     </Position>
     <AltitudeMeters>164.86</AltitudeMeters>
     <DistanceMeters>43714.940660453</DistanceMeters>
    </Trackpoint>
    <Trackpoint>
     <Time>2026-07-19T01:57:20+00:00</Time>
     <Position>
      <LatitudeDegrees>-34.0263900</LatitudeDegrees>
      <LongitudeDegrees>-71.3865100</LongitudeDegrees>
     </Position>
     <AltitudeMeters>164.43</AltitudeMeters>
     <DistanceMeters>43802.51323587707</DistanceMeters>
    </Trackpoint>
    <Trackpoint>
     <Time>2026-07-19T01:57:29+00:00</Time>
     <Position>
      <LatitudeDegrees>-34.0255733</LatitudeDegrees>
      <LongitudeDegrees>-71.3863533</LongitudeDegrees>
     </Position>
     <AltitudeMeters>164.17000000000002</AltitudeMeters>
     <DistanceMeters>43894.54634646615</DistanceMeters>
    </Trackpoint>
    <Trackpoint>
     <Time>2026-07-19T01:57:37+00:00</Time>
     <Position>
      <LatitudeDegrees>-34.0247567</LatitudeDegrees>
      <LongitudeDegrees>-71.3861967</LongitudeDegrees>
     </Position>
     <AltitudeMeters>163.94</AltitudeMeters>
     <DistanceMeters>43986.57945705675</DistanceMeters>
    </Trackpoint>
    <Trackpoint>
     <Time>2026-07-19T01:57:46+00:00</Time>
     <Position>
      <LatitudeDegrees>-34.0239400</LatitudeDegrees>
      <LongitudeDegrees>-71.3860400</LongitudeDegrees>
     </Position>
     <AltitudeMeters>163.69</AltitudeMeters>
     <DistanceMeters>44078.612566975</DistanceMeters>
    </Trackpoint>
    <Trackpoint>
     <Time>2026-07-19T01:57:55+00:00</Time>
     <Position>
      <LatitudeDegrees>-34.0231100</LatitudeDegrees>
      <LongitudeDegrees>-71.3858950</LongitudeDegrees>
     </Position>
     <AltitudeMeters>163.35000000000002</AltitudeMeters>
     <DistanceMeters>44171.95126816638</DistanceMeters>
    </Trackpoint>
    <Trackpoint>
     <Time>2026-07-19T01:58:03+00:00</Time>
     <Position>
      <LatitudeDegrees>-34.0222800</LatitudeDegrees>
      <LongitudeDegrees>-71.3857500</LongitudeDegrees>
     </Position>
     <AltitudeMeters>163.09</AltitudeMeters>
     <DistanceMeters>44265.28998658121</DistanceMeters>
    </Trackpoint>
    <Trackpoint>
     <Time>2026-07-19T01:58:12+00:00</Time>
     <Position>
      <LatitudeDegrees>-34.0217200</LatitudeDegrees>
      <LongitudeDegrees>-71.3856700</LongitudeDegrees>
     </Position>
     <AltitudeMeters>162.97</AltitudeMeters>
     <DistanceMeters>44328.050927988894</DistanceMeters>
    </Trackpoint>
    <Trackpoint>
     <Time>2026-07-19T01:58:20+00:00</Time>
     <Position>
      <LatitudeDegrees>-34.0211300</LatitudeDegrees>
      <LongitudeDegrees>-71.3857000</LongitudeDegrees>
     </Position>
     <AltitudeMeters>162.64000000000001</AltitudeMeters>
     <DistanceMeters>44393.77366634977</DistanceMeters>
    </Trackpoint>
    <Trackpoint>
     <Time>2026-07-19T01:58:29+00:00</Time>
     <Position>
      <LatitudeDegrees>-34.0207500</LatitudeDegrees>
      <LongitudeDegrees>-71.3857500</LongitudeDegrees>
     </Position>
     <AltitudeMeters>162.0</AltitudeMeters>
     <DistanceMeters>44436.31678170384</DistanceMeters>
    </Trackpoint>
    <Trackpoint>
     <Time>2026-07-19T01:58:37+00:00</Time>
     <Position>
      <LatitudeDegrees>-34.0203700</LatitudeDegrees>
      <LongitudeDegrees>-71.3858400</LongitudeDegrees>
     </Position>
     <AltitudeMeters>162.0</AltitudeMeters>
     <DistanceMeters>44479.41630643251</DistanceMeters>
    </Trackpoint>
    <Trackpoint>
     <Time>2026-07-19T01:58:46+00:00</Time>
     <Position>
      <LatitudeDegrees>-34.0198800</LatitudeDegrees>
      <LongitudeDegrees>-71.3860200</LongitudeDegrees>
     </Position>
     <AltitudeMeters>161.42000000000002</AltitudeMeters>
     <DistanceMeters>44536.42295661269</DistanceMeters>
    </Trackpoint>
    <Trackpoint>
     <Time>2026-07-19T01:58:55+00:00</Time>
     <Position>
      <LatitudeDegrees>-34.0193400</LatitudeDegrees>
      <LongitudeDegrees>-71.3863200</LongitudeDegrees>
     </Position>
     <AltitudeMeters>160.79000000000002</AltitudeMeters>
     <DistanceMeters>44602.58809598829</DistanceMeters>
    </Trackpoint>
    <Trackpoint>
     <Time>2026-07-19T01:59:03+00:00</Time>
     <Position>
      <LatitudeDegrees>-34.0185950</LatitudeDegrees>
      <LongitudeDegrees>-71.3867784</LongitudeDegrees>
     </Position>
     <AltitudeMeters>159.85999999999999</AltitudeMeters>
     <DistanceMeters>44695.66138407894</DistanceMeters>
    </Trackpoint>
    <Trackpoint>
     <Time>2026-07-19T01:59:12+00:00</Time>
     <Position>
      <LatitudeDegrees>-34.0178500</LatitudeDegrees>
      <LongitudeDegrees>-71.3872367</LongitudeDegrees>
     </Position>
     <AltitudeMeters>159.4</AltitudeMeters>
     <DistanceMeters>44788.7346721692</DistanceMeters>
    </Trackpoint>
    <Trackpoint>
     <Time>2026-07-19T01:59:20+00:00</Time>
     <Position>
      <LatitudeDegrees>-34.0171050</LatitudeDegrees>
      <LongitudeDegrees>-71.3876950</LongitudeDegrees>
     </Position>
     <AltitudeMeters>158.76000000000002</AltitudeMeters>
     <DistanceMeters>44881.807960260005</DistanceMeters>
    </Trackpoint>
    <Trackpoint>
     <Time>2026-07-19T01:59:29+00:00</Time>
     <Position>
      <LatitudeDegrees>-34.0163600</LatitudeDegrees>
      <LongitudeDegrees>-71.3881534</LongitudeDegrees>
     </Position>
     <AltitudeMeters>158.32000000000002</AltitudeMeters>
     <DistanceMeters>44974.88124835015</DistanceMeters>
    </Trackpoint>
    <Trackpoint>
     <Time>2026-07-19T01:59:37+00:00</Time>
     <Position>
      <LatitudeDegrees>-34.0156150</LatitudeDegrees>
      <LongitudeDegrees>-71.3886117</LongitudeDegrees>
     </Position>
     <AltitudeMeters>157.46</AltitudeMeters>
     <DistanceMeters>45067.954536440695</DistanceMeters>
    </Trackpoint>
    <Trackpoint>
     <Time>2026-07-19T01:59:46+00:00</Time>
     <Position>
      <LatitudeDegrees>-34.0148700</LatitudeDegrees>
      <LongitudeDegrees>-71.3890700</LongitudeDegrees>
     </Position>
     <AltitudeMeters>157.34</AltitudeMeters>
     <DistanceMeters>45161.02782424956</DistanceMeters>
    </Trackpoint>
    <Trackpoint>
     <Time>2026-07-19T01:59:55+00:00</Time>
     <Position>
      <LatitudeDegrees>-34.0141650</LatitudeDegrees>
      <LongitudeDegrees>-71.3894950</LongitudeDegrees>
     </Position>
     <AltitudeMeters>157.05</AltitudeMeters>
     <DistanceMeters>45248.74180427459</DistanceMeters>
    </Trackpoint>
    <Trackpoint>
     <Time>2026-07-19T02:00:03+00:00</Time>
     <Position>
      <LatitudeDegrees>-34.0134600</LatitudeDegrees>
      <LongitudeDegrees>-71.3899200</LongitudeDegrees>
     </Position>
     <AltitudeMeters>156.85999999999999</AltitudeMeters>
     <DistanceMeters>45336.45576567995</DistanceMeters>
    </Trackpoint>
    <Trackpoint>
     <Time>2026-07-19T02:00:12+00:00</Time>
     <Position>
      <LatitudeDegrees>-34.0129400</LatitudeDegrees>
      <LongitudeDegrees>-71.3901800</LongitudeDegrees>
     </Position>
     <AltitudeMeters>156.57000000000002</AltitudeMeters>
     <DistanceMeters>45399.10319922975</DistanceMeters>
    </Trackpoint>
    <Trackpoint>
     <Time>2026-07-19T02:00:20+00:00</Time>
     <Position>
      <LatitudeDegrees>-34.0121567</LatitudeDegrees>
      <LongitudeDegrees>-71.3905250</LongitudeDegrees>
     </Position>
     <AltitudeMeters>156.05</AltitudeMeters>
     <DistanceMeters>45491.91318512002</DistanceMeters>
    </Trackpoint>
    <Trackpoint>
     <Time>2026-07-19T02:00:29+00:00</Time>
     <Position>
      <LatitudeDegrees>-34.0113733</LatitudeDegrees>
      <LongitudeDegrees>-71.3908700</LongitudeDegrees>
     </Position>
     <AltitudeMeters>155.65</AltitudeMeters>
     <DistanceMeters>45584.72317100797</DistanceMeters>
    </Trackpoint>
    <Trackpoint>
     <Time>2026-07-19T02:00:37+00:00</Time>
     <Position>
      <LatitudeDegrees>-34.0105900</LatitudeDegrees>
      <LongitudeDegrees>-71.3912150</LongitudeDegrees>
     </Position>
     <AltitudeMeters>154.83</AltitudeMeters>
     <DistanceMeters>45677.53315689652</DistanceMeters>
    </Trackpoint>
    <Trackpoint>
     <Time>2026-07-19T02:00:46+00:00</Time>
     <Position>
      <LatitudeDegrees>-34.0098067</LatitudeDegrees>
      <LongitudeDegrees>-71.3915600</LongitudeDegrees>
     </Position>
     <AltitudeMeters>154.63000000000002</AltitudeMeters>
     <DistanceMeters>45770.34314278608</DistanceMeters>
    </Trackpoint>
    <Trackpoint>
     <Time>2026-07-19T02:00:55+00:00</Time>
     <Position>
      <LatitudeDegrees>-34.0090233</LatitudeDegrees>
      <LongitudeDegrees>-71.3919050</LongitudeDegrees>
     </Position>
     <AltitudeMeters>153.99</AltitudeMeters>
     <DistanceMeters>45863.153128674516</DistanceMeters>
    </Trackpoint>
    <Trackpoint>
     <Time>2026-07-19T02:01:03+00:00</Time>
     <Position>
      <LatitudeDegrees>-34.0082400</LatitudeDegrees>
      <LongitudeDegrees>-71.3922500</LongitudeDegrees>
     </Position>
     <AltitudeMeters>153.71</AltitudeMeters>
     <DistanceMeters>45955.963115525374</DistanceMeters>
    </Trackpoint>
    <Trackpoint>
     <Time>2026-07-19T02:01:12+00:00</Time>
     <Position>
      <LatitudeDegrees>-34.0074650</LatitudeDegrees>
      <LongitudeDegrees>-71.3925833</LongitudeDegrees>
     </Position>
     <AltitudeMeters>153.08</AltitudeMeters>
     <DistanceMeters>46047.53595425421</DistanceMeters>
    </Trackpoint>
    <Trackpoint>
     <Time>2026-07-19T02:01:20+00:00</Time>
     <Position>
      <LatitudeDegrees>-34.0066900</LatitudeDegrees>
      <LongitudeDegrees>-71.3929167</LongitudeDegrees>
     </Position>
     <AltitudeMeters>152.53</AltitudeMeters>
     <DistanceMeters>46139.108792983985</DistanceMeters>
    </Trackpoint>
    <Trackpoint>
     <Time>2026-07-19T02:01:29+00:00</Time>
     <Position>
      <LatitudeDegrees>-34.0059150</LatitudeDegrees>
      <LongitudeDegrees>-71.3932500</LongitudeDegrees>
     </Position>
     <AltitudeMeters>151.96</AltitudeMeters>
     <DistanceMeters>46230.681631712854</DistanceMeters>
    </Trackpoint>
    <Trackpoint>
     <Time>2026-07-19T02:01:37+00:00</Time>
     <Position>
      <LatitudeDegrees>-34.0051400</LatitudeDegrees>
      <LongitudeDegrees>-71.3935834</LongitudeDegrees>
     </Position>
     <AltitudeMeters>151.36</AltitudeMeters>
     <DistanceMeters>46322.254470441345</DistanceMeters>
    </Trackpoint>
    <Trackpoint>
     <Time>2026-07-19T02:01:46+00:00</Time>
     <Position>
      <LatitudeDegrees>-34.0043650</LatitudeDegrees>
      <LongitudeDegrees>-71.3939167</LongitudeDegrees>
     </Position>
     <AltitudeMeters>150.94000000000003</AltitudeMeters>
     <DistanceMeters>46413.82730917178</DistanceMeters>
    </Trackpoint>
    <Trackpoint>
     <Time>2026-07-19T02:01:55+00:00</Time>
     <Position>
      <LatitudeDegrees>-34.0035900</LatitudeDegrees>
      <LongitudeDegrees>-71.3942500</LongitudeDegrees>
     </Position>
     <AltitudeMeters>150.37</AltitudeMeters>
     <DistanceMeters>46505.40014167867</DistanceMeters>
    </Trackpoint>
    <Trackpoint>
     <Time>2026-07-19T02:02:03+00:00</Time>
     <Position>
      <LatitudeDegrees>-34.0029367</LatitudeDegrees>
      <LongitudeDegrees>-71.3945433</LongitudeDegrees>
     </Position>
     <AltitudeMeters>150.02</AltitudeMeters>
     <DistanceMeters>46582.98683713552</DistanceMeters>
    </Trackpoint>
    <Trackpoint>
     <Time>2026-07-19T02:02:12+00:00</Time>
     <Position>
      <LatitudeDegrees>-34.0022833</LatitudeDegrees>
      <LongitudeDegrees>-71.3948367</LongitudeDegrees>
     </Position>
     <AltitudeMeters>149.9</AltitudeMeters>
     <DistanceMeters>46660.57353259285</DistanceMeters>
    </Trackpoint>
    <Trackpoint>
     <Time>2026-07-19T02:02:20+00:00</Time>
     <Position>
      <LatitudeDegrees>-34.0016300</LatitudeDegrees>
      <LongitudeDegrees>-71.3951300</LongitudeDegrees>
     </Position>
     <AltitudeMeters>149.73</AltitudeMeters>
     <DistanceMeters>46738.16022725163</DistanceMeters>
    </Trackpoint>
    <Trackpoint>
     <Time>2026-07-19T02:02:29+00:00</Time>
     <Position>
      <LatitudeDegrees>-34.0008600</LatitudeDegrees>
      <LongitudeDegrees>-71.3954300</LongitudeDegrees>
     </Position>
     <AltitudeMeters>149.6</AltitudeMeters>
     <DistanceMeters>46828.21731054713</DistanceMeters>
    </Trackpoint>
    <Trackpoint>
     <Time>2026-07-19T02:02:37+00:00</Time>
     <Position>
      <LatitudeDegrees>-34.0003300</LatitudeDegrees>
      <LongitudeDegrees>-71.3956000</LongitudeDegrees>
     </Position>
     <AltitudeMeters>149.36</AltitudeMeters>
     <DistanceMeters>46889.25391361465</DistanceMeters>
    </Trackpoint>
    <Trackpoint>
     <Time>2026-07-19T02:02:46+00:00</Time>
     <Position>
      <LatitudeDegrees>-34.0005350</LatitudeDegrees>
      <LongitudeDegrees>-71.3962700</LongitudeDegrees>
     </Position>
     <AltitudeMeters>149.07</AltitudeMeters>
     <DistanceMeters>46955.14919377757</DistanceMeters>
    </Trackpoint>
    <Trackpoint>
     <Time>2026-07-19T02:02:55+00:00</Time>
     <Position>
      <LatitudeDegrees>-34.0007400</LatitudeDegrees>
      <LongitudeDegrees>-71.3969400</LongitudeDegrees>
     </Position>
     <AltitudeMeters>149.03000000000003</AltitudeMeters>
     <DistanceMeters>47021.04445893098</DistanceMeters>
    </Trackpoint>
    <Trackpoint>
     <Time>2026-07-19T02:03:03+00:00</Time>
     <Position>
      <LatitudeDegrees>-34.0010300</LatitudeDegrees>
      <LongitudeDegrees>-71.3975100</LongitudeDegrees>
     </Position>
     <AltitudeMeters>149.36</AltitudeMeters>
     <DistanceMeters>47082.75088158751</DistanceMeters>
    </Trackpoint>
    <Trackpoint>
     <Time>2026-07-19T02:03:12+00:00</Time>
     <Position>
      <LatitudeDegrees>-34.0012100</LatitudeDegrees>
      <LongitudeDegrees>-71.3977400</LongitudeDegrees>
     </Position>
     <AltitudeMeters>150.03000000000003</AltitudeMeters>
     <DistanceMeters>47111.93442235209</DistanceMeters>
    </Trackpoint>
    <Trackpoint>
     <Time>2026-07-19T02:03:20+00:00</Time>
     <Position>
      <LatitudeDegrees>-34.0014600</LatitudeDegrees>
      <LongitudeDegrees>-71.3980100</LongitudeDegrees>
     </Position>
     <AltitudeMeters>150.03000000000003</AltitudeMeters>
     <DistanceMeters>47149.2811855839</DistanceMeters>
    </Trackpoint>
    <Trackpoint>
     <Time>2026-07-19T02:03:29+00:00</Time>
     <Position>
      <LatitudeDegrees>-34.0021720</LatitudeDegrees>
      <LongitudeDegrees>-71.3986280</LongitudeDegrees>
     </Position>
     <AltitudeMeters>151.3</AltitudeMeters>
     <DistanceMeters>47246.90606002481</DistanceMeters>
    </Trackpoint>
    <Trackpoint>
     <Time>2026-07-19T02:03:37+00:00</Time>
     <Position>
      <LatitudeDegrees>-34.0028840</LatitudeDegrees>
      <LongitudeDegrees>-71.3992460</LongitudeDegrees>
     </Position>
     <AltitudeMeters>151.88000000000002</AltitudeMeters>
     <DistanceMeters>47344.5309344659</DistanceMeters>
    </Trackpoint>
    <Trackpoint>
     <Time>2026-07-19T02:03:46+00:00</Time>
     <Position>
      <LatitudeDegrees>-34.0035960</LatitudeDegrees>
      <LongitudeDegrees>-71.3998640</LongitudeDegrees>
     </Position>
     <AltitudeMeters>152.21</AltitudeMeters>
     <DistanceMeters>47442.15580890709</DistanceMeters>
    </Trackpoint>
    <Trackpoint>
     <Time>2026-07-19T02:03:55+00:00</Time>
     <Position>
      <LatitudeDegrees>-34.0043080</LatitudeDegrees>
      <LongitudeDegrees>-71.4004820</LongitudeDegrees>
     </Position>
     <AltitudeMeters>153.49</AltitudeMeters>
     <DistanceMeters>47539.78068334721</DistanceMeters>
    </Trackpoint>
    <Trackpoint>
     <Time>2026-07-19T02:04:03+00:00</Time>
     <Position>
      <LatitudeDegrees>-34.0050200</LatitudeDegrees>
      <LongitudeDegrees>-71.4011000</LongitudeDegrees>
     </Position>
     <AltitudeMeters>155.42</AltitudeMeters>
     <DistanceMeters>47637.40556177825</DistanceMeters>
    </Trackpoint>
    <Trackpoint>
     <Time>2026-07-19T02:04:12+00:00</Time>
     <Position>
      <LatitudeDegrees>-34.0053900</LatitudeDegrees>
      <LongitudeDegrees>-71.4014350</LongitudeDegrees>
     </Position>
     <AltitudeMeters>156.33</AltitudeMeters>
     <DistanceMeters>47688.89385617639</DistanceMeters>
    </Trackpoint>
    <Trackpoint>
     <Time>2026-07-19T02:04:20+00:00</Time>
     <Position>
      <LatitudeDegrees>-34.0057600</LatitudeDegrees>
      <LongitudeDegrees>-71.4017700</LongitudeDegrees>
     </Position>
     <AltitudeMeters>157.64</AltitudeMeters>
     <DistanceMeters>47740.38211360056</DistanceMeters>
    </Trackpoint>
    <Trackpoint>
     <Time>2026-07-19T02:04:29+00:00</Time>
     <Position>
      <LatitudeDegrees>-34.0063300</LatitudeDegrees>
      <LongitudeDegrees>-71.4022700</LongitudeDegrees>
     </Position>
     <AltitudeMeters>158.98000000000002</AltitudeMeters>
     <DistanceMeters>47818.820018125916</DistanceMeters>
    </Trackpoint>
    <Trackpoint>
     <Time>2026-07-19T02:04:37+00:00</Time>
     <Position>
      <LatitudeDegrees>-34.0067700</LatitudeDegrees>
      <LongitudeDegrees>-71.4026750</LongitudeDegrees>
     </Position>
     <AltitudeMeters>160.59</AltitudeMeters>
     <DistanceMeters>47880.41761961669</DistanceMeters>
    </Trackpoint>
    <Trackpoint>
     <Time>2026-07-19T02:04:46+00:00</Time>
     <Position>
      <LatitudeDegrees>-34.0072100</LatitudeDegrees>
      <LongitudeDegrees>-71.4030800</LongitudeDegrees>
     </Position>
     <AltitudeMeters>161.39000000000001</AltitudeMeters>
     <DistanceMeters>47942.015226707445</DistanceMeters>
    </Trackpoint>
    <Trackpoint>
     <Time>2026-07-19T02:04:55+00:00</Time>
     <Position>
      <LatitudeDegrees>-34.0073700</LatitudeDegrees>
      <LongitudeDegrees>-71.4032500</LongitudeDegrees>
     </Position>
     <AltitudeMeters>162.62</AltitudeMeters>
     <DistanceMeters>47965.74487910587</DistanceMeters>
    </Trackpoint>
    <Trackpoint>
     <Time>2026-07-19T02:05:03+00:00</Time>
     <Position>
      <LatitudeDegrees>-34.0074100</LatitudeDegrees>
      <LongitudeDegrees>-71.4033500</LongitudeDegrees>
     </Position>
     <AltitudeMeters>162.62</AltitudeMeters>
     <DistanceMeters>47975.98882088184</DistanceMeters>
    </Trackpoint>
    <Trackpoint>
     <Time>2026-07-19T02:05:12+00:00</Time>
     <Position>
      <LatitudeDegrees>-34.0073900</LatitudeDegrees>
      <LongitudeDegrees>-71.4034300</LongitudeDegrees>
     </Position>
     <AltitudeMeters>162.85000000000002</AltitudeMeters>
     <DistanceMeters>47983.69798480002</DistanceMeters>
    </Trackpoint>
    <Trackpoint>
     <Time>2026-07-19T02:05:20+00:00</Time>
     <Position>
      <LatitudeDegrees>-34.0073200</LatitudeDegrees>
      <LongitudeDegrees>-71.4035700</LongitudeDegrees>
     </Position>
     <AltitudeMeters>163.03</AltitudeMeters>
     <DistanceMeters>47998.78206510568</DistanceMeters>
    </Trackpoint>
    <Trackpoint>
     <Time>2026-07-19T02:05:29+00:00</Time>
     <Position>
      <LatitudeDegrees>-34.0066933</LatitudeDegrees>
      <LongitudeDegrees>-71.4042100</LongitudeDegrees>
     </Position>
     <AltitudeMeters>163.08</AltitudeMeters>
     <DistanceMeters>48090.16580119592</DistanceMeters>
    </Trackpoint>
    <Trackpoint>
     <Time>2026-07-19T02:05:37+00:00</Time>
     <Position>
      <LatitudeDegrees>-34.0060667</LatitudeDegrees>
      <LongitudeDegrees>-71.4048500</LongitudeDegrees>
     </Position>
     <AltitudeMeters>162.14000000000001</AltitudeMeters>
     <DistanceMeters>48181.5495372847</DistanceMeters>
    </Trackpoint>
    <Trackpoint>
     <Time>2026-07-19T02:05:46+00:00</Time>
     <Position>
      <LatitudeDegrees>-34.0054400</LatitudeDegrees>
      <LongitudeDegrees>-71.4054900</LongitudeDegrees>
     </Position>
     <AltitudeMeters>160.46</AltitudeMeters>
     <DistanceMeters>48272.93326416369</DistanceMeters>
    </Trackpoint>
    <Trackpoint>
     <Time>2026-07-19T02:05:55+00:00</Time>
     <Position>
      <LatitudeDegrees>-34.0052200</LatitudeDegrees>
      <LongitudeDegrees>-71.4056200</LongitudeDegrees>
     </Position>
     <AltitudeMeters>160.57999999999998</AltitudeMeters>
     <DistanceMeters>48300.19819976786</DistanceMeters>
    </Trackpoint>
    <Trackpoint>
     <Time>2026-07-19T02:06:03+00:00</Time>
     <Position>
      <LatitudeDegrees>-34.0044100</LatitudeDegrees>
      <LongitudeDegrees>-71.4060200</LongitudeDegrees>
     </Position>
     <AltitudeMeters>160.71</AltitudeMeters>
     <DistanceMeters>48397.609329781</DistanceMeters>
    </Trackpoint>
    <Trackpoint>
     <Time>2026-07-19T02:06:12+00:00</Time>
     <Position>
      <LatitudeDegrees>-34.0041800</LatitudeDegrees>
      <LongitudeDegrees>-71.4061700</LongitudeDegrees>
     </Position>
     <AltitudeMeters>160.85000000000002</AltitudeMeters>
     <DistanceMeters>48426.709002202646</DistanceMeters>
    </Trackpoint>
    <Trackpoint>
     <Time>2026-07-19T02:06:20+00:00</Time>
     <Position>
      <LatitudeDegrees>-34.0039900</LatitudeDegrees>
      <LongitudeDegrees>-71.4064200</LongitudeDegrees>
     </Position>
     <AltitudeMeters>161.46</AltitudeMeters>
     <DistanceMeters>48458.00116831994</DistanceMeters>
    </Trackpoint>
    <Trackpoint>
     <Time>2026-07-19T02:06:29+00:00</Time>
     <Position>
      <LatitudeDegrees>-34.0038800</LatitudeDegrees>
      <LongitudeDegrees>-71.4066100</LongitudeDegrees>
     </Position>
     <AltitudeMeters>161.82000000000002</AltitudeMeters>
     <DistanceMeters>48479.38307868754</DistanceMeters>
    </Trackpoint>
    <Trackpoint>
     <Time>2026-07-19T02:06:37+00:00</Time>
     <Position>
      <LatitudeDegrees>-34.0037600</LatitudeDegrees>
      <LongitudeDegrees>-71.4069200</LongitudeDegrees>
     </Position>
     <AltitudeMeters>162.09</AltitudeMeters>
     <DistanceMeters>48510.949465948266</DistanceMeters>
    </Trackpoint>
    <Trackpoint>
     <Time>2026-07-19T02:06:46+00:00</Time>
     <Position>
      <LatitudeDegrees>-34.0037250</LatitudeDegrees>
      <LongitudeDegrees>-71.4077350</LongitudeDegrees>
     </Position>
     <AltitudeMeters>161.85000000000002</AltitudeMeters>
     <DistanceMeters>48586.24563186704</DistanceMeters>
    </Trackpoint>
    <Trackpoint>
     <Time>2026-07-19T02:06:55+00:00</Time>
     <Position>
      <LatitudeDegrees>-34.0036900</LatitudeDegrees>
      <LongitudeDegrees>-71.4085500</LongitudeDegrees>
     </Position>
     <AltitudeMeters>162.41000000000003</AltitudeMeters>
     <DistanceMeters>48661.54185497015</DistanceMeters>
    </Trackpoint>
    <Trackpoint>
     <Time>2026-07-19T02:07:03+00:00</Time>
     <Position>
      <LatitudeDegrees>-34.0036800</LatitudeDegrees>
      <LongitudeDegrees>-71.4091300</LongitudeDegrees>
     </Position>
     <AltitudeMeters>164.76000000000002</AltitudeMeters>
     <DistanceMeters>48715.0667190397</DistanceMeters>
    </Trackpoint>
    <Trackpoint>
     <Time>2026-07-19T02:07:12+00:00</Time>
     <Position>
      <LatitudeDegrees>-34.0036700</LatitudeDegrees>
      <LongitudeDegrees>-71.4097100</LongitudeDegrees>
     </Position>
     <AltitudeMeters>169.64000000000001</AltitudeMeters>
     <DistanceMeters>48768.59159031283</DistanceMeters>
    </Trackpoint>
    <Trackpoint>
     <Time>2026-07-19T02:07:20+00:00</Time>
     <Position>
      <LatitudeDegrees>-34.0037600</LatitudeDegrees>
      <LongitudeDegrees>-71.4102400</LongitudeDegrees>
     </Position>
     <AltitudeMeters>174.48000000000002</AltitudeMeters>
     <DistanceMeters>48818.50700257186</DistanceMeters>
    </Trackpoint>
    <Trackpoint>
     <Time>2026-07-19T02:07:29+00:00</Time>
     <Position>
      <LatitudeDegrees>-34.0041400</LatitudeDegrees>
      <LongitudeDegrees>-71.4107800</LongitudeDegrees>
     </Position>
     <AltitudeMeters>180.32</AltitudeMeters>
     <DistanceMeters>48883.85936700963</DistanceMeters>
    </Trackpoint>
    <Trackpoint>
     <Time>2026-07-19T02:07:37+00:00</Time>
     <Position>
      <LatitudeDegrees>-34.0041900</LatitudeDegrees>
      <LongitudeDegrees>-71.4109200</LongitudeDegrees>
     </Position>
     <AltitudeMeters>182.85000000000002</AltitudeMeters>
     <DistanceMeters>48897.92399870097</DistanceMeters>
    </Trackpoint>
    <Trackpoint>
     <Time>2026-07-19T02:07:46+00:00</Time>
     <Position>
      <LatitudeDegrees>-34.0042100</LatitudeDegrees>
      <LongitudeDegrees>-71.4112200</LongitudeDegrees>
     </Position>
     <AltitudeMeters>185.04</AltitudeMeters>
     <DistanceMeters>48925.69247804946</DistanceMeters>
    </Trackpoint>
    <Trackpoint>
     <Time>2026-07-19T02:07:55+00:00</Time>
     <Position>
      <LatitudeDegrees>-34.0041700</LatitudeDegrees>
      <LongitudeDegrees>-71.4113100</LongitudeDegrees>
     </Position>
     <AltitudeMeters>185.77</AltitudeMeters>
     <DistanceMeters>48935.11430480012</DistanceMeters>
    </Trackpoint>
    <Trackpoint>
     <Time>2026-07-19T02:08:03+00:00</Time>
     <Position>
      <LatitudeDegrees>-34.0039200</LatitudeDegrees>
      <LongitudeDegrees>-71.4116700</LongitudeDegrees>
     </Position>
     <AltitudeMeters>188.52</AltitudeMeters>
     <DistanceMeters>48978.443361436955</DistanceMeters>
    </Trackpoint>
    <Trackpoint>
     <Time>2026-07-19T02:08:12+00:00</Time>
     <Position>
      <LatitudeDegrees>-34.0038300</LatitudeDegrees>
      <LongitudeDegrees>-71.4118900</LongitudeDegrees>
     </Position>
     <AltitudeMeters>189.53</AltitudeMeters>
     <DistanceMeters>49001.07840859536</DistanceMeters>
    </Trackpoint>
    <Trackpoint>
     <Time>2026-07-19T02:08:20+00:00</Time>
     <Position>
      <LatitudeDegrees>-34.0037000</LatitudeDegrees>
      <LongitudeDegrees>-71.4123900</LongitudeDegrees>
     </Position>
     <AltitudeMeters>193.20000000000002</AltitudeMeters>
     <DistanceMeters>49049.426178184935</DistanceMeters>
    </Trackpoint>
    <Trackpoint>
     <Time>2026-07-19T02:08:29+00:00</Time>
     <Position>
      <LatitudeDegrees>-34.0034700</LatitudeDegrees>
      <LongitudeDegrees>-71.4130500</LongitudeDegrees>
     </Position>
     <AltitudeMeters>198.38000000000002</AltitudeMeters>
     <DistanceMeters>49115.48220740488</DistanceMeters>
    </Trackpoint>
    <Trackpoint>
     <Time>2026-07-19T02:08:37+00:00</Time>
     <Position>
      <LatitudeDegrees>-34.0034500</LatitudeDegrees>
      <LongitudeDegrees>-71.4131500</LongitudeDegrees>
     </Position>
     <AltitudeMeters>199.81</AltitudeMeters>
     <DistanceMeters>49124.9733689432</DistanceMeters>
    </Trackpoint>
    <Trackpoint>
     <Time>2026-07-19T02:08:46+00:00</Time>
     <Position>
      <LatitudeDegrees>-34.0034500</LatitudeDegrees>
      <LongitudeDegrees>-71.4134700</LongitudeDegrees>
     </Position>
     <AltitudeMeters>202.47</AltitudeMeters>
     <DistanceMeters>49154.49802567852</DistanceMeters>
    </Trackpoint>
    <Trackpoint>
     <Time>2026-07-19T02:08:55+00:00</Time>
     <Position>
      <LatitudeDegrees>-34.0035400</LatitudeDegrees>
      <LongitudeDegrees>-71.4140400</LongitudeDegrees>
     </Position>
     <AltitudeMeters>210.28000000000003</AltitudeMeters>
     <DistanceMeters>49208.03419351669</DistanceMeters>
    </Trackpoint>
    <Trackpoint>
     <Time>2026-07-19T02:09:03+00:00</Time>
     <Position>
      <LatitudeDegrees>-34.0036300</LatitudeDegrees>
      <LongitudeDegrees>-71.4142200</LongitudeDegrees>
     </Position>
     <AltitudeMeters>214.24</AltitudeMeters>
     <DistanceMeters>49227.42864232839</DistanceMeters>
    </Trackpoint>
    <Trackpoint>
     <Time>2026-07-19T02:09:12+00:00</Time>
     <Position>
      <LatitudeDegrees>-34.0036500</LatitudeDegrees>
      <LongitudeDegrees>-71.4144000</LongitudeDegrees>
     </Position>
     <AltitudeMeters>215.74</AltitudeMeters>
     <DistanceMeters>49244.18473017356</DistanceMeters>
    </Trackpoint>
    <Trackpoint>
     <Time>2026-07-19T02:09:20+00:00</Time>
     <Position>
      <LatitudeDegrees>-34.0036100</LatitudeDegrees>
      <LongitudeDegrees>-71.4152100</LongitudeDegrees>
     </Position>
     <AltitudeMeters>224.41000000000003</AltitudeMeters>
     <DistanceMeters>49319.05133687492</DistanceMeters>
    </Trackpoint>
    <Trackpoint>
     <Time>2026-07-19T02:09:29+00:00</Time>
     <Position>
      <LatitudeDegrees>-34.0036500</LatitudeDegrees>
      <LongitudeDegrees>-71.4153900</LongitudeDegrees>
     </Position>
     <AltitudeMeters>225.3</AltitudeMeters>
     <DistanceMeters>49336.24524913295</DistanceMeters>
    </Trackpoint>
    <Trackpoint>
     <Time>2026-07-19T02:09:37+00:00</Time>
     <Position>
      <LatitudeDegrees>-34.0037200</LatitudeDegrees>
      <LongitudeDegrees>-71.4155700</LongitudeDegrees>
     </Position>
     <AltitudeMeters>226.17000000000002</AltitudeMeters>
     <DistanceMeters>49354.58936167049</DistanceMeters>
    </Trackpoint>
    <Trackpoint>
     <Time>2026-07-19T02:09:46+00:00</Time>
     <Position>
      <LatitudeDegrees>-34.0041800</LatitudeDegrees>
      <LongitudeDegrees>-71.4164850</LongitudeDegrees>
     </Position>
     <AltitudeMeters>229.95000000000002</AltitudeMeters>
     <DistanceMeters>49453.32128951285</DistanceMeters>
    </Trackpoint>
    <Trackpoint>
     <Time>2026-07-19T02:09:55+00:00</Time>
     <Position>
      <LatitudeDegrees>-34.0046400</LatitudeDegrees>
      <LongitudeDegrees>-71.4174000</LongitudeDegrees>
     </Position>
     <AltitudeMeters>229.12</AltitudeMeters>
     <DistanceMeters>49552.05322472844</DistanceMeters>
    </Trackpoint>
    <Trackpoint>
     <Time>2026-07-19T02:10:03+00:00</Time>
     <Position>
      <LatitudeDegrees>-34.0047300</LatitudeDegrees>
      <LongitudeDegrees>-71.4176200</LongitudeDegrees>
     </Position>
     <AltitudeMeters>228.43</AltitudeMeters>
     <DistanceMeters>49574.688098288054</DistanceMeters>
    </Trackpoint>
    <Trackpoint>
     <Time>2026-07-19T02:10:12+00:00</Time>
     <Position>
      <LatitudeDegrees>-34.0047500</LatitudeDegrees>
      <LongitudeDegrees>-71.4178000</LongitudeDegrees>
     </Position>
     <AltitudeMeters>228.43</AltitudeMeters>
     <DistanceMeters>49591.44397294495</DistanceMeters>
    </Trackpoint>
    <Trackpoint>
     <Time>2026-07-19T02:10:20+00:00</Time>
     <Position>
      <LatitudeDegrees>-34.0047500</LatitudeDegrees>
      <LongitudeDegrees>-71.4180300</LongitudeDegrees>
     </Position>
     <AltitudeMeters>227.85000000000002</AltitudeMeters>
     <DistanceMeters>49612.664495159624</DistanceMeters>
    </Trackpoint>
    <Trackpoint>
     <Time>2026-07-19T02:10:29+00:00</Time>
     <Position>
      <LatitudeDegrees>-34.0047300</LatitudeDegrees>
      <LongitudeDegrees>-71.4182500</LongitudeDegrees>
     </Position>
     <AltitudeMeters>227.53</AltitudeMeters>
     <DistanceMeters>49633.08407301555</DistanceMeters>
    </Trackpoint>
    <Trackpoint>
     <Time>2026-07-19T02:10:37+00:00</Time>
     <Position>
      <LatitudeDegrees>-34.0046600</LatitudeDegrees>
      <LongitudeDegrees>-71.4183700</LongitudeDegrees>
     </Position>
     <AltitudeMeters>227.53</AltitudeMeters>
     <DistanceMeters>49646.62198054502</DistanceMeters>
    </Trackpoint>
    <Trackpoint>
     <Time>2026-07-19T02:10:46+00:00</Time>
     <Position>
      <LatitudeDegrees>-34.0043100</LatitudeDegrees>
      <LongitudeDegrees>-71.4191900</LongitudeDegrees>
     </Position>
     <AltitudeMeters>223.36</AltitudeMeters>
     <DistanceMeters>49731.717257732205</DistanceMeters>
    </Trackpoint>
    <Trackpoint>
     <Time>2026-07-19T02:10:55+00:00</Time>
     <Position>
      <LatitudeDegrees>-34.0041150</LatitudeDegrees>
      <LongitudeDegrees>-71.4197700</LongitudeDegrees>
     </Position>
     <AltitudeMeters>222.05</AltitudeMeters>
     <DistanceMeters>49789.463683623406</DistanceMeters>
    </Trackpoint>
    <Trackpoint>
     <Time>2026-07-19T02:11:03+00:00</Time>
     <Position>
      <LatitudeDegrees>-34.0039200</LatitudeDegrees>
      <LongitudeDegrees>-71.4203500</LongitudeDegrees>
     </Position>
     <AltitudeMeters>220.76000000000002</AltitudeMeters>
     <DistanceMeters>49847.21009378229</DistanceMeters>
    </Trackpoint>
    <Trackpoint>
     <Time>2026-07-19T02:11:12+00:00</Time>
     <Position>
      <LatitudeDegrees>-34.0035750</LatitudeDegrees>
      <LongitudeDegrees>-71.4210550</LongitudeDegrees>
     </Position>
     <AltitudeMeters>220.29000000000002</AltitudeMeters>
     <DistanceMeters>49922.744197490145</DistanceMeters>
    </Trackpoint>
    <Trackpoint>
     <Time>2026-07-19T02:11:20+00:00</Time>
     <Position>
      <LatitudeDegrees>-34.0032300</LatitudeDegrees>
      <LongitudeDegrees>-71.4217600</LongitudeDegrees>
     </Position>
     <AltitudeMeters>219.88000000000002</AltitudeMeters>
     <DistanceMeters>49998.27830119824</DistanceMeters>
    </Trackpoint>
    <Trackpoint>
     <Time>2026-07-19T02:11:29+00:00</Time>
     <Position>
      <LatitudeDegrees>-34.0028850</LatitudeDegrees>
      <LongitudeDegrees>-71.4224650</LongitudeDegrees>
     </Position>
     <AltitudeMeters>219.00000000000003</AltitudeMeters>
     <DistanceMeters>50073.81240490531</DistanceMeters>
    </Trackpoint>
    <Trackpoint>
     <Time>2026-07-19T02:11:37+00:00</Time>
     <Position>
      <LatitudeDegrees>-34.0025400</LatitudeDegrees>
      <LongitudeDegrees>-71.4231700</LongitudeDegrees>
     </Position>
     <AltitudeMeters>218.72000000000003</AltitudeMeters>
     <DistanceMeters>50149.346503528315</DistanceMeters>
    </Trackpoint>
    <Trackpoint>
     <Time>2026-07-19T02:11:46+00:00</Time>
     <Position>
      <LatitudeDegrees>-34.0020850</LatitudeDegrees>
      <LongitudeDegrees>-71.4240550</LongitudeDegrees>
     </Position>
     <AltitudeMeters>217.69000000000003</AltitudeMeters>
     <DistanceMeters>50245.4300340118</DistanceMeters>
    </Trackpoint>
    <Trackpoint>
     <Time>2026-07-19T02:11:55+00:00</Time>
     <Position>
      <LatitudeDegrees>-34.0016300</LatitudeDegrees>
      <LongitudeDegrees>-71.4249400</LongitudeDegrees>
     </Position>
     <AltitudeMeters>217.50000000000003</AltitudeMeters>
     <DistanceMeters>50341.51356449436</DistanceMeters>
    </Trackpoint>
    <Trackpoint>
     <Time>2026-07-19T02:12:03+00:00</Time>
     <Position>
      <LatitudeDegrees>-34.0011750</LatitudeDegrees>
      <LongitudeDegrees>-71.4258250</LongitudeDegrees>
     </Position>
     <AltitudeMeters>216.76</AltitudeMeters>
     <DistanceMeters>50437.597094977566</DistanceMeters>
    </Trackpoint>
    <Trackpoint>
     <Time>2026-07-19T02:12:12+00:00</Time>
     <Position>
      <LatitudeDegrees>-34.0007200</LatitudeDegrees>
      <LongitudeDegrees>-71.4267100</LongitudeDegrees>
     </Position>
     <AltitudeMeters>215.75000000000003</AltitudeMeters>
     <DistanceMeters>50533.68062702928</DistanceMeters>
    </Trackpoint>
    <Trackpoint>
     <Time>2026-07-19T02:12:20+00:00</Time>
     <Position>
      <LatitudeDegrees>-34.0005800</LatitudeDegrees>
      <LongitudeDegrees>-71.4269400</LongitudeDegrees>
     </Position>
     <AltitudeMeters>214.71</AltitudeMeters>
     <DistanceMeters>50560.008063547895</DistanceMeters>
    </Trackpoint>
    <Trackpoint>
     <Time>2026-07-19T02:12:29+00:00</Time>
     <Position>
      <LatitudeDegrees>-34.0004500</LatitudeDegrees>
      <LongitudeDegrees>-71.4270700</LongitudeDegrees>
     </Position>
     <AltitudeMeters>214.71</AltitudeMeters>
     <DistanceMeters>50578.80197439687</DistanceMeters>
    </Trackpoint>
    <Trackpoint>
     <Time>2026-07-19T02:12:37+00:00</Time>
     <Position>
      <LatitudeDegrees>-34.0002900</LatitudeDegrees>
      <LongitudeDegrees>-71.4272000</LongitudeDegrees>
     </Position>
     <AltitudeMeters>214.61</AltitudeMeters>
     <DistanceMeters>50600.272328657746</DistanceMeters>
    </Trackpoint>
    <Trackpoint>
     <Time>2026-07-19T02:12:46+00:00</Time>
     <Position>
      <LatitudeDegrees>-33.9996633</LatitudeDegrees>
      <LongitudeDegrees>-71.4276200</LongitudeDegrees>
     </Position>
     <AltitudeMeters>214.19000000000003</AltitudeMeters>
     <DistanceMeters>50680.060793895515</DistanceMeters>
    </Trackpoint>
    <Trackpoint>
     <Time>2026-07-19T02:12:55+00:00</Time>
     <Position>
      <LatitudeDegrees>-33.9990367</LatitudeDegrees>
      <LongitudeDegrees>-71.4280400</LongitudeDegrees>
     </Position>
     <AltitudeMeters>214.1</AltitudeMeters>
     <DistanceMeters>50759.849259132236</DistanceMeters>
    </Trackpoint>
    <Trackpoint>
     <Time>2026-07-19T02:13:03+00:00</Time>
     <Position>
      <LatitudeDegrees>-33.9984100</LatitudeDegrees>
      <LongitudeDegrees>-71.4284600</LongitudeDegrees>
     </Position>
     <AltitudeMeters>213.18</AltitudeMeters>
     <DistanceMeters>50839.63772975415</DistanceMeters>
    </Trackpoint>
    <Trackpoint>
     <Time>2026-07-19T02:13:12+00:00</Time>
     <Position>
      <LatitudeDegrees>-33.9977333</LatitudeDegrees>
      <LongitudeDegrees>-71.4289233</LongitudeDegrees>
     </Position>
     <AltitudeMeters>212.9</AltitudeMeters>
     <DistanceMeters>50926.23660466407</DistanceMeters>
    </Trackpoint>
    <Trackpoint>
     <Time>2026-07-19T02:13:20+00:00</Time>
     <Position>
      <LatitudeDegrees>-33.9970567</LatitudeDegrees>
      <LongitudeDegrees>-71.4293867</LongitudeDegrees>
     </Position>
     <AltitudeMeters>212.67000000000002</AltitudeMeters>
     <DistanceMeters>51012.83547957451</DistanceMeters>
    </Trackpoint>
    <Trackpoint>
     <Time>2026-07-19T02:13:29+00:00</Time>
     <Position>
      <LatitudeDegrees>-33.9963800</LatitudeDegrees>
      <LongitudeDegrees>-71.4298500</LongitudeDegrees>
     </Position>
     <AltitudeMeters>212.55</AltitudeMeters>
     <DistanceMeters>51099.43436785435</DistanceMeters>
    </Trackpoint>
    <Trackpoint>
     <Time>2026-07-19T02:13:37+00:00</Time>
     <Position>
      <LatitudeDegrees>-33.9959200</LatitudeDegrees>
      <LongitudeDegrees>-71.4300750</LongitudeDegrees>
     </Position>
     <AltitudeMeters>212.37000000000003</AltitudeMeters>
     <DistanceMeters>51154.679888014085</DistanceMeters>
    </Trackpoint>
    <Trackpoint>
     <Time>2026-07-19T02:13:46+00:00</Time>
     <Position>
      <LatitudeDegrees>-33.9954600</LatitudeDegrees>
      <LongitudeDegrees>-71.4303000</LongitudeDegrees>
     </Position>
     <AltitudeMeters>212.3</AltitudeMeters>
     <DistanceMeters>51209.92538032893</DistanceMeters>
    </Trackpoint>
    <Trackpoint>
     <Time>2026-07-19T02:13:55+00:00</Time>
     <Position>
      <LatitudeDegrees>-33.9951900</LatitudeDegrees>
      <LongitudeDegrees>-71.4304700</LongitudeDegrees>
     </Position>
     <AltitudeMeters>212.11</AltitudeMeters>
     <DistanceMeters>51243.82313782615</DistanceMeters>
    </Trackpoint>
    <Trackpoint>
     <Time>2026-07-19T02:14:03+00:00</Time>
     <Position>
      <LatitudeDegrees>-33.9949400</LatitudeDegrees>
      <LongitudeDegrees>-71.4306600</LongitudeDegrees>
     </Position>
     <AltitudeMeters>211.71</AltitudeMeters>
     <DistanceMeters>51276.70993425813</DistanceMeters>
    </Trackpoint>
    <Trackpoint>
     <Time>2026-07-19T02:14:12+00:00</Time>
     <Position>
      <LatitudeDegrees>-33.9943600</LatitudeDegrees>
      <LongitudeDegrees>-71.4313867</LongitudeDegrees>
     </Position>
     <AltitudeMeters>211.14000000000001</AltitudeMeters>
     <DistanceMeters>51369.785157120044</DistanceMeters>
    </Trackpoint>
    <Trackpoint>
     <Time>2026-07-19T02:14:20+00:00</Time>
     <Position>
      <LatitudeDegrees>-33.9937800</LatitudeDegrees>
      <LongitudeDegrees>-71.4321133</LongitudeDegrees>
     </Position>
     <AltitudeMeters>210.87000000000003</AltitudeMeters>
     <DistanceMeters>51462.8603799807</DistanceMeters>
    </Trackpoint>
    <Trackpoint>
     <Time>2026-07-19T02:14:29+00:00</Time>
     <Position>
      <LatitudeDegrees>-33.9932000</LatitudeDegrees>
      <LongitudeDegrees>-71.4328400</LongitudeDegrees>
     </Position>
     <AltitudeMeters>210.1</AltitudeMeters>
     <DistanceMeters>51555.935605536986</DistanceMeters>
    </Trackpoint>
    <Trackpoint>
     <Time>2026-07-19T02:14:37+00:00</Time>
     <Position>
      <LatitudeDegrees>-33.9927050</LatitudeDegrees>
      <LongitudeDegrees>-71.4334450</LongitudeDegrees>
     </Position>
     <AltitudeMeters>209.35</AltitudeMeters>
     <DistanceMeters>51634.36852342462</DistanceMeters>
    </Trackpoint>
    <Trackpoint>
     <Time>2026-07-19T02:14:46+00:00</Time>
     <Position>
      <LatitudeDegrees>-33.9922100</LatitudeDegrees>
      <LongitudeDegrees>-71.4340500</LongitudeDegrees>
     </Position>
     <AltitudeMeters>209.08</AltitudeMeters>
     <DistanceMeters>51712.801470037055</DistanceMeters>
    </Trackpoint>
    <Trackpoint>
     <Time>2026-07-19T02:14:55+00:00</Time>
     <Position>
      <LatitudeDegrees>-33.9917400</LatitudeDegrees>
      <LongitudeDegrees>-71.4345500</LongitudeDegrees>
     </Position>
     <AltitudeMeters>208.13</AltitudeMeters>
     <DistanceMeters>51782.55095168341</DistanceMeters>
    </Trackpoint>
    <Trackpoint>
     <Time>2026-07-19T02:15:03+00:00</Time>
     <Position>
      <LatitudeDegrees>-33.9912267</LatitudeDegrees>
      <LongitudeDegrees>-71.4350133</LongitudeDegrees>
     </Position>
     <AltitudeMeters>207.90000000000003</AltitudeMeters>
     <DistanceMeters>51853.909733235894</DistanceMeters>
    </Trackpoint>
    <Trackpoint>
     <Time>2026-07-19T02:15:12+00:00</Time>
     <Position>
      <LatitudeDegrees>-33.9907133</LatitudeDegrees>
      <LongitudeDegrees>-71.4354767</LongitudeDegrees>
     </Position>
     <AltitudeMeters>207.67000000000002</AltitudeMeters>
     <DistanceMeters>51925.268514787866</DistanceMeters>
    </Trackpoint>
    <Trackpoint>
     <Time>2026-07-19T02:15:20+00:00</Time>
     <Position>
      <LatitudeDegrees>-33.9902000</LatitudeDegrees>
      <LongitudeDegrees>-71.4359400</LongitudeDegrees>
     </Position>
     <AltitudeMeters>207.73000000000002</AltitudeMeters>
     <DistanceMeters>51996.62728740395</DistanceMeters>
    </Trackpoint>
    <Trackpoint>
     <Time>2026-07-19T02:15:29+00:00</Time>
     <Position>
      <LatitudeDegrees>-33.9895750</LatitudeDegrees>
      <LongitudeDegrees>-71.4365800</LongitudeDegrees>
     </Position>
     <AltitudeMeters>206.95000000000002</AltitudeMeters>
     <DistanceMeters>52087.877095743854</DistanceMeters>
    </Trackpoint>
    <Trackpoint>
     <Time>2026-07-19T02:15:37+00:00</Time>
     <Position>
      <LatitudeDegrees>-33.9889500</LatitudeDegrees>
      <LongitudeDegrees>-71.4372200</LongitudeDegrees>
     </Position>
     <AltitudeMeters>206.44</AltitudeMeters>
     <DistanceMeters>52179.12689040137</DistanceMeters>
    </Trackpoint>
    <Trackpoint>
     <Time>2026-07-19T02:15:46+00:00</Time>
     <Position>
      <LatitudeDegrees>-33.9884220</LatitudeDegrees>
      <LongitudeDegrees>-71.4378180</LongitudeDegrees>
     </Position>
     <AltitudeMeters>206.08</AltitudeMeters>
     <DistanceMeters>52259.740463314185</DistanceMeters>
    </Trackpoint>
    <Trackpoint>
     <Time>2026-07-19T02:15:55+00:00</Time>
     <Position>
      <LatitudeDegrees>-33.9878940</LatitudeDegrees>
      <LongitudeDegrees>-71.4384160</LongitudeDegrees>
     </Position>
     <AltitudeMeters>205.90000000000003</AltitudeMeters>
     <DistanceMeters>52340.354036227065</DistanceMeters>
    </Trackpoint>
    <Trackpoint>
     <Time>2026-07-19T02:16:03+00:00</Time>
     <Position>
      <LatitudeDegrees>-33.9873660</LatitudeDegrees>
      <LongitudeDegrees>-71.4390140</LongitudeDegrees>
     </Position>
     <AltitudeMeters>204.62000000000003</AltitudeMeters>
     <DistanceMeters>52420.96760914098</DistanceMeters>
    </Trackpoint>
    <Trackpoint>
     <Time>2026-07-19T02:16:12+00:00</Time>
     <Position>
      <LatitudeDegrees>-33.9868380</LatitudeDegrees>
      <LongitudeDegrees>-71.4396120</LongitudeDegrees>
     </Position>
     <AltitudeMeters>204.20000000000002</AltitudeMeters>
     <DistanceMeters>52501.581182053356</DistanceMeters>
    </Trackpoint>
    <Trackpoint>
     <Time>2026-07-19T02:16:20+00:00</Time>
     <Position>
      <LatitudeDegrees>-33.9863100</LatitudeDegrees>
      <LongitudeDegrees>-71.4402100</LongitudeDegrees>
     </Position>
     <AltitudeMeters>204.53</AltitudeMeters>
     <DistanceMeters>52582.19475578489</DistanceMeters>
    </Trackpoint>
    <Trackpoint>
     <Time>2026-07-19T02:16:29+00:00</Time>
     <Position>
      <LatitudeDegrees>-33.9861500</LatitudeDegrees>
      <LongitudeDegrees>-71.4404200</LongitudeDegrees>
     </Position>
     <AltitudeMeters>204.55</AltitudeMeters>
     <DistanceMeters>52608.51327819776</DistanceMeters>
    </Trackpoint>
    <Trackpoint>
     <Time>2026-07-19T02:16:37+00:00</Time>
     <Position>
      <LatitudeDegrees>-33.9859700</LatitudeDegrees>
      <LongitudeDegrees>-71.4407200</LongitudeDegrees>
     </Position>
     <AltitudeMeters>204.51000000000002</AltitudeMeters>
     <DistanceMeters>52642.68623500887</DistanceMeters>
    </Trackpoint>
    <Trackpoint>
     <Time>2026-07-19T02:16:46+00:00</Time>
     <Position>
      <LatitudeDegrees>-33.9856400</LatitudeDegrees>
      <LongitudeDegrees>-71.4414050</LongitudeDegrees>
     </Position>
     <AltitudeMeters>203.96000000000004</AltitudeMeters>
     <DistanceMeters>52715.79561488729</DistanceMeters>
    </Trackpoint>
    <Trackpoint>
     <Time>2026-07-19T02:16:55+00:00</Time>
     <Position>
      <LatitudeDegrees>-33.9853100</LatitudeDegrees>
      <LongitudeDegrees>-71.4420900</LongitudeDegrees>
     </Position>
     <AltitudeMeters>203.74</AltitudeMeters>
     <DistanceMeters>52788.905025762746</DistanceMeters>
    </Trackpoint>
    <Trackpoint>
     <Time>2026-07-19T02:17:03+00:00</Time>
     <Position>
      <LatitudeDegrees>-33.9851350</LatitudeDegrees>
      <LongitudeDegrees>-71.4427600</LongitudeDegrees>
     </Position>
     <AltitudeMeters>202.44</AltitudeMeters>
     <DistanceMeters>52853.73066934423</DistanceMeters>
    </Trackpoint>
    <Trackpoint>
     <Time>2026-07-19T02:17:12+00:00</Time>
     <Position>
      <LatitudeDegrees>-33.9849600</LatitudeDegrees>
      <LongitudeDegrees>-71.4434300</LongitudeDegrees>
     </Position>
     <AltitudeMeters>201.99</AltitudeMeters>
     <DistanceMeters>52918.5563091266</DistanceMeters>
    </Trackpoint>
    <Trackpoint>
     <Time>2026-07-19T02:17:20+00:00</Time>
     <Position>
      <LatitudeDegrees>-33.9847833</LatitudeDegrees>
      <LongitudeDegrees>-71.4444700</LongitudeDegrees>
     </Position>
     <AltitudeMeters>202.0</AltitudeMeters>
     <DistanceMeters>53016.52598637028</DistanceMeters>
    </Trackpoint>
    <Trackpoint>
     <Time>2026-07-19T02:17:29+00:00</Time>
     <Position>
      <LatitudeDegrees>-33.9846067</LatitudeDegrees>
      <LongitudeDegrees>-71.4455100</LongitudeDegrees>
     </Position>
     <AltitudeMeters>201.24000000000004</AltitudeMeters>
     <DistanceMeters>53114.49566361525</DistanceMeters>
    </Trackpoint>
    <Trackpoint>
     <Time>2026-07-19T02:17:37+00:00</Time>
     <Position>
      <LatitudeDegrees>-33.9844300</LatitudeDegrees>
      <LongitudeDegrees>-71.4465500</LongitudeDegrees>
     </Position>
     <AltitudeMeters>201.16</AltitudeMeters>
     <DistanceMeters>53212.465333499356</DistanceMeters>
    </Trackpoint>
    <Trackpoint>
     <Time>2026-07-19T02:17:46+00:00</Time>
     <Position>
      <LatitudeDegrees>-33.9843650</LatitudeDegrees>
      <LongitudeDegrees>-71.4473900</LongitudeDegrees>
     </Position>
     <AltitudeMeters>201.64000000000001</AltitudeMeters>
     <DistanceMeters>53290.32177975676</DistanceMeters>
    </Trackpoint>
    <Trackpoint>
     <Time>2026-07-19T02:17:55+00:00</Time>
     <Position>
      <LatitudeDegrees>-33.9843000</LatitudeDegrees>
      <LongitudeDegrees>-71.4482300</LongitudeDegrees>
     </Position>
     <AltitudeMeters>200.96000000000004</AltitudeMeters>
     <DistanceMeters>53368.17824504181</DistanceMeters>
    </Trackpoint>
    <Trackpoint>
     <Time>2026-07-19T02:18:03+00:00</Time>
     <Position>
      <LatitudeDegrees>-33.9843700</LatitudeDegrees>
      <LongitudeDegrees>-71.4490200</LongitudeDegrees>
     </Position>
     <AltitudeMeters>200.16</AltitudeMeters>
     <DistanceMeters>53441.49871840721</DistanceMeters>
    </Trackpoint>
    <Trackpoint>
     <Time>2026-07-19T02:18:12+00:00</Time>
     <Position>
      <LatitudeDegrees>-33.9843600</LatitudeDegrees>
      <LongitudeDegrees>-71.4494100</LongitudeDegrees>
     </Position>
     <AltitudeMeters>200.16</AltitudeMeters>
     <DistanceMeters>53477.50718127347</DistanceMeters>
    </Trackpoint>
    <Trackpoint>
     <Time>2026-07-19T02:18:20+00:00</Time>
     <Position>
      <LatitudeDegrees>-33.9842900</LatitudeDegrees>
      <LongitudeDegrees>-71.4499900</LongitudeDegrees>
     </Position>
     <AltitudeMeters>199.95000000000002</AltitudeMeters>
     <DistanceMeters>53531.59666971746</DistanceMeters>
    </Trackpoint>
    <Trackpoint>
     <Time>2026-07-19T02:18:29+00:00</Time>
     <Position>
      <LatitudeDegrees>-33.9841500</LatitudeDegrees>
      <LongitudeDegrees>-71.4508900</LongitudeDegrees>
     </Position>
     <AltitudeMeters>200.24000000000004</AltitudeMeters>
     <DistanceMeters>53616.10245290165</DistanceMeters>
    </Trackpoint>
    <Trackpoint>
     <Time>2026-07-19T02:18:37+00:00</Time>
     <Position>
      <LatitudeDegrees>-33.9840400</LatitudeDegrees>
      <LongitudeDegrees>-71.4513300</LongitudeDegrees>
     </Position>
     <AltitudeMeters>200.35000000000002</AltitudeMeters>
     <DistanceMeters>53658.51351731321</DistanceMeters>
    </Trackpoint>
    <Trackpoint>
     <Time>2026-07-19T02:18:46+00:00</Time>
     <Position>
      <LatitudeDegrees>-33.9839500</LatitudeDegrees>
      <LongitudeDegrees>-71.4515600</LongitudeDegrees>
     </Position>
     <AltitudeMeters>200.73000000000002</AltitudeMeters>
     <DistanceMeters>53681.98399074848</DistanceMeters>
    </Trackpoint>
    <Trackpoint>
     <Time>2026-07-19T02:18:55+00:00</Time>
     <Position>
      <LatitudeDegrees>-33.9835300</LatitudeDegrees>
      <LongitudeDegrees>-71.4522300</LongitudeDegrees>
     </Position>
     <AltitudeMeters>200.73000000000002</AltitudeMeters>
     <DistanceMeters>53759.496342199454</DistanceMeters>
    </Trackpoint>
    <Trackpoint>
     <Time>2026-07-19T02:19:03+00:00</Time>
     <Position>
      <LatitudeDegrees>-33.9831100</LatitudeDegrees>
      <LongitudeDegrees>-71.4527567</LongitudeDegrees>
     </Position>
     <AltitudeMeters>198.12</AltitudeMeters>
     <DistanceMeters>53826.93081589284</DistanceMeters>
    </Trackpoint>
    <Trackpoint>
     <Time>2026-07-19T02:19:12+00:00</Time>
     <Position>
      <LatitudeDegrees>-33.9826900</LatitudeDegrees>
      <LongitudeDegrees>-71.4532833</LongitudeDegrees>
     </Position>
     <AltitudeMeters>198.14000000000001</AltitudeMeters>
     <DistanceMeters>53894.36528958651</DistanceMeters>
    </Trackpoint>
    <Trackpoint>
     <Time>2026-07-19T02:19:20+00:00</Time>
     <Position>
      <LatitudeDegrees>-33.9822700</LatitudeDegrees>
      <LongitudeDegrees>-71.4538100</LongitudeDegrees>
     </Position>
     <AltitudeMeters>197.82000000000002</AltitudeMeters>
     <DistanceMeters>53961.79976548741</DistanceMeters>
    </Trackpoint>
    <Trackpoint>
     <Time>2026-07-19T02:19:29+00:00</Time>
     <Position>
      <LatitudeDegrees>-33.9817160</LatitudeDegrees>
      <LongitudeDegrees>-71.4545780</LongitudeDegrees>
     </Position>
     <AltitudeMeters>196.91000000000003</AltitudeMeters>
     <DistanceMeters>54055.74323254282</DistanceMeters>
    </Trackpoint>
    <Trackpoint>
     <Time>2026-07-19T02:19:37+00:00</Time>
     <Position>
      <LatitudeDegrees>-33.9811620</LatitudeDegrees>
      <LongitudeDegrees>-71.4553460</LongitudeDegrees>
     </Position>
     <AltitudeMeters>196.95000000000002</AltitudeMeters>
     <DistanceMeters>54149.686699598766</DistanceMeters>
    </Trackpoint>
    <Trackpoint>
     <Time>2026-07-19T02:19:46+00:00</Time>
     <Position>
      <LatitudeDegrees>-33.9806080</LatitudeDegrees>
      <LongitudeDegrees>-71.4561140</LongitudeDegrees>
     </Position>
     <AltitudeMeters>196.28</AltitudeMeters>
     <DistanceMeters>54243.630166654766</DistanceMeters>
    </Trackpoint>
    <Trackpoint>
     <Time>2026-07-19T02:19:55+00:00</Time>
     <Position>
      <LatitudeDegrees>-33.9800540</LatitudeDegrees>
      <LongitudeDegrees>-71.4568820</LongitudeDegrees>
     </Position>
     <AltitudeMeters>195.48000000000002</AltitudeMeters>
     <DistanceMeters>54337.57363371242</DistanceMeters>
    </Trackpoint>
    <Trackpoint>
     <Time>2026-07-19T02:20:03+00:00</Time>
     <Position>
      <LatitudeDegrees>-33.9795000</LatitudeDegrees>
      <LongitudeDegrees>-71.4576500</LongitudeDegrees>
     </Position>
     <AltitudeMeters>194.60000000000002</AltitudeMeters>
     <DistanceMeters>54431.517113129885</DistanceMeters>
    </Trackpoint>
    <Trackpoint>
     <Time>2026-07-19T02:20:12+00:00</Time>
     <Position>
      <LatitudeDegrees>-33.9793000</LatitudeDegrees>
      <LongitudeDegrees>-71.4580500</LongitudeDegrees>
     </Position>
     <AltitudeMeters>194.61</AltitudeMeters>
     <DistanceMeters>54474.62488476552</DistanceMeters>
    </Trackpoint>
    <Trackpoint>
     <Time>2026-07-19T02:20:20+00:00</Time>
     <Position>
      <LatitudeDegrees>-33.9790500</LatitudeDegrees>
      <LongitudeDegrees>-71.4586300</LongitudeDegrees>
     </Position>
     <AltitudeMeters>194.73000000000002</AltitudeMeters>
     <DistanceMeters>54534.95311601111</DistanceMeters>
    </Trackpoint>
    <Trackpoint>
     <Time>2026-07-19T02:20:29+00:00</Time>
     <Position>
      <LatitudeDegrees>-33.9787900</LatitudeDegrees>
      <LongitudeDegrees>-71.4596000</LongitudeDegrees>
     </Position>
     <AltitudeMeters>193.72</AltitudeMeters>
     <DistanceMeters>54629.036265743096</DistanceMeters>
    </Trackpoint>
    <Trackpoint>
     <Time>2026-07-19T02:20:37+00:00</Time>
     <Position>
      <LatitudeDegrees>-33.9785300</LatitudeDegrees>
      <LongitudeDegrees>-71.4605700</LongitudeDegrees>
     </Position>
     <AltitudeMeters>193.49</AltitudeMeters>
     <DistanceMeters>54723.119397449904</DistanceMeters>
    </Trackpoint>
    <Trackpoint>
     <Time>2026-07-19T02:20:46+00:00</Time>
     <Position>
      <LatitudeDegrees>-33.9782633</LatitudeDegrees>
      <LongitudeDegrees>-71.4615967</LongitudeDegrees>
     </Position>
     <AltitudeMeters>193.33</AltitudeMeters>
     <DistanceMeters>54822.411880698906</DistanceMeters>
    </Trackpoint>
    <Trackpoint>
     <Time>2026-07-19T02:20:55+00:00</Time>
     <Position>
      <LatitudeDegrees>-33.9779967</LatitudeDegrees>
      <LongitudeDegrees>-71.4626233</LongitudeDegrees>
     </Position>
     <AltitudeMeters>192.9</AltitudeMeters>
     <DistanceMeters>54921.70436394927</DistanceMeters>
    </Trackpoint>
    <Trackpoint>
     <Time>2026-07-19T02:21:03+00:00</Time>
     <Position>
      <LatitudeDegrees>-33.9777300</LatitudeDegrees>
      <LongitudeDegrees>-71.4636500</LongitudeDegrees>
     </Position>
     <AltitudeMeters>192.85000000000002</AltitudeMeters>
     <DistanceMeters>55020.99684755787</DistanceMeters>
    </Trackpoint>
    <Trackpoint>
     <Time>2026-07-19T02:21:12+00:00</Time>
     <Position>
      <LatitudeDegrees>-33.9774433</LatitudeDegrees>
      <LongitudeDegrees>-71.4644933</LongitudeDegrees>
     </Position>
     <AltitudeMeters>192.60000000000002</AltitudeMeters>
     <DistanceMeters>55105.11581667472</DistanceMeters>
    </Trackpoint>
    <Trackpoint>
     <Time>2026-07-19T02:21:20+00:00</Time>
     <Position>
      <LatitudeDegrees>-33.9771567</LatitudeDegrees>
      <LongitudeDegrees>-71.4653367</LongitudeDegrees>
     </Position>
     <AltitudeMeters>192.86</AltitudeMeters>
     <DistanceMeters>55189.23478579365</DistanceMeters>
    </Trackpoint>
    <Trackpoint>
     <Time>2026-07-19T02:21:29+00:00</Time>
     <Position>
      <LatitudeDegrees>-33.9768700</LatitudeDegrees>
      <LongitudeDegrees>-71.4661800</LongitudeDegrees>
     </Position>
     <AltitudeMeters>192.52</AltitudeMeters>
     <DistanceMeters>55273.353772151924</DistanceMeters>
    </Trackpoint>
    <Trackpoint>
     <Time>2026-07-19T02:21:37+00:00</Time>
     <Position>
      <LatitudeDegrees>-33.9766300</LatitudeDegrees>
      <LongitudeDegrees>-71.4669100</LongitudeDegrees>
     </Position>
     <AltitudeMeters>191.65</AltitudeMeters>
     <DistanceMeters>55345.82977093176</DistanceMeters>
    </Trackpoint>
    <Trackpoint>
     <Time>2026-07-19T02:21:46+00:00</Time>
     <Position>
      <LatitudeDegrees>-33.9764750</LatitudeDegrees>
      <LongitudeDegrees>-71.4675000</LongitudeDegrees>
     </Position>
     <AltitudeMeters>191.07000000000002</AltitudeMeters>
     <DistanceMeters>55402.95034866104</DistanceMeters>
    </Trackpoint>
    <Trackpoint>
     <Time>2026-07-19T02:21:55+00:00</Time>
     <Position>
      <LatitudeDegrees>-33.9763200</LatitudeDegrees>
      <LongitudeDegrees>-71.4680900</LongitudeDegrees>
     </Position>
     <AltitudeMeters>190.76000000000002</AltitudeMeters>
     <DistanceMeters>55460.070928507674</DistanceMeters>
    </Trackpoint>
    <Trackpoint>
     <Time>2026-07-19T02:22:03+00:00</Time>
     <Position>
      <LatitudeDegrees>-33.9760650</LatitudeDegrees>
      <LongitudeDegrees>-71.4690000</LongitudeDegrees>
     </Position>
     <AltitudeMeters>189.9</AltitudeMeters>
     <DistanceMeters>55548.724163255174</DistanceMeters>
    </Trackpoint>
    <Trackpoint>
     <Time>2026-07-19T02:22:12+00:00</Time>
     <Position>
      <LatitudeDegrees>-33.9758100</LatitudeDegrees>
      <LongitudeDegrees>-71.4699100</LongitudeDegrees>
     </Position>
     <AltitudeMeters>189.84</AltitudeMeters>
     <DistanceMeters>55637.3774234571</DistanceMeters>
    </Trackpoint>
    <Trackpoint>
     <Time>2026-07-19T02:22:20+00:00</Time>
     <Position>
      <LatitudeDegrees>-33.9754800</LatitudeDegrees>
      <LongitudeDegrees>-71.4706900</LongitudeDegrees>
     </Position>
     <AltitudeMeters>189.76000000000002</AltitudeMeters>
     <DistanceMeters>55718.19500960878</DistanceMeters>
    </Trackpoint>
    <Trackpoint>
     <Time>2026-07-19T02:22:29+00:00</Time>
     <Position>
      <LatitudeDegrees>-33.9751500</LatitudeDegrees>
      <LongitudeDegrees>-71.4714700</LongitudeDegrees>
     </Position>
     <AltitudeMeters>188.62</AltitudeMeters>
     <DistanceMeters>55799.01257860684</DistanceMeters>
    </Trackpoint>
    <Trackpoint>
     <Time>2026-07-19T02:22:37+00:00</Time>
     <Position>
      <LatitudeDegrees>-33.9748167</LatitudeDegrees>
      <LongitudeDegrees>-71.4722067</LongitudeDegrees>
     </Position>
     <AltitudeMeters>187.92</AltitudeMeters>
     <DistanceMeters>55876.466526810254</DistanceMeters>
    </Trackpoint>
    <Trackpoint>
     <Time>2026-07-19T02:22:46+00:00</Time>
     <Position>
      <LatitudeDegrees>-33.9744833</LatitudeDegrees>
      <LongitudeDegrees>-71.4729433</LongitudeDegrees>
     </Position>
     <AltitudeMeters>187.3</AltitudeMeters>
     <DistanceMeters>55953.920475011415</DistanceMeters>
    </Trackpoint>
    <Trackpoint>
     <Time>2026-07-19T02:22:55+00:00</Time>
     <Position>
      <LatitudeDegrees>-33.9741500</LatitudeDegrees>
      <LongitudeDegrees>-71.4736800</LongitudeDegrees>
     </Position>
     <AltitudeMeters>185.89000000000001</AltitudeMeters>
     <DistanceMeters>56031.37442964028</DistanceMeters>
    </Trackpoint>
    <Trackpoint>
     <Time>2026-07-19T02:23:03+00:00</Time>
     <Position>
      <LatitudeDegrees>-33.9739400</LatitudeDegrees>
      <LongitudeDegrees>-71.4740700</LongitudeDegrees>
     </Position>
     <AltitudeMeters>185.89000000000001</AltitudeMeters>
     <DistanceMeters>56074.292257934394</DistanceMeters>
    </Trackpoint>
    <Trackpoint>
     <Time>2026-07-19T02:23:12+00:00</Time>
     <Position>
      <LatitudeDegrees>-33.9735200</LatitudeDegrees>
      <LongitudeDegrees>-71.4748900</LongitudeDegrees>
     </Position>
     <AltitudeMeters>185.38000000000002</AltitudeMeters>
     <DistanceMeters>56163.24743810286</DistanceMeters>
    </Trackpoint>
    <Trackpoint>
     <Time>2026-07-19T02:23:20+00:00</Time>
     <Position>
      <LatitudeDegrees>-33.9731000</LatitudeDegrees>
      <LongitudeDegrees>-71.4757100</LongitudeDegrees>
     </Position>
     <AltitudeMeters>185.15</AltitudeMeters>
     <DistanceMeters>56252.20261387515</DistanceMeters>
    </Trackpoint>
    <Trackpoint>
     <Time>2026-07-19T02:23:29+00:00</Time>
     <Position>
      <LatitudeDegrees>-33.9727750</LatitudeDegrees>
      <LongitudeDegrees>-71.4763700</LongitudeDegrees>
     </Position>
     <AltitudeMeters>185.62</AltitudeMeters>
     <DistanceMeters>56323.04878110515</DistanceMeters>
    </Trackpoint>
    <Trackpoint>
     <Time>2026-07-19T02:23:37+00:00</Time>
     <Position>
      <LatitudeDegrees>-33.9724500</LatitudeDegrees>
      <LongitudeDegrees>-71.4770300</LongitudeDegrees>
     </Position>
     <AltitudeMeters>185.19000000000003</AltitudeMeters>
     <DistanceMeters>56393.89494200729</DistanceMeters>
    </Trackpoint>
    <Trackpoint>
     <Time>2026-07-19T02:23:46+00:00</Time>
     <Position>
      <LatitudeDegrees>-33.9720700</LatitudeDegrees>
      <LongitudeDegrees>-71.4775800</LongitudeDegrees>
     </Position>
     <AltitudeMeters>185.19000000000003</AltitudeMeters>
     <DistanceMeters>56459.967936511515</DistanceMeters>
    </Trackpoint>
    <Trackpoint>
     <Time>2026-07-19T02:23:55+00:00</Time>
     <Position>
      <LatitudeDegrees>-33.9714650</LatitudeDegrees>
      <LongitudeDegrees>-71.4782550</LongitudeDegrees>
     </Position>
     <AltitudeMeters>184.11</AltitudeMeters>
     <DistanceMeters>56551.70337917703</DistanceMeters>
    </Trackpoint>
    <Trackpoint>
     <Time>2026-07-19T02:24:03+00:00</Time>
     <Position>
      <LatitudeDegrees>-33.9708600</LatitudeDegrees>
      <LongitudeDegrees>-71.4789300</LongitudeDegrees>
     </Position>
     <AltitudeMeters>183.28000000000003</AltitudeMeters>
     <DistanceMeters>56643.438844003904</DistanceMeters>
    </Trackpoint>
    <Trackpoint>
     <Time>2026-07-19T02:24:12+00:00</Time>
     <Position>
      <LatitudeDegrees>-33.9705800</LatitudeDegrees>
      <LongitudeDegrees>-71.4793950</LongitudeDegrees>
     </Position>
     <AltitudeMeters>182.97000000000003</AltitudeMeters>
     <DistanceMeters>56696.478574259396</DistanceMeters>
    </Trackpoint>
    <Trackpoint>
     <Time>2026-07-19T02:24:20+00:00</Time>
     <Position>
      <LatitudeDegrees>-33.9703000</LatitudeDegrees>
      <LongitudeDegrees>-71.4798600</LongitudeDegrees>
     </Position>
     <AltitudeMeters>182.74</AltitudeMeters>
     <DistanceMeters>56749.51829965346</DistanceMeters>
    </Trackpoint>
    <Trackpoint>
     <Time>2026-07-19T02:24:29+00:00</Time>
     <Position>
      <LatitudeDegrees>-33.9698900</LatitudeDegrees>
      <LongitudeDegrees>-71.4806600</LongitudeDegrees>
     </Position>
     <AltitudeMeters>182.65</AltitudeMeters>
     <DistanceMeters>56836.32063647487</DistanceMeters>
    </Trackpoint>
    <Trackpoint>
     <Time>2026-07-19T02:24:37+00:00</Time>
     <Position>
      <LatitudeDegrees>-33.9696300</LatitudeDegrees>
      <LongitudeDegrees>-71.4811100</LongitudeDegrees>
     </Position>
     <AltitudeMeters>182.62</AltitudeMeters>
     <DistanceMeters>56886.94218779945</DistanceMeters>
    </Trackpoint>
    <Trackpoint>
     <Time>2026-07-19T02:24:46+00:00</Time>
     <Position>
      <LatitudeDegrees>-33.9695100</LatitudeDegrees>
      <LongitudeDegrees>-71.4813700</LongitudeDegrees>
     </Position>
     <AltitudeMeters>182.54</AltitudeMeters>
     <DistanceMeters>56914.406521393124</DistanceMeters>
    </Trackpoint>
    <Trackpoint>
     <Time>2026-07-19T02:24:55+00:00</Time>
     <Position>
      <LatitudeDegrees>-33.9692000</LatitudeDegrees>
      <LongitudeDegrees>-71.4817300</LongitudeDegrees>
     </Position>
     <AltitudeMeters>182.54</AltitudeMeters>
     <DistanceMeters>56962.307484059515</DistanceMeters>
    </Trackpoint>
    <Trackpoint>
     <Time>2026-07-19T02:25:03+00:00</Time>
     <Position>
      <LatitudeDegrees>-33.9690000</LatitudeDegrees>
      <LongitudeDegrees>-71.4819200</LongitudeDegrees>
     </Position>
     <AltitudeMeters>182.55</AltitudeMeters>
     <DistanceMeters>56990.64522978034</DistanceMeters>
    </Trackpoint>
    <Trackpoint>
     <Time>2026-07-19T02:25:12+00:00</Time>
     <Position>
      <LatitudeDegrees>-33.9689500</LatitudeDegrees>
      <LongitudeDegrees>-71.4819700</LongitudeDegrees>
     </Position>
     <AltitudeMeters>182.55</AltitudeMeters>
     <DistanceMeters>56997.874749982955</DistanceMeters>
    </Trackpoint>
    <Trackpoint>
     <Time>2026-07-19T02:25:20+00:00</Time>
     <Position>
      <LatitudeDegrees>-33.9686000</LatitudeDegrees>
      <LongitudeDegrees>-71.4821800</LongitudeDegrees>
     </Position>
     <AltitudeMeters>182.3</AltitudeMeters>
     <DistanceMeters>57041.38443670734</DistanceMeters>
    </Trackpoint>
    <Trackpoint>
     <Time>2026-07-19T02:25:29+00:00</Time>
     <Position>
      <LatitudeDegrees>-33.9680050</LatitudeDegrees>
      <LongitudeDegrees>-71.4825000</LongitudeDegrees>
     </Position>
     <AltitudeMeters>182.25000000000003</AltitudeMeters>
     <DistanceMeters>57113.89404584255</DistanceMeters>
    </Trackpoint>
    <Trackpoint>
     <Time>2026-07-19T02:25:37+00:00</Time>
     <Position>
      <LatitudeDegrees>-33.9674100</LatitudeDegrees>
      <LongitudeDegrees>-71.4828200</LongitudeDegrees>
     </Position>
     <AltitudeMeters>181.74</AltitudeMeters>
     <DistanceMeters>57186.40366602833</DistanceMeters>
    </Trackpoint>
    <Trackpoint>
     <Time>2026-07-19T02:25:46+00:00</Time>
     <Position>
      <LatitudeDegrees>-33.9667650</LatitudeDegrees>
      <LongitudeDegrees>-71.4832350</LongitudeDegrees>
     </Position>
     <AltitudeMeters>180.48</AltitudeMeters>
     <DistanceMeters>57267.770507229565</DistanceMeters>
    </Trackpoint>
    <Trackpoint>
     <Time>2026-07-19T02:25:55+00:00</Time>
     <Position>
      <LatitudeDegrees>-33.9661200</LatitudeDegrees>
      <LongitudeDegrees>-71.4836500</LongitudeDegrees>
     </Position>
     <AltitudeMeters>181.25000000000003</AltitudeMeters>
     <DistanceMeters>57349.13734731124</DistanceMeters>
    </Trackpoint>
    <Trackpoint>
     <Time>2026-07-19T02:26:03+00:00</Time>
     <Position>
      <LatitudeDegrees>-33.9661800</LatitudeDegrees>
      <LongitudeDegrees>-71.4838000</LongitudeDegrees>
     </Position>
     <AltitudeMeters>181.21</AltitudeMeters>
     <DistanceMeters>57364.509309844056</DistanceMeters>
    </Trackpoint>
    <Trackpoint>
     <Time>2026-07-19T02:26:12+00:00</Time>
     <Position>
      <LatitudeDegrees>-33.9662200</LatitudeDegrees>
      <LongitudeDegrees>-71.4839800</LongitudeDegrees>
     </Position>
     <AltitudeMeters>181.28000000000003</AltitudeMeters>
     <DistanceMeters>57381.71028817717</DistanceMeters>
    </Trackpoint>
    <Trackpoint>
     <Time>2026-07-19T02:26:20+00:00</Time>
     <Position>
      <LatitudeDegrees>-33.9662000</LatitudeDegrees>
      <LongitudeDegrees>-71.4843700</LongitudeDegrees>
     </Position>
     <AltitudeMeters>181.54</AltitudeMeters>
     <DistanceMeters>57417.777984710556</DistanceMeters>
    </Trackpoint>
    <Trackpoint>
     <Time>2026-07-19T02:26:29+00:00</Time>
     <Position>
      <LatitudeDegrees>-33.9660500</LatitudeDegrees>
      <LongitudeDegrees>-71.4853560</LongitudeDegrees>
     </Position>
     <AltitudeMeters>182.01</AltitudeMeters>
     <DistanceMeters>57510.30955299261</DistanceMeters>
    </Trackpoint>
    <Trackpoint>
     <Time>2026-07-19T02:26:37+00:00</Time>
     <Position>
      <LatitudeDegrees>-33.9659000</LatitudeDegrees>
      <LongitudeDegrees>-71.4863420</LongitudeDegrees>
     </Position>
     <AltitudeMeters>183.43</AltitudeMeters>
     <DistanceMeters>57602.84112127664</DistanceMeters>
    </Trackpoint>
    <Trackpoint>
     <Time>2026-07-19T02:26:46+00:00</Time>
     <Position>
      <LatitudeDegrees>-33.9657500</LatitudeDegrees>
      <LongitudeDegrees>-71.4873280</LongitudeDegrees>
     </Position>
     <AltitudeMeters>186.63000000000002</AltitudeMeters>
     <DistanceMeters>57695.372689560114</DistanceMeters>
    </Trackpoint>
    <Trackpoint>
     <Time>2026-07-19T02:26:55+00:00</Time>
     <Position>
      <LatitudeDegrees>-33.9656000</LatitudeDegrees>
      <LongitudeDegrees>-71.4883140</LongitudeDegrees>
     </Position>
     <AltitudeMeters>188.55</AltitudeMeters>
     <DistanceMeters>57787.90425784311</DistanceMeters>
    </Trackpoint>
    <Trackpoint>
     <Time>2026-07-19T02:27:03+00:00</Time>
     <Position>
      <LatitudeDegrees>-33.9654500</LatitudeDegrees>
      <LongitudeDegrees>-71.4893000</LongitudeDegrees>
     </Position>
     <AltitudeMeters>188.67</AltitudeMeters>
     <DistanceMeters>57880.43582535224</DistanceMeters>
    </Trackpoint>
    <Trackpoint>
     <Time>2026-07-19T02:27:12+00:00</Time>
     <Position>
      <LatitudeDegrees>-33.9653350</LatitudeDegrees>
      <LongitudeDegrees>-71.4902200</LongitudeDegrees>
     </Position>
     <AltitudeMeters>188.2</AltitudeMeters>
     <DistanceMeters>57966.316384882964</DistanceMeters>
    </Trackpoint>
    <Trackpoint>
     <Time>2026-07-19T02:27:20+00:00</Time>
     <Position>
      <LatitudeDegrees>-33.9652200</LatitudeDegrees>
      <LongitudeDegrees>-71.4911400</LongitudeDegrees>
     </Position>
     <AltitudeMeters>188.34</AltitudeMeters>
     <DistanceMeters>58052.19692881538</DistanceMeters>
    </Trackpoint>
    <Trackpoint>
     <Time>2026-07-19T02:27:29+00:00</Time>
     <Position>
      <LatitudeDegrees>-33.9651300</LatitudeDegrees>
      <LongitudeDegrees>-71.4919000</LongitudeDegrees>
     </Position>
     <AltitudeMeters>188.33</AltitudeMeters>
     <DistanceMeters>58123.0610660806</DistanceMeters>
    </Trackpoint>
    <Trackpoint>
     <Time>2026-07-19T02:27:37+00:00</Time>
     <Position>
      <LatitudeDegrees>-33.9651300</LatitudeDegrees>
      <LongitudeDegrees>-71.4927900</LongitudeDegrees>
     </Position>
     <AltitudeMeters>187.12</AltitudeMeters>
     <DistanceMeters>58205.21354783952</DistanceMeters>
    </Trackpoint>
    <Trackpoint>
     <Time>2026-07-19T02:27:46+00:00</Time>
     <Position>
      <LatitudeDegrees>-33.9651800</LatitudeDegrees>
      <LongitudeDegrees>-71.4932100</LongitudeDegrees>
     </Position>
     <AltitudeMeters>186.59</AltitudeMeters>
     <DistanceMeters>58244.379467555416</DistanceMeters>
    </Trackpoint>
    <Trackpoint>
     <Time>2026-07-19T02:27:55+00:00</Time>
     <Position>
      <LatitudeDegrees>-33.9653050</LatitudeDegrees>
      <LongitudeDegrees>-71.4938250</LongitudeDegrees>
     </Position>
     <AltitudeMeters>185.12</AltitudeMeters>
     <DistanceMeters>58302.827465717615</DistanceMeters>
    </Trackpoint>
    <Trackpoint>
     <Time>2026-07-19T02:28:03+00:00</Time>
     <Position>
      <LatitudeDegrees>-33.9654300</LatitudeDegrees>
      <LongitudeDegrees>-71.4944400</LongitudeDegrees>
     </Position>
     <AltitudeMeters>182.52</AltitudeMeters>
     <DistanceMeters>58361.27545355538</DistanceMeters>
    </Trackpoint>
    <Trackpoint>
     <Time>2026-07-19T02:28:12+00:00</Time>
     <Position>
      <LatitudeDegrees>-33.9656820</LatitudeDegrees>
      <LongitudeDegrees>-71.4954540</LongitudeDegrees>
     </Position>
     <AltitudeMeters>180.76</AltitudeMeters>
     <DistanceMeters>58458.98463621422</DistanceMeters>
    </Trackpoint>
    <Trackpoint>
     <Time>2026-07-19T02:28:20+00:00</Time>
     <Position>
      <LatitudeDegrees>-33.9659340</LatitudeDegrees>
      <LongitudeDegrees>-71.4964680</LongitudeDegrees>
     </Position>
     <AltitudeMeters>178.88</AltitudeMeters>
     <DistanceMeters>58556.693818874905</DistanceMeters>
    </Trackpoint>
    <Trackpoint>
     <Time>2026-07-19T02:28:29+00:00</Time>
     <Position>
      <LatitudeDegrees>-33.9661860</LatitudeDegrees>
      <LongitudeDegrees>-71.4974820</LongitudeDegrees>
     </Position>
     <AltitudeMeters>178.61</AltitudeMeters>
     <DistanceMeters>58654.403001535036</DistanceMeters>
    </Trackpoint>
    <Trackpoint>
     <Time>2026-07-19T02:28:37+00:00</Time>
     <Position>
      <LatitudeDegrees>-33.9664380</LatitudeDegrees>
      <LongitudeDegrees>-71.4984960</LongitudeDegrees>
     </Position>
     <AltitudeMeters>178.23000000000002</AltitudeMeters>
     <DistanceMeters>58752.112184194586</DistanceMeters>
    </Trackpoint>
    <Trackpoint>
     <Time>2026-07-19T02:28:46+00:00</Time>
     <Position>
      <LatitudeDegrees>-33.9666900</LatitudeDegrees>
      <LongitudeDegrees>-71.4995100</LongitudeDegrees>
     </Position>
     <AltitudeMeters>177.36</AltitudeMeters>
     <DistanceMeters>58849.821362656694</DistanceMeters>
    </Trackpoint>
    <Trackpoint>
     <Time>2026-07-19T02:28:55+00:00</Time>
     <Position>
      <LatitudeDegrees>-33.9668960</LatitudeDegrees>
      <LongitudeDegrees>-71.5003780</LongitudeDegrees>
     </Position>
     <AltitudeMeters>176.46</AltitudeMeters>
     <DistanceMeters>58933.15697633995</DistanceMeters>
    </Trackpoint>
    <Trackpoint>
     <Time>2026-07-19T02:29:03+00:00</Time>
     <Position>
      <LatitudeDegrees>-33.9671020</LatitudeDegrees>
      <LongitudeDegrees>-71.5012460</LongitudeDegrees>
     </Position>
     <AltitudeMeters>176.06000000000003</AltitudeMeters>
     <DistanceMeters>59016.4925900232</DistanceMeters>
    </Trackpoint>
    <Trackpoint>
     <Time>2026-07-19T02:29:12+00:00</Time>
     <Position>
      <LatitudeDegrees>-33.9673080</LatitudeDegrees>
      <LongitudeDegrees>-71.5021140</LongitudeDegrees>
     </Position>
     <AltitudeMeters>177.06000000000003</AltitudeMeters>
     <DistanceMeters>59099.82820370619</DistanceMeters>
    </Trackpoint>
    <Trackpoint>
     <Time>2026-07-19T02:29:20+00:00</Time>
     <Position>
      <LatitudeDegrees>-33.9675140</LatitudeDegrees>
      <LongitudeDegrees>-71.5029820</LongitudeDegrees>
     </Position>
     <AltitudeMeters>179.62</AltitudeMeters>
     <DistanceMeters>59183.16381738979</DistanceMeters>
    </Trackpoint>
    <Trackpoint>
     <Time>2026-07-19T02:29:29+00:00</Time>
     <Position>
      <LatitudeDegrees>-33.9677200</LatitudeDegrees>
      <LongitudeDegrees>-71.5038500</LongitudeDegrees>
     </Position>
     <AltitudeMeters>184.86</AltitudeMeters>
     <DistanceMeters>59266.499421891895</DistanceMeters>
    </Trackpoint>
    <Trackpoint>
     <Time>2026-07-19T02:29:37+00:00</Time>
     <Position>
      <LatitudeDegrees>-33.9679900</LatitudeDegrees>
      <LongitudeDegrees>-71.5046500</LongitudeDegrees>
     </Position>
     <AltitudeMeters>191.54000000000002</AltitudeMeters>
     <DistanceMeters>59346.2221688489</DistanceMeters>
    </Trackpoint>
    <Trackpoint>
     <Time>2026-07-19T02:29:46+00:00</Time>
     <Position>
      <LatitudeDegrees>-33.9681300</LatitudeDegrees>
      <LongitudeDegrees>-71.5049300</LongitudeDegrees>
     </Position>
     <AltitudeMeters>192.89000000000001</AltitudeMeters>
     <DistanceMeters>59376.40056063048</DistanceMeters>
    </Trackpoint>
    <Trackpoint>
     <Time>2026-07-19T02:29:55+00:00</Time>
     <Position>
      <LatitudeDegrees>-33.9682200</LatitudeDegrees>
      <LongitudeDegrees>-71.5051000</LongitudeDegrees>
     </Position>
     <AltitudeMeters>194.51000000000002</AltitudeMeters>
     <DistanceMeters>59395.01655400341</DistanceMeters>
    </Trackpoint>
    <Trackpoint>
     <Time>2026-07-19T02:30:03+00:00</Time>
     <Position>
      <LatitudeDegrees>-33.9685100</LatitudeDegrees>
      <LongitudeDegrees>-71.5053300</LongitudeDegrees>
     </Position>
     <AltitudeMeters>195.75</AltitudeMeters>
     <DistanceMeters>59433.64840809582</DistanceMeters>
    </Trackpoint>
    <Trackpoint>
     <Time>2026-07-19T02:30:12+00:00</Time>
     <Position>
      <LatitudeDegrees>-33.9692900</LatitudeDegrees>
      <LongitudeDegrees>-71.5058200</LongitudeDegrees>
     </Position>
     <AltitudeMeters>203.54000000000002</AltitudeMeters>
     <DistanceMeters>59531.53435525694</DistanceMeters>
    </Trackpoint>
    <Trackpoint>
     <Time>2026-07-19T02:30:20+00:00</Time>
     <Position>
      <LatitudeDegrees>-33.9698600</LatitudeDegrees>
      <LongitudeDegrees>-71.5061300</LongitudeDegrees>
     </Position>
     <AltitudeMeters>207.55</AltitudeMeters>
     <DistanceMeters>59601.12725437609</DistanceMeters>
    </Trackpoint>
    <Trackpoint>
     <Time>2026-07-19T02:30:29+00:00</Time>
     <Position>
      <LatitudeDegrees>-33.9704300</LatitudeDegrees>
      <LongitudeDegrees>-71.5064400</LongitudeDegrees>
     </Position>
     <AltitudeMeters>210.56000000000003</AltitudeMeters>
     <DistanceMeters>59670.72013009028</DistanceMeters>
    </Trackpoint>
    <Trackpoint>
     <Time>2026-07-19T02:30:37+00:00</Time>
     <Position>
      <LatitudeDegrees>-33.9708300</LatitudeDegrees>
      <LongitudeDegrees>-71.5065000</LongitudeDegrees>
     </Position>
     <AltitudeMeters>213.58</AltitudeMeters>
     <DistanceMeters>59715.581539923536</DistanceMeters>
    </Trackpoint>
    <Trackpoint>
     <Time>2026-07-19T02:30:46+00:00</Time>
     <Position>
      <LatitudeDegrees>-33.9710800</LatitudeDegrees>
      <LongitudeDegrees>-71.5065000</LongitudeDegrees>
     </Position>
     <AltitudeMeters>215.14000000000001</AltitudeMeters>
     <DistanceMeters>59743.40545978387</DistanceMeters>
    </Trackpoint>
    <Trackpoint>
     <Time>2026-07-19T02:30:55+00:00</Time>
     <Position>
      <LatitudeDegrees>-33.9719600</LatitudeDegrees>
      <LongitudeDegrees>-71.5063975</LongitudeDegrees>
     </Position>
     <AltitudeMeters>222.59</AltitudeMeters>
     <DistanceMeters>59841.80151718417</DistanceMeters>
    </Trackpoint>
    <Trackpoint>
     <Time>2026-07-19T02:31:03+00:00</Time>
     <Position>
      <LatitudeDegrees>-33.9728400</LatitudeDegrees>
      <LongitudeDegrees>-71.5062950</LongitudeDegrees>
     </Position>
     <AltitudeMeters>226.83000000000004</AltitudeMeters>
     <DistanceMeters>59940.19757458546</DistanceMeters>
    </Trackpoint>
    <Trackpoint>
     <Time>2026-07-19T02:31:12+00:00</Time>
     <Position>
      <LatitudeDegrees>-33.9737200</LatitudeDegrees>
      <LongitudeDegrees>-71.5061925</LongitudeDegrees>
     </Position>
     <AltitudeMeters>233.85000000000002</AltitudeMeters>
     <DistanceMeters>60038.593631986405</DistanceMeters>
    </Trackpoint>
    <Trackpoint>
     <Time>2026-07-19T02:31:20+00:00</Time>
     <Position>
      <LatitudeDegrees>-33.9746000</LatitudeDegrees>
      <LongitudeDegrees>-71.5060900</LongitudeDegrees>
     </Position>
     <AltitudeMeters>238.52</AltitudeMeters>
     <DistanceMeters>60136.98968452965</DistanceMeters>
    </Trackpoint>
    <Trackpoint>
     <Time>2026-07-19T02:31:29+00:00</Time>
     <Position>
      <LatitudeDegrees>-33.9747300</LatitudeDegrees>
      <LongitudeDegrees>-71.5060500</LongitudeDegrees>
     </Position>
     <AltitudeMeters>240.63</AltitudeMeters>
     <DistanceMeters>60151.92170830976</DistanceMeters>
    </Trackpoint>
    <Trackpoint>
     <Time>2026-07-19T02:31:37+00:00</Time>
     <Position>
      <LatitudeDegrees>-33.9749800</LatitudeDegrees>
      <LongitudeDegrees>-71.5059500</LongitudeDegrees>
     </Position>
     <AltitudeMeters>242.33</AltitudeMeters>
     <DistanceMeters>60181.23647082907</DistanceMeters>
    </Trackpoint>
    <Trackpoint>
     <Time>2026-07-19T02:31:46+00:00</Time>
     <Position>
      <LatitudeDegrees>-33.9756567</LatitudeDegrees>
      <LongitudeDegrees>-71.5055900</LongitudeDegrees>
     </Position>
     <AltitudeMeters>245.12000000000003</AltitudeMeters>
     <DistanceMeters>60263.55033563432</DistanceMeters>
    </Trackpoint>
    <Trackpoint>
     <Time>2026-07-19T02:31:55+00:00</Time>
     <Position>
      <LatitudeDegrees>-33.9763333</LatitudeDegrees>
      <LongitudeDegrees>-71.5052300</LongitudeDegrees>
     </Position>
     <AltitudeMeters>251.72</AltitudeMeters>
     <DistanceMeters>60345.86420043946</DistanceMeters>
    </Trackpoint>
    <Trackpoint>
     <Time>2026-07-19T02:32:03+00:00</Time>
     <Position>
      <LatitudeDegrees>-33.9770100</LatitudeDegrees>
      <LongitudeDegrees>-71.5048700</LongitudeDegrees>
     </Position>
     <AltitudeMeters>258.11</AltitudeMeters>
     <DistanceMeters>60428.17807403983</DistanceMeters>
    </Trackpoint>
    <Trackpoint>
     <Time>2026-07-19T02:32:12+00:00</Time>
     <Position>
      <LatitudeDegrees>-33.9773300</LatitudeDegrees>
      <LongitudeDegrees>-71.5047500</LongitudeDegrees>
     </Position>
     <AltitudeMeters>260.26000000000005</AltitudeMeters>
     <DistanceMeters>60465.474995962584</DistanceMeters>
    </Trackpoint>
    <Trackpoint>
     <Time>2026-07-19T02:32:20+00:00</Time>
     <Position>
      <LatitudeDegrees>-33.9776400</LatitudeDegrees>
      <LongitudeDegrees>-71.5047000</LongitudeDegrees>
     </Position>
     <AltitudeMeters>261.11</AltitudeMeters>
     <DistanceMeters>60500.283895180895</DistanceMeters>
    </Trackpoint>
    <Trackpoint>
     <Time>2026-07-19T02:32:29+00:00</Time>
     <Position>
      <LatitudeDegrees>-33.9779200</LatitudeDegrees>
      <LongitudeDegrees>-71.5047100</LongitudeDegrees>
     </Position>
     <AltitudeMeters>261.93</AltitudeMeters>
     <DistanceMeters>60531.46034919706</DistanceMeters>
    </Trackpoint>
    <Trackpoint>
     <Time>2026-07-19T02:32:37+00:00</Time>
     <Position>
      <LatitudeDegrees>-33.9786767</LatitudeDegrees>
      <LongitudeDegrees>-71.5048133</LongitudeDegrees>
     </Position>
     <AltitudeMeters>265.05</AltitudeMeters>
     <DistanceMeters>60616.21235755981</DistanceMeters>
    </Trackpoint>
    <Trackpoint>
     <Time>2026-07-19T02:32:46+00:00</Time>
     <Position>
      <LatitudeDegrees>-33.9794333</LatitudeDegrees>
      <LongitudeDegrees>-71.5049167</LongitudeDegrees>
     </Position>
     <AltitudeMeters>271.8</AltitudeMeters>
     <DistanceMeters>60700.964365920976</DistanceMeters>
    </Trackpoint>
    <Trackpoint>
     <Time>2026-07-19T02:32:55+00:00</Time>
     <Position>
      <LatitudeDegrees>-33.9801900</LatitudeDegrees>
      <LongitudeDegrees>-71.5050200</LongitudeDegrees>
     </Position>
     <AltitudeMeters>276.56</AltitudeMeters>
     <DistanceMeters>60785.7163559487</DistanceMeters>
    </Trackpoint>
    <Trackpoint>
     <Time>2026-07-19T02:33:03+00:00</Time>
     <Position>
      <LatitudeDegrees>-33.9803700</LatitudeDegrees>
      <LongitudeDegrees>-71.5051000</LongitudeDegrees>
     </Position>
     <AltitudeMeters>277.11</AltitudeMeters>
     <DistanceMeters>60807.06679624608</DistanceMeters>
    </Trackpoint>
    <Trackpoint>
     <Time>2026-07-19T02:33:12+00:00</Time>
     <Position>
      <LatitudeDegrees>-33.9806400</LatitudeDegrees>
      <LongitudeDegrees>-71.5052400</LongitudeDegrees>
     </Position>
     <AltitudeMeters>278.5</AltitudeMeters>
     <DistanceMeters>60839.77661860523</DistanceMeters>
    </Trackpoint>
    <Trackpoint>
     <Time>2026-07-19T02:33:20+00:00</Time>
     <Position>
      <LatitudeDegrees>-33.9808200</LatitudeDegrees>
      <LongitudeDegrees>-71.5053700</LongitudeDegrees>
     </Position>
     <AltitudeMeters>278.5</AltitudeMeters>
     <DistanceMeters>60863.12768682501</DistanceMeters>
    </Trackpoint>
    <Trackpoint>
     <Time>2026-07-19T02:33:29+00:00</Time>
     <Position>
      <LatitudeDegrees>-33.9810200</LatitudeDegrees>
      <LongitudeDegrees>-71.5056100</LongitudeDegrees>
     </Position>
     <AltitudeMeters>280.45000000000005</AltitudeMeters>
     <DistanceMeters>60894.52933471238</DistanceMeters>
    </Trackpoint>
    <Trackpoint>
     <Time>2026-07-19T02:33:37+00:00</Time>
     <Position>
      <LatitudeDegrees>-33.9815600</LatitudeDegrees>
      <LongitudeDegrees>-71.5064667</LongitudeDegrees>
     </Position>
     <AltitudeMeters>283.67</AltitudeMeters>
     <DistanceMeters>60993.839285832924</DistanceMeters>
    </Trackpoint>
    <Trackpoint>
     <Time>2026-07-19T02:33:46+00:00</Time>
     <Position>
      <LatitudeDegrees>-33.9821000</LatitudeDegrees>
      <LongitudeDegrees>-71.5073233</LongitudeDegrees>
     </Position>
     <AltitudeMeters>282.73</AltitudeMeters>
     <DistanceMeters>61093.14923695644</DistanceMeters>
    </Trackpoint>
    <Trackpoint>
     <Time>2026-07-19T02:33:55+00:00</Time>
     <Position>
      <LatitudeDegrees>-33.9826400</LatitudeDegrees>
      <LongitudeDegrees>-71.5081800</LongitudeDegrees>
     </Position>
     <AltitudeMeters>281.52000000000004</AltitudeMeters>
     <DistanceMeters>61192.45918685611</DistanceMeters>
    </Trackpoint>
    <Trackpoint>
     <Time>2026-07-19T02:34:03+00:00</Time>
     <Position>
      <LatitudeDegrees>-33.9830233</LatitudeDegrees>
      <LongitudeDegrees>-71.5087700</LongitudeDegrees>
     </Position>
     <AltitudeMeters>280.95000000000005</AltitudeMeters>
     <DistanceMeters>61261.63187107351</DistanceMeters>
    </Trackpoint>
    <Trackpoint>
     <Time>2026-07-19T02:34:12+00:00</Time>
     <Position>
      <LatitudeDegrees>-33.9834067</LatitudeDegrees>
      <LongitudeDegrees>-71.5093600</LongitudeDegrees>
     </Position>
     <AltitudeMeters>279.41</AltitudeMeters>
     <DistanceMeters>61330.80455529201</DistanceMeters>
    </Trackpoint>
    <Trackpoint>
     <Time>2026-07-19T02:34:20+00:00</Time>
     <Position>
      <LatitudeDegrees>-33.9837900</LatitudeDegrees>
      <LongitudeDegrees>-71.5099500</LongitudeDegrees>
     </Position>
     <AltitudeMeters>277.46000000000004</AltitudeMeters>
     <DistanceMeters>61399.97723693754</DistanceMeters>
    </Trackpoint>
    <Trackpoint>
     <Time>2026-07-19T02:34:29+00:00</Time>
     <Position>
      <LatitudeDegrees>-33.9841800</LatitudeDegrees>
      <LongitudeDegrees>-71.5106200</LongitudeDegrees>
     </Position>
     <AltitudeMeters>274.37</AltitudeMeters>
     <DistanceMeters>61475.52288598772</DistanceMeters>
    </Trackpoint>
    <Trackpoint>
     <Time>2026-07-19T02:34:37+00:00</Time>
     <Position>
      <LatitudeDegrees>-33.9843800</LatitudeDegrees>
      <LongitudeDegrees>-71.5111500</LongitudeDegrees>
     </Position>
     <AltitudeMeters>271.51000000000005</AltitudeMeters>
     <DistanceMeters>61529.26094716571</DistanceMeters>
    </Trackpoint>
    <Trackpoint>
     <Time>2026-07-19T02:34:46+00:00</Time>
     <Position>
      <LatitudeDegrees>-33.9845100</LatitudeDegrees>
      <LongitudeDegrees>-71.5116100</LongitudeDegrees>
     </Position>
     <AltitudeMeters>269.15</AltitudeMeters>
     <DistanceMeters>61574.110017645835</DistanceMeters>
    </Trackpoint>
    <Trackpoint>
     <Time>2026-07-19T02:34:55+00:00</Time>
     <Position>
      <LatitudeDegrees>-33.9846800</LatitudeDegrees>
      <LongitudeDegrees>-71.5124750</LongitudeDegrees>
     </Position>
     <AltitudeMeters>263.65</AltitudeMeters>
     <DistanceMeters>61656.14806360827</DistanceMeters>
    </Trackpoint>
    <Trackpoint>
     <Time>2026-07-19T02:35:03+00:00</Time>
     <Position>
      <LatitudeDegrees>-33.9848500</LatitudeDegrees>
      <LongitudeDegrees>-71.5133400</LongitudeDegrees>
     </Position>
     <AltitudeMeters>260.24</AltitudeMeters>
     <DistanceMeters>61738.18612081758</DistanceMeters>
    </Trackpoint>
    <Trackpoint>
     <Time>2026-07-19T02:35:12+00:00</Time>
     <Position>
      <LatitudeDegrees>-33.9849600</LatitudeDegrees>
      <LongitudeDegrees>-71.5137400</LongitudeDegrees>
     </Position>
     <AltitudeMeters>258.33</AltitudeMeters>
     <DistanceMeters>61777.07717052849</DistanceMeters>
    </Trackpoint>
    <Trackpoint>
     <Time>2026-07-19T02:35:20+00:00</Time>
     <Position>
      <LatitudeDegrees>-33.9851200</LatitudeDegrees>
      <LongitudeDegrees>-71.5141500</LongitudeDegrees>
     </Position>
     <AltitudeMeters>255.9</AltitudeMeters>
     <DistanceMeters>61818.894791148785</DistanceMeters>
    </Trackpoint>
    <Trackpoint>
     <Time>2026-07-19T02:35:29+00:00</Time>
     <Position>
      <LatitudeDegrees>-33.9855800</LatitudeDegrees>
      <LongitudeDegrees>-71.5150600</LongitudeDegrees>
     </Position>
     <AltitudeMeters>249.11</AltitudeMeters>
     <DistanceMeters>61917.24806238541</DistanceMeters>
    </Trackpoint>
    <Trackpoint>
     <Time>2026-07-19T02:35:37+00:00</Time>
     <Position>
      <LatitudeDegrees>-33.9860400</LatitudeDegrees>
      <LongitudeDegrees>-71.5159700</LongitudeDegrees>
     </Position>
     <AltitudeMeters>240.38</AltitudeMeters>
     <DistanceMeters>62015.6013336229</DistanceMeters>
    </Trackpoint>
    <Trackpoint>
     <Time>2026-07-19T02:35:46+00:00</Time>
     <Position>
      <LatitudeDegrees>-33.9865000</LatitudeDegrees>
      <LongitudeDegrees>-71.5168800</LongitudeDegrees>
     </Position>
     <AltitudeMeters>238.14000000000001</AltitudeMeters>
     <DistanceMeters>62113.95460301393</DistanceMeters>
    </Trackpoint>
    <Trackpoint>
     <Time>2026-07-19T02:35:55+00:00</Time>
     <Position>
      <LatitudeDegrees>-33.9868100</LatitudeDegrees>
      <LongitudeDegrees>-71.5173600</LongitudeDegrees>
     </Position>
     <AltitudeMeters>240.32</AltitudeMeters>
     <DistanceMeters>62170.10152835506</DistanceMeters>
    </Trackpoint>
    <Trackpoint>
     <Time>2026-07-19T02:36:03+00:00</Time>
     <Position>
      <LatitudeDegrees>-33.9870000</LatitudeDegrees>
      <LongitudeDegrees>-71.5175200</LongitudeDegrees>
     </Position>
     <AltitudeMeters>241.65000000000003</AltitudeMeters>
     <DistanceMeters>62195.89245937875</DistanceMeters>
    </Trackpoint>
    <Trackpoint>
     <Time>2026-07-19T02:36:12+00:00</Time>
     <Position>
      <LatitudeDegrees>-33.9877300</LatitudeDegrees>
      <LongitudeDegrees>-71.5180300</LongitudeDegrees>
     </Position>
     <AltitudeMeters>247.48000000000002</AltitudeMeters>
     <DistanceMeters>62289.78543942831</DistanceMeters>
    </Trackpoint>
    <Trackpoint>
     <Time>2026-07-19T02:36:20+00:00</Time>
     <Position>
      <LatitudeDegrees>-33.9884673</LatitudeDegrees>
      <LongitudeDegrees>-71.5184954</LongitudeDegrees>
     </Position>
     <AltitudeMeters>253.41000000000003</AltitudeMeters>
     <DistanceMeters>62382.40208379569</DistanceMeters>
    </Trackpoint>
    <Trackpoint>
     <Time>2026-07-19T02:36:29+00:00</Time>
     <Position>
      <LatitudeDegrees>-33.9892046</LatitudeDegrees>
      <LongitudeDegrees>-71.5189608</LongitudeDegrees>
     </Position>
     <AltitudeMeters>259.02000000000004</AltitudeMeters>
     <DistanceMeters>62475.018728161886</DistanceMeters>
    </Trackpoint>
    <Trackpoint>
     <Time>2026-07-19T02:36:37+00:00</Time>
     <Position>
      <LatitudeDegrees>-33.9899418</LatitudeDegrees>
      <LongitudeDegrees>-71.5194263</LongitudeDegrees>
     </Position>
     <AltitudeMeters>263.1</AltitudeMeters>
     <DistanceMeters>62567.63537252832</DistanceMeters>
    </Trackpoint>
    <Trackpoint>
     <Time>2026-07-19T02:36:46+00:00</Time>
     <Position>
      <LatitudeDegrees>-33.9906791</LatitudeDegrees>
      <LongitudeDegrees>-71.5198917</LongitudeDegrees>
     </Position>
     <AltitudeMeters>268.88</AltitudeMeters>
     <DistanceMeters>62660.252016895414</DistanceMeters>
    </Trackpoint>
    <Trackpoint>
     <Time>2026-07-19T02:36:55+00:00</Time>
     <Position>
      <LatitudeDegrees>-33.9914164</LatitudeDegrees>
      <LongitudeDegrees>-71.5203572</LongitudeDegrees>
     </Position>
     <AltitudeMeters>272.40000000000003</AltitudeMeters>
     <DistanceMeters>62752.868661260974</DistanceMeters>
    </Trackpoint>
    <Trackpoint>
     <Time>2026-07-19T02:37:03+00:00</Time>
     <Position>
      <LatitudeDegrees>-33.9921537</LatitudeDegrees>
      <LongitudeDegrees>-71.5208226</LongitudeDegrees>
     </Position>
     <AltitudeMeters>273.81</AltitudeMeters>
     <DistanceMeters>62845.48530562782</DistanceMeters>
    </Trackpoint>
    <Trackpoint>
     <Time>2026-07-19T02:37:12+00:00</Time>
     <Position>
      <LatitudeDegrees>-33.9928909</LatitudeDegrees>
      <LongitudeDegrees>-71.5212881</LongitudeDegrees>
     </Position>
     <AltitudeMeters>273.51000000000005</AltitudeMeters>
     <DistanceMeters>62938.10194999488</DistanceMeters>
    </Trackpoint>
    <Trackpoint>
     <Time>2026-07-19T02:37:20+00:00</Time>
     <Position>
      <LatitudeDegrees>-33.9936282</LatitudeDegrees>
      <LongitudeDegrees>-71.5217535</LongitudeDegrees>
     </Position>
     <AltitudeMeters>269.26</AltitudeMeters>
     <DistanceMeters>63030.71859436034</DistanceMeters>
    </Trackpoint>
    <Trackpoint>
     <Time>2026-07-19T02:37:29+00:00</Time>
     <Position>
      <LatitudeDegrees>-33.9943655</LatitudeDegrees>
      <LongitudeDegrees>-71.5222190</LongitudeDegrees>
     </Position>
     <AltitudeMeters>261.65</AltitudeMeters>
     <DistanceMeters>63123.33523872724</DistanceMeters>
    </Trackpoint>
    <Trackpoint>
     <Time>2026-07-19T02:37:37+00:00</Time>
     <Position>
      <LatitudeDegrees>-33.9951027</LatitudeDegrees>
      <LongitudeDegrees>-71.5226845</LongitudeDegrees>
     </Position>
     <AltitudeMeters>256.17</AltitudeMeters>
     <DistanceMeters>63215.951883094094</DistanceMeters>
    </Trackpoint>
    <Trackpoint>
     <Time>2026-07-19T02:37:46+00:00</Time>
     <Position>
      <LatitudeDegrees>-33.9958400</LatitudeDegrees>
      <LongitudeDegrees>-71.5231500</LongitudeDegrees>
     </Position>
     <AltitudeMeters>250.82000000000005</AltitudeMeters>
     <DistanceMeters>63308.568533535574</DistanceMeters>
    </Trackpoint>
    <Trackpoint>
     <Time>2026-07-19T02:37:55+00:00</Time>
     <Position>
      <LatitudeDegrees>-33.9960200</LatitudeDegrees>
      <LongitudeDegrees>-71.5232400</LongitudeDegrees>
     </Position>
     <AltitudeMeters>247.72000000000003</AltitudeMeters>
     <DistanceMeters>63330.254830151745</DistanceMeters>
    </Trackpoint>
    <Trackpoint>
     <Time>2026-07-19T02:38:03+00:00</Time>
     <Position>
      <LatitudeDegrees>-33.9962000</LatitudeDegrees>
      <LongitudeDegrees>-71.5232900</LongitudeDegrees>
     </Position>
     <AltitudeMeters>247.72000000000003</AltitudeMeters>
     <DistanceMeters>63350.812445356765</DistanceMeters>
    </Trackpoint>
    <Trackpoint>
     <Time>2026-07-19T02:38:12+00:00</Time>
     <Position>
      <LatitudeDegrees>-33.9969467</LatitudeDegrees>
      <LongitudeDegrees>-71.5233733</LongitudeDegrees>
     </Position>
     <AltitudeMeters>240.96</AltitudeMeters>
     <DistanceMeters>63434.26820238556</DistanceMeters>
    </Trackpoint>
    <Trackpoint>
     <Time>2026-07-19T02:38:20+00:00</Time>
     <Position>
      <LatitudeDegrees>-33.9976933</LatitudeDegrees>
      <LongitudeDegrees>-71.5234567</LongitudeDegrees>
     </Position>
     <AltitudeMeters>236.20000000000002</AltitudeMeters>
     <DistanceMeters>63517.72395941388</DistanceMeters>
    </Trackpoint>
    <Trackpoint>
     <Time>2026-07-19T02:38:29+00:00</Time>
     <Position>
      <LatitudeDegrees>-33.9984400</LatitudeDegrees>
      <LongitudeDegrees>-71.5235400</LongitudeDegrees>
     </Position>
     <AltitudeMeters>232.05</AltitudeMeters>
     <DistanceMeters>63601.17971807964</DistanceMeters>
    </Trackpoint>
    <Trackpoint>
     <Time>2026-07-19T02:38:37+00:00</Time>
     <Position>
      <LatitudeDegrees>-33.9985700</LatitudeDegrees>
      <LongitudeDegrees>-71.5235600</LongitudeDegrees>
     </Position>
     <AltitudeMeters>232.05</AltitudeMeters>
     <DistanceMeters>63615.76536867048</DistanceMeters>
    </Trackpoint>
    <Trackpoint>
     <Time>2026-07-19T02:38:46+00:00</Time>
     <Position>
      <LatitudeDegrees>-33.9987300</LatitudeDegrees>
      <LongitudeDegrees>-71.5236400</LongitudeDegrees>
     </Position>
     <AltitudeMeters>230.38000000000002</AltitudeMeters>
     <DistanceMeters>63635.0419862692</DistanceMeters>
    </Trackpoint>
    <Trackpoint>
     <Time>2026-07-19T02:38:55+00:00</Time>
     <Position>
      <LatitudeDegrees>-33.9989300</LatitudeDegrees>
      <LongitudeDegrees>-71.5238200</LongitudeDegrees>
     </Position>
     <AltitudeMeters>228.18</AltitudeMeters>
     <DistanceMeters>63662.81449350355</DistanceMeters>
    </Trackpoint>
    <Trackpoint>
     <Time>2026-07-19T02:39:03+00:00</Time>
     <Position>
      <LatitudeDegrees>-33.9990600</LatitudeDegrees>
      <LongitudeDegrees>-71.5240100</LongitudeDegrees>
     </Position>
     <AltitudeMeters>227.53</AltitudeMeters>
     <DistanceMeters>63685.54504857699</DistanceMeters>
    </Trackpoint>
    <Trackpoint>
     <Time>2026-07-19T02:39:12+00:00</Time>
     <Position>
      <LatitudeDegrees>-33.9991500</LatitudeDegrees>
      <LongitudeDegrees>-71.5242300</LongitudeDegrees>
     </Position>
     <AltitudeMeters>225.82000000000002</AltitudeMeters>
     <DistanceMeters>63708.18111797216</DistanceMeters>
    </Trackpoint>
    <Trackpoint>
     <Time>2026-07-19T02:39:20+00:00</Time>
     <Position>
      <LatitudeDegrees>-33.9994000</LatitudeDegrees>
      <LongitudeDegrees>-71.5249900</LongitudeDegrees>
     </Position>
     <AltitudeMeters>222.17000000000002</AltitudeMeters>
     <DistanceMeters>63783.62392359212</DistanceMeters>
    </Trackpoint>
    <Trackpoint>
     <Time>2026-07-19T02:39:29+00:00</Time>
     <Position>
      <LatitudeDegrees>-33.9994700</LatitudeDegrees>
      <LongitudeDegrees>-71.5251600</LongitudeDegrees>
     </Position>
     <AltitudeMeters>221.07000000000002</AltitudeMeters>
     <DistanceMeters>63801.13782188689</DistanceMeters>
    </Trackpoint>
    <Trackpoint>
     <Time>2026-07-19T02:39:37+00:00</Time>
     <Position>
      <LatitudeDegrees>-33.9997300</LatitudeDegrees>
      <LongitudeDegrees>-71.5254800</LongitudeDegrees>
     </Position>
     <AltitudeMeters>218.54000000000002</AltitudeMeters>
     <DistanceMeters>63842.479413677975</DistanceMeters>
    </Trackpoint>
    <Trackpoint>
     <Time>2026-07-19T02:39:46+00:00</Time>
     <Position>
      <LatitudeDegrees>-33.9998500</LatitudeDegrees>
      <LongitudeDegrees>-71.5255700</LongitudeDegrees>
     </Position>
     <AltitudeMeters>218.54000000000002</AltitudeMeters>
     <DistanceMeters>63858.20608164105</DistanceMeters>
    </Trackpoint>
    <Trackpoint>
     <Time>2026-07-19T02:39:55+00:00</Time>
     <Position>
      <LatitudeDegrees>-34.0000500</LatitudeDegrees>
      <LongitudeDegrees>-71.5256500</LongitudeDegrees>
     </Position>
     <AltitudeMeters>216.14000000000001</AltitudeMeters>
     <DistanceMeters>63881.657205394775</DistanceMeters>
    </Trackpoint>
    <Trackpoint>
     <Time>2026-07-19T02:40:03+00:00</Time>
     <Position>
      <LatitudeDegrees>-34.0004500</LatitudeDegrees>
      <LongitudeDegrees>-71.5257000</LongitudeDegrees>
     </Position>
     <AltitudeMeters>213.70000000000002</AltitudeMeters>
     <DistanceMeters>63926.41388081408</DistanceMeters>
    </Trackpoint>
    <Trackpoint>
     <Time>2026-07-19T02:40:12+00:00</Time>
     <Position>
      <LatitudeDegrees>-34.0011400</LatitudeDegrees>
      <LongitudeDegrees>-71.5256100</LongitudeDegrees>
     </Position>
     <AltitudeMeters>210.37000000000003</AltitudeMeters>
     <DistanceMeters>64003.655572225514</DistanceMeters>
    </Trackpoint>
    <Trackpoint>
     <Time>2026-07-19T02:40:20+00:00</Time>
     <Position>
      <LatitudeDegrees>-34.0019150</LatitudeDegrees>
      <LongitudeDegrees>-71.5255000</LongitudeDegrees>
     </Position>
     <AltitudeMeters>210.85</AltitudeMeters>
     <DistanceMeters>64090.50478402387</DistanceMeters>
    </Trackpoint>
    <Trackpoint>
     <Time>2026-07-19T02:40:29+00:00</Time>
     <Position>
      <LatitudeDegrees>-34.0026900</LatitudeDegrees>
      <LongitudeDegrees>-71.5253900</LongitudeDegrees>
     </Position>
     <AltitudeMeters>215.01</AltitudeMeters>
     <DistanceMeters>64177.354007816844</DistanceMeters>
    </Trackpoint>
    <Trackpoint>
     <Time>2026-07-19T02:40:37+00:00</Time>
     <Position>
      <LatitudeDegrees>-34.0030000</LatitudeDegrees>
      <LongitudeDegrees>-71.5253900</LongitudeDegrees>
     </Position>
     <AltitudeMeters>215.91000000000003</AltitudeMeters>
     <DistanceMeters>64211.85566844338</DistanceMeters>
    </Trackpoint>
    <Trackpoint>
     <Time>2026-07-19T02:40:46+00:00</Time>
     <Position>
      <LatitudeDegrees>-34.0035000</LatitudeDegrees>
      <LongitudeDegrees>-71.5254300</LongitudeDegrees>
     </Position>
     <AltitudeMeters>217.78000000000003</AltitudeMeters>
     <DistanceMeters>64267.62575474329</DistanceMeters>
    </Trackpoint>
    <Trackpoint>
     <Time>2026-07-19T02:40:55+00:00</Time>
     <Position>
      <LatitudeDegrees>-34.0040500</LatitudeDegrees>
      <LongitudeDegrees>-71.5255700</LongitudeDegrees>
     </Position>
     <AltitudeMeters>218.28000000000003</AltitudeMeters>
     <DistanceMeters>64330.18639632833</DistanceMeters>
    </Trackpoint>
    <Trackpoint>
     <Time>2026-07-19T02:41:03+00:00</Time>
     <Position>
      <LatitudeDegrees>-34.0047600</LatitudeDegrees>
      <LongitudeDegrees>-71.5258650</LongitudeDegrees>
     </Position>
     <AltitudeMeters>215.38000000000002</AltitudeMeters>
     <DistanceMeters>64413.76241268966</DistanceMeters>
    </Trackpoint>
    <Trackpoint>
     <Time>2026-07-19T02:41:12+00:00</Time>
     <Position>
      <LatitudeDegrees>-34.0054700</LatitudeDegrees>
      <LongitudeDegrees>-71.5261600</LongitudeDegrees>
     </Position>
     <AltitudeMeters>210.35</AltitudeMeters>
     <DistanceMeters>64497.33840768212</DistanceMeters>
    </Trackpoint>
    <Trackpoint>
     <Time>2026-07-19T02:41:20+00:00</Time>
     <Position>
      <LatitudeDegrees>-34.0062560</LatitudeDegrees>
      <LongitudeDegrees>-71.5265160</LongitudeDegrees>
     </Position>
     <AltitudeMeters>202.83</AltitudeMeters>
     <DistanceMeters>64590.77951944842</DistanceMeters>
    </Trackpoint>
    <Trackpoint>
     <Time>2026-07-19T02:41:29+00:00</Time>
     <Position>
      <LatitudeDegrees>-34.0070420</LatitudeDegrees>
      <LongitudeDegrees>-71.5268720</LongitudeDegrees>
     </Position>
     <AltitudeMeters>196.49</AltitudeMeters>
     <DistanceMeters>64684.22063121773</DistanceMeters>
    </Trackpoint>
    <Trackpoint>
     <Time>2026-07-19T02:41:38+00:00</Time>
     <Position>
      <LatitudeDegrees>-34.0078280</LatitudeDegrees>
      <LongitudeDegrees>-71.5272280</LongitudeDegrees>
     </Position>
     <AltitudeMeters>192.68</AltitudeMeters>
     <DistanceMeters>64777.661742984026</DistanceMeters>
    </Trackpoint>
    <Trackpoint>
     <Time>2026-07-19T02:41:46+00:00</Time>
     <Position>
      <LatitudeDegrees>-34.0086140</LatitudeDegrees>
      <LongitudeDegrees>-71.5275840</LongitudeDegrees>
     </Position>
     <AltitudeMeters>188.79000000000002</AltitudeMeters>
     <DistanceMeters>64871.102854751574</DistanceMeters>
    </Trackpoint>
    <Trackpoint>
     <Time>2026-07-19T02:41:55+00:00</Time>
     <Position>
      <LatitudeDegrees>-34.0094000</LatitudeDegrees>
      <LongitudeDegrees>-71.5279400</LongitudeDegrees>
     </Position>
     <AltitudeMeters>183.39000000000001</AltitudeMeters>
     <DistanceMeters>64964.543970348794</DistanceMeters>
    </Trackpoint>
    <Trackpoint>
     <Time>2026-07-19T02:42:03+00:00</Time>
     <Position>
      <LatitudeDegrees>-34.0095800</LatitudeDegrees>
      <LongitudeDegrees>-71.5281200</LongitudeDegrees>
     </Position>
     <AltitudeMeters>181.6</AltitudeMeters>
     <DistanceMeters>64990.56518838335</DistanceMeters>
    </Trackpoint>
    <Trackpoint>
     <Time>2026-07-19T02:42:12+00:00</Time>
     <Position>
      <LatitudeDegrees>-34.0097000</LatitudeDegrees>
      <LongitudeDegrees>-71.5283000</LongitudeDegrees>
     </Position>
     <AltitudeMeters>180.28000000000003</AltitudeMeters>
     <DistanceMeters>65011.8757891488</DistanceMeters>
    </Trackpoint>
    <Trackpoint>
     <Time>2026-07-19T02:42:20+00:00</Time>
     <Position>
      <LatitudeDegrees>-34.0097600</LatitudeDegrees>
      <LongitudeDegrees>-71.5284800</LongitudeDegrees>
     </Position>
     <AltitudeMeters>178.73000000000002</AltitudeMeters>
     <DistanceMeters>65029.77451690129</DistanceMeters>
    </Trackpoint>
    <Trackpoint>
     <Time>2026-07-19T02:42:29+00:00</Time>
     <Position>
      <LatitudeDegrees>-34.0098500</LatitudeDegrees>
      <LongitudeDegrees>-71.5289200</LongitudeDegrees>
     </Position>
     <AltitudeMeters>175.59000000000003</AltitudeMeters>
     <DistanceMeters>65071.585446065365</DistanceMeters>
    </Trackpoint>
    <Trackpoint>
     <Time>2026-07-19T02:42:38+00:00</Time>
     <Position>
      <LatitudeDegrees>-34.0099200</LatitudeDegrees>
      <LongitudeDegrees>-71.5291500</LongitudeDegrees>
     </Position>
     <AltitudeMeters>174.08</AltitudeMeters>
     <DistanceMeters>65094.18967301906</DistanceMeters>
    </Trackpoint>
    <Trackpoint>
     <Time>2026-07-19T02:42:46+00:00</Time>
     <Position>
      <LatitudeDegrees>-34.0102450</LatitudeDegrees>
      <LongitudeDegrees>-71.5299100</LongitudeDegrees>
     </Position>
     <AltitudeMeters>168.63</AltitudeMeters>
     <DistanceMeters>65173.08532464473</DistanceMeters>
    </Trackpoint>
    <Trackpoint>
     <Time>2026-07-19T02:42:55+00:00</Time>
     <Position>
      <LatitudeDegrees>-34.0105700</LatitudeDegrees>
      <LongitudeDegrees>-71.5306700</LongitudeDegrees>
     </Position>
     <AltitudeMeters>165.26000000000002</AltitudeMeters>
     <DistanceMeters>65251.98098333984</DistanceMeters>
    </Trackpoint>
    <Trackpoint>
     <Time>2026-07-19T02:43:03+00:00</Time>
     <Position>
      <LatitudeDegrees>-34.0109700</LatitudeDegrees>
      <LongitudeDegrees>-71.5315600</LongitudeDegrees>
     </Position>
     <AltitudeMeters>161.67000000000002</AltitudeMeters>
     <DistanceMeters>65345.38152702594</DistanceMeters>
    </Trackpoint>
    <Trackpoint>
     <Time>2026-07-19T02:43:12+00:00</Time>
     <Position>
      <LatitudeDegrees>-34.0110800</LatitudeDegrees>
      <LongitudeDegrees>-71.5317900</LongitudeDegrees>
     </Position>
     <AltitudeMeters>160.42000000000002</AltitudeMeters>
     <DistanceMeters>65369.87894382266</DistanceMeters>
    </Trackpoint>
    <Trackpoint>
     <Time>2026-07-19T02:43:20+00:00</Time>
     <Position>
      <LatitudeDegrees>-34.0113500</LatitudeDegrees>
      <LongitudeDegrees>-71.5321000</LongitudeDegrees>
     </Position>
     <AltitudeMeters>159.46</AltitudeMeters>
     <DistanceMeters>65411.362891842036</DistanceMeters>
    </Trackpoint>
    <Trackpoint>
     <Time>2026-07-19T02:43:29+00:00</Time>
     <Position>
      <LatitudeDegrees>-34.0120350</LatitudeDegrees>
      <LongitudeDegrees>-71.5325000</LongitudeDegrees>
     </Position>
     <AltitudeMeters>156.52</AltitudeMeters>
     <DistanceMeters>65496.061938742445</DistanceMeters>
    </Trackpoint>
    <Trackpoint>
     <Time>2026-07-19T02:43:38+00:00</Time>
     <Position>
      <LatitudeDegrees>-34.0127200</LatitudeDegrees>
      <LongitudeDegrees>-71.5329000</LongitudeDegrees>
     </Position>
     <AltitudeMeters>152.59</AltitudeMeters>
     <DistanceMeters>65580.76096529308</DistanceMeters>
    </Trackpoint>
    <Trackpoint>
     <Time>2026-07-19T02:43:46+00:00</Time>
     <Position>
      <LatitudeDegrees>-34.0131400</LatitudeDegrees>
      <LongitudeDegrees>-71.5331800</LongitudeDegrees>
     </Position>
     <AltitudeMeters>151.11</AltitudeMeters>
     <DistanceMeters>65634.16760609865</DistanceMeters>
    </Trackpoint>
    <Trackpoint>
     <Time>2026-07-19T02:43:55+00:00</Time>
     <Position>
      <LatitudeDegrees>-34.0137933</LatitudeDegrees>
      <LongitudeDegrees>-71.5337600</LongitudeDegrees>
     </Position>
     <AltitudeMeters>148.06000000000003</AltitudeMeters>
     <DistanceMeters>65724.44592636873</DistanceMeters>
    </Trackpoint>
    <Trackpoint>
     <Time>2026-07-19T02:44:03+00:00</Time>
     <Position>
      <LatitudeDegrees>-34.0144467</LatitudeDegrees>
      <LongitudeDegrees>-71.5343400</LongitudeDegrees>
     </Position>
     <AltitudeMeters>144.72</AltitudeMeters>
     <DistanceMeters>65814.72424663726</DistanceMeters>
    </Trackpoint>
    <Trackpoint>
     <Time>2026-07-19T02:44:12+00:00</Time>
     <Position>
      <LatitudeDegrees>-34.0151000</LatitudeDegrees>
      <LongitudeDegrees>-71.5349200</LongitudeDegrees>
     </Position>
     <AltitudeMeters>142.87000000000003</AltitudeMeters>
     <DistanceMeters>65905.00256286692</DistanceMeters>
    </Trackpoint>
    <Trackpoint>
     <Time>2026-07-19T02:44:20+00:00</Time>
     <Position>
      <LatitudeDegrees>-34.0155750</LatitudeDegrees>
      <LongitudeDegrees>-71.5352350</LongitudeDegrees>
     </Position>
     <AltitudeMeters>142.73000000000002</AltitudeMeters>
     <DistanceMeters>65965.32826684552</DistanceMeters>
    </Trackpoint>
    <Trackpoint>
     <Time>2026-07-19T02:44:29+00:00</Time>
     <Position>
      <LatitudeDegrees>-34.0160500</LatitudeDegrees>
      <LongitudeDegrees>-71.5355500</LongitudeDegrees>
     </Position>
     <AltitudeMeters>142.66</AltitudeMeters>
     <DistanceMeters>66025.65399062242</DistanceMeters>
    </Trackpoint>
    <Trackpoint>
     <Time>2026-07-19T02:44:38+00:00</Time>
     <Position>
      <LatitudeDegrees>-34.0167300</LatitudeDegrees>
      <LongitudeDegrees>-71.5359750</LongitudeDegrees>
     </Position>
     <AltitudeMeters>143.1</AltitudeMeters>
     <DistanceMeters>66110.8872478166</DistanceMeters>
    </Trackpoint>
    <Trackpoint>
     <Time>2026-07-19T02:44:46+00:00</Time>
     <Position>
      <LatitudeDegrees>-34.0174100</LatitudeDegrees>
      <LongitudeDegrees>-71.5364000</LongitudeDegrees>
     </Position>
     <AltitudeMeters>143.04</AltitudeMeters>
     <DistanceMeters>66196.12050500949</DistanceMeters>
    </Trackpoint>
    <Trackpoint>
     <Time>2026-07-19T02:44:55+00:00</Time>
     <Position>
      <LatitudeDegrees>-34.0180900</LatitudeDegrees>
      <LongitudeDegrees>-71.5368250</LongitudeDegrees>
     </Position>
     <AltitudeMeters>141.27</AltitudeMeters>
     <DistanceMeters>66281.35376220345</DistanceMeters>
    </Trackpoint>
    <Trackpoint>
     <Time>2026-07-19T02:45:03+00:00</Time>
     <Position>
      <LatitudeDegrees>-34.0187700</LatitudeDegrees>
      <LongitudeDegrees>-71.5372500</LongitudeDegrees>
     </Position>
     <AltitudeMeters>137.70000000000002</AltitudeMeters>
     <DistanceMeters>66366.58701939754</DistanceMeters>
    </Trackpoint>
    <Trackpoint>
     <Time>2026-07-19T02:45:12+00:00</Time>
     <Position>
      <LatitudeDegrees>-34.0194500</LatitudeDegrees>
      <LongitudeDegrees>-71.5376750</LongitudeDegrees>
     </Position>
     <AltitudeMeters>132.51000000000002</AltitudeMeters>
     <DistanceMeters>66451.82027659159</DistanceMeters>
    </Trackpoint>
    <Trackpoint>
     <Time>2026-07-19T02:45:20+00:00</Time>
     <Position>
      <LatitudeDegrees>-34.0201300</LatitudeDegrees>
      <LongitudeDegrees>-71.5381000</LongitudeDegrees>
     </Position>
     <AltitudeMeters>128.42000000000002</AltitudeMeters>
     <DistanceMeters>66537.05353094634</DistanceMeters>
    </Trackpoint>
    <Trackpoint>
     <Time>2026-07-19T02:45:29+00:00</Time>
     <Position>
      <LatitudeDegrees>-34.0206400</LatitudeDegrees>
      <LongitudeDegrees>-71.5383700</LongitudeDegrees>
     </Position>
     <AltitudeMeters>127.29</AltitudeMeters>
     <DistanceMeters>66599.03836631693</DistanceMeters>
    </Trackpoint>
    <Trackpoint>
     <Time>2026-07-19T02:45:38+00:00</Time>
     <Position>
      <LatitudeDegrees>-34.0212350</LatitudeDegrees>
      <LongitudeDegrees>-71.5385500</LongitudeDegrees>
     </Position>
     <AltitudeMeters>125.67</AltitudeMeters>
     <DistanceMeters>66667.30921609493</DistanceMeters>
    </Trackpoint>
    <Trackpoint>
     <Time>2026-07-19T02:45:46+00:00</Time>
     <Position>
      <LatitudeDegrees>-34.0218300</LatitudeDegrees>
      <LongitudeDegrees>-71.5387300</LongitudeDegrees>
     </Position>
     <AltitudeMeters>124.41000000000001</AltitudeMeters>
     <DistanceMeters>66735.58006648293</DistanceMeters>
    </Trackpoint>
    <Trackpoint>
     <Time>2026-07-19T02:45:55+00:00</Time>
     <Position>
      <LatitudeDegrees>-34.0221200</LatitudeDegrees>
      <LongitudeDegrees>-71.5388300</LongitudeDegrees>
     </Position>
     <AltitudeMeters>124.13</AltitudeMeters>
     <DistanceMeters>66769.14811950177</DistanceMeters>
    </Trackpoint>
    <Trackpoint>
     <Time>2026-07-19T02:46:03+00:00</Time>
     <Position>
      <LatitudeDegrees>-34.0223900</LatitudeDegrees>
      <LongitudeDegrees>-71.5390100</LongitudeDegrees>
     </Position>
     <AltitudeMeters>124.10000000000001</AltitudeMeters>
     <DistanceMeters>66803.48007781981</DistanceMeters>
    </Trackpoint>
    <Trackpoint>
     <Time>2026-07-19T02:46:12+00:00</Time>
     <Position>
      <LatitudeDegrees>-34.0231100</LatitudeDegrees>
      <LongitudeDegrees>-71.5396233</LongitudeDegrees>
     </Position>
     <AltitudeMeters>124.45</AltitudeMeters>
     <DistanceMeters>66901.57225352446</DistanceMeters>
    </Trackpoint>
    <Trackpoint>
     <Time>2026-07-19T02:46:20+00:00</Time>
     <Position>
      <LatitudeDegrees>-34.0238300</LatitudeDegrees>
      <LongitudeDegrees>-71.5402367</LongitudeDegrees>
     </Position>
     <AltitudeMeters>124.05000000000001</AltitudeMeters>
     <DistanceMeters>66999.66442923024</DistanceMeters>
    </Trackpoint>
    <Trackpoint>
     <Time>2026-07-19T02:46:29+00:00</Time>
     <Position>
      <LatitudeDegrees>-34.0245500</LatitudeDegrees>
      <LongitudeDegrees>-71.5408500</LongitudeDegrees>
     </Position>
     <AltitudeMeters>123.97000000000001</AltitudeMeters>
     <DistanceMeters>67097.75662948009</DistanceMeters>
    </Trackpoint>
    <Trackpoint>
     <Time>2026-07-19T02:46:38+00:00</Time>
     <Position>
      <LatitudeDegrees>-34.0252600</LatitudeDegrees>
      <LongitudeDegrees>-71.5414750</LongitudeDegrees>
     </Position>
     <AltitudeMeters>124.02</AltitudeMeters>
     <DistanceMeters>67195.57141920757</DistanceMeters>
    </Trackpoint>
    <Trackpoint>
     <Time>2026-07-19T02:46:46+00:00</Time>
     <Position>
      <LatitudeDegrees>-34.0259700</LatitudeDegrees>
      <LongitudeDegrees>-71.5421000</LongitudeDegrees>
     </Position>
     <AltitudeMeters>123.72000000000001</AltitudeMeters>
     <DistanceMeters>67293.38621508463</DistanceMeters>
    </Trackpoint>
    <Trackpoint>
     <Time>2026-07-19T02:46:55+00:00</Time>
     <Position>
      <LatitudeDegrees>-34.0267017</LatitudeDegrees>
      <LongitudeDegrees>-71.5427250</LongitudeDegrees>
     </Position>
     <AltitudeMeters>123.38</AltitudeMeters>
     <DistanceMeters>67393.15805106374</DistanceMeters>
    </Trackpoint>
    <Trackpoint>
     <Time>2026-07-19T02:47:03+00:00</Time>
     <Position>
      <LatitudeDegrees>-34.0274333</LatitudeDegrees>
      <LongitudeDegrees>-71.5433500</LongitudeDegrees>
     </Position>
     <AltitudeMeters>123.06000000000002</AltitudeMeters>
     <DistanceMeters>67492.92988704449</DistanceMeters>
    </Trackpoint>
    <Trackpoint>
     <Time>2026-07-19T02:47:12+00:00</Time>
     <Position>
      <LatitudeDegrees>-34.0281650</LatitudeDegrees>
      <LongitudeDegrees>-71.5439750</LongitudeDegrees>
     </Position>
     <AltitudeMeters>122.12</AltitudeMeters>
     <DistanceMeters>67592.70172302374</DistanceMeters>
    </Trackpoint>
    <Trackpoint>
     <Time>2026-07-19T02:47:20+00:00</Time>
     <Position>
      <LatitudeDegrees>-34.0288967</LatitudeDegrees>
      <LongitudeDegrees>-71.5446000</LongitudeDegrees>
     </Position>
     <AltitudeMeters>121.19</AltitudeMeters>
     <DistanceMeters>67692.47355900338</DistanceMeters>
    </Trackpoint>
    <Trackpoint>
     <Time>2026-07-19T02:47:29+00:00</Time>
     <Position>
      <LatitudeDegrees>-34.0296283</LatitudeDegrees>
      <LongitudeDegrees>-71.5452250</LongitudeDegrees>
     </Position>
     <AltitudeMeters>120.45000000000002</AltitudeMeters>
     <DistanceMeters>67792.24539498374</DistanceMeters>
    </Trackpoint>
    <Trackpoint>
     <Time>2026-07-19T02:47:38+00:00</Time>
     <Position>
      <LatitudeDegrees>-34.0303600</LatitudeDegrees>
      <LongitudeDegrees>-71.5458500</LongitudeDegrees>
     </Position>
     <AltitudeMeters>119.87</AltitudeMeters>
     <DistanceMeters>67892.01723416979</DistanceMeters>
    </Trackpoint>
    <Trackpoint>
     <Time>2026-07-19T02:47:46+00:00</Time>
     <Position>
      <LatitudeDegrees>-34.0305800</LatitudeDegrees>
      <LongitudeDegrees>-71.5460700</LongitudeDegrees>
     </Position>
     <AltitudeMeters>119.82000000000001</AltitudeMeters>
     <DistanceMeters>67923.81774409098</DistanceMeters>
    </Trackpoint>
    <Trackpoint>
     <Time>2026-07-19T02:47:55+00:00</Time>
     <Position>
      <LatitudeDegrees>-34.0308600</LatitudeDegrees>
      <LongitudeDegrees>-71.5464700</LongitudeDegrees>
     </Position>
     <AltitudeMeters>119.56000000000002</AltitudeMeters>
     <DistanceMeters>67972.11147362202</DistanceMeters>
    </Trackpoint>
    <Trackpoint>
     <Time>2026-07-19T02:48:03+00:00</Time>
     <Position>
      <LatitudeDegrees>-34.0311000</LatitudeDegrees>
      <LongitudeDegrees>-71.5469200</LongitudeDegrees>
     </Position>
     <AltitudeMeters>119.37</AltitudeMeters>
     <DistanceMeters>68021.46924109916</DistanceMeters>
    </Trackpoint>
    <Trackpoint>
     <Time>2026-07-19T02:48:12+00:00</Time>
     <Position>
      <LatitudeDegrees>-34.0313050</LatitudeDegrees>
      <LongitudeDegrees>-71.5479250</LongitudeDegrees>
     </Position>
     <AltitudeMeters>118.79</AltitudeMeters>
     <DistanceMeters>68116.93105470165</DistanceMeters>
    </Trackpoint>
    <Trackpoint>
     <Time>2026-07-19T02:48:20+00:00</Time>
     <Position>
      <LatitudeDegrees>-34.0315100</LatitudeDegrees>
      <LongitudeDegrees>-71.5489300</LongitudeDegrees>
     </Position>
     <AltitudeMeters>118.42000000000002</AltitudeMeters>
     <DistanceMeters>68212.39286830404</DistanceMeters>
    </Trackpoint>
    <Trackpoint>
     <Time>2026-07-19T02:48:29+00:00</Time>
     <Position>
      <LatitudeDegrees>-34.0317150</LatitudeDegrees>
      <LongitudeDegrees>-71.5499350</LongitudeDegrees>
     </Position>
     <AltitudeMeters>117.87000000000002</AltitudeMeters>
     <DistanceMeters>68307.85468190792</DistanceMeters>
    </Trackpoint>
    <Trackpoint>
     <Time>2026-07-19T02:48:38+00:00</Time>
     <Position>
      <LatitudeDegrees>-34.0319200</LatitudeDegrees>
      <LongitudeDegrees>-71.5509400</LongitudeDegrees>
     </Position>
     <AltitudeMeters>118.5</AltitudeMeters>
     <DistanceMeters>68403.31649490885</DistanceMeters>
    </Trackpoint>
    <Trackpoint>
     <Time>2026-07-19T02:48:46+00:00</Time>
     <Position>
      <LatitudeDegrees>-34.0320750</LatitudeDegrees>
      <LongitudeDegrees>-71.5516150</LongitudeDegrees>
     </Position>
     <AltitudeMeters>119.34000000000002</AltitudeMeters>
     <DistanceMeters>68467.91988111837</DistanceMeters>
    </Trackpoint>
    <Trackpoint>
     <Time>2026-07-19T02:48:55+00:00</Time>
     <Position>
      <LatitudeDegrees>-34.0322300</LatitudeDegrees>
      <LongitudeDegrees>-71.5522900</LongitudeDegrees>
     </Position>
     <AltitudeMeters>120.57000000000001</AltitudeMeters>
     <DistanceMeters>68532.52325692223</DistanceMeters>
    </Trackpoint>
    <Trackpoint>
     <Time>2026-07-19T02:49:03+00:00</Time>
     <Position>
      <LatitudeDegrees>-34.0322800</LatitudeDegrees>
      <LongitudeDegrees>-71.5530100</LongitudeDegrees>
     </Position>
     <AltitudeMeters>122.57000000000001</AltitudeMeters>
     <DistanceMeters>68599.1639445684</DistanceMeters>
    </Trackpoint>
    <Trackpoint>
     <Time>2026-07-19T02:49:12+00:00</Time>
     <Position>
      <LatitudeDegrees>-34.0322600</LatitudeDegrees>
      <LongitudeDegrees>-71.5532700</LongitudeDegrees>
     </Position>
     <AltitudeMeters>122.89000000000001</AltitudeMeters>
     <DistanceMeters>68623.2476696551</DistanceMeters>
    </Trackpoint>
    <Trackpoint>
     <Time>2026-07-19T02:49:20+00:00</Time>
     <Position>
      <LatitudeDegrees>-34.0322200</LatitudeDegrees>
      <LongitudeDegrees>-71.5535000</LongitudeDegrees>
     </Position>
     <AltitudeMeters>123.01</AltitudeMeters>
     <DistanceMeters>68644.92341088445</DistanceMeters>
    </Trackpoint>
    <Trackpoint>
     <Time>2026-07-19T02:49:29+00:00</Time>
     <Position>
      <LatitudeDegrees>-34.0319267</LatitudeDegrees>
      <LongitudeDegrees>-71.5545033</LongitudeDegrees>
     </Position>
     <AltitudeMeters>122.19</AltitudeMeters>
     <DistanceMeters>68743.05437144832</DistanceMeters>
    </Trackpoint>
    <Trackpoint>
     <Time>2026-07-19T02:49:38+00:00</Time>
     <Position>
      <LatitudeDegrees>-34.0316333</LatitudeDegrees>
      <LongitudeDegrees>-71.5555067</LongitudeDegrees>
     </Position>
     <AltitudeMeters>120.39000000000001</AltitudeMeters>
     <DistanceMeters>68841.18533201324</DistanceMeters>
    </Trackpoint>
    <Trackpoint>
     <Time>2026-07-19T02:49:46+00:00</Time>
     <Position>
      <LatitudeDegrees>-34.0313400</LatitudeDegrees>
      <LongitudeDegrees>-71.5565100</LongitudeDegrees>
     </Position>
     <AltitudeMeters>119.04</AltitudeMeters>
     <DistanceMeters>68939.31628600808</DistanceMeters>
    </Trackpoint>
    <Trackpoint>
     <Time>2026-07-19T02:49:55+00:00</Time>
     <Position>
      <LatitudeDegrees>-34.0313000</LatitudeDegrees>
      <LongitudeDegrees>-71.5568200</LongitudeDegrees>
     </Position>
     <AltitudeMeters>118.59000000000002</AltitudeMeters>
     <DistanceMeters>68968.25340438806</DistanceMeters>
    </Trackpoint>
    <Trackpoint>
     <Time>2026-07-19T02:50:03+00:00</Time>
     <Position>
      <LatitudeDegrees>-34.0312900</LatitudeDegrees>
      <LongitudeDegrees>-71.5574450</LongitudeDegrees>
     </Position>
     <AltitudeMeters>117.80000000000001</AltitudeMeters>
     <DistanceMeters>69025.91059882774</DistanceMeters>
    </Trackpoint>
    <Trackpoint>
     <Time>2026-07-19T02:50:12+00:00</Time>
     <Position>
      <LatitudeDegrees>-34.0312800</LatitudeDegrees>
      <LongitudeDegrees>-71.5580700</LongitudeDegrees>
     </Position>
     <AltitudeMeters>116.71000000000001</AltitudeMeters>
     <DistanceMeters>69083.56776276809</DistanceMeters>
    </Trackpoint>
    <Trackpoint>
     <Time>2026-07-19T02:50:20+00:00</Time>
     <Position>
      <LatitudeDegrees>-34.0312900</LatitudeDegrees>
      <LongitudeDegrees>-71.5590550</LongitudeDegrees>
     </Position>
     <AltitudeMeters>115.52000000000001</AltitudeMeters>
     <DistanceMeters>69174.42536132273</DistanceMeters>
    </Trackpoint>
    <Trackpoint>
     <Time>2026-07-19T02:50:29+00:00</Time>
     <Position>
      <LatitudeDegrees>-34.0313000</LatitudeDegrees>
      <LongitudeDegrees>-71.5600400</LongitudeDegrees>
     </Position>
     <AltitudeMeters>114.25</AltitudeMeters>
     <DistanceMeters>69265.28296419932</DistanceMeters>
    </Trackpoint>
    <Trackpoint>
     <Time>2026-07-19T02:50:38+00:00</Time>
     <Position>
      <LatitudeDegrees>-34.0313300</LatitudeDegrees>
      <LongitudeDegrees>-71.5609400</LongitudeDegrees>
     </Position>
     <AltitudeMeters>111.91000000000001</AltitudeMeters>
     <DistanceMeters>69348.36091823224</DistanceMeters>
    </Trackpoint>
    <Trackpoint>
     <Time>2026-07-19T02:50:46+00:00</Time>
     <Position>
      <LatitudeDegrees>-34.0313600</LatitudeDegrees>
      <LongitudeDegrees>-71.5618400</LongitudeDegrees>
     </Position>
     <AltitudeMeters>112.57000000000001</AltitudeMeters>
     <DistanceMeters>69431.43886512793</DistanceMeters>
    </Trackpoint>
    <Trackpoint>
     <Time>2026-07-19T02:50:55+00:00</Time>
     <Position>
      <LatitudeDegrees>-34.0314100</LatitudeDegrees>
      <LongitudeDegrees>-71.5621000</LongitudeDegrees>
     </Position>
     <AltitudeMeters>113.86</AltitudeMeters>
     <DistanceMeters>69456.05694670769</DistanceMeters>
    </Trackpoint>
    <Trackpoint>
     <Time>2026-07-19T02:51:03+00:00</Time>
     <Position>
      <LatitudeDegrees>-34.0314600</LatitudeDegrees>
      <LongitudeDegrees>-71.5622900</LongitudeDegrees>
     </Position>
     <AltitudeMeters>114.28</AltitudeMeters>
     <DistanceMeters>69474.44374784948</DistanceMeters>
    </Trackpoint>
    <Trackpoint>
     <Time>2026-07-19T02:51:12+00:00</Time>
     <Position>
      <LatitudeDegrees>-34.0315700</LatitudeDegrees>
      <LongitudeDegrees>-71.5625100</LongitudeDegrees>
     </Position>
     <AltitudeMeters>115.07000000000001</AltitudeMeters>
     <DistanceMeters>69498.14235651528</DistanceMeters>
    </Trackpoint>
    <Trackpoint>
     <Time>2026-07-19T02:51:20+00:00</Time>
     <Position>
      <LatitudeDegrees>-34.0317500</LatitudeDegrees>
      <LongitudeDegrees>-71.5627700</LongitudeDegrees>
     </Position>
     <AltitudeMeters>115.52000000000001</AltitudeMeters>
     <DistanceMeters>69529.38990662308</DistanceMeters>
    </Trackpoint>
    <Trackpoint>
     <Time>2026-07-19T02:51:29+00:00</Time>
     <Position>
      <LatitudeDegrees>-34.0323720</LatitudeDegrees>
      <LongitudeDegrees>-71.5634960</LongitudeDegrees>
     </Position>
     <AltitudeMeters>114.38000000000001</AltitudeMeters>
     <DistanceMeters>69625.70157217541</DistanceMeters>
    </Trackpoint>
    <Trackpoint>
     <Time>2026-07-19T02:51:38+00:00</Time>
     <Position>
      <LatitudeDegrees>-34.0329940</LatitudeDegrees>
      <LongitudeDegrees>-71.5642220</LongitudeDegrees>
     </Position>
     <AltitudeMeters>111.03</AltitudeMeters>
     <DistanceMeters>69722.0132377293</DistanceMeters>
    </Trackpoint>
    <Trackpoint>
     <Time>2026-07-19T02:51:46+00:00</Time>
     <Position>
      <LatitudeDegrees>-34.0336160</LatitudeDegrees>
      <LongitudeDegrees>-71.5649480</LongitudeDegrees>
     </Position>
     <AltitudeMeters>102.84000000000002</AltitudeMeters>
     <DistanceMeters>69818.32490328158</DistanceMeters>
    </Trackpoint>
    <Trackpoint>
     <Time>2026-07-19T02:51:55+00:00</Time>
     <Position>
      <LatitudeDegrees>-34.0342380</LatitudeDegrees>
      <LongitudeDegrees>-71.5656740</LongitudeDegrees>
     </Position>
     <AltitudeMeters>97.78</AltitudeMeters>
     <DistanceMeters>69914.636568834</DistanceMeters>
    </Trackpoint>
    <Trackpoint>
     <Time>2026-07-19T02:52:03+00:00</Time>
     <Position>
      <LatitudeDegrees>-34.0348600</LatitudeDegrees>
      <LongitudeDegrees>-71.5664000</LongitudeDegrees>
     </Position>
     <AltitudeMeters>94.99000000000001</AltitudeMeters>
     <DistanceMeters>70010.9482340922</DistanceMeters>
    </Trackpoint>
    <Trackpoint>
     <Time>2026-07-19T02:52:12+00:00</Time>
     <Position>
      <LatitudeDegrees>-34.0350100</LatitudeDegrees>
      <LongitudeDegrees>-71.5666300</LongitudeDegrees>
     </Position>
     <AltitudeMeters>94.77000000000001</AltitudeMeters>
     <DistanceMeters>70037.94252586304</DistanceMeters>
    </Trackpoint>
    <Trackpoint>
     <Time>2026-07-19T02:52:20+00:00</Time>
     <Position>
      <LatitudeDegrees>-34.0350800</LatitudeDegrees>
      <LongitudeDegrees>-71.5668000</LongitudeDegrees>
     </Position>
     <AltitudeMeters>94.81</AltitudeMeters>
     <DistanceMeters>70055.45053252918</DistanceMeters>
    </Trackpoint>
    <Trackpoint>
     <Time>2026-07-19T02:52:29+00:00</Time>
     <Position>
      <LatitudeDegrees>-34.0351300</LatitudeDegrees>
      <LongitudeDegrees>-71.5669900</LongitudeDegrees>
     </Position>
     <AltitudeMeters>94.92</AltitudeMeters>
     <DistanceMeters>70073.8366111526</DistanceMeters>
    </Trackpoint>
    <Trackpoint>
     <Time>2026-07-19T02:52:38+00:00</Time>
     <Position>
      <LatitudeDegrees>-34.0351700</LatitudeDegrees>
      <LongitudeDegrees>-71.5672600</LongitudeDegrees>
     </Position>
     <AltitudeMeters>95.14</AltitudeMeters>
     <DistanceMeters>70099.1335422075</DistanceMeters>
    </Trackpoint>
    <Trackpoint>
     <Time>2026-07-19T02:52:46+00:00</Time>
     <Position>
      <LatitudeDegrees>-34.0351700</LatitudeDegrees>
      <LongitudeDegrees>-71.5675700</LongitudeDegrees>
     </Position>
     <AltitudeMeters>95.67</AltitudeMeters>
     <DistanceMeters>70127.72486707654</DistanceMeters>
    </Trackpoint>
    <Trackpoint>
     <Time>2026-07-19T02:52:55+00:00</Time>
     <Position>
      <LatitudeDegrees>-34.0350450</LatitudeDegrees>
      <LongitudeDegrees>-71.5684000</LongitudeDegrees>
     </Position>
     <AltitudeMeters>99.34</AltitudeMeters>
     <DistanceMeters>70205.52980539633</DistanceMeters>
    </Trackpoint>
    <Trackpoint>
     <Time>2026-07-19T02:53:03+00:00</Time>
     <Position>
      <LatitudeDegrees>-34.0349200</LatitudeDegrees>
      <LongitudeDegrees>-71.5692300</LongitudeDegrees>
     </Position>
     <AltitudeMeters>104.45000000000002</AltitudeMeters>
     <DistanceMeters>70283.3347688649</DistanceMeters>
    </Trackpoint>
    <Trackpoint>
     <Time>2026-07-19T02:53:12+00:00</Time>
     <Position>
      <LatitudeDegrees>-34.0347700</LatitudeDegrees>
      <LongitudeDegrees>-71.5700667</LongitudeDegrees>
     </Position>
     <AltitudeMeters>108.77000000000001</AltitudeMeters>
     <DistanceMeters>70362.28623301403</DistanceMeters>
    </Trackpoint>
    <Trackpoint>
     <Time>2026-07-19T02:53:20+00:00</Time>
     <Position>
      <LatitudeDegrees>-34.0346200</LatitudeDegrees>
      <LongitudeDegrees>-71.5709033</LongitudeDegrees>
     </Position>
     <AltitudeMeters>112.68</AltitudeMeters>
     <DistanceMeters>70441.23769716501</DistanceMeters>
    </Trackpoint>
    <Trackpoint>
     <Time>2026-07-19T02:53:29+00:00</Time>
     <Position>
      <LatitudeDegrees>-34.0344700</LatitudeDegrees>
      <LongitudeDegrees>-71.5717400</LongitudeDegrees>
     </Position>
     <AltitudeMeters>114.52000000000001</AltitudeMeters>
     <DistanceMeters>70520.18916664661</DistanceMeters>
    </Trackpoint>
    <Trackpoint>
     <Time>2026-07-19T02:53:38+00:00</Time>
     <Position>
      <LatitudeDegrees>-34.0343150</LatitudeDegrees>
      <LongitudeDegrees>-71.5726950</LongitudeDegrees>
     </Position>
     <AltitudeMeters>114.58000000000001</AltitudeMeters>
     <DistanceMeters>70609.94320230492</DistanceMeters>
    </Trackpoint>
    <Trackpoint>
     <Time>2026-07-19T02:53:46+00:00</Time>
     <Position>
      <LatitudeDegrees>-34.0341600</LatitudeDegrees>
      <LongitudeDegrees>-71.5736500</LongitudeDegrees>
     </Position>
     <AltitudeMeters>114.85000000000001</AltitudeMeters>
     <DistanceMeters>70699.69722516094</DistanceMeters>
    </Trackpoint>
    <Trackpoint>
     <Time>2026-07-19T02:53:55+00:00</Time>
     <Position>
      <LatitudeDegrees>-34.0341400</LatitudeDegrees>
      <LongitudeDegrees>-71.5740500</LongitudeDegrees>
     </Position>
     <AltitudeMeters>115.10000000000001</AltitudeMeters>
     <DistanceMeters>70736.65679025454</DistanceMeters>
    </Trackpoint>
    <Trackpoint>
     <Time>2026-07-19T02:54:03+00:00</Time>
     <Position>
      <LatitudeDegrees>-34.0341600</LatitudeDegrees>
      <LongitudeDegrees>-71.5744100</LongitudeDegrees>
     </Position>
     <AltitudeMeters>115.12</AltitudeMeters>
     <DistanceMeters>70769.9345462997</DistanceMeters>
    </Trackpoint>
    <Trackpoint>
     <Time>2026-07-19T02:54:12+00:00</Time>
     <Position>
      <LatitudeDegrees>-34.0342667</LatitudeDegrees>
      <LongitudeDegrees>-71.5751267</LongitudeDegrees>
     </Position>
     <AltitudeMeters>114.96000000000001</AltitudeMeters>
     <DistanceMeters>70837.09105656865</DistanceMeters>
    </Trackpoint>
    <Trackpoint>
     <Time>2026-07-19T02:54:20+00:00</Time>
     <Position>
      <LatitudeDegrees>-34.0343733</LatitudeDegrees>
      <LongitudeDegrees>-71.5758433</LongitudeDegrees>
     </Position>
     <AltitudeMeters>115.09</AltitudeMeters>
     <DistanceMeters>70904.24756683758</DistanceMeters>
    </Trackpoint>
    <Trackpoint>
     <Time>2026-07-19T02:54:29+00:00</Time>
     <Position>
      <LatitudeDegrees>-34.0344800</LatitudeDegrees>
      <LongitudeDegrees>-71.5765600</LongitudeDegrees>
     </Position>
     <AltitudeMeters>115.35000000000001</AltitudeMeters>
     <DistanceMeters>70971.40406278668</DistanceMeters>
    </Trackpoint>
    <Trackpoint>
     <Time>2026-07-19T02:54:38+00:00</Time>
     <Position>
      <LatitudeDegrees>-34.0346350</LatitudeDegrees>
      <LongitudeDegrees>-71.5774100</LongitudeDegrees>
     </Position>
     <AltitudeMeters>115.11</AltitudeMeters>
     <DistanceMeters>71051.67567983572</DistanceMeters>
    </Trackpoint>
    <Trackpoint>
     <Time>2026-07-19T02:54:46+00:00</Time>
     <Position>
      <LatitudeDegrees>-34.0347900</LatitudeDegrees>
      <LongitudeDegrees>-71.5782600</LongitudeDegrees>
     </Position>
     <AltitudeMeters>114.56</AltitudeMeters>
     <DistanceMeters>71131.94731274182</DistanceMeters>
    </Trackpoint>
    <Trackpoint>
     <Time>2026-07-19T02:54:55+00:00</Time>
     <Position>
      <LatitudeDegrees>-34.0349975</LatitudeDegrees>
      <LongitudeDegrees>-71.5792350</LongitudeDegrees>
     </Position>
     <AltitudeMeters>113.4</AltitudeMeters>
     <DistanceMeters>71224.78967479672</DistanceMeters>
    </Trackpoint>
    <Trackpoint>
     <Time>2026-07-19T02:55:03+00:00</Time>
     <Position>
      <LatitudeDegrees>-34.0352050</LatitudeDegrees>
      <LongitudeDegrees>-71.5802100</LongitudeDegrees>
     </Position>
     <AltitudeMeters>112.72000000000001</AltitudeMeters>
     <DistanceMeters>71317.63203685262</DistanceMeters>
    </Trackpoint>
    <Trackpoint>
     <Time>2026-07-19T02:55:12+00:00</Time>
     <Position>
      <LatitudeDegrees>-34.0354125</LatitudeDegrees>
      <LongitudeDegrees>-71.5811850</LongitudeDegrees>
     </Position>
     <AltitudeMeters>111.81</AltitudeMeters>
     <DistanceMeters>71410.47439890828</DistanceMeters>
    </Trackpoint>
    <Trackpoint>
     <Time>2026-07-19T02:55:20+00:00</Time>
     <Position>
      <LatitudeDegrees>-34.0356200</LatitudeDegrees>
      <LongitudeDegrees>-71.5821600</LongitudeDegrees>
     </Position>
     <AltitudeMeters>110.68</AltitudeMeters>
     <DistanceMeters>71503.31676114204</DistanceMeters>
    </Trackpoint>
    <Trackpoint>
     <Time>2026-07-19T02:55:29+00:00</Time>
     <Position>
      <LatitudeDegrees>-34.0357000</LatitudeDegrees>
      <LongitudeDegrees>-71.5828100</LongitudeDegrees>
     </Position>
     <AltitudeMeters>110.50000000000001</AltitudeMeters>
     <DistanceMeters>71563.92354578772</DistanceMeters>
    </Trackpoint>
    <Trackpoint>
     <Time>2026-07-19T02:55:38+00:00</Time>
     <Position>
      <LatitudeDegrees>-34.0356400</LatitudeDegrees>
      <LongitudeDegrees>-71.5837200</LongitudeDegrees>
     </Position>
     <AltitudeMeters>111.48</AltitudeMeters>
     <DistanceMeters>71648.11765982036</DistanceMeters>
    </Trackpoint>
    <Trackpoint>
     <Time>2026-07-19T02:55:46+00:00</Time>
     <Position>
      <LatitudeDegrees>-34.0356200</LatitudeDegrees>
      <LongitudeDegrees>-71.5845800</LongitudeDegrees>
     </Position>
     <AltitudeMeters>112.10000000000001</AltitudeMeters>
     <DistanceMeters>71727.46632586732</DistanceMeters>
    </Trackpoint>
    <Trackpoint>
     <Time>2026-07-19T02:55:55+00:00</Time>
     <Position>
      <LatitudeDegrees>-34.0356500</LatitudeDegrees>
      <LongitudeDegrees>-71.5848100</LongitudeDegrees>
     </Position>
     <AltitudeMeters>112.18</AltitudeMeters>
     <DistanceMeters>71748.94028757703</DistanceMeters>
    </Trackpoint>
    <Trackpoint>
     <Time>2026-07-19T02:56:03+00:00</Time>
     <Position>
      <LatitudeDegrees>-34.0358600</LatitudeDegrees>
      <LongitudeDegrees>-71.5855600</LongitudeDegrees>
     </Position>
     <AltitudeMeters>112.33000000000001</AltitudeMeters>
     <DistanceMeters>71821.95420271531</DistanceMeters>
    </Trackpoint>
    <Trackpoint>
     <Time>2026-07-19T02:56:12+00:00</Time>
     <Position>
      <LatitudeDegrees>-34.0359800</LatitudeDegrees>
      <LongitudeDegrees>-71.5860100</LongitudeDegrees>
     </Position>
     <AltitudeMeters>113.30000000000001</AltitudeMeters>
     <DistanceMeters>71865.553307496</DistanceMeters>
    </Trackpoint>
    <Trackpoint>
     <Time>2026-07-19T02:56:20+00:00</Time>
     <Position>
      <LatitudeDegrees>-34.0361500</LatitudeDegrees>
      <LongitudeDegrees>-71.5864200</LongitudeDegrees>
     </Position>
     <AltitudeMeters>113.71000000000001</AltitudeMeters>
     <DistanceMeters>71907.83651984451</DistanceMeters>
    </Trackpoint>
    <Trackpoint>
     <Time>2026-07-19T02:56:29+00:00</Time>
     <Position>
      <LatitudeDegrees>-34.0363100</LatitudeDegrees>
      <LongitudeDegrees>-71.5866300</LongitudeDegrees>
     </Position>
     <AltitudeMeters>114.08000000000001</AltitudeMeters>
     <DistanceMeters>71934.14664272845</DistanceMeters>
    </Trackpoint>
    <Trackpoint>
     <Time>2026-07-19T02:56:38+00:00</Time>
     <Position>
      <LatitudeDegrees>-34.0364500</LatitudeDegrees>
      <LongitudeDegrees>-71.5867700</LongitudeDegrees>
     </Position>
     <AltitudeMeters>114.14</AltitudeMeters>
     <DistanceMeters>71954.3827568967</DistanceMeters>
    </Trackpoint>
    <Trackpoint>
     <Time>2026-07-19T02:56:46+00:00</Time>
     <Position>
      <LatitudeDegrees>-34.0371200</LatitudeDegrees>
      <LongitudeDegrees>-71.5872100</LongitudeDegrees>
     </Position>
     <AltitudeMeters>114.47000000000001</AltitudeMeters>
     <DistanceMeters>72039.277846689</DistanceMeters>
    </Trackpoint>
    <Trackpoint>
     <Time>2026-07-19T02:56:55+00:00</Time>
     <Position>
      <LatitudeDegrees>-34.0372300</LatitudeDegrees>
      <LongitudeDegrees>-71.5873500</LongitudeDegrees>
     </Position>
     <AltitudeMeters>114.55000000000001</AltitudeMeters>
     <DistanceMeters>72057.07101194063</DistanceMeters>
    </Trackpoint>
    <Trackpoint>
     <Time>2026-07-19T02:57:03+00:00</Time>
     <Position>
      <LatitudeDegrees>-34.0375200</LatitudeDegrees>
      <LongitudeDegrees>-71.5876100</LongitudeDegrees>
     </Position>
     <AltitudeMeters>114.96000000000001</AltitudeMeters>
     <DistanceMeters>72097.27954041123</DistanceMeters>
    </Trackpoint>
    <Trackpoint>
     <Time>2026-07-19T02:57:12+00:00</Time>
     <Position>
      <LatitudeDegrees>-34.0378100</LatitudeDegrees>
      <LongitudeDegrees>-71.5877500</LongitudeDegrees>
     </Position>
     <AltitudeMeters>115.16000000000001</AltitudeMeters>
     <DistanceMeters>72132.04215306342</DistanceMeters>
    </Trackpoint>
    <Trackpoint>
     <Time>2026-07-19T02:57:20+00:00</Time>
     <Position>
      <LatitudeDegrees>-34.0380100</LatitudeDegrees>
      <LongitudeDegrees>-71.5878000</LongitudeDegrees>
     </Position>
     <AltitudeMeters>115.37000000000002</AltitudeMeters>
     <DistanceMeters>72154.7739309517</DistanceMeters>
    </Trackpoint>
    <Trackpoint>
     <Time>2026-07-19T02:57:29+00:00</Time>
     <Position>
      <LatitudeDegrees>-34.0385800</LatitudeDegrees>
      <LongitudeDegrees>-71.5878200</LongitudeDegrees>
     </Position>
     <AltitudeMeters>116.46000000000001</AltitudeMeters>
     <DistanceMeters>72218.23927832195</DistanceMeters>
    </Trackpoint>
    <Trackpoint>
     <Time>2026-07-19T02:57:38+00:00</Time>
     <Position>
      <LatitudeDegrees>-34.0390700</LatitudeDegrees>
      <LongitudeDegrees>-71.5878000</LongitudeDegrees>
     </Position>
     <AltitudeMeters>116.23000000000002</AltitudeMeters>
     <DistanceMeters>72272.805345778</DistanceMeters>
    </Trackpoint>
    <Trackpoint>
     <Time>2026-07-19T02:57:46+00:00</Time>
     <Position>
      <LatitudeDegrees>-34.0396300</LatitudeDegrees>
      <LongitudeDegrees>-71.5877350</LongitudeDegrees>
     </Position>
     <AltitudeMeters>116.18</AltitudeMeters>
     <DistanceMeters>72335.41855439817</DistanceMeters>
    </Trackpoint>
    <Trackpoint>
     <Time>2026-07-19T02:57:55+00:00</Time>
     <Position>
      <LatitudeDegrees>-34.0401900</LatitudeDegrees>
      <LongitudeDegrees>-71.5876700</LongitudeDegrees>
     </Position>
     <AltitudeMeters>116.48000000000002</AltitudeMeters>
     <DistanceMeters>72398.03175979569</DistanceMeters>
    </Trackpoint>
    <Trackpoint>
     <Time>2026-07-19T02:58:03+00:00</Time>
     <Position>
      <LatitudeDegrees>-34.0403600</LatitudeDegrees>
      <LongitudeDegrees>-71.5876700</LongitudeDegrees>
     </Position>
     <AltitudeMeters>116.18</AltitudeMeters>
     <DistanceMeters>72416.95202530031</DistanceMeters>
    </Trackpoint>
    <Trackpoint>
     <Time>2026-07-19T02:58:12+00:00</Time>
     <Position>
      <LatitudeDegrees>-34.0407000</LatitudeDegrees>
      <LongitudeDegrees>-71.5877900</LongitudeDegrees>
     </Position>
     <AltitudeMeters>115.65</AltitudeMeters>
     <DistanceMeters>72456.37768053183</DistanceMeters>
    </Trackpoint>
    <Trackpoint>
     <Time>2026-07-19T02:58:20+00:00</Time>
     <Position>
      <LatitudeDegrees>-34.0408800</LatitudeDegrees>
      <LongitudeDegrees>-71.5878800</LongitudeDegrees>
     </Position>
     <AltitudeMeters>115.65</AltitudeMeters>
     <DistanceMeters>72478.0622973469</DistanceMeters>
    </Trackpoint>
    <Trackpoint>
     <Time>2026-07-19T02:58:29+00:00</Time>
     <Position>
      <LatitudeDegrees>-34.0410300</LatitudeDegrees>
      <LongitudeDegrees>-71.5879800</LongitudeDegrees>
     </Position>
     <AltitudeMeters>115.4</AltitudeMeters>
     <DistanceMeters>72497.13462444066</DistanceMeters>
    </Trackpoint>
    <Trackpoint>
     <Time>2026-07-19T02:58:38+00:00</Time>
     <Position>
      <LatitudeDegrees>-34.0411900</LatitudeDegrees>
      <LongitudeDegrees>-71.5881500</LongitudeDegrees>
     </Position>
     <AltitudeMeters>115.35000000000001</AltitudeMeters>
     <DistanceMeters>72520.86014697535</DistanceMeters>
    </Trackpoint>
    <Trackpoint>
     <Time>2026-07-19T02:58:46+00:00</Time>
     <Position>
      <LatitudeDegrees>-34.0413300</LatitudeDegrees>
      <LongitudeDegrees>-71.5883400</LongitudeDegrees>
     </Position>
     <AltitudeMeters>115.35000000000001</AltitudeMeters>
     <DistanceMeters>72544.30831061432</DistanceMeters>
    </Trackpoint>
    <Trackpoint>
     <Time>2026-07-19T02:58:55+00:00</Time>
     <Position>
      <LatitudeDegrees>-34.0414600</LatitudeDegrees>
      <LongitudeDegrees>-71.5885700</LongitudeDegrees>
     </Position>
     <AltitudeMeters>115.06</AltitudeMeters>
     <DistanceMeters>72569.98432225041</DistanceMeters>
    </Trackpoint>
    <Trackpoint>
     <Time>2026-07-19T02:59:03+00:00</Time>
     <Position>
      <LatitudeDegrees>-34.0415500</LatitudeDegrees>
      <LongitudeDegrees>-71.5888300</LongitudeDegrees>
     </Position>
     <AltitudeMeters>115.06</AltitudeMeters>
     <DistanceMeters>72595.97044201224</DistanceMeters>
    </Trackpoint>
    <Trackpoint>
     <Time>2026-07-19T02:59:12+00:00</Time>
     <Position>
      <LatitudeDegrees>-34.0416200</LatitudeDegrees>
      <LongitudeDegrees>-71.5891400</LongitudeDegrees>
     </Position>
     <AltitudeMeters>114.96000000000001</AltitudeMeters>
     <DistanceMeters>72625.60210054726</DistanceMeters>
    </Trackpoint>
    <Trackpoint>
     <Time>2026-07-19T02:59:20+00:00</Time>
     <Position>
      <LatitudeDegrees>-34.0416200</LatitudeDegrees>
      <LongitudeDegrees>-71.5898900</LongitudeDegrees>
     </Position>
     <AltitudeMeters>114.73</AltitudeMeters>
     <DistanceMeters>72694.76940091276</DistanceMeters>
    </Trackpoint>
    <Trackpoint>
     <Time>2026-07-19T02:59:29+00:00</Time>
     <Position>
      <LatitudeDegrees>-34.0414200</LatitudeDegrees>
      <LongitudeDegrees>-71.5904400</LongitudeDegrees>
     </Position>
     <AltitudeMeters>114.67</AltitudeMeters>
     <DistanceMeters>72750.16133324288</DistanceMeters>
    </Trackpoint>
    <Trackpoint>
     <Time>2026-07-19T02:59:38+00:00</Time>
     <Position>
      <LatitudeDegrees>-34.0411900</LatitudeDegrees>
      <LongitudeDegrees>-71.5907900</LongitudeDegrees>
     </Position>
     <AltitudeMeters>114.71000000000001</AltitudeMeters>
     <DistanceMeters>72791.35768858547</DistanceMeters>
    </Trackpoint>
    <Trackpoint>
     <Time>2026-07-19T02:59:46+00:00</Time>
     <Position>
      <LatitudeDegrees>-34.0410100</LatitudeDegrees>
      <LongitudeDegrees>-71.5909400</LongitudeDegrees>
     </Position>
     <AltitudeMeters>114.82000000000001</AltitudeMeters>
     <DistanceMeters>72815.70305693056</DistanceMeters>
    </Trackpoint>
    <Trackpoint>
     <Time>2026-07-19T02:59:55+00:00</Time>
     <Position>
      <LatitudeDegrees>-34.0402700</LatitudeDegrees>
      <LongitudeDegrees>-71.5914700</LongitudeDegrees>
     </Position>
     <AltitudeMeters>117.83</AltitudeMeters>
     <DistanceMeters>72911.47418277086</DistanceMeters>
    </Trackpoint>
    <Trackpoint>
     <Time>2026-07-19T03:00:03+00:00</Time>
     <Position>
      <LatitudeDegrees>-34.0401600</LatitudeDegrees>
      <LongitudeDegrees>-71.5917300</LongitudeDegrees>
     </Position>
     <AltitudeMeters>119.43</AltitudeMeters>
     <DistanceMeters>72938.39708794904</DistanceMeters>
    </Trackpoint>
    <Trackpoint>
     <Time>2026-07-19T03:00:12+00:00</Time>
     <Position>
      <LatitudeDegrees>-34.0401400</LatitudeDegrees>
      <LongitudeDegrees>-71.5918700</LongitudeDegrees>
     </Position>
     <AltitudeMeters>121.60000000000001</AltitudeMeters>
     <DistanceMeters>72951.49900821046</DistanceMeters>
    </Trackpoint>
    <Trackpoint>
     <Time>2026-07-19T03:00:20+00:00</Time>
     <Position>
      <LatitudeDegrees>-34.0402300</LatitudeDegrees>
      <LongitudeDegrees>-71.5921500</LongitudeDegrees>
     </Position>
     <AltitudeMeters>125.62</AltitudeMeters>
     <DistanceMeters>72979.19656120075</DistanceMeters>
    </Trackpoint>
    <Trackpoint>
     <Time>2026-07-19T03:00:29+00:00</Time>
     <Position>
      <LatitudeDegrees>-34.0403600</LatitudeDegrees>
      <LongitudeDegrees>-71.5923600</LongitudeDegrees>
     </Position>
     <AltitudeMeters>125.62</AltitudeMeters>
     <DistanceMeters>73003.37138441551</DistanceMeters>
    </Trackpoint>
    <Trackpoint>
     <Time>2026-07-19T03:00:38+00:00</Time>
     <Position>
      <LatitudeDegrees>-34.0405600</LatitudeDegrees>
      <LongitudeDegrees>-71.5925100</LongitudeDegrees>
     </Position>
     <AltitudeMeters>128.71</AltitudeMeters>
     <DistanceMeters>73029.57899748461</DistanceMeters>
    </Trackpoint>
    <Trackpoint>
     <Time>2026-07-19T03:00:46+00:00</Time>
     <Position>
      <LatitudeDegrees>-34.0407700</LatitudeDegrees>
      <LongitudeDegrees>-71.5925900</LongitudeDegrees>
     </Position>
     <AltitudeMeters>129.57000000000002</AltitudeMeters>
     <DistanceMeters>73054.08794573932</DistanceMeters>
    </Trackpoint>
    <Trackpoint>
     <Time>2026-07-19T03:00:55+00:00</Time>
     <Position>
      <LatitudeDegrees>-34.0411700</LatitudeDegrees>
      <LongitudeDegrees>-71.5925900</LongitudeDegrees>
     </Position>
     <AltitudeMeters>135.19</AltitudeMeters>
     <DistanceMeters>73098.60621751554</DistanceMeters>
    </Trackpoint>
    <Trackpoint>
     <Time>2026-07-19T03:01:03+00:00</Time>
     <Position>
      <LatitudeDegrees>-34.0413300</LatitudeDegrees>
      <LongitudeDegrees>-71.5926300</LongitudeDegrees>
     </Position>
     <AltitudeMeters>136.57000000000002</AltitudeMeters>
     <DistanceMeters>73116.79161035796</DistanceMeters>
    </Trackpoint>
    <Trackpoint>
     <Time>2026-07-19T03:01:12+00:00</Time>
     <Position>
      <LatitudeDegrees>-34.0414400</LatitudeDegrees>
      <LongitudeDegrees>-71.5926800</LongitudeDegrees>
     </Position>
     <AltitudeMeters>138.02</AltitudeMeters>
     <DistanceMeters>73129.87374569938</DistanceMeters>
    </Trackpoint>
    <Trackpoint>
     <Time>2026-07-19T03:01:20+00:00</Time>
     <Position>
      <LatitudeDegrees>-34.0416200</LatitudeDegrees>
      <LongitudeDegrees>-71.5928500</LongitudeDegrees>
     </Position>
     <AltitudeMeters>139.07</AltitudeMeters>
     <DistanceMeters>73155.31245119558</DistanceMeters>
    </Trackpoint>
    <Trackpoint>
     <Time>2026-07-19T03:01:29+00:00</Time>
     <Position>
      <LatitudeDegrees>-34.0417300</LatitudeDegrees>
      <LongitudeDegrees>-71.5931200</LongitudeDegrees>
     </Position>
     <AltitudeMeters>143.3</AltitudeMeters>
     <DistanceMeters>73183.0595225497</DistanceMeters>
    </Trackpoint>
    <Trackpoint>
     <Time>2026-07-19T03:01:38+00:00</Time>
     <Position>
      <LatitudeDegrees>-34.0418400</LatitudeDegrees>
      <LongitudeDegrees>-71.5932100</LongitudeDegrees>
     </Position>
     <AltitudeMeters>145.07</AltitudeMeters>
     <DistanceMeters>73197.85041184846</DistanceMeters>
    </Trackpoint>
    <Trackpoint>
     <Time>2026-07-19T03:01:46+00:00</Time>
     <Position>
      <LatitudeDegrees>-34.0419800</LatitudeDegrees>
      <LongitudeDegrees>-71.5933000</LongitudeDegrees>
     </Position>
     <AltitudeMeters>145.07</AltitudeMeters>
     <DistanceMeters>73215.50460866254</DistanceMeters>
    </Trackpoint>
    <Trackpoint>
     <Time>2026-07-19T03:01:55+00:00</Time>
     <Position>
      <LatitudeDegrees>-34.0421500</LatitudeDegrees>
      <LongitudeDegrees>-71.5933500</LongitudeDegrees>
     </Position>
     <AltitudeMeters>148.06000000000003</AltitudeMeters>
     <DistanceMeters>73234.97866727716</DistanceMeters>
    </Trackpoint>
    <Trackpoint>
     <Time>2026-07-19T03:02:03+00:00</Time>
     <Position>
      <LatitudeDegrees>-34.0423300</LatitudeDegrees>
      <LongitudeDegrees>-71.5933100</LongitudeDegrees>
     </Position>
     <AltitudeMeters>148.06000000000003</AltitudeMeters>
     <DistanceMeters>73255.34869298451</DistanceMeters>
    </Trackpoint>
    <Trackpoint>
     <Time>2026-07-19T03:02:12+00:00</Time>
     <Position>
      <LatitudeDegrees>-34.0424500</LatitudeDegrees>
      <LongitudeDegrees>-71.5932100</LongitudeDegrees>
     </Position>
     <AltitudeMeters>151.42</AltitudeMeters>
     <DistanceMeters>73271.57885884268</DistanceMeters>
    </Trackpoint>
    <Trackpoint>
     <Time>2026-07-19T03:02:20+00:00</Time>
     <Position>
      <LatitudeDegrees>-34.0428000</LatitudeDegrees>
      <LongitudeDegrees>-71.5928100</LongitudeDegrees>
     </Position>
     <AltitudeMeters>154.32000000000002</AltitudeMeters>
     <DistanceMeters>73325.22731659765</DistanceMeters>
    </Trackpoint>
    <Trackpoint>
     <Time>2026-07-19T03:02:29+00:00</Time>
     <Position>
      <LatitudeDegrees>-34.0429200</LatitudeDegrees>
      <LongitudeDegrees>-71.5927200</LongitudeDegrees>
     </Position>
     <AltitudeMeters>156.04000000000002</AltitudeMeters>
     <DistanceMeters>73340.9517604615</DistanceMeters>
    </Trackpoint>
    <Trackpoint>
     <Time>2026-07-19T03:02:38+00:00</Time>
     <Position>
      <LatitudeDegrees>-34.0430700</LatitudeDegrees>
      <LongitudeDegrees>-71.5926800</LongitudeDegrees>
     </Position>
     <AltitudeMeters>157.94000000000003</AltitudeMeters>
     <DistanceMeters>73358.04880977499</DistanceMeters>
    </Trackpoint>
    <Trackpoint>
     <Time>2026-07-19T03:02:46+00:00</Time>
     <Position>
      <LatitudeDegrees>-34.0433400</LatitudeDegrees>
      <LongitudeDegrees>-71.5926900</LongitudeDegrees>
     </Position>
     <AltitudeMeters>161.03</AltitudeMeters>
     <DistanceMeters>73388.11279101399</DistanceMeters>
    </Trackpoint>
    <Trackpoint>
     <Time>2026-07-19T03:02:55+00:00</Time>
     <Position>
      <LatitudeDegrees>-34.0439650</LatitudeDegrees>
      <LongitudeDegrees>-71.5928600</LongitudeDegrees>
     </Position>
     <AltitudeMeters>167.67000000000002</AltitudeMeters>
     <DistanceMeters>73459.41741108375</DistanceMeters>
    </Trackpoint>
    <Trackpoint>
     <Time>2026-07-19T03:03:03+00:00</Time>
     <Position>
      <LatitudeDegrees>-34.0445900</LatitudeDegrees>
      <LongitudeDegrees>-71.5930300</LongitudeDegrees>
     </Position>
     <AltitudeMeters>171.18000000000004</AltitudeMeters>
     <DistanceMeters>73530.722038326</DistanceMeters>
    </Trackpoint>
    <Trackpoint>
     <Time>2026-07-19T03:03:12+00:00</Time>
     <Position>
      <LatitudeDegrees>-34.0452100</LatitudeDegrees>
      <LongitudeDegrees>-71.5931900</LongitudeDegrees>
     </Position>
     <AltitudeMeters>181.42000000000002</AltitudeMeters>
     <DistanceMeters>73601.28526833617</DistanceMeters>
    </Trackpoint>
    <Trackpoint>
     <Time>2026-07-19T03:03:20+00:00</Time>
     <Position>
      <LatitudeDegrees>-34.0458300</LatitudeDegrees>
      <LongitudeDegrees>-71.5933500</LongitudeDegrees>
     </Position>
     <AltitudeMeters>186.38000000000002</AltitudeMeters>
     <DistanceMeters>73671.84851096939</DistanceMeters>
    </Trackpoint>
    <Trackpoint>
     <Time>2026-07-19T03:03:29+00:00</Time>
     <Position>
      <LatitudeDegrees>-34.0463400</LatitudeDegrees>
      <LongitudeDegrees>-71.5935300</LongitudeDegrees>
     </Position>
     <AltitudeMeters>191.08</AltitudeMeters>
     <DistanceMeters>73730.98668860889</DistanceMeters>
    </Trackpoint>
    <Trackpoint>
     <Time>2026-07-19T03:03:38+00:00</Time>
     <Position>
      <LatitudeDegrees>-34.0465600</LatitudeDegrees>
      <LongitudeDegrees>-71.5937000</LongitudeDegrees>
     </Position>
     <AltitudeMeters>193.53</AltitudeMeters>
     <DistanceMeters>73760.06050622344</DistanceMeters>
    </Trackpoint>
    <Trackpoint>
     <Time>2026-07-19T03:03:46+00:00</Time>
     <Position>
      <LatitudeDegrees>-34.0467900</LatitudeDegrees>
      <LongitudeDegrees>-71.5939000</LongitudeDegrees>
     </Position>
     <AltitudeMeters>194.86</AltitudeMeters>
     <DistanceMeters>73791.61080153206</DistanceMeters>
    </Trackpoint>
    <Trackpoint>
     <Time>2026-07-19T03:03:55+00:00</Time>
     <Position>
      <LatitudeDegrees>-34.0472250</LatitudeDegrees>
      <LongitudeDegrees>-71.5946300</LongitudeDegrees>
     </Position>
     <AltitudeMeters>199.78</AltitudeMeters>
     <DistanceMeters>73874.53030961736</DistanceMeters>
    </Trackpoint>
    <Trackpoint>
     <Time>2026-07-19T03:04:03+00:00</Time>
     <Position>
      <LatitudeDegrees>-34.0476600</LatitudeDegrees>
      <LongitudeDegrees>-71.5953600</LongitudeDegrees>
     </Position>
     <AltitudeMeters>202.32000000000002</AltitudeMeters>
     <DistanceMeters>73957.44981043247</DistanceMeters>
    </Trackpoint>
    <Trackpoint>
     <Time>2026-07-19T03:04:12+00:00</Time>
     <Position>
      <LatitudeDegrees>-34.0478200</LatitudeDegrees>
      <LongitudeDegrees>-71.5955500</LongitudeDegrees>
     </Position>
     <AltitudeMeters>202.32000000000002</AltitudeMeters>
     <DistanceMeters>73982.43160036123</DistanceMeters>
    </Trackpoint>
    <Trackpoint>
     <Time>2026-07-19T03:04:20+00:00</Time>
     <Position>
      <LatitudeDegrees>-34.0480400</LatitudeDegrees>
      <LongitudeDegrees>-71.5956300</LongitudeDegrees>
     </Position>
     <AltitudeMeters>202.99</AltitudeMeters>
     <DistanceMeters>74008.00389298933</DistanceMeters>
    </Trackpoint>
    <Trackpoint>
     <Time>2026-07-19T03:04:29+00:00</Time>
     <Position>
      <LatitudeDegrees>-34.0481800</LatitudeDegrees>
      <LongitudeDegrees>-71.5956300</LongitudeDegrees>
     </Position>
     <AltitudeMeters>202.99</AltitudeMeters>
     <DistanceMeters>74023.58528811124</DistanceMeters>
    </Trackpoint>
    <Trackpoint>
     <Time>2026-07-19T03:04:38+00:00</Time>
     <Position>
      <LatitudeDegrees>-34.0482900</LatitudeDegrees>
      <LongitudeDegrees>-71.5955400</LongitudeDegrees>
     </Position>
     <AltitudeMeters>204.06</AltitudeMeters>
     <DistanceMeters>74038.37582316759</DistanceMeters>
    </Trackpoint>
    <Trackpoint>
     <Time>2026-07-19T03:04:46+00:00</Time>
     <Position>
      <LatitudeDegrees>-34.0483800</LatitudeDegrees>
      <LongitudeDegrees>-71.5954500</LongitudeDegrees>
     </Position>
     <AltitudeMeters>204.06</AltitudeMeters>
     <DistanceMeters>74051.38400719666</DistanceMeters>
    </Trackpoint>
    <Trackpoint>
     <Time>2026-07-19T03:04:55+00:00</Time>
     <Position>
      <LatitudeDegrees>-34.0484900</LatitudeDegrees>
      <LongitudeDegrees>-71.5950900</LongitudeDegrees>
     </Position>
     <AltitudeMeters>204.06</AltitudeMeters>
     <DistanceMeters>74086.76708870978</DistanceMeters>
    </Trackpoint>
    <Trackpoint>
     <Time>2026-07-19T03:05:03+00:00</Time>
     <Position>
      <LatitudeDegrees>-34.0484100</LatitudeDegrees>
      <LongitudeDegrees>-71.5943950</LongitudeDegrees>
     </Position>
     <AltitudeMeters>205.98000000000002</AltitudeMeters>
     <DistanceMeters>74151.47248997666</DistanceMeters>
    </Trackpoint>
    <Trackpoint>
     <Time>2026-07-19T03:05:12+00:00</Time>
     <Position>
      <LatitudeDegrees>-34.0483300</LatitudeDegrees>
      <LongitudeDegrees>-71.5937000</LongitudeDegrees>
     </Position>
     <AltitudeMeters>208.67000000000002</AltitudeMeters>
     <DistanceMeters>74216.17791228654</DistanceMeters>
    </Trackpoint>
    <Trackpoint>
     <Time>2026-07-19T03:05:20+00:00</Time>
     <Position>
      <LatitudeDegrees>-34.0483300</LatitudeDegrees>
      <LongitudeDegrees>-71.5934500</LongitudeDegrees>
     </Position>
     <AltitudeMeters>210.61</AltitudeMeters>
     <DistanceMeters>74239.23185482345</DistanceMeters>
    </Trackpoint>
    <Trackpoint>
     <Time>2026-07-19T03:05:29+00:00</Time>
     <Position>
      <LatitudeDegrees>-34.0483800</LatitudeDegrees>
      <LongitudeDegrees>-71.5933100</LongitudeDegrees>
     </Position>
     <AltitudeMeters>210.61</AltitudeMeters>
     <DistanceMeters>74253.29031093846</DistanceMeters>
    </Trackpoint>
    <Trackpoint>
     <Time>2026-07-19T03:05:38+00:00</Time>
     <Position>
      <LatitudeDegrees>-34.0484400</LatitudeDegrees>
      <LongitudeDegrees>-71.5932500</LongitudeDegrees>
     </Position>
     <AltitudeMeters>210.61</AltitudeMeters>
     <DistanceMeters>74261.96243050124</DistanceMeters>
    </Trackpoint>
    <Trackpoint>
     <Time>2026-07-19T03:05:46+00:00</Time>
     <Position>
      <LatitudeDegrees>-34.0485600</LatitudeDegrees>
      <LongitudeDegrees>-71.5931700</LongitudeDegrees>
     </Position>
     <AltitudeMeters>213.15</AltitudeMeters>
     <DistanceMeters>74277.21997478756</DistanceMeters>
    </Trackpoint>
    <Trackpoint>
     <Time>2026-07-19T03:05:55+00:00</Time>
     <Position>
      <LatitudeDegrees>-34.0486500</LatitudeDegrees>
      <LongitudeDegrees>-71.5931300</LongitudeDegrees>
     </Position>
     <AltitudeMeters>213.15</AltitudeMeters>
     <DistanceMeters>74287.89416833495</DistanceMeters>
    </Trackpoint>
    <Trackpoint>
     <Time>2026-07-19T03:06:03+00:00</Time>
     <Position>
      <LatitudeDegrees>-34.0488400</LatitudeDegrees>
      <LongitudeDegrees>-71.5931600</LongitudeDegrees>
     </Position>
     <AltitudeMeters>214.62</AltitudeMeters>
     <DistanceMeters>74309.22054141632</DistanceMeters>
    </Trackpoint>
    <Trackpoint>
     <Time>2026-07-19T03:06:12+00:00</Time>
     <Position>
      <LatitudeDegrees>-34.0489400</LatitudeDegrees>
      <LongitudeDegrees>-71.5932100</LongitudeDegrees>
     </Position>
     <AltitudeMeters>216.48</AltitudeMeters>
     <DistanceMeters>74321.26738218236</DistanceMeters>
    </Trackpoint>
    <Trackpoint>
     <Time>2026-07-19T03:06:20+00:00</Time>
     <Position>
      <LatitudeDegrees>-34.0490200</LatitudeDegrees>
      <LongitudeDegrees>-71.5933000</LongitudeDegrees>
     </Position>
     <AltitudeMeters>216.48</AltitudeMeters>
     <DistanceMeters>74333.43924998245</DistanceMeters>
    </Trackpoint>
    <Trackpoint>
     <Time>2026-07-19T03:06:29+00:00</Time>
     <Position>
      <LatitudeDegrees>-34.0492700</LatitudeDegrees>
      <LongitudeDegrees>-71.5943000</LongitudeDegrees>
     </Position>
     <AltitudeMeters>224.96</AltitudeMeters>
     <DistanceMeters>74429.76009886937</DistanceMeters>
    </Trackpoint>
    <Trackpoint>
     <Time>2026-07-19T03:06:38+00:00</Time>
     <Position>
      <LatitudeDegrees>-34.0495200</LatitudeDegrees>
      <LongitudeDegrees>-71.5953000</LongitudeDegrees>
     </Position>
     <AltitudeMeters>228.60000000000002</AltitudeMeters>
     <DistanceMeters>74526.08094775658</DistanceMeters>
    </Trackpoint>
    <Trackpoint>
     <Time>2026-07-19T03:06:46+00:00</Time>
     <Position>
      <LatitudeDegrees>-34.0497700</LatitudeDegrees>
      <LongitudeDegrees>-71.5963000</LongitudeDegrees>
     </Position>
     <AltitudeMeters>235.76000000000002</AltitudeMeters>
     <DistanceMeters>74622.40178458433</DistanceMeters>
    </Trackpoint>
    <Trackpoint>
     <Time>2026-07-19T03:06:55+00:00</Time>
     <Position>
      <LatitudeDegrees>-34.0499880</LatitudeDegrees>
      <LongitudeDegrees>-71.5972660</LongitudeDegrees>
     </Position>
     <AltitudeMeters>241.25000000000003</AltitudeMeters>
     <DistanceMeters>74714.7252326643</DistanceMeters>
    </Trackpoint>
    <Trackpoint>
     <Time>2026-07-19T03:07:03+00:00</Time>
     <Position>
      <LatitudeDegrees>-34.0502060</LatitudeDegrees>
      <LongitudeDegrees>-71.5982320</LongitudeDegrees>
     </Position>
     <AltitudeMeters>246.20000000000002</AltitudeMeters>
     <DistanceMeters>74807.04868074541</DistanceMeters>
    </Trackpoint>
    <Trackpoint>
     <Time>2026-07-19T03:07:12+00:00</Time>
     <Position>
      <LatitudeDegrees>-34.0504240</LatitudeDegrees>
      <LongitudeDegrees>-71.5991980</LongitudeDegrees>
     </Position>
     <AltitudeMeters>248.91000000000003</AltitudeMeters>
     <DistanceMeters>74899.37212882662</DistanceMeters>
    </Trackpoint>
    <Trackpoint>
     <Time>2026-07-19T03:07:20+00:00</Time>
     <Position>
      <LatitudeDegrees>-34.0506420</LatitudeDegrees>
      <LongitudeDegrees>-71.6001640</LongitudeDegrees>
     </Position>
     <AltitudeMeters>253.23000000000002</AltitudeMeters>
     <DistanceMeters>74991.69557690578</DistanceMeters>
    </Trackpoint>
    <Trackpoint>
     <Time>2026-07-19T03:07:29+00:00</Time>
     <Position>
      <LatitudeDegrees>-34.0508600</LatitudeDegrees>
      <LongitudeDegrees>-71.6011300</LongitudeDegrees>
     </Position>
     <AltitudeMeters>257.09000000000003</AltitudeMeters>
     <DistanceMeters>75084.01902423153</DistanceMeters>
    </Trackpoint>
    <Trackpoint>
     <Time>2026-07-19T03:07:38+00:00</Time>
     <Position>
      <LatitudeDegrees>-34.0509100</LatitudeDegrees>
      <LongitudeDegrees>-71.6013600</LongitudeDegrees>
     </Position>
     <AltitudeMeters>258.65999999999997</AltitudeMeters>
     <DistanceMeters>75105.94590254317</DistanceMeters>
    </Trackpoint>
    <Trackpoint>
     <Time>2026-07-19T03:07:46+00:00</Time>
     <Position>
      <LatitudeDegrees>-34.0509500</LatitudeDegrees>
      <LongitudeDegrees>-71.6018600</LongitudeDegrees>
     </Position>
     <AltitudeMeters>260.58000000000004</AltitudeMeters>
     <DistanceMeters>75152.2667990095</DistanceMeters>
    </Trackpoint>
    <Trackpoint>
     <Time>2026-07-19T03:07:55+00:00</Time>
     <Position>
      <LatitudeDegrees>-34.0509500</LatitudeDegrees>
      <LongitudeDegrees>-71.6021200</LongitudeDegrees>
     </Position>
     <AltitudeMeters>260.58000000000004</AltitudeMeters>
     <DistanceMeters>75176.24215836445</DistanceMeters>
    </Trackpoint>
    <Trackpoint>
     <Time>2026-07-19T03:08:03+00:00</Time>
     <Position>
      <LatitudeDegrees>-34.0508167</LatitudeDegrees>
      <LongitudeDegrees>-71.6030467</LongitudeDegrees>
     </Position>
     <AltitudeMeters>264.73</AltitudeMeters>
     <DistanceMeters>75262.97193489736</DistanceMeters>
    </Trackpoint>
    <Trackpoint>
     <Time>2026-07-19T03:08:12+00:00</Time>
     <Position>
      <LatitudeDegrees>-34.0506833</LatitudeDegrees>
      <LongitudeDegrees>-71.6039733</LongitudeDegrees>
     </Position>
     <AltitudeMeters>268.92</AltitudeMeters>
     <DistanceMeters>75349.70171142866</DistanceMeters>
    </Trackpoint>
    <Trackpoint>
     <Time>2026-07-19T03:08:20+00:00</Time>
     <Position>
      <LatitudeDegrees>-34.0505500</LatitudeDegrees>
      <LongitudeDegrees>-71.6049000</LongitudeDegrees>
     </Position>
     <AltitudeMeters>276.38</AltitudeMeters>
     <DistanceMeters>75436.43149918113</DistanceMeters>
    </Trackpoint>
    <Trackpoint>
     <Time>2026-07-19T03:08:29+00:00</Time>
     <Position>
      <LatitudeDegrees>-34.0503900</LatitudeDegrees>
      <LongitudeDegrees>-71.6053400</LongitudeDegrees>
     </Position>
     <AltitudeMeters>279.28000000000003</AltitudeMeters>
     <DistanceMeters>75480.74112345859</DistanceMeters>
    </Trackpoint>
    <Trackpoint>
     <Time>2026-07-19T03:08:38+00:00</Time>
     <Position>
      <LatitudeDegrees>-34.0499867</LatitudeDegrees>
      <LongitudeDegrees>-71.6060600</LongitudeDegrees>
     </Position>
     <AltitudeMeters>285.42</AltitudeMeters>
     <DistanceMeters>75560.886233784</DistanceMeters>
    </Trackpoint>
    <Trackpoint>
     <Time>2026-07-19T03:08:46+00:00</Time>
     <Position>
      <LatitudeDegrees>-34.0495833</LatitudeDegrees>
      <LongitudeDegrees>-71.6067800</LongitudeDegrees>
     </Position>
     <AltitudeMeters>290.34000000000003</AltitudeMeters>
     <DistanceMeters>75641.03134410868</DistanceMeters>
    </Trackpoint>
    <Trackpoint>
     <Time>2026-07-19T03:08:55+00:00</Time>
     <Position>
      <LatitudeDegrees>-34.0491800</LatitudeDegrees>
      <LongitudeDegrees>-71.6075000</LongitudeDegrees>
     </Position>
     <AltitudeMeters>294.88000000000005</AltitudeMeters>
     <DistanceMeters>75721.17642676708</DistanceMeters>
    </Trackpoint>
    <Trackpoint>
     <Time>2026-07-19T03:09:03+00:00</Time>
     <Position>
      <LatitudeDegrees>-34.0490000</LatitudeDegrees>
      <LongitudeDegrees>-71.6078500</LongitudeDegrees>
     </Position>
     <AltitudeMeters>297.74</AltitudeMeters>
     <DistanceMeters>75759.16353620598</DistanceMeters>
    </Trackpoint>
    <Trackpoint>
     <Time>2026-07-19T03:09:12+00:00</Time>
     <Position>
      <LatitudeDegrees>-34.0489400</LatitudeDegrees>
      <LongitudeDegrees>-71.6080800</LongitudeDegrees>
     </Position>
     <AltitudeMeters>298.93</AltitudeMeters>
     <DistanceMeters>75781.39940169161</DistanceMeters>
    </Trackpoint>
    <Trackpoint>
     <Time>2026-07-19T03:09:20+00:00</Time>
     <Position>
      <LatitudeDegrees>-34.0489100</LatitudeDegrees>
      <LongitudeDegrees>-71.6083900</LongitudeDegrees>
     </Position>
     <AltitudeMeters>300.06000000000006</AltitudeMeters>
     <DistanceMeters>75810.18041616696</DistanceMeters>
    </Trackpoint>
    <Trackpoint>
     <Time>2026-07-19T03:09:29+00:00</Time>
     <Position>
      <LatitudeDegrees>-34.0489400</LatitudeDegrees>
      <LongitudeDegrees>-71.6090300</LongitudeDegrees>
     </Position>
     <AltitudeMeters>303.83000000000004</AltitudeMeters>
     <DistanceMeters>75869.29246620207</DistanceMeters>
    </Trackpoint>
    <Trackpoint>
     <Time>2026-07-19T03:09:38+00:00</Time>
     <Position>
      <LatitudeDegrees>-34.0489988</LatitudeDegrees>
      <LongitudeDegrees>-71.6100412</LongitudeDegrees>
     </Position>
     <AltitudeMeters>309.46</AltitudeMeters>
     <DistanceMeters>75962.77368877754</DistanceMeters>
    </Trackpoint>
    <Trackpoint>
     <Time>2026-07-19T03:09:46+00:00</Time>
     <Position>
      <LatitudeDegrees>-34.0490575</LatitudeDegrees>
      <LongitudeDegrees>-71.6110525</LongitudeDegrees>
     </Position>
     <AltitudeMeters>314.66</AltitudeMeters>
     <DistanceMeters>76056.25491135303</DistanceMeters>
    </Trackpoint>
    <Trackpoint>
     <Time>2026-07-19T03:09:55+00:00</Time>
     <Position>
      <LatitudeDegrees>-34.0491163</LatitudeDegrees>
      <LongitudeDegrees>-71.6120637</LongitudeDegrees>
     </Position>
     <AltitudeMeters>319.64000000000004</AltitudeMeters>
     <DistanceMeters>76149.73613392783</DistanceMeters>
    </Trackpoint>
    <Trackpoint>
     <Time>2026-07-19T03:10:03+00:00</Time>
     <Position>
      <LatitudeDegrees>-34.0491751</LatitudeDegrees>
      <LongitudeDegrees>-71.6130750</LongitudeDegrees>
     </Position>
     <AltitudeMeters>324.09999999999997</AltitudeMeters>
     <DistanceMeters>76243.21735650276</DistanceMeters>
    </Trackpoint>
    <Trackpoint>
     <Time>2026-07-19T03:10:12+00:00</Time>
     <Position>
      <LatitudeDegrees>-34.0492338</LatitudeDegrees>
      <LongitudeDegrees>-71.6140862</LongitudeDegrees>
     </Position>
     <AltitudeMeters>330.93</AltitudeMeters>
     <DistanceMeters>76336.69857907845</DistanceMeters>
    </Trackpoint>
    <Trackpoint>
     <Time>2026-07-19T03:10:20+00:00</Time>
     <Position>
      <LatitudeDegrees>-34.0492925</LatitudeDegrees>
      <LongitudeDegrees>-71.6150975</LongitudeDegrees>
     </Position>
     <AltitudeMeters>337.71</AltitudeMeters>
     <DistanceMeters>76430.17980165426</DistanceMeters>
    </Trackpoint>
    <Trackpoint>
     <Time>2026-07-19T03:10:29+00:00</Time>
     <Position>
      <LatitudeDegrees>-34.0493513</LatitudeDegrees>
      <LongitudeDegrees>-71.6161087</LongitudeDegrees>
     </Position>
     <AltitudeMeters>343.68</AltitudeMeters>
     <DistanceMeters>76523.66102422982</DistanceMeters>
    </Trackpoint>
    <Trackpoint>
     <Time>2026-07-19T03:10:38+00:00</Time>
     <Position>
      <LatitudeDegrees>-34.0494100</LatitudeDegrees>
      <LongitudeDegrees>-71.6171200</LongitudeDegrees>
     </Position>
     <AltitudeMeters>349.72</AltitudeMeters>
     <DistanceMeters>76617.1422516753</DistanceMeters>
    </Trackpoint>
    <Trackpoint>
     <Time>2026-07-19T03:10:46+00:00</Time>
     <Position>
      <LatitudeDegrees>-34.0495000</LatitudeDegrees>
      <LongitudeDegrees>-71.6181500</LongitudeDegrees>
     </Position>
     <AltitudeMeters>353.97</AltitudeMeters>
     <DistanceMeters>76712.6499457672</DistanceMeters>
    </Trackpoint>
    <Trackpoint>
     <Time>2026-07-19T03:10:55+00:00</Time>
     <Position>
      <LatitudeDegrees>-34.0496200</LatitudeDegrees>
      <LongitudeDegrees>-71.6189900</LongitudeDegrees>
     </Position>
     <AltitudeMeters>355.92</AltitudeMeters>
     <DistanceMeters>76791.25299644767</DistanceMeters>
    </Trackpoint>
    <Trackpoint>
     <Time>2026-07-19T03:11:03+00:00</Time>
     <Position>
      <LatitudeDegrees>-34.0497500</LatitudeDegrees>
      <LongitudeDegrees>-71.6197100</LongitudeDegrees>
     </Position>
     <AltitudeMeters>358.86</AltitudeMeters>
     <DistanceMeters>76859.2054310551</DistanceMeters>
    </Trackpoint>
    <Trackpoint>
     <Time>2026-07-19T03:11:12+00:00</Time>
     <Position>
      <LatitudeDegrees>-34.0498800</LatitudeDegrees>
      <LongitudeDegrees>-71.6204300</LongitudeDegrees>
     </Position>
     <AltitudeMeters>360.47</AltitudeMeters>
     <DistanceMeters>76927.15783301549</DistanceMeters>
    </Trackpoint>
    <Trackpoint>
     <Time>2026-07-19T03:11:20+00:00</Time>
     <Position>
      <LatitudeDegrees>-34.0499900</LatitudeDegrees>
      <LongitudeDegrees>-71.6208500</LongitudeDegrees>
     </Position>
     <AltitudeMeters>362.58</AltitudeMeters>
     <DistanceMeters>76967.77659488034</DistanceMeters>
    </Trackpoint>
    <Trackpoint>
     <Time>2026-07-19T03:11:29+00:00</Time>
     <Position>
      <LatitudeDegrees>-34.0501500</LatitudeDegrees>
      <LongitudeDegrees>-71.6212900</LongitudeDegrees>
     </Position>
     <AltitudeMeters>364.43</AltitudeMeters>
     <DistanceMeters>77012.08639444104</DistanceMeters>
    </Trackpoint>
    <Trackpoint>
     <Time>2026-07-19T03:11:38+00:00</Time>
     <Position>
      <LatitudeDegrees>-34.0503200</LatitudeDegrees>
      <LongitudeDegrees>-71.6216000</LongitudeDegrees>
     </Position>
     <AltitudeMeters>365.49</AltitudeMeters>
     <DistanceMeters>77046.36685437759</DistanceMeters>
    </Trackpoint>
    <Trackpoint>
     <Time>2026-07-19T03:11:46+00:00</Time>
     <Position>
      <LatitudeDegrees>-34.0506250</LatitudeDegrees>
      <LongitudeDegrees>-71.6220800</LongitudeDegrees>
     </Position>
     <AltitudeMeters>367.29</AltitudeMeters>
     <DistanceMeters>77102.14707943346</DistanceMeters>
    </Trackpoint>
    <Trackpoint>
     <Time>2026-07-19T03:11:55+00:00</Time>
     <Position>
      <LatitudeDegrees>-34.0509300</LatitudeDegrees>
      <LongitudeDegrees>-71.6225600</LongitudeDegrees>
     </Position>
     <AltitudeMeters>369.55</AltitudeMeters>
     <DistanceMeters>77157.92729418722</DistanceMeters>
    </Trackpoint>
    <Trackpoint>
     <Time>2026-07-19T03:12:03+00:00</Time>
     <Position>
      <LatitudeDegrees>-34.0514700</LatitudeDegrees>
      <LongitudeDegrees>-71.6233000</LongitudeDegrees>
     </Position>
     <AltitudeMeters>370.33000000000004</AltitudeMeters>
     <DistanceMeters>77248.8575271379</DistanceMeters>
    </Trackpoint>
    <Trackpoint>
     <Time>2026-07-19T03:12:12+00:00</Time>
     <Position>
      <LatitudeDegrees>-34.0516900</LatitudeDegrees>
      <LongitudeDegrees>-71.6235700</LongitudeDegrees>
     </Position>
     <AltitudeMeters>369.53000000000003</AltitudeMeters>
     <DistanceMeters>77283.77734059619</DistanceMeters>
    </Trackpoint>
    <Trackpoint>
     <Time>2026-07-19T03:12:20+00:00</Time>
     <Position>
      <LatitudeDegrees>-34.0519400</LatitudeDegrees>
      <LongitudeDegrees>-71.6237900</LongitudeDegrees>
     </Position>
     <AltitudeMeters>368.31</AltitudeMeters>
     <DistanceMeters>77318.21159822276</DistanceMeters>
    </Trackpoint>
    <Trackpoint>
     <Time>2026-07-19T03:12:29+00:00</Time>
     <Position>
      <LatitudeDegrees>-34.0521600</LatitudeDegrees>
      <LongitudeDegrees>-71.6239300</LongitudeDegrees>
     </Position>
     <AltitudeMeters>366.74</AltitudeMeters>
     <DistanceMeters>77345.89149144014</DistanceMeters>
    </Trackpoint>
    <Trackpoint>
     <Time>2026-07-19T03:12:38+00:00</Time>
     <Position>
      <LatitudeDegrees>-34.0524300</LatitudeDegrees>
      <LongitudeDegrees>-71.6240600</LongitudeDegrees>
     </Position>
     <AltitudeMeters>364.98</AltitudeMeters>
     <DistanceMeters>77378.2441172191</DistanceMeters>
    </Trackpoint>
    <Trackpoint>
     <Time>2026-07-19T03:12:46+00:00</Time>
     <Position>
      <LatitudeDegrees>-34.0531500</LatitudeDegrees>
      <LongitudeDegrees>-71.6243300</LongitudeDegrees>
     </Position>
     <AltitudeMeters>359.32</AltitudeMeters>
     <DistanceMeters>77462.1554821749</DistanceMeters>
    </Trackpoint>
    <Trackpoint>
     <Time>2026-07-19T03:12:55+00:00</Time>
     <Position>
      <LatitudeDegrees>-34.0538700</LatitudeDegrees>
      <LongitudeDegrees>-71.6246000</LongitudeDegrees>
     </Position>
     <AltitudeMeters>356.00000000000006</AltitudeMeters>
     <DistanceMeters>77546.06684713071</DistanceMeters>
    </Trackpoint>
    <Trackpoint>
     <Time>2026-07-19T03:13:03+00:00</Time>
     <Position>
      <LatitudeDegrees>-34.0545900</LatitudeDegrees>
      <LongitudeDegrees>-71.6248700</LongitudeDegrees>
     </Position>
     <AltitudeMeters>354.51000000000005</AltitudeMeters>
     <DistanceMeters>77629.97821208631</DistanceMeters>
    </Trackpoint>
    <Trackpoint>
     <Time>2026-07-19T03:13:12+00:00</Time>
     <Position>
      <LatitudeDegrees>-34.0553100</LatitudeDegrees>
      <LongitudeDegrees>-71.6251400</LongitudeDegrees>
     </Position>
     <AltitudeMeters>353.13000000000005</AltitudeMeters>
     <DistanceMeters>77713.88957704221</DistanceMeters>
    </Trackpoint>
    <Trackpoint>
     <Time>2026-07-19T03:13:20+00:00</Time>
     <Position>
      <LatitudeDegrees>-34.0560300</LatitudeDegrees>
      <LongitudeDegrees>-71.6254100</LongitudeDegrees>
     </Position>
     <AltitudeMeters>351.61</AltitudeMeters>
     <DistanceMeters>77797.8009340663</DistanceMeters>
    </Trackpoint>
    <Trackpoint>
     <Time>2026-07-19T03:13:29+00:00</Time>
     <Position>
      <LatitudeDegrees>-34.0564600</LatitudeDegrees>
      <LongitudeDegrees>-71.6255400</LongitudeDegrees>
     </Position>
     <AltitudeMeters>350.65000000000003</AltitudeMeters>
     <DistanceMeters>77847.13644429074</DistanceMeters>
    </Trackpoint>
    <Trackpoint>
     <Time>2026-07-19T03:13:38+00:00</Time>
     <Position>
      <LatitudeDegrees>-34.0569900</LatitudeDegrees>
      <LongitudeDegrees>-71.6256500</LongitudeDegrees>
     </Position>
     <AltitudeMeters>348.7</AltitudeMeters>
     <DistanceMeters>77906.98882057225</DistanceMeters>
    </Trackpoint>
    <Trackpoint>
     <Time>2026-07-19T03:13:46+00:00</Time>
     <Position>
      <LatitudeDegrees>-34.0577600</LatitudeDegrees>
      <LongitudeDegrees>-71.6257600</LongitudeDegrees>
     </Position>
     <AltitudeMeters>345.42</AltitudeMeters>
     <DistanceMeters>77993.28461761009</DistanceMeters>
    </Trackpoint>
    <Trackpoint>
     <Time>2026-07-19T03:13:55+00:00</Time>
     <Position>
      <LatitudeDegrees>-34.0585938</LatitudeDegrees>
      <LongitudeDegrees>-71.6258562</LongitudeDegrees>
     </Position>
     <AltitudeMeters>343.51000000000005</AltitudeMeters>
     <DistanceMeters>78086.5007879578</DistanceMeters>
    </Trackpoint>
    <Trackpoint>
     <Time>2026-07-19T03:14:03+00:00</Time>
     <Position>
      <LatitudeDegrees>-34.0594275</LatitudeDegrees>
      <LongitudeDegrees>-71.6259525</LongitudeDegrees>
     </Position>
     <AltitudeMeters>343.37</AltitudeMeters>
     <DistanceMeters>78179.7169583038</DistanceMeters>
    </Trackpoint>
    <Trackpoint>
     <Time>2026-07-19T03:14:12+00:00</Time>
     <Position>
      <LatitudeDegrees>-34.0602613</LatitudeDegrees>
      <LongitudeDegrees>-71.6260487</LongitudeDegrees>
     </Position>
     <AltitudeMeters>343.23</AltitudeMeters>
     <DistanceMeters>78272.93312865078</DistanceMeters>
    </Trackpoint>
    <Trackpoint>
     <Time>2026-07-19T03:14:20+00:00</Time>
     <Position>
      <LatitudeDegrees>-34.0610950</LatitudeDegrees>
      <LongitudeDegrees>-71.6261450</LongitudeDegrees>
     </Position>
     <AltitudeMeters>342.94</AltitudeMeters>
     <DistanceMeters>78366.14929899838</DistanceMeters>
    </Trackpoint>
    <Trackpoint>
     <Time>2026-07-19T03:14:29+00:00</Time>
     <Position>
      <LatitudeDegrees>-34.0619288</LatitudeDegrees>
      <LongitudeDegrees>-71.6262412</LongitudeDegrees>
     </Position>
     <AltitudeMeters>342.81</AltitudeMeters>
     <DistanceMeters>78459.36546934485</DistanceMeters>
    </Trackpoint>
    <Trackpoint>
     <Time>2026-07-19T03:14:38+00:00</Time>
     <Position>
      <LatitudeDegrees>-34.0627625</LatitudeDegrees>
      <LongitudeDegrees>-71.6263375</LongitudeDegrees>
     </Position>
     <AltitudeMeters>343.04</AltitudeMeters>
     <DistanceMeters>78552.58163969194</DistanceMeters>
    </Trackpoint>
    <Trackpoint>
     <Time>2026-07-19T03:14:46+00:00</Time>
     <Position>
      <LatitudeDegrees>-34.0635963</LatitudeDegrees>
      <LongitudeDegrees>-71.6264337</LongitudeDegrees>
     </Position>
     <AltitudeMeters>343.57000000000005</AltitudeMeters>
     <DistanceMeters>78645.79781003932</DistanceMeters>
    </Trackpoint>
    <Trackpoint>
     <Time>2026-07-19T03:14:55+00:00</Time>
     <Position>
      <LatitudeDegrees>-34.0644300</LatitudeDegrees>
      <LongitudeDegrees>-71.6265300</LongitudeDegrees>
     </Position>
     <AltitudeMeters>343.97</AltitudeMeters>
     <DistanceMeters>78739.01397139094</DistanceMeters>
    </Trackpoint>
    <Trackpoint>
     <Time>2026-07-19T03:15:03+00:00</Time>
     <Position>
      <LatitudeDegrees>-34.0651400</LatitudeDegrees>
      <LongitudeDegrees>-71.6266600</LongitudeDegrees>
     </Position>
     <AltitudeMeters>342.99</AltitudeMeters>
     <DistanceMeters>78818.93773053671</DistanceMeters>
    </Trackpoint>
    <Trackpoint>
     <Time>2026-07-19T03:15:12+00:00</Time>
     <Position>
      <LatitudeDegrees>-34.0654500</LatitudeDegrees>
      <LongitudeDegrees>-71.6267500</LongitudeDegrees>
     </Position>
     <AltitudeMeters>342.09</AltitudeMeters>
     <DistanceMeters>78854.42318361565</DistanceMeters>
    </Trackpoint>
    <Trackpoint>
     <Time>2026-07-19T03:15:20+00:00</Time>
     <Position>
      <LatitudeDegrees>-34.0658100</LatitudeDegrees>
      <LongitudeDegrees>-71.6269200</LongitudeDegrees>
     </Position>
     <AltitudeMeters>341.49</AltitudeMeters>
     <DistanceMeters>78897.44617758102</DistanceMeters>
    </Trackpoint>
    <Trackpoint>
     <Time>2026-07-19T03:15:29+00:00</Time>
     <Position>
      <LatitudeDegrees>-34.0662000</LatitudeDegrees>
      <LongitudeDegrees>-71.6271400</LongitudeDegrees>
     </Position>
     <AltitudeMeters>340.79</AltitudeMeters>
     <DistanceMeters>78945.35683579158</DistanceMeters>
    </Trackpoint>
    <Trackpoint>
     <Time>2026-07-19T03:15:38+00:00</Time>
     <Position>
      <LatitudeDegrees>-34.0668900</LatitudeDegrees>
      <LongitudeDegrees>-71.6275950</LongitudeDegrees>
     </Position>
     <AltitudeMeters>340.29</AltitudeMeters>
     <DistanceMeters>79032.8613582869</DistanceMeters>
    </Trackpoint>
    <Trackpoint>
     <Time>2026-07-19T03:15:46+00:00</Time>
     <Position>
      <LatitudeDegrees>-34.0675800</LatitudeDegrees>
      <LongitudeDegrees>-71.6280500</LongitudeDegrees>
     </Position>
     <AltitudeMeters>340.08000000000004</AltitudeMeters>
     <DistanceMeters>79120.36585259468</DistanceMeters>
    </Trackpoint>
    <Trackpoint>
     <Time>2026-07-19T03:15:55+00:00</Time>
     <Position>
      <LatitudeDegrees>-34.0682300</LatitudeDegrees>
      <LongitudeDegrees>-71.6284960</LongitudeDegrees>
     </Position>
     <AltitudeMeters>339.65</AltitudeMeters>
     <DistanceMeters>79203.57697949717</DistanceMeters>
    </Trackpoint>
    <Trackpoint>
     <Time>2026-07-19T03:16:03+00:00</Time>
     <Position>
      <LatitudeDegrees>-34.0688800</LatitudeDegrees>
      <LongitudeDegrees>-71.6289420</LongitudeDegrees>
     </Position>
     <AltitudeMeters>339.03000000000003</AltitudeMeters>
     <DistanceMeters>79286.78810639828</DistanceMeters>
    </Trackpoint>
    <Trackpoint>
     <Time>2026-07-19T03:16:12+00:00</Time>
     <Position>
      <LatitudeDegrees>-34.0695300</LatitudeDegrees>
      <LongitudeDegrees>-71.6293880</LongitudeDegrees>
     </Position>
     <AltitudeMeters>338.99</AltitudeMeters>
     <DistanceMeters>79369.99923329933</DistanceMeters>
    </Trackpoint>
    <Trackpoint>
     <Time>2026-07-19T03:16:20+00:00</Time>
     <Position>
      <LatitudeDegrees>-34.0701800</LatitudeDegrees>
      <LongitudeDegrees>-71.6298340</LongitudeDegrees>
     </Position>
     <AltitudeMeters>339.48</AltitudeMeters>
     <DistanceMeters>79453.21036019966</DistanceMeters>
    </Trackpoint>
    <Trackpoint>
     <Time>2026-07-19T03:16:29+00:00</Time>
     <Position>
      <LatitudeDegrees>-34.0708300</LatitudeDegrees>
      <LongitudeDegrees>-71.6302800</LongitudeDegrees>
     </Position>
     <AltitudeMeters>340.03000000000003</AltitudeMeters>
     <DistanceMeters>79536.4214756855</DistanceMeters>
    </Trackpoint>
    <Trackpoint>
     <Time>2026-07-19T03:16:38+00:00</Time>
     <Position>
      <LatitudeDegrees>-34.0712450</LatitudeDegrees>
      <LongitudeDegrees>-71.6305750</LongitudeDegrees>
     </Position>
     <AltitudeMeters>340.2</AltitudeMeters>
     <DistanceMeters>79590.02131164056</DistanceMeters>
    </Trackpoint>
    <Trackpoint>
     <Time>2026-07-19T03:16:46+00:00</Time>
     <Position>
      <LatitudeDegrees>-34.0716600</LatitudeDegrees>
      <LongitudeDegrees>-71.6308700</LongitudeDegrees>
     </Position>
     <AltitudeMeters>339.83000000000004</AltitudeMeters>
     <DistanceMeters>79643.6211567329</DistanceMeters>
    </Trackpoint>
    <Trackpoint>
     <Time>2026-07-19T03:16:55+00:00</Time>
     <Position>
      <LatitudeDegrees>-34.0719900</LatitudeDegrees>
      <LongitudeDegrees>-71.6311800</LongitudeDegrees>
     </Position>
     <AltitudeMeters>339.69000000000005</AltitudeMeters>
     <DistanceMeters>79690.15793734702</DistanceMeters>
    </Trackpoint>
    <Trackpoint>
     <Time>2026-07-19T03:17:03+00:00</Time>
     <Position>
      <LatitudeDegrees>-34.0722000</LatitudeDegrees>
      <LongitudeDegrees>-71.6314200</LongitudeDegrees>
     </Position>
     <AltitudeMeters>339.65</AltitudeMeters>
     <DistanceMeters>79722.34172207037</DistanceMeters>
    </Trackpoint>
    <Trackpoint>
     <Time>2026-07-19T03:17:12+00:00</Time>
     <Position>
      <LatitudeDegrees>-34.0724200</LatitudeDegrees>
      <LongitudeDegrees>-71.6317300</LongitudeDegrees>
     </Position>
     <AltitudeMeters>339.43</AltitudeMeters>
     <DistanceMeters>79759.97502564667</DistanceMeters>
    </Trackpoint>
    <Trackpoint>
     <Time>2026-07-19T03:17:20+00:00</Time>
     <Position>
      <LatitudeDegrees>-34.0725400</LatitudeDegrees>
      <LongitudeDegrees>-71.6319600</LongitudeDegrees>
     </Position>
     <AltitudeMeters>339.32</AltitudeMeters>
     <DistanceMeters>79785.03417316456</DistanceMeters>
    </Trackpoint>
    <Trackpoint>
     <Time>2026-07-19T03:17:29+00:00</Time>
     <Position>
      <LatitudeDegrees>-34.0727700</LatitudeDegrees>
      <LongitudeDegrees>-71.6325200</LongitudeDegrees>
     </Position>
     <AltitudeMeters>339.37</AltitudeMeters>
     <DistanceMeters>79842.65797904819</DistanceMeters>
    </Trackpoint>
    <Trackpoint>
     <Time>2026-07-19T03:17:38+00:00</Time>
     <Position>
      <LatitudeDegrees>-34.0730789</LatitudeDegrees>
      <LongitudeDegrees>-71.6334311</LongitudeDegrees>
     </Position>
     <AltitudeMeters>341.09</AltitudeMeters>
     <DistanceMeters>79933.41427897979</DistanceMeters>
    </Trackpoint>
    <Trackpoint>
     <Time>2026-07-19T03:17:46+00:00</Time>
     <Position>
      <LatitudeDegrees>-34.0733878</LatitudeDegrees>
      <LongitudeDegrees>-71.6343422</LongitudeDegrees>
     </Position>
     <AltitudeMeters>343.32</AltitudeMeters>
     <DistanceMeters>80024.17057891274</DistanceMeters>
    </Trackpoint>
    <Trackpoint>
     <Time>2026-07-19T03:17:55+00:00</Time>
     <Position>
      <LatitudeDegrees>-34.0736967</LatitudeDegrees>
      <LongitudeDegrees>-71.6352533</LongitudeDegrees>
     </Position>
     <AltitudeMeters>343.84000000000003</AltitudeMeters>
     <DistanceMeters>80114.9268788441</DistanceMeters>
    </Trackpoint>
    <Trackpoint>
     <Time>2026-07-19T03:18:03+00:00</Time>
     <Position>
      <LatitudeDegrees>-34.0740056</LatitudeDegrees>
      <LongitudeDegrees>-71.6361644</LongitudeDegrees>
     </Position>
     <AltitudeMeters>341.09</AltitudeMeters>
     <DistanceMeters>80205.68317877634</DistanceMeters>
    </Trackpoint>
    <Trackpoint>
     <Time>2026-07-19T03:18:12+00:00</Time>
     <Position>
      <LatitudeDegrees>-34.0743145</LatitudeDegrees>
      <LongitudeDegrees>-71.6370755</LongitudeDegrees>
     </Position>
     <AltitudeMeters>339.57000000000005</AltitudeMeters>
     <DistanceMeters>80296.43947870831</DistanceMeters>
    </Trackpoint>
    <Trackpoint>
     <Time>2026-07-19T03:18:20+00:00</Time>
     <Position>
      <LatitudeDegrees>-34.0746234</LatitudeDegrees>
      <LongitudeDegrees>-71.6379866</LongitudeDegrees>
     </Position>
     <AltitudeMeters>339.75000000000006</AltitudeMeters>
     <DistanceMeters>80387.19577864012</DistanceMeters>
    </Trackpoint>
    <Trackpoint>
     <Time>2026-07-19T03:18:29+00:00</Time>
     <Position>
      <LatitudeDegrees>-34.0749323</LatitudeDegrees>
      <LongitudeDegrees>-71.6388977</LongitudeDegrees>
     </Position>
     <AltitudeMeters>344.15</AltitudeMeters>
     <DistanceMeters>80477.95207857182</DistanceMeters>
    </Trackpoint>
    <Trackpoint>
     <Time>2026-07-19T03:18:38+00:00</Time>
     <Position>
      <LatitudeDegrees>-34.0752411</LatitudeDegrees>
      <LongitudeDegrees>-71.6398089</LongitudeDegrees>
     </Position>
     <AltitudeMeters>348.37</AltitudeMeters>
     <DistanceMeters>80568.70837850378</DistanceMeters>
    </Trackpoint>
    <Trackpoint>
     <Time>2026-07-19T03:18:46+00:00</Time>
     <Position>
      <LatitudeDegrees>-34.0755500</LatitudeDegrees>
      <LongitudeDegrees>-71.6407200</LongitudeDegrees>
     </Position>
     <AltitudeMeters>351.8</AltitudeMeters>
     <DistanceMeters>80659.46467897893</DistanceMeters>
    </Trackpoint>
    <Trackpoint>
     <Time>2026-07-19T03:18:55+00:00</Time>
     <Position>
      <LatitudeDegrees>-34.0757800</LatitudeDegrees>
      <LongitudeDegrees>-71.6414700</LongitudeDegrees>
     </Position>
     <AltitudeMeters>354.97</AltitudeMeters>
     <DistanceMeters>80733.19073660676</DistanceMeters>
    </Trackpoint>
    <Trackpoint>
     <Time>2026-07-19T03:19:03+00:00</Time>
     <Position>
      <LatitudeDegrees>-34.0759757</LatitudeDegrees>
      <LongitudeDegrees>-71.6425225</LongitudeDegrees>
     </Position>
     <AltitudeMeters>356.31</AltitudeMeters>
     <DistanceMeters>80832.62745685509</DistanceMeters>
    </Trackpoint>
    <Trackpoint>
     <Time>2026-07-19T03:19:12+00:00</Time>
     <Position>
      <LatitudeDegrees>-34.0761714</LatitudeDegrees>
      <LongitudeDegrees>-71.6435749</LongitudeDegrees>
     </Position>
     <AltitudeMeters>354.34000000000003</AltitudeMeters>
     <DistanceMeters>80932.06417710293</DistanceMeters>
    </Trackpoint>
    <Trackpoint>
     <Time>2026-07-19T03:19:20+00:00</Time>
     <Position>
      <LatitudeDegrees>-34.0763670</LatitudeDegrees>
      <LongitudeDegrees>-71.6446274</LongitudeDegrees>
     </Position>
     <AltitudeMeters>350.13000000000005</AltitudeMeters>
     <DistanceMeters>81031.50089735143</DistanceMeters>
    </Trackpoint>
    <Trackpoint>
     <Time>2026-07-19T03:19:29+00:00</Time>
     <Position>
      <LatitudeDegrees>-34.0765627</LatitudeDegrees>
      <LongitudeDegrees>-71.6456799</LongitudeDegrees>
     </Position>
     <AltitudeMeters>346.47</AltitudeMeters>
     <DistanceMeters>81130.93761759989</DistanceMeters>
    </Trackpoint>
    <Trackpoint>
     <Time>2026-07-19T03:19:38+00:00</Time>
     <Position>
      <LatitudeDegrees>-34.0767584</LatitudeDegrees>
      <LongitudeDegrees>-71.6467324</LongitudeDegrees>
     </Position>
     <AltitudeMeters>346.89000000000004</AltitudeMeters>
     <DistanceMeters>81230.37433784874</DistanceMeters>
    </Trackpoint>
    <Trackpoint>
     <Time>2026-07-19T03:19:46+00:00</Time>
     <Position>
      <LatitudeDegrees>-34.0769540</LatitudeDegrees>
      <LongitudeDegrees>-71.6477849</LongitudeDegrees>
     </Position>
     <AltitudeMeters>352.83000000000004</AltitudeMeters>
     <DistanceMeters>81329.81105809766</DistanceMeters>
    </Trackpoint>
    <Trackpoint>
     <Time>2026-07-19T03:19:55+00:00</Time>
     <Position>
      <LatitudeDegrees>-34.0771497</LatitudeDegrees>
      <LongitudeDegrees>-71.6488373</LongitudeDegrees>
     </Position>
     <AltitudeMeters>357.09000000000003</AltitudeMeters>
     <DistanceMeters>81429.2477783449</DistanceMeters>
    </Trackpoint>
    <Trackpoint>
     <Time>2026-07-19T03:20:03+00:00</Time>
     <Position>
      <LatitudeDegrees>-34.0773453</LatitudeDegrees>
      <LongitudeDegrees>-71.6498898</LongitudeDegrees>
     </Position>
     <AltitudeMeters>361.13</AltitudeMeters>
     <DistanceMeters>81528.68449859392</DistanceMeters>
    </Trackpoint>
    <Trackpoint>
     <Time>2026-07-19T03:20:12+00:00</Time>
     <Position>
      <LatitudeDegrees>-34.0775409</LatitudeDegrees>
      <LongitudeDegrees>-71.6509423</LongitudeDegrees>
     </Position>
     <AltitudeMeters>362.19</AltitudeMeters>
     <DistanceMeters>81628.12121884247</DistanceMeters>
    </Trackpoint>
    <Trackpoint>
     <Time>2026-07-19T03:20:20+00:00</Time>
     <Position>
      <LatitudeDegrees>-34.0777365</LatitudeDegrees>
      <LongitudeDegrees>-71.6519949</LongitudeDegrees>
     </Position>
     <AltitudeMeters>363.2900000000001</AltitudeMeters>
     <DistanceMeters>81727.55793909055</DistanceMeters>
    </Trackpoint>
    <Trackpoint>
     <Time>2026-07-19T03:20:29+00:00</Time>
     <Position>
      <LatitudeDegrees>-34.0779321</LatitudeDegrees>
      <LongitudeDegrees>-71.6530474</LongitudeDegrees>
     </Position>
     <AltitudeMeters>363.26000000000005</AltitudeMeters>
     <DistanceMeters>81826.99465933988</DistanceMeters>
    </Trackpoint>
    <Trackpoint>
     <Time>2026-07-19T03:20:38+00:00</Time>
     <Position>
      <LatitudeDegrees>-34.0781277</LatitudeDegrees>
      <LongitudeDegrees>-71.6540999</LongitudeDegrees>
     </Position>
     <AltitudeMeters>363.34000000000003</AltitudeMeters>
     <DistanceMeters>81926.4313795876</DistanceMeters>
    </Trackpoint>
    <Trackpoint>
     <Time>2026-07-19T03:20:46+00:00</Time>
     <Position>
      <LatitudeDegrees>-34.0783233</LatitudeDegrees>
      <LongitudeDegrees>-71.6551524</LongitudeDegrees>
     </Position>
     <AltitudeMeters>364.50000000000006</AltitudeMeters>
     <DistanceMeters>82025.86809983666</DistanceMeters>
    </Trackpoint>
    <Trackpoint>
     <Time>2026-07-19T03:20:55+00:00</Time>
     <Position>
      <LatitudeDegrees>-34.0785189</LatitudeDegrees>
      <LongitudeDegrees>-71.6562049</LongitudeDegrees>
     </Position>
     <AltitudeMeters>365.66</AltitudeMeters>
     <DistanceMeters>82125.30482008551</DistanceMeters>
    </Trackpoint>
    <Trackpoint>
     <Time>2026-07-19T03:21:03+00:00</Time>
     <Position>
      <LatitudeDegrees>-34.0787144</LatitudeDegrees>
      <LongitudeDegrees>-71.6572575</LongitudeDegrees>
     </Position>
     <AltitudeMeters>367.65000000000003</AltitudeMeters>
     <DistanceMeters>82224.74154033398</DistanceMeters>
    </Trackpoint>
    <Trackpoint>
     <Time>2026-07-19T03:21:12+00:00</Time>
     <Position>
      <LatitudeDegrees>-34.0789100</LatitudeDegrees>
      <LongitudeDegrees>-71.6583100</LongitudeDegrees>
     </Position>
     <AltitudeMeters>368.83000000000004</AltitudeMeters>
     <DistanceMeters>82324.17826039823</DistanceMeters>
    </Trackpoint>
    <Trackpoint>
     <Time>2026-07-19T03:21:20+00:00</Time>
     <Position>
      <LatitudeDegrees>-34.0790200</LatitudeDegrees>
      <LongitudeDegrees>-71.6588600</LongitudeDegrees>
     </Position>
     <AltitudeMeters>369.77000000000004</AltitudeMeters>
     <DistanceMeters>82376.33575303224</DistanceMeters>
    </Trackpoint>
    <Trackpoint>
     <Time>2026-07-19T03:21:29+00:00</Time>
     <Position>
      <LatitudeDegrees>-34.0792900</LatitudeDegrees>
      <LongitudeDegrees>-71.6597500</LongitudeDegrees>
     </Position>
     <AltitudeMeters>370.61000000000007</AltitudeMeters>
     <DistanceMeters>82463.70801916113</DistanceMeters>
    </Trackpoint>
    <Trackpoint>
     <Time>2026-07-19T03:21:38+00:00</Time>
     <Position>
      <LatitudeDegrees>-34.0794900</LatitudeDegrees>
      <LongitudeDegrees>-71.6601500</LongitudeDegrees>
     </Position>
     <AltitudeMeters>371.16</AltitudeMeters>
     <DistanceMeters>82506.77856380523</DistanceMeters>
    </Trackpoint>
    <Trackpoint>
     <Time>2026-07-19T03:21:46+00:00</Time>
     <Position>
      <LatitudeDegrees>-34.0797800</LatitudeDegrees>
      <LongitudeDegrees>-71.6605900</LongitudeDegrees>
     </Position>
     <AltitudeMeters>371.64000000000004</AltitudeMeters>
     <DistanceMeters>82558.61323924555</DistanceMeters>
    </Trackpoint>
    <Trackpoint>
     <Time>2026-07-19T03:21:55+00:00</Time>
     <Position>
      <LatitudeDegrees>-34.0802750</LatitudeDegrees>
      <LongitudeDegrees>-71.6612700</LongitudeDegrees>
     </Position>
     <AltitudeMeters>372.25</AltitudeMeters>
     <DistanceMeters>82642.06516747261</DistanceMeters>
    </Trackpoint>
    <Trackpoint>
     <Time>2026-07-19T03:22:03+00:00</Time>
     <Position>
      <LatitudeDegrees>-34.0807700</LatitudeDegrees>
      <LongitudeDegrees>-71.6619500</LongitudeDegrees>
     </Position>
     <AltitudeMeters>373.06000000000006</AltitudeMeters>
     <DistanceMeters>82725.51713654498</DistanceMeters>
    </Trackpoint>
    <Trackpoint>
     <Time>2026-07-19T03:22:12+00:00</Time>
     <Position>
      <LatitudeDegrees>-34.0809000</LatitudeDegrees>
      <LongitudeDegrees>-71.6622000</LongitudeDegrees>
     </Position>
     <AltitudeMeters>373.06000000000006</AltitudeMeters>
     <DistanceMeters>82752.72765626448</DistanceMeters>
    </Trackpoint>
    <Trackpoint>
     <Time>2026-07-19T03:22:20+00:00</Time>
     <Position>
      <LatitudeDegrees>-34.0812550</LatitudeDegrees>
      <LongitudeDegrees>-71.6627050</LongitudeDegrees>
     </Position>
     <AltitudeMeters>373.57</AltitudeMeters>
     <DistanceMeters>82813.78519369877</DistanceMeters>
    </Trackpoint>
    <Trackpoint>
     <Time>2026-07-19T03:22:29+00:00</Time>
     <Position>
      <LatitudeDegrees>-34.0816100</LatitudeDegrees>
      <LongitudeDegrees>-71.6632100</LongitudeDegrees>
     </Position>
     <AltitudeMeters>373.8</AltitudeMeters>
     <DistanceMeters>82874.8427036982</DistanceMeters>
    </Trackpoint>
    <Trackpoint>
     <Time>2026-07-19T03:22:38+00:00</Time>
     <Position>
      <LatitudeDegrees>-34.0820300</LatitudeDegrees>
      <LongitudeDegrees>-71.6637900</LongitudeDegrees>
     </Position>
     <AltitudeMeters>371.79</AltitudeMeters>
     <DistanceMeters>82945.8596496485</DistanceMeters>
    </Trackpoint>
    <Trackpoint>
     <Time>2026-07-19T03:22:46+00:00</Time>
     <Position>
      <LatitudeDegrees>-34.0824500</LatitudeDegrees>
      <LongitudeDegrees>-71.6643700</LongitudeDegrees>
     </Position>
     <AltitudeMeters>371.71000000000004</AltitudeMeters>
     <DistanceMeters>83016.87657702815</DistanceMeters>
    </Trackpoint>
    <Trackpoint>
     <Time>2026-07-19T03:22:55+00:00</Time>
     <Position>
      <LatitudeDegrees>-34.0829900</LatitudeDegrees>
      <LongitudeDegrees>-71.6650700</LongitudeDegrees>
     </Position>
     <AltitudeMeters>371.69</AltitudeMeters>
     <DistanceMeters>83105.05495160645</DistanceMeters>
    </Trackpoint>
    <Trackpoint>
     <Time>2026-07-19T03:23:03+00:00</Time>
     <Position>
      <LatitudeDegrees>-34.0833000</LatitudeDegrees>
      <LongitudeDegrees>-71.6654600</LongitudeDegrees>
     </Position>
     <AltitudeMeters>371.51</AltitudeMeters>
     <DistanceMeters>83154.88187480766</DistanceMeters>
    </Trackpoint>
    <Trackpoint>
     <Time>2026-07-19T03:23:12+00:00</Time>
     <Position>
      <LatitudeDegrees>-34.0837033</LatitudeDegrees>
      <LongitudeDegrees>-71.6660467</LongitudeDegrees>
     </Position>
     <AltitudeMeters>371.24</AltitudeMeters>
     <DistanceMeters>83225.16267191058</DistanceMeters>
    </Trackpoint>
    <Trackpoint>
     <Time>2026-07-19T03:23:20+00:00</Time>
     <Position>
      <LatitudeDegrees>-34.0841067</LatitudeDegrees>
      <LongitudeDegrees>-71.6666333</LongitudeDegrees>
     </Position>
     <AltitudeMeters>370.86</AltitudeMeters>
     <DistanceMeters>83295.44346901201</DistanceMeters>
    </Trackpoint>
    <Trackpoint>
     <Time>2026-07-19T03:23:29+00:00</Time>
     <Position>
      <LatitudeDegrees>-34.0845100</LatitudeDegrees>
      <LongitudeDegrees>-71.6672200</LongitudeDegrees>
     </Position>
     <AltitudeMeters>370.41</AltitudeMeters>
     <DistanceMeters>83365.72425724866</DistanceMeters>
    </Trackpoint>
    <Trackpoint>
     <Time>2026-07-19T03:23:38+00:00</Time>
     <Position>
      <LatitudeDegrees>-34.0847800</LatitudeDegrees>
      <LongitudeDegrees>-71.6676700</LongitudeDegrees>
     </Position>
     <AltitudeMeters>370.1700000000001</AltitudeMeters>
     <DistanceMeters>83416.9446251695</DistanceMeters>
    </Trackpoint>
    <Trackpoint>
     <Time>2026-07-19T03:23:46+00:00</Time>
     <Position>
      <LatitudeDegrees>-34.0849800</LatitudeDegrees>
      <LongitudeDegrees>-71.6680800</LongitudeDegrees>
     </Position>
     <AltitudeMeters>369.98</AltitudeMeters>
     <DistanceMeters>83460.80481784978</DistanceMeters>
    </Trackpoint>
    <Trackpoint>
     <Time>2026-07-19T03:23:55+00:00</Time>
     <Position>
      <LatitudeDegrees>-34.0851600</LatitudeDegrees>
      <LongitudeDegrees>-71.6685300</LongitudeDegrees>
     </Position>
     <AltitudeMeters>369.36</AltitudeMeters>
     <DistanceMeters>83506.86832101418</DistanceMeters>
    </Trackpoint>
    <Trackpoint>
     <Time>2026-07-19T03:24:03+00:00</Time>
     <Position>
      <LatitudeDegrees>-34.0852900</LatitudeDegrees>
      <LongitudeDegrees>-71.6689700</LongitudeDegrees>
     </Position>
     <AltitudeMeters>368.85</AltitudeMeters>
     <DistanceMeters>83549.92907180655</DistanceMeters>
    </Trackpoint>
    <Trackpoint>
     <Time>2026-07-19T03:24:12+00:00</Time>
     <Position>
      <LatitudeDegrees>-34.0855717</LatitudeDegrees>
      <LongitudeDegrees>-71.6699883</LongitudeDegrees>
     </Position>
     <AltitudeMeters>366.19</AltitudeMeters>
     <DistanceMeters>83648.8890829488</DistanceMeters>
    </Trackpoint>
    <Trackpoint>
     <Time>2026-07-19T03:24:20+00:00</Time>
     <Position>
      <LatitudeDegrees>-34.0858534</LatitudeDegrees>
      <LongitudeDegrees>-71.6710066</LongitudeDegrees>
     </Position>
     <AltitudeMeters>363.47</AltitudeMeters>
     <DistanceMeters>83747.84909409145</DistanceMeters>
    </Trackpoint>
    <Trackpoint>
     <Time>2026-07-19T03:24:29+00:00</Time>
     <Position>
      <LatitudeDegrees>-34.0861351</LatitudeDegrees>
      <LongitudeDegrees>-71.6720249</LongitudeDegrees>
     </Position>
     <AltitudeMeters>359.44000000000005</AltitudeMeters>
     <DistanceMeters>83846.80910523537</DistanceMeters>
    </Trackpoint>
    <Trackpoint>
     <Time>2026-07-19T03:24:38+00:00</Time>
     <Position>
      <LatitudeDegrees>-34.0864168</LatitudeDegrees>
      <LongitudeDegrees>-71.6730432</LongitudeDegrees>
     </Position>
     <AltitudeMeters>356.98</AltitudeMeters>
     <DistanceMeters>83945.76911637913</DistanceMeters>
    </Trackpoint>
    <Trackpoint>
     <Time>2026-07-19T03:24:46+00:00</Time>
     <Position>
      <LatitudeDegrees>-34.0866985</LatitudeDegrees>
      <LongitudeDegrees>-71.6740615</LongitudeDegrees>
     </Position>
     <AltitudeMeters>356.55</AltitudeMeters>
     <DistanceMeters>84044.7291275211</DistanceMeters>
    </Trackpoint>
    <Trackpoint>
     <Time>2026-07-19T03:24:55+00:00</Time>
     <Position>
      <LatitudeDegrees>-34.0869802</LatitudeDegrees>
      <LongitudeDegrees>-71.6750799</LongitudeDegrees>
     </Position>
     <AltitudeMeters>356.26</AltitudeMeters>
     <DistanceMeters>84143.68913866457</DistanceMeters>
    </Trackpoint>
    <Trackpoint>
     <Time>2026-07-19T03:25:03+00:00</Time>
     <Position>
      <LatitudeDegrees>-34.0872618</LatitudeDegrees>
      <LongitudeDegrees>-71.6760982</LongitudeDegrees>
     </Position>
     <AltitudeMeters>354.03000000000003</AltitudeMeters>
     <DistanceMeters>84242.6491498092</DistanceMeters>
    </Trackpoint>
    <Trackpoint>
     <Time>2026-07-19T03:25:12+00:00</Time>
     <Position>
      <LatitudeDegrees>-34.0875435</LatitudeDegrees>
      <LongitudeDegrees>-71.6771166</LongitudeDegrees>
     </Position>
     <AltitudeMeters>349.09000000000003</AltitudeMeters>
     <DistanceMeters>84341.60916095253</DistanceMeters>
    </Trackpoint>
    <Trackpoint>
     <Time>2026-07-19T03:25:20+00:00</Time>
     <Position>
      <LatitudeDegrees>-34.0878251</LatitudeDegrees>
      <LongitudeDegrees>-71.6781349</LongitudeDegrees>
     </Position>
     <AltitudeMeters>340.55</AltitudeMeters>
     <DistanceMeters>84440.56917209519</DistanceMeters>
    </Trackpoint>
    <Trackpoint>
     <Time>2026-07-19T03:25:29+00:00</Time>
     <Position>
      <LatitudeDegrees>-34.0881068</LatitudeDegrees>
      <LongitudeDegrees>-71.6791533</LongitudeDegrees>
     </Position>
     <AltitudeMeters>334.70000000000005</AltitudeMeters>
     <DistanceMeters>84539.52918323826</DistanceMeters>
    </Trackpoint>
    <Trackpoint>
     <Time>2026-07-19T03:25:38+00:00</Time>
     <Position>
      <LatitudeDegrees>-34.0883884</LatitudeDegrees>
      <LongitudeDegrees>-71.6801716</LongitudeDegrees>
     </Position>
     <AltitudeMeters>332.64000000000004</AltitudeMeters>
     <DistanceMeters>84638.48919438211</DistanceMeters>
    </Trackpoint>
    <Trackpoint>
     <Time>2026-07-19T03:25:46+00:00</Time>
     <Position>
      <LatitudeDegrees>-34.0886700</LatitudeDegrees>
      <LongitudeDegrees>-71.6811900</LongitudeDegrees>
     </Position>
     <AltitudeMeters>333.32</AltitudeMeters>
     <DistanceMeters>84737.44920573222</DistanceMeters>
    </Trackpoint>
    <Trackpoint>
     <Time>2026-07-19T03:25:55+00:00</Time>
     <Position>
      <LatitudeDegrees>-34.0889600</LatitudeDegrees>
      <LongitudeDegrees>-71.6820500</LongitudeDegrees>
     </Position>
     <AltitudeMeters>334.43</AltitudeMeters>
     <DistanceMeters>84823.0359356986</DistanceMeters>
    </Trackpoint>
    <Trackpoint>
     <Time>2026-07-19T03:26:03+00:00</Time>
     <Position>
      <LatitudeDegrees>-34.0892300</LatitudeDegrees>
      <LongitudeDegrees>-71.6825700</LongitudeDegrees>
     </Position>
     <AltitudeMeters>337.18</AltitudeMeters>
     <DistanceMeters>84879.60619631648</DistanceMeters>
    </Trackpoint>
    <Trackpoint>
     <Time>2026-07-19T03:26:12+00:00</Time>
     <Position>
      <LatitudeDegrees>-34.0893900</LatitudeDegrees>
      <LongitudeDegrees>-71.6827900</LongitudeDegrees>
     </Position>
     <AltitudeMeters>337.7</AltitudeMeters>
     <DistanceMeters>84906.5929282697</DistanceMeters>
    </Trackpoint>
    <Trackpoint>
     <Time>2026-07-19T03:26:20+00:00</Time>
     <Position>
      <LatitudeDegrees>-34.0895700</LatitudeDegrees>
      <LongitudeDegrees>-71.6829900</LongitudeDegrees>
     </Position>
     <AltitudeMeters>338.05</AltitudeMeters>
     <DistanceMeters>84933.81699245179</DistanceMeters>
    </Trackpoint>
    <Trackpoint>
     <Time>2026-07-19T03:26:29+00:00</Time>
     <Position>
      <LatitudeDegrees>-34.0898400</LatitudeDegrees>
      <LongitudeDegrees>-71.6832500</LongitudeDegrees>
     </Position>
     <AltitudeMeters>337.55</AltitudeMeters>
     <DistanceMeters>84972.25245378999</DistanceMeters>
    </Trackpoint>
    <Trackpoint>
     <Time>2026-07-19T03:26:38+00:00</Time>
     <Position>
      <LatitudeDegrees>-34.0905483</LatitudeDegrees>
      <LongitudeDegrees>-71.6838900</LongitudeDegrees>
     </Position>
     <AltitudeMeters>332.74</AltitudeMeters>
     <DistanceMeters>85070.71268917798</DistanceMeters>
    </Trackpoint>
    <Trackpoint>
     <Time>2026-07-19T03:26:46+00:00</Time>
     <Position>
      <LatitudeDegrees>-34.0912567</LatitudeDegrees>
      <LongitudeDegrees>-71.6845300</LongitudeDegrees>
     </Position>
     <AltitudeMeters>325.53000000000003</AltitudeMeters>
     <DistanceMeters>85169.17292456656</DistanceMeters>
    </Trackpoint>
    <Trackpoint>
     <Time>2026-07-19T03:26:55+00:00</Time>
     <Position>
      <LatitudeDegrees>-34.0919650</LatitudeDegrees>
      <LongitudeDegrees>-71.6851700</LongitudeDegrees>
     </Position>
     <AltitudeMeters>315.70000000000005</AltitudeMeters>
     <DistanceMeters>85267.63315995593</DistanceMeters>
    </Trackpoint>
    <Trackpoint>
     <Time>2026-07-19T03:27:03+00:00</Time>
     <Position>
      <LatitudeDegrees>-34.0926733</LatitudeDegrees>
      <LongitudeDegrees>-71.6858100</LongitudeDegrees>
     </Position>
     <AltitudeMeters>309.81</AltitudeMeters>
     <DistanceMeters>85366.09339534375</DistanceMeters>
    </Trackpoint>
    <Trackpoint>
     <Time>2026-07-19T03:27:12+00:00</Time>
     <Position>
      <LatitudeDegrees>-34.0933817</LatitudeDegrees>
      <LongitudeDegrees>-71.6864500</LongitudeDegrees>
     </Position>
     <AltitudeMeters>303.62</AltitudeMeters>
     <DistanceMeters>85464.55363073165</DistanceMeters>
    </Trackpoint>
    <Trackpoint>
     <Time>2026-07-19T03:27:21+00:00</Time>
     <Position>
      <LatitudeDegrees>-34.0940900</LatitudeDegrees>
      <LongitudeDegrees>-71.6870900</LongitudeDegrees>
     </Position>
     <AltitudeMeters>300.22</AltitudeMeters>
     <DistanceMeters>85563.01386903634</DistanceMeters>
    </Trackpoint>
    <Trackpoint>
     <Time>2026-07-19T03:27:29+00:00</Time>
     <Position>
      <LatitudeDegrees>-34.0945100</LatitudeDegrees>
      <LongitudeDegrees>-71.6875000</LongitudeDegrees>
     </Position>
     <AltitudeMeters>297.61</AltitudeMeters>
     <DistanceMeters>85623.12167575792</DistanceMeters>
    </Trackpoint>
    <Trackpoint>
     <Time>2026-07-19T03:27:38+00:00</Time>
     <Position>
      <LatitudeDegrees>-34.0949600</LatitudeDegrees>
      <LongitudeDegrees>-71.6880400</LongitudeDegrees>
     </Position>
     <AltitudeMeters>292.91</AltitudeMeters>
     <DistanceMeters>85693.72826432515</DistanceMeters>
    </Trackpoint>
    <Trackpoint>
     <Time>2026-07-19T03:27:46+00:00</Time>
     <Position>
      <LatitudeDegrees>-34.0951200</LatitudeDegrees>
      <LongitudeDegrees>-71.6882700</LongitudeDegrees>
     </Position>
     <AltitudeMeters>291.26</AltitudeMeters>
     <DistanceMeters>85721.41314703916</DistanceMeters>
    </Trackpoint>
    <Trackpoint>
     <Time>2026-07-19T03:27:55+00:00</Time>
     <Position>
      <LatitudeDegrees>-34.0955574</LatitudeDegrees>
      <LongitudeDegrees>-71.6891707</LongitudeDegrees>
     </Position>
     <AltitudeMeters>284.0</AltitudeMeters>
     <DistanceMeters>85817.64248425818</DistanceMeters>
    </Trackpoint>
    <Trackpoint>
     <Time>2026-07-19T03:28:03+00:00</Time>
     <Position>
      <LatitudeDegrees>-34.0959948</LatitudeDegrees>
      <LongitudeDegrees>-71.6900713</LongitudeDegrees>
     </Position>
     <AltitudeMeters>278.74</AltitudeMeters>
     <DistanceMeters>85913.87182147629</DistanceMeters>
    </Trackpoint>
    <Trackpoint>
     <Time>2026-07-19T03:28:12+00:00</Time>
     <Position>
      <LatitudeDegrees>-34.0964321</LatitudeDegrees>
      <LongitudeDegrees>-71.6909720</LongitudeDegrees>
     </Position>
     <AltitudeMeters>277.06</AltitudeMeters>
     <DistanceMeters>86010.10115869447</DistanceMeters>
    </Trackpoint>
    <Trackpoint>
     <Time>2026-07-19T03:28:21+00:00</Time>
     <Position>
      <LatitudeDegrees>-34.0968695</LatitudeDegrees>
      <LongitudeDegrees>-71.6918727</LongitudeDegrees>
     </Position>
     <AltitudeMeters>274.32</AltitudeMeters>
     <DistanceMeters>86106.33049591225</DistanceMeters>
    </Trackpoint>
    <Trackpoint>
     <Time>2026-07-19T03:28:29+00:00</Time>
     <Position>
      <LatitudeDegrees>-34.0973069</LatitudeDegrees>
      <LongitudeDegrees>-71.6927734</LongitudeDegrees>
     </Position>
     <AltitudeMeters>269.94</AltitudeMeters>
     <DistanceMeters>86202.55983313106</DistanceMeters>
    </Trackpoint>
    <Trackpoint>
     <Time>2026-07-19T03:28:38+00:00</Time>
     <Position>
      <LatitudeDegrees>-34.0977442</LatitudeDegrees>
      <LongitudeDegrees>-71.6936741</LongitudeDegrees>
     </Position>
     <AltitudeMeters>263.59000000000003</AltitudeMeters>
     <DistanceMeters>86298.78917034957</DistanceMeters>
    </Trackpoint>
    <Trackpoint>
     <Time>2026-07-19T03:28:46+00:00</Time>
     <Position>
      <LatitudeDegrees>-34.0981816</LatitudeDegrees>
      <LongitudeDegrees>-71.6945748</LongitudeDegrees>
     </Position>
     <AltitudeMeters>261.31000000000006</AltitudeMeters>
     <DistanceMeters>86395.01850756811</DistanceMeters>
    </Trackpoint>
    <Trackpoint>
     <Time>2026-07-19T03:28:55+00:00</Time>
     <Position>
      <LatitudeDegrees>-34.0986189</LatitudeDegrees>
      <LongitudeDegrees>-71.6954755</LongitudeDegrees>
     </Position>
     <AltitudeMeters>260.19000000000005</AltitudeMeters>
     <DistanceMeters>86491.24784478536</DistanceMeters>
    </Trackpoint>
    <Trackpoint>
     <Time>2026-07-19T03:29:03+00:00</Time>
     <Position>
      <LatitudeDegrees>-34.0990563</LatitudeDegrees>
      <LongitudeDegrees>-71.6963762</LongitudeDegrees>
     </Position>
     <AltitudeMeters>257.74</AltitudeMeters>
     <DistanceMeters>86587.47718200348</DistanceMeters>
    </Trackpoint>
    <Trackpoint>
     <Time>2026-07-19T03:29:12+00:00</Time>
     <Position>
      <LatitudeDegrees>-34.0994936</LatitudeDegrees>
      <LongitudeDegrees>-71.6972769</LongitudeDegrees>
     </Position>
     <AltitudeMeters>252.44</AltitudeMeters>
     <DistanceMeters>86683.70651922203</DistanceMeters>
    </Trackpoint>
    <Trackpoint>
     <Time>2026-07-19T03:29:21+00:00</Time>
     <Position>
      <LatitudeDegrees>-34.0999309</LatitudeDegrees>
      <LongitudeDegrees>-71.6981777</LongitudeDegrees>
     </Position>
     <AltitudeMeters>247.64000000000001</AltitudeMeters>
     <DistanceMeters>86779.9358564401</DistanceMeters>
    </Trackpoint>
    <Trackpoint>
     <Time>2026-07-19T03:29:29+00:00</Time>
     <Position>
      <LatitudeDegrees>-34.1003682</LatitudeDegrees>
      <LongitudeDegrees>-71.6990784</LongitudeDegrees>
     </Position>
     <AltitudeMeters>247.19000000000003</AltitudeMeters>
     <DistanceMeters>86876.16519365871</DistanceMeters>
    </Trackpoint>
    <Trackpoint>
     <Time>2026-07-19T03:29:38+00:00</Time>
     <Position>
      <LatitudeDegrees>-34.1008056</LatitudeDegrees>
      <LongitudeDegrees>-71.6999792</LongitudeDegrees>
     </Position>
     <AltitudeMeters>247.26</AltitudeMeters>
     <DistanceMeters>86972.39453087622</DistanceMeters>
    </Trackpoint>
    <Trackpoint>
     <Time>2026-07-19T03:29:46+00:00</Time>
     <Position>
      <LatitudeDegrees>-34.1012429</LatitudeDegrees>
      <LongitudeDegrees>-71.7008800</LongitudeDegrees>
     </Position>
     <AltitudeMeters>247.71</AltitudeMeters>
     <DistanceMeters>87068.62386809406</DistanceMeters>
    </Trackpoint>
    <Trackpoint>
     <Time>2026-07-19T03:29:55+00:00</Time>
     <Position>
      <LatitudeDegrees>-34.1016802</LatitudeDegrees>
      <LongitudeDegrees>-71.7017808</LongitudeDegrees>
     </Position>
     <AltitudeMeters>251.69000000000003</AltitudeMeters>
     <DistanceMeters>87164.85320531242</DistanceMeters>
    </Trackpoint>
    <Trackpoint>
     <Time>2026-07-19T03:30:03+00:00</Time>
     <Position>
      <LatitudeDegrees>-34.1021174</LatitudeDegrees>
      <LongitudeDegrees>-71.7026816</LongitudeDegrees>
     </Position>
     <AltitudeMeters>251.70000000000002</AltitudeMeters>
     <DistanceMeters>87261.08254253131</DistanceMeters>
    </Trackpoint>
    <Trackpoint>
     <Time>2026-07-19T03:30:12+00:00</Time>
     <Position>
      <LatitudeDegrees>-34.1025547</LatitudeDegrees>
      <LongitudeDegrees>-71.7035824</LongitudeDegrees>
     </Position>
     <AltitudeMeters>245.97000000000003</AltitudeMeters>
     <DistanceMeters>87357.31187974937</DistanceMeters>
    </Trackpoint>
    <Trackpoint>
     <Time>2026-07-19T03:30:21+00:00</Time>
     <Position>
      <LatitudeDegrees>-34.1029920</LatitudeDegrees>
      <LongitudeDegrees>-71.7044832</LongitudeDegrees>
     </Position>
     <AltitudeMeters>240.09000000000003</AltitudeMeters>
     <DistanceMeters>87453.54121696769</DistanceMeters>
    </Trackpoint>
    <Trackpoint>
     <Time>2026-07-19T03:30:29+00:00</Time>
     <Position>
      <LatitudeDegrees>-34.1034293</LatitudeDegrees>
      <LongitudeDegrees>-71.7053840</LongitudeDegrees>
     </Position>
     <AltitudeMeters>238.83</AltitudeMeters>
     <DistanceMeters>87549.7705541857</DistanceMeters>
    </Trackpoint>
    <Trackpoint>
     <Time>2026-07-19T03:30:38+00:00</Time>
     <Position>
      <LatitudeDegrees>-34.1038665</LatitudeDegrees>
      <LongitudeDegrees>-71.7062848</LongitudeDegrees>
     </Position>
     <AltitudeMeters>242.76000000000002</AltitudeMeters>
     <DistanceMeters>87645.99989140415</DistanceMeters>
    </Trackpoint>
    <Trackpoint>
     <Time>2026-07-19T03:30:46+00:00</Time>
     <Position>
      <LatitudeDegrees>-34.1043038</LatitudeDegrees>
      <LongitudeDegrees>-71.7071857</LongitudeDegrees>
     </Position>
     <AltitudeMeters>248.86</AltitudeMeters>
     <DistanceMeters>87742.22922862251</DistanceMeters>
    </Trackpoint>
    <Trackpoint>
     <Time>2026-07-19T03:30:55+00:00</Time>
     <Position>
      <LatitudeDegrees>-34.1047411</LatitudeDegrees>
      <LongitudeDegrees>-71.7080865</LongitudeDegrees>
     </Position>
     <AltitudeMeters>249.83</AltitudeMeters>
     <DistanceMeters>87838.45856584061</DistanceMeters>
    </Trackpoint>
    <Trackpoint>
     <Time>2026-07-19T03:31:03+00:00</Time>
     <Position>
      <LatitudeDegrees>-34.1051783</LatitudeDegrees>
      <LongitudeDegrees>-71.7089874</LongitudeDegrees>
     </Position>
     <AltitudeMeters>246.8</AltitudeMeters>
     <DistanceMeters>87934.68790305883</DistanceMeters>
    </Trackpoint>
    <Trackpoint>
     <Time>2026-07-19T03:31:12+00:00</Time>
     <Position>
      <LatitudeDegrees>-34.1056155</LatitudeDegrees>
      <LongitudeDegrees>-71.7098882</LongitudeDegrees>
     </Position>
     <AltitudeMeters>242.21</AltitudeMeters>
     <DistanceMeters>88030.91724027619</DistanceMeters>
    </Trackpoint>
    <Trackpoint>
     <Time>2026-07-19T03:31:21+00:00</Time>
     <Position>
      <LatitudeDegrees>-34.1060528</LatitudeDegrees>
      <LongitudeDegrees>-71.7107891</LongitudeDegrees>
     </Position>
     <AltitudeMeters>240.68000000000004</AltitudeMeters>
     <DistanceMeters>88127.14657749498</DistanceMeters>
    </Trackpoint>
    <Trackpoint>
     <Time>2026-07-19T03:31:29+00:00</Time>
     <Position>
      <LatitudeDegrees>-34.1064900</LatitudeDegrees>
      <LongitudeDegrees>-71.7116900</LongitudeDegrees>
     </Position>
     <AltitudeMeters>240.02</AltitudeMeters>
     <DistanceMeters>88223.37591598766</DistanceMeters>
    </Trackpoint>
    <Trackpoint>
     <Time>2026-07-19T03:31:38+00:00</Time>
     <Position>
      <LatitudeDegrees>-34.1069367</LatitudeDegrees>
      <LongitudeDegrees>-71.7126033</LongitudeDegrees>
     </Position>
     <AltitudeMeters>239.18000000000004</AltitudeMeters>
     <DistanceMeters>88321.1248580312</DistanceMeters>
    </Trackpoint>
    <Trackpoint>
     <Time>2026-07-19T03:31:46+00:00</Time>
     <Position>
      <LatitudeDegrees>-34.1073834</LatitudeDegrees>
      <LongitudeDegrees>-71.7135166</LongitudeDegrees>
     </Position>
     <AltitudeMeters>238.40000000000003</AltitudeMeters>
     <DistanceMeters>88418.8738000755</DistanceMeters>
    </Trackpoint>
    <Trackpoint>
     <Time>2026-07-19T03:31:55+00:00</Time>
     <Position>
      <LatitudeDegrees>-34.1078301</LatitudeDegrees>
      <LongitudeDegrees>-71.7144299</LongitudeDegrees>
     </Position>
     <AltitudeMeters>241.31000000000003</AltitudeMeters>
     <DistanceMeters>88516.62274211916</DistanceMeters>
    </Trackpoint>
    <Trackpoint>
     <Time>2026-07-19T03:32:03+00:00</Time>
     <Position>
      <LatitudeDegrees>-34.1082767</LatitudeDegrees>
      <LongitudeDegrees>-71.7153432</LongitudeDegrees>
     </Position>
     <AltitudeMeters>248.85000000000002</AltitudeMeters>
     <DistanceMeters>88614.37168416366</DistanceMeters>
    </Trackpoint>
    <Trackpoint>
     <Time>2026-07-19T03:32:12+00:00</Time>
     <Position>
      <LatitudeDegrees>-34.1087234</LatitudeDegrees>
      <LongitudeDegrees>-71.7162566</LongitudeDegrees>
     </Position>
     <AltitudeMeters>255.12</AltitudeMeters>
     <DistanceMeters>88712.12062620657</DistanceMeters>
    </Trackpoint>
    <Trackpoint>
     <Time>2026-07-19T03:32:21+00:00</Time>
     <Position>
      <LatitudeDegrees>-34.1091701</LatitudeDegrees>
      <LongitudeDegrees>-71.7171699</LongitudeDegrees>
     </Position>
     <AltitudeMeters>257.76000000000005</AltitudeMeters>
     <DistanceMeters>88809.86956824928</DistanceMeters>
    </Trackpoint>
    <Trackpoint>
     <Time>2026-07-19T03:32:29+00:00</Time>
     <Position>
      <LatitudeDegrees>-34.1096167</LatitudeDegrees>
      <LongitudeDegrees>-71.7180833</LongitudeDegrees>
     </Position>
     <AltitudeMeters>258.96000000000004</AltitudeMeters>
     <DistanceMeters>88907.61851029385</DistanceMeters>
    </Trackpoint>
    <Trackpoint>
     <Time>2026-07-19T03:32:38+00:00</Time>
     <Position>
      <LatitudeDegrees>-34.1100634</LatitudeDegrees>
      <LongitudeDegrees>-71.7189966</LongitudeDegrees>
     </Position>
     <AltitudeMeters>256.81000000000006</AltitudeMeters>
     <DistanceMeters>89005.36745233768</DistanceMeters>
    </Trackpoint>
    <Trackpoint>
     <Time>2026-07-19T03:32:46+00:00</Time>
     <Position>
      <LatitudeDegrees>-34.1105100</LatitudeDegrees>
      <LongitudeDegrees>-71.7199100</LongitudeDegrees>
     </Position>
     <AltitudeMeters>251.21000000000004</AltitudeMeters>
     <DistanceMeters>89103.1163963057</DistanceMeters>
    </Trackpoint>
    <Trackpoint>
     <Time>2026-07-19T03:32:55+00:00</Time>
     <Position>
      <LatitudeDegrees>-34.1108875</LatitudeDegrees>
      <LongitudeDegrees>-71.7207175</LongitudeDegrees>
     </Position>
     <AltitudeMeters>248.47000000000003</AltitudeMeters>
     <DistanceMeters>89188.56739737804</DistanceMeters>
    </Trackpoint>
    <Trackpoint>
     <Time>2026-07-19T03:33:03+00:00</Time>
     <Position>
      <LatitudeDegrees>-34.1112650</LatitudeDegrees>
      <LongitudeDegrees>-71.7215250</LongitudeDegrees>
     </Position>
     <AltitudeMeters>249.48</AltitudeMeters>
     <DistanceMeters>89274.01839845112</DistanceMeters>
    </Trackpoint>
    <Trackpoint>
     <Time>2026-07-19T03:33:12+00:00</Time>
     <Position>
      <LatitudeDegrees>-34.1116425</LatitudeDegrees>
      <LongitudeDegrees>-71.7223325</LongitudeDegrees>
     </Position>
     <AltitudeMeters>252.47000000000003</AltitudeMeters>
     <DistanceMeters>89359.46939952316</DistanceMeters>
    </Trackpoint>
    <Trackpoint>
     <Time>2026-07-19T03:33:21+00:00</Time>
     <Position>
      <LatitudeDegrees>-34.1120200</LatitudeDegrees>
      <LongitudeDegrees>-71.7231400</LongitudeDegrees>
     </Position>
     <AltitudeMeters>254.10999999999999</AltitudeMeters>
     <DistanceMeters>89444.92039609929</DistanceMeters>
    </Trackpoint>
    <Trackpoint>
     <Time>2026-07-19T03:33:29+00:00</Time>
     <Position>
      <LatitudeDegrees>-34.1124100</LatitudeDegrees>
      <LongitudeDegrees>-71.7240600</LongitudeDegrees>
     </Position>
     <AltitudeMeters>248.37</AltitudeMeters>
     <DistanceMeters>89540.1608446668</DistanceMeters>
    </Trackpoint>
    <Trackpoint>
     <Time>2026-07-19T03:33:38+00:00</Time>
     <Position>
      <LatitudeDegrees>-34.1126400</LatitudeDegrees>
      <LongitudeDegrees>-71.7246750</LongitudeDegrees>
     </Position>
     <AltitudeMeters>244.16000000000003</AltitudeMeters>
     <DistanceMeters>89602.34371288044</DistanceMeters>
    </Trackpoint>
    <Trackpoint>
     <Time>2026-07-19T03:33:46+00:00</Time>
     <Position>
      <LatitudeDegrees>-34.1128700</LatitudeDegrees>
      <LongitudeDegrees>-71.7252900</LongitudeDegrees>
     </Position>
     <AltitudeMeters>241.28000000000003</AltitudeMeters>
     <DistanceMeters>89664.5265472079</DistanceMeters>
    </Trackpoint>
    <Trackpoint>
     <Time>2026-07-19T03:33:55+00:00</Time>
     <Position>
      <LatitudeDegrees>-34.1130100</LatitudeDegrees>
      <LongitudeDegrees>-71.7255800</LongitudeDegrees>
     </Position>
     <AltitudeMeters>240.68000000000004</AltitudeMeters>
     <DistanceMeters>89695.45961525974</DistanceMeters>
    </Trackpoint>
    <Trackpoint>
     <Time>2026-07-19T03:34:03+00:00</Time>
     <Position>
      <LatitudeDegrees>-34.1131200</LatitudeDegrees>
      <LongitudeDegrees>-71.7256900</LongitudeDegrees>
     </Position>
     <AltitudeMeters>240.68000000000004</AltitudeMeters>
     <DistanceMeters>89711.35356313233</DistanceMeters>
    </Trackpoint>
    <Trackpoint>
     <Time>2026-07-19T03:34:12+00:00</Time>
     <Position>
      <LatitudeDegrees>-34.1138550</LatitudeDegrees>
      <LongitudeDegrees>-71.7259700</LongitudeDegrees>
     </Position>
     <AltitudeMeters>240.70000000000002</AltitudeMeters>
     <DistanceMeters>89797.12817324215</DistanceMeters>
    </Trackpoint>
    <Trackpoint>
     <Time>2026-07-19T03:34:21+00:00</Time>
     <Position>
      <LatitudeDegrees>-34.1145900</LatitudeDegrees>
      <LongitudeDegrees>-71.7262500</LongitudeDegrees>
     </Position>
     <AltitudeMeters>241.28000000000003</AltitudeMeters>
     <DistanceMeters>89882.90277749301</DistanceMeters>
    </Trackpoint>
    <Trackpoint>
     <Time>2026-07-19T03:34:29+00:00</Time>
     <Position>
      <LatitudeDegrees>-34.1151500</LatitudeDegrees>
      <LongitudeDegrees>-71.7264900</LongitudeDegrees>
     </Position>
     <AltitudeMeters>241.31000000000003</AltitudeMeters>
     <DistanceMeters>89949.03536215678</DistanceMeters>
    </Trackpoint>
    <Trackpoint>
     <Time>2026-07-19T03:34:38+00:00</Time>
     <Position>
      <LatitudeDegrees>-34.1157100</LatitudeDegrees>
      <LongitudeDegrees>-71.7267300</LongitudeDegrees>
     </Position>
     <AltitudeMeters>241.15000000000003</AltitudeMeters>
     <DistanceMeters>90015.16798848349</DistanceMeters>
    </Trackpoint>
    <Trackpoint>
     <Time>2026-07-19T03:34:46+00:00</Time>
     <Position>
      <LatitudeDegrees>-34.1154900</LatitudeDegrees>
      <LongitudeDegrees>-71.7274650</LongitudeDegrees>
     </Position>
     <AltitudeMeters>239.64000000000001</AltitudeMeters>
     <DistanceMeters>90087.18308387816</DistanceMeters>
    </Trackpoint>
    <Trackpoint>
     <Time>2026-07-19T03:34:55+00:00</Time>
     <Position>
      <LatitudeDegrees>-34.1152700</LatitudeDegrees>
      <LongitudeDegrees>-71.7282000</LongitudeDegrees>
     </Position>
     <AltitudeMeters>239.56000000000003</AltitudeMeters>
     <DistanceMeters>90159.19818196955</DistanceMeters>
    </Trackpoint>
    <Trackpoint>
     <Time>2026-07-19T03:35:03+00:00</Time>
     <Position>
      <LatitudeDegrees>-34.1150400</LatitudeDegrees>
      <LongitudeDegrees>-71.7292400</LongitudeDegrees>
     </Position>
     <AltitudeMeters>240.61</AltitudeMeters>
     <DistanceMeters>90258.38692883891</DistanceMeters>
    </Trackpoint>
    <Trackpoint>
     <Time>2026-07-19T03:35:12+00:00</Time>
     <Position>
      <LatitudeDegrees>-34.1150000</LatitudeDegrees>
      <LongitudeDegrees>-71.7295800</LongitudeDegrees>
     </Position>
     <AltitudeMeters>243.04</AltitudeMeters>
     <DistanceMeters>90290.03033212066</DistanceMeters>
    </Trackpoint>
    <Trackpoint>
     <Time>2026-07-19T03:35:21+00:00</Time>
     <Position>
      <LatitudeDegrees>-34.1150400</LatitudeDegrees>
      <LongitudeDegrees>-71.7297600</LongitudeDegrees>
     </Position>
     <AltitudeMeters>243.68</AltitudeMeters>
     <DistanceMeters>90307.20317680447</DistanceMeters>
    </Trackpoint>
    <Trackpoint>
     <Time>2026-07-19T03:35:29+00:00</Time>
     <Position>
      <LatitudeDegrees>-34.1151100</LatitudeDegrees>
      <LongitudeDegrees>-71.7298500</LongitudeDegrees>
     </Position>
     <AltitudeMeters>244.23000000000002</AltitudeMeters>
     <DistanceMeters>90318.58152626223</DistanceMeters>
    </Trackpoint>
    <Trackpoint>
     <Time>2026-07-19T03:35:38+00:00</Time>
     <Position>
      <LatitudeDegrees>-34.1155800</LatitudeDegrees>
      <LongitudeDegrees>-71.7301800</LongitudeDegrees>
     </Position>
     <AltitudeMeters>246.12000000000003</AltitudeMeters>
     <DistanceMeters>90379.08625274824</DistanceMeters>
    </Trackpoint>
    <Trackpoint>
     <Time>2026-07-19T03:35:46+00:00</Time>
     <Position>
      <LatitudeDegrees>-34.1156500</LatitudeDegrees>
      <LongitudeDegrees>-71.7302600</LongitudeDegrees>
     </Position>
     <AltitudeMeters>246.14000000000001</AltitudeMeters>
     <DistanceMeters>90389.81157514936</DistanceMeters>
    </Trackpoint>
    <Trackpoint>
     <Time>2026-07-19T03:35:55+00:00</Time>
     <Position>
      <LatitudeDegrees>-34.1156700</LatitudeDegrees>
      <LongitudeDegrees>-71.7303400</LongitudeDegrees>
     </Position>
     <AltitudeMeters>246.19000000000003</AltitudeMeters>
     <DistanceMeters>90397.51171837028</DistanceMeters>
    </Trackpoint>
    <Trackpoint>
     <Time>2026-07-19T03:36:03+00:00</Time>
     <Position>
      <LatitudeDegrees>-34.1156400</LatitudeDegrees>
      <LongitudeDegrees>-71.7308600</LongitudeDegrees>
     </Position>
     <AltitudeMeters>247.20000000000002</AltitudeMeters>
     <DistanceMeters>90445.54200367174</DistanceMeters>
    </Trackpoint>
    <Trackpoint>
     <Time>2026-07-19T03:36:12+00:00</Time>
     <Position>
      <LatitudeDegrees>-34.1155000</LatitudeDegrees>
      <LongitudeDegrees>-71.7314100</LongitudeDegrees>
     </Position>
     <AltitudeMeters>250.36</AltitudeMeters>
     <DistanceMeters>90498.56164073668</DistanceMeters>
    </Trackpoint>
    <Trackpoint>
     <Time>2026-07-19T03:36:21+00:00</Time>
     <Position>
      <LatitudeDegrees>-34.1148200</LatitudeDegrees>
      <LongitudeDegrees>-71.7320100</LongitudeDegrees>
     </Position>
     <AltitudeMeters>248.23000000000002</AltitudeMeters>
     <DistanceMeters>90592.28540755634</DistanceMeters>
    </Trackpoint>
    <Trackpoint>
     <Time>2026-07-19T03:36:29+00:00</Time>
     <Position>
      <LatitudeDegrees>-34.1145700</LatitudeDegrees>
      <LongitudeDegrees>-71.7323100</LongitudeDegrees>
     </Position>
     <AltitudeMeters>248.31000000000003</AltitudeMeters>
     <DistanceMeters>90631.50669320973</DistanceMeters>
    </Trackpoint>
    <Trackpoint>
     <Time>2026-07-19T03:36:38+00:00</Time>
     <Position>
      <LatitudeDegrees>-34.1143900</LatitudeDegrees>
      <LongitudeDegrees>-71.7325900</LongitudeDegrees>
     </Position>
     <AltitudeMeters>248.76</AltitudeMeters>
     <DistanceMeters>90664.17140076343</DistanceMeters>
    </Trackpoint>
    <Trackpoint>
     <Time>2026-07-19T03:36:46+00:00</Time>
     <Position>
      <LatitudeDegrees>-34.1141700</LatitudeDegrees>
      <LongitudeDegrees>-71.7330300</LongitudeDegrees>
     </Position>
     <AltitudeMeters>249.55</AltitudeMeters>
     <DistanceMeters>90711.53468923665</DistanceMeters>
    </Trackpoint>
    <Trackpoint>
     <Time>2026-07-19T03:36:55+00:00</Time>
     <Position>
      <LatitudeDegrees>-34.1140200</LatitudeDegrees>
      <LongitudeDegrees>-71.7335000</LongitudeDegrees>
     </Position>
     <AltitudeMeters>250.07000000000002</AltitudeMeters>
     <DistanceMeters>90757.94873949146</DistanceMeters>
    </Trackpoint>
    <Trackpoint>
     <Time>2026-07-19T03:37:03+00:00</Time>
     <Position>
      <LatitudeDegrees>-34.1139350</LatitudeDegrees>
      <LongitudeDegrees>-71.7342750</LongitudeDegrees>
     </Position>
     <AltitudeMeters>248.84000000000003</AltitudeMeters>
     <DistanceMeters>90829.98448781674</DistanceMeters>
    </Trackpoint>
    <Trackpoint>
     <Time>2026-07-19T03:37:12+00:00</Time>
     <Position>
      <LatitudeDegrees>-34.1138500</LatitudeDegrees>
      <LongitudeDegrees>-71.7350500</LongitudeDegrees>
     </Position>
     <AltitudeMeters>246.36</AltitudeMeters>
     <DistanceMeters>90902.02025629947</DistanceMeters>
    </Trackpoint>
    <Trackpoint>
     <Time>2026-07-19T03:37:21+00:00</Time>
     <Position>
      <LatitudeDegrees>-34.1137300</LatitudeDegrees>
      <LongitudeDegrees>-71.7355000</LongitudeDegrees>
     </Position>
     <AltitudeMeters>244.44000000000003</AltitudeMeters>
     <DistanceMeters>90945.58305954933</DistanceMeters>
    </Trackpoint>
    <Trackpoint>
     <Time>2026-07-19T03:37:29+00:00</Time>
     <Position>
      <LatitudeDegrees>-34.1136300</LatitudeDegrees>
      <LongitudeDegrees>-71.7357600</LongitudeDegrees>
     </Position>
     <AltitudeMeters>243.78000000000003</AltitudeMeters>
     <DistanceMeters>90971.99961023383</DistanceMeters>
    </Trackpoint>
    <Trackpoint>
     <Time>2026-07-19T03:37:38+00:00</Time>
     <Position>
      <LatitudeDegrees>-34.1133100</LatitudeDegrees>
      <LongitudeDegrees>-71.7362100</LongitudeDegrees>
     </Position>
     <AltitudeMeters>240.99</AltitudeMeters>
     <DistanceMeters>91026.66004312382</DistanceMeters>
    </Trackpoint>
    <Trackpoint>
     <Time>2026-07-19T03:37:46+00:00</Time>
     <Position>
      <LatitudeDegrees>-34.1128650</LatitudeDegrees>
      <LongitudeDegrees>-71.7365900</LongitudeDegrees>
     </Position>
     <AltitudeMeters>239.37000000000003</AltitudeMeters>
     <DistanceMeters>91087.31442878973</DistanceMeters>
    </Trackpoint>
    <Trackpoint>
     <Time>2026-07-19T03:37:55+00:00</Time>
     <Position>
      <LatitudeDegrees>-34.1124200</LatitudeDegrees>
      <LongitudeDegrees>-71.7369700</LongitudeDegrees>
     </Position>
     <AltitudeMeters>239.72</AltitudeMeters>
     <DistanceMeters>91147.96879071197</DistanceMeters>
    </Trackpoint>
    <Trackpoint>
     <Time>2026-07-19T03:38:03+00:00</Time>
     <Position>
      <LatitudeDegrees>-34.1120400</LatitudeDegrees>
      <LongitudeDegrees>-71.7373750</LongitudeDegrees>
     </Position>
     <AltitudeMeters>239.48000000000002</AltitudeMeters>
     <DistanceMeters>91204.37248784023</DistanceMeters>
    </Trackpoint>
    <Trackpoint>
     <Time>2026-07-19T03:38:12+00:00</Time>
     <Position>
      <LatitudeDegrees>-34.1116600</LatitudeDegrees>
      <LongitudeDegrees>-71.7377800</LongitudeDegrees>
     </Position>
     <AltitudeMeters>241.88</AltitudeMeters>
     <DistanceMeters>91260.77612789729</DistanceMeters>
    </Trackpoint>
    <Trackpoint>
     <Time>2026-07-19T03:38:21+00:00</Time>
     <Position>
      <LatitudeDegrees>-34.1113600</LatitudeDegrees>
      <LongitudeDegrees>-71.7380200</LongitudeDegrees>
     </Position>
     <AltitudeMeters>243.92000000000002</AltitudeMeters>
     <DistanceMeters>91300.82473790532</DistanceMeters>
    </Trackpoint>
    <Trackpoint>
     <Time>2026-07-19T03:38:29+00:00</Time>
     <Position>
      <LatitudeDegrees>-34.1109200</LatitudeDegrees>
      <LongitudeDegrees>-71.7382300</LongitudeDegrees>
     </Position>
     <AltitudeMeters>247.24</AltitudeMeters>
     <DistanceMeters>91353.47955767717</DistanceMeters>
    </Trackpoint>
    <Trackpoint>
     <Time>2026-07-19T03:38:38+00:00</Time>
     <Position>
      <LatitudeDegrees>-34.1101650</LatitudeDegrees>
      <LongitudeDegrees>-71.7384750</LongitudeDegrees>
     </Position>
     <AltitudeMeters>250.10999999999999</AltitudeMeters>
     <DistanceMeters>91440.48787137716</DistanceMeters>
    </Trackpoint>
    <Trackpoint>
     <Time>2026-07-19T03:38:46+00:00</Time>
     <Position>
      <LatitudeDegrees>-34.1094100</LatitudeDegrees>
      <LongitudeDegrees>-71.7387200</LongitudeDegrees>
     </Position>
     <AltitudeMeters>251.68</AltitudeMeters>
     <DistanceMeters>91527.49618507837</DistanceMeters>
    </Trackpoint>
    <Trackpoint>
     <Time>2026-07-19T03:38:55+00:00</Time>
     <Position>
      <LatitudeDegrees>-34.1086550</LatitudeDegrees>
      <LongitudeDegrees>-71.7389650</LongitudeDegrees>
     </Position>
     <AltitudeMeters>256.51</AltitudeMeters>
     <DistanceMeters>91614.50449878024</DistanceMeters>
    </Trackpoint>
    <Trackpoint>
     <Time>2026-07-19T03:39:03+00:00</Time>
     <Position>
      <LatitudeDegrees>-34.1079000</LatitudeDegrees>
      <LongitudeDegrees>-71.7392100</LongitudeDegrees>
     </Position>
     <AltitudeMeters>261.53000000000003</AltitudeMeters>
     <DistanceMeters>91701.51281005755</DistanceMeters>
    </Trackpoint>
    <Trackpoint>
     <Time>2026-07-19T03:39:12+00:00</Time>
     <Position>
      <LatitudeDegrees>-34.1076300</LatitudeDegrees>
      <LongitudeDegrees>-71.7392200</LongitudeDegrees>
     </Position>
     <AltitudeMeters>263.36</AltitudeMeters>
     <DistanceMeters>91731.5767697515</DistanceMeters>
    </Trackpoint>
    <Trackpoint>
     <Time>2026-07-19T03:39:21+00:00</Time>
     <Position>
      <LatitudeDegrees>-34.1073600</LatitudeDegrees>
      <LongitudeDegrees>-71.7391700</LongitudeDegrees>
     </Position>
     <AltitudeMeters>264.41</AltitudeMeters>
     <DistanceMeters>91761.97779242965</DistanceMeters>
    </Trackpoint>
    <Trackpoint>
     <Time>2026-07-19T03:39:29+00:00</Time>
     <Position>
      <LatitudeDegrees>-34.1071200</LatitudeDegrees>
      <LongitudeDegrees>-71.7390300</LongitudeDegrees>
     </Position>
     <AltitudeMeters>265.29</AltitudeMeters>
     <DistanceMeters>91791.64119273008</DistanceMeters>
    </Trackpoint>
    <Trackpoint>
     <Time>2026-07-19T03:39:38+00:00</Time>
     <Position>
      <LatitudeDegrees>-34.1065150</LatitudeDegrees>
      <LongitudeDegrees>-71.7386175</LongitudeDegrees>
     </Position>
     <AltitudeMeters>266.65</AltitudeMeters>
     <DistanceMeters>91868.9642283437</DistanceMeters>
    </Trackpoint>
    <Trackpoint>
     <Time>2026-07-19T03:39:46+00:00</Time>
     <Position>
      <LatitudeDegrees>-34.1059100</LatitudeDegrees>
      <LongitudeDegrees>-71.7382050</LongitudeDegrees>
     </Position>
     <AltitudeMeters>268.40000000000003</AltitudeMeters>
     <DistanceMeters>91946.28726395748</DistanceMeters>
    </Trackpoint>
    <Trackpoint>
     <Time>2026-07-19T03:39:55+00:00</Time>
     <Position>
      <LatitudeDegrees>-34.1053050</LatitudeDegrees>
      <LongitudeDegrees>-71.7377925</LongitudeDegrees>
     </Position>
     <AltitudeMeters>270.24</AltitudeMeters>
     <DistanceMeters>92023.61029957066</DistanceMeters>
    </Trackpoint>
    <Trackpoint>
     <Time>2026-07-19T03:40:03+00:00</Time>
     <Position>
      <LatitudeDegrees>-34.1047000</LatitudeDegrees>
      <LongitudeDegrees>-71.7373800</LongitudeDegrees>
     </Position>
     <AltitudeMeters>272.51000000000005</AltitudeMeters>
     <DistanceMeters>92100.93334195812</DistanceMeters>
    </Trackpoint>
    <Trackpoint>
     <Time>2026-07-19T03:40:12+00:00</Time>
     <Position>
      <LatitudeDegrees>-34.1043600</LatitudeDegrees>
      <LongitudeDegrees>-71.7372000</LongitudeDegrees>
     </Position>
     <AltitudeMeters>274.78000000000003</AltitudeMeters>
     <DistanceMeters>92142.24994695686</DistanceMeters>
    </Trackpoint>
    <Trackpoint>
     <Time>2026-07-19T03:40:21+00:00</Time>
     <Position>
      <LatitudeDegrees>-34.1040300</LatitudeDegrees>
      <LongitudeDegrees>-71.7371100</LongitudeDegrees>
     </Position>
     <AltitudeMeters>276.56</AltitudeMeters>
     <DistanceMeters>92179.90236079479</DistanceMeters>
    </Trackpoint>
    <Trackpoint>
     <Time>2026-07-19T03:40:29+00:00</Time>
     <Position>
      <LatitudeDegrees>-34.1036200</LatitudeDegrees>
      <LongitudeDegrees>-71.7370600</LongitudeDegrees>
     </Position>
     <AltitudeMeters>277.77000000000004</AltitudeMeters>
     <DistanceMeters>92225.76564188422</DistanceMeters>
    </Trackpoint>
    <Trackpoint>
     <Time>2026-07-19T03:40:38+00:00</Time>
     <Position>
      <LatitudeDegrees>-34.1032200</LatitudeDegrees>
      <LongitudeDegrees>-71.7370700</LongitudeDegrees>
     </Position>
     <AltitudeMeters>278.24</AltitudeMeters>
     <DistanceMeters>92270.29345107498</DistanceMeters>
    </Trackpoint>
    <Trackpoint>
     <Time>2026-07-19T03:40:46+00:00</Time>
     <Position>
      <LatitudeDegrees>-34.1025500</LatitudeDegrees>
      <LongitudeDegrees>-71.7372400</LongitudeDegrees>
     </Position>
     <AltitudeMeters>279.11</AltitudeMeters>
     <DistanceMeters>92346.48954200486</DistanceMeters>
    </Trackpoint>
    <Trackpoint>
     <Time>2026-07-19T03:40:55+00:00</Time>
     <Position>
      <LatitudeDegrees>-34.1018800</LatitudeDegrees>
      <LongitudeDegrees>-71.7374700</LongitudeDegrees>
     </Position>
     <AltitudeMeters>280.30000000000007</AltitudeMeters>
     <DistanceMeters>92424.01165896303</DistanceMeters>
    </Trackpoint>
    <Trackpoint>
     <Time>2026-07-19T03:41:03+00:00</Time>
     <Position>
      <LatitudeDegrees>-34.1016100</LatitudeDegrees>
      <LongitudeDegrees>-71.7376000</LongitudeDegrees>
     </Position>
     <AltitudeMeters>280.81</AltitudeMeters>
     <DistanceMeters>92456.36169294747</DistanceMeters>
    </Trackpoint>
    <Trackpoint>
     <Time>2026-07-19T03:41:12+00:00</Time>
     <Position>
      <LatitudeDegrees>-34.1013000</LatitudeDegrees>
      <LongitudeDegrees>-71.7377800</LongitudeDegrees>
     </Position>
     <AltitudeMeters>281.14</AltitudeMeters>
     <DistanceMeters>92494.64407331904</DistanceMeters>
    </Trackpoint>
    <Trackpoint>
     <Time>2026-07-19T03:41:21+00:00</Time>
     <Position>
      <LatitudeDegrees>-34.1007125</LatitudeDegrees>
      <LongitudeDegrees>-71.7382975</LongitudeDegrees>
     </Position>
     <AltitudeMeters>280.64</AltitudeMeters>
     <DistanceMeters>92575.57571284346</DistanceMeters>
    </Trackpoint>
    <Trackpoint>
     <Time>2026-07-19T03:41:29+00:00</Time>
     <Position>
      <LatitudeDegrees>-34.1001250</LatitudeDegrees>
      <LongitudeDegrees>-71.7388150</LongitudeDegrees>
     </Position>
     <AltitudeMeters>279.58</AltitudeMeters>
     <DistanceMeters>92656.5073523673</DistanceMeters>
    </Trackpoint>
    <Trackpoint>
     <Time>2026-07-19T03:41:38+00:00</Time>
     <Position>
      <LatitudeDegrees>-34.0995375</LatitudeDegrees>
      <LongitudeDegrees>-71.7393325</LongitudeDegrees>
     </Position>
     <AltitudeMeters>280.61</AltitudeMeters>
     <DistanceMeters>92737.43899189252</DistanceMeters>
    </Trackpoint>
    <Trackpoint>
     <Time>2026-07-19T03:41:46+00:00</Time>
     <Position>
      <LatitudeDegrees>-34.0989500</LatitudeDegrees>
      <LongitudeDegrees>-71.7398500</LongitudeDegrees>
     </Position>
     <AltitudeMeters>282.26</AltitudeMeters>
     <DistanceMeters>92818.37063203973</DistanceMeters>
    </Trackpoint>
    <Trackpoint>
     <Time>2026-07-19T03:41:55+00:00</Time>
     <Position>
      <LatitudeDegrees>-34.0985700</LatitudeDegrees>
      <LongitudeDegrees>-71.7400600</LongitudeDegrees>
     </Position>
     <AltitudeMeters>282.35</AltitudeMeters>
     <DistanceMeters>92864.88098155046</DistanceMeters>
    </Trackpoint>
    <Trackpoint>
     <Time>2026-07-19T03:42:03+00:00</Time>
     <Position>
      <LatitudeDegrees>-34.0982300</LatitudeDegrees>
      <LongitudeDegrees>-71.7401600</LongitudeDegrees>
     </Position>
     <AltitudeMeters>281.38</AltitudeMeters>
     <DistanceMeters>92903.82764767711</DistanceMeters>
    </Trackpoint>
    <Trackpoint>
     <Time>2026-07-19T03:42:12+00:00</Time>
     <Position>
      <LatitudeDegrees>-34.0978000</LatitudeDegrees>
      <LongitudeDegrees>-71.7402300</LongitudeDegrees>
     </Position>
     <AltitudeMeters>278.91</AltitudeMeters>
     <DistanceMeters>92952.11766291676</DistanceMeters>
    </Trackpoint>
    <Trackpoint>
     <Time>2026-07-19T03:42:21+00:00</Time>
     <Position>
      <LatitudeDegrees>-34.0970933</LatitudeDegrees>
      <LongitudeDegrees>-71.7402200</LongitudeDegrees>
     </Position>
     <AltitudeMeters>274.22</AltitudeMeters>
     <DistanceMeters>93030.77201452696</DistanceMeters>
    </Trackpoint>
    <Trackpoint>
     <Time>2026-07-19T03:42:29+00:00</Time>
     <Position>
      <LatitudeDegrees>-34.0963867</LatitudeDegrees>
      <LongitudeDegrees>-71.7402100</LongitudeDegrees>
     </Position>
     <AltitudeMeters>272.17</AltitudeMeters>
     <DistanceMeters>93109.42636613632</DistanceMeters>
    </Trackpoint>
    <Trackpoint>
     <Time>2026-07-19T03:42:38+00:00</Time>
     <Position>
      <LatitudeDegrees>-34.0956800</LatitudeDegrees>
      <LongitudeDegrees>-71.7402000</LongitudeDegrees>
     </Position>
     <AltitudeMeters>272.54</AltitudeMeters>
     <DistanceMeters>93188.08070267669</DistanceMeters>
    </Trackpoint>
    <Trackpoint>
     <Time>2026-07-19T03:42:46+00:00</Time>
     <Position>
      <LatitudeDegrees>-34.0951900</LatitudeDegrees>
      <LongitudeDegrees>-71.7401200</LongitudeDegrees>
     </Position>
     <AltitudeMeters>272.03000000000003</AltitudeMeters>
     <DistanceMeters>93243.11175713109</DistanceMeters>
    </Trackpoint>
    <Trackpoint>
     <Time>2026-07-19T03:42:55+00:00</Time>
     <Position>
      <LatitudeDegrees>-34.0943600</LatitudeDegrees>
      <LongitudeDegrees>-71.7397600</LongitudeDegrees>
     </Position>
     <AltitudeMeters>267.35</AltitudeMeters>
     <DistanceMeters>93341.26540276394</DistanceMeters>
    </Trackpoint>
    <Trackpoint>
     <Time>2026-07-19T03:43:03+00:00</Time>
     <Position>
      <LatitudeDegrees>-34.0935300</LatitudeDegrees>
      <LongitudeDegrees>-71.7394000</LongitudeDegrees>
     </Position>
     <AltitudeMeters>265.17</AltitudeMeters>
     <DistanceMeters>93439.41904839494</DistanceMeters>
    </Trackpoint>
    <Trackpoint>
     <Time>2026-07-19T03:43:12+00:00</Time>
     <Position>
      <LatitudeDegrees>-34.0927000</LatitudeDegrees>
      <LongitudeDegrees>-71.7390400</LongitudeDegrees>
     </Position>
     <AltitudeMeters>264.61</AltitudeMeters>
     <DistanceMeters>93537.57269402669</DistanceMeters>
    </Trackpoint>
    <Trackpoint>
     <Time>2026-07-19T03:43:21+00:00</Time>
     <Position>
      <LatitudeDegrees>-34.0918700</LatitudeDegrees>
      <LongitudeDegrees>-71.7386800</LongitudeDegrees>
     </Position>
     <AltitudeMeters>265.02000000000004</AltitudeMeters>
     <DistanceMeters>93635.72633965919</DistanceMeters>
    </Trackpoint>
    <Trackpoint>
     <Time>2026-07-19T03:43:29+00:00</Time>
     <Position>
      <LatitudeDegrees>-34.0910400</LatitudeDegrees>
      <LongitudeDegrees>-71.7383200</LongitudeDegrees>
     </Position>
     <AltitudeMeters>264.68</AltitudeMeters>
     <DistanceMeters>93733.87998895007</DistanceMeters>
    </Trackpoint>
    <Trackpoint>
     <Time>2026-07-19T03:43:38+00:00</Time>
     <Position>
      <LatitudeDegrees>-34.0908400</LatitudeDegrees>
      <LongitudeDegrees>-71.7382700</LongitudeDegrees>
     </Position>
     <AltitudeMeters>264.21</AltitudeMeters>
     <DistanceMeters>93756.61118178304</DistanceMeters>
    </Trackpoint>
    <Trackpoint>
     <Time>2026-07-19T03:43:46+00:00</Time>
     <Position>
      <LatitudeDegrees>-34.0906200</LatitudeDegrees>
      <LongitudeDegrees>-71.7382600</LongitudeDegrees>
     </Position>
     <AltitudeMeters>263.20000000000005</AltitudeMeters>
     <DistanceMeters>93781.11357293128</DistanceMeters>
    </Trackpoint>
    <Trackpoint>
     <Time>2026-07-19T03:43:55+00:00</Time>
     <Position>
      <LatitudeDegrees>-34.0897300</LatitudeDegrees>
      <LongitudeDegrees>-71.7384075</LongitudeDegrees>
     </Position>
     <AltitudeMeters>258.18</AltitudeMeters>
     <DistanceMeters>93881.0953750741</DistanceMeters>
    </Trackpoint>
    <Trackpoint>
     <Time>2026-07-19T03:44:03+00:00</Time>
     <Position>
      <LatitudeDegrees>-34.0888400</LatitudeDegrees>
      <LongitudeDegrees>-71.7385550</LongitudeDegrees>
     </Position>
     <AltitudeMeters>252.04999999999998</AltitudeMeters>
     <DistanceMeters>93981.07717721477</DistanceMeters>
    </Trackpoint>
    <Trackpoint>
     <Time>2026-07-19T03:44:12+00:00</Time>
     <Position>
      <LatitudeDegrees>-34.0879500</LatitudeDegrees>
      <LongitudeDegrees>-71.7387025</LongitudeDegrees>
     </Position>
     <AltitudeMeters>245.55</AltitudeMeters>
     <DistanceMeters>94081.05897935797</DistanceMeters>
    </Trackpoint>
    <Trackpoint>
     <Time>2026-07-19T03:44:21+00:00</Time>
     <Position>
      <LatitudeDegrees>-34.0870600</LatitudeDegrees>
      <LongitudeDegrees>-71.7388500</LongitudeDegrees>
     </Position>
     <AltitudeMeters>239.36</AltitudeMeters>
     <DistanceMeters>94181.04077222492</DistanceMeters>
    </Trackpoint>
    <Trackpoint>
     <Time>2026-07-19T03:44:29+00:00</Time>
     <Position>
      <LatitudeDegrees>-34.0867500</LatitudeDegrees>
      <LongitudeDegrees>-71.7389000</LongitudeDegrees>
     </Position>
     <AltitudeMeters>238.16</AltitudeMeters>
     <DistanceMeters>94215.84888345852</DistanceMeters>
    </Trackpoint>
    <Trackpoint>
     <Time>2026-07-19T03:44:38+00:00</Time>
     <Position>
      <LatitudeDegrees>-34.0865000</LatitudeDegrees>
      <LongitudeDegrees>-71.7389000</LongitudeDegrees>
     </Position>
     <AltitudeMeters>236.88</AltitudeMeters>
     <DistanceMeters>94243.67280331886</DistanceMeters>
    </Trackpoint>
    <Trackpoint>
     <Time>2026-07-19T03:44:46+00:00</Time>
     <Position>
      <LatitudeDegrees>-34.0856533</LatitudeDegrees>
      <LongitudeDegrees>-71.7387933</LongitudeDegrees>
     </Position>
     <AltitudeMeters>231.97</AltitudeMeters>
     <DistanceMeters>94338.41469626439</DistanceMeters>
    </Trackpoint>
    <Trackpoint>
     <Time>2026-07-19T03:44:55+00:00</Time>
     <Position>
      <LatitudeDegrees>-34.0848067</LatitudeDegrees>
      <LongitudeDegrees>-71.7386867</LongitudeDegrees>
     </Position>
     <AltitudeMeters>228.98000000000002</AltitudeMeters>
     <DistanceMeters>94433.15658921053</DistanceMeters>
    </Trackpoint>
    <Trackpoint>
     <Time>2026-07-19T03:45:03+00:00</Time>
     <Position>
      <LatitudeDegrees>-34.0839600</LatitudeDegrees>
      <LongitudeDegrees>-71.7385800</LongitudeDegrees>
     </Position>
     <AltitudeMeters>228.5</AltitudeMeters>
     <DistanceMeters>94527.89849140016</DistanceMeters>
    </Trackpoint>
    <Trackpoint>
     <Time>2026-07-19T03:45:12+00:00</Time>
     <Position>
      <LatitudeDegrees>-34.0831375</LatitudeDegrees>
      <LongitudeDegrees>-71.7384375</LongitudeDegrees>
     </Position>
     <AltitudeMeters>228.48000000000002</AltitudeMeters>
     <DistanceMeters>94620.37680844708</DistanceMeters>
    </Trackpoint>
    <Trackpoint>
     <Time>2026-07-19T03:45:21+00:00</Time>
     <Position>
      <LatitudeDegrees>-34.0823150</LatitudeDegrees>
      <LongitudeDegrees>-71.7382950</LongitudeDegrees>
     </Position>
     <AltitudeMeters>228.42000000000002</AltitudeMeters>
     <DistanceMeters>94712.85512549517</DistanceMeters>
    </Trackpoint>
    <Trackpoint>
     <Time>2026-07-19T03:45:29+00:00</Time>
     <Position>
      <LatitudeDegrees>-34.0814925</LatitudeDegrees>
      <LongitudeDegrees>-71.7381525</LongitudeDegrees>
     </Position>
     <AltitudeMeters>228.32000000000002</AltitudeMeters>
     <DistanceMeters>94805.33344254013</DistanceMeters>
    </Trackpoint>
    <Trackpoint>
     <Time>2026-07-19T03:45:38+00:00</Time>
     <Position>
      <LatitudeDegrees>-34.0806700</LatitudeDegrees>
      <LongitudeDegrees>-71.7380100</LongitudeDegrees>
     </Position>
     <AltitudeMeters>228.02</AltitudeMeters>
     <DistanceMeters>94897.81177566602</DistanceMeters>
    </Trackpoint>
    <Trackpoint>
     <Time>2026-07-19T03:45:46+00:00</Time>
     <Position>
      <LatitudeDegrees>-34.0799633</LatitudeDegrees>
      <LongitudeDegrees>-71.7378567</LongitudeDegrees>
     </Position>
     <AltitudeMeters>227.33000000000004</AltitudeMeters>
     <DistanceMeters>94977.72073070587</DistanceMeters>
    </Trackpoint>
    <Trackpoint>
     <Time>2026-07-19T03:45:55+00:00</Time>
     <Position>
      <LatitudeDegrees>-34.0792567</LatitudeDegrees>
      <LongitudeDegrees>-71.7377033</LongitudeDegrees>
     </Position>
     <AltitudeMeters>227.21</AltitudeMeters>
     <DistanceMeters>95057.62968574451</DistanceMeters>
    </Trackpoint>
    <Trackpoint>
     <Time>2026-07-19T03:46:03+00:00</Time>
     <Position>
      <LatitudeDegrees>-34.0785500</LatitudeDegrees>
      <LongitudeDegrees>-71.7375500</LongitudeDegrees>
     </Position>
     <AltitudeMeters>229.55000000000004</AltitudeMeters>
     <DistanceMeters>95137.53865507536</DistanceMeters>
    </Trackpoint>
    <Trackpoint>
     <Time>2026-07-19T03:46:12+00:00</Time>
     <Position>
      <LatitudeDegrees>-34.0781300</LatitudeDegrees>
      <LongitudeDegrees>-71.7375200</LongitudeDegrees>
     </Position>
     <AltitudeMeters>230.76000000000002</AltitudeMeters>
     <DistanceMeters>95184.36457546322</DistanceMeters>
    </Trackpoint>
    <Trackpoint>
     <Time>2026-07-19T03:46:21+00:00</Time>
     <Position>
      <LatitudeDegrees>-34.0777500</LatitudeDegrees>
      <LongitudeDegrees>-71.7375900</LongitudeDegrees>
     </Position>
     <AltitudeMeters>231.78</AltitudeMeters>
     <DistanceMeters>95227.14638022952</DistanceMeters>
    </Trackpoint>
    <Trackpoint>
     <Time>2026-07-19T03:46:29+00:00</Time>
     <Position>
      <LatitudeDegrees>-34.0770100</LatitudeDegrees>
      <LongitudeDegrees>-71.7377733</LongitudeDegrees>
     </Position>
     <AltitudeMeters>233.86</AltitudeMeters>
     <DistanceMeters>95311.2213596218</DistanceMeters>
    </Trackpoint>
    <Trackpoint>
     <Time>2026-07-19T03:46:38+00:00</Time>
     <Position>
      <LatitudeDegrees>-34.0762700</LatitudeDegrees>
      <LongitudeDegrees>-71.7379567</LongitudeDegrees>
     </Position>
     <AltitudeMeters>235.86</AltitudeMeters>
     <DistanceMeters>95395.2963390144</DistanceMeters>
    </Trackpoint>
    <Trackpoint>
     <Time>2026-07-19T03:46:46+00:00</Time>
     <Position>
      <LatitudeDegrees>-34.0755300</LatitudeDegrees>
      <LongitudeDegrees>-71.7381400</LongitudeDegrees>
     </Position>
     <AltitudeMeters>235.14000000000001</AltitudeMeters>
     <DistanceMeters>95479.37131421441</DistanceMeters>
    </Trackpoint>
    <Trackpoint>
     <Time>2026-07-19T03:46:55+00:00</Time>
     <Position>
      <LatitudeDegrees>-34.0753100</LatitudeDegrees>
      <LongitudeDegrees>-71.7381400</LongitudeDegrees>
     </Position>
     <AltitudeMeters>234.82000000000002</AltitudeMeters>
     <DistanceMeters>95503.85636369126</DistanceMeters>
    </Trackpoint>
    <Trackpoint>
     <Time>2026-07-19T03:47:03+00:00</Time>
     <Position>
      <LatitudeDegrees>-34.0750400</LatitudeDegrees>
      <LongitudeDegrees>-71.7381400</LongitudeDegrees>
     </Position>
     <AltitudeMeters>234.76000000000002</AltitudeMeters>
     <DistanceMeters>95533.90619714033</DistanceMeters>
    </Trackpoint>
    <Trackpoint>
     <Time>2026-07-19T03:47:12+00:00</Time>
     <Position>
      <LatitudeDegrees>-34.0742417</LatitudeDegrees>
      <LongitudeDegrees>-71.7380267</LongitudeDegrees>
     </Position>
     <AltitudeMeters>233.47</AltitudeMeters>
     <DistanceMeters>95623.3694437469</DistanceMeters>
    </Trackpoint>
    <Trackpoint>
     <Time>2026-07-19T03:47:21+00:00</Time>
     <Position>
      <LatitudeDegrees>-34.0734433</LatitudeDegrees>
      <LongitudeDegrees>-71.7379133</LongitudeDegrees>
     </Position>
     <AltitudeMeters>228.96</AltitudeMeters>
     <DistanceMeters>95712.83269035285</DistanceMeters>
    </Trackpoint>
    <Trackpoint>
     <Time>2026-07-19T03:47:29+00:00</Time>
     <Position>
      <LatitudeDegrees>-34.0726450</LatitudeDegrees>
      <LongitudeDegrees>-71.7378000</LongitudeDegrees>
     </Position>
     <AltitudeMeters>225.32000000000002</AltitudeMeters>
     <DistanceMeters>95802.29593695886</DistanceMeters>
    </Trackpoint>
    <Trackpoint>
     <Time>2026-07-19T03:47:38+00:00</Time>
     <Position>
      <LatitudeDegrees>-34.0718467</LatitudeDegrees>
      <LongitudeDegrees>-71.7376867</LongitudeDegrees>
     </Position>
     <AltitudeMeters>225.12</AltitudeMeters>
     <DistanceMeters>95891.75918356435</DistanceMeters>
    </Trackpoint>
    <Trackpoint>
     <Time>2026-07-19T03:47:46+00:00</Time>
     <Position>
      <LatitudeDegrees>-34.0710483</LatitudeDegrees>
      <LongitudeDegrees>-71.7375733</LongitudeDegrees>
     </Position>
     <AltitudeMeters>227.36</AltitudeMeters>
     <DistanceMeters>95981.22243017046</DistanceMeters>
    </Trackpoint>
    <Trackpoint>
     <Time>2026-07-19T03:47:55+00:00</Time>
     <Position>
      <LatitudeDegrees>-34.0702500</LatitudeDegrees>
      <LongitudeDegrees>-71.7374600</LongitudeDegrees>
     </Position>
     <AltitudeMeters>230.88000000000002</AltitudeMeters>
     <DistanceMeters>96070.68567655093</DistanceMeters>
    </Trackpoint>
    <Trackpoint>
     <Time>2026-07-19T03:48:03+00:00</Time>
     <Position>
      <LatitudeDegrees>-34.0699100</LatitudeDegrees>
      <LongitudeDegrees>-71.7373400</LongitudeDegrees>
     </Position>
     <AltitudeMeters>230.92000000000002</AltitudeMeters>
     <DistanceMeters>96110.11024921581</DistanceMeters>
    </Trackpoint>
    <Trackpoint>
     <Time>2026-07-19T03:48:12+00:00</Time>
     <Position>
      <LatitudeDegrees>-34.0696700</LatitudeDegrees>
      <LongitudeDegrees>-71.7372400</LongitudeDegrees>
     </Position>
     <AltitudeMeters>230.28</AltitudeMeters>
     <DistanceMeters>96138.36746031031</DistanceMeters>
    </Trackpoint>
    <Trackpoint>
     <Time>2026-07-19T03:48:21+00:00</Time>
     <Position>
      <LatitudeDegrees>-34.0689850</LatitudeDegrees>
      <LongitudeDegrees>-71.7368525</LongitudeDegrees>
     </Position>
     <AltitudeMeters>226.69000000000003</AltitudeMeters>
     <DistanceMeters>96222.56040331085</DistanceMeters>
    </Trackpoint>
    <Trackpoint>
     <Time>2026-07-19T03:48:29+00:00</Time>
     <Position>
      <LatitudeDegrees>-34.0683000</LatitudeDegrees>
      <LongitudeDegrees>-71.7364650</LongitudeDegrees>
     </Position>
     <AltitudeMeters>219.74</AltitudeMeters>
     <DistanceMeters>96306.75334631154</DistanceMeters>
    </Trackpoint>
    <Trackpoint>
     <Time>2026-07-19T03:48:38+00:00</Time>
     <Position>
      <LatitudeDegrees>-34.0676150</LatitudeDegrees>
      <LongitudeDegrees>-71.7360775</LongitudeDegrees>
     </Position>
     <AltitudeMeters>214.88000000000002</AltitudeMeters>
     <DistanceMeters>96390.94628931192</DistanceMeters>
    </Trackpoint>
    <Trackpoint>
     <Time>2026-07-19T03:48:46+00:00</Time>
     <Position>
      <LatitudeDegrees>-34.0669300</LatitudeDegrees>
      <LongitudeDegrees>-71.7356900</LongitudeDegrees>
     </Position>
     <AltitudeMeters>209.08</AltitudeMeters>
     <DistanceMeters>96475.13923966323</DistanceMeters>
    </Trackpoint>
    <Trackpoint>
     <Time>2026-07-19T03:48:55+00:00</Time>
     <Position>
      <LatitudeDegrees>-34.0663633</LatitudeDegrees>
      <LongitudeDegrees>-71.7353733</LongitudeDegrees>
     </Position>
     <AltitudeMeters>207.49</AltitudeMeters>
     <DistanceMeters>96544.63668667687</DistanceMeters>
    </Trackpoint>
    <Trackpoint>
     <Time>2026-07-19T03:49:03+00:00</Time>
     <Position>
      <LatitudeDegrees>-34.0657967</LatitudeDegrees>
      <LongitudeDegrees>-71.7350567</LongitudeDegrees>
     </Position>
     <AltitudeMeters>209.3</AltitudeMeters>
     <DistanceMeters>96614.13413368838</DistanceMeters>
    </Trackpoint>
    <Trackpoint>
     <Time>2026-07-19T03:49:12+00:00</Time>
     <Position>
      <LatitudeDegrees>-34.0652300</LatitudeDegrees>
      <LongitudeDegrees>-71.7347400</LongitudeDegrees>
     </Position>
     <AltitudeMeters>212.76</AltitudeMeters>
     <DistanceMeters>96683.63159890546</DistanceMeters>
    </Trackpoint>
    <Trackpoint>
     <Time>2026-07-19T03:49:21+00:00</Time>
     <Position>
      <LatitudeDegrees>-34.0649400</LatitudeDegrees>
      <LongitudeDegrees>-71.7345900</LongitudeDegrees>
     </Position>
     <AltitudeMeters>213.68</AltitudeMeters>
     <DistanceMeters>96718.74545025223</DistanceMeters>
    </Trackpoint>
    <Trackpoint>
     <Time>2026-07-19T03:49:29+00:00</Time>
     <Position>
      <LatitudeDegrees>-34.0646500</LatitudeDegrees>
      <LongitudeDegrees>-71.7345100</LongitudeDegrees>
     </Position>
     <AltitudeMeters>214.03000000000003</AltitudeMeters>
     <DistanceMeters>96751.85325441716</DistanceMeters>
    </Trackpoint>
    <Trackpoint>
     <Time>2026-07-19T03:49:38+00:00</Time>
     <Position>
      <LatitudeDegrees>-34.0642700</LatitudeDegrees>
      <LongitudeDegrees>-71.7344600</LongitudeDegrees>
     </Position>
     <AltitudeMeters>213.63000000000002</AltitudeMeters>
     <DistanceMeters>96794.39611330398</DistanceMeters>
    </Trackpoint>
    <Trackpoint>
     <Time>2026-07-19T03:49:46+00:00</Time>
     <Position>
      <LatitudeDegrees>-34.0633900</LatitudeDegrees>
      <LongitudeDegrees>-71.7344633</LongitudeDegrees>
     </Position>
     <AltitudeMeters>211.53000000000003</AltitudeMeters>
     <DistanceMeters>96892.3367911631</DistanceMeters>
    </Trackpoint>
    <Trackpoint>
     <Time>2026-07-19T03:49:55+00:00</Time>
     <Position>
      <LatitudeDegrees>-34.0625100</LatitudeDegrees>
      <LongitudeDegrees>-71.7344667</LongitudeDegrees>
     </Position>
     <AltitudeMeters>209.86</AltitudeMeters>
     <DistanceMeters>96990.27746902409</DistanceMeters>
    </Trackpoint>
    <Trackpoint>
     <Time>2026-07-19T03:50:03+00:00</Time>
     <Position>
      <LatitudeDegrees>-34.0616300</LatitudeDegrees>
      <LongitudeDegrees>-71.7344700</LongitudeDegrees>
     </Position>
     <AltitudeMeters>209.67000000000002</AltitudeMeters>
     <DistanceMeters>97088.21815362379</DistanceMeters>
    </Trackpoint>
    <Trackpoint>
     <Time>2026-07-19T03:50:12+00:00</Time>
     <Position>
      <LatitudeDegrees>-34.0609250</LatitudeDegrees>
      <LongitudeDegrees>-71.7344500</LongitudeDegrees>
     </Position>
     <AltitudeMeters>211.03000000000003</AltitudeMeters>
     <DistanceMeters>97166.70326021829</DistanceMeters>
    </Trackpoint>
    <Trackpoint>
     <Time>2026-07-19T03:50:21+00:00</Time>
     <Position>
      <LatitudeDegrees>-34.0602200</LatitudeDegrees>
      <LongitudeDegrees>-71.7344300</LongitudeDegrees>
     </Position>
     <AltitudeMeters>212.98000000000002</AltitudeMeters>
     <DistanceMeters>97245.1883941561</DistanceMeters>
    </Trackpoint>
    <Trackpoint>
     <Time>2026-07-19T03:50:29+00:00</Time>
     <Position>
      <LatitudeDegrees>-34.0599100</LatitudeDegrees>
      <LongitudeDegrees>-71.7344500</LongitudeDegrees>
     </Position>
     <AltitudeMeters>213.69000000000003</AltitudeMeters>
     <DistanceMeters>97279.73930070976</DistanceMeters>
    </Trackpoint>
    <Trackpoint>
     <Time>2026-07-19T03:50:38+00:00</Time>
     <Position>
      <LatitudeDegrees>-34.0590811</LatitudeDegrees>
      <LongitudeDegrees>-71.7344444</LongitudeDegrees>
     </Position>
     <AltitudeMeters>215.54</AltitudeMeters>
     <DistanceMeters>97371.99247497675</DistanceMeters>
    </Trackpoint>
    <Trackpoint>
     <Time>2026-07-19T03:50:46+00:00</Time>
     <Position>
      <LatitudeDegrees>-34.0582522</LatitudeDegrees>
      <LongitudeDegrees>-71.7344389</LongitudeDegrees>
     </Position>
     <AltitudeMeters>217.29000000000002</AltitudeMeters>
     <DistanceMeters>97464.24564924203</DistanceMeters>
    </Trackpoint>
    <Trackpoint>
     <Time>2026-07-19T03:50:55+00:00</Time>
     <Position>
      <LatitudeDegrees>-34.0574233</LatitudeDegrees>
      <LongitudeDegrees>-71.7344333</LongitudeDegrees>
     </Position>
     <AltitudeMeters>216.93</AltitudeMeters>
     <DistanceMeters>97556.49882350715</DistanceMeters>
    </Trackpoint>
    <Trackpoint>
     <Time>2026-07-19T03:51:03+00:00</Time>
     <Position>
      <LatitudeDegrees>-34.0565944</LatitudeDegrees>
      <LongitudeDegrees>-71.7344278</LongitudeDegrees>
     </Position>
     <AltitudeMeters>215.52</AltitudeMeters>
     <DistanceMeters>97648.75199777294</DistanceMeters>
    </Trackpoint>
    <Trackpoint>
     <Time>2026-07-19T03:51:12+00:00</Time>
     <Position>
      <LatitudeDegrees>-34.0557656</LatitudeDegrees>
      <LongitudeDegrees>-71.7344222</LongitudeDegrees>
     </Position>
     <AltitudeMeters>214.05</AltitudeMeters>
     <DistanceMeters>97741.00517203937</DistanceMeters>
    </Trackpoint>
    <Trackpoint>
     <Time>2026-07-19T03:51:21+00:00</Time>
     <Position>
      <LatitudeDegrees>-34.0549367</LatitudeDegrees>
      <LongitudeDegrees>-71.7344167</LongitudeDegrees>
     </Position>
     <AltitudeMeters>213.31000000000003</AltitudeMeters>
     <DistanceMeters>97833.25834630486</DistanceMeters>
    </Trackpoint>
    <Trackpoint>
     <Time>2026-07-19T03:51:29+00:00</Time>
     <Position>
      <LatitudeDegrees>-34.0541078</LatitudeDegrees>
      <LongitudeDegrees>-71.7344111</LongitudeDegrees>
     </Position>
     <AltitudeMeters>212.79</AltitudeMeters>
     <DistanceMeters>97925.51152057025</DistanceMeters>
    </Trackpoint>
    <Trackpoint>
     <Time>2026-07-19T03:51:38+00:00</Time>
     <Position>
      <LatitudeDegrees>-34.0532789</LatitudeDegrees>
      <LongitudeDegrees>-71.7344056</LongitudeDegrees>
     </Position>
     <AltitudeMeters>210.77</AltitudeMeters>
     <DistanceMeters>98017.76469483707</DistanceMeters>
    </Trackpoint>
    <Trackpoint>
     <Time>2026-07-19T03:51:46+00:00</Time>
     <Position>
      <LatitudeDegrees>-34.0524500</LatitudeDegrees>
      <LongitudeDegrees>-71.7344000</LongitudeDegrees>
     </Position>
     <AltitudeMeters>208.68</AltitudeMeters>
     <DistanceMeters>98110.01786961936</DistanceMeters>
    </Trackpoint>
    <Trackpoint>
     <Time>2026-07-19T03:51:55+00:00</Time>
     <Position>
      <LatitudeDegrees>-34.0515769</LatitudeDegrees>
      <LongitudeDegrees>-71.7343981</LongitudeDegrees>
     </Position>
     <AltitudeMeters>206.94</AltitudeMeters>
     <DistanceMeters>98207.19306353033</DistanceMeters>
    </Trackpoint>
    <Trackpoint>
     <Time>2026-07-19T03:52:03+00:00</Time>
     <Position>
      <LatitudeDegrees>-34.0507038</LatitudeDegrees>
      <LongitudeDegrees>-71.7343962</LongitudeDegrees>
     </Position>
     <AltitudeMeters>202.83</AltitudeMeters>
     <DistanceMeters>98304.36825744287</DistanceMeters>
    </Trackpoint>
    <Trackpoint>
     <Time>2026-07-19T03:52:12+00:00</Time>
     <Position>
      <LatitudeDegrees>-34.0498306</LatitudeDegrees>
      <LongitudeDegrees>-71.7343944</LongitudeDegrees>
     </Position>
     <AltitudeMeters>200.27</AltitudeMeters>
     <DistanceMeters>98401.54345135382</DistanceMeters>
    </Trackpoint>
    <Trackpoint>
     <Time>2026-07-19T03:52:21+00:00</Time>
     <Position>
      <LatitudeDegrees>-34.0489575</LatitudeDegrees>
      <LongitudeDegrees>-71.7343925</LongitudeDegrees>
     </Position>
     <AltitudeMeters>197.23000000000002</AltitudeMeters>
     <DistanceMeters>98498.71864526556</DistanceMeters>
    </Trackpoint>
    <Trackpoint>
     <Time>2026-07-19T03:52:29+00:00</Time>
     <Position>
      <LatitudeDegrees>-34.0480844</LatitudeDegrees>
      <LongitudeDegrees>-71.7343906</LongitudeDegrees>
     </Position>
     <AltitudeMeters>194.13000000000002</AltitudeMeters>
     <DistanceMeters>98595.89383917807</DistanceMeters>
    </Trackpoint>
    <Trackpoint>
     <Time>2026-07-19T03:52:38+00:00</Time>
     <Position>
      <LatitudeDegrees>-34.0472113</LatitudeDegrees>
      <LongitudeDegrees>-71.7343887</LongitudeDegrees>
     </Position>
     <AltitudeMeters>192.65</AltitudeMeters>
     <DistanceMeters>98693.069033089</DistanceMeters>
    </Trackpoint>
    <Trackpoint>
     <Time>2026-07-19T03:52:46+00:00</Time>
     <Position>
      <LatitudeDegrees>-34.0463381</LatitudeDegrees>
      <LongitudeDegrees>-71.7343869</LongitudeDegrees>
     </Position>
     <AltitudeMeters>191.53</AltitudeMeters>
     <DistanceMeters>98790.24422700073</DistanceMeters>
    </Trackpoint>
    <Trackpoint>
     <Time>2026-07-19T03:52:55+00:00</Time>
     <Position>
      <LatitudeDegrees>-34.0454650</LatitudeDegrees>
      <LongitudeDegrees>-71.7343850</LongitudeDegrees>
     </Position>
     <AltitudeMeters>191.04000000000002</AltitudeMeters>
     <DistanceMeters>98887.41942091165</DistanceMeters>
    </Trackpoint>
    <Trackpoint>
     <Time>2026-07-19T03:53:03+00:00</Time>
     <Position>
      <LatitudeDegrees>-34.0445919</LatitudeDegrees>
      <LongitudeDegrees>-71.7343831</LongitudeDegrees>
     </Position>
     <AltitudeMeters>190.81</AltitudeMeters>
     <DistanceMeters>98984.59461482336</DistanceMeters>
    </Trackpoint>
    <Trackpoint>
     <Time>2026-07-19T03:53:12+00:00</Time>
     <Position>
      <LatitudeDegrees>-34.0437188</LatitudeDegrees>
      <LongitudeDegrees>-71.7343812</LongitudeDegrees>
     </Position>
     <AltitudeMeters>190.60000000000002</AltitudeMeters>
     <DistanceMeters>99081.76980873507</DistanceMeters>
    </Trackpoint>
    <Trackpoint>
     <Time>2026-07-19T03:53:21+00:00</Time>
     <Position>
      <LatitudeDegrees>-34.0428456</LatitudeDegrees>
      <LongitudeDegrees>-71.7343794</LongitudeDegrees>
     </Position>
     <AltitudeMeters>190.21</AltitudeMeters>
     <DistanceMeters>99178.94500264757</DistanceMeters>
    </Trackpoint>
    <Trackpoint>
     <Time>2026-07-19T03:53:29+00:00</Time>
     <Position>
      <LatitudeDegrees>-34.0419725</LatitudeDegrees>
      <LongitudeDegrees>-71.7343775</LongitudeDegrees>
     </Position>
     <AltitudeMeters>190.06</AltitudeMeters>
     <DistanceMeters>99276.12019655848</DistanceMeters>
    </Trackpoint>
    <Trackpoint>
     <Time>2026-07-19T03:53:38+00:00</Time>
     <Position>
      <LatitudeDegrees>-34.0410994</LatitudeDegrees>
      <LongitudeDegrees>-71.7343756</LongitudeDegrees>
     </Position>
     <AltitudeMeters>189.72000000000003</AltitudeMeters>
     <DistanceMeters>99373.29539047017</DistanceMeters>
    </Trackpoint>
    <Trackpoint>
     <Time>2026-07-19T03:53:46+00:00</Time>
     <Position>
      <LatitudeDegrees>-34.0402263</LatitudeDegrees>
      <LongitudeDegrees>-71.7343737</LongitudeDegrees>
     </Position>
     <AltitudeMeters>189.76000000000002</AltitudeMeters>
     <DistanceMeters>99470.47058438107</DistanceMeters>
    </Trackpoint>
    <Trackpoint>
     <Time>2026-07-19T03:53:55+00:00</Time>
     <Position>
      <LatitudeDegrees>-34.0393531</LatitudeDegrees>
      <LongitudeDegrees>-71.7343719</LongitudeDegrees>
     </Position>
     <AltitudeMeters>189.75</AltitudeMeters>
     <DistanceMeters>99567.64577829276</DistanceMeters>
    </Trackpoint>
    <Trackpoint>
     <Time>2026-07-19T03:54:03+00:00</Time>
     <Position>
      <LatitudeDegrees>-34.0384800</LatitudeDegrees>
      <LongitudeDegrees>-71.7343700</LongitudeDegrees>
     </Position>
     <AltitudeMeters>189.95000000000002</AltitudeMeters>
     <DistanceMeters>99664.82097277936</DistanceMeters>
    </Trackpoint>
    <Trackpoint>
     <Time>2026-07-19T03:54:12+00:00</Time>
     <Position>
      <LatitudeDegrees>-34.0378000</LatitudeDegrees>
      <LongitudeDegrees>-71.7343500</LongitudeDegrees>
     </Position>
     <AltitudeMeters>190.24</AltitudeMeters>
     <DistanceMeters>99740.52450815574</DistanceMeters>
    </Trackpoint>
    <Trackpoint>
     <Time>2026-07-19T03:54:21+00:00</Time>
     <Position>
      <LatitudeDegrees>-34.0371200</LatitudeDegrees>
      <LongitudeDegrees>-71.7343300</LongitudeDegrees>
     </Position>
     <AltitudeMeters>190.01000000000002</AltitudeMeters>
     <DistanceMeters>99816.2280464916</DistanceMeters>
    </Trackpoint>
    <Trackpoint>
     <Time>2026-07-19T03:54:29+00:00</Time>
     <Position>
      <LatitudeDegrees>-34.0367800</LatitudeDegrees>
      <LongitudeDegrees>-71.7342800</LongitudeDegrees>
     </Position>
     <AltitudeMeters>189.85000000000002</AltitudeMeters>
     <DistanceMeters>99854.34852476657</DistanceMeters>
    </Trackpoint>
    <Trackpoint>
     <Time>2026-07-19T03:54:38+00:00</Time>
     <Position>
      <LatitudeDegrees>-34.0359800</LatitudeDegrees>
      <LongitudeDegrees>-71.7340975</LongitudeDegrees>
     </Position>
     <AltitudeMeters>189.66000000000003</AltitudeMeters>
     <DistanceMeters>99944.96216975492</DistanceMeters>
    </Trackpoint>
    <Trackpoint>
     <Time>2026-07-19T03:54:46+00:00</Time>
     <Position>
      <LatitudeDegrees>-34.0351800</LatitudeDegrees>
      <LongitudeDegrees>-71.7339150</LongitudeDegrees>
     </Position>
     <AltitudeMeters>189.36</AltitudeMeters>
     <DistanceMeters>100035.57581474609</DistanceMeters>
    </Trackpoint>
    <Trackpoint>
     <Time>2026-07-19T03:54:55+00:00</Time>
     <Position>
      <LatitudeDegrees>-34.0343800</LatitudeDegrees>
      <LongitudeDegrees>-71.7337325</LongitudeDegrees>
     </Position>
     <AltitudeMeters>188.98000000000002</AltitudeMeters>
     <DistanceMeters>100126.18945973413</DistanceMeters>
    </Trackpoint>
    <Trackpoint>
     <Time>2026-07-19T03:55:03+00:00</Time>
     <Position>
      <LatitudeDegrees>-34.0335800</LatitudeDegrees>
      <LongitudeDegrees>-71.7335500</LongitudeDegrees>
     </Position>
     <AltitudeMeters>188.25000000000003</AltitudeMeters>
     <DistanceMeters>100216.8031047241</DistanceMeters>
    </Trackpoint>
    <Trackpoint>
     <Time>2026-07-19T03:55:12+00:00</Time>
     <Position>
      <LatitudeDegrees>-34.0327800</LatitudeDegrees>
      <LongitudeDegrees>-71.7333675</LongitudeDegrees>
     </Position>
     <AltitudeMeters>188.29000000000002</AltitudeMeters>
     <DistanceMeters>100307.41674971262</DistanceMeters>
    </Trackpoint>
    <Trackpoint>
     <Time>2026-07-19T03:55:21+00:00</Time>
     <Position>
      <LatitudeDegrees>-34.0319800</LatitudeDegrees>
      <LongitudeDegrees>-71.7331850</LongitudeDegrees>
     </Position>
     <AltitudeMeters>188.49</AltitudeMeters>
     <DistanceMeters>100398.03039470223</DistanceMeters>
    </Trackpoint>
    <Trackpoint>
     <Time>2026-07-19T03:55:29+00:00</Time>
     <Position>
      <LatitudeDegrees>-34.0311800</LatitudeDegrees>
      <LongitudeDegrees>-71.7330025</LongitudeDegrees>
     </Position>
     <AltitudeMeters>188.05</AltitudeMeters>
     <DistanceMeters>100488.6440396913</DistanceMeters>
    </Trackpoint>
    <Trackpoint>
     <Time>2026-07-19T03:55:38+00:00</Time>
     <Position>
      <LatitudeDegrees>-34.0303800</LatitudeDegrees>
      <LongitudeDegrees>-71.7328200</LongitudeDegrees>
     </Position>
     <AltitudeMeters>187.78</AltitudeMeters>
     <DistanceMeters>100579.25768134093</DistanceMeters>
    </Trackpoint>
    <Trackpoint>
     <Time>2026-07-19T03:55:46+00:00</Time>
     <Position>
      <LatitudeDegrees>-34.0296925</LatitudeDegrees>
      <LongitudeDegrees>-71.7326600</LongitudeDegrees>
     </Position>
     <AltitudeMeters>187.43</AltitudeMeters>
     <DistanceMeters>100657.18367159634</DistanceMeters>
    </Trackpoint>
    <Trackpoint>
     <Time>2026-07-19T03:55:55+00:00</Time>
     <Position>
      <LatitudeDegrees>-34.0290050</LatitudeDegrees>
      <LongitudeDegrees>-71.7325000</LongitudeDegrees>
     </Position>
     <AltitudeMeters>186.93</AltitudeMeters>
     <DistanceMeters>100735.10966185053</DistanceMeters>
    </Trackpoint>
    <Trackpoint>
     <Time>2026-07-19T03:56:03+00:00</Time>
     <Position>
      <LatitudeDegrees>-34.0283175</LatitudeDegrees>
      <LongitudeDegrees>-71.7323400</LongitudeDegrees>
     </Position>
     <AltitudeMeters>187.57000000000002</AltitudeMeters>
     <DistanceMeters>100813.0356521053</DistanceMeters>
    </Trackpoint>
    <Trackpoint>
     <Time>2026-07-19T03:56:12+00:00</Time>
     <Position>
      <LatitudeDegrees>-34.0276300</LatitudeDegrees>
      <LongitudeDegrees>-71.7321800</LongitudeDegrees>
     </Position>
     <AltitudeMeters>189.3</AltitudeMeters>
     <DistanceMeters>100890.96163588276</DistanceMeters>
    </Trackpoint>
    <Trackpoint>
     <Time>2026-07-19T03:56:21+00:00</Time>
     <Position>
      <LatitudeDegrees>-34.0271700</LatitudeDegrees>
      <LongitudeDegrees>-71.7320650</LongitudeDegrees>
     </Position>
     <AltitudeMeters>190.12</AltitudeMeters>
     <DistanceMeters>100943.24499527754</DistanceMeters>
    </Trackpoint>
    <Trackpoint>
     <Time>2026-07-19T03:56:29+00:00</Time>
     <Position>
      <LatitudeDegrees>-34.0267100</LatitudeDegrees>
      <LongitudeDegrees>-71.7319500</LongitudeDegrees>
     </Position>
     <AltitudeMeters>190.52</AltitudeMeters>
     <DistanceMeters>100995.52835896787</DistanceMeters>
    </Trackpoint>
    <Trackpoint>
     <Time>2026-07-19T03:56:38+00:00</Time>
     <Position>
      <LatitudeDegrees>-34.0258800</LatitudeDegrees>
      <LongitudeDegrees>-71.7316900</LongitudeDegrees>
     </Position>
     <AltitudeMeters>189.59</AltitudeMeters>
     <DistanceMeters>101090.96613565288</DistanceMeters>
    </Trackpoint>
    <Trackpoint>
     <Time>2026-07-19T03:56:46+00:00</Time>
     <Position>
      <LatitudeDegrees>-34.0252533</LatitudeDegrees>
      <LongitudeDegrees>-71.7314667</LongitudeDegrees>
     </Position>
     <AltitudeMeters>187.72000000000003</AltitudeMeters>
     <DistanceMeters>101163.69020065134</DistanceMeters>
    </Trackpoint>
    <Trackpoint>
     <Time>2026-07-19T03:56:55+00:00</Time>
     <Position>
      <LatitudeDegrees>-34.0246267</LatitudeDegrees>
      <LongitudeDegrees>-71.7312433</LongitudeDegrees>
     </Position>
     <AltitudeMeters>185.28000000000003</AltitudeMeters>
     <DistanceMeters>101236.41426564891</DistanceMeters>
    </Trackpoint>
    <Trackpoint>
     <Time>2026-07-19T03:57:03+00:00</Time>
     <Position>
      <LatitudeDegrees>-34.0240000</LatitudeDegrees>
      <LongitudeDegrees>-71.7310200</LongitudeDegrees>
     </Position>
     <AltitudeMeters>184.74</AltitudeMeters>
     <DistanceMeters>101309.13829404883</DistanceMeters>
    </Trackpoint>
    <Trackpoint>
     <Time>2026-07-19T03:57:12+00:00</Time>
     <Position>
      <LatitudeDegrees>-34.0232800</LatitudeDegrees>
      <LongitudeDegrees>-71.7307933</LongitudeDegrees>
     </Position>
     <AltitudeMeters>182.32</AltitudeMeters>
     <DistanceMeters>101391.95402311778</DistanceMeters>
    </Trackpoint>
    <Trackpoint>
     <Time>2026-07-19T03:57:21+00:00</Time>
     <Position>
      <LatitudeDegrees>-34.0225600</LatitudeDegrees>
      <LongitudeDegrees>-71.7305667</LongitudeDegrees>
     </Position>
     <AltitudeMeters>181.51</AltitudeMeters>
     <DistanceMeters>101474.76975218568</DistanceMeters>
    </Trackpoint>
    <Trackpoint>
     <Time>2026-07-19T03:57:29+00:00</Time>
     <Position>
      <LatitudeDegrees>-34.0218400</LatitudeDegrees>
      <LongitudeDegrees>-71.7303400</LongitudeDegrees>
     </Position>
     <AltitudeMeters>181.63000000000002</AltitudeMeters>
     <DistanceMeters>101557.58548949994</DistanceMeters>
    </Trackpoint>
    <Trackpoint>
     <Time>2026-07-19T03:57:38+00:00</Time>
     <Position>
      <LatitudeDegrees>-34.0211220</LatitudeDegrees>
      <LongitudeDegrees>-71.7300980</LongitudeDegrees>
     </Position>
     <AltitudeMeters>181.53000000000003</AltitudeMeters>
     <DistanceMeters>101640.55537301571</DistanceMeters>
    </Trackpoint>
    <Trackpoint>
     <Time>2026-07-19T03:57:46+00:00</Time>
     <Position>
      <LatitudeDegrees>-34.0204040</LatitudeDegrees>
      <LongitudeDegrees>-71.7298560</LongitudeDegrees>
     </Position>
     <AltitudeMeters>181.45000000000002</AltitudeMeters>
     <DistanceMeters>101723.52525653211</DistanceMeters>
    </Trackpoint>
    <Trackpoint>
     <Time>2026-07-19T03:57:55+00:00</Time>
     <Position>
      <LatitudeDegrees>-34.0196860</LatitudeDegrees>
      <LongitudeDegrees>-71.7296140</LongitudeDegrees>
     </Position>
     <AltitudeMeters>182.18</AltitudeMeters>
     <DistanceMeters>101806.4951400485</DistanceMeters>
    </Trackpoint>
    <Trackpoint>
     <Time>2026-07-19T03:58:03+00:00</Time>
     <Position>
      <LatitudeDegrees>-34.0189680</LatitudeDegrees>
      <LongitudeDegrees>-71.7293720</LongitudeDegrees>
     </Position>
     <AltitudeMeters>184.89000000000001</AltitudeMeters>
     <DistanceMeters>101889.46502356506</DistanceMeters>
    </Trackpoint>
    <Trackpoint>
     <Time>2026-07-19T03:58:12+00:00</Time>
     <Position>
      <LatitudeDegrees>-34.0182500</LatitudeDegrees>
      <LongitudeDegrees>-71.7291300</LongitudeDegrees>
     </Position>
     <AltitudeMeters>188.13000000000002</AltitudeMeters>
     <DistanceMeters>101972.43490225771</DistanceMeters>
    </Trackpoint>
    <Trackpoint>
     <Time>2026-07-19T03:58:21+00:00</Time>
     <Position>
      <LatitudeDegrees>-34.0179300</LatitudeDegrees>
      <LongitudeDegrees>-71.7290000</LongitudeDegrees>
     </Position>
     <AltitudeMeters>188.51000000000002</AltitudeMeters>
     <DistanceMeters>102010.0143754759</DistanceMeters>
    </Trackpoint>
    <Trackpoint>
     <Time>2026-07-19T03:58:29+00:00</Time>
     <Position>
      <LatitudeDegrees>-34.0176200</LatitudeDegrees>
      <LongitudeDegrees>-71.7287400</LongitudeDegrees>
     </Position>
     <AltitudeMeters>188.11</AltitudeMeters>
     <DistanceMeters>102052.03380179794</DistanceMeters>
    </Trackpoint>
    <Trackpoint>
     <Time>2026-07-19T03:58:38+00:00</Time>
     <Position>
      <LatitudeDegrees>-34.0169386</LatitudeDegrees>
      <LongitudeDegrees>-71.7281371</LongitudeDegrees>
     </Position>
     <AltitudeMeters>185.97000000000003</AltitudeMeters>
     <DistanceMeters>102146.08006978198</DistanceMeters>
    </Trackpoint>
    <Trackpoint>
     <Time>2026-07-19T03:58:46+00:00</Time>
     <Position>
      <LatitudeDegrees>-34.0162572</LatitudeDegrees>
      <LongitudeDegrees>-71.7275342</LongitudeDegrees>
     </Position>
     <AltitudeMeters>183.97000000000003</AltitudeMeters>
     <DistanceMeters>102240.12633776396</DistanceMeters>
    </Trackpoint>
    <Trackpoint>
     <Time>2026-07-19T03:58:55+00:00</Time>
     <Position>
      <LatitudeDegrees>-34.0155757</LatitudeDegrees>
      <LongitudeDegrees>-71.7269314</LongitudeDegrees>
     </Position>
     <AltitudeMeters>182.22000000000003</AltitudeMeters>
     <DistanceMeters>102334.17260574776</DistanceMeters>
    </Trackpoint>
    <Trackpoint>
     <Time>2026-07-19T03:59:03+00:00</Time>
     <Position>
      <LatitudeDegrees>-34.0148943</LatitudeDegrees>
      <LongitudeDegrees>-71.7263285</LongitudeDegrees>
     </Position>
     <AltitudeMeters>181.39000000000001</AltitudeMeters>
     <DistanceMeters>102428.21887373042</DistanceMeters>
    </Trackpoint>
    <Trackpoint>
     <Time>2026-07-19T03:59:12+00:00</Time>
     <Position>
      <LatitudeDegrees>-34.0142129</LatitudeDegrees>
      <LongitudeDegrees>-71.7257257</LongitudeDegrees>
     </Position>
     <AltitudeMeters>180.48</AltitudeMeters>
     <DistanceMeters>102522.26514171403</DistanceMeters>
    </Trackpoint>
    <Trackpoint>
     <Time>2026-07-19T03:59:21+00:00</Time>
     <Position>
      <LatitudeDegrees>-34.0135314</LatitudeDegrees>
      <LongitudeDegrees>-71.7251228</LongitudeDegrees>
     </Position>
     <AltitudeMeters>179.01</AltitudeMeters>
     <DistanceMeters>102616.31140969637</DistanceMeters>
    </Trackpoint>
    <Trackpoint>
     <Time>2026-07-19T03:59:29+00:00</Time>
     <Position>
      <LatitudeDegrees>-34.0128500</LatitudeDegrees>
      <LongitudeDegrees>-71.7245200</LongitudeDegrees>
     </Position>
     <AltitudeMeters>176.6</AltitudeMeters>
     <DistanceMeters>102710.35768107195</DistanceMeters>
    </Trackpoint>
    <Trackpoint>
     <Time>2026-07-19T03:59:38+00:00</Time>
     <Position>
      <LatitudeDegrees>-34.0123600</LatitudeDegrees>
      <LongitudeDegrees>-71.7240300</LongitudeDegrees>
     </Position>
     <AltitudeMeters>176.26000000000002</AltitudeMeters>
     <DistanceMeters>102781.19216068013</DistanceMeters>
    </Trackpoint>
    <Trackpoint>
     <Time>2026-07-19T03:59:46+00:00</Time>
     <Position>
      <LatitudeDegrees>-34.0117767</LatitudeDegrees>
      <LongitudeDegrees>-71.7232867</LongitudeDegrees>
     </Position>
     <AltitudeMeters>177.48000000000002</AltitudeMeters>
     <DistanceMeters>102875.62578628975</DistanceMeters>
    </Trackpoint>
    <Trackpoint>
     <Time>2026-07-19T03:59:55+00:00</Time>
     <Position>
      <LatitudeDegrees>-34.0111933</LatitudeDegrees>
      <LongitudeDegrees>-71.7225433</LongitudeDegrees>
     </Position>
     <AltitudeMeters>179.04</AltitudeMeters>
     <DistanceMeters>102970.05941190077</DistanceMeters>
    </Trackpoint>
    <Trackpoint>
     <Time>2026-07-19T04:00:03+00:00</Time>
     <Position>
      <LatitudeDegrees>-34.0106100</LatitudeDegrees>
      <LongitudeDegrees>-71.7218000</LongitudeDegrees>
     </Position>
     <AltitudeMeters>178.94000000000003</AltitudeMeters>
     <DistanceMeters>103064.49303912536</DistanceMeters>
    </Trackpoint>
    <Trackpoint>
     <Time>2026-07-19T04:00:12+00:00</Time>
     <Position>
      <LatitudeDegrees>-34.0103200</LatitudeDegrees>
      <LongitudeDegrees>-71.7215200</LongitudeDegrees>
     </Position>
     <AltitudeMeters>178.05</AltitudeMeters>
     <DistanceMeters>103105.83324966603</DistanceMeters>
    </Trackpoint>
    <Trackpoint>
     <Time>2026-07-19T04:00:21+00:00</Time>
     <Position>
      <LatitudeDegrees>-34.0097533</LatitudeDegrees>
      <LongitudeDegrees>-71.7211233</LongitudeDegrees>
     </Position>
     <AltitudeMeters>176.92000000000002</AltitudeMeters>
     <DistanceMeters>103178.74937015008</DistanceMeters>
    </Trackpoint>
    <Trackpoint>
     <Time>2026-07-19T04:00:29+00:00</Time>
     <Position>
      <LatitudeDegrees>-34.0091867</LatitudeDegrees>
      <LongitudeDegrees>-71.7207267</LongitudeDegrees>
     </Position>
     <AltitudeMeters>176.74</AltitudeMeters>
     <DistanceMeters>103251.66549063326</DistanceMeters>
    </Trackpoint>
    <Trackpoint>
     <Time>2026-07-19T04:00:38+00:00</Time>
     <Position>
      <LatitudeDegrees>-34.0086200</LatitudeDegrees>
      <LongitudeDegrees>-71.7203300</LongitudeDegrees>
     </Position>
     <AltitudeMeters>176.53000000000003</AltitudeMeters>
     <DistanceMeters>103324.58159278097</DistanceMeters>
    </Trackpoint>
    <Trackpoint>
     <Time>2026-07-19T04:00:46+00:00</Time>
     <Position>
      <LatitudeDegrees>-34.0078933</LatitudeDegrees>
      <LongitudeDegrees>-71.7198100</LongitudeDegrees>
     </Position>
     <AltitudeMeters>176.15</AltitudeMeters>
     <DistanceMeters>103418.61546560691</DistanceMeters>
    </Trackpoint>
    <Trackpoint>
     <Time>2026-07-19T04:00:55+00:00</Time>
     <Position>
      <LatitudeDegrees>-34.0071667</LatitudeDegrees>
      <LongitudeDegrees>-71.7192900</LongitudeDegrees>
     </Position>
     <AltitudeMeters>177.95000000000002</AltitudeMeters>
     <DistanceMeters>103512.6493384347</DistanceMeters>
    </Trackpoint>
    <Trackpoint>
     <Time>2026-07-19T04:01:03+00:00</Time>
     <Position>
      <LatitudeDegrees>-34.0064400</LatitudeDegrees>
      <LongitudeDegrees>-71.7187700</LongitudeDegrees>
     </Position>
     <AltitudeMeters>181.44000000000003</AltitudeMeters>
     <DistanceMeters>103606.68320490206</DistanceMeters>
    </Trackpoint>
    <Trackpoint>
     <Time>2026-07-19T04:01:12+00:00</Time>
     <Position>
      <LatitudeDegrees>-34.0057950</LatitudeDegrees>
      <LongitudeDegrees>-71.7182900</LongitudeDegrees>
     </Position>
     <AltitudeMeters>182.25000000000003</AltitudeMeters>
     <DistanceMeters>103691.03021475684</DistanceMeters>
    </Trackpoint>
    <Trackpoint>
     <Time>2026-07-19T04:01:21+00:00</Time>
     <Position>
      <LatitudeDegrees>-34.0051500</LatitudeDegrees>
      <LongitudeDegrees>-71.7178100</LongitudeDegrees>
     </Position>
     <AltitudeMeters>180.34000000000003</AltitudeMeters>
     <DistanceMeters>103775.37721627689</DistanceMeters>
    </Trackpoint>
    <Trackpoint>
     <Time>2026-07-19T04:01:29+00:00</Time>
     <Position>
      <LatitudeDegrees>-34.0047150</LatitudeDegrees>
      <LongitudeDegrees>-71.7175250</LongitudeDegrees>
     </Position>
     <AltitudeMeters>178.68</AltitudeMeters>
     <DistanceMeters>103830.47081903298</DistanceMeters>
    </Trackpoint>
    <Trackpoint>
     <Time>2026-07-19T04:01:38+00:00</Time>
     <Position>
      <LatitudeDegrees>-34.0042800</LatitudeDegrees>
      <LongitudeDegrees>-71.7172400</LongitudeDegrees>
     </Position>
     <AltitudeMeters>177.87000000000003</AltitudeMeters>
     <DistanceMeters>103885.56443845794</DistanceMeters>
    </Trackpoint>
    <Trackpoint>
     <Time>2026-07-19T04:01:46+00:00</Time>
     <Position>
      <LatitudeDegrees>-34.0037550</LatitudeDegrees>
      <LongitudeDegrees>-71.7169450</LongitudeDegrees>
     </Position>
     <AltitudeMeters>178.57</AltitudeMeters>
     <DistanceMeters>103950.02300944985</DistanceMeters>
    </Trackpoint>
    <Trackpoint>
     <Time>2026-07-19T04:01:55+00:00</Time>
     <Position>
      <LatitudeDegrees>-34.0032300</LatitudeDegrees>
      <LongitudeDegrees>-71.7166500</LongitudeDegrees>
     </Position>
     <AltitudeMeters>179.29</AltitudeMeters>
     <DistanceMeters>104014.48159817504</DistanceMeters>
    </Trackpoint>
    <Trackpoint>
     <Time>2026-07-19T04:02:03+00:00</Time>
     <Position>
      <LatitudeDegrees>-34.0030500</LatitudeDegrees>
      <LongitudeDegrees>-71.7165600</LongitudeDegrees>
     </Position>
     <AltitudeMeters>180.23</AltitudeMeters>
     <DistanceMeters>104036.16762489016</DistanceMeters>
    </Trackpoint>
    <Trackpoint>
     <Time>2026-07-19T04:02:12+00:00</Time>
     <Position>
      <LatitudeDegrees>-34.0028700</LatitudeDegrees>
      <LongitudeDegrees>-71.7165100</LongitudeDegrees>
     </Position>
     <AltitudeMeters>180.4</AltitudeMeters>
     <DistanceMeters>104056.72515660686</DistanceMeters>
    </Trackpoint>
    <Trackpoint>
     <Time>2026-07-19T04:02:21+00:00</Time>
     <Position>
      <LatitudeDegrees>-34.0026400</LatitudeDegrees>
      <LongitudeDegrees>-71.7165100</LongitudeDegrees>
     </Position>
     <AltitudeMeters>180.74</AltitudeMeters>
     <DistanceMeters>104082.32316287847</DistanceMeters>
    </Trackpoint>
    <Trackpoint>
     <Time>2026-07-19T04:02:29+00:00</Time>
     <Position>
      <LatitudeDegrees>-34.0020200</LatitudeDegrees>
      <LongitudeDegrees>-71.7165700</LongitudeDegrees>
     </Position>
     <AltitudeMeters>180.15</AltitudeMeters>
     <DistanceMeters>104151.54818217155</DistanceMeters>
    </Trackpoint>
    <Trackpoint>
     <Time>2026-07-19T04:02:38+00:00</Time>
     <Position>
      <LatitudeDegrees>-34.0014000</LatitudeDegrees>
      <LongitudeDegrees>-71.7166300</LongitudeDegrees>
     </Position>
     <AltitudeMeters>178.47000000000003</AltitudeMeters>
     <DistanceMeters>104220.77322993944</DistanceMeters>
    </Trackpoint>
    <Trackpoint>
     <Time>2026-07-19T04:02:46+00:00</Time>
     <Position>
      <LatitudeDegrees>-34.0007100</LatitudeDegrees>
      <LongitudeDegrees>-71.7167267</LongitudeDegrees>
     </Position>
     <AltitudeMeters>176.71</AltitudeMeters>
     <DistanceMeters>104298.0834785259</DistanceMeters>
    </Trackpoint>
    <Trackpoint>
     <Time>2026-07-19T04:02:55+00:00</Time>
     <Position>
      <LatitudeDegrees>-34.0000200</LatitudeDegrees>
      <LongitudeDegrees>-71.7168233</LongitudeDegrees>
     </Position>
     <AltitudeMeters>175.93</AltitudeMeters>
     <DistanceMeters>104375.39372711143</DistanceMeters>
    </Trackpoint>
    <Trackpoint>
     <Time>2026-07-19T04:03:03+00:00</Time>
     <Position>
      <LatitudeDegrees>-33.9993300</LatitudeDegrees>
      <LongitudeDegrees>-71.7169200</LongitudeDegrees>
     </Position>
     <AltitudeMeters>175.35</AltitudeMeters>
     <DistanceMeters>104452.70396531491</DistanceMeters>
    </Trackpoint>
    <Trackpoint>
     <Time>2026-07-19T04:03:12+00:00</Time>
     <Position>
      <LatitudeDegrees>-33.9991300</LatitudeDegrees>
      <LongitudeDegrees>-71.7169600</LongitudeDegrees>
     </Position>
     <AltitudeMeters>175.53000000000003</AltitudeMeters>
     <DistanceMeters>104475.2670076653</DistanceMeters>
    </Trackpoint>
    <Trackpoint>
     <Time>2026-07-19T04:03:21+00:00</Time>
     <Position>
      <LatitudeDegrees>-33.9988400</LatitudeDegrees>
      <LongitudeDegrees>-71.7170900</LongitudeDegrees>
     </Position>
     <AltitudeMeters>176.13</AltitudeMeters>
     <DistanceMeters>104509.69961440898</DistanceMeters>
    </Trackpoint>
    <Trackpoint>
     <Time>2026-07-19T04:03:29+00:00</Time>
     <Position>
      <LatitudeDegrees>-33.9982000</LatitudeDegrees>
      <LongitudeDegrees>-71.7175000</LongitudeDegrees>
     </Position>
     <AltitudeMeters>179.55</AltitudeMeters>
     <DistanceMeters>104590.35172466634</DistanceMeters>
    </Trackpoint>
    <Trackpoint>
     <Time>2026-07-19T04:03:38+00:00</Time>
     <Position>
      <LatitudeDegrees>-33.9977000</LatitudeDegrees>
      <LongitudeDegrees>-71.7178400</LongitudeDegrees>
     </Position>
     <AltitudeMeters>181.01</AltitudeMeters>
     <DistanceMeters>104654.23358226143</DistanceMeters>
    </Trackpoint>
    <Trackpoint>
     <Time>2026-07-19T04:03:46+00:00</Time>
     <Position>
      <LatitudeDegrees>-33.9972000</LatitudeDegrees>
      <LongitudeDegrees>-71.7181800</LongitudeDegrees>
     </Position>
     <AltitudeMeters>180.34000000000003</AltitudeMeters>
     <DistanceMeters>104718.11539599136</DistanceMeters>
    </Trackpoint>
    <Trackpoint>
     <Time>2026-07-19T04:03:55+00:00</Time>
     <Position>
      <LatitudeDegrees>-33.9967650</LatitudeDegrees>
      <LongitudeDegrees>-71.7184650</LongitudeDegrees>
     </Position>
     <AltitudeMeters>178.87</AltitudeMeters>
     <DistanceMeters>104773.21018690523</DistanceMeters>
    </Trackpoint>
    <Trackpoint>
     <Time>2026-07-19T04:04:03+00:00</Time>
     <Position>
      <LatitudeDegrees>-33.9963300</LatitudeDegrees>
      <LongitudeDegrees>-71.7187500</LongitudeDegrees>
     </Position>
     <AltitudeMeters>175.70000000000002</AltitudeMeters>
     <DistanceMeters>104828.30496756367</DistanceMeters>
    </Trackpoint>
    <Trackpoint>
     <Time>2026-07-19T04:04:12+00:00</Time>
     <Position>
      <LatitudeDegrees>-33.9961300</LatitudeDegrees>
      <LongitudeDegrees>-71.7190100</LongitudeDegrees>
     </Position>
     <AltitudeMeters>174.59000000000003</AltitudeMeters>
     <DistanceMeters>104861.03154241384</DistanceMeters>
    </Trackpoint>
    <Trackpoint>
     <Time>2026-07-19T04:04:21+00:00</Time>
     <Position>
      <LatitudeDegrees>-33.9960400</LatitudeDegrees>
      <LongitudeDegrees>-71.7191600</LongitudeDegrees>
     </Position>
     <AltitudeMeters>173.90000000000003</AltitudeMeters>
     <DistanceMeters>104878.11669786017</DistanceMeters>
    </Trackpoint>
    <Trackpoint>
     <Time>2026-07-19T04:04:29+00:00</Time>
     <Position>
      <LatitudeDegrees>-33.9957567</LatitudeDegrees>
      <LongitudeDegrees>-71.7198133</LongitudeDegrees>
     </Position>
     <AltitudeMeters>173.23000000000002</AltitudeMeters>
     <DistanceMeters>104946.1510178543</DistanceMeters>
    </Trackpoint>
    <Trackpoint>
     <Time>2026-07-19T04:04:38+00:00</Time>
     <Position>
      <LatitudeDegrees>-33.9954733</LatitudeDegrees>
      <LongitudeDegrees>-71.7204667</LongitudeDegrees>
     </Position>
     <AltitudeMeters>173.53</AltitudeMeters>
     <DistanceMeters>105014.18533784804</DistanceMeters>
    </Trackpoint>
    <Trackpoint>
     <Time>2026-07-19T04:04:46+00:00</Time>
     <Position>
      <LatitudeDegrees>-33.9951900</LatitudeDegrees>
      <LongitudeDegrees>-71.7211200</LongitudeDegrees>
     </Position>
     <AltitudeMeters>170.98000000000002</AltitudeMeters>
     <DistanceMeters>105082.21965127734</DistanceMeters>
    </Trackpoint>
    <Trackpoint>
     <Time>2026-07-19T04:04:55+00:00</Time>
     <Position>
      <LatitudeDegrees>-33.9949000</LatitudeDegrees>
      <LongitudeDegrees>-71.7215400</LongitudeDegrees>
     </Position>
     <AltitudeMeters>169.88</AltitudeMeters>
     <DistanceMeters>105132.65445784557</DistanceMeters>
    </Trackpoint>
    <Trackpoint>
     <Time>2026-07-19T04:05:03+00:00</Time>
     <Position>
      <LatitudeDegrees>-33.9942900</LatitudeDegrees>
      <LongitudeDegrees>-71.7222400</LongitudeDegrees>
     </Position>
     <AltitudeMeters>170.73000000000002</AltitudeMeters>
     <DistanceMeters>105226.36277435427</DistanceMeters>
    </Trackpoint>
    <Trackpoint>
     <Time>2026-07-19T04:05:12+00:00</Time>
     <Position>
      <LatitudeDegrees>-33.9936800</LatitudeDegrees>
      <LongitudeDegrees>-71.7229400</LongitudeDegrees>
     </Position>
     <AltitudeMeters>172.98000000000002</AltitudeMeters>
     <DistanceMeters>105320.0710802437</DistanceMeters>
    </Trackpoint>
    <Trackpoint>
     <Time>2026-07-19T04:05:21+00:00</Time>
     <Position>
      <LatitudeDegrees>-33.9933500</LatitudeDegrees>
      <LongitudeDegrees>-71.7233300</LongitudeDegrees>
     </Position>
     <AltitudeMeters>173.01000000000002</AltitudeMeters>
     <DistanceMeters>105371.49104802376</DistanceMeters>
    </Trackpoint>
    <Trackpoint>
     <Time>2026-07-19T04:05:29+00:00</Time>
     <Position>
      <LatitudeDegrees>-33.9930200</LatitudeDegrees>
      <LongitudeDegrees>-71.7237200</LongitudeDegrees>
     </Position>
     <AltitudeMeters>171.74</AltitudeMeters>
     <DistanceMeters>105422.91098575156</DistanceMeters>
    </Trackpoint>
    <Trackpoint>
     <Time>2026-07-19T04:05:38+00:00</Time>
     <Position>
      <LatitudeDegrees>-33.9928200</LatitudeDegrees>
      <LongitudeDegrees>-71.7238600</LongitudeDegrees>
     </Position>
     <AltitudeMeters>170.79000000000002</AltitudeMeters>
     <DistanceMeters>105448.64734820783</DistanceMeters>
    </Trackpoint>
    <Trackpoint>
     <Time>2026-07-19T04:05:46+00:00</Time>
     <Position>
      <LatitudeDegrees>-33.9926200</LatitudeDegrees>
      <LongitudeDegrees>-71.7239400</LongitudeDegrees>
     </Position>
     <AltitudeMeters>170.29000000000002</AltitudeMeters>
     <DistanceMeters>105472.09866970412</DistanceMeters>
    </Trackpoint>
    <Trackpoint>
     <Time>2026-07-19T04:05:55+00:00</Time>
     <Position>
      <LatitudeDegrees>-33.9918250</LatitudeDegrees>
      <LongitudeDegrees>-71.7241100</LongitudeDegrees>
     </Position>
     <AltitudeMeters>170.62</AltitudeMeters>
     <DistanceMeters>105561.95862884821</DistanceMeters>
    </Trackpoint>
    <Trackpoint>
     <Time>2026-07-19T04:06:03+00:00</Time>
     <Position>
      <LatitudeDegrees>-33.9910300</LatitudeDegrees>
      <LongitudeDegrees>-71.7242800</LongitudeDegrees>
     </Position>
     <AltitudeMeters>170.62</AltitudeMeters>
     <DistanceMeters>105651.81858799161</DistanceMeters>
    </Trackpoint>
    <Trackpoint>
     <Time>2026-07-19T04:06:12+00:00</Time>
     <Position>
      <LatitudeDegrees>-33.9902350</LatitudeDegrees>
      <LongitudeDegrees>-71.7244500</LongitudeDegrees>
     </Position>
     <AltitudeMeters>167.93</AltitudeMeters>
     <DistanceMeters>105741.67854713484</DistanceMeters>
    </Trackpoint>
    <Trackpoint>
     <Time>2026-07-19T04:06:21+00:00</Time>
     <Position>
      <LatitudeDegrees>-33.9894400</LatitudeDegrees>
      <LongitudeDegrees>-71.7246200</LongitudeDegrees>
     </Position>
     <AltitudeMeters>166.65</AltitudeMeters>
     <DistanceMeters>105831.53850680654</DistanceMeters>
    </Trackpoint>
    <Trackpoint>
     <Time>2026-07-19T04:06:29+00:00</Time>
     <Position>
      <LatitudeDegrees>-33.9891200</LatitudeDegrees>
      <LongitudeDegrees>-71.7246200</LongitudeDegrees>
     </Position>
     <AltitudeMeters>166.60000000000002</AltitudeMeters>
     <DistanceMeters>105867.15312422783</DistanceMeters>
    </Trackpoint>
    <Trackpoint>
     <Time>2026-07-19T04:06:38+00:00</Time>
     <Position>
      <LatitudeDegrees>-33.9889700</LatitudeDegrees>
      <LongitudeDegrees>-71.7246100</LongitudeDegrees>
     </Position>
     <AltitudeMeters>166.67000000000002</AltitudeMeters>
     <DistanceMeters>105883.87296123001</DistanceMeters>
    </Trackpoint>
    <Trackpoint>
     <Time>2026-07-19T04:06:46+00:00</Time>
     <Position>
      <LatitudeDegrees>-33.9887900</LatitudeDegrees>
      <LongitudeDegrees>-71.7245300</LongitudeDegrees>
     </Position>
     <AltitudeMeters>166.67000000000002</AltitudeMeters>
     <DistanceMeters>105905.22314321289</DistanceMeters>
    </Trackpoint>
    <Trackpoint>
     <Time>2026-07-19T04:06:55+00:00</Time>
     <Position>
      <LatitudeDegrees>-33.9880500</LatitudeDegrees>
      <LongitudeDegrees>-71.7241700</LongitudeDegrees>
     </Position>
     <AltitudeMeters>165.61</AltitudeMeters>
     <DistanceMeters>105994.02983017171</DistanceMeters>
    </Trackpoint>
    <Trackpoint>
     <Time>2026-07-19T04:07:03+00:00</Time>
     <Position>
      <LatitudeDegrees>-33.9873100</LatitudeDegrees>
      <LongitudeDegrees>-71.7238100</LongitudeDegrees>
     </Position>
     <AltitudeMeters>162.89000000000001</AltitudeMeters>
     <DistanceMeters>106082.83648193518</DistanceMeters>
    </Trackpoint>
    <Trackpoint>
     <Time>2026-07-19T04:07:12+00:00</Time>
     <Position>
      <LatitudeDegrees>-33.9868400</LatitudeDegrees>
      <LongitudeDegrees>-71.7236700</LongitudeDegrees>
     </Position>
     <AltitudeMeters>162.18</AltitudeMeters>
     <DistanceMeters>106136.71729907322</DistanceMeters>
    </Trackpoint>
    <Trackpoint>
     <Time>2026-07-19T04:07:21+00:00</Time>
     <Position>
      <LatitudeDegrees>-33.9861350</LatitudeDegrees>
      <LongitudeDegrees>-71.7235650</LongitudeDegrees>
     </Position>
     <AltitudeMeters>161.81</AltitudeMeters>
     <DistanceMeters>106215.77680590033</DistanceMeters>
    </Trackpoint>
    <Trackpoint>
     <Time>2026-07-19T04:07:29+00:00</Time>
     <Position>
      <LatitudeDegrees>-33.9854300</LatitudeDegrees>
      <LongitudeDegrees>-71.7234600</LongitudeDegrees>
     </Position>
     <AltitudeMeters>161.85000000000002</AltitudeMeters>
     <DistanceMeters>106294.83630386446</DistanceMeters>
    </Trackpoint>
    <Trackpoint>
     <Time>2026-07-19T04:07:38+00:00</Time>
     <Position>
      <LatitudeDegrees>-33.9847800</LatitudeDegrees>
      <LongitudeDegrees>-71.7234100</LongitudeDegrees>
     </Position>
     <AltitudeMeters>161.78</AltitudeMeters>
     <DistanceMeters>106367.32550134984</DistanceMeters>
    </Trackpoint>
    <Trackpoint>
     <Time>2026-07-19T04:07:46+00:00</Time>
     <Position>
      <LatitudeDegrees>-33.9846200</LatitudeDegrees>
      <LongitudeDegrees>-71.7234100</LongitudeDegrees>
     </Position>
     <AltitudeMeters>161.78</AltitudeMeters>
     <DistanceMeters>106385.13281006049</DistanceMeters>
    </Trackpoint>
    <Trackpoint>
     <Time>2026-07-19T04:07:55+00:00</Time>
     <Position>
      <LatitudeDegrees>-33.9844400</LatitudeDegrees>
      <LongitudeDegrees>-71.7234500</LongitudeDegrees>
     </Position>
     <AltitudeMeters>161.71</AltitudeMeters>
     <DistanceMeters>106405.50329015529</DistanceMeters>
    </Trackpoint>
    <Trackpoint>
     <Time>2026-07-19T04:08:03+00:00</Time>
     <Position>
      <LatitudeDegrees>-33.9837240</LatitudeDegrees>
      <LongitudeDegrees>-71.7238360</LongitudeDegrees>
     </Position>
     <AltitudeMeters>160.63000000000002</AltitudeMeters>
     <DistanceMeters>106492.7908432072</DistanceMeters>
    </Trackpoint>
    <Trackpoint>
     <Time>2026-07-19T04:08:12+00:00</Time>
     <Position>
      <LatitudeDegrees>-33.9830080</LatitudeDegrees>
      <LongitudeDegrees>-71.7242220</LongitudeDegrees>
     </Position>
     <AltitudeMeters>159.70000000000002</AltitudeMeters>
     <DistanceMeters>106580.07839625899</DistanceMeters>
    </Trackpoint>
    <Trackpoint>
     <Time>2026-07-19T04:08:21+00:00</Time>
     <Position>
      <LatitudeDegrees>-33.9822920</LatitudeDegrees>
      <LongitudeDegrees>-71.7246080</LongitudeDegrees>
     </Position>
     <AltitudeMeters>162.01000000000002</AltitudeMeters>
     <DistanceMeters>106667.36594931064</DistanceMeters>
    </Trackpoint>
    <Trackpoint>
     <Time>2026-07-19T04:08:29+00:00</Time>
     <Position>
      <LatitudeDegrees>-33.9815760</LatitudeDegrees>
      <LongitudeDegrees>-71.7249940</LongitudeDegrees>
     </Position>
     <AltitudeMeters>164.98000000000002</AltitudeMeters>
     <DistanceMeters>106754.65350236233</DistanceMeters>
    </Trackpoint>
    <Trackpoint>
     <Time>2026-07-19T04:08:38+00:00</Time>
     <Position>
      <LatitudeDegrees>-33.9808600</LatitudeDegrees>
      <LongitudeDegrees>-71.7253800</LongitudeDegrees>
     </Position>
     <AltitudeMeters>167.02</AltitudeMeters>
     <DistanceMeters>106841.94105932015</DistanceMeters>
    </Trackpoint>
    <Trackpoint>
     <Time>2026-07-19T04:08:46+00:00</Time>
     <Position>
      <LatitudeDegrees>-33.9806800</LatitudeDegrees>
      <LongitudeDegrees>-71.7255600</LongitudeDegrees>
     </Position>
     <AltitudeMeters>167.5</AltitudeMeters>
     <DistanceMeters>106867.96586089184</DistanceMeters>
    </Trackpoint>
    <Trackpoint>
     <Time>2026-07-19T04:08:55+00:00</Time>
     <Position>
      <LatitudeDegrees>-33.9805000</LatitudeDegrees>
      <LongitudeDegrees>-71.7259100</LongitudeDegrees>
     </Position>
     <AltitudeMeters>168.5</AltitudeMeters>
     <DistanceMeters>106905.97510762059</DistanceMeters>
    </Trackpoint>
    <Trackpoint>
     <Time>2026-07-19T04:09:03+00:00</Time>
     <Position>
      <LatitudeDegrees>-33.9804600</LatitudeDegrees>
      <LongitudeDegrees>-71.7261000</LongitudeDegrees>
     </Position>
     <AltitudeMeters>168.5</AltitudeMeters>
     <DistanceMeters>106924.06640799654</DistanceMeters>
    </Trackpoint>
    <Trackpoint>
     <Time>2026-07-19T04:09:12+00:00</Time>
     <Position>
      <LatitudeDegrees>-33.9804600</LatitudeDegrees>
      <LongitudeDegrees>-71.7263600</LongitudeDegrees>
     </Position>
     <AltitudeMeters>169.29000000000002</AltitudeMeters>
     <DistanceMeters>106948.06168300626</DistanceMeters>
    </Trackpoint>
    <Trackpoint>
     <Time>2026-07-19T04:09:21+00:00</Time>
     <Position>
      <LatitudeDegrees>-33.9805300</LatitudeDegrees>
      <LongitudeDegrees>-71.7266300</LongitudeDegrees>
     </Position>
     <AltitudeMeters>169.53</AltitudeMeters>
     <DistanceMeters>106974.16933827128</DistanceMeters>
    </Trackpoint>
    <Trackpoint>
     <Time>2026-07-19T04:09:29+00:00</Time>
     <Position>
      <LatitudeDegrees>-33.9808067</LatitudeDegrees>
      <LongitudeDegrees>-71.7274067</LongitudeDegrees>
     </Position>
     <AltitudeMeters>168.63</AltitudeMeters>
     <DistanceMeters>107052.18113952888</DistanceMeters>
    </Trackpoint>
    <Trackpoint>
     <Time>2026-07-19T04:09:38+00:00</Time>
     <Position>
      <LatitudeDegrees>-33.9810833</LatitudeDegrees>
      <LongitudeDegrees>-71.7281833</LongitudeDegrees>
     </Position>
     <AltitudeMeters>166.57000000000002</AltitudeMeters>
     <DistanceMeters>107130.19294078663</DistanceMeters>
    </Trackpoint>
    <Trackpoint>
     <Time>2026-07-19T04:09:46+00:00</Time>
     <Position>
      <LatitudeDegrees>-33.9813600</LatitudeDegrees>
      <LongitudeDegrees>-71.7289600</LongitudeDegrees>
     </Position>
     <AltitudeMeters>164.81</AltitudeMeters>
     <DistanceMeters>107208.2047202354</DistanceMeters>
    </Trackpoint>
    <Trackpoint>
     <Time>2026-07-19T04:09:55+00:00</Time>
     <Position>
      <LatitudeDegrees>-33.9814200</LatitudeDegrees>
      <LongitudeDegrees>-71.7292300</LongitudeDegrees>
     </Position>
     <AltitudeMeters>164.79000000000002</AltitudeMeters>
     <DistanceMeters>107234.0018875593</DistanceMeters>
    </Trackpoint>
    <Trackpoint>
     <Time>2026-07-19T04:10:03+00:00</Time>
     <Position>
      <LatitudeDegrees>-33.9813800</LatitudeDegrees>
      <LongitudeDegrees>-71.7295000</LongitudeDegrees>
     </Position>
     <AltitudeMeters>165.0</AltitudeMeters>
     <DistanceMeters>107259.31433981756</DistanceMeters>
    </Trackpoint>
    <Trackpoint>
     <Time>2026-07-19T04:10:12+00:00</Time>
     <Position>
      <LatitudeDegrees>-33.9813100</LatitudeDegrees>
      <LongitudeDegrees>-71.7296800</LongitudeDegrees>
     </Position>
     <AltitudeMeters>165.47</AltitudeMeters>
     <DistanceMeters>107277.66240609997</DistanceMeters>
    </Trackpoint>
    <Trackpoint>
     <Time>2026-07-19T04:10:21+00:00</Time>
     <Position>
      <LatitudeDegrees>-33.9812200</LatitudeDegrees>
      <LongitudeDegrees>-71.7298000</LongitudeDegrees>
     </Position>
     <AltitudeMeters>165.87</AltitudeMeters>
     <DistanceMeters>107292.59492408163</DistanceMeters>
    </Trackpoint>
    <Trackpoint>
     <Time>2026-07-19T04:10:29+00:00</Time>
     <Position>
      <LatitudeDegrees>-33.9810000</LatitudeDegrees>
      <LongitudeDegrees>-71.7299000</LongitudeDegrees>
     </Position>
     <AltitudeMeters>166.32000000000002</AltitudeMeters>
     <DistanceMeters>107318.76150389216</DistanceMeters>
    </Trackpoint>
    <Trackpoint>
     <Time>2026-07-19T04:10:38+00:00</Time>
     <Position>
      <LatitudeDegrees>-33.9802840</LatitudeDegrees>
      <LongitudeDegrees>-71.7300060</LongitudeDegrees>
     </Position>
     <AltitudeMeters>169.27</AltitudeMeters>
     <DistanceMeters>107399.04745990482</DistanceMeters>
    </Trackpoint>
    <Trackpoint>
     <Time>2026-07-19T04:10:46+00:00</Time>
     <Position>
      <LatitudeDegrees>-33.9795680</LatitudeDegrees>
      <LongitudeDegrees>-71.7301120</LongitudeDegrees>
     </Position>
     <AltitudeMeters>171.35</AltitudeMeters>
     <DistanceMeters>107479.33341591747</DistanceMeters>
    </Trackpoint>
    <Trackpoint>
     <Time>2026-07-19T04:10:55+00:00</Time>
     <Position>
      <LatitudeDegrees>-33.9788520</LatitudeDegrees>
      <LongitudeDegrees>-71.7302180</LongitudeDegrees>
     </Position>
     <AltitudeMeters>170.66</AltitudeMeters>
     <DistanceMeters>107559.61937192891</DistanceMeters>
    </Trackpoint>
    <Trackpoint>
     <Time>2026-07-19T04:11:03+00:00</Time>
     <Position>
      <LatitudeDegrees>-33.9781360</LatitudeDegrees>
      <LongitudeDegrees>-71.7303240</LongitudeDegrees>
     </Position>
     <AltitudeMeters>169.51000000000002</AltitudeMeters>
     <DistanceMeters>107639.90532794298</DistanceMeters>
    </Trackpoint>
    <Trackpoint>
     <Time>2026-07-19T04:11:12+00:00</Time>
     <Position>
      <LatitudeDegrees>-33.9774200</LatitudeDegrees>
      <LongitudeDegrees>-71.7304300</LongitudeDegrees>
     </Position>
     <AltitudeMeters>171.3</AltitudeMeters>
     <DistanceMeters>107720.19127307029</DistanceMeters>
    </Trackpoint>
    <Trackpoint>
     <Time>2026-07-19T04:11:21+00:00</Time>
     <Position>
      <LatitudeDegrees>-33.9770600</LatitudeDegrees>
      <LongitudeDegrees>-71.7303500</LongitudeDegrees>
     </Position>
     <AltitudeMeters>173.68</AltitudeMeters>
     <DistanceMeters>107760.93234800371</DistanceMeters>
    </Trackpoint>
    <Trackpoint>
     <Time>2026-07-19T04:11:29+00:00</Time>
     <Position>
      <LatitudeDegrees>-33.9764000</LatitudeDegrees>
      <LongitudeDegrees>-71.7301700</LongitudeDegrees>
     </Position>
     <AltitudeMeters>176.11</AltitudeMeters>
     <DistanceMeters>107836.24269239628</DistanceMeters>
    </Trackpoint>
    <Trackpoint>
     <Time>2026-07-19T04:11:38+00:00</Time>
     <Position>
      <LatitudeDegrees>-33.9757400</LatitudeDegrees>
      <LongitudeDegrees>-71.7299900</LongitudeDegrees>
     </Position>
     <AltitudeMeters>175.09000000000003</AltitudeMeters>
     <DistanceMeters>107911.55303057375</DistanceMeters>
    </Trackpoint>
    <Trackpoint>
     <Time>2026-07-19T04:11:46+00:00</Time>
     <Position>
      <LatitudeDegrees>-33.9750900</LatitudeDegrees>
      <LongitudeDegrees>-71.7297700</LongitudeDegrees>
     </Position>
     <AltitudeMeters>171.49</AltitudeMeters>
     <DistanceMeters>107986.69080360905</DistanceMeters>
    </Trackpoint>
    <Trackpoint>
     <Time>2026-07-19T04:11:55+00:00</Time>
     <Position>
      <LatitudeDegrees>-33.9744400</LatitudeDegrees>
      <LongitudeDegrees>-71.7295500</LongitudeDegrees>
     </Position>
     <AltitudeMeters>169.64000000000001</AltitudeMeters>
     <DistanceMeters>108061.82857445194</DistanceMeters>
    </Trackpoint>
    <Trackpoint>
     <Time>2026-07-19T04:12:03+00:00</Time>
     <Position>
      <LatitudeDegrees>-33.9741700</LatitudeDegrees>
      <LongitudeDegrees>-71.7295000</LongitudeDegrees>
     </Position>
     <AltitudeMeters>169.43000000000004</AltitudeMeters>
     <DistanceMeters>108092.23069546562</DistanceMeters>
    </Trackpoint>
    <Trackpoint>
     <Time>2026-07-19T04:12:12+00:00</Time>
     <Position>
      <LatitudeDegrees>-33.9740000</LatitudeDegrees>
      <LongitudeDegrees>-71.7294900</LongitudeDegrees>
     </Position>
     <AltitudeMeters>168.87</AltitudeMeters>
     <DistanceMeters>108111.17345952065</DistanceMeters>
    </Trackpoint>
    <Trackpoint>
     <Time>2026-07-19T04:12:21+00:00</Time>
     <Position>
      <LatitudeDegrees>-33.9736500</LatitudeDegrees>
      <LongitudeDegrees>-71.7297200</LongitudeDegrees>
     </Position>
     <AltitudeMeters>166.43</AltitudeMeters>
     <DistanceMeters>108155.53574804994</DistanceMeters>
    </Trackpoint>
    <Trackpoint>
     <Time>2026-07-19T04:12:29+00:00</Time>
     <Position>
      <LatitudeDegrees>-33.9731400</LatitudeDegrees>
      <LongitudeDegrees>-71.7302500</LongitudeDegrees>
     </Position>
     <AltitudeMeters>160.57000000000002</AltitudeMeters>
     <DistanceMeters>108230.46712207401</DistanceMeters>
    </Trackpoint>
    <Trackpoint>
     <Time>2026-07-19T04:12:38+00:00</Time>
     <Position>
      <LatitudeDegrees>-33.9729400</LatitudeDegrees>
      <LongitudeDegrees>-71.7304000</LongitudeDegrees>
     </Position>
     <AltitudeMeters>159.68</AltitudeMeters>
     <DistanceMeters>108256.68053619505</DistanceMeters>
    </Trackpoint>
    <Trackpoint>
     <Time>2026-07-19T04:12:46+00:00</Time>
     <Position>
      <LatitudeDegrees>-33.9725400</LatitudeDegrees>
      <LongitudeDegrees>-71.7306600</LongitudeDegrees>
     </Position>
     <AltitudeMeters>154.85000000000002</AltitudeMeters>
     <DistanceMeters>108307.25478179418</DistanceMeters>
    </Trackpoint>
    <Trackpoint>
     <Time>2026-07-19T04:12:55+00:00</Time>
     <Position>
      <LatitudeDegrees>-33.9722400</LatitudeDegrees>
      <LongitudeDegrees>-71.7309300</LongitudeDegrees>
     </Position>
     <AltitudeMeters>151.53000000000003</AltitudeMeters>
     <DistanceMeters>108348.91817861045</DistanceMeters>
    </Trackpoint>
    <Trackpoint>
     <Time>2026-07-19T04:13:04+00:00</Time>
     <Position>
      <LatitudeDegrees>-33.9721300</LatitudeDegrees>
      <LongitudeDegrees>-71.7310200</LongitudeDegrees>
     </Position>
     <AltitudeMeters>150.58</AltitudeMeters>
     <DistanceMeters>108363.71288784794</DistanceMeters>
    </Trackpoint>
    <Trackpoint>
     <Time>2026-07-19T04:13:12+00:00</Time>
     <Position>
      <LatitudeDegrees>-33.9720200</LatitudeDegrees>
      <LongitudeDegrees>-71.7310200</LongitudeDegrees>
     </Position>
     <AltitudeMeters>149.92000000000002</AltitudeMeters>
     <DistanceMeters>108375.95541258637</DistanceMeters>
    </Trackpoint>
    <Trackpoint>
     <Time>2026-07-19T04:13:21+00:00</Time>
     <Position>
      <LatitudeDegrees>-33.9718200</LatitudeDegrees>
      <LongitudeDegrees>-71.7309700</LongitudeDegrees>
     </Position>
     <AltitudeMeters>147.95000000000002</AltitudeMeters>
     <DistanceMeters>108398.6879178819</DistanceMeters>
    </Trackpoint>
    <Trackpoint>
     <Time>2026-07-19T04:13:29+00:00</Time>
     <Position>
      <LatitudeDegrees>-33.9717300</LatitudeDegrees>
      <LongitudeDegrees>-71.7308800</LongitudeDegrees>
     </Position>
     <AltitudeMeters>145.63</AltitudeMeters>
     <DistanceMeters>108411.70087964303</DistanceMeters>
    </Trackpoint>
    <Trackpoint>
     <Time>2026-07-19T04:13:38+00:00</Time>
     <Position>
      <LatitudeDegrees>-33.9717000</LatitudeDegrees>
      <LongitudeDegrees>-71.7308000</LongitudeDegrees>
     </Position>
     <AltitudeMeters>145.63</AltitudeMeters>
     <DistanceMeters>108419.80460376311</DistanceMeters>
    </Trackpoint>
    <Trackpoint>
     <Time>2026-07-19T04:13:46+00:00</Time>
     <Position>
      <LatitudeDegrees>-33.9716600</LatitudeDegrees>
      <LongitudeDegrees>-71.7306200</LongitudeDegrees>
     </Position>
     <AltitudeMeters>144.73000000000002</AltitudeMeters>
     <DistanceMeters>108437.00454799109</DistanceMeters>
    </Trackpoint>
    <Trackpoint>
     <Time>2026-07-19T04:13:55+00:00</Time>
     <Position>
      <LatitudeDegrees>-33.9716900</LatitudeDegrees>
      <LongitudeDegrees>-71.7304400</LongitudeDegrees>
     </Position>
     <AltitudeMeters>143.0</AltitudeMeters>
     <DistanceMeters>108453.95056239323</DistanceMeters>
    </Trackpoint>
    <Trackpoint>
     <Time>2026-07-19T04:14:04+00:00</Time>
     <Position>
      <LatitudeDegrees>-33.9720000</LatitudeDegrees>
      <LongitudeDegrees>-71.7298100</LongitudeDegrees>
     </Position>
     <AltitudeMeters>137.99</AltitudeMeters>
     <DistanceMeters>108521.56408240178</DistanceMeters>
    </Trackpoint>
    <Trackpoint>
     <Time>2026-07-19T04:14:12+00:00</Time>
     <Position>
      <LatitudeDegrees>-33.9720400</LatitudeDegrees>
      <LongitudeDegrees>-71.7296800</LongitudeDegrees>
     </Position>
     <AltitudeMeters>136.11</AltitudeMeters>
     <DistanceMeters>108534.36215461214</DistanceMeters>
    </Trackpoint>
    <Trackpoint>
     <Time>2026-07-19T04:14:21+00:00</Time>
     <Position>
      <LatitudeDegrees>-33.9719800</LatitudeDegrees>
      <LongitudeDegrees>-71.7295400</LongitudeDegrees>
     </Position>
     <AltitudeMeters>136.11</AltitudeMeters>
     <DistanceMeters>108548.90744848514</DistanceMeters>
    </Trackpoint>
    <Trackpoint>
     <Time>2026-07-19T04:14:29+00:00</Time>
     <Position>
      <LatitudeDegrees>-33.9718200</LatitudeDegrees>
      <LongitudeDegrees>-71.7294900</LongitudeDegrees>
     </Position>
     <AltitudeMeters>134.92000000000002</AltitudeMeters>
     <DistanceMeters>108567.30304361139</DistanceMeters>
    </Trackpoint>
    <Trackpoint>
     <Time>2026-07-19T04:14:38+00:00</Time>
     <Position>
      <LatitudeDegrees>-33.9710800</LatitudeDegrees>
      <LongitudeDegrees>-71.7293600</LongitudeDegrees>
     </Position>
     <AltitudeMeters>126.87</AltitudeMeters>
     <DistanceMeters>108650.5313213398</DistanceMeters>
    </Trackpoint>
    <Trackpoint>
     <Time>2026-07-19T04:14:46+00:00</Time>
     <Position>
      <LatitudeDegrees>-33.9706800</LatitudeDegrees>
      <LongitudeDegrees>-71.7293600</LongitudeDegrees>
     </Position>
     <AltitudeMeters>123.34</AltitudeMeters>
     <DistanceMeters>108695.04959311603</DistanceMeters>
    </Trackpoint>
    <Trackpoint>
     <Time>2026-07-19T04:14:55+00:00</Time>
     <Position>
      <LatitudeDegrees>-33.9703800</LatitudeDegrees>
      <LongitudeDegrees>-71.7294300</LongitudeDegrees>
     </Position>
     <AltitudeMeters>120.32000000000001</AltitudeMeters>
     <DistanceMeters>108729.05768530973</DistanceMeters>
    </Trackpoint>
    <Trackpoint>
     <Time>2026-07-19T04:15:04+00:00</Time>
     <Position>
      <LatitudeDegrees>-33.9699200</LatitudeDegrees>
      <LongitudeDegrees>-71.7297200</LongitudeDegrees>
     </Position>
     <AltitudeMeters>116.31</AltitudeMeters>
     <DistanceMeters>108786.82891541556</DistanceMeters>
    </Trackpoint>
    <Trackpoint>
     <Time>2026-07-19T04:15:12+00:00</Time>
     <Position>
      <LatitudeDegrees>-33.9697600</LatitudeDegrees>
      <LongitudeDegrees>-71.7299400</LongitudeDegrees>
     </Position>
     <AltitudeMeters>113.09</AltitudeMeters>
     <DistanceMeters>108813.8371222896</DistanceMeters>
    </Trackpoint>
    <Trackpoint>
     <Time>2026-07-19T04:15:21+00:00</Time>
     <Position>
      <LatitudeDegrees>-33.9696000</LatitudeDegrees>
      <LongitudeDegrees>-71.7302500</LongitudeDegrees>
     </Position>
     <AltitudeMeters>109.1</AltitudeMeters>
     <DistanceMeters>108847.53913522746</DistanceMeters>
    </Trackpoint>
    <Trackpoint>
     <Time>2026-07-19T04:15:29+00:00</Time>
     <Position>
      <LatitudeDegrees>-33.9694700</LatitudeDegrees>
      <LongitudeDegrees>-71.7303900</LongitudeDegrees>
     </Position>
     <AltitudeMeters>108.24</AltitudeMeters>
     <DistanceMeters>108866.93807281129</DistanceMeters>
    </Trackpoint>
    <Trackpoint>
     <Time>2026-07-19T04:15:38+00:00</Time>
     <Position>
      <LatitudeDegrees>-33.9691800</LatitudeDegrees>
      <LongitudeDegrees>-71.7305800</LongitudeDegrees>
     </Position>
     <AltitudeMeters>103.56000000000002</AltitudeMeters>
     <DistanceMeters>108903.67063223038</DistanceMeters>
    </Trackpoint>
    <Trackpoint>
     <Time>2026-07-19T04:15:46+00:00</Time>
     <Position>
      <LatitudeDegrees>-33.9690000</LatitudeDegrees>
      <LongitudeDegrees>-71.7307500</LongitudeDegrees>
     </Position>
     <AltitudeMeters>103.56000000000002</AltitudeMeters>
     <DistanceMeters>108929.11758505105</DistanceMeters>
    </Trackpoint>
    <Trackpoint>
     <Time>2026-07-19T04:15:55+00:00</Time>
     <Position>
      <LatitudeDegrees>-33.9688000</LatitudeDegrees>
      <LongitudeDegrees>-71.7311500</LongitudeDegrees>
     </Position>
     <AltitudeMeters>97.66000000000001</AltitudeMeters>
     <DistanceMeters>108972.22926100616</DistanceMeters>
    </Trackpoint>
    <Trackpoint>
     <Time>2026-07-19T04:16:04+00:00</Time>
     <Position>
      <LatitudeDegrees>-33.9686400</LatitudeDegrees>
      <LongitudeDegrees>-71.7313300</LongitudeDegrees>
     </Position>
     <AltitudeMeters>96.33000000000001</AltitudeMeters>
     <DistanceMeters>108996.5837015731</DistanceMeters>
    </Trackpoint>
    <Trackpoint>
     <Time>2026-07-19T04:16:12+00:00</Time>
     <Position>
      <LatitudeDegrees>-33.9684400</LatitudeDegrees>
      <LongitudeDegrees>-71.7314200</LongitudeDegrees>
     </Position>
     <AltitudeMeters>93.12</AltitudeMeters>
     <DistanceMeters>109020.34246954537</DistanceMeters>
    </Trackpoint>
    <Trackpoint>
     <Time>2026-07-19T04:16:21+00:00</Time>
     <Position>
      <LatitudeDegrees>-33.9678900</LatitudeDegrees>
      <LongitudeDegrees>-71.7315050</LongitudeDegrees>
     </Position>
     <AltitudeMeters>88.08</AltitudeMeters>
     <DistanceMeters>109082.05583470078</DistanceMeters>
    </Trackpoint>
    <Trackpoint>
     <Time>2026-07-19T04:16:29+00:00</Time>
     <Position>
      <LatitudeDegrees>-33.9673400</LatitudeDegrees>
      <LongitudeDegrees>-71.7315900</LongitudeDegrees>
     </Position>
     <AltitudeMeters>83.22</AltitudeMeters>
     <DistanceMeters>109143.76923146468</DistanceMeters>
    </Trackpoint>
    <Trackpoint>
     <Time>2026-07-19T04:16:38+00:00</Time>
     <Position>
      <LatitudeDegrees>-33.9671000</LatitudeDegrees>
      <LongitudeDegrees>-71.7315500</LongitudeDegrees>
     </Position>
     <AltitudeMeters>80.38000000000001</AltitudeMeters>
     <DistanceMeters>109170.73416352802</DistanceMeters>
    </Trackpoint>
    <Trackpoint>
     <Time>2026-07-19T04:16:46+00:00</Time>
     <Position>
      <LatitudeDegrees>-33.9668300</LatitudeDegrees>
      <LongitudeDegrees>-71.7314600</LongitudeDegrees>
     </Position>
     <AltitudeMeters>78.60000000000001</AltitudeMeters>
     <DistanceMeters>109201.91115779353</DistanceMeters>
    </Trackpoint>
    <Trackpoint>
     <Time>2026-07-19T04:16:55+00:00</Time>
     <Position>
      <LatitudeDegrees>-33.9666000</LatitudeDegrees>
      <LongitudeDegrees>-71.7312900</LongitudeDegrees>
     </Position>
     <AltitudeMeters>75.71</AltitudeMeters>
     <DistanceMeters>109231.93596569028</DistanceMeters>
    </Trackpoint>
    <Trackpoint>
     <Time>2026-07-19T04:17:04+00:00</Time>
     <Position>
      <LatitudeDegrees>-33.9663300</LatitudeDegrees>
      <LongitudeDegrees>-71.7310600</LongitudeDegrees>
     </Position>
     <AltitudeMeters>71.72</AltitudeMeters>
     <DistanceMeters>109268.72874938158</DistanceMeters>
    </Trackpoint>
    <Trackpoint>
     <Time>2026-07-19T04:17:12+00:00</Time>
     <Position>
      <LatitudeDegrees>-33.9661800</LatitudeDegrees>
      <LongitudeDegrees>-71.7309400</LongitudeDegrees>
     </Position>
     <AltitudeMeters>70.44</AltitudeMeters>
     <DistanceMeters>109288.76352638565</DistanceMeters>
    </Trackpoint>
    <Trackpoint>
     <Time>2026-07-19T04:17:21+00:00</Time>
     <Position>
      <LatitudeDegrees>-33.9655100</LatitudeDegrees>
      <LongitudeDegrees>-71.7306700</LongitudeDegrees>
     </Position>
     <AltitudeMeters>65.34</AltitudeMeters>
     <DistanceMeters>109367.38623942246</DistanceMeters>
    </Trackpoint>
    <Trackpoint>
     <Time>2026-07-19T04:17:29+00:00</Time>
     <Position>
      <LatitudeDegrees>-33.9653900</LatitudeDegrees>
      <LongitudeDegrees>-71.7305700</LongitudeDegrees>
     </Position>
     <AltitudeMeters>61.85</AltitudeMeters>
     <DistanceMeters>109383.62115600008</DistanceMeters>
    </Trackpoint>
    <Trackpoint>
     <Time>2026-07-19T04:17:38+00:00</Time>
     <Position>
      <LatitudeDegrees>-33.9652200</LatitudeDegrees>
      <LongitudeDegrees>-71.7303400</LongitudeDegrees>
     </Position>
     <AltitudeMeters>59.760000000000005</AltitudeMeters>
     <DistanceMeters>109412.0588982181</DistanceMeters>
    </Trackpoint>
    <Trackpoint>
     <Time>2026-07-19T04:17:46+00:00</Time>
     <Position>
      <LatitudeDegrees>-33.9648500</LatitudeDegrees>
      <LongitudeDegrees>-71.7296500</LongitudeDegrees>
     </Position>
     <AltitudeMeters>54.06</AltitudeMeters>
     <DistanceMeters>109487.90314407383</DistanceMeters>
    </Trackpoint>
    <Trackpoint>
     <Time>2026-07-19T04:17:55+00:00</Time>
     <Position>
      <LatitudeDegrees>-33.9644800</LatitudeDegrees>
      <LongitudeDegrees>-71.7289600</LongitudeDegrees>
     </Position>
     <AltitudeMeters>47.440000000000005</AltitudeMeters>
     <DistanceMeters>109563.74733048941</DistanceMeters>
    </Trackpoint>
    <Trackpoint>
     <Time>2026-07-19T04:18:04+00:00</Time>
     <Position>
      <LatitudeDegrees>-33.9643900</LatitudeDegrees>
      <LongitudeDegrees>-71.7288300</LongitudeDegrees>
     </Position>
     <AltitudeMeters>46.410000000000004</AltitudeMeters>
     <DistanceMeters>109579.37839152488</DistanceMeters>
    </Trackpoint>
    <Trackpoint>
     <Time>2026-07-19T04:18:12+00:00</Time>
     <Position>
      <LatitudeDegrees>-33.9642300</LatitudeDegrees>
      <LongitudeDegrees>-71.7287800</LongitudeDegrees>
     </Position>
     <AltitudeMeters>46.410000000000004</AltitudeMeters>
     <DistanceMeters>109597.7740899849</DistanceMeters>
    </Trackpoint>
    <Trackpoint>
     <Time>2026-07-19T04:18:21+00:00</Time>
     <Position>
      <LatitudeDegrees>-33.9639800</LatitudeDegrees>
      <LongitudeDegrees>-71.7287800</LongitudeDegrees>
     </Position>
     <AltitudeMeters>38.23</AltitudeMeters>
     <DistanceMeters>109625.59800984524</DistanceMeters>
    </Trackpoint>
    <Trackpoint>
     <Time>2026-07-19T04:18:29+00:00</Time>
     <Position>
      <LatitudeDegrees>-33.9633000</LatitudeDegrees>
      <LongitudeDegrees>-71.7289200</LongitudeDegrees>
     </Position>
     <AltitudeMeters>34.27</AltitudeMeters>
     <DistanceMeters>109702.37449953632</DistanceMeters>
    </Trackpoint>
    <Trackpoint>
     <Time>2026-07-19T04:18:38+00:00</Time>
     <Position>
      <LatitudeDegrees>-33.9626900</LatitudeDegrees>
      <LongitudeDegrees>-71.7290600</LongitudeDegrees>
     </Position>
     <AltitudeMeters>32.150000000000006</AltitudeMeters>
     <DistanceMeters>109771.48390801338</DistanceMeters>
    </Trackpoint>
    <Trackpoint>
     <Time>2026-07-19T04:18:46+00:00</Time>
     <Position>
      <LatitudeDegrees>-33.9619433</LatitudeDegrees>
      <LongitudeDegrees>-71.7292783</LongitudeDegrees>
     </Position>
     <AltitudeMeters>31.830000000000002</AltitudeMeters>
     <DistanceMeters>109856.99383213292</DistanceMeters>
    </Trackpoint>
    <Trackpoint>
     <Time>2026-07-19T04:18:55+00:00</Time>
     <Position>
      <LatitudeDegrees>-33.9611967</LatitudeDegrees>
      <LongitudeDegrees>-71.7294967</LongitudeDegrees>
     </Position>
     <AltitudeMeters>32.03</AltitudeMeters>
     <DistanceMeters>109942.5037562511</DistanceMeters>
    </Trackpoint>
    <Trackpoint>
     <Time>2026-07-19T04:19:04+00:00</Time>
     <Position>
      <LatitudeDegrees>-33.9604500</LatitudeDegrees>
      <LongitudeDegrees>-71.7297150</LongitudeDegrees>
     </Position>
     <AltitudeMeters>31.55</AltitudeMeters>
     <DistanceMeters>110028.01368037115</DistanceMeters>
    </Trackpoint>
    <Trackpoint>
     <Time>2026-07-19T04:19:12+00:00</Time>
     <Position>
      <LatitudeDegrees>-33.9597033</LatitudeDegrees>
      <LongitudeDegrees>-71.7299333</LongitudeDegrees>
     </Position>
     <AltitudeMeters>31.27</AltitudeMeters>
     <DistanceMeters>110113.52360449044</DistanceMeters>
    </Trackpoint>
    <Trackpoint>
     <Time>2026-07-19T04:19:21+00:00</Time>
     <Position>
      <LatitudeDegrees>-33.9589567</LatitudeDegrees>
      <LongitudeDegrees>-71.7301517</LongitudeDegrees>
     </Position>
     <AltitudeMeters>32.150000000000006</AltitudeMeters>
     <DistanceMeters>110199.03352860994</DistanceMeters>
    </Trackpoint>
    <Trackpoint>
     <Time>2026-07-19T04:19:29+00:00</Time>
     <Position>
      <LatitudeDegrees>-33.9582100</LatitudeDegrees>
      <LongitudeDegrees>-71.7303700</LongitudeDegrees>
     </Position>
     <AltitudeMeters>32.84</AltitudeMeters>
     <DistanceMeters>110284.54346084908</DistanceMeters>
    </Trackpoint>
    <Trackpoint>
     <Time>2026-07-19T04:19:38+00:00</Time>
     <Position>
      <LatitudeDegrees>-33.9574183</LatitudeDegrees>
      <LongitudeDegrees>-71.7308600</LongitudeDegrees>
     </Position>
     <AltitudeMeters>32.52</AltitudeMeters>
     <DistanceMeters>110383.58593504204</DistanceMeters>
    </Trackpoint>
    <Trackpoint>
     <Time>2026-07-19T04:19:46+00:00</Time>
     <Position>
      <LatitudeDegrees>-33.9566267</LatitudeDegrees>
      <LongitudeDegrees>-71.7313500</LongitudeDegrees>
     </Position>
     <AltitudeMeters>30.930000000000003</AltitudeMeters>
     <DistanceMeters>110482.62840923341</DistanceMeters>
    </Trackpoint>
    <Trackpoint>
     <Time>2026-07-19T04:19:55+00:00</Time>
     <Position>
      <LatitudeDegrees>-33.9558350</LatitudeDegrees>
      <LongitudeDegrees>-71.7318400</LongitudeDegrees>
     </Position>
     <AltitudeMeters>28.85</AltitudeMeters>
     <DistanceMeters>110581.67088342637</DistanceMeters>
    </Trackpoint>
    <Trackpoint>
     <Time>2026-07-19T04:20:04+00:00</Time>
     <Position>
      <LatitudeDegrees>-33.9550433</LatitudeDegrees>
      <LongitudeDegrees>-71.7323300</LongitudeDegrees>
     </Position>
     <AltitudeMeters>28.0</AltitudeMeters>
     <DistanceMeters>110680.71335761798</DistanceMeters>
    </Trackpoint>
    <Trackpoint>
     <Time>2026-07-19T04:20:12+00:00</Time>
     <Position>
      <LatitudeDegrees>-33.9542517</LatitudeDegrees>
      <LongitudeDegrees>-71.7328200</LongitudeDegrees>
     </Position>
     <AltitudeMeters>27.650000000000002</AltitudeMeters>
     <DistanceMeters>110779.7558318109</DistanceMeters>
    </Trackpoint>
    <Trackpoint>
     <Time>2026-07-19T04:20:21+00:00</Time>
     <Position>
      <LatitudeDegrees>-33.9534600</LatitudeDegrees>
      <LongitudeDegrees>-71.7333100</LongitudeDegrees>
     </Position>
     <AltitudeMeters>27.240000000000002</AltitudeMeters>
     <DistanceMeters>110878.79830085504</DistanceMeters>
    </Trackpoint>
    <Trackpoint>
     <Time>2026-07-19T04:20:29+00:00</Time>
     <Position>
      <LatitudeDegrees>-33.9529700</LatitudeDegrees>
      <LongitudeDegrees>-71.7337733</LongitudeDegrees>
     </Position>
     <AltitudeMeters>26.79</AltitudeMeters>
     <DistanceMeters>110948.10727551076</DistanceMeters>
    </Trackpoint>
    <Trackpoint>
     <Time>2026-07-19T04:20:38+00:00</Time>
     <Position>
      <LatitudeDegrees>-33.9524800</LatitudeDegrees>
      <LongitudeDegrees>-71.7342367</LongitudeDegrees>
     </Position>
     <AltitudeMeters>26.53</AltitudeMeters>
     <DistanceMeters>111017.41625016657</DistanceMeters>
    </Trackpoint>
    <Trackpoint>
     <Time>2026-07-19T04:20:46+00:00</Time>
     <Position>
      <LatitudeDegrees>-33.9519900</LatitudeDegrees>
      <LongitudeDegrees>-71.7347000</LongitudeDegrees>
     </Position>
     <AltitudeMeters>26.46</AltitudeMeters>
     <DistanceMeters>111086.72521025925</DistanceMeters>
    </Trackpoint>
    <Trackpoint>
     <Time>2026-07-19T04:20:55+00:00</Time>
     <Position>
      <LatitudeDegrees>-33.9513800</LatitudeDegrees>
      <LongitudeDegrees>-71.7350950</LongitudeDegrees>
     </Position>
     <AltitudeMeters>26.0</AltitudeMeters>
     <DistanceMeters>111163.78968137839</DistanceMeters>
    </Trackpoint>
    <Trackpoint>
     <Time>2026-07-19T04:21:04+00:00</Time>
     <Position>
      <LatitudeDegrees>-33.9507700</LatitudeDegrees>
      <LongitudeDegrees>-71.7354900</LongitudeDegrees>
     </Position>
     <AltitudeMeters>25.77</AltitudeMeters>
     <DistanceMeters>111240.85413018934</DistanceMeters>
    </Trackpoint>
    <Trackpoint>
     <Time>2026-07-19T04:21:12+00:00</Time>
     <Position>
      <LatitudeDegrees>-33.9500900</LatitudeDegrees>
      <LongitudeDegrees>-71.7359000</LongitudeDegrees>
     </Position>
     <AltitudeMeters>25.650000000000002</AltitudeMeters>
     <DistanceMeters>111325.47336153832</DistanceMeters>
    </Trackpoint>
    <Trackpoint>
     <Time>2026-07-19T04:21:21+00:00</Time>
     <Position>
      <LatitudeDegrees>-33.9494100</LatitudeDegrees>
      <LongitudeDegrees>-71.7363100</LongitudeDegrees>
     </Position>
     <AltitudeMeters>25.52</AltitudeMeters>
     <DistanceMeters>111410.09258215141</DistanceMeters>
    </Trackpoint>
    <Trackpoint>
     <Time>2026-07-19T04:21:29+00:00</Time>
     <Position>
      <LatitudeDegrees>-33.9489750</LatitudeDegrees>
      <LongitudeDegrees>-71.7366200</LongitudeDegrees>
     </Position>
     <AltitudeMeters>25.380000000000003</AltitudeMeters>
     <DistanceMeters>111466.33316297452</DistanceMeters>
    </Trackpoint>
    <Trackpoint>
     <Time>2026-07-19T04:21:38+00:00</Time>
     <Position>
      <LatitudeDegrees>-33.9485400</LatitudeDegrees>
      <LongitudeDegrees>-71.7369300</LongitudeDegrees>
     </Position>
     <AltitudeMeters>25.300000000000004</AltitudeMeters>
     <DistanceMeters>111522.57373965674</DistanceMeters>
    </Trackpoint>
    <Trackpoint>
     <Time>2026-07-19T04:21:46+00:00</Time>
     <Position>
      <LatitudeDegrees>-33.9481800</LatitudeDegrees>
      <LongitudeDegrees>-71.7371200</LongitudeDegrees>
     </Position>
     <AltitudeMeters>25.14</AltitudeMeters>
     <DistanceMeters>111566.31192291691</DistanceMeters>
    </Trackpoint>
    <Trackpoint>
     <Time>2026-07-19T04:21:55+00:00</Time>
     <Position>
      <LatitudeDegrees>-33.9479300</LatitudeDegrees>
      <LongitudeDegrees>-71.7372900</LongitudeDegrees>
     </Position>
     <AltitudeMeters>25.060000000000002</AltitudeMeters>
     <DistanceMeters>111598.25734060623</DistanceMeters>
    </Trackpoint>
    <Trackpoint>
     <Time>2026-07-19T04:22:04+00:00</Time>
     <Position>
      <LatitudeDegrees>-33.9477600</LatitudeDegrees>
      <LongitudeDegrees>-71.7377300</LongitudeDegrees>
     </Position>
     <AltitudeMeters>24.84</AltitudeMeters>
     <DistanceMeters>111643.07030168816</DistanceMeters>
    </Trackpoint>
    <Trackpoint>
     <Time>2026-07-19T04:22:12+00:00</Time>
     <Position>
      <LatitudeDegrees>-33.9475300</LatitudeDegrees>
      <LongitudeDegrees>-71.7381100</LongitudeDegrees>
     </Position>
     <AltitudeMeters>24.880000000000003</AltitudeMeters>
     <DistanceMeters>111686.49970847309</DistanceMeters>
    </Trackpoint>
    <Trackpoint>
     <Time>2026-07-19T04:22:21+00:00</Time>
     <Position>
      <LatitudeDegrees>-33.9471200</LatitudeDegrees>
      <LongitudeDegrees>-71.7387300</LongitudeDegrees>
     </Position>
     <AltitudeMeters>24.98</AltitudeMeters>
     <DistanceMeters>111759.70375368556</DistanceMeters>
    </Trackpoint>
    <Trackpoint>
     <Time>2026-07-19T04:22:29+00:00</Time>
     <Position>
      <LatitudeDegrees>-33.9466750</LatitudeDegrees>
      <LongitudeDegrees>-71.7393650</LongitudeDegrees>
     </Position>
     <AltitudeMeters>24.73</AltitudeMeters>
     <DistanceMeters>111836.45024935457</DistanceMeters>
    </Trackpoint>
    <Trackpoint>
     <Time>2026-07-19T04:22:38+00:00</Time>
     <Position>
      <LatitudeDegrees>-33.9462300</LatitudeDegrees>
      <LongitudeDegrees>-71.7400000</LongitudeDegrees>
     </Position>
     <AltitudeMeters>24.630000000000003</AltitudeMeters>
     <DistanceMeters>111913.19670803797</DistanceMeters>
    </Trackpoint>
    <Trackpoint>
     <Time>2026-07-19T04:22:46+00:00</Time>
     <Position>
      <LatitudeDegrees>-33.9458200</LatitudeDegrees>
      <LongitudeDegrees>-71.7406300</LongitudeDegrees>
     </Position>
     <AltitudeMeters>24.380000000000003</AltitudeMeters>
     <DistanceMeters>111987.12576668093</DistanceMeters>
    </Trackpoint>
    <Trackpoint>
     <Time>2026-07-19T04:22:55+00:00</Time>
     <Position>
      <LatitudeDegrees>-33.9454100</LatitudeDegrees>
      <LongitudeDegrees>-71.7412600</LongitudeDegrees>
     </Position>
     <AltitudeMeters>24.240000000000002</AltitudeMeters>
     <DistanceMeters>112061.05477242943</DistanceMeters>
    </Trackpoint>
    <Trackpoint>
     <Time>2026-07-19T04:23:04+00:00</Time>
     <Position>
      <LatitudeDegrees>-33.9452900</LatitudeDegrees>
      <LongitudeDegrees>-71.7414600</LongitudeDegrees>
     </Position>
     <AltitudeMeters>24.200000000000003</AltitudeMeters>
     <DistanceMeters>112083.84390277823</DistanceMeters>
    </Trackpoint>
    <Trackpoint>
     <Time>2026-07-19T04:23:12+00:00</Time>
     <Position>
      <LatitudeDegrees>-33.9450800</LatitudeDegrees>
      <LongitudeDegrees>-71.7420100</LongitudeDegrees>
     </Position>
     <AltitudeMeters>24.020000000000003</AltitudeMeters>
     <DistanceMeters>112139.74464069938</DistanceMeters>
    </Trackpoint>
    <Trackpoint>
     <Time>2026-07-19T04:23:21+00:00</Time>
     <Position>
      <LatitudeDegrees>-33.9449100</LatitudeDegrees>
      <LongitudeDegrees>-71.7428700</LongitudeDegrees>
     </Position>
     <AltitudeMeters>24.060000000000002</AltitudeMeters>
     <DistanceMeters>112221.36980482539</DistanceMeters>
    </Trackpoint>
    <Trackpoint>
     <Time>2026-07-19T04:23:29+00:00</Time>
     <Position>
      <LatitudeDegrees>-33.9448900</LatitudeDegrees>
      <LongitudeDegrees>-71.7432000</LongitudeDegrees>
     </Position>
     <AltitudeMeters>24.290000000000003</AltitudeMeters>
     <DistanceMeters>112251.91928124886</DistanceMeters>
    </Trackpoint>
    <Trackpoint>
     <Time>2026-07-19T04:23:38+00:00</Time>
     <Position>
      <LatitudeDegrees>-33.9449300</LatitudeDegrees>
      <LongitudeDegrees>-71.7435100</LongitudeDegrees>
     </Position>
     <AltitudeMeters>24.73</AltitudeMeters>
     <DistanceMeters>112280.88514138653</DistanceMeters>
    </Trackpoint>
    <Trackpoint>
     <Time>2026-07-19T04:23:46+00:00</Time>
     <Position>
      <LatitudeDegrees>-33.9450200</LatitudeDegrees>
      <LongitudeDegrees>-71.7437800</LongitudeDegrees>
     </Position>
     <AltitudeMeters>24.8</AltitudeMeters>
     <DistanceMeters>112307.75084368551</DistanceMeters>
    </Trackpoint>
    <Trackpoint>
     <Time>2026-07-19T04:23:55+00:00</Time>
     <Position>
      <LatitudeDegrees>-33.9453900</LatitudeDegrees>
      <LongitudeDegrees>-71.7446316</LongitudeDegrees>
     </Position>
     <AltitudeMeters>23.630000000000003</AltitudeMeters>
     <DistanceMeters>112396.5127559656</DistanceMeters>
    </Trackpoint>
    <Trackpoint>
     <Time>2026-07-19T04:24:04+00:00</Time>
     <Position>
      <LatitudeDegrees>-33.9457600</LatitudeDegrees>
      <LongitudeDegrees>-71.7454833</LongitudeDegrees>
     </Position>
     <AltitudeMeters>22.01</AltitudeMeters>
     <DistanceMeters>112485.27466824667</DistanceMeters>
    </Trackpoint>
    <Trackpoint>
     <Time>2026-07-19T04:24:12+00:00</Time>
     <Position>
      <LatitudeDegrees>-33.9461300</LatitudeDegrees>
      <LongitudeDegrees>-71.7463350</LongitudeDegrees>
     </Position>
     <AltitudeMeters>22.04</AltitudeMeters>
     <DistanceMeters>112574.03658052723</DistanceMeters>
    </Trackpoint>
    <Trackpoint>
     <Time>2026-07-19T04:24:21+00:00</Time>
     <Position>
      <LatitudeDegrees>-33.9465000</LatitudeDegrees>
      <LongitudeDegrees>-71.7471866</LongitudeDegrees>
     </Position>
     <AltitudeMeters>22.240000000000002</AltitudeMeters>
     <DistanceMeters>112662.79849280765</DistanceMeters>
    </Trackpoint>
    <Trackpoint>
     <Time>2026-07-19T04:24:29+00:00</Time>
     <Position>
      <LatitudeDegrees>-33.9468700</LatitudeDegrees>
      <LongitudeDegrees>-71.7480383</LongitudeDegrees>
     </Position>
     <AltitudeMeters>22.76</AltitudeMeters>
     <DistanceMeters>112751.56040508763</DistanceMeters>
    </Trackpoint>
    <Trackpoint>
     <Time>2026-07-19T04:24:38+00:00</Time>
     <Position>
      <LatitudeDegrees>-33.9472400</LatitudeDegrees>
      <LongitudeDegrees>-71.7488900</LongitudeDegrees>
     </Position>
     <AltitudeMeters>23.340000000000003</AltitudeMeters>
     <DistanceMeters>112840.32232232345</DistanceMeters>
    </Trackpoint>
    <Trackpoint>
     <Time>2026-07-19T04:24:46+00:00</Time>
     <Position>
      <LatitudeDegrees>-33.9473200</LatitudeDegrees>
      <LongitudeDegrees>-71.7492400</LongitudeDegrees>
     </Position>
     <AltitudeMeters>23.470000000000002</AltitudeMeters>
     <DistanceMeters>112873.8404577856</DistanceMeters>
    </Trackpoint>
    <Trackpoint>
     <Time>2026-07-19T04:24:55+00:00</Time>
     <Position>
      <LatitudeDegrees>-33.9473000</LatitudeDegrees>
      <LongitudeDegrees>-71.7494100</LongitudeDegrees>
     </Position>
     <AltitudeMeters>23.470000000000002</AltitudeMeters>
     <DistanceMeters>112889.69284558152</DistanceMeters>
    </Trackpoint>
    <Trackpoint>
     <Time>2026-07-19T04:25:04+00:00</Time>
     <Position>
      <LatitudeDegrees>-33.9472300</LatitudeDegrees>
      <LongitudeDegrees>-71.7496800</LongitudeDegrees>
     </Position>
     <AltitudeMeters>23.330000000000002</AltitudeMeters>
     <DistanceMeters>112915.80979395268</DistanceMeters>
    </Trackpoint>
    <Trackpoint>
     <Time>2026-07-19T04:25:12+00:00</Time>
     <Position>
      <LatitudeDegrees>-33.9469667</LatitudeDegrees>
      <LongitudeDegrees>-71.7505700</LongitudeDegrees>
     </Position>
     <AltitudeMeters>22.770000000000003</AltitudeMeters>
     <DistanceMeters>113003.05017420542</DistanceMeters>
    </Trackpoint>
    <Trackpoint>
     <Time>2026-07-19T04:25:21+00:00</Time>
     <Position>
      <LatitudeDegrees>-33.9467033</LatitudeDegrees>
      <LongitudeDegrees>-71.7514600</LongitudeDegrees>
     </Position>
     <AltitudeMeters>21.96</AltitudeMeters>
     <DistanceMeters>113090.29055445643</DistanceMeters>
    </Trackpoint>
    <Trackpoint>
     <Time>2026-07-19T04:25:29+00:00</Time>
     <Position>
      <LatitudeDegrees>-33.9464400</LatitudeDegrees>
      <LongitudeDegrees>-71.7523500</LongitudeDegrees>
     </Position>
     <AltitudeMeters>22.150000000000002</AltitudeMeters>
     <DistanceMeters>113177.53093588862</DistanceMeters>
    </Trackpoint>
    <Trackpoint>
     <Time>2026-07-19T04:25:38+00:00</Time>
     <Position>
      <LatitudeDegrees>-33.9462150</LatitudeDegrees>
      <LongitudeDegrees>-71.7531175</LongitudeDegrees>
     </Position>
     <AltitudeMeters>22.230000000000004</AltitudeMeters>
     <DistanceMeters>113252.68642765962</DistanceMeters>
    </Trackpoint>
    <Trackpoint>
     <Time>2026-07-19T04:25:46+00:00</Time>
     <Position>
      <LatitudeDegrees>-33.9459900</LatitudeDegrees>
      <LongitudeDegrees>-71.7538850</LongitudeDegrees>
     </Position>
     <AltitudeMeters>22.330000000000002</AltitudeMeters>
     <DistanceMeters>113327.84191942963</DistanceMeters>
    </Trackpoint>
    <Trackpoint>
     <Time>2026-07-19T04:25:55+00:00</Time>
     <Position>
      <LatitudeDegrees>-33.9457650</LatitudeDegrees>
      <LongitudeDegrees>-71.7546525</LongitudeDegrees>
     </Position>
     <AltitudeMeters>22.500000000000004</AltitudeMeters>
     <DistanceMeters>113402.99741119985</DistanceMeters>
    </Trackpoint>
    <Trackpoint>
     <Time>2026-07-19T04:26:04+00:00</Time>
     <Position>
      <LatitudeDegrees>-33.9455400</LatitudeDegrees>
      <LongitudeDegrees>-71.7554200</LongitudeDegrees>
     </Position>
     <AltitudeMeters>23.610000000000003</AltitudeMeters>
     <DistanceMeters>113478.15288979514</DistanceMeters>
    </Trackpoint>
    <Trackpoint>
     <Time>2026-07-19T04:26:12+00:00</Time>
     <Position>
      <LatitudeDegrees>-33.9453400</LatitudeDegrees>
      <LongitudeDegrees>-71.7558700</LongitudeDegrees>
     </Position>
     <AltitudeMeters>25.14</AltitudeMeters>
     <DistanceMeters>113525.28731807313</DistanceMeters>
    </Trackpoint>
    <Trackpoint>
     <Time>2026-07-19T04:26:21+00:00</Time>
     <Position>
      <LatitudeDegrees>-33.9450900</LatitudeDegrees>
      <LongitudeDegrees>-71.7561300</LongitudeDegrees>
     </Position>
     <AltitudeMeters>28.060000000000002</AltitudeMeters>
     <DistanceMeters>113562.03539375286</DistanceMeters>
    </Trackpoint>
    <Trackpoint>
     <Time>2026-07-19T04:26:29+00:00</Time>
     <Position>
      <LatitudeDegrees>-33.9447100</LatitudeDegrees>
      <LongitudeDegrees>-71.7562700</LongitudeDegrees>
     </Position>
     <AltitudeMeters>30.85</AltitudeMeters>
     <DistanceMeters>113606.25895488754</DistanceMeters>
    </Trackpoint>
    <Trackpoint>
     <Time>2026-07-19T04:26:38+00:00</Time>
     <Position>
      <LatitudeDegrees>-33.9441100</LatitudeDegrees>
      <LongitudeDegrees>-71.7564500</LongitudeDegrees>
     </Position>
     <AltitudeMeters>36.15</AltitudeMeters>
     <DistanceMeters>113675.0733319483</DistanceMeters>
    </Trackpoint>
    <Trackpoint>
     <Time>2026-07-19T04:26:46+00:00</Time>
     <Position>
      <LatitudeDegrees>-33.9438400</LatitudeDegrees>
      <LongitudeDegrees>-71.7565400</LongitudeDegrees>
     </Position>
     <AltitudeMeters>37.44</AltitudeMeters>
     <DistanceMeters>113706.25092446292</DistanceMeters>
    </Trackpoint>
    <Trackpoint>
     <Time>2026-07-19T04:26:55+00:00</Time>
     <Position>
      <LatitudeDegrees>-33.9436600</LatitudeDegrees>
      <LongitudeDegrees>-71.7566700</LongitudeDegrees>
     </Position>
     <AltitudeMeters>37.44</AltitudeMeters>
     <DistanceMeters>113729.60467345561</DistanceMeters>
    </Trackpoint>
    <Trackpoint>
     <Time>2026-07-19T04:27:04+00:00</Time>
     <Position>
      <LatitudeDegrees>-33.9433700</LatitudeDegrees>
      <LongitudeDegrees>-71.7569500</LongitudeDegrees>
     </Position>
     <AltitudeMeters>40.650000000000006</AltitudeMeters>
     <DistanceMeters>113770.95760308011</DistanceMeters>
    </Trackpoint>
    <Trackpoint>
     <Time>2026-07-19T04:27:12+00:00</Time>
     <Position>
      <LatitudeDegrees>-33.9430200</LatitudeDegrees>
      <LongitudeDegrees>-71.7573500</LongitudeDegrees>
     </Position>
     <AltitudeMeters>44.86000000000001</AltitudeMeters>
     <DistanceMeters>113824.63581763672</DistanceMeters>
    </Trackpoint>
    <Trackpoint>
     <Time>2026-07-19T04:27:21+00:00</Time>
     <Position>
      <LatitudeDegrees>-33.9426700</LatitudeDegrees>
      <LongitudeDegrees>-71.7577500</LongitudeDegrees>
     </Position>
     <AltitudeMeters>48.120000000000005</AltitudeMeters>
     <DistanceMeters>113878.31404080418</DistanceMeters>
    </Trackpoint>
    <Trackpoint>
     <Time>2026-07-19T04:27:29+00:00</Time>
     <Position>
      <LatitudeDegrees>-33.9423200</LatitudeDegrees>
      <LongitudeDegrees>-71.7580600</LongitudeDegrees>
     </Position>
     <AltitudeMeters>50.03</AltitudeMeters>
     <DistanceMeters>113926.65266907845</DistanceMeters>
    </Trackpoint>
    <Trackpoint>
     <Time>2026-07-19T04:27:38+00:00</Time>
     <Position>
      <LatitudeDegrees>-33.9416600</LatitudeDegrees>
      <LongitudeDegrees>-71.7585700</LongitudeDegrees>
     </Position>
     <AltitudeMeters>55.7</AltitudeMeters>
     <DistanceMeters>114013.90533406084</DistanceMeters>
    </Trackpoint>
    <Trackpoint>
     <Time>2026-07-19T04:27:46+00:00</Time>
     <Position>
      <LatitudeDegrees>-33.9416000</LatitudeDegrees>
      <LongitudeDegrees>-71.7586500</LongitudeDegrees>
     </Position>
     <AltitudeMeters>56.010000000000005</AltitudeMeters>
     <DistanceMeters>114023.86289813017</DistanceMeters>
    </Trackpoint>
    <Trackpoint>
     <Time>2026-07-19T04:27:55+00:00</Time>
     <Position>
      <LatitudeDegrees>-33.9414000</LatitudeDegrees>
      <LongitudeDegrees>-71.7592500</LongitudeDegrees>
     </Position>
     <AltitudeMeters>54.64</AltitudeMeters>
     <DistanceMeters>114083.56661537863</DistanceMeters>
    </Trackpoint>
    <Trackpoint>
     <Time>2026-07-19T04:28:04+00:00</Time>
     <Position>
      <LatitudeDegrees>-33.9412000</LatitudeDegrees>
      <LongitudeDegrees>-71.7598500</LongitudeDegrees>
     </Position>
     <AltitudeMeters>48.760000000000005</AltitudeMeters>
     <DistanceMeters>114143.27033699279</DistanceMeters>
    </Trackpoint>
    <Trackpoint>
     <Time>2026-07-19T04:28:12+00:00</Time>
     <Position>
      <LatitudeDegrees>-33.9411300</LatitudeDegrees>
      <LongitudeDegrees>-71.7602500</LongitudeDegrees>
     </Position>
     <AltitudeMeters>48.760000000000005</AltitudeMeters>
     <DistanceMeters>114181.0159510505</DistanceMeters>
    </Trackpoint>
    <Trackpoint>
     <Time>2026-07-19T04:28:21+00:00</Time>
     <Position>
      <LatitudeDegrees>-33.9411500</LatitudeDegrees>
      <LongitudeDegrees>-71.7611000</LongitudeDegrees>
     </Position>
     <AltitudeMeters>42.67000000000001</AltitudeMeters>
     <DistanceMeters>114259.52985589913</DistanceMeters>
    </Trackpoint>
    <Trackpoint>
     <Time>2026-07-19T04:28:29+00:00</Time>
     <Position>
      <LatitudeDegrees>-33.9411700</LatitudeDegrees>
      <LongitudeDegrees>-71.7619500</LongitudeDegrees>
     </Position>
     <AltitudeMeters>37.67</AltitudeMeters>
     <DistanceMeters>114338.04376750592</DistanceMeters>
    </Trackpoint>
    <Trackpoint>
     <Time>2026-07-19T04:28:38+00:00</Time>
     <Position>
      <LatitudeDegrees>-33.9410100</LatitudeDegrees>
      <LongitudeDegrees>-71.7624900</LongitudeDegrees>
     </Position>
     <AltitudeMeters>33.79</AltitudeMeters>
     <DistanceMeters>114390.98770941341</DistanceMeters>
    </Trackpoint>
    <Trackpoint>
     <Time>2026-07-19T04:28:46+00:00</Time>
     <Position>
      <LatitudeDegrees>-33.9404850</LatitudeDegrees>
      <LongitudeDegrees>-71.7633400</LongitudeDegrees>
     </Position>
     <AltitudeMeters>25.290000000000003</AltitudeMeters>
     <DistanceMeters>114488.83321545988</DistanceMeters>
    </Trackpoint>
    <Trackpoint>
     <Time>2026-07-19T04:28:55+00:00</Time>
     <Position>
      <LatitudeDegrees>-33.9399600</LatitudeDegrees>
      <LongitudeDegrees>-71.7641900</LongitudeDegrees>
     </Position>
     <AltitudeMeters>20.42</AltitudeMeters>
     <DistanceMeters>114586.6787215071</DistanceMeters>
    </Trackpoint>
    <Trackpoint>
     <Time>2026-07-19T04:29:04+00:00</Time>
     <Position>
      <LatitudeDegrees>-33.9394350</LatitudeDegrees>
      <LongitudeDegrees>-71.7650400</LongitudeDegrees>
     </Position>
     <AltitudeMeters>19.970000000000002</AltitudeMeters>
     <DistanceMeters>114684.52422755228</DistanceMeters>
    </Trackpoint>
    <Trackpoint>
     <Time>2026-07-19T04:29:12+00:00</Time>
     <Position>
      <LatitudeDegrees>-33.9389100</LatitudeDegrees>
      <LongitudeDegrees>-71.7658900</LongitudeDegrees>
     </Position>
     <AltitudeMeters>20.23</AltitudeMeters>
     <DistanceMeters>114782.36973789809</DistanceMeters>
    </Trackpoint>
    <Trackpoint>
     <Time>2026-07-19T04:29:21+00:00</Time>
     <Position>
      <LatitudeDegrees>-33.9388200</LatitudeDegrees>
      <LongitudeDegrees>-71.7660800</LongitudeDegrees>
     </Position>
     <AltitudeMeters>20.46</AltitudeMeters>
     <DistanceMeters>114802.57146662183</DistanceMeters>
    </Trackpoint>
    <Trackpoint>
     <Time>2026-07-19T04:29:29+00:00</Time>
     <Position>
      <LatitudeDegrees>-33.9387300</LatitudeDegrees>
      <LongitudeDegrees>-71.7664300</LongitudeDegrees>
     </Position>
     <AltitudeMeters>20.51</AltitudeMeters>
     <DistanceMeters>114836.40534776231</DistanceMeters>
    </Trackpoint>
    <Trackpoint>
     <Time>2026-07-19T04:29:38+00:00</Time>
     <Position>
      <LatitudeDegrees>-33.9387300</LatitudeDegrees>
      <LongitudeDegrees>-71.7667800</LongitudeDegrees>
     </Position>
     <AltitudeMeters>20.67</AltitudeMeters>
     <DistanceMeters>114868.72252768565</DistanceMeters>
    </Trackpoint>
    <Trackpoint>
     <Time>2026-07-19T04:29:46+00:00</Time>
     <Position>
      <LatitudeDegrees>-33.9388000</LatitudeDegrees>
      <LongitudeDegrees>-71.7671000</LongitudeDegrees>
     </Position>
     <AltitudeMeters>20.810000000000002</AltitudeMeters>
     <DistanceMeters>114899.27948257716</DistanceMeters>
    </Trackpoint>
    <Trackpoint>
     <Time>2026-07-19T04:29:55+00:00</Time>
     <Position>
      <LatitudeDegrees>-33.9388700</LatitudeDegrees>
      <LongitudeDegrees>-71.7673200</LongitudeDegrees>
     </Position>
     <AltitudeMeters>21.130000000000003</AltitudeMeters>
     <DistanceMeters>114921.03582806177</DistanceMeters>
    </Trackpoint>
    <Trackpoint>
     <Time>2026-07-19T04:30:04+00:00</Time>
     <Position>
      <LatitudeDegrees>-33.9389900</LatitudeDegrees>
      <LongitudeDegrees>-71.7674800</LongitudeDegrees>
     </Position>
     <AltitudeMeters>21.43</AltitudeMeters>
     <DistanceMeters>114940.95130375194</DistanceMeters>
    </Trackpoint>
    <Trackpoint>
     <Time>2026-07-19T04:30:12+00:00</Time>
     <Position>
      <LatitudeDegrees>-33.9391400</LatitudeDegrees>
      <LongitudeDegrees>-71.7676400</LongitudeDegrees>
     </Position>
     <AltitudeMeters>22.250000000000004</AltitudeMeters>
     <DistanceMeters>114963.24385808576</DistanceMeters>
    </Trackpoint>
    <Trackpoint>
     <Time>2026-07-19T04:30:21+00:00</Time>
     <Position>
      <LatitudeDegrees>-33.9393800</LatitudeDegrees>
      <LongitudeDegrees>-71.7678200</LongitudeDegrees>
     </Position>
     <AltitudeMeters>23.330000000000002</AltitudeMeters>
     <DistanceMeters>114994.70343981984</DistanceMeters>
    </Trackpoint>
    <Trackpoint>
     <Time>2026-07-19T04:30:29+00:00</Time>
     <Position>
      <LatitudeDegrees>-33.9397000</LatitudeDegrees>
      <LongitudeDegrees>-71.7679500</LongitudeDegrees>
     </Position>
     <AltitudeMeters>24.380000000000003</AltitudeMeters>
     <DistanceMeters>115032.28645220879</DistanceMeters>
    </Trackpoint>
    <Trackpoint>
     <Time>2026-07-19T04:30:38+00:00</Time>
     <Position>
      <LatitudeDegrees>-33.9403250</LatitudeDegrees>
      <LongitudeDegrees>-71.7680650</LongitudeDegrees>
     </Position>
     <AltitudeMeters>29.36</AltitudeMeters>
     <DistanceMeters>115102.65203191616</DistanceMeters>
    </Trackpoint>
    <Trackpoint>
     <Time>2026-07-19T04:30:46+00:00</Time>
     <Position>
      <LatitudeDegrees>-33.9409500</LatitudeDegrees>
      <LongitudeDegrees>-71.7681800</LongitudeDegrees>
     </Position>
     <AltitudeMeters>31.990000000000006</AltitudeMeters>
     <DistanceMeters>115173.01760138331</DistanceMeters>
    </Trackpoint>
    <Trackpoint>
     <Time>2026-07-19T04:30:55+00:00</Time>
     <Position>
      <LatitudeDegrees>-33.9412600</LatitudeDegrees>
      <LongitudeDegrees>-71.7681800</LongitudeDegrees>
     </Position>
     <AltitudeMeters>34.39</AltitudeMeters>
     <DistanceMeters>115207.51926200985</DistanceMeters>
    </Trackpoint>
    <Trackpoint>
     <Time>2026-07-19T04:31:04+00:00</Time>
     <Position>
      <LatitudeDegrees>-33.9417100</LatitudeDegrees>
      <LongitudeDegrees>-71.7681300</LongitudeDegrees>
     </Position>
     <AltitudeMeters>35.72</AltitudeMeters>
     <DistanceMeters>115257.81464332681</DistanceMeters>
    </Trackpoint>
    <Trackpoint>
     <Time>2026-07-19T04:31:12+00:00</Time>
     <Position>
      <LatitudeDegrees>-33.9421600</LatitudeDegrees>
      <LongitudeDegrees>-71.7680000</LongitudeDegrees>
     </Position>
     <AltitudeMeters>39.17</AltitudeMeters>
     <DistanceMeters>115309.31596576484</DistanceMeters>
    </Trackpoint>
    <Trackpoint>
     <Time>2026-07-19T04:31:21+00:00</Time>
     <Position>
      <LatitudeDegrees>-33.9426700</LatitudeDegrees>
      <LongitudeDegrees>-71.7677200</LongitudeDegrees>
     </Position>
     <AltitudeMeters>43.29</AltitudeMeters>
     <DistanceMeters>115371.68700259454</DistanceMeters>
    </Trackpoint>
    <Trackpoint>
     <Time>2026-07-19T04:31:29+00:00</Time>
     <Position>
      <LatitudeDegrees>-33.9432767</LatitudeDegrees>
      <LongitudeDegrees>-71.7672467</LongitudeDegrees>
     </Position>
     <AltitudeMeters>49.730000000000004</AltitudeMeters>
     <DistanceMeters>115452.11578641897</DistanceMeters>
    </Trackpoint>
    <Trackpoint>
     <Time>2026-07-19T04:31:38+00:00</Time>
     <Position>
      <LatitudeDegrees>-33.9438833</LatitudeDegrees>
      <LongitudeDegrees>-71.7667733</LongitudeDegrees>
     </Position>
     <AltitudeMeters>58.440000000000005</AltitudeMeters>
     <DistanceMeters>115532.54457024335</DistanceMeters>
    </Trackpoint>
    <Trackpoint>
     <Time>2026-07-19T04:31:46+00:00</Time>
     <Position>
      <LatitudeDegrees>-33.9444900</LatitudeDegrees>
      <LongitudeDegrees>-71.7663000</LongitudeDegrees>
     </Position>
     <AltitudeMeters>62.96</AltitudeMeters>
     <DistanceMeters>115612.97333099542</DistanceMeters>
    </Trackpoint>
    <Trackpoint>
     <Time>2026-07-19T04:31:55+00:00</Time>
     <Position>
      <LatitudeDegrees>-33.9446700</LatitudeDegrees>
      <LongitudeDegrees>-71.7662500</LongitudeDegrees>
     </Position>
     <AltitudeMeters>64.55000000000001</AltitudeMeters>
     <DistanceMeters>115633.53157398215</DistanceMeters>
    </Trackpoint>
    <Trackpoint>
     <Time>2026-07-19T04:32:04+00:00</Time>
     <Position>
      <LatitudeDegrees>-33.9448400</LatitudeDegrees>
      <LongitudeDegrees>-71.7663400</LongitudeDegrees>
     </Position>
     <AltitudeMeters>66.83</AltitudeMeters>
     <DistanceMeters>115654.19615638847</DistanceMeters>
    </Trackpoint>
    <Trackpoint>
     <Time>2026-07-19T04:32:12+00:00</Time>
     <Position>
      <LatitudeDegrees>-33.9449600</LatitudeDegrees>
      <LongitudeDegrees>-71.7664300</LongitudeDegrees>
     </Position>
     <AltitudeMeters>68.28</AltitudeMeters>
     <DistanceMeters>115669.92565641242</DistanceMeters>
    </Trackpoint>
    <Trackpoint>
     <Time>2026-07-19T04:32:21+00:00</Time>
     <Position>
      <LatitudeDegrees>-33.9450200</LatitudeDegrees>
      <LongitudeDegrees>-71.7665300</LongitudeDegrees>
     </Position>
     <AltitudeMeters>68.28</AltitudeMeters>
     <DistanceMeters>115681.32025322718</DistanceMeters>
    </Trackpoint>
    <Trackpoint>
     <Time>2026-07-19T04:32:29+00:00</Time>
     <Position>
      <LatitudeDegrees>-33.9450700</LatitudeDegrees>
      <LongitudeDegrees>-71.7667500</LongitudeDegrees>
     </Position>
     <AltitudeMeters>69.93</AltitudeMeters>
     <DistanceMeters>115702.38088529816</DistanceMeters>
    </Trackpoint>
    <Trackpoint>
     <Time>2026-07-19T04:32:38+00:00</Time>
     <Position>
      <LatitudeDegrees>-33.9450500</LatitudeDegrees>
      <LongitudeDegrees>-71.7670600</LongitudeDegrees>
     </Position>
     <AltitudeMeters>72.02</AltitudeMeters>
     <DistanceMeters>115731.08896939314</DistanceMeters>
    </Trackpoint>
    <Trackpoint>
     <Time>2026-07-19T04:32:46+00:00</Time>
     <Position>
      <LatitudeDegrees>-33.9448700</LatitudeDegrees>
      <LongitudeDegrees>-71.7673700</LongitudeDegrees>
     </Position>
     <AltitudeMeters>73.97000000000001</AltitudeMeters>
     <DistanceMeters>115766.02507280487</DistanceMeters>
    </Trackpoint>
    <Trackpoint>
     <Time>2026-07-19T04:32:55+00:00</Time>
     <Position>
      <LatitudeDegrees>-33.9447600</LatitudeDegrees>
      <LongitudeDegrees>-71.7674600</LongitudeDegrees>
     </Position>
     <AltitudeMeters>73.97000000000001</AltitudeMeters>
     <DistanceMeters>115780.82128292408</DistanceMeters>
    </Trackpoint>
    <Trackpoint>
     <Time>2026-07-19T04:33:04+00:00</Time>
     <Position>
      <LatitudeDegrees>-33.9444000</LatitudeDegrees>
      <LongitudeDegrees>-71.7675500</LongitudeDegrees>
     </Position>
     <AltitudeMeters>77.89</AltitudeMeters>
     <DistanceMeters>115821.74033454993</DistanceMeters>
    </Trackpoint>
    <Trackpoint>
     <Time>2026-07-19T04:33:12+00:00</Time>
     <Position>
      <LatitudeDegrees>-33.9441300</LatitudeDegrees>
      <LongitudeDegrees>-71.7676900</LongitudeDegrees>
     </Position>
     <AltitudeMeters>80.97</AltitudeMeters>
     <DistanceMeters>115854.45233206615</DistanceMeters>
    </Trackpoint>
    <Trackpoint>
     <Time>2026-07-19T04:33:21+00:00</Time>
     <Position>
      <LatitudeDegrees>-33.9436900</LatitudeDegrees>
      <LongitudeDegrees>-71.7682500</LongitudeDegrees>
     </Position>
     <AltitudeMeters>86.39</AltitudeMeters>
     <DistanceMeters>115925.66616182013</DistanceMeters>
    </Trackpoint>
    <Trackpoint>
     <Time>2026-07-19T04:33:29+00:00</Time>
     <Position>
      <LatitudeDegrees>-33.9436600</LatitudeDegrees>
      <LongitudeDegrees>-71.7684600</LongitudeDegrees>
     </Position>
     <AltitudeMeters>89.17000000000002</AltitudeMeters>
     <DistanceMeters>115945.34072463308</DistanceMeters>
    </Trackpoint>
    <Trackpoint>
     <Time>2026-07-19T04:33:38+00:00</Time>
     <Position>
      <LatitudeDegrees>-33.9436800</LatitudeDegrees>
      <LongitudeDegrees>-71.7686700</LongitudeDegrees>
     </Position>
     <AltitudeMeters>89.17000000000002</AltitudeMeters>
     <DistanceMeters>115964.85725869809</DistanceMeters>
    </Trackpoint>
    <Trackpoint>
     <Time>2026-07-19T04:33:46+00:00</Time>
     <Position>
      <LatitudeDegrees>-33.9437900</LatitudeDegrees>
      <LongitudeDegrees>-71.7688500</LongitudeDegrees>
     </Position>
     <AltitudeMeters>93.58000000000001</AltitudeMeters>
     <DistanceMeters>115985.49896667428</DistanceMeters>
    </Trackpoint>
    <Trackpoint>
     <Time>2026-07-19T04:33:55+00:00</Time>
     <Position>
      <LatitudeDegrees>-33.9439100</LatitudeDegrees>
      <LongitudeDegrees>-71.7689300</LongitudeDegrees>
     </Position>
     <AltitudeMeters>93.58000000000001</AltitudeMeters>
     <DistanceMeters>116000.76090959775</DistanceMeters>
    </Trackpoint>
    <Trackpoint>
     <Time>2026-07-19T04:34:04+00:00</Time>
     <Position>
      <LatitudeDegrees>-33.9444400</LatitudeDegrees>
      <LongitudeDegrees>-71.7692100</LongitudeDegrees>
     </Position>
     <AltitudeMeters>99.67</AltitudeMeters>
     <DistanceMeters>116065.16403488473</DistanceMeters>
    </Trackpoint>
    <Trackpoint>
     <Time>2026-07-19T04:34:12+00:00</Time>
     <Position>
      <LatitudeDegrees>-33.9445500</LatitudeDegrees>
      <LongitudeDegrees>-71.7692500</LongitudeDegrees>
     </Position>
     <AltitudeMeters>100.5</AltitudeMeters>
     <DistanceMeters>116077.95147829504</DistanceMeters>
    </Trackpoint>
    <Trackpoint>
     <Time>2026-07-19T04:34:21+00:00</Time>
     <Position>
      <LatitudeDegrees>-33.9446700</LatitudeDegrees>
      <LongitudeDegrees>-71.7692200</LongitudeDegrees>
     </Position>
     <AltitudeMeters>102.07000000000001</AltitudeMeters>
     <DistanceMeters>116091.59116197226</DistanceMeters>
    </Trackpoint>
    <Trackpoint>
     <Time>2026-07-19T04:34:29+00:00</Time>
     <Position>
      <LatitudeDegrees>-33.9451400</LatitudeDegrees>
      <LongitudeDegrees>-71.7689800</LongitudeDegrees>
     </Position>
     <AltitudeMeters>105.78000000000002</AltitudeMeters>
     <DistanceMeters>116148.39994857393</DistanceMeters>
    </Trackpoint>
    <Trackpoint>
     <Time>2026-07-19T04:34:38+00:00</Time>
     <Position>
      <LatitudeDegrees>-33.9452300</LatitudeDegrees>
      <LongitudeDegrees>-71.7689800</LongitudeDegrees>
     </Position>
     <AltitudeMeters>107.45</AltitudeMeters>
     <DistanceMeters>116158.41655972363</DistanceMeters>
    </Trackpoint>
    <Trackpoint>
     <Time>2026-07-19T04:34:46+00:00</Time>
     <Position>
      <LatitudeDegrees>-33.9453200</LatitudeDegrees>
      <LongitudeDegrees>-71.7689900</LongitudeDegrees>
     </Position>
     <AltitudeMeters>107.45</AltitudeMeters>
     <DistanceMeters>116168.4756322139</DistanceMeters>
    </Trackpoint>
    <Trackpoint>
     <Time>2026-07-19T04:34:55+00:00</Time>
     <Position>
      <LatitudeDegrees>-33.9454000</LatitudeDegrees>
      <LongitudeDegrees>-71.7691200</LongitudeDegrees>
     </Position>
     <AltitudeMeters>110.54</AltitudeMeters>
     <DistanceMeters>116183.42010301411</DistanceMeters>
    </Trackpoint>
    <Trackpoint>
     <Time>2026-07-19T04:35:04+00:00</Time>
     <Position>
      <LatitudeDegrees>-33.9454500</LatitudeDegrees>
      <LongitudeDegrees>-71.7692500</LongitudeDegrees>
     </Position>
     <AltitudeMeters>110.54</AltitudeMeters>
     <DistanceMeters>116196.64994606921</DistanceMeters>
    </Trackpoint>
    <Trackpoint>
     <Time>2026-07-19T04:35:12+00:00</Time>
     <Position>
      <LatitudeDegrees>-33.9453700</LatitudeDegrees>
      <LongitudeDegrees>-71.7698850</LongitudeDegrees>
     </Position>
     <AltitudeMeters>114.44000000000001</AltitudeMeters>
     <DistanceMeters>116255.95019579743</DistanceMeters>
    </Trackpoint>
    <Trackpoint>
     <Time>2026-07-19T04:35:21+00:00</Time>
     <Position>
      <LatitudeDegrees>-33.9452900</LatitudeDegrees>
      <LongitudeDegrees>-71.7705200</LongitudeDegrees>
     </Position>
     <AltitudeMeters>114.03</AltitudeMeters>
     <DistanceMeters>116315.25045791178</DistanceMeters>
    </Trackpoint>
    <Trackpoint>
     <Time>2026-07-19T04:35:29+00:00</Time>
     <Position>
      <LatitudeDegrees>-33.9452700</LatitudeDegrees>
      <LongitudeDegrees>-71.7708300</LongitudeDegrees>
     </Position>
     <AltitudeMeters>112.83000000000001</AltitudeMeters>
     <DistanceMeters>116343.95846825447</DistanceMeters>
    </Trackpoint>
    <Trackpoint>
     <Time>2026-07-19T04:35:38+00:00</Time>
     <Position>
      <LatitudeDegrees>-33.9452900</LatitudeDegrees>
      <LongitudeDegrees>-71.7710500</LongitudeDegrees>
     </Position>
     <AltitudeMeters>112.83000000000001</AltitudeMeters>
     <DistanceMeters>116364.3921614047</DistanceMeters>
    </Trackpoint>
    <Trackpoint>
     <Time>2026-07-19T04:35:46+00:00</Time>
     <Position>
      <LatitudeDegrees>-33.9453800</LatitudeDegrees>
      <LongitudeDegrees>-71.7712200</LongitudeDegrees>
     </Position>
     <AltitudeMeters>112.10000000000001</AltitudeMeters>
     <DistanceMeters>116383.01170594129</DistanceMeters>
    </Trackpoint>
    <Trackpoint>
     <Time>2026-07-19T04:35:55+00:00</Time>
     <Position>
      <LatitudeDegrees>-33.9456100</LatitudeDegrees>
      <LongitudeDegrees>-71.7715400</LongitudeDegrees>
     </Position>
     <AltitudeMeters>110.46</AltitudeMeters>
     <DistanceMeters>116422.10329612895</DistanceMeters>
    </Trackpoint>
    <Trackpoint>
     <Time>2026-07-19T04:36:04+00:00</Time>
     <Position>
      <LatitudeDegrees>-33.9456300</LatitudeDegrees>
      <LongitudeDegrees>-71.7717600</LongitudeDegrees>
     </Position>
     <AltitudeMeters>109.21000000000001</AltitudeMeters>
     <DistanceMeters>116442.53690862756</DistanceMeters>
    </Trackpoint>
    <Trackpoint>
     <Time>2026-07-19T04:36:12+00:00</Time>
     <Position>
      <LatitudeDegrees>-33.9453800</LatitudeDegrees>
      <LongitudeDegrees>-71.7723000</LongitudeDegrees>
     </Position>
     <AltitudeMeters>103.11</AltitudeMeters>
     <DistanceMeters>116499.63220971305</DistanceMeters>
    </Trackpoint>
    <Trackpoint>
     <Time>2026-07-19T04:36:21+00:00</Time>
     <Position>
      <LatitudeDegrees>-33.9453400</LatitudeDegrees>
      <LongitudeDegrees>-71.7724800</LongitudeDegrees>
     </Position>
     <AltitudeMeters>103.11</AltitudeMeters>
     <DistanceMeters>116516.83711936562</DistanceMeters>
    </Trackpoint>
    <Trackpoint>
     <Time>2026-07-19T04:36:29+00:00</Time>
     <Position>
      <LatitudeDegrees>-33.9453400</LatitudeDegrees>
      <LongitudeDegrees>-71.7727000</LongitudeDegrees>
     </Position>
     <AltitudeMeters>100.65</AltitudeMeters>
     <DistanceMeters>116537.14919810722</DistanceMeters>
    </Trackpoint>
    <Trackpoint>
     <Time>2026-07-19T04:36:38+00:00</Time>
     <Position>
      <LatitudeDegrees>-33.9453800</LatitudeDegrees>
      <LongitudeDegrees>-71.7732500</LongitudeDegrees>
     </Position>
     <AltitudeMeters>99.56</AltitudeMeters>
     <DistanceMeters>116588.12415221261</DistanceMeters>
    </Trackpoint>
    <Trackpoint>
     <Time>2026-07-19T04:36:46+00:00</Time>
     <Position>
      <LatitudeDegrees>-33.9453600</LatitudeDegrees>
      <LongitudeDegrees>-71.7735100</LongitudeDegrees>
     </Position>
     <AltitudeMeters>93.54</AltitudeMeters>
     <DistanceMeters>116612.23230731439</DistanceMeters>
    </Trackpoint>
    <Trackpoint>
     <Time>2026-07-19T04:36:55+00:00</Time>
     <Position>
      <LatitudeDegrees>-33.9451450</LatitudeDegrees>
      <LongitudeDegrees>-71.7740700</LongitudeDegrees>
     </Position>
     <AltitudeMeters>92.01</AltitudeMeters>
     <DistanceMeters>116669.20458091059</DistanceMeters>
    </Trackpoint>
    <Trackpoint>
     <Time>2026-07-19T04:37:04+00:00</Time>
     <Position>
      <LatitudeDegrees>-33.9449300</LatitudeDegrees>
      <LongitudeDegrees>-71.7746300</LongitudeDegrees>
     </Position>
     <AltitudeMeters>88.76</AltitudeMeters>
     <DistanceMeters>116726.17681835407</DistanceMeters>
    </Trackpoint>
    <Trackpoint>
     <Time>2026-07-19T04:37:12+00:00</Time>
     <Position>
      <LatitudeDegrees>-33.9448400</LatitudeDegrees>
      <LongitudeDegrees>-71.7749800</LongitudeDegrees>
     </Position>
     <AltitudeMeters>87.0</AltitudeMeters>
     <DistanceMeters>116760.00848409426</DistanceMeters>
    </Trackpoint>
    <Trackpoint>
     <Time>2026-07-19T04:37:21+00:00</Time>
     <Position>
      <LatitudeDegrees>-33.9447600</LatitudeDegrees>
      <LongitudeDegrees>-71.7754800</LongitudeDegrees>
     </Position>
     <AltitudeMeters>84.11</AltitudeMeters>
     <DistanceMeters>116807.02337477084</DistanceMeters>
    </Trackpoint>
    <Trackpoint>
     <Time>2026-07-19T04:37:29+00:00</Time>
     <Position>
      <LatitudeDegrees>-33.9445500</LatitudeDegrees>
      <LongitudeDegrees>-71.7759200</LongitudeDegrees>
     </Position>
     <AltitudeMeters>80.17</AltitudeMeters>
     <DistanceMeters>116853.89131103246</DistanceMeters>
    </Trackpoint>
    <Trackpoint>
     <Time>2026-07-19T04:37:38+00:00</Time>
     <Position>
      <LatitudeDegrees>-33.9442900</LatitudeDegrees>
      <LongitudeDegrees>-71.7762000</LongitudeDegrees>
     </Position>
     <AltitudeMeters>77.2</AltitudeMeters>
     <DistanceMeters>116892.69426918424</DistanceMeters>
    </Trackpoint>
    <Trackpoint>
     <Time>2026-07-19T04:37:46+00:00</Time>
     <Position>
      <LatitudeDegrees>-33.9442200</LatitudeDegrees>
      <LongitudeDegrees>-71.7763300</LongitudeDegrees>
     </Position>
     <AltitudeMeters>75.97000000000001</AltitudeMeters>
     <DistanceMeters>116907.0037365203</DistanceMeters>
    </Trackpoint>
    <Trackpoint>
     <Time>2026-07-19T04:37:55+00:00</Time>
     <Position>
      <LatitudeDegrees>-33.9441500</LatitudeDegrees>
      <LongitudeDegrees>-71.7765500</LongitudeDegrees>
     </Position>
     <AltitudeMeters>74.81</AltitudeMeters>
     <DistanceMeters>116928.75889011518</DistanceMeters>
    </Trackpoint>
    <Trackpoint>
     <Time>2026-07-19T04:38:04+00:00</Time>
     <Position>
      <LatitudeDegrees>-33.9441400</LatitudeDegrees>
      <LongitudeDegrees>-71.7767500</LongitudeDegrees>
     </Position>
     <AltitudeMeters>73.22</AltitudeMeters>
     <DistanceMeters>116947.25818474904</DistanceMeters>
    </Trackpoint>
    <Trackpoint>
     <Time>2026-07-19T04:38:12+00:00</Time>
     <Position>
      <LatitudeDegrees>-33.9442900</LatitudeDegrees>
      <LongitudeDegrees>-71.7772700</LongitudeDegrees>
     </Position>
     <AltitudeMeters>71.12</AltitudeMeters>
     <DistanceMeters>116998.08886193817</DistanceMeters>
    </Trackpoint>
    <Trackpoint>
     <Time>2026-07-19T04:38:21+00:00</Time>
     <Position>
      <LatitudeDegrees>-33.9442900</LatitudeDegrees>
      <LongitudeDegrees>-71.7774900</LongitudeDegrees>
     </Position>
     <AltitudeMeters>70.36</AltitudeMeters>
     <DistanceMeters>117018.4011912379</DistanceMeters>
    </Trackpoint>
    <Trackpoint>
     <Time>2026-07-19T04:38:29+00:00</Time>
     <Position>
      <LatitudeDegrees>-33.9440650</LatitudeDegrees>
      <LongitudeDegrees>-71.7784100</LongitudeDegrees>
     </Position>
     <AltitudeMeters>63.6</AltitudeMeters>
     <DistanceMeters>117106.95817940994</DistanceMeters>
    </Trackpoint>
    <Trackpoint>
     <Time>2026-07-19T04:38:38+00:00</Time>
     <Position>
      <LatitudeDegrees>-33.9438400</LatitudeDegrees>
      <LongitudeDegrees>-71.7793300</LongitudeDegrees>
     </Position>
     <AltitudeMeters>59.07</AltitudeMeters>
     <DistanceMeters>117195.51515599318</DistanceMeters>
    </Trackpoint>
    <Trackpoint>
     <Time>2026-07-19T04:38:46+00:00</Time>
     <Position>
      <LatitudeDegrees>-33.9437700</LatitudeDegrees>
      <LongitudeDegrees>-71.7797700</LongitudeDegrees>
     </Position>
     <AltitudeMeters>56.160000000000004</AltitudeMeters>
     <DistanceMeters>117236.88031840198</DistanceMeters>
    </Trackpoint>
    <Trackpoint>
     <Time>2026-07-19T04:38:55+00:00</Time>
     <Position>
      <LatitudeDegrees>-33.9437300</LatitudeDegrees>
      <LongitudeDegrees>-71.7802700</LongitudeDegrees>
     </Position>
     <AltitudeMeters>53.21000000000001</AltitudeMeters>
     <DistanceMeters>117283.25915221221</DistanceMeters>
    </Trackpoint>
    <Trackpoint>
     <Time>2026-07-19T04:39:04+00:00</Time>
     <Position>
      <LatitudeDegrees>-33.9436600</LatitudeDegrees>
      <LongitudeDegrees>-71.7805300</LongitudeDegrees>
     </Position>
     <AltitudeMeters>51.65</AltitudeMeters>
     <DistanceMeters>117308.49733951685</DistanceMeters>
    </Trackpoint>
    <Trackpoint>
     <Time>2026-07-19T04:39:12+00:00</Time>
     <Position>
      <LatitudeDegrees>-33.9435000</LatitudeDegrees>
      <LongitudeDegrees>-71.7808000</LongitudeDegrees>
     </Position>
     <AltitudeMeters>49.230000000000004</AltitudeMeters>
     <DistanceMeters>117339.13316940804</DistanceMeters>
    </Trackpoint>
    <Trackpoint>
     <Time>2026-07-19T04:39:21+00:00</Time>
     <Position>
      <LatitudeDegrees>-33.9430550</LatitudeDegrees>
      <LongitudeDegrees>-71.7813600</LongitudeDegrees>
     </Position>
     <AltitudeMeters>44.89000000000001</AltitudeMeters>
     <DistanceMeters>117410.73119660399</DistanceMeters>
    </Trackpoint>
    <Trackpoint>
     <Time>2026-07-19T04:39:29+00:00</Time>
     <Position>
      <LatitudeDegrees>-33.9426100</LatitudeDegrees>
      <LongitudeDegrees>-71.7819200</LongitudeDegrees>
     </Position>
     <AltitudeMeters>40.370000000000005</AltitudeMeters>
     <DistanceMeters>117482.32918224593</DistanceMeters>
    </Trackpoint>
    <Trackpoint>
     <Time>2026-07-19T04:39:38+00:00</Time>
     <Position>
      <LatitudeDegrees>-33.9425400</LatitudeDegrees>
      <LongitudeDegrees>-71.7820600</LongitudeDegrees>
     </Position>
     <AltitudeMeters>38.86000000000001</AltitudeMeters>
     <DistanceMeters>117497.42169343428</DistanceMeters>
    </Trackpoint>
    <Trackpoint>
     <Time>2026-07-19T04:39:46+00:00</Time>
     <Position>
      <LatitudeDegrees>-33.9422700</LatitudeDegrees>
      <LongitudeDegrees>-71.7828100</LongitudeDegrees>
     </Position>
     <AltitudeMeters>35.03000000000001</AltitudeMeters>
     <DistanceMeters>117572.90873407702</DistanceMeters>
    </Trackpoint>
    <Trackpoint>
     <Time>2026-07-19T04:39:55+00:00</Time>
     <Position>
      <LatitudeDegrees>-33.9420500</LatitudeDegrees>
      <LongitudeDegrees>-71.7832700</LongitudeDegrees>
     </Position>
     <AltitudeMeters>32.36</AltitudeMeters>
     <DistanceMeters>117621.93335682002</DistanceMeters>
    </Trackpoint>
    <Trackpoint>
     <Time>2026-07-19T04:40:04+00:00</Time>
     <Position>
      <LatitudeDegrees>-33.9417700</LatitudeDegrees>
      <LongitudeDegrees>-71.7836200</LongitudeDegrees>
     </Position>
     <AltitudeMeters>30.250000000000004</AltitudeMeters>
     <DistanceMeters>117666.82702670294</DistanceMeters>
    </Trackpoint>
    <Trackpoint>
     <Time>2026-07-19T04:40:12+00:00</Time>
     <Position>
      <LatitudeDegrees>-33.9413033</LatitudeDegrees>
      <LongitudeDegrees>-71.7843367</LongitudeDegrees>
     </Position>
     <AltitudeMeters>28.600000000000005</AltitudeMeters>
     <DistanceMeters>117750.94727192518</DistanceMeters>
    </Trackpoint>
    <Trackpoint>
     <Time>2026-07-19T04:40:21+00:00</Time>
     <Position>
      <LatitudeDegrees>-33.9408367</LatitudeDegrees>
      <LongitudeDegrees>-71.7850533</LongitudeDegrees>
     </Position>
     <AltitudeMeters>28.1</AltitudeMeters>
     <DistanceMeters>117835.06751714891</DistanceMeters>
    </Trackpoint>
    <Trackpoint>
     <Time>2026-07-19T04:40:29+00:00</Time>
     <Position>
      <LatitudeDegrees>-33.9403700</LatitudeDegrees>
      <LongitudeDegrees>-71.7857700</LongitudeDegrees>
     </Position>
     <AltitudeMeters>26.97</AltitudeMeters>
     <DistanceMeters>117919.18776019364</DistanceMeters>
    </Trackpoint>
    <Trackpoint>
     <Time>2026-07-19T04:40:38+00:00</Time>
     <Position>
      <LatitudeDegrees>-33.9402600</LatitudeDegrees>
      <LongitudeDegrees>-71.7861200</LongitudeDegrees>
     </Position>
     <AltitudeMeters>26.64</AltitudeMeters>
     <DistanceMeters>117953.74554721965</DistanceMeters>
    </Trackpoint>
    <Trackpoint>
     <Time>2026-07-19T04:40:46+00:00</Time>
     <Position>
      <LatitudeDegrees>-33.9400650</LatitudeDegrees>
      <LongitudeDegrees>-71.7869200</LongitudeDegrees>
     </Position>
     <AltitudeMeters>25.48</AltitudeMeters>
     <DistanceMeters>118030.73445554158</DistanceMeters>
    </Trackpoint>
    <Trackpoint>
     <Time>2026-07-19T04:40:55+00:00</Time>
     <Position>
      <LatitudeDegrees>-33.9398700</LatitudeDegrees>
      <LongitudeDegrees>-71.7877200</LongitudeDegrees>
     </Position>
     <AltitudeMeters>25.040000000000003</AltitudeMeters>
     <DistanceMeters>118107.72336363177</DistanceMeters>
    </Trackpoint>
    <Trackpoint>
     <Time>2026-07-19T04:41:04+00:00</Time>
     <Position>
      <LatitudeDegrees>-33.9398100</LatitudeDegrees>
      <LongitudeDegrees>-71.7878000</LongitudeDegrees>
     </Position>
     <AltitudeMeters>25.040000000000003</AltitudeMeters>
     <DistanceMeters>118117.68104290926</DistanceMeters>
    </Trackpoint>
    <Trackpoint>
     <Time>2026-07-19T04:41:12+00:00</Time>
     <Position>
      <LatitudeDegrees>-33.9396400</LatitudeDegrees>
      <LongitudeDegrees>-71.7885550</LongitudeDegrees>
     </Position>
     <AltitudeMeters>24.44</AltitudeMeters>
     <DistanceMeters>118189.91499642876</DistanceMeters>
    </Trackpoint>
    <Trackpoint>
     <Time>2026-07-19T04:41:21+00:00</Time>
     <Position>
      <LatitudeDegrees>-33.9394700</LatitudeDegrees>
      <LongitudeDegrees>-71.7893100</LongitudeDegrees>
     </Position>
     <AltitudeMeters>24.080000000000002</AltitudeMeters>
     <DistanceMeters>118262.14894100411</DistanceMeters>
    </Trackpoint>
    <Trackpoint>
     <Time>2026-07-19T04:41:29+00:00</Time>
     <Position>
      <LatitudeDegrees>-33.9393200</LatitudeDegrees>
      <LongitudeDegrees>-71.7896200</LongitudeDegrees>
     </Position>
     <AltitudeMeters>23.900000000000002</AltitudeMeters>
     <DistanceMeters>118295.28517227105</DistanceMeters>
    </Trackpoint>
    <Trackpoint>
     <Time>2026-07-19T04:41:38+00:00</Time>
     <Position>
      <LatitudeDegrees>-33.9389700</LatitudeDegrees>
      <LongitudeDegrees>-71.7901300</LongitudeDegrees>
     </Position>
     <AltitudeMeters>24.19</AltitudeMeters>
     <DistanceMeters>118356.39892793044</DistanceMeters>
    </Trackpoint>
    <Trackpoint>
     <Time>2026-07-19T04:41:46+00:00</Time>
     <Position>
      <LatitudeDegrees>-33.9387100</LatitudeDegrees>
      <LongitudeDegrees>-71.7906500</LongitudeDegrees>
     </Position>
     <AltitudeMeters>25.330000000000002</AltitudeMeters>
     <DistanceMeters>118412.45863072283</DistanceMeters>
    </Trackpoint>
    <Trackpoint>
     <Time>2026-07-19T04:41:55+00:00</Time>
     <Position>
      <LatitudeDegrees>-33.9385100</LatitudeDegrees>
      <LongitudeDegrees>-71.7912000</LongitudeDegrees>
     </Position>
     <AltitudeMeters>26.55</AltitudeMeters>
     <DistanceMeters>118467.90685218733</DistanceMeters>
    </Trackpoint>
    <Trackpoint>
     <Time>2026-07-19T04:42:04+00:00</Time>
     <Position>
      <LatitudeDegrees>-33.9384000</LatitudeDegrees>
      <LongitudeDegrees>-71.7917300</LongitudeDegrees>
     </Position>
     <AltitudeMeters>27.700000000000003</AltitudeMeters>
     <DistanceMeters>118518.3525486963</DistanceMeters>
    </Trackpoint>
    <Trackpoint>
     <Time>2026-07-19T04:42:12+00:00</Time>
     <Position>
      <LatitudeDegrees>-33.9383800</LatitudeDegrees>
      <LongitudeDegrees>-71.7922200</LongitudeDegrees>
     </Position>
     <AltitudeMeters>28.41</AltitudeMeters>
     <DistanceMeters>118563.65150312036</DistanceMeters>
    </Trackpoint>
    <Trackpoint>
     <Time>2026-07-19T04:42:21+00:00</Time>
     <Position>
      <LatitudeDegrees>-33.9384000</LatitudeDegrees>
      <LongitudeDegrees>-71.7928000</LongitudeDegrees>
     </Position>
     <AltitudeMeters>28.860000000000003</AltitudeMeters>
     <DistanceMeters>118617.25213938364</DistanceMeters>
    </Trackpoint>
    <Trackpoint>
     <Time>2026-07-19T04:42:29+00:00</Time>
     <Position>
      <LatitudeDegrees>-33.9384600</LatitudeDegrees>
      <LongitudeDegrees>-71.7933400</LongitudeDegrees>
     </Position>
     <AltitudeMeters>28.700000000000003</AltitudeMeters>
     <DistanceMeters>118667.55828521644</DistanceMeters>
    </Trackpoint>
    <Trackpoint>
     <Time>2026-07-19T04:42:38+00:00</Time>
     <Position>
      <LatitudeDegrees>-33.9385300</LatitudeDegrees>
      <LongitudeDegrees>-71.7935600</LongitudeDegrees>
     </Position>
     <AltitudeMeters>28.220000000000002</AltitudeMeters>
     <DistanceMeters>118689.31470644046</DistanceMeters>
    </Trackpoint>
    <Trackpoint>
     <Time>2026-07-19T04:42:46+00:00</Time>
     <Position>
      <LatitudeDegrees>-33.9386200</LatitudeDegrees>
      <LongitudeDegrees>-71.7937400</LongitudeDegrees>
     </Position>
     <AltitudeMeters>27.44</AltitudeMeters>
     <DistanceMeters>118708.7200324825</DistanceMeters>
    </Trackpoint>
    <Trackpoint>
     <Time>2026-07-19T04:42:55+00:00</Time>
     <Position>
      <LatitudeDegrees>-33.9388500</LatitudeDegrees>
      <LongitudeDegrees>-71.7940600</LongitudeDegrees>
     </Position>
     <AltitudeMeters>25.34</AltitudeMeters>
     <DistanceMeters>118747.81339591103</DistanceMeters>
    </Trackpoint>
    <Trackpoint>
     <Time>2026-07-19T04:43:04+00:00</Time>
     <Position>
      <LatitudeDegrees>-33.9390700</LatitudeDegrees>
      <LongitudeDegrees>-71.7942000</LongitudeDegrees>
     </Position>
     <AltitudeMeters>23.990000000000002</AltitudeMeters>
     <DistanceMeters>118775.50131320277</DistanceMeters>
    </Trackpoint>
    <Trackpoint>
     <Time>2026-07-19T04:43:12+00:00</Time>
     <Position>
      <LatitudeDegrees>-33.9392300</LatitudeDegrees>
      <LongitudeDegrees>-71.7942800</LongitudeDegrees>
     </Position>
     <AltitudeMeters>23.700000000000003</AltitudeMeters>
     <DistanceMeters>118794.77990969669</DistanceMeters>
    </Trackpoint>
    <Trackpoint>
     <Time>2026-07-19T04:43:21+00:00</Time>
     <Position>
      <LatitudeDegrees>-33.9394100</LatitudeDegrees>
      <LongitudeDegrees>-71.7943200</LongitudeDegrees>
     </Position>
     <AltitudeMeters>23.21</AltitudeMeters>
     <DistanceMeters>118815.15074549291</DistanceMeters>
    </Trackpoint>
    <Trackpoint>
     <Time>2026-07-19T04:43:29+00:00</Time>
     <Position>
      <LatitudeDegrees>-33.9396500</LatitudeDegrees>
      <LongitudeDegrees>-71.7943200</LongitudeDegrees>
     </Position>
     <AltitudeMeters>22.910000000000004</AltitudeMeters>
     <DistanceMeters>118841.86170855848</DistanceMeters>
    </Trackpoint>
    <Trackpoint>
     <Time>2026-07-19T04:43:38+00:00</Time>
     <Position>
      <LatitudeDegrees>-33.9400500</LatitudeDegrees>
      <LongitudeDegrees>-71.7942000</LongitudeDegrees>
     </Position>
     <AltitudeMeters>22.51</AltitudeMeters>
     <DistanceMeters>118887.73810326749</DistanceMeters>
    </Trackpoint>
    <Trackpoint>
     <Time>2026-07-19T04:43:46+00:00</Time>
     <Position>
      <LatitudeDegrees>-33.9405900</LatitudeDegrees>
      <LongitudeDegrees>-71.7940150</LongitudeDegrees>
     </Position>
     <AltitudeMeters>22.770000000000003</AltitudeMeters>
     <DistanceMeters>118950.21810631103</DistanceMeters>
    </Trackpoint>
    <Trackpoint>
     <Time>2026-07-19T04:43:55+00:00</Time>
     <Position>
      <LatitudeDegrees>-33.9411300</LatitudeDegrees>
      <LongitudeDegrees>-71.7938300</LongitudeDegrees>
     </Position>
     <AltitudeMeters>23.950000000000003</AltitudeMeters>
     <DistanceMeters>119012.69809392712</DistanceMeters>
    </Trackpoint>
    <Trackpoint>
     <Time>2026-07-19T04:44:04+00:00</Time>
     <Position>
      <LatitudeDegrees>-33.9412600</LatitudeDegrees>
      <LongitudeDegrees>-71.7938000</LongitudeDegrees>
     </Position>
     <AltitudeMeters>24.400000000000002</AltitudeMeters>
     <DistanceMeters>119027.42929914036</DistanceMeters>
    </Trackpoint>
    <Trackpoint>
     <Time>2026-07-19T04:44:12+00:00</Time>
     <Position>
      <LatitudeDegrees>-33.9414900</LatitudeDegrees>
      <LongitudeDegrees>-71.7938300</LongitudeDegrees>
     </Position>
     <AltitudeMeters>24.560000000000002</AltitudeMeters>
     <DistanceMeters>119053.17673769343</DistanceMeters>
    </Trackpoint>
    <Trackpoint>
     <Time>2026-07-19T04:44:21+00:00</Time>
     <Position>
      <LatitudeDegrees>-33.9416900</LatitudeDegrees>
      <LongitudeDegrees>-71.7939300</LongitudeDegrees>
     </Position>
     <AltitudeMeters>24.880000000000003</AltitudeMeters>
     <DistanceMeters>119077.2748819177</DistanceMeters>
    </Trackpoint>
    <Trackpoint>
     <Time>2026-07-19T04:44:29+00:00</Time>
     <Position>
      <LatitudeDegrees>-33.9423950</LatitudeDegrees>
      <LongitudeDegrees>-71.7945750</LongitudeDegrees>
     </Position>
     <AltitudeMeters>25.07</AltitudeMeters>
     <DistanceMeters>119175.77928250728</DistanceMeters>
    </Trackpoint>
    <Trackpoint>
     <Time>2026-07-19T04:44:38+00:00</Time>
     <Position>
      <LatitudeDegrees>-33.9431000</LatitudeDegrees>
      <LongitudeDegrees>-71.7952200</LongitudeDegrees>
     </Position>
     <AltitudeMeters>23.810000000000002</AltitudeMeters>
     <DistanceMeters>119274.28370334272</DistanceMeters>
    </Trackpoint>
    <Trackpoint>
     <Time>2026-07-19T04:44:46+00:00</Time>
     <Position>
      <LatitudeDegrees>-33.9436900</LatitudeDegrees>
      <LongitudeDegrees>-71.7957750</LongitudeDegrees>
     </Position>
     <AltitudeMeters>23.680000000000003</AltitudeMeters>
     <DistanceMeters>119357.57624390506</DistanceMeters>
    </Trackpoint>
    <Trackpoint>
     <Time>2026-07-19T04:44:55+00:00</Time>
     <Position>
      <LatitudeDegrees>-33.9442800</LatitudeDegrees>
      <LongitudeDegrees>-71.7963300</LongitudeDegrees>
     </Position>
     <AltitudeMeters>24.270000000000003</AltitudeMeters>
     <DistanceMeters>119440.8687874109</DistanceMeters>
    </Trackpoint>
    <Trackpoint>
     <Time>2026-07-19T04:45:04+00:00</Time>
     <Position>
      <LatitudeDegrees>-33.9447350</LatitudeDegrees>
      <LongitudeDegrees>-71.7967200</LongitudeDegrees>
     </Position>
     <AltitudeMeters>24.560000000000002</AltitudeMeters>
     <DistanceMeters>119503.00524639926</DistanceMeters>
    </Trackpoint>
    <Trackpoint>
     <Time>2026-07-19T04:45:12+00:00</Time>
     <Position>
      <LatitudeDegrees>-33.9451900</LatitudeDegrees>
      <LongitudeDegrees>-71.7971100</LongitudeDegrees>
     </Position>
     <AltitudeMeters>25.080000000000002</AltitudeMeters>
     <DistanceMeters>119565.14172538619</DistanceMeters>
    </Trackpoint>
    <Trackpoint>
     <Time>2026-07-19T04:45:21+00:00</Time>
     <Position>
      <LatitudeDegrees>-33.9458667</LatitudeDegrees>
      <LongitudeDegrees>-71.7976133</LongitudeDegrees>
     </Position>
     <AltitudeMeters>26.38</AltitudeMeters>
     <DistanceMeters>119653.63562753166</DistanceMeters>
    </Trackpoint>
    <Trackpoint>
     <Time>2026-07-19T04:45:29+00:00</Time>
     <Position>
      <LatitudeDegrees>-33.9465433</LatitudeDegrees>
      <LongitudeDegrees>-71.7981167</LongitudeDegrees>
     </Position>
     <AltitudeMeters>27.610000000000003</AltitudeMeters>
     <DistanceMeters>119742.12952967678</DistanceMeters>
    </Trackpoint>
    <Trackpoint>
     <Time>2026-07-19T04:45:38+00:00</Time>
     <Position>
      <LatitudeDegrees>-33.9472200</LatitudeDegrees>
      <LongitudeDegrees>-71.7986200</LongitudeDegrees>
     </Position>
     <AltitudeMeters>28.71</AltitudeMeters>
     <DistanceMeters>119830.62343519148</DistanceMeters>
    </Trackpoint>
    <Trackpoint>
     <Time>2026-07-19T04:45:46+00:00</Time>
     <Position>
      <LatitudeDegrees>-33.9476100</LatitudeDegrees>
      <LongitudeDegrees>-71.7989600</LongitudeDegrees>
     </Position>
     <AltitudeMeters>30.35</AltitudeMeters>
     <DistanceMeters>119884.1900967046</DistanceMeters>
    </Trackpoint>
    <Trackpoint>
     <Time>2026-07-19T04:45:55+00:00</Time>
     <Position>
      <LatitudeDegrees>-33.9480000</LatitudeDegrees>
      <LongitudeDegrees>-71.7993000</LongitudeDegrees>
     </Position>
     <AltitudeMeters>30.990000000000002</AltitudeMeters>
     <DistanceMeters>119937.75678111678</DistanceMeters>
    </Trackpoint>
    <Trackpoint>
     <Time>2026-07-19T04:46:04+00:00</Time>
     <Position>
      <LatitudeDegrees>-33.9483800</LatitudeDegrees>
      <LongitudeDegrees>-71.7997400</LongitudeDegrees>
     </Position>
     <AltitudeMeters>31.540000000000006</AltitudeMeters>
     <DistanceMeters>119996.39853430339</DistanceMeters>
    </Trackpoint>
    <Trackpoint>
     <Time>2026-07-19T04:46:12+00:00</Time>
     <Position>
      <LatitudeDegrees>-33.9486700</LatitudeDegrees>
      <LongitudeDegrees>-71.8001900</LongitudeDegrees>
     </Position>
     <AltitudeMeters>31.64</AltitudeMeters>
     <DistanceMeters>120049.00826645888</DistanceMeters>
    </Trackpoint>
    <Trackpoint>
     <Time>2026-07-19T04:46:21+00:00</Time>
     <Position>
      <LatitudeDegrees>-33.9490500</LatitudeDegrees>
      <LongitudeDegrees>-71.8009100</LongitudeDegrees>
     </Position>
     <AltitudeMeters>31.580000000000002</AltitudeMeters>
     <DistanceMeters>120127.79482975908</DistanceMeters>
    </Trackpoint>
    <Trackpoint>
     <Time>2026-07-19T04:46:29+00:00</Time>
     <Position>
      <LatitudeDegrees>-33.9494100</LatitudeDegrees>
      <LongitudeDegrees>-71.8014100</LongitudeDegrees>
     </Position>
     <AltitudeMeters>31.64</AltitudeMeters>
     <DistanceMeters>120188.91948140076</DistanceMeters>
    </Trackpoint>
    <Trackpoint>
     <Time>2026-07-19T04:46:38+00:00</Time>
     <Position>
      <LatitudeDegrees>-33.9500050</LatitudeDegrees>
      <LongitudeDegrees>-71.8020350</LongitudeDegrees>
     </Position>
     <AltitudeMeters>32.34</AltitudeMeters>
     <DistanceMeters>120276.75277481781</DistanceMeters>
    </Trackpoint>
    <Trackpoint>
     <Time>2026-07-19T04:46:46+00:00</Time>
     <Position>
      <LatitudeDegrees>-33.9506000</LatitudeDegrees>
      <LongitudeDegrees>-71.8026600</LongitudeDegrees>
     </Position>
     <AltitudeMeters>34.480000000000004</AltitudeMeters>
     <DistanceMeters>120364.58606169418</DistanceMeters>
    </Trackpoint>
    <Trackpoint>
     <Time>2026-07-19T04:46:55+00:00</Time>
     <Position>
      <LatitudeDegrees>-33.9507800</LatitudeDegrees>
      <LongitudeDegrees>-71.8029600</LongitudeDegrees>
     </Position>
     <AltitudeMeters>34.74</AltitudeMeters>
     <DistanceMeters>120398.7683491474</DistanceMeters>
    </Trackpoint>
    <Trackpoint>
     <Time>2026-07-19T04:47:04+00:00</Time>
     <Position>
      <LatitudeDegrees>-33.9510400</LatitudeDegrees>
      <LongitudeDegrees>-71.8037550</LongitudeDegrees>
     </Position>
     <AltitudeMeters>35.68</AltitudeMeters>
     <DistanceMeters>120477.66228410955</DistanceMeters>
    </Trackpoint>
    <Trackpoint>
     <Time>2026-07-19T04:47:12+00:00</Time>
     <Position>
      <LatitudeDegrees>-33.9513000</LatitudeDegrees>
      <LongitudeDegrees>-71.8045500</LongitudeDegrees>
     </Position>
     <AltitudeMeters>36.13</AltitudeMeters>
     <DistanceMeters>120556.55617760232</DistanceMeters>
    </Trackpoint>
    <Trackpoint>
     <Time>2026-07-19T04:47:21+00:00</Time>
     <Position>
      <LatitudeDegrees>-33.9515800</LatitudeDegrees>
      <LongitudeDegrees>-71.8053500</LongitudeDegrees>
     </Position>
     <AltitudeMeters>36.63</AltitudeMeters>
     <DistanceMeters>120636.71818858263</DistanceMeters>
    </Trackpoint>
    <Trackpoint>
     <Time>2026-07-19T04:47:29+00:00</Time>
     <Position>
      <LatitudeDegrees>-33.9517400</LatitudeDegrees>
      <LongitudeDegrees>-71.8057400</LongitudeDegrees>
     </Position>
     <AltitudeMeters>36.85</AltitudeMeters>
     <DistanceMeters>120676.8861811699</DistanceMeters>
    </Trackpoint>
    <Trackpoint>
     <Time>2026-07-19T04:47:38+00:00</Time>
     <Position>
      <LatitudeDegrees>-33.9518700</LatitudeDegrees>
      <LongitudeDegrees>-71.8059200</LongitudeDegrees>
     </Position>
     <AltitudeMeters>37.01</AltitudeMeters>
     <DistanceMeters>120698.91988335572</DistanceMeters>
    </Trackpoint>
    <Trackpoint>
     <Time>2026-07-19T04:47:46+00:00</Time>
     <Position>
      <LatitudeDegrees>-33.9520500</LatitudeDegrees>
      <LongitudeDegrees>-71.8060200</LongitudeDegrees>
     </Position>
     <AltitudeMeters>37.34</AltitudeMeters>
     <DistanceMeters>120720.97800316538</DistanceMeters>
    </Trackpoint>
    <Trackpoint>
     <Time>2026-07-19T04:47:55+00:00</Time>
     <Position>
      <LatitudeDegrees>-33.9522300</LatitudeDegrees>
      <LongitudeDegrees>-71.8061000</LongitudeDegrees>
     </Position>
     <AltitudeMeters>37.89</AltitudeMeters>
     <DistanceMeters>120742.32928845193</DistanceMeters>
    </Trackpoint>
    <Trackpoint>
     <Time>2026-07-19T04:48:04+00:00</Time>
     <Position>
      <LatitudeDegrees>-33.9527200</LatitudeDegrees>
      <LongitudeDegrees>-71.8061100</LongitudeDegrees>
     </Position>
     <AltitudeMeters>40.0</AltitudeMeters>
     <DistanceMeters>120796.87198504795</DistanceMeters>
    </Trackpoint>
    <Trackpoint>
     <Time>2026-07-19T04:48:12+00:00</Time>
     <Position>
      <LatitudeDegrees>-33.9535100</LatitudeDegrees>
      <LongitudeDegrees>-71.8060200</LongitudeDegrees>
     </Position>
     <AltitudeMeters>45.56</AltitudeMeters>
     <DistanceMeters>120885.18728419853</DistanceMeters>
    </Trackpoint>
    <Trackpoint>
     <Time>2026-07-19T04:48:21+00:00</Time>
     <Position>
      <LatitudeDegrees>-33.9538400</LatitudeDegrees>
      <LongitudeDegrees>-71.8060100</LongitudeDegrees>
     </Position>
     <AltitudeMeters>47.940000000000005</AltitudeMeters>
     <DistanceMeters>120921.92645920184</DistanceMeters>
    </Trackpoint>
    <Trackpoint>
     <Time>2026-07-19T04:48:29+00:00</Time>
     <Position>
      <LatitudeDegrees>-33.9543100</LatitudeDegrees>
      <LongitudeDegrees>-71.8061000</LongitudeDegrees>
     </Position>
     <AltitudeMeters>52.61</AltitudeMeters>
     <DistanceMeters>120974.89118020596</DistanceMeters>
    </Trackpoint>
    <Trackpoint>
     <Time>2026-07-19T04:48:38+00:00</Time>
     <Position>
      <LatitudeDegrees>-33.9546000</LatitudeDegrees>
      <LongitudeDegrees>-71.8062000</LongitudeDegrees>
     </Position>
     <AltitudeMeters>54.32000000000001</AltitudeMeters>
     <DistanceMeters>121008.46124876174</DistanceMeters>
    </Trackpoint>
    <Trackpoint>
     <Time>2026-07-19T04:48:46+00:00</Time>
     <Position>
      <LatitudeDegrees>-33.9552500</LatitudeDegrees>
      <LongitudeDegrees>-71.8065400</LongitudeDegrees>
     </Position>
     <AltitudeMeters>58.18</AltitudeMeters>
     <DistanceMeters>121087.31928823971</DistanceMeters>
    </Trackpoint>
    <Trackpoint>
     <Time>2026-07-19T04:48:55+00:00</Time>
     <Position>
      <LatitudeDegrees>-33.9554600</LatitudeDegrees>
      <LongitudeDegrees>-71.8066800</LongitudeDegrees>
     </Position>
     <AltitudeMeters>60.65</AltitudeMeters>
     <DistanceMeters>121114.02684275985</DistanceMeters>
    </Trackpoint>
    <Trackpoint>
     <Time>2026-07-19T04:49:04+00:00</Time>
     <Position>
      <LatitudeDegrees>-33.9555700</LatitudeDegrees>
      <LongitudeDegrees>-71.8069000</LongitudeDegrees>
     </Position>
     <AltitudeMeters>60.65</AltitudeMeters>
     <DistanceMeters>121137.74100118347</DistanceMeters>
    </Trackpoint>
    <Trackpoint>
     <Time>2026-07-19T04:49:12+00:00</Time>
     <Position>
      <LatitudeDegrees>-33.9557200</LatitudeDegrees>
      <LongitudeDegrees>-71.8073500</LongitudeDegrees>
     </Position>
     <AltitudeMeters>64.58</AltitudeMeters>
     <DistanceMeters>121182.51233852723</DistanceMeters>
    </Trackpoint>
    <Trackpoint>
     <Time>2026-07-19T04:49:21+00:00</Time>
     <Position>
      <LatitudeDegrees>-33.9558400</LatitudeDegrees>
      <LongitudeDegrees>-71.8075700</LongitudeDegrees>
     </Position>
     <AltitudeMeters>67.0</AltitudeMeters>
     <DistanceMeters>121206.81970809867</DistanceMeters>
    </Trackpoint>
    <Trackpoint>
     <Time>2026-07-19T04:49:29+00:00</Time>
     <Position>
      <LatitudeDegrees>-33.9559700</LatitudeDegrees>
      <LongitudeDegrees>-71.8077500</LongitudeDegrees>
     </Position>
     <AltitudeMeters>67.75</AltitudeMeters>
     <DistanceMeters>121228.85280642779</DistanceMeters>
    </Trackpoint>
    <Trackpoint>
     <Time>2026-07-19T04:49:38+00:00</Time>
     <Position>
      <LatitudeDegrees>-33.9563500</LatitudeDegrees>
      <LongitudeDegrees>-71.8081400</LongitudeDegrees>
     </Position>
     <AltitudeMeters>74.35</AltitudeMeters>
     <DistanceMeters>121284.39439249091</DistanceMeters>
    </Trackpoint>
    <Trackpoint>
     <Time>2026-07-19T04:49:46+00:00</Time>
     <Position>
      <LatitudeDegrees>-33.9567300</LatitudeDegrees>
      <LongitudeDegrees>-71.8085300</LongitudeDegrees>
     </Position>
     <AltitudeMeters>76.50000000000001</AltitudeMeters>
     <DistanceMeters>121339.93598337506</DistanceMeters>
    </Trackpoint>
    <Trackpoint>
     <Time>2026-07-19T04:49:55+00:00</Time>
     <Position>
      <LatitudeDegrees>-33.9571500</LatitudeDegrees>
      <LongitudeDegrees>-71.8090650</LongitudeDegrees>
     </Position>
     <AltitudeMeters>82.95</AltitudeMeters>
     <DistanceMeters>121407.93774582676</DistanceMeters>
    </Trackpoint>
    <Trackpoint>
     <Time>2026-07-19T04:50:04+00:00</Time>
     <Position>
      <LatitudeDegrees>-33.9575700</LatitudeDegrees>
      <LongitudeDegrees>-71.8096000</LongitudeDegrees>
     </Position>
     <AltitudeMeters>87.28000000000002</AltitudeMeters>
     <DistanceMeters>121475.93944921641</DistanceMeters>
    </Trackpoint>
    <Trackpoint>
     <Time>2026-07-19T04:50:12+00:00</Time>
     <Position>
      <LatitudeDegrees>-33.9580250</LatitudeDegrees>
      <LongitudeDegrees>-71.8102200</LongitudeDegrees>
     </Position>
     <AltitudeMeters>88.03000000000002</AltitudeMeters>
     <DistanceMeters>121552.36039964222</DistanceMeters>
    </Trackpoint>
    <Trackpoint>
     <Time>2026-07-19T04:50:21+00:00</Time>
     <Position>
      <LatitudeDegrees>-33.9584800</LatitudeDegrees>
      <LongitudeDegrees>-71.8108400</LongitudeDegrees>
     </Position>
     <AltitudeMeters>89.03000000000002</AltitudeMeters>
     <DistanceMeters>121628.78135092251</DistanceMeters>
    </Trackpoint>
    <Trackpoint>
     <Time>2026-07-19T04:50:29+00:00</Time>
     <Position>
      <LatitudeDegrees>-33.9585400</LatitudeDegrees>
      <LongitudeDegrees>-71.8110200</LongitudeDegrees>
     </Position>
     <AltitudeMeters>89.2</AltitudeMeters>
     <DistanceMeters>121646.68936667482</DistanceMeters>
    </Trackpoint>
    <Trackpoint>
     <Time>2026-07-19T04:50:38+00:00</Time>
     <Position>
      <LatitudeDegrees>-33.9585400</LatitudeDegrees>
      <LongitudeDegrees>-71.8112500</LongitudeDegrees>
     </Position>
     <AltitudeMeters>88.99000000000001</AltitudeMeters>
     <DistanceMeters>121667.921428065</DistanceMeters>
    </Trackpoint>
    <Trackpoint>
     <Time>2026-07-19T04:50:46+00:00</Time>
     <Position>
      <LatitudeDegrees>-33.9582800</LatitudeDegrees>
      <LongitudeDegrees>-71.8122300</LongitudeDegrees>
     </Position>
     <AltitudeMeters>84.30000000000001</AltitudeMeters>
     <DistanceMeters>121762.90381551298</DistanceMeters>
    </Trackpoint>
    <Trackpoint>
     <Time>2026-07-19T04:50:55+00:00</Time>
     <Position>
      <LatitudeDegrees>-33.9582100</LatitudeDegrees>
      <LongitudeDegrees>-71.8125400</LongitudeDegrees>
     </Position>
     <AltitudeMeters>81.46000000000001</AltitudeMeters>
     <DistanceMeters>121792.56255049878</DistanceMeters>
    </Trackpoint>
    <Trackpoint>
     <Time>2026-07-19T04:51:04+00:00</Time>
     <Position>
      <LatitudeDegrees>-33.9582300</LatitudeDegrees>
      <LongitudeDegrees>-71.8128500</LongitudeDegrees>
     </Position>
     <AltitudeMeters>77.2</AltitudeMeters>
     <DistanceMeters>121821.26622212786</DistanceMeters>
    </Trackpoint>
    <Trackpoint>
     <Time>2026-07-19T04:51:12+00:00</Time>
     <Position>
      <LatitudeDegrees>-33.9583700</LatitudeDegrees>
      <LongitudeDegrees>-71.8137000</LongitudeDegrees>
     </Position>
     <AltitudeMeters>66.96000000000001</AltitudeMeters>
     <DistanceMeters>121901.26482847531</DistanceMeters>
    </Trackpoint>
    <Trackpoint>
     <Time>2026-07-19T04:51:21+00:00</Time>
     <Position>
      <LatitudeDegrees>-33.9585000</LatitudeDegrees>
      <LongitudeDegrees>-71.8140200</LongitudeDegrees>
     </Position>
     <AltitudeMeters>65.38000000000001</AltitudeMeters>
     <DistanceMeters>121934.15806155608</DistanceMeters>
    </Trackpoint>
    <Trackpoint>
     <Time>2026-07-19T04:51:29+00:00</Time>
     <Position>
      <LatitudeDegrees>-33.9588867</LatitudeDegrees>
      <LongitudeDegrees>-71.8147367</LongitudeDegrees>
     </Position>
     <AltitudeMeters>58.02</AltitudeMeters>
     <DistanceMeters>122013.08056773814</DistanceMeters>
    </Trackpoint>
    <Trackpoint>
     <Time>2026-07-19T04:51:38+00:00</Time>
     <Position>
      <LatitudeDegrees>-33.9592733</LatitudeDegrees>
      <LongitudeDegrees>-71.8154533</LongitudeDegrees>
     </Position>
     <AltitudeMeters>52.84</AltitudeMeters>
     <DistanceMeters>122092.00307392002</DistanceMeters>
    </Trackpoint>
    <Trackpoint>
     <Time>2026-07-19T04:51:46+00:00</Time>
     <Position>
      <LatitudeDegrees>-33.9596600</LatitudeDegrees>
      <LongitudeDegrees>-71.8161700</LongitudeDegrees>
     </Position>
     <AltitudeMeters>45.22</AltitudeMeters>
     <DistanceMeters>122170.92558101578</DistanceMeters>
    </Trackpoint>
    <Trackpoint>
     <Time>2026-07-19T04:51:55+00:00</Time>
     <Position>
      <LatitudeDegrees>-33.9598700</LatitudeDegrees>
      <LongitudeDegrees>-71.8165800</LongitudeDegrees>
     </Position>
     <AltitudeMeters>40.46</AltitudeMeters>
     <DistanceMeters>122215.40837747278</DistanceMeters>
    </Trackpoint>
    <Trackpoint>
     <Time>2026-07-19T04:52:04+00:00</Time>
     <Position>
      <LatitudeDegrees>-33.9599300</LatitudeDegrees>
      <LongitudeDegrees>-71.8168000</LongitudeDegrees>
     </Position>
     <AltitudeMeters>38.220000000000006</AltitudeMeters>
     <DistanceMeters>122236.78667495493</DistanceMeters>
    </Trackpoint>
    <Trackpoint>
     <Time>2026-07-19T04:52:12+00:00</Time>
     <Position>
      <LatitudeDegrees>-33.9599700</LatitudeDegrees>
      <LongitudeDegrees>-71.8169900</LongitudeDegrees>
     </Position>
     <AltitudeMeters>34.1</AltitudeMeters>
     <DistanceMeters>122254.88207892372</DistanceMeters>
    </Trackpoint>
    <Trackpoint>
     <Time>2026-07-19T04:52:21+00:00</Time>
     <Position>
      <LatitudeDegrees>-33.9599450</LatitudeDegrees>
      <LongitudeDegrees>-71.8178925</LongitudeDegrees>
     </Position>
     <AltitudeMeters>28.48</AltitudeMeters>
     <DistanceMeters>122338.23993976477</DistanceMeters>
    </Trackpoint>
    <Trackpoint>
     <Time>2026-07-19T04:52:29+00:00</Time>
     <Position>
      <LatitudeDegrees>-33.9599200</LatitudeDegrees>
      <LongitudeDegrees>-71.8187950</LongitudeDegrees>
     </Position>
     <AltitudeMeters>28.610000000000003</AltitudeMeters>
     <DistanceMeters>122421.59780060558</DistanceMeters>
    </Trackpoint>
    <Trackpoint>
     <Time>2026-07-19T04:52:38+00:00</Time>
     <Position>
      <LatitudeDegrees>-33.9598950</LatitudeDegrees>
      <LongitudeDegrees>-71.8196975</LongitudeDegrees>
     </Position>
     <AltitudeMeters>31.900000000000006</AltitudeMeters>
     <DistanceMeters>122504.95566144839</DistanceMeters>
    </Trackpoint>
    <Trackpoint>
     <Time>2026-07-19T04:52:46+00:00</Time>
     <Position>
      <LatitudeDegrees>-33.9598700</LatitudeDegrees>
      <LongitudeDegrees>-71.8206000</LongitudeDegrees>
     </Position>
     <AltitudeMeters>35.10000000000001</AltitudeMeters>
     <DistanceMeters>122588.31352182437</DistanceMeters>
    </Trackpoint>
    <Trackpoint>
     <Time>2026-07-19T04:52:55+00:00</Time>
     <Position>
      <LatitudeDegrees>-33.9597750</LatitudeDegrees>
      <LongitudeDegrees>-71.8212450</LongitudeDegrees>
     </Position>
     <AltitudeMeters>34.65</AltitudeMeters>
     <DistanceMeters>122648.78621143599</DistanceMeters>
    </Trackpoint>
    <Trackpoint>
     <Time>2026-07-19T04:53:04+00:00</Time>
     <Position>
      <LatitudeDegrees>-33.9596800</LatitudeDegrees>
      <LongitudeDegrees>-71.8218900</LongitudeDegrees>
     </Position>
     <AltitudeMeters>34.4</AltitudeMeters>
     <DistanceMeters>122709.25891784018</DistanceMeters>
    </Trackpoint>
    <Trackpoint>
     <Time>2026-07-19T04:53:12+00:00</Time>
     <Position>
      <LatitudeDegrees>-33.9596050</LatitudeDegrees>
      <LongitudeDegrees>-71.8225700</LongitudeDegrees>
     </Position>
     <AltitudeMeters>33.75</AltitudeMeters>
     <DistanceMeters>122772.58372923618</DistanceMeters>
    </Trackpoint>
    <Trackpoint>
     <Time>2026-07-19T04:53:21+00:00</Time>
     <Position>
      <LatitudeDegrees>-33.9595300</LatitudeDegrees>
      <LongitudeDegrees>-71.8232500</LongitudeDegrees>
     </Position>
     <AltitudeMeters>33.410000000000004</AltitudeMeters>
     <DistanceMeters>122835.9085547479</DistanceMeters>
    </Trackpoint>
    <Trackpoint>
     <Time>2026-07-19T04:53:29+00:00</Time>
     <Position>
      <LatitudeDegrees>-33.9595200</LatitudeDegrees>
      <LongitudeDegrees>-71.8240100</LongitudeDegrees>
     </Position>
     <AltitudeMeters>32.59</AltitudeMeters>
     <DistanceMeters>122906.0746727759</DistanceMeters>
    </Trackpoint>
    <Trackpoint>
     <Time>2026-07-19T04:53:38+00:00</Time>
     <Position>
      <LatitudeDegrees>-33.9595100</LatitudeDegrees>
      <LongitudeDegrees>-71.8247700</LongitudeDegrees>
     </Position>
     <AltitudeMeters>31.560000000000006</AltitudeMeters>
     <DistanceMeters>122976.24082476455</DistanceMeters>
    </Trackpoint>
    <Trackpoint>
     <Time>2026-07-19T04:53:46+00:00</Time>
     <Position>
      <LatitudeDegrees>-33.9594900</LatitudeDegrees>
      <LongitudeDegrees>-71.8250000</LongitudeDegrees>
     </Position>
     <AltitudeMeters>31.400000000000002</AltitudeMeters>
     <DistanceMeters>122997.5890084945</DistanceMeters>
    </Trackpoint>
    <Trackpoint>
     <Time>2026-07-19T04:53:55+00:00</Time>
     <Position>
      <LatitudeDegrees>-33.9594000</LatitudeDegrees>
      <LongitudeDegrees>-71.8251700</LongitudeDegrees>
     </Position>
     <AltitudeMeters>31.400000000000002</AltitudeMeters>
     <DistanceMeters>123016.20635942361</DistanceMeters>
    </Trackpoint>
    <Trackpoint>
     <Time>2026-07-19T04:54:04+00:00</Time>
     <Position>
      <LatitudeDegrees>-33.9592600</LatitudeDegrees>
      <LongitudeDegrees>-71.8253900</LongitudeDegrees>
     </Position>
     <AltitudeMeters>30.570000000000004</AltitudeMeters>
     <DistanceMeters>123041.80371831615</DistanceMeters>
    </Trackpoint>
    <Trackpoint>
     <Time>2026-07-19T04:54:12+00:00</Time>
     <Position>
      <LatitudeDegrees>-33.9586800</LatitudeDegrees>
      <LongitudeDegrees>-71.8257200</LongitudeDegrees>
     </Position>
     <AltitudeMeters>30.070000000000004</AltitudeMeters>
     <DistanceMeters>123113.18231654256</DistanceMeters>
    </Trackpoint>
    <Trackpoint>
     <Time>2026-07-19T04:54:21+00:00</Time>
     <Position>
      <LatitudeDegrees>-33.9585700</LatitudeDegrees>
      <LongitudeDegrees>-71.8258100</LongitudeDegrees>
     </Position>
     <AltitudeMeters>29.460000000000004</AltitudeMeters>
     <DistanceMeters>123127.97776945806</DistanceMeters>
    </Trackpoint>
    <Trackpoint>
     <Time>2026-07-19T04:54:29+00:00</Time>
     <Position>
      <LatitudeDegrees>-33.9584800</LatitudeDegrees>
      <LongitudeDegrees>-71.8259300</LongitudeDegrees>
     </Position>
     <AltitudeMeters>29.460000000000004</AltitudeMeters>
     <DistanceMeters>123142.91248415073</DistanceMeters>
    </Trackpoint>
    <Trackpoint>
     <Time>2026-07-19T04:54:38+00:00</Time>
     <Position>
      <LatitudeDegrees>-33.9583900</LatitudeDegrees>
      <LongitudeDegrees>-71.8260900</LongitudeDegrees>
     </Position>
     <AltitudeMeters>29.240000000000002</AltitudeMeters>
     <DistanceMeters>123160.75876577136</DistanceMeters>
    </Trackpoint>
    <Trackpoint>
     <Time>2026-07-19T04:54:46+00:00</Time>
     <Position>
      <LatitudeDegrees>-33.9580700</LatitudeDegrees>
      <LongitudeDegrees>-71.8271000</LongitudeDegrees>
     </Position>
     <AltitudeMeters>28.16</AltitudeMeters>
     <DistanceMeters>123260.56607371983</DistanceMeters>
    </Trackpoint>
    <Trackpoint>
     <Time>2026-07-19T04:54:55+00:00</Time>
     <Position>
      <LatitudeDegrees>-33.9580100</LatitudeDegrees>
      <LongitudeDegrees>-71.8273700</LongitudeDegrees>
     </Position>
     <AltitudeMeters>28.25</AltitudeMeters>
     <DistanceMeters>123286.36985057734</DistanceMeters>
    </Trackpoint>
    <Trackpoint>
     <Time>2026-07-19T04:55:04+00:00</Time>
     <Position>
      <LatitudeDegrees>-33.9577400</LatitudeDegrees>
      <LongitudeDegrees>-71.8277800</LongitudeDegrees>
     </Position>
     <AltitudeMeters>28.16</AltitudeMeters>
     <DistanceMeters>123334.69707480323</DistanceMeters>
    </Trackpoint>
    <Trackpoint>
     <Time>2026-07-19T04:55:12+00:00</Time>
     <Position>
      <LatitudeDegrees>-33.9575600</LatitudeDegrees>
      <LongitudeDegrees>-71.8279500</LongitudeDegrees>
     </Position>
     <AltitudeMeters>28.16</AltitudeMeters>
     <DistanceMeters>123360.1453290576</DistanceMeters>
    </Trackpoint>
    <Trackpoint>
     <Time>2026-07-19T04:55:21+00:00</Time>
     <Position>
      <LatitudeDegrees>-33.9567933</LatitudeDegrees>
      <LongitudeDegrees>-71.8284767</LongitudeDegrees>
     </Position>
     <AltitudeMeters>28.630000000000003</AltitudeMeters>
     <DistanceMeters>123458.35177030998</DistanceMeters>
    </Trackpoint>
    <Trackpoint>
     <Time>2026-07-19T04:55:29+00:00</Time>
     <Position>
      <LatitudeDegrees>-33.9560267</LatitudeDegrees>
      <LongitudeDegrees>-71.8290033</LongitudeDegrees>
     </Position>
     <AltitudeMeters>28.93</AltitudeMeters>
     <DistanceMeters>123556.55821156199</DistanceMeters>
    </Trackpoint>
    <Trackpoint>
     <Time>2026-07-19T04:55:38+00:00</Time>
     <Position>
      <LatitudeDegrees>-33.9552600</LatitudeDegrees>
      <LongitudeDegrees>-71.8295300</LongitudeDegrees>
     </Position>
     <AltitudeMeters>29.620000000000005</AltitudeMeters>
     <DistanceMeters>123654.76465565125</DistanceMeters>
    </Trackpoint>
    <Trackpoint>
     <Time>2026-07-19T04:55:46+00:00</Time>
     <Position>
      <LatitudeDegrees>-33.9553200</LatitudeDegrees>
      <LongitudeDegrees>-71.8296600</LongitudeDegrees>
     </Position>
     <AltitudeMeters>29.630000000000003</AltitudeMeters>
     <DistanceMeters>123668.49858274979</DistanceMeters>
    </Trackpoint>
    <Trackpoint>
     <Time>2026-07-19T04:55:55+00:00</Time>
     <Position>
      <LatitudeDegrees>-33.9556850</LatitudeDegrees>
      <LongitudeDegrees>-71.8302800</LongitudeDegrees>
     </Position>
     <AltitudeMeters>30.150000000000002</AltitudeMeters>
     <DistanceMeters>123738.68547969297</DistanceMeters>
    </Trackpoint>
    <Trackpoint>
     <Time>2026-07-19T04:56:04+00:00</Time>
     <Position>
      <LatitudeDegrees>-33.9560500</LatitudeDegrees>
      <LongitudeDegrees>-71.8309000</LongitudeDegrees>
     </Position>
     <AltitudeMeters>31.59</AltitudeMeters>
     <DistanceMeters>123808.8723890683</DistanceMeters>
    </Trackpoint>
    <Trackpoint>
     <Time>2026-07-19T04:56:12+00:00</Time>
     <Position>
      <LatitudeDegrees>-33.9553900</LatitudeDegrees>
      <LongitudeDegrees>-71.8314100</LongitudeDegrees>
     </Position>
     <AltitudeMeters>30.87</AltitudeMeters>
     <DistanceMeters>123896.12115211145</DistanceMeters>
    </Trackpoint>
    <Trackpoint>
     <Time>2026-07-19T04:56:21+00:00</Time>
     <Position>
      <LatitudeDegrees>-33.9547300</LatitudeDegrees>
      <LongitudeDegrees>-71.8319200</LongitudeDegrees>
     </Position>
     <AltitudeMeters>30.070000000000004</AltitudeMeters>
     <DistanceMeters>123983.36991515523</DistanceMeters>
    </Trackpoint>
    <Trackpoint>
     <Time>2026-07-19T04:56:29+00:00</Time>
     <Position>
      <LatitudeDegrees>-33.9540700</LatitudeDegrees>
      <LongitudeDegrees>-71.8324300</LongitudeDegrees>
     </Position>
     <AltitudeMeters>29.330000000000002</AltitudeMeters>
     <DistanceMeters>124070.61867764554</DistanceMeters>
    </Trackpoint>
    <Trackpoint>
     <Time>2026-07-19T04:56:38+00:00</Time>
     <Position>
      <LatitudeDegrees>-33.9534000</LatitudeDegrees>
      <LongitudeDegrees>-71.8329250</LongitudeDegrees>
     </Position>
     <AltitudeMeters>28.630000000000003</AltitudeMeters>
     <DistanceMeters>124158.07569044984</DistanceMeters>
    </Trackpoint>
    <Trackpoint>
     <Time>2026-07-19T04:56:46+00:00</Time>
     <Position>
      <LatitudeDegrees>-33.9527300</LatitudeDegrees>
      <LongitudeDegrees>-71.8334200</LongitudeDegrees>
     </Position>
     <AltitudeMeters>28.46</AltitudeMeters>
     <DistanceMeters>124245.53270325225</DistanceMeters>
    </Trackpoint>
    <Trackpoint>
     <Time>2026-07-19T04:56:55+00:00</Time>
     <Position>
      <LatitudeDegrees>-33.9520600</LatitudeDegrees>
      <LongitudeDegrees>-71.8339150</LongitudeDegrees>
     </Position>
     <AltitudeMeters>24.5</AltitudeMeters>
     <DistanceMeters>124332.98971605717</DistanceMeters>
    </Trackpoint>
    <Trackpoint>
     <Time>2026-07-19T04:57:04+00:00</Time>
     <Position>
      <LatitudeDegrees>-33.9513900</LatitudeDegrees>
      <LongitudeDegrees>-71.8344100</LongitudeDegrees>
     </Position>
     <AltitudeMeters>22.930000000000003</AltitudeMeters>
     <DistanceMeters>124420.44671811898</DistanceMeters>
    </Trackpoint>
    <Trackpoint>
     <Time>2026-07-19T04:57:12+00:00</Time>
     <Position>
      <LatitudeDegrees>-33.9507567</LatitudeDegrees>
      <LongitudeDegrees>-71.8348933</LongitudeDegrees>
     </Position>
     <AltitudeMeters>25.240000000000002</AltitudeMeters>
     <DistanceMeters>124503.87098601456</DistanceMeters>
    </Trackpoint>
    <Trackpoint>
     <Time>2026-07-19T04:57:21+00:00</Time>
     <Position>
      <LatitudeDegrees>-33.9501233</LatitudeDegrees>
      <LongitudeDegrees>-71.8353767</LongitudeDegrees>
     </Position>
     <AltitudeMeters>28.62</AltitudeMeters>
     <DistanceMeters>124587.29525390767</DistanceMeters>
    </Trackpoint>
    <Trackpoint>
     <Time>2026-07-19T04:57:29+00:00</Time>
     <Position>
      <LatitudeDegrees>-33.9494900</LatitudeDegrees>
      <LongitudeDegrees>-71.8358600</LongitudeDegrees>
     </Position>
     <AltitudeMeters>28.630000000000003</AltitudeMeters>
     <DistanceMeters>124670.71951755755</DistanceMeters>
    </Trackpoint>
    <Trackpoint>
     <Time>2026-07-19T04:57:38+00:00</Time>
     <Position>
      <LatitudeDegrees>-33.9493700</LatitudeDegrees>
      <LongitudeDegrees>-71.8360000</LongitudeDegrees>
     </Position>
     <AltitudeMeters>27.6</AltitudeMeters>
     <DistanceMeters>124689.30528903332</DistanceMeters>
    </Trackpoint>
    <Trackpoint>
     <Time>2026-07-19T04:57:46+00:00</Time>
     <Position>
      <LatitudeDegrees>-33.9493000</LatitudeDegrees>
      <LongitudeDegrees>-71.8361000</LongitudeDegrees>
     </Position>
     <AltitudeMeters>26.900000000000002</AltitudeMeters>
     <DistanceMeters>124701.38547447766</DistanceMeters>
    </Trackpoint>
    <Trackpoint>
     <Time>2026-07-19T04:57:55+00:00</Time>
     <Position>
      <LatitudeDegrees>-33.9489600</LatitudeDegrees>
      <LongitudeDegrees>-71.8370900</LongitudeDegrees>
     </Position>
     <AltitudeMeters>24.900000000000002</AltitudeMeters>
     <DistanceMeters>124800.30927220949</DistanceMeters>
    </Trackpoint>
    <Trackpoint>
     <Time>2026-07-19T04:58:04+00:00</Time>
     <Position>
      <LatitudeDegrees>-33.9487200</LatitudeDegrees>
      <LongitudeDegrees>-71.8375200</LongitudeDegrees>
     </Position>
     <AltitudeMeters>26.340000000000003</AltitudeMeters>
     <DistanceMeters>124848.15805371791</DistanceMeters>
    </Trackpoint>
    <Trackpoint>
     <Time>2026-07-19T04:58:12+00:00</Time>
     <Position>
      <LatitudeDegrees>-33.9485600</LatitudeDegrees>
      <LongitudeDegrees>-71.8377100</LongitudeDegrees>
     </Position>
     <AltitudeMeters>26.51</AltitudeMeters>
     <DistanceMeters>124873.15419163839</DistanceMeters>
    </Trackpoint>
    <Trackpoint>
     <Time>2026-07-19T04:58:21+00:00</Time>
     <Position>
      <LatitudeDegrees>-33.9482000</LatitudeDegrees>
      <LongitudeDegrees>-71.8381100</LongitudeDegrees>
     </Position>
     <AltitudeMeters>24.990000000000002</AltitudeMeters>
     <DistanceMeters>124927.64387120608</DistanceMeters>
    </Trackpoint>
    <Trackpoint>
     <Time>2026-07-19T04:58:29+00:00</Time>
     <Position>
      <LatitudeDegrees>-33.9476600</LatitudeDegrees>
      <LongitudeDegrees>-71.8386900</LongitudeDegrees>
     </Position>
     <AltitudeMeters>23.720000000000002</AltitudeMeters>
     <DistanceMeters>125008.1385959307</DistanceMeters>
    </Trackpoint>
    <Trackpoint>
     <Time>2026-07-19T04:58:38+00:00</Time>
     <Position>
      <LatitudeDegrees>-33.9474500</LatitudeDegrees>
      <LongitudeDegrees>-71.8388900</LongitudeDegrees>
     </Position>
     <AltitudeMeters>23.4</AltitudeMeters>
     <DistanceMeters>125037.92471057229</DistanceMeters>
    </Trackpoint>
    <Trackpoint>
     <Time>2026-07-19T04:58:47+00:00</Time>
     <Position>
      <LatitudeDegrees>-33.9468833</LatitudeDegrees>
      <LongitudeDegrees>-71.8395067</LongitudeDegrees>
     </Position>
     <AltitudeMeters>24.96</AltitudeMeters>
     <DistanceMeters>125122.88974011116</DistanceMeters>
    </Trackpoint>
    <Trackpoint>
     <Time>2026-07-19T04:58:55+00:00</Time>
     <Position>
      <LatitudeDegrees>-33.9463167</LatitudeDegrees>
      <LongitudeDegrees>-71.8401233</LongitudeDegrees>
     </Position>
     <AltitudeMeters>23.64</AltitudeMeters>
     <DistanceMeters>125207.8547696489</DistanceMeters>
    </Trackpoint>
    <Trackpoint>
     <Time>2026-07-19T04:59:04+00:00</Time>
     <Position>
      <LatitudeDegrees>-33.9457500</LatitudeDegrees>
      <LongitudeDegrees>-71.8407400</LongitudeDegrees>
     </Position>
     <AltitudeMeters>21.910000000000004</AltitudeMeters>
     <DistanceMeters>125292.81980749255</DistanceMeters>
    </Trackpoint>
    <Trackpoint>
     <Time>2026-07-19T04:59:12+00:00</Time>
     <Position>
      <LatitudeDegrees>-33.9452450</LatitudeDegrees>
      <LongitudeDegrees>-71.8413300</LongitudeDegrees>
     </Position>
     <AltitudeMeters>21.240000000000002</AltitudeMeters>
     <DistanceMeters>125371.09032702734</DistanceMeters>
    </Trackpoint>
    <Trackpoint>
     <Time>2026-07-19T04:59:21+00:00</Time>
     <Position>
      <LatitudeDegrees>-33.9447400</LatitudeDegrees>
      <LongitudeDegrees>-71.8419200</LongitudeDegrees>
     </Position>
     <AltitudeMeters>21.640000000000004</AltitudeMeters>
     <DistanceMeters>125449.3608262439</DistanceMeters>
    </Trackpoint>
    <Trackpoint>
     <Time>2026-07-19T04:59:29+00:00</Time>
     <Position>
      <LatitudeDegrees>-33.9442800</LatitudeDegrees>
      <LongitudeDegrees>-71.8424350</LongitudeDegrees>
     </Position>
     <AltitudeMeters>25.040000000000003</AltitudeMeters>
     <DistanceMeters>125519.23191783106</DistanceMeters>
    </Trackpoint>
    <Trackpoint>
     <Time>2026-07-19T04:59:38+00:00</Time>
     <Position>
      <LatitudeDegrees>-33.9438200</LatitudeDegrees>
      <LongitudeDegrees>-71.8429500</LongitudeDegrees>
     </Position>
     <AltitudeMeters>30.250000000000004</AltitudeMeters>
     <DistanceMeters>125589.10301333823</DistanceMeters>
    </Trackpoint>
    <Trackpoint>
     <Time>2026-07-19T04:59:47+00:00</Time>
     <Position>
      <LatitudeDegrees>-33.9436100</LatitudeDegrees>
      <LongitudeDegrees>-71.8432600</LongitudeDegrees>
     </Position>
     <AltitudeMeters>28.3</AltitudeMeters>
     <DistanceMeters>125626.05541523312</DistanceMeters>
    </Trackpoint>
    <Trackpoint>
     <Time>2026-07-19T04:59:55+00:00</Time>
     <Position>
      <LatitudeDegrees>-33.9433450</LatitudeDegrees>
      <LongitudeDegrees>-71.8437000</LongitudeDegrees>
     </Position>
     <AltitudeMeters>25.69</AltitudeMeters>
     <DistanceMeters>125676.25757057182</DistanceMeters>
    </Trackpoint>
    <Trackpoint>
     <Time>2026-07-19T05:00:04+00:00</Time>
     <Position>
      <LatitudeDegrees>-33.9430800</LatitudeDegrees>
      <LongitudeDegrees>-71.8441400</LongitudeDegrees>
     </Position>
     <AltitudeMeters>25.07</AltitudeMeters>
     <DistanceMeters>125726.45974823978</DistanceMeters>
    </Trackpoint>
    <Trackpoint>
     <Time>2026-07-19T05:00:12+00:00</Time>
     <Position>
      <LatitudeDegrees>-33.9427850</LatitudeDegrees>
      <LongitudeDegrees>-71.8447250</LongitudeDegrees>
     </Position>
     <AltitudeMeters>23.470000000000002</AltitudeMeters>
     <DistanceMeters>125789.66885464516</DistanceMeters>
    </Trackpoint>
    <Trackpoint>
     <Time>2026-07-19T05:00:21+00:00</Time>
     <Position>
      <LatitudeDegrees>-33.9424900</LatitudeDegrees>
      <LongitudeDegrees>-71.8453100</LongitudeDegrees>
     </Position>
     <AltitudeMeters>19.69</AltitudeMeters>
     <DistanceMeters>125852.87794307651</DistanceMeters>
    </Trackpoint>
    <Trackpoint>
     <Time>2026-07-19T05:00:29+00:00</Time>
     <Position>
      <LatitudeDegrees>-33.9421100</LatitudeDegrees>
      <LongitudeDegrees>-71.8459400</LongitudeDegrees>
     </Position>
     <AltitudeMeters>18.26</AltitudeMeters>
     <DistanceMeters>125924.79606431439</DistanceMeters>
    </Trackpoint>
    <Trackpoint>
     <Time>2026-07-19T05:00:38+00:00</Time>
     <Position>
      <LatitudeDegrees>-33.9419800</LatitudeDegrees>
      <LongitudeDegrees>-71.8465200</LongitudeDegrees>
     </Position>
     <AltitudeMeters>18.78</AltitudeMeters>
     <DistanceMeters>125980.26824630193</DistanceMeters>
    </Trackpoint>
    <Trackpoint>
     <Time>2026-07-19T05:00:47+00:00</Time>
     <Position>
      <LatitudeDegrees>-33.9418700</LatitudeDegrees>
      <LongitudeDegrees>-71.8473800</LongitudeDegrees>
     </Position>
     <AltitudeMeters>24.07</AltitudeMeters>
     <DistanceMeters>126060.61141744546</DistanceMeters>
    </Trackpoint>
    <Trackpoint>
     <Time>2026-07-19T05:00:55+00:00</Time>
     <Position>
      <LatitudeDegrees>-33.9418700</LatitudeDegrees>
      <LongitudeDegrees>-71.8476500</LongitudeDegrees>
     </Position>
     <AltitudeMeters>25.52</AltitudeMeters>
     <DistanceMeters>126085.54089391227</DistanceMeters>
    </Trackpoint>
    <Trackpoint>
     <Time>2026-07-19T05:01:04+00:00</Time>
     <Position>
      <LatitudeDegrees>-33.9419100</LatitudeDegrees>
      <LongitudeDegrees>-71.8481900</LongitudeDegrees>
     </Position>
     <AltitudeMeters>28.21</AltitudeMeters>
     <DistanceMeters>126135.59818893319</DistanceMeters>
    </Trackpoint>
    <Trackpoint>
     <Time>2026-07-19T05:01:12+00:00</Time>
     <Position>
      <LatitudeDegrees>-33.9419100</LatitudeDegrees>
      <LongitudeDegrees>-71.8489500</LongitudeDegrees>
     </Position>
     <AltitudeMeters>35.28000000000001</AltitudeMeters>
     <DistanceMeters>126205.77001564606</DistanceMeters>
    </Trackpoint>
    <Trackpoint>
     <Time>2026-07-19T05:01:21+00:00</Time>
     <Position>
      <LatitudeDegrees>-33.9419600</LatitudeDegrees>
      <LongitudeDegrees>-71.8491600</LongitudeDegrees>
     </Position>
     <AltitudeMeters>35.64000000000001</AltitudeMeters>
     <DistanceMeters>126225.94233717394</DistanceMeters>
    </Trackpoint>
    <Trackpoint>
     <Time>2026-07-19T05:01:29+00:00</Time>
     <Position>
      <LatitudeDegrees>-33.9420600</LatitudeDegrees>
      <LongitudeDegrees>-71.8492900</LongitudeDegrees>
     </Position>
     <AltitudeMeters>37.64</AltitudeMeters>
     <DistanceMeters>126242.31123354894</DistanceMeters>
    </Trackpoint>
    <Trackpoint>
     <Time>2026-07-19T05:01:38+00:00</Time>
     <Position>
      <LatitudeDegrees>-33.9422000</LatitudeDegrees>
      <LongitudeDegrees>-71.8493900</LongitudeDegrees>
     </Position>
     <AltitudeMeters>39.16</AltitudeMeters>
     <DistanceMeters>126260.4228380317</DistanceMeters>
    </Trackpoint>
    <Trackpoint>
     <Time>2026-07-19T05:01:47+00:00</Time>
     <Position>
      <LatitudeDegrees>-33.9425800</LatitudeDegrees>
      <LongitudeDegrees>-71.8494800</LongitudeDegrees>
     </Position>
     <AltitudeMeters>42.53</AltitudeMeters>
     <DistanceMeters>126303.52383473856</DistanceMeters>
    </Trackpoint>
    <Trackpoint>
     <Time>2026-07-19T05:01:55+00:00</Time>
     <Position>
      <LatitudeDegrees>-33.9431200</LatitudeDegrees>
      <LongitudeDegrees>-71.8495700</LongitudeDegrees>
     </Position>
     <AltitudeMeters>45.83</AltitudeMeters>
     <DistanceMeters>126364.1952577569</DistanceMeters>
    </Trackpoint>
    <Trackpoint>
     <Time>2026-07-19T05:02:04+00:00</Time>
     <Position>
      <LatitudeDegrees>-33.9435700</LatitudeDegrees>
      <LongitudeDegrees>-71.8495700</LongitudeDegrees>
     </Position>
     <AltitudeMeters>47.88</AltitudeMeters>
     <DistanceMeters>126414.27831350535</DistanceMeters>
    </Trackpoint>
    <Trackpoint>
     <Time>2026-07-19T05:02:12+00:00</Time>
     <Position>
      <LatitudeDegrees>-33.9436500</LatitudeDegrees>
      <LongitudeDegrees>-71.8496100</LongitudeDegrees>
     </Position>
     <AltitudeMeters>48.45</AltitudeMeters>
     <DistanceMeters>126423.9175376186</DistanceMeters>
    </Trackpoint>
    <Trackpoint>
     <Time>2026-07-19T05:02:21+00:00</Time>
     <Position>
      <LatitudeDegrees>-33.9436800</LatitudeDegrees>
      <LongitudeDegrees>-71.8496900</LongitudeDegrees>
     </Position>
     <AltitudeMeters>49.18</AltitudeMeters>
     <DistanceMeters>126432.02348033799</DistanceMeters>
    </Trackpoint>
    <Trackpoint>
     <Time>2026-07-19T05:02:29+00:00</Time>
     <Position>
      <LatitudeDegrees>-33.9436800</LatitudeDegrees>
      <LongitudeDegrees>-71.8498300</LongitudeDegrees>
     </Position>
     <AltitudeMeters>50.07</AltitudeMeters>
     <DistanceMeters>126444.94960070301</DistanceMeters>
    </Trackpoint>
    <Trackpoint>
     <Time>2026-07-19T05:02:38+00:00</Time>
     <Position>
      <LatitudeDegrees>-33.9436400</LatitudeDegrees>
      <LongitudeDegrees>-71.8499300</LongitudeDegrees>
     </Position>
     <AltitudeMeters>52.63</AltitudeMeters>
     <DistanceMeters>126455.19977357339</DistanceMeters>
    </Trackpoint>
    <Trackpoint>
     <Time>2026-07-19T05:02:47+00:00</Time>
     <Position>
      <LatitudeDegrees>-33.9432500</LatitudeDegrees>
      <LongitudeDegrees>-71.8504700</LongitudeDegrees>
     </Position>
     <AltitudeMeters>56.63</AltitudeMeters>
     <DistanceMeters>126521.30457348657</DistanceMeters>
    </Trackpoint>
    <Trackpoint>
     <Time>2026-07-19T05:02:55+00:00</Time>
     <Position>
      <LatitudeDegrees>-33.9431900</LatitudeDegrees>
      <LongitudeDegrees>-71.8507400</LongitudeDegrees>
     </Position>
     <AltitudeMeters>57.61</AltitudeMeters>
     <DistanceMeters>126547.11254333469</DistanceMeters>
    </Trackpoint>
    <Trackpoint>
     <Time>2026-07-19T05:03:04+00:00</Time>
     <Position>
      <LatitudeDegrees>-33.9431900</LatitudeDegrees>
      <LongitudeDegrees>-71.8510800</LongitudeDegrees>
     </Position>
     <AltitudeMeters>59.32</AltitudeMeters>
     <DistanceMeters>126578.50473063494</DistanceMeters>
    </Trackpoint>
    <Trackpoint>
     <Time>2026-07-19T05:03:12+00:00</Time>
     <Position>
      <LatitudeDegrees>-33.9432400</LatitudeDegrees>
      <LongitudeDegrees>-71.8516800</LongitudeDegrees>
     </Position>
     <AltitudeMeters>61.370000000000005</AltitudeMeters>
     <DistanceMeters>126634.1814460332</DistanceMeters>
    </Trackpoint>
    <Trackpoint>
     <Time>2026-07-19T05:03:21+00:00</Time>
     <Position>
      <LatitudeDegrees>-33.9432900</LatitudeDegrees>
      <LongitudeDegrees>-71.8522800</LongitudeDegrees>
     </Position>
     <AltitudeMeters>65.73</AltitudeMeters>
     <DistanceMeters>126689.85820630993</DistanceMeters>
    </Trackpoint>
    <Trackpoint>
     <Time>2026-07-19T05:03:29+00:00</Time>
     <Position>
      <LatitudeDegrees>-33.9433200</LatitudeDegrees>
      <LongitudeDegrees>-71.8526100</LongitudeDegrees>
     </Position>
     <AltitudeMeters>69.70000000000002</AltitudeMeters>
     <DistanceMeters>126720.50944875143</DistanceMeters>
    </Trackpoint>
    <Trackpoint>
     <Time>2026-07-19T05:03:38+00:00</Time>
     <Position>
      <LatitudeDegrees>-33.9433700</LatitudeDegrees>
      <LongitudeDegrees>-71.8528400</LongitudeDegrees>
     </Position>
     <AltitudeMeters>72.13</AltitudeMeters>
     <DistanceMeters>126742.46231330879</DistanceMeters>
    </Trackpoint>
    <Trackpoint>
     <Time>2026-07-19T05:03:47+00:00</Time>
     <Position>
      <LatitudeDegrees>-33.9435700</LatitudeDegrees>
      <LongitudeDegrees>-71.8532400</LongitudeDegrees>
     </Position>
     <AltitudeMeters>75.6</AltitudeMeters>
     <DistanceMeters>126785.58344128546</DistanceMeters>
    </Trackpoint>
    <Trackpoint>
     <Time>2026-07-19T05:03:55+00:00</Time>
     <Position>
      <LatitudeDegrees>-33.9437300</LatitudeDegrees>
      <LongitudeDegrees>-71.8533800</LongitudeDegrees>
     </Position>
     <AltitudeMeters>78.0</AltitudeMeters>
     <DistanceMeters>126807.5876442698</DistanceMeters>
    </Trackpoint>
    <Trackpoint>
     <Time>2026-07-19T05:04:04+00:00</Time>
     <Position>
      <LatitudeDegrees>-33.9441400</LatitudeDegrees>
      <LongitudeDegrees>-71.8537550</LongitudeDegrees>
     </Position>
     <AltitudeMeters>84.11</AltitudeMeters>
     <DistanceMeters>126864.86749259965</DistanceMeters>
    </Trackpoint>
    <Trackpoint>
     <Time>2026-07-19T05:04:12+00:00</Time>
     <Position>
      <LatitudeDegrees>-33.9445500</LatitudeDegrees>
      <LongitudeDegrees>-71.8541300</LongitudeDegrees>
     </Position>
     <AltitudeMeters>87.63000000000001</AltitudeMeters>
     <DistanceMeters>126922.14741657661</DistanceMeters>
    </Trackpoint>
    <Trackpoint>
     <Time>2026-07-19T05:04:21+00:00</Time>
     <Position>
      <LatitudeDegrees>-33.9449300</LatitudeDegrees>
      <LongitudeDegrees>-71.8543200</LongitudeDegrees>
     </Position>
     <AltitudeMeters>90.52</AltitudeMeters>
     <DistanceMeters>126967.93364188692</DistanceMeters>
    </Trackpoint>
    <Trackpoint>
     <Time>2026-07-19T05:04:29+00:00</Time>
     <Position>
      <LatitudeDegrees>-33.9451400</LatitudeDegrees>
      <LongitudeDegrees>-71.8545300</LongitudeDegrees>
     </Position>
     <AltitudeMeters>93.24</AltitudeMeters>
     <DistanceMeters>126998.30110918848</DistanceMeters>
    </Trackpoint>
    <Trackpoint>
     <Time>2026-07-19T05:04:38+00:00</Time>
     <Position>
      <LatitudeDegrees>-33.9452300</LatitudeDegrees>
      <LongitudeDegrees>-71.8546400</LongitudeDegrees>
     </Position>
     <AltitudeMeters>93.99000000000001</AltitudeMeters>
     <DistanceMeters>127012.56568104535</DistanceMeters>
    </Trackpoint>
    <Trackpoint>
     <Time>2026-07-19T05:04:47+00:00</Time>
     <Position>
      <LatitudeDegrees>-33.9455600</LatitudeDegrees>
      <LongitudeDegrees>-71.8552700</LongitudeDegrees>
     </Position>
     <AltitudeMeters>92.83000000000001</AltitudeMeters>
     <DistanceMeters>127081.35696882464</DistanceMeters>
    </Trackpoint>
    <Trackpoint>
     <Time>2026-07-19T05:04:55+00:00</Time>
     <Position>
      <LatitudeDegrees>-33.9457200</LatitudeDegrees>
      <LongitudeDegrees>-71.8556500</LongitudeDegrees>
     </Position>
     <AltitudeMeters>92.32000000000001</AltitudeMeters>
     <DistanceMeters>127120.70177384646</DistanceMeters>
    </Trackpoint>
    <Trackpoint>
     <Time>2026-07-19T05:05:04+00:00</Time>
     <Position>
      <LatitudeDegrees>-33.9458400</LatitudeDegrees>
      <LongitudeDegrees>-71.8558700</LongitudeDegrees>
     </Position>
     <AltitudeMeters>92.45</AltitudeMeters>
     <DistanceMeters>127145.011137564</DistanceMeters>
    </Trackpoint>
    <Trackpoint>
     <Time>2026-07-19T05:05:12+00:00</Time>
     <Position>
      <LatitudeDegrees>-33.9461200</LatitudeDegrees>
      <LongitudeDegrees>-71.8562800</LongitudeDegrees>
     </Position>
     <AltitudeMeters>93.15</AltitudeMeters>
     <DistanceMeters>127194.04223115213</DistanceMeters>
    </Trackpoint>
    <Trackpoint>
     <Time>2026-07-19T05:05:21+00:00</Time>
     <Position>
      <LatitudeDegrees>-33.9462100</LatitudeDegrees>
      <LongitudeDegrees>-71.8564700</LongitudeDegrees>
     </Position>
     <AltitudeMeters>93.50000000000001</AltitudeMeters>
     <DistanceMeters>127214.24265348636</DistanceMeters>
    </Trackpoint>
    <Trackpoint>
     <Time>2026-07-19T05:05:29+00:00</Time>
     <Position>
      <LatitudeDegrees>-33.9465900</LatitudeDegrees>
      <LongitudeDegrees>-71.8573600</LongitudeDegrees>
     </Position>
     <AltitudeMeters>95.42</AltitudeMeters>
     <DistanceMeters>127306.65826797643</DistanceMeters>
    </Trackpoint>
    <Trackpoint>
     <Time>2026-07-19T05:05:38+00:00</Time>
     <Position>
      <LatitudeDegrees>-33.9466600</LatitudeDegrees>
      <LongitudeDegrees>-71.8575900</LongitudeDegrees>
     </Position>
     <AltitudeMeters>96.06</AltitudeMeters>
     <DistanceMeters>127329.2773231562</DistanceMeters>
    </Trackpoint>
    <Trackpoint>
     <Time>2026-07-19T05:05:47+00:00</Time>
     <Position>
      <LatitudeDegrees>-33.9467300</LatitudeDegrees>
      <LongitudeDegrees>-71.8579400</LongitudeDegrees>
     </Position>
     <AltitudeMeters>97.47</AltitudeMeters>
     <DistanceMeters>127362.51735423676</DistanceMeters>
    </Trackpoint>
    <Trackpoint>
     <Time>2026-07-19T05:05:55+00:00</Time>
     <Position>
      <LatitudeDegrees>-33.9468600</LatitudeDegrees>
      <LongitudeDegrees>-71.8588800</LongitudeDegrees>
     </Position>
     <AltitudeMeters>101.70000000000002</AltitudeMeters>
     <DistanceMeters>127450.50161660985</DistanceMeters>
    </Trackpoint>
    <Trackpoint>
     <Time>2026-07-19T05:06:04+00:00</Time>
     <Position>
      <LatitudeDegrees>-33.9470533</LatitudeDegrees>
      <LongitudeDegrees>-71.8598433</LongitudeDegrees>
     </Position>
     <AltitudeMeters>103.82000000000001</AltitudeMeters>
     <DistanceMeters>127542.00780371128</DistanceMeters>
    </Trackpoint>
    <Trackpoint>
     <Time>2026-07-19T05:06:12+00:00</Time>
     <Position>
      <LatitudeDegrees>-33.9472467</LatitudeDegrees>
      <LongitudeDegrees>-71.8608067</LongitudeDegrees>
     </Position>
     <AltitudeMeters>101.55</AltitudeMeters>
     <DistanceMeters>127633.5139908107</DistanceMeters>
    </Trackpoint>
    <Trackpoint>
     <Time>2026-07-19T05:06:21+00:00</Time>
     <Position>
      <LatitudeDegrees>-33.9474400</LatitudeDegrees>
      <LongitudeDegrees>-71.8617700</LongitudeDegrees>
     </Position>
     <AltitudeMeters>98.94000000000001</AltitudeMeters>
     <DistanceMeters>127725.02017101599</DistanceMeters>
    </Trackpoint>
    <Trackpoint>
     <Time>2026-07-19T05:06:29+00:00</Time>
     <Position>
      <LatitudeDegrees>-33.9475500</LatitudeDegrees>
      <LongitudeDegrees>-71.8620600</LongitudeDegrees>
     </Position>
     <AltitudeMeters>97.34</AltitudeMeters>
     <DistanceMeters>127754.46069455758</DistanceMeters>
    </Trackpoint>
    <Trackpoint>
     <Time>2026-07-19T05:06:38+00:00</Time>
     <Position>
      <LatitudeDegrees>-33.9479000</LatitudeDegrees>
      <LongitudeDegrees>-71.8625750</LongitudeDegrees>
     </Position>
     <AltitudeMeters>96.43</AltitudeMeters>
     <DistanceMeters>127815.92711275711</DistanceMeters>
    </Trackpoint>
    <Trackpoint>
     <Time>2026-07-19T05:06:47+00:00</Time>
     <Position>
      <LatitudeDegrees>-33.9482500</LatitudeDegrees>
      <LongitudeDegrees>-71.8630900</LongitudeDegrees>
     </Position>
     <AltitudeMeters>96.15</AltitudeMeters>
     <DistanceMeters>127877.39352043945</DistanceMeters>
    </Trackpoint>
    <Trackpoint>
     <Time>2026-07-19T05:06:55+00:00</Time>
     <Position>
      <LatitudeDegrees>-33.9486200</LatitudeDegrees>
      <LongitudeDegrees>-71.8636000</LongitudeDegrees>
     </Position>
     <AltitudeMeters>92.2</AltitudeMeters>
     <DistanceMeters>127939.94570710397</DistanceMeters>
    </Trackpoint>
    <Trackpoint>
     <Time>2026-07-19T05:07:04+00:00</Time>
     <Position>
      <LatitudeDegrees>-33.9492050</LatitudeDegrees>
      <LongitudeDegrees>-71.8643750</LongitudeDegrees>
     </Position>
     <AltitudeMeters>85.86</AltitudeMeters>
     <DistanceMeters>128036.6849196485</DistanceMeters>
    </Trackpoint>
    <Trackpoint>
     <Time>2026-07-19T05:07:12+00:00</Time>
     <Position>
      <LatitudeDegrees>-33.9497900</LatitudeDegrees>
      <LongitudeDegrees>-71.8651500</LongitudeDegrees>
     </Position>
     <AltitudeMeters>81.63000000000001</AltitudeMeters>
     <DistanceMeters>128133.42413219248</DistanceMeters>
    </Trackpoint>
    <Trackpoint>
     <Time>2026-07-19T05:07:21+00:00</Time>
     <Position>
      <LatitudeDegrees>-33.9503750</LatitudeDegrees>
      <LongitudeDegrees>-71.8659250</LongitudeDegrees>
     </Position>
     <AltitudeMeters>77.17</AltitudeMeters>
     <DistanceMeters>128230.16334473803</DistanceMeters>
    </Trackpoint>
    <Trackpoint>
     <Time>2026-07-19T05:07:29+00:00</Time>
     <Position>
      <LatitudeDegrees>-33.9509600</LatitudeDegrees>
      <LongitudeDegrees>-71.8667000</LongitudeDegrees>
     </Position>
     <AltitudeMeters>70.38000000000001</AltitudeMeters>
     <DistanceMeters>128326.90255836627</DistanceMeters>
    </Trackpoint>
    <Trackpoint>
     <Time>2026-07-19T05:07:38+00:00</Time>
     <Position>
      <LatitudeDegrees>-33.9515300</LatitudeDegrees>
      <LongitudeDegrees>-71.8671600</LongitudeDegrees>
     </Position>
     <AltitudeMeters>65.27000000000001</AltitudeMeters>
     <DistanceMeters>128403.24355400619</DistanceMeters>
    </Trackpoint>
    <Trackpoint>
     <Time>2026-07-19T05:07:47+00:00</Time>
     <Position>
      <LatitudeDegrees>-33.9521000</LatitudeDegrees>
      <LongitudeDegrees>-71.8676200</LongitudeDegrees>
     </Position>
     <AltitudeMeters>67.62</AltitudeMeters>
     <DistanceMeters>128479.5845399258</DistanceMeters>
    </Trackpoint>
    <Trackpoint>
     <Time>2026-07-19T05:07:55+00:00</Time>
     <Position>
      <LatitudeDegrees>-33.9523400</LatitudeDegrees>
      <LongitudeDegrees>-71.8677900</LongitudeDegrees>
     </Position>
     <AltitudeMeters>68.0</AltitudeMeters>
     <DistanceMeters>128510.56502785489</DistanceMeters>
    </Trackpoint>
    <Trackpoint>
     <Time>2026-07-19T05:08:04+00:00</Time>
     <Position>
      <LatitudeDegrees>-33.9529000</LatitudeDegrees>
      <LongitudeDegrees>-71.8681100</LongitudeDegrees>
     </Position>
     <AltitudeMeters>66.99000000000001</AltitudeMeters>
     <DistanceMeters>128579.53767707487</DistanceMeters>
    </Trackpoint>
    <Trackpoint>
     <Time>2026-07-19T05:08:12+00:00</Time>
     <Position>
      <LatitudeDegrees>-33.9530400</LatitudeDegrees>
      <LongitudeDegrees>-71.8682300</LongitudeDegrees>
     </Position>
     <AltitudeMeters>66.65</AltitudeMeters>
     <DistanceMeters>128598.65596941866</DistanceMeters>
    </Trackpoint>
    <Trackpoint>
     <Time>2026-07-19T05:08:21+00:00</Time>
     <Position>
      <LatitudeDegrees>-33.9531300</LatitudeDegrees>
      <LongitudeDegrees>-71.8683100</LongitudeDegrees>
     </Position>
     <AltitudeMeters>66.23</AltitudeMeters>
     <DistanceMeters>128611.1009955385</DistanceMeters>
    </Trackpoint>
    <Trackpoint>
     <Time>2026-07-19T05:08:29+00:00</Time>
     <Position>
      <LatitudeDegrees>-33.9536400</LatitudeDegrees>
      <LongitudeDegrees>-71.8690400</LongitudeDegrees>
     </Position>
     <AltitudeMeters>60.800000000000004</AltitudeMeters>
     <DistanceMeters>128699.21216083357</DistanceMeters>
    </Trackpoint>
    <Trackpoint>
     <Time>2026-07-19T05:08:38+00:00</Time>
     <Position>
      <LatitudeDegrees>-33.9537500</LatitudeDegrees>
      <LongitudeDegrees>-71.8691400</LongitudeDegrees>
     </Position>
     <AltitudeMeters>60.800000000000004</AltitudeMeters>
     <DistanceMeters>128714.54534675</DistanceMeters>
    </Trackpoint>
   </Track>
  </Course>
 </Courses>
</TrainingCenterDatabase>
