<?xml version="1.0" encoding="UTF-8"?>
<TrainingCenterDatabase xsi:schemaLocation="http://www.garmin.com/xmlschemas/TrainingCenterDatabase/v2 http://www.garmin.com/xmlschemas/TrainingCenterDatabasev2.xsd" xmlns:ns5="http://www.garmin.com/xmlschemas/ActivityGoals/v1" xmlns:ns3="http://www.garmin.com/xmlschemas/ActivityExtension/v2" xmlns:ns2="http://www.garmin.com/xmlschemas/UserProfile/v2" xmlns="http://www.garmin.com/xmlschemas/TrainingCenterDatabase/v2" xmlns:xsi="http://www.w3.org/2001/XMLSchema-instance">
 <Folders/>
 <Courses>
  <Course>
   <Name>Vizcachas - Toy</Name>
   <Lap>
    <TotalTimeSeconds>13139.74695025863</TotalTimeSeconds>
    <DistanceMeters>98470.27981249848</DistanceMeters>
    <Intensity>Active</Intensity>
   </Lap>
   <Track>
    <Trackpoint>
     <Time>2026-07-19T00:14:16+00:00</Time>
     <Position>
      <LatitudeDegrees>-33.5983000</LatitudeDegrees>
      <LongitudeDegrees>-70.5252300</LongitudeDegrees>
     </Position>
     <AltitudeMeters>773.3100000000001</AltitudeMeters>
     <DistanceMeters>0.0</DistanceMeters>
    </Trackpoint>
    <Trackpoint>
     <Time>2026-07-19T00:14:21+00:00</Time>
     <Position>
      <LatitudeDegrees>-33.5982500</LatitudeDegrees>
      <LongitudeDegrees>-70.5245700</LongitudeDegrees>
     </Position>
     <AltitudeMeters>773.8900000000001</AltitudeMeters>
     <DistanceMeters>61.436120775727005</DistanceMeters>
    </Trackpoint>
    <Trackpoint>
     <Time>2026-07-19T00:14:27+00:00</Time>
     <Position>
      <LatitudeDegrees>-33.5982267</LatitudeDegrees>
      <LongitudeDegrees>-70.5236167</LongitudeDegrees>
     </Position>
     <AltitudeMeters>774.6200000000001</AltitudeMeters>
     <DistanceMeters>149.85060778974483</DistanceMeters>
    </Trackpoint>
    <Trackpoint>
     <Time>2026-07-19T00:14:33+00:00</Time>
     <Position>
      <LatitudeDegrees>-33.5982033</LatitudeDegrees>
      <LongitudeDegrees>-70.5226633</LongitudeDegrees>
     </Position>
     <AltitudeMeters>775.83</AltitudeMeters>
     <DistanceMeters>238.26509480302587</DistanceMeters>
    </Trackpoint>
    <Trackpoint>
     <Time>2026-07-19T00:14:38+00:00</Time>
     <Position>
      <LatitudeDegrees>-33.5981800</LatitudeDegrees>
      <LongitudeDegrees>-70.5217100</LongitudeDegrees>
     </Position>
     <AltitudeMeters>777.3800000000001</AltitudeMeters>
     <DistanceMeters>326.6795780097507</DistanceMeters>
    </Trackpoint>
    <Trackpoint>
     <Time>2026-07-19T00:14:44+00:00</Time>
     <Position>
      <LatitudeDegrees>-33.5981800</LatitudeDegrees>
      <LongitudeDegrees>-70.5215000</LongitudeDegrees>
     </Position>
     <AltitudeMeters>777.61</AltitudeMeters>
     <DistanceMeters>346.1471012805066</DistanceMeters>
    </Trackpoint>
    <Trackpoint>
     <Time>2026-07-19T00:14:50+00:00</Time>
     <Position>
      <LatitudeDegrees>-33.5982100</LatitudeDegrees>
      <LongitudeDegrees>-70.5211300</LongitudeDegrees>
     </Position>
     <AltitudeMeters>778.08</AltitudeMeters>
     <DistanceMeters>380.6091426051852</DistanceMeters>
    </Trackpoint>
    <Trackpoint>
     <Time>2026-07-19T00:14:56+00:00</Time>
     <Position>
      <LatitudeDegrees>-33.5981933</LatitudeDegrees>
      <LongitudeDegrees>-70.5201600</LongitudeDegrees>
     </Position>
     <AltitudeMeters>779.3000000000001</AltitudeMeters>
     <DistanceMeters>470.54968546201377</DistanceMeters>
    </Trackpoint>
    <Trackpoint>
     <Time>2026-07-19T00:15:01+00:00</Time>
     <Position>
      <LatitudeDegrees>-33.5981767</LatitudeDegrees>
      <LongitudeDegrees>-70.5191900</LongitudeDegrees>
     </Position>
     <AltitudeMeters>780.09</AltitudeMeters>
     <DistanceMeters>560.4902283213629</DistanceMeters>
    </Trackpoint>
    <Trackpoint>
     <Time>2026-07-19T00:15:07+00:00</Time>
     <Position>
      <LatitudeDegrees>-33.5981600</LatitudeDegrees>
      <LongitudeDegrees>-70.5182200</LongitudeDegrees>
     </Position>
     <AltitudeMeters>781.07</AltitudeMeters>
     <DistanceMeters>650.4307679787266</DistanceMeters>
    </Trackpoint>
    <Trackpoint>
     <Time>2026-07-19T00:15:13+00:00</Time>
     <Position>
      <LatitudeDegrees>-33.5981200</LatitudeDegrees>
      <LongitudeDegrees>-70.5172600</LongitudeDegrees>
     </Position>
     <AltitudeMeters>782.02</AltitudeMeters>
     <DistanceMeters>739.5364801213141</DistanceMeters>
    </Trackpoint>
    <Trackpoint>
     <Time>2026-07-19T00:15:18+00:00</Time>
     <Position>
      <LatitudeDegrees>-33.5980500</LatitudeDegrees>
      <LongitudeDegrees>-70.5167400</LongitudeDegrees>
     </Position>
     <AltitudeMeters>782.6200000000001</AltitudeMeters>
     <DistanceMeters>788.3673169275547</DistanceMeters>
    </Trackpoint>
    <Trackpoint>
     <Time>2026-07-19T00:15:24+00:00</Time>
     <Position>
      <LatitudeDegrees>-33.5980200</LatitudeDegrees>
      <LongitudeDegrees>-70.5157100</LongitudeDegrees>
     </Position>
     <AltitudeMeters>783.33</AltitudeMeters>
     <DistanceMeters>883.9094212436679</DistanceMeters>
    </Trackpoint>
    <Trackpoint>
     <Time>2026-07-19T00:15:30+00:00</Time>
     <Position>
      <LatitudeDegrees>-33.5979900</LatitudeDegrees>
      <LongitudeDegrees>-70.5146800</LongitudeDegrees>
     </Position>
     <AltitudeMeters>784.57</AltitudeMeters>
     <DistanceMeters>979.4515220223733</DistanceMeters>
    </Trackpoint>
    <Trackpoint>
     <Time>2026-07-19T00:15:36+00:00</Time>
     <Position>
      <LatitudeDegrees>-33.5979650</LatitudeDegrees>
      <LongitudeDegrees>-70.5136700</LongitudeDegrees>
     </Position>
     <AltitudeMeters>785.5500000000001</AltitudeMeters>
     <DistanceMeters>1073.1225908037152</DistanceMeters>
    </Trackpoint>
    <Trackpoint>
     <Time>2026-07-19T00:15:41+00:00</Time>
     <Position>
      <LatitudeDegrees>-33.5979400</LatitudeDegrees>
      <LongitudeDegrees>-70.5126600</LongitudeDegrees>
     </Position>
     <AltitudeMeters>786.5600000000001</AltitudeMeters>
     <DistanceMeters>1166.7936882157462</DistanceMeters>
    </Trackpoint>
    <Trackpoint>
     <Time>2026-07-19T00:15:47+00:00</Time>
     <Position>
      <LatitudeDegrees>-33.5979600</LatitudeDegrees>
      <LongitudeDegrees>-70.5124500</LongitudeDegrees>
     </Position>
     <AltitudeMeters>786.78</AltitudeMeters>
     <DistanceMeters>1186.3881051517963</DistanceMeters>
    </Trackpoint>
    <Trackpoint>
     <Time>2026-07-19T00:15:53+00:00</Time>
     <Position>
      <LatitudeDegrees>-33.5979700</LatitudeDegrees>
      <LongitudeDegrees>-70.5118300</LongitudeDegrees>
     </Position>
     <AltitudeMeters>787.21</AltitudeMeters>
     <DistanceMeters>1243.874567945193</DistanceMeters>
    </Trackpoint>
    <Trackpoint>
     <Time>2026-07-19T00:15:58+00:00</Time>
     <Position>
      <LatitudeDegrees>-33.5979450</LatitudeDegrees>
      <LongitudeDegrees>-70.5107750</LongitudeDegrees>
     </Position>
     <AltitudeMeters>788.4000000000001</AltitudeMeters>
     <DistanceMeters>1341.7155233840508</DistanceMeters>
    </Trackpoint>
    <Trackpoint>
     <Time>2026-07-19T00:16:04+00:00</Time>
     <Position>
      <LatitudeDegrees>-33.5979200</LatitudeDegrees>
      <LongitudeDegrees>-70.5097200</LongitudeDegrees>
     </Position>
     <AltitudeMeters>789.27</AltitudeMeters>
     <DistanceMeters>1439.5564999586384</DistanceMeters>
    </Trackpoint>
    <Trackpoint>
     <Time>2026-07-19T00:16:10+00:00</Time>
     <Position>
      <LatitudeDegrees>-33.5978900</LatitudeDegrees>
      <LongitudeDegrees>-70.5091800</LongitudeDegrees>
     </Position>
     <AltitudeMeters>790.3800000000001</AltitudeMeters>
     <DistanceMeters>1489.727229611874</DistanceMeters>
    </Trackpoint>
    <Trackpoint>
     <Time>2026-07-19T00:16:16+00:00</Time>
     <Position>
      <LatitudeDegrees>-33.5978500</LatitudeDegrees>
      <LongitudeDegrees>-70.5089800</LongitudeDegrees>
     </Position>
     <AltitudeMeters>790.63</AltitudeMeters>
     <DistanceMeters>1508.7947757465245</DistanceMeters>
    </Trackpoint>
    <Trackpoint>
     <Time>2026-07-19T00:16:21+00:00</Time>
     <Position>
      <LatitudeDegrees>-33.5978288</LatitudeDegrees>
      <LongitudeDegrees>-70.5079412</LongitudeDegrees>
     </Position>
     <AltitudeMeters>791.83</AltitudeMeters>
     <DistanceMeters>1605.118990127836</DistanceMeters>
    </Trackpoint>
    <Trackpoint>
     <Time>2026-07-19T00:16:27+00:00</Time>
     <Position>
      <LatitudeDegrees>-33.5978076</LatitudeDegrees>
      <LongitudeDegrees>-70.5069025</LongitudeDegrees>
     </Position>
     <AltitudeMeters>792.2900000000001</AltitudeMeters>
     <DistanceMeters>1701.4432045084513</DistanceMeters>
    </Trackpoint>
    <Trackpoint>
     <Time>2026-07-19T00:16:33+00:00</Time>
     <Position>
      <LatitudeDegrees>-33.5977863</LatitudeDegrees>
      <LongitudeDegrees>-70.5058637</LongitudeDegrees>
     </Position>
     <AltitudeMeters>792.75</AltitudeMeters>
     <DistanceMeters>1797.7674188904991</DistanceMeters>
    </Trackpoint>
    <Trackpoint>
     <Time>2026-07-19T00:16:39+00:00</Time>
     <Position>
      <LatitudeDegrees>-33.5977651</LatitudeDegrees>
      <LongitudeDegrees>-70.5048250</LongitudeDegrees>
     </Position>
     <AltitudeMeters>793.09</AltitudeMeters>
     <DistanceMeters>1894.091633272235</DistanceMeters>
    </Trackpoint>
    <Trackpoint>
     <Time>2026-07-19T00:16:44+00:00</Time>
     <Position>
      <LatitudeDegrees>-33.5977438</LatitudeDegrees>
      <LongitudeDegrees>-70.5037862</LongitudeDegrees>
     </Position>
     <AltitudeMeters>793.58</AltitudeMeters>
     <DistanceMeters>1990.415847653192</DistanceMeters>
    </Trackpoint>
    <Trackpoint>
     <Time>2026-07-19T00:16:50+00:00</Time>
     <Position>
      <LatitudeDegrees>-33.5977226</LatitudeDegrees>
      <LongitudeDegrees>-70.5027475</LongitudeDegrees>
     </Position>
     <AltitudeMeters>794.7400000000001</AltitudeMeters>
     <DistanceMeters>2086.7400620343374</DistanceMeters>
    </Trackpoint>
    <Trackpoint>
     <Time>2026-07-19T00:16:56+00:00</Time>
     <Position>
      <LatitudeDegrees>-33.5977013</LatitudeDegrees>
      <LongitudeDegrees>-70.5017087</LongitudeDegrees>
     </Position>
     <AltitudeMeters>795.46</AltitudeMeters>
     <DistanceMeters>2183.0642764165023</DistanceMeters>
    </Trackpoint>
    <Trackpoint>
     <Time>2026-07-19T00:17:01+00:00</Time>
     <Position>
      <LatitudeDegrees>-33.5976800</LatitudeDegrees>
      <LongitudeDegrees>-70.5006700</LongitudeDegrees>
     </Position>
     <AltitudeMeters>796.2800000000001</AltitudeMeters>
     <DistanceMeters>2279.3884972155183</DistanceMeters>
    </Trackpoint>
    <Trackpoint>
     <Time>2026-07-19T00:17:07+00:00</Time>
     <Position>
      <LatitudeDegrees>-33.5977600</LatitudeDegrees>
      <LongitudeDegrees>-70.4998600</LongitudeDegrees>
     </Position>
     <AltitudeMeters>796.6</AltitudeMeters>
     <DistanceMeters>2355.0039445915404</DistanceMeters>
    </Trackpoint>
    <Trackpoint>
     <Time>2026-07-19T00:17:13+00:00</Time>
     <Position>
      <LatitudeDegrees>-33.5978300</LatitudeDegrees>
      <LongitudeDegrees>-70.4995700</LongitudeDegrees>
     </Position>
     <AltitudeMeters>796.9300000000001</AltitudeMeters>
     <DistanceMeters>2382.9938706859703</DistanceMeters>
    </Trackpoint>
    <Trackpoint>
     <Time>2026-07-19T00:17:19+00:00</Time>
     <Position>
      <LatitudeDegrees>-33.5980300</LatitudeDegrees>
      <LongitudeDegrees>-70.4991400</LongitudeDegrees>
     </Position>
     <AltitudeMeters>796.9300000000001</AltitudeMeters>
     <DistanceMeters>2428.6497912632635</DistanceMeters>
    </Trackpoint>
    <Trackpoint>
     <Time>2026-07-19T00:17:24+00:00</Time>
     <Position>
      <LatitudeDegrees>-33.5983900</LatitudeDegrees>
      <LongitudeDegrees>-70.4983000</LongitudeDegrees>
     </Position>
     <AltitudeMeters>796.33</AltitudeMeters>
     <DistanceMeters>2516.22300155814</DistanceMeters>
    </Trackpoint>
    <Trackpoint>
     <Time>2026-07-19T00:17:30+00:00</Time>
     <Position>
      <LatitudeDegrees>-33.5984300</LatitudeDegrees>
      <LongitudeDegrees>-70.4980700</LongitudeDegrees>
     </Position>
     <AltitudeMeters>795.9000000000001</AltitudeMeters>
     <DistanceMeters>2538.0043197028667</DistanceMeters>
    </Trackpoint>
    <Trackpoint>
     <Time>2026-07-19T00:17:36+00:00</Time>
     <Position>
      <LatitudeDegrees>-33.5984100</LatitudeDegrees>
      <LongitudeDegrees>-70.4976300</LongitudeDegrees>
     </Position>
     <AltitudeMeters>794.36</AltitudeMeters>
     <DistanceMeters>2578.8539930773627</DistanceMeters>
    </Trackpoint>
    <Trackpoint>
     <Time>2026-07-19T00:17:41+00:00</Time>
     <Position>
      <LatitudeDegrees>-33.5981650</LatitudeDegrees>
      <LongitudeDegrees>-70.4966200</LongitudeDegrees>
     </Position>
     <AltitudeMeters>790.82</AltitudeMeters>
     <DistanceMeters>2676.3732288101687</DistanceMeters>
    </Trackpoint>
    <Trackpoint>
     <Time>2026-07-19T00:17:47+00:00</Time>
     <Position>
      <LatitudeDegrees>-33.5979200</LatitudeDegrees>
      <LongitudeDegrees>-70.4956100</LongitudeDegrees>
     </Position>
     <AltitudeMeters>790.2800000000001</AltitudeMeters>
     <DistanceMeters>2773.8924796157576</DistanceMeters>
    </Trackpoint>
    <Trackpoint>
     <Time>2026-07-19T00:17:53+00:00</Time>
     <Position>
      <LatitudeDegrees>-33.5977600</LatitudeDegrees>
      <LongitudeDegrees>-70.4951100</LongitudeDegrees>
     </Position>
     <AltitudeMeters>791.34</AltitudeMeters>
     <DistanceMeters>2823.546836706808</DistanceMeters>
    </Trackpoint>
    <Trackpoint>
     <Time>2026-07-19T00:17:59+00:00</Time>
     <Position>
      <LatitudeDegrees>-33.5973700</LatitudeDegrees>
      <LongitudeDegrees>-70.4942400</LongitudeDegrees>
     </Position>
     <AltitudeMeters>792.84</AltitudeMeters>
     <DistanceMeters>2915.1369629556007</DistanceMeters>
    </Trackpoint>
    <Trackpoint>
     <Time>2026-07-19T00:18:04+00:00</Time>
     <Position>
      <LatitudeDegrees>-33.5969800</LatitudeDegrees>
      <LongitudeDegrees>-70.4933700</LongitudeDegrees>
     </Position>
     <AltitudeMeters>792.4300000000001</AltitudeMeters>
     <DistanceMeters>3006.727124126325</DistanceMeters>
    </Trackpoint>
    <Trackpoint>
     <Time>2026-07-19T00:18:10+00:00</Time>
     <Position>
      <LatitudeDegrees>-33.5965100</LatitudeDegrees>
      <LongitudeDegrees>-70.4924800</LongitudeDegrees>
     </Position>
     <AltitudeMeters>789.5300000000001</AltitudeMeters>
     <DistanceMeters>3104.418478367665</DistanceMeters>
    </Trackpoint>
    <Trackpoint>
     <Time>2026-07-19T00:18:16+00:00</Time>
     <Position>
      <LatitudeDegrees>-33.5960400</LatitudeDegrees>
      <LongitudeDegrees>-70.4915900</LongitudeDegrees>
     </Position>
     <AltitudeMeters>787.2500000000001</AltitudeMeters>
     <DistanceMeters>3202.1098545501754</DistanceMeters>
    </Trackpoint>
    <Trackpoint>
     <Time>2026-07-19T00:18:21+00:00</Time>
     <Position>
      <LatitudeDegrees>-33.5957700</LatitudeDegrees>
      <LongitudeDegrees>-70.4912300</LongitudeDegrees>
     </Position>
     <AltitudeMeters>786.61</AltitudeMeters>
     <DistanceMeters>3247.018667772609</DistanceMeters>
    </Trackpoint>
    <Trackpoint>
     <Time>2026-07-19T00:18:27+00:00</Time>
     <Position>
      <LatitudeDegrees>-33.5955200</LatitudeDegrees>
      <LongitudeDegrees>-70.4909600</LongitudeDegrees>
     </Position>
     <AltitudeMeters>786.2800000000001</AltitudeMeters>
     <DistanceMeters>3284.444485925573</DistanceMeters>
    </Trackpoint>
    <Trackpoint>
     <Time>2026-07-19T00:18:33+00:00</Time>
     <Position>
      <LatitudeDegrees>-33.5950500</LatitudeDegrees>
      <LongitudeDegrees>-70.4905150</LongitudeDegrees>
     </Position>
     <AltitudeMeters>786.15</AltitudeMeters>
     <DistanceMeters>3351.063782248163</DistanceMeters>
    </Trackpoint>
    <Trackpoint>
     <Time>2026-07-19T00:18:39+00:00</Time>
     <Position>
      <LatitudeDegrees>-33.5945800</LatitudeDegrees>
      <LongitudeDegrees>-70.4900700</LongitudeDegrees>
     </Position>
     <AltitudeMeters>786.09</AltitudeMeters>
     <DistanceMeters>3417.6830618792937</DistanceMeters>
    </Trackpoint>
    <Trackpoint>
     <Time>2026-07-19T00:18:44+00:00</Time>
     <Position>
      <LatitudeDegrees>-33.5942200</LatitudeDegrees>
      <LongitudeDegrees>-70.4894200</LongitudeDegrees>
     </Position>
     <AltitudeMeters>787.9200000000001</AltitudeMeters>
     <DistanceMeters>3490.0468334638117</DistanceMeters>
    </Trackpoint>
    <Trackpoint>
     <Time>2026-07-19T00:18:50+00:00</Time>
     <Position>
      <LatitudeDegrees>-33.5938600</LatitudeDegrees>
      <LongitudeDegrees>-70.4887700</LongitudeDegrees>
     </Position>
     <AltitudeMeters>790.59</AltitudeMeters>
     <DistanceMeters>3562.410579914225</DistanceMeters>
    </Trackpoint>
    <Trackpoint>
     <Time>2026-07-19T00:18:56+00:00</Time>
     <Position>
      <LatitudeDegrees>-33.5933450</LatitudeDegrees>
      <LongitudeDegrees>-70.4879400</LongitudeDegrees>
     </Position>
     <AltitudeMeters>793.88</AltitudeMeters>
     <DistanceMeters>3658.359364487968</DistanceMeters>
    </Trackpoint>
    <Trackpoint>
     <Time>2026-07-19T00:19:02+00:00</Time>
     <Position>
      <LatitudeDegrees>-33.5928300</LatitudeDegrees>
      <LongitudeDegrees>-70.4871100</LongitudeDegrees>
     </Position>
     <AltitudeMeters>793.84</AltitudeMeters>
     <DistanceMeters>3754.3081518099143</DistanceMeters>
    </Trackpoint>
    <Trackpoint>
     <Time>2026-07-19T00:19:07+00:00</Time>
     <Position>
      <LatitudeDegrees>-33.5924600</LatitudeDegrees>
      <LongitudeDegrees>-70.4865433</LongitudeDegrees>
     </Position>
     <AltitudeMeters>794.78</AltitudeMeters>
     <DistanceMeters>3821.0589576150674</DistanceMeters>
    </Trackpoint>
    <Trackpoint>
     <Time>2026-07-19T00:19:13+00:00</Time>
     <Position>
      <LatitudeDegrees>-33.5920900</LatitudeDegrees>
      <LongitudeDegrees>-70.4859767</LongitudeDegrees>
     </Position>
     <AltitudeMeters>795.19</AltitudeMeters>
     <DistanceMeters>3887.8097634202027</DistanceMeters>
    </Trackpoint>
    <Trackpoint>
     <Time>2026-07-19T00:19:19+00:00</Time>
     <Position>
      <LatitudeDegrees>-33.5917200</LatitudeDegrees>
      <LongitudeDegrees>-70.4854100</LongitudeDegrees>
     </Position>
     <AltitudeMeters>796.32</AltitudeMeters>
     <DistanceMeters>3954.5605724288494</DistanceMeters>
    </Trackpoint>
    <Trackpoint>
     <Time>2026-07-19T00:19:24+00:00</Time>
     <Position>
      <LatitudeDegrees>-33.5915100</LatitudeDegrees>
      <LongitudeDegrees>-70.4851800</LongitudeDegrees>
     </Position>
     <AltitudeMeters>796.47</AltitudeMeters>
     <DistanceMeters>3986.198104008313</DistanceMeters>
    </Trackpoint>
    <Trackpoint>
     <Time>2026-07-19T00:19:30+00:00</Time>
     <Position>
      <LatitudeDegrees>-33.5911400</LatitudeDegrees>
      <LongitudeDegrees>-70.4848300</LongitudeDegrees>
     </Position>
     <AltitudeMeters>796.33</AltitudeMeters>
     <DistanceMeters>4038.6256259861234</DistanceMeters>
    </Trackpoint>
    <Trackpoint>
     <Time>2026-07-19T00:19:36+00:00</Time>
     <Position>
      <LatitudeDegrees>-33.5909200</LatitudeDegrees>
      <LongitudeDegrees>-70.4846500</LongitudeDegrees>
     </Position>
     <AltitudeMeters>796.51</AltitudeMeters>
     <DistanceMeters>4068.2567140101114</DistanceMeters>
    </Trackpoint>
    <Trackpoint>
     <Time>2026-07-19T00:19:42+00:00</Time>
     <Position>
      <LatitudeDegrees>-33.5906900</LatitudeDegrees>
      <LongitudeDegrees>-70.4844200</LongitudeDegrees>
     </Position>
     <AltitudeMeters>796.9100000000001</AltitudeMeters>
     <DistanceMeters>4101.572553361909</DistanceMeters>
    </Trackpoint>
    <Trackpoint>
     <Time>2026-07-19T00:19:47+00:00</Time>
     <Position>
      <LatitudeDegrees>-33.5905500</LatitudeDegrees>
      <LongitudeDegrees>-70.4842000</LongitudeDegrees>
     </Position>
     <AltitudeMeters>797.37</AltitudeMeters>
     <DistanceMeters>4127.239465667212</DistanceMeters>
    </Trackpoint>
    <Trackpoint>
     <Time>2026-07-19T00:19:53+00:00</Time>
     <Position>
      <LatitudeDegrees>-33.5904200</LatitudeDegrees>
      <LongitudeDegrees>-70.4838500</LongitudeDegrees>
     </Position>
     <AltitudeMeters>799.4300000000001</AltitudeMeters>
     <DistanceMeters>4162.767738552406</DistanceMeters>
    </Trackpoint>
    <Trackpoint>
     <Time>2026-07-19T00:19:59+00:00</Time>
     <Position>
      <LatitudeDegrees>-33.5902800</LatitudeDegrees>
      <LongitudeDegrees>-70.4833900</LongitudeDegrees>
     </Position>
     <AltitudeMeters>800.59</AltitudeMeters>
     <DistanceMeters>4208.1720111016675</DistanceMeters>
    </Trackpoint>
    <Trackpoint>
     <Time>2026-07-19T00:20:04+00:00</Time>
     <Position>
      <LatitudeDegrees>-33.5900400</LatitudeDegrees>
      <LongitudeDegrees>-70.4827100</LongitudeDegrees>
     </Position>
     <AltitudeMeters>803.15</AltitudeMeters>
     <DistanceMeters>4276.640730105449</DistanceMeters>
    </Trackpoint>
    <Trackpoint>
     <Time>2026-07-19T00:20:10+00:00</Time>
     <Position>
      <LatitudeDegrees>-33.5898100</LatitudeDegrees>
      <LongitudeDegrees>-70.4821400</LongitudeDegrees>
     </Position>
     <AltitudeMeters>804.71</AltitudeMeters>
     <DistanceMeters>4335.35957223304</DistanceMeters>
    </Trackpoint>
    <Trackpoint>
     <Time>2026-07-19T00:20:16+00:00</Time>
     <Position>
      <LatitudeDegrees>-33.5897000</LatitudeDegrees>
      <LongitudeDegrees>-70.4819500</LongitudeDegrees>
     </Position>
     <AltitudeMeters>805.8100000000001</AltitudeMeters>
     <DistanceMeters>4356.811249735861</DistanceMeters>
    </Trackpoint>
    <Trackpoint>
     <Time>2026-07-19T00:20:22+00:00</Time>
     <Position>
      <LatitudeDegrees>-33.5895000</LatitudeDegrees>
      <LongitudeDegrees>-70.4817300</LongitudeDegrees>
     </Position>
     <AltitudeMeters>806.2900000000001</AltitudeMeters>
     <DistanceMeters>4387.00213381269</DistanceMeters>
    </Trackpoint>
    <Trackpoint>
     <Time>2026-07-19T00:20:27+00:00</Time>
     <Position>
      <LatitudeDegrees>-33.5893400</LatitudeDegrees>
      <LongitudeDegrees>-70.4816400</LongitudeDegrees>
     </Position>
     <AltitudeMeters>806.57</AltitudeMeters>
     <DistanceMeters>4406.667427468622</DistanceMeters>
    </Trackpoint>
    <Trackpoint>
     <Time>2026-07-19T00:20:33+00:00</Time>
     <Position>
      <LatitudeDegrees>-33.5891000</LatitudeDegrees>
      <LongitudeDegrees>-70.4815600</LongitudeDegrees>
     </Position>
     <AltitudeMeters>806.8900000000001</AltitudeMeters>
     <DistanceMeters>4434.389025329848</DistanceMeters>
    </Trackpoint>
    <Trackpoint>
     <Time>2026-07-19T00:20:39+00:00</Time>
     <Position>
      <LatitudeDegrees>-33.5887400</LatitudeDegrees>
      <LongitudeDegrees>-70.4813800</LongitudeDegrees>
     </Position>
     <AltitudeMeters>807.71</AltitudeMeters>
     <DistanceMeters>4477.791989918826</DistanceMeters>
    </Trackpoint>
    <Trackpoint>
     <Time>2026-07-19T00:20:44+00:00</Time>
     <Position>
      <LatitudeDegrees>-33.5884000</LatitudeDegrees>
      <LongitudeDegrees>-70.4810200</LongitudeDegrees>
     </Position>
     <AltitudeMeters>808.32</AltitudeMeters>
     <DistanceMeters>4528.248944197089</DistanceMeters>
    </Trackpoint>
    <Trackpoint>
     <Time>2026-07-19T00:20:50+00:00</Time>
     <Position>
      <LatitudeDegrees>-33.5883400</LatitudeDegrees>
      <LongitudeDegrees>-70.4809200</LongitudeDegrees>
     </Position>
     <AltitudeMeters>808.42</AltitudeMeters>
     <DistanceMeters>4539.674761043678</DistanceMeters>
    </Trackpoint>
    <Trackpoint>
     <Time>2026-07-19T00:20:56+00:00</Time>
     <Position>
      <LatitudeDegrees>-33.5881400</LatitudeDegrees>
      <LongitudeDegrees>-70.4805300</LongitudeDegrees>
     </Position>
     <AltitudeMeters>808.45</AltitudeMeters>
     <DistanceMeters>4582.13509651562</DistanceMeters>
    </Trackpoint>
    <Trackpoint>
     <Time>2026-07-19T00:21:02+00:00</Time>
     <Position>
      <LatitudeDegrees>-33.5880150</LatitudeDegrees>
      <LongitudeDegrees>-70.4799650</LongitudeDegrees>
     </Position>
     <AltitudeMeters>807.0100000000001</AltitudeMeters>
     <DistanceMeters>4636.33407688066</DistanceMeters>
    </Trackpoint>
    <Trackpoint>
     <Time>2026-07-19T00:21:07+00:00</Time>
     <Position>
      <LatitudeDegrees>-33.5878900</LatitudeDegrees>
      <LongitudeDegrees>-70.4794000</LongitudeDegrees>
     </Position>
     <AltitudeMeters>804.5600000000001</AltitudeMeters>
     <DistanceMeters>4690.53306221672</DistanceMeters>
    </Trackpoint>
    <Trackpoint>
     <Time>2026-07-19T00:21:13+00:00</Time>
     <Position>
      <LatitudeDegrees>-33.5877800</LatitudeDegrees>
      <LongitudeDegrees>-70.4791400</LongitudeDegrees>
     </Position>
     <AltitudeMeters>804.5600000000001</AltitudeMeters>
     <DistanceMeters>4717.569267649979</DistanceMeters>
    </Trackpoint>
    <Trackpoint>
     <Time>2026-07-19T00:21:19+00:00</Time>
     <Position>
      <LatitudeDegrees>-33.5874850</LatitudeDegrees>
      <LongitudeDegrees>-70.4785550</LongitudeDegrees>
     </Position>
     <AltitudeMeters>798.7</AltitudeMeters>
     <DistanceMeters>4780.9702083308375</DistanceMeters>
    </Trackpoint>
    <Trackpoint>
     <Time>2026-07-19T00:21:25+00:00</Time>
     <Position>
      <LatitudeDegrees>-33.5871900</LatitudeDegrees>
      <LongitudeDegrees>-70.4779700</LongitudeDegrees>
     </Position>
     <AltitudeMeters>795.2900000000001</AltitudeMeters>
     <DistanceMeters>4844.371178790458</DistanceMeters>
    </Trackpoint>
    <Trackpoint>
     <Time>2026-07-19T00:21:30+00:00</Time>
     <Position>
      <LatitudeDegrees>-33.5871000</LatitudeDegrees>
      <LongitudeDegrees>-70.4776200</LongitudeDegrees>
     </Position>
     <AltitudeMeters>791.6700000000001</AltitudeMeters>
     <DistanceMeters>4878.331987002558</DistanceMeters>
    </Trackpoint>
    <Trackpoint>
     <Time>2026-07-19T00:21:36+00:00</Time>
     <Position>
      <LatitudeDegrees>-33.5870800</LatitudeDegrees>
      <LongitudeDegrees>-70.4767600</LongitudeDegrees>
     </Position>
     <AltitudeMeters>788.0400000000001</AltitudeMeters>
     <DistanceMeters>4958.097444090205</DistanceMeters>
    </Trackpoint>
    <Trackpoint>
     <Time>2026-07-19T00:21:42+00:00</Time>
     <Position>
      <LatitudeDegrees>-33.5871300</LatitudeDegrees>
      <LongitudeDegrees>-70.4758600</LongitudeDegrees>
     </Position>
     <AltitudeMeters>784.97</AltitudeMeters>
     <DistanceMeters>5041.725750143258</DistanceMeters>
    </Trackpoint>
    <Trackpoint>
     <Time>2026-07-19T00:21:47+00:00</Time>
     <Position>
      <LatitudeDegrees>-33.5871900</LatitudeDegrees>
      <LongitudeDegrees>-70.4752000</LongitudeDegrees>
     </Position>
     <AltitudeMeters>785.2500000000001</AltitudeMeters>
     <DistanceMeters>5103.2804995004435</DistanceMeters>
    </Trackpoint>
    <Trackpoint>
     <Time>2026-07-19T00:21:53+00:00</Time>
     <Position>
      <LatitudeDegrees>-33.5873200</LatitudeDegrees>
      <LongitudeDegrees>-70.4743200</LongitudeDegrees>
     </Position>
     <AltitudeMeters>789.32</AltitudeMeters>
     <DistanceMeters>5186.141969290006</DistanceMeters>
    </Trackpoint>
    <Trackpoint>
     <Time>2026-07-19T00:21:59+00:00</Time>
     <Position>
      <LatitudeDegrees>-33.5874800</LatitudeDegrees>
      <LongitudeDegrees>-70.4743400</LongitudeDegrees>
     </Position>
     <AltitudeMeters>788.7</AltitudeMeters>
     <DistanceMeters>5204.045561207813</DistanceMeters>
    </Trackpoint>
    <Trackpoint>
     <Time>2026-07-19T00:22:05+00:00</Time>
     <Position>
      <LatitudeDegrees>-33.5876200</LatitudeDegrees>
      <LongitudeDegrees>-70.4742700</LongitudeDegrees>
     </Position>
     <AltitudeMeters>787.8000000000001</AltitudeMeters>
     <DistanceMeters>5220.924531506507</DistanceMeters>
    </Trackpoint>
    <Trackpoint>
     <Time>2026-07-19T00:22:10+00:00</Time>
     <Position>
      <LatitudeDegrees>-33.5878200</LatitudeDegrees>
      <LongitudeDegrees>-70.4741300</LongitudeDegrees>
     </Position>
     <AltitudeMeters>786.19</AltitudeMeters>
     <DistanceMeters>5246.691710710107</DistanceMeters>
    </Trackpoint>
    <Trackpoint>
     <Time>2026-07-19T00:22:16+00:00</Time>
     <Position>
      <LatitudeDegrees>-33.5882000</LatitudeDegrees>
      <LongitudeDegrees>-70.4737100</LongitudeDegrees>
     </Position>
     <AltitudeMeters>784.1700000000001</AltitudeMeters>
     <DistanceMeters>5304.180308798492</DistanceMeters>
    </Trackpoint>
    <Trackpoint>
     <Time>2026-07-19T00:22:22+00:00</Time>
     <Position>
      <LatitudeDegrees>-33.5882900</LatitudeDegrees>
      <LongitudeDegrees>-70.4736300</LongitudeDegrees>
     </Position>
     <AltitudeMeters>783.98</AltitudeMeters>
     <DistanceMeters>5316.644063547329</DistanceMeters>
    </Trackpoint>
    <Trackpoint>
     <Time>2026-07-19T00:22:27+00:00</Time>
     <Position>
      <LatitudeDegrees>-33.5884200</LatitudeDegrees>
      <LongitudeDegrees>-70.4735900</LongitudeDegrees>
     </Position>
     <AltitudeMeters>783.57</AltitudeMeters>
     <DistanceMeters>5331.580222472245</DistanceMeters>
    </Trackpoint>
    <Trackpoint>
     <Time>2026-07-19T00:22:33+00:00</Time>
     <Position>
      <LatitudeDegrees>-33.5889950</LatitudeDegrees>
      <LongitudeDegrees>-70.4734800</LongitudeDegrees>
     </Position>
     <AltitudeMeters>782.4700000000001</AltitudeMeters>
     <DistanceMeters>5396.382775935666</DistanceMeters>
    </Trackpoint>
    <Trackpoint>
     <Time>2026-07-19T00:22:39+00:00</Time>
     <Position>
      <LatitudeDegrees>-33.5895700</LatitudeDegrees>
      <LongitudeDegrees>-70.4733700</LongitudeDegrees>
     </Position>
     <AltitudeMeters>781.7400000000001</AltitudeMeters>
     <DistanceMeters>5461.185293023121</DistanceMeters>
    </Trackpoint>
    <Trackpoint>
     <Time>2026-07-19T00:22:45+00:00</Time>
     <Position>
      <LatitudeDegrees>-33.5900400</LatitudeDegrees>
      <LongitudeDegrees>-70.4731800</LongitudeDegrees>
     </Position>
     <AltitudeMeters>780.9200000000001</AltitudeMeters>
     <DistanceMeters>5516.380609574456</DistanceMeters>
    </Trackpoint>
    <Trackpoint>
     <Time>2026-07-19T00:22:50+00:00</Time>
     <Position>
      <LatitudeDegrees>-33.5903900</LatitudeDegrees>
      <LongitudeDegrees>-70.4731400</LongitudeDegrees>
     </Position>
     <AltitudeMeters>779.1</AltitudeMeters>
     <DistanceMeters>5555.5102243807105</DistanceMeters>
    </Trackpoint>
    <Trackpoint>
     <Time>2026-07-19T00:22:56+00:00</Time>
     <Position>
      <LatitudeDegrees>-33.5911667</LatitudeDegrees>
      <LongitudeDegrees>-70.4731100</LongitudeDegrees>
     </Position>
     <AltitudeMeters>777.2800000000001</AltitudeMeters>
     <DistanceMeters>5641.994612442641</DistanceMeters>
    </Trackpoint>
    <Trackpoint>
     <Time>2026-07-19T00:23:02+00:00</Time>
     <Position>
      <LatitudeDegrees>-33.5919433</LatitudeDegrees>
      <LongitudeDegrees>-70.4730800</LongitudeDegrees>
     </Position>
     <AltitudeMeters>777.07</AltitudeMeters>
     <DistanceMeters>5728.479000506096</DistanceMeters>
    </Trackpoint>
    <Trackpoint>
     <Time>2026-07-19T00:23:07+00:00</Time>
     <Position>
      <LatitudeDegrees>-33.5927200</LatitudeDegrees>
      <LongitudeDegrees>-70.4730500</LongitudeDegrees>
     </Position>
     <AltitudeMeters>777.3100000000001</AltitudeMeters>
     <DistanceMeters>5814.9633591616175</DistanceMeters>
    </Trackpoint>
    <Trackpoint>
     <Time>2026-07-19T00:23:13+00:00</Time>
     <Position>
      <LatitudeDegrees>-33.5928700</LatitudeDegrees>
      <LongitudeDegrees>-70.4729700</LongitudeDegrees>
     </Position>
     <AltitudeMeters>777.39</AltitudeMeters>
     <DistanceMeters>5833.231042832427</DistanceMeters>
    </Trackpoint>
    <Trackpoint>
     <Time>2026-07-19T00:23:19+00:00</Time>
     <Position>
      <LatitudeDegrees>-33.5930800</LatitudeDegrees>
      <LongitudeDegrees>-70.4727300</LongitudeDegrees>
     </Position>
     <AltitudeMeters>777.97</AltitudeMeters>
     <DistanceMeters>5865.500449044131</DistanceMeters>
    </Trackpoint>
    <Trackpoint>
     <Time>2026-07-19T00:23:25+00:00</Time>
     <Position>
      <LatitudeDegrees>-33.5931300</LatitudeDegrees>
      <LongitudeDegrees>-70.4724600</LongitudeDegrees>
     </Position>
     <AltitudeMeters>778.39</AltitudeMeters>
     <DistanceMeters>5891.1427006737285</DistanceMeters>
    </Trackpoint>
    <Trackpoint>
     <Time>2026-07-19T00:23:30+00:00</Time>
     <Position>
      <LatitudeDegrees>-33.5930600</LatitudeDegrees>
      <LongitudeDegrees>-70.4718400</LongitudeDegrees>
     </Position>
     <AltitudeMeters>780.57</AltitudeMeters>
     <DistanceMeters>5949.147207094473</DistanceMeters>
    </Trackpoint>
    <Trackpoint>
     <Time>2026-07-19T00:23:36+00:00</Time>
     <Position>
      <LatitudeDegrees>-33.5931000</LatitudeDegrees>
      <LongitudeDegrees>-70.4716600</LongitudeDegrees>
     </Position>
     <AltitudeMeters>781.4000000000001</AltitudeMeters>
     <DistanceMeters>5966.418259727905</DistanceMeters>
    </Trackpoint>
    <Trackpoint>
     <Time>2026-07-19T00:23:42+00:00</Time>
     <Position>
      <LatitudeDegrees>-33.5931700</LatitudeDegrees>
      <LongitudeDegrees>-70.4714800</LongitudeDegrees>
     </Position>
     <AltitudeMeters>782.72</AltitudeMeters>
     <DistanceMeters>5984.834695518362</DistanceMeters>
    </Trackpoint>
    <Trackpoint>
     <Time>2026-07-19T00:23:48+00:00</Time>
     <Position>
      <LatitudeDegrees>-33.5932600</LatitudeDegrees>
      <LongitudeDegrees>-70.4713500</LongitudeDegrees>
     </Position>
     <AltitudeMeters>784.2000000000002</AltitudeMeters>
     <DistanceMeters>6000.505803616547</DistanceMeters>
    </Trackpoint>
    <Trackpoint>
     <Time>2026-07-19T00:23:53+00:00</Time>
     <Position>
      <LatitudeDegrees>-33.5937900</LatitudeDegrees>
      <LongitudeDegrees>-70.4709467</LongitudeDegrees>
     </Position>
     <AltitudeMeters>787.73</AltitudeMeters>
     <DistanceMeters>6070.345466861329</DistanceMeters>
    </Trackpoint>
    <Trackpoint>
     <Time>2026-07-19T00:23:59+00:00</Time>
     <Position>
      <LatitudeDegrees>-33.5943200</LatitudeDegrees>
      <LongitudeDegrees>-70.4705433</LongitudeDegrees>
     </Position>
     <AltitudeMeters>793.9300000000001</AltitudeMeters>
     <DistanceMeters>6140.185130106853</DistanceMeters>
    </Trackpoint>
    <Trackpoint>
     <Time>2026-07-19T00:24:05+00:00</Time>
     <Position>
      <LatitudeDegrees>-33.5948500</LatitudeDegrees>
      <LongitudeDegrees>-70.4701400</LongitudeDegrees>
     </Position>
     <AltitudeMeters>802.34</AltitudeMeters>
     <DistanceMeters>6210.024784997561</DistanceMeters>
    </Trackpoint>
    <Trackpoint>
     <Time>2026-07-19T00:24:10+00:00</Time>
     <Position>
      <LatitudeDegrees>-33.5950100</LatitudeDegrees>
      <LongitudeDegrees>-70.4699700</LongitudeDegrees>
     </Position>
     <AltitudeMeters>803.76</AltitudeMeters>
     <DistanceMeters>6233.804574604222</DistanceMeters>
    </Trackpoint>
    <Trackpoint>
     <Time>2026-07-19T00:24:16+00:00</Time>
     <Position>
      <LatitudeDegrees>-33.5954800</LatitudeDegrees>
      <LongitudeDegrees>-70.4693300</LongitudeDegrees>
     </Position>
     <AltitudeMeters>807.1700000000001</AltitudeMeters>
     <DistanceMeters>6312.902416941792</DistanceMeters>
    </Trackpoint>
    <Trackpoint>
     <Time>2026-07-19T00:24:22+00:00</Time>
     <Position>
      <LatitudeDegrees>-33.5959700</LatitudeDegrees>
      <LongitudeDegrees>-70.4685200</LongitudeDegrees>
     </Position>
     <AltitudeMeters>816.1</AltitudeMeters>
     <DistanceMeters>6405.707239702964</DistanceMeters>
    </Trackpoint>
    <Trackpoint>
     <Time>2026-07-19T00:24:28+00:00</Time>
     <Position>
      <LatitudeDegrees>-33.5964950</LatitudeDegrees>
      <LongitudeDegrees>-70.4677700</LongitudeDegrees>
     </Position>
     <AltitudeMeters>824.98</AltitudeMeters>
     <DistanceMeters>6496.527216711222</DistanceMeters>
    </Trackpoint>
    <Trackpoint>
     <Time>2026-07-19T00:24:33+00:00</Time>
     <Position>
      <LatitudeDegrees>-33.5970200</LatitudeDegrees>
      <LongitudeDegrees>-70.4670200</LongitudeDegrees>
     </Position>
     <AltitudeMeters>831.6600000000001</AltitudeMeters>
     <DistanceMeters>6587.347173135726</DistanceMeters>
    </Trackpoint>
    <Trackpoint>
     <Time>2026-07-19T00:24:39+00:00</Time>
     <Position>
      <LatitudeDegrees>-33.5966000</LatitudeDegrees>
      <LongitudeDegrees>-70.4667300</LongitudeDegrees>
     </Position>
     <AltitudeMeters>830.2700000000001</AltitudeMeters>
     <DistanceMeters>6641.270974637906</DistanceMeters>
    </Trackpoint>
    <Trackpoint>
     <Time>2026-07-19T00:24:45+00:00</Time>
     <Position>
      <LatitudeDegrees>-33.5960600</LatitudeDegrees>
      <LongitudeDegrees>-70.4662700</LongitudeDegrees>
     </Position>
     <AltitudeMeters>829.09</AltitudeMeters>
     <DistanceMeters>6714.962805215288</DistanceMeters>
    </Trackpoint>
    <Trackpoint>
     <Time>2026-07-19T00:24:50+00:00</Time>
     <Position>
      <LatitudeDegrees>-33.5953650</LatitudeDegrees>
      <LongitudeDegrees>-70.4656250</LongitudeDegrees>
     </Position>
     <AltitudeMeters>825.96</AltitudeMeters>
     <DistanceMeters>6812.730645248385</DistanceMeters>
    </Trackpoint>
    <Trackpoint>
     <Time>2026-07-19T00:24:56+00:00</Time>
     <Position>
      <LatitudeDegrees>-33.5946700</LatitudeDegrees>
      <LongitudeDegrees>-70.4649800</LongitudeDegrees>
     </Position>
     <AltitudeMeters>827.5300000000001</AltitudeMeters>
     <DistanceMeters>6910.498464096072</DistanceMeters>
    </Trackpoint>
    <Trackpoint>
     <Time>2026-07-19T00:25:02+00:00</Time>
     <Position>
      <LatitudeDegrees>-33.5941600</LatitudeDegrees>
      <LongitudeDegrees>-70.4645400</LongitudeDegrees>
     </Position>
     <AltitudeMeters>827.1400000000001</AltitudeMeters>
     <DistanceMeters>6980.396129756314</DistanceMeters>
    </Trackpoint>
    <Trackpoint>
     <Time>2026-07-19T00:25:08+00:00</Time>
     <Position>
      <LatitudeDegrees>-33.5937300</LatitudeDegrees>
      <LongitudeDegrees>-70.4642400</LongitudeDegrees>
     </Position>
     <AltitudeMeters>825.15</AltitudeMeters>
     <DistanceMeters>7035.74791104173</DistanceMeters>
    </Trackpoint>
    <Trackpoint>
     <Time>2026-07-19T00:25:13+00:00</Time>
     <Position>
      <LatitudeDegrees>-33.5933400</LatitudeDegrees>
      <LongitudeDegrees>-70.4639000</LongitudeDegrees>
     </Position>
     <AltitudeMeters>823.44</AltitudeMeters>
     <DistanceMeters>7089.390861238479</DistanceMeters>
    </Trackpoint>
    <Trackpoint>
     <Time>2026-07-19T00:25:19+00:00</Time>
     <Position>
      <LatitudeDegrees>-33.5931300</LatitudeDegrees>
      <LongitudeDegrees>-70.4636100</LongitudeDegrees>
     </Position>
     <AltitudeMeters>823.24</AltitudeMeters>
     <DistanceMeters>7125.014899964822</DistanceMeters>
    </Trackpoint>
    <Trackpoint>
     <Time>2026-07-19T00:25:25+00:00</Time>
     <Position>
      <LatitudeDegrees>-33.5929200</LatitudeDegrees>
      <LongitudeDegrees>-70.4632900</LongitudeDegrees>
     </Position>
     <AltitudeMeters>823.07</AltitudeMeters>
     <DistanceMeters>7162.782083015273</DistanceMeters>
    </Trackpoint>
    <Trackpoint>
     <Time>2026-07-19T00:25:31+00:00</Time>
     <Position>
      <LatitudeDegrees>-33.5928800</LatitudeDegrees>
      <LongitudeDegrees>-70.4629800</LongitudeDegrees>
     </Position>
     <AltitudeMeters>823.7</AltitudeMeters>
     <DistanceMeters>7191.864370557291</DistanceMeters>
    </Trackpoint>
    <Trackpoint>
     <Time>2026-07-19T00:25:36+00:00</Time>
     <Position>
      <LatitudeDegrees>-33.5929150</LatitudeDegrees>
      <LongitudeDegrees>-70.4623750</LongitudeDegrees>
     </Position>
     <AltitudeMeters>827.47</AltitudeMeters>
     <DistanceMeters>7248.087891063317</DistanceMeters>
    </Trackpoint>
    <Trackpoint>
     <Time>2026-07-19T00:25:42+00:00</Time>
     <Position>
      <LatitudeDegrees>-33.5929500</LatitudeDegrees>
      <LongitudeDegrees>-70.4617700</LongitudeDegrees>
     </Position>
     <AltitudeMeters>830.59</AltitudeMeters>
     <DistanceMeters>7304.311439966991</DistanceMeters>
    </Trackpoint>
    <Trackpoint>
     <Time>2026-07-19T00:25:48+00:00</Time>
     <Position>
      <LatitudeDegrees>-33.5928800</LatitudeDegrees>
      <LongitudeDegrees>-70.4614600</LongitudeDegrees>
     </Position>
     <AltitudeMeters>831.1200000000001</AltitudeMeters>
     <DistanceMeters>7334.088198767915</DistanceMeters>
    </Trackpoint>
    <Trackpoint>
     <Time>2026-07-19T00:25:53+00:00</Time>
     <Position>
      <LatitudeDegrees>-33.5924000</LatitudeDegrees>
      <LongitudeDegrees>-70.4606050</LongitudeDegrees>
     </Position>
     <AltitudeMeters>830.67</AltitudeMeters>
     <DistanceMeters>7429.675819241979</DistanceMeters>
    </Trackpoint>
    <Trackpoint>
     <Time>2026-07-19T00:25:59+00:00</Time>
     <Position>
      <LatitudeDegrees>-33.5919200</LatitudeDegrees>
      <LongitudeDegrees>-70.4597500</LongitudeDegrees>
     </Position>
     <AltitudeMeters>831.0200000000001</AltitudeMeters>
     <DistanceMeters>7525.263424861815</DistanceMeters>
    </Trackpoint>
    <Trackpoint>
     <Time>2026-07-19T00:26:05+00:00</Time>
     <Position>
      <LatitudeDegrees>-33.5918000</LatitudeDegrees>
      <LongitudeDegrees>-70.4594500</LongitudeDegrees>
     </Position>
     <AltitudeMeters>831.52</AltitudeMeters>
     <DistanceMeters>7556.116624321745</DistanceMeters>
    </Trackpoint>
    <Trackpoint>
     <Time>2026-07-19T00:26:11+00:00</Time>
     <Position>
      <LatitudeDegrees>-33.5916700</LatitudeDegrees>
      <LongitudeDegrees>-70.4589900</LongitudeDegrees>
     </Position>
     <AltitudeMeters>832.7</AltitudeMeters>
     <DistanceMeters>7601.150449386448</DistanceMeters>
    </Trackpoint>
    <Trackpoint>
     <Time>2026-07-19T00:26:16+00:00</Time>
     <Position>
      <LatitudeDegrees>-33.5916000</LatitudeDegrees>
      <LongitudeDegrees>-70.4588200</LongitudeDegrees>
     </Position>
     <AltitudeMeters>832.7</AltitudeMeters>
     <DistanceMeters>7618.731464572666</DistanceMeters>
    </Trackpoint>
    <Trackpoint>
     <Time>2026-07-19T00:26:22+00:00</Time>
     <Position>
      <LatitudeDegrees>-33.5914500</LatitudeDegrees>
      <LongitudeDegrees>-70.4586800</LongitudeDegrees>
     </Position>
     <AltitudeMeters>834.47</AltitudeMeters>
     <DistanceMeters>7639.877738916393</DistanceMeters>
    </Trackpoint>
    <Trackpoint>
     <Time>2026-07-19T00:26:28+00:00</Time>
     <Position>
      <LatitudeDegrees>-33.5912200</LatitudeDegrees>
      <LongitudeDegrees>-70.4585400</LongitudeDegrees>
     </Position>
     <AltitudeMeters>835.5400000000001</AltitudeMeters>
     <DistanceMeters>7668.578299884744</DistanceMeters>
    </Trackpoint>
    <Trackpoint>
     <Time>2026-07-19T00:26:33+00:00</Time>
     <Position>
      <LatitudeDegrees>-33.5911100</LatitudeDegrees>
      <LongitudeDegrees>-70.4583700</LongitudeDegrees>
     </Position>
     <AltitudeMeters>836.61</AltitudeMeters>
     <DistanceMeters>7688.535234648629</DistanceMeters>
    </Trackpoint>
    <Trackpoint>
     <Time>2026-07-19T00:26:39+00:00</Time>
     <Position>
      <LatitudeDegrees>-33.5908900</LatitudeDegrees>
      <LongitudeDegrees>-70.4576100</LongitudeDegrees>
     </Position>
     <AltitudeMeters>841.2900000000001</AltitudeMeters>
     <DistanceMeters>7763.128097868606</DistanceMeters>
    </Trackpoint>
    <Trackpoint>
     <Time>2026-07-19T00:26:45+00:00</Time>
     <Position>
      <LatitudeDegrees>-33.5907100</LatitudeDegrees>
      <LongitudeDegrees>-70.4572100</LongitudeDegrees>
     </Position>
     <AltitudeMeters>843.11</AltitudeMeters>
     <DistanceMeters>7805.277423167612</DistanceMeters>
    </Trackpoint>
    <Trackpoint>
     <Time>2026-07-19T00:26:51+00:00</Time>
     <Position>
      <LatitudeDegrees>-33.5905300</LatitudeDegrees>
      <LongitudeDegrees>-70.4569700</LongitudeDegrees>
     </Position>
     <AltitudeMeters>843.22</AltitudeMeters>
     <DistanceMeters>7835.217645070207</DistanceMeters>
    </Trackpoint>
    <Trackpoint>
     <Time>2026-07-19T00:26:56+00:00</Time>
     <Position>
      <LatitudeDegrees>-33.5901500</LatitudeDegrees>
      <LongitudeDegrees>-70.4565200</LongitudeDegrees>
     </Position>
     <AltitudeMeters>842.9300000000001</AltitudeMeters>
     <DistanceMeters>7894.624670866952</DistanceMeters>
    </Trackpoint>
    <Trackpoint>
     <Time>2026-07-19T00:27:02+00:00</Time>
     <Position>
      <LatitudeDegrees>-33.5898700</LatitudeDegrees>
      <LongitudeDegrees>-70.4562300</LongitudeDegrees>
     </Position>
     <AltitudeMeters>842.6600000000001</AltitudeMeters>
     <DistanceMeters>7935.782792321578</DistanceMeters>
    </Trackpoint>
    <Trackpoint>
     <Time>2026-07-19T00:27:08+00:00</Time>
     <Position>
      <LatitudeDegrees>-33.5892533</LatitudeDegrees>
      <LongitudeDegrees>-70.4557900</LongitudeDegrees>
     </Position>
     <AltitudeMeters>840.1400000000001</AltitudeMeters>
     <DistanceMeters>8015.623282708315</DistanceMeters>
    </Trackpoint>
    <Trackpoint>
     <Time>2026-07-19T00:27:13+00:00</Time>
     <Position>
      <LatitudeDegrees>-33.5886367</LatitudeDegrees>
      <LongitudeDegrees>-70.4553500</LongitudeDegrees>
     </Position>
     <AltitudeMeters>840.8100000000001</AltitudeMeters>
     <DistanceMeters>8095.463773095204</DistanceMeters>
    </Trackpoint>
    <Trackpoint>
     <Time>2026-07-19T00:27:19+00:00</Time>
     <Position>
      <LatitudeDegrees>-33.5880200</LatitudeDegrees>
      <LongitudeDegrees>-70.4549100</LongitudeDegrees>
     </Position>
     <AltitudeMeters>844.55</AltitudeMeters>
     <DistanceMeters>8175.304268435193</DistanceMeters>
    </Trackpoint>
    <Trackpoint>
     <Time>2026-07-19T00:27:25+00:00</Time>
     <Position>
      <LatitudeDegrees>-33.5873633</LatitudeDegrees>
      <LongitudeDegrees>-70.4543900</LongitudeDegrees>
     </Position>
     <AltitudeMeters>845.22</AltitudeMeters>
     <DistanceMeters>8262.857944218711</DistanceMeters>
    </Trackpoint>
    <Trackpoint>
     <Time>2026-07-19T00:27:31+00:00</Time>
     <Position>
      <LatitudeDegrees>-33.5867067</LatitudeDegrees>
      <LongitudeDegrees>-70.4538700</LongitudeDegrees>
     </Position>
     <AltitudeMeters>844.0600000000001</AltitudeMeters>
     <DistanceMeters>8350.41162000253</DistanceMeters>
    </Trackpoint>
    <Trackpoint>
     <Time>2026-07-19T00:27:36+00:00</Time>
     <Position>
      <LatitudeDegrees>-33.5860500</LatitudeDegrees>
      <LongitudeDegrees>-70.4533500</LongitudeDegrees>
     </Position>
     <AltitudeMeters>849.38</AltitudeMeters>
     <DistanceMeters>8437.965292120476</DistanceMeters>
    </Trackpoint>
    <Trackpoint>
     <Time>2026-07-19T00:27:42+00:00</Time>
     <Position>
      <LatitudeDegrees>-33.5857400</LatitudeDegrees>
      <LongitudeDegrees>-70.4530400</LongitudeDegrees>
     </Position>
     <AltitudeMeters>851.2900000000001</AltitudeMeters>
     <DistanceMeters>8482.870296421981</DistanceMeters>
    </Trackpoint>
    <Trackpoint>
     <Time>2026-07-19T00:27:48+00:00</Time>
     <Position>
      <LatitudeDegrees>-33.5854900</LatitudeDegrees>
      <LongitudeDegrees>-70.4527200</LongitudeDegrees>
     </Position>
     <AltitudeMeters>852.87</AltitudeMeters>
     <DistanceMeters>8523.544945961165</DistanceMeters>
    </Trackpoint>
    <Trackpoint>
     <Time>2026-07-19T00:27:54+00:00</Time>
     <Position>
      <LatitudeDegrees>-33.5851200</LatitudeDegrees>
      <LongitudeDegrees>-70.4520950</LongitudeDegrees>
     </Position>
     <AltitudeMeters>851.08</AltitudeMeters>
     <DistanceMeters>8594.63429266979</DistanceMeters>
    </Trackpoint>
    <Trackpoint>
     <Time>2026-07-19T00:27:59+00:00</Time>
     <Position>
      <LatitudeDegrees>-33.5847500</LatitudeDegrees>
      <LongitudeDegrees>-70.4514700</LongitudeDegrees>
     </Position>
     <AltitudeMeters>846.99</AltitudeMeters>
     <DistanceMeters>8665.723623220936</DistanceMeters>
    </Trackpoint>
    <Trackpoint>
     <Time>2026-07-19T00:28:05+00:00</Time>
     <Position>
      <LatitudeDegrees>-33.5846200</LatitudeDegrees>
      <LongitudeDegrees>-70.4512000</LongitudeDegrees>
     </Position>
     <AltitudeMeters>846.9300000000001</AltitudeMeters>
     <DistanceMeters>8694.637569123475</DistanceMeters>
    </Trackpoint>
    <Trackpoint>
     <Time>2026-07-19T00:28:11+00:00</Time>
     <Position>
      <LatitudeDegrees>-33.5843100</LatitudeDegrees>
      <LongitudeDegrees>-70.4503900</LongitudeDegrees>
     </Position>
     <AltitudeMeters>849.4200000000001</AltitudeMeters>
     <DistanceMeters>8777.284519379577</DistanceMeters>
    </Trackpoint>
    <Trackpoint>
     <Time>2026-07-19T00:28:16+00:00</Time>
     <Position>
      <LatitudeDegrees>-33.5839567</LatitudeDegrees>
      <LongitudeDegrees>-70.4496500</LongitudeDegrees>
     </Position>
     <AltitudeMeters>850.0300000000001</AltitudeMeters>
     <DistanceMeters>8856.366274167935</DistanceMeters>
    </Trackpoint>
    <Trackpoint>
     <Time>2026-07-19T00:28:22+00:00</Time>
     <Position>
      <LatitudeDegrees>-33.5836033</LatitudeDegrees>
      <LongitudeDegrees>-70.4489100</LongitudeDegrees>
     </Position>
     <AltitudeMeters>850.19</AltitudeMeters>
     <DistanceMeters>8935.448028955585</DistanceMeters>
    </Trackpoint>
    <Trackpoint>
     <Time>2026-07-19T00:28:28+00:00</Time>
     <Position>
      <LatitudeDegrees>-33.5832500</LatitudeDegrees>
      <LongitudeDegrees>-70.4481700</LongitudeDegrees>
     </Position>
     <AltitudeMeters>849.5400000000001</AltitudeMeters>
     <DistanceMeters>9014.529787290892</DistanceMeters>
    </Trackpoint>
    <Trackpoint>
     <Time>2026-07-19T00:28:34+00:00</Time>
     <Position>
      <LatitudeDegrees>-33.5831400</LatitudeDegrees>
      <LongitudeDegrees>-70.4480200</LongitudeDegrees>
     </Position>
     <AltitudeMeters>849.2400000000001</AltitudeMeters>
     <DistanceMeters>9033.058306329636</DistanceMeters>
    </Trackpoint>
    <Trackpoint>
     <Time>2026-07-19T00:28:39+00:00</Time>
     <Position>
      <LatitudeDegrees>-33.5829900</LatitudeDegrees>
      <LongitudeDegrees>-70.4478500</LongitudeDegrees>
     </Position>
     <AltitudeMeters>848.5300000000001</AltitudeMeters>
     <DistanceMeters>9056.018007191464</DistanceMeters>
    </Trackpoint>
    <Trackpoint>
     <Time>2026-07-19T00:28:45+00:00</Time>
     <Position>
      <LatitudeDegrees>-33.5826000</LatitudeDegrees>
      <LongitudeDegrees>-70.4477100</LongitudeDegrees>
     </Position>
     <AltitudeMeters>847.1500000000001</AltitudeMeters>
     <DistanceMeters>9101.322742002456</DistanceMeters>
    </Trackpoint>
    <Trackpoint>
     <Time>2026-07-19T00:28:51+00:00</Time>
     <Position>
      <LatitudeDegrees>-33.5824900</LatitudeDegrees>
      <LongitudeDegrees>-70.4476200</LongitudeDegrees>
     </Position>
     <AltitudeMeters>846.82</AltitudeMeters>
     <DistanceMeters>9116.138748181174</DistanceMeters>
    </Trackpoint>
    <Trackpoint>
     <Time>2026-07-19T00:28:56+00:00</Time>
     <Position>
      <LatitudeDegrees>-33.5824000</LatitudeDegrees>
      <LongitudeDegrees>-70.4475300</LongitudeDegrees>
     </Position>
     <AltitudeMeters>846.22</AltitudeMeters>
     <DistanceMeters>9129.175898461432</DistanceMeters>
    </Trackpoint>
    <Trackpoint>
     <Time>2026-07-19T00:29:02+00:00</Time>
     <Position>
      <LatitudeDegrees>-33.5823100</LatitudeDegrees>
      <LongitudeDegrees>-70.4474000</LongitudeDegrees>
     </Position>
     <AltitudeMeters>845.77</AltitudeMeters>
     <DistanceMeters>9144.848173350974</DistanceMeters>
    </Trackpoint>
    <Trackpoint>
     <Time>2026-07-19T00:29:08+00:00</Time>
     <Position>
      <LatitudeDegrees>-33.5819050</LatitudeDegrees>
      <LongitudeDegrees>-70.4465250</LongitudeDegrees>
     </Position>
     <AltitudeMeters>841.7900000000001</AltitudeMeters>
     <DistanceMeters>9237.659102683185</DistanceMeters>
    </Trackpoint>
    <Trackpoint>
     <Time>2026-07-19T00:29:14+00:00</Time>
     <Position>
      <LatitudeDegrees>-33.5815000</LatitudeDegrees>
      <LongitudeDegrees>-70.4456500</LongitudeDegrees>
     </Position>
     <AltitudeMeters>841.5</AltitudeMeters>
     <DistanceMeters>9330.470032017398</DistanceMeters>
    </Trackpoint>
    <Trackpoint>
     <Time>2026-07-19T00:29:19+00:00</Time>
     <Position>
      <LatitudeDegrees>-33.5810950</LatitudeDegrees>
      <LongitudeDegrees>-70.4447750</LongitudeDegrees>
     </Position>
     <AltitudeMeters>842.2400000000001</AltitudeMeters>
     <DistanceMeters>9423.28096135013</DistanceMeters>
    </Trackpoint>
    <Trackpoint>
     <Time>2026-07-19T00:29:25+00:00</Time>
     <Position>
      <LatitudeDegrees>-33.5806900</LatitudeDegrees>
      <LongitudeDegrees>-70.4439000</LongitudeDegrees>
     </Position>
     <AltitudeMeters>843.13</AltitudeMeters>
     <DistanceMeters>9516.091904114874</DistanceMeters>
    </Trackpoint>
    <Trackpoint>
     <Time>2026-07-19T00:29:31+00:00</Time>
     <Position>
      <LatitudeDegrees>-33.5805000</LatitudeDegrees>
      <LongitudeDegrees>-70.4433600</LongitudeDegrees>
     </Position>
     <AltitudeMeters>843.3900000000001</AltitudeMeters>
     <DistanceMeters>9570.443728002065</DistanceMeters>
    </Trackpoint>
    <Trackpoint>
     <Time>2026-07-19T00:29:36+00:00</Time>
     <Position>
      <LatitudeDegrees>-33.5804100</LatitudeDegrees>
      <LongitudeDegrees>-70.4428300</LongitudeDegrees>
     </Position>
     <AltitudeMeters>843.4200000000001</AltitudeMeters>
     <DistanceMeters>9620.596589975314</DistanceMeters>
    </Trackpoint>
    <Trackpoint>
     <Time>2026-07-19T00:29:42+00:00</Time>
     <Position>
      <LatitudeDegrees>-33.5804300</LatitudeDegrees>
      <LongitudeDegrees>-70.4423700</LongitudeDegrees>
     </Position>
     <AltitudeMeters>843.44</AltitudeMeters>
     <DistanceMeters>9663.306558990324</DistanceMeters>
    </Trackpoint>
    <Trackpoint>
     <Time>2026-07-19T00:29:48+00:00</Time>
     <Position>
      <LatitudeDegrees>-33.5805500</LatitudeDegrees>
      <LongitudeDegrees>-70.4418000</LongitudeDegrees>
     </Position>
     <AltitudeMeters>843.35</AltitudeMeters>
     <DistanceMeters>9717.819164696319</DistanceMeters>
    </Trackpoint>
    <Trackpoint>
     <Time>2026-07-19T00:29:54+00:00</Time>
     <Position>
      <LatitudeDegrees>-33.5805933</LatitudeDegrees>
      <LongitudeDegrees>-70.4408167</LongitudeDegrees>
     </Position>
     <AltitudeMeters>839.5400000000001</AltitudeMeters>
     <DistanceMeters>9809.12264792512</DistanceMeters>
    </Trackpoint>
    <Trackpoint>
     <Time>2026-07-19T00:29:59+00:00</Time>
     <Position>
      <LatitudeDegrees>-33.5806367</LatitudeDegrees>
      <LongitudeDegrees>-70.4398333</LongitudeDegrees>
     </Position>
     <AltitudeMeters>833.25</AltitudeMeters>
     <DistanceMeters>9900.426131151526</DistanceMeters>
    </Trackpoint>
    <Trackpoint>
     <Time>2026-07-19T00:30:05+00:00</Time>
     <Position>
      <LatitudeDegrees>-33.5806800</LatitudeDegrees>
      <LongitudeDegrees>-70.4388500</LongitudeDegrees>
     </Position>
     <AltitudeMeters>830.59</AltitudeMeters>
     <DistanceMeters>9991.729591597723</DistanceMeters>
    </Trackpoint>
    <Trackpoint>
     <Time>2026-07-19T00:30:11+00:00</Time>
     <Position>
      <LatitudeDegrees>-33.5806800</LatitudeDegrees>
      <LongitudeDegrees>-70.4383900</LongitudeDegrees>
     </Position>
     <AltitudeMeters>829.8700000000001</AltitudeMeters>
     <DistanceMeters>10034.381388753</DistanceMeters>
    </Trackpoint>
    <Trackpoint>
     <Time>2026-07-19T00:30:17+00:00</Time>
     <Position>
      <LatitudeDegrees>-33.5805450</LatitudeDegrees>
      <LongitudeDegrees>-70.4377950</LongitudeDegrees>
     </Position>
     <AltitudeMeters>828.91</AltitudeMeters>
     <DistanceMeters>10091.560027704198</DistanceMeters>
    </Trackpoint>
    <Trackpoint>
     <Time>2026-07-19T00:30:22+00:00</Time>
     <Position>
      <LatitudeDegrees>-33.5804100</LatitudeDegrees>
      <LongitudeDegrees>-70.4372000</LongitudeDegrees>
     </Position>
     <AltitudeMeters>828.45</AltitudeMeters>
     <DistanceMeters>10148.738640017518</DistanceMeters>
    </Trackpoint>
    <Trackpoint>
     <Time>2026-07-19T00:30:28+00:00</Time>
     <Position>
      <LatitudeDegrees>-33.5803500</LatitudeDegrees>
      <LongitudeDegrees>-70.4367600</LongitudeDegrees>
     </Position>
     <AltitudeMeters>828.71</AltitudeMeters>
     <DistanceMeters>10190.079047488009</DistanceMeters>
    </Trackpoint>
    <Trackpoint>
     <Time>2026-07-19T00:30:34+00:00</Time>
     <Position>
      <LatitudeDegrees>-33.5803500</LatitudeDegrees>
      <LongitudeDegrees>-70.4367500</LongitudeDegrees>
     </Position>
     <AltitudeMeters>828.71</AltitudeMeters>
     <DistanceMeters>10190.079047488009</DistanceMeters>
    </Trackpoint>
    <Trackpoint>
     <Time>2026-07-19T00:30:39+00:00</Time>
     <Position>
      <LatitudeDegrees>-33.5803600</LatitudeDegrees>
      <LongitudeDegrees>-70.4358700</LongitudeDegrees>
     </Position>
     <AltitudeMeters>831.0500000000001</AltitudeMeters>
     <DistanceMeters>10271.681699068062</DistanceMeters>
    </Trackpoint>
    <Trackpoint>
     <Time>2026-07-19T00:30:45+00:00</Time>
     <Position>
      <LatitudeDegrees>-33.5803700</LatitudeDegrees>
      <LongitudeDegrees>-70.4349900</LongitudeDegrees>
     </Position>
     <AltitudeMeters>834.79</AltitudeMeters>
     <DistanceMeters>10353.284317390373</DistanceMeters>
    </Trackpoint>
    <Trackpoint>
     <Time>2026-07-19T00:30:51+00:00</Time>
     <Position>
      <LatitudeDegrees>-33.5804100</LatitudeDegrees>
      <LongitudeDegrees>-70.4346000</LongitudeDegrees>
     </Position>
     <AltitudeMeters>837.0000000000001</AltitudeMeters>
     <DistanceMeters>10389.718746515493</DistanceMeters>
    </Trackpoint>
    <Trackpoint>
     <Time>2026-07-19T00:30:57+00:00</Time>
     <Position>
      <LatitudeDegrees>-33.5805100</LatitudeDegrees>
      <LongitudeDegrees>-70.4341900</LongitudeDegrees>
     </Position>
     <AltitudeMeters>838.47</AltitudeMeters>
     <DistanceMeters>10429.3302416815</DistanceMeters>
    </Trackpoint>
    <Trackpoint>
     <Time>2026-07-19T00:31:02+00:00</Time>
     <Position>
      <LatitudeDegrees>-33.5808650</LatitudeDegrees>
      <LongitudeDegrees>-70.4332050</LongitudeDegrees>
     </Position>
     <AltitudeMeters>846.0900000000001</AltitudeMeters>
     <DistanceMeters>10528.840338780927</DistanceMeters>
    </Trackpoint>
    <Trackpoint>
     <Time>2026-07-19T00:31:08+00:00</Time>
     <Position>
      <LatitudeDegrees>-33.5812200</LatitudeDegrees>
      <LongitudeDegrees>-70.4322200</LongitudeDegrees>
     </Position>
     <AltitudeMeters>850.33</AltitudeMeters>
     <DistanceMeters>10628.350421614903</DistanceMeters>
    </Trackpoint>
    <Trackpoint>
     <Time>2026-07-19T00:31:14+00:00</Time>
     <Position>
      <LatitudeDegrees>-33.5812800</LatitudeDegrees>
      <LongitudeDegrees>-70.4320000</LongitudeDegrees>
     </Position>
     <AltitudeMeters>850.6400000000001</AltitudeMeters>
     <DistanceMeters>10649.81418407945</DistanceMeters>
    </Trackpoint>
    <Trackpoint>
     <Time>2026-07-19T00:31:19+00:00</Time>
     <Position>
      <LatitudeDegrees>-33.5813100</LatitudeDegrees>
      <LongitudeDegrees>-70.4317700</LongitudeDegrees>
     </Position>
     <AltitudeMeters>851.6700000000001</AltitudeMeters>
     <DistanceMeters>10671.399723766839</DistanceMeters>
    </Trackpoint>
    <Trackpoint>
     <Time>2026-07-19T00:31:25+00:00</Time>
     <Position>
      <LatitudeDegrees>-33.5813300</LatitudeDegrees>
      <LongitudeDegrees>-70.4315500</LongitudeDegrees>
     </Position>
     <AltitudeMeters>852.1800000000001</AltitudeMeters>
     <DistanceMeters>10691.919345928718</DistanceMeters>
    </Trackpoint>
    <Trackpoint>
     <Time>2026-07-19T00:31:31+00:00</Time>
     <Position>
      <LatitudeDegrees>-33.5813700</LatitudeDegrees>
      <LongitudeDegrees>-70.4305660</LongitudeDegrees>
     </Position>
     <AltitudeMeters>855.8500000000001</AltitudeMeters>
     <DistanceMeters>10783.26475106047</DistanceMeters>
    </Trackpoint>
    <Trackpoint>
     <Time>2026-07-19T00:31:37+00:00</Time>
     <Position>
      <LatitudeDegrees>-33.5814101</LatitudeDegrees>
      <LongitudeDegrees>-70.4295820</LongitudeDegrees>
     </Position>
     <AltitudeMeters>859.04</AltitudeMeters>
     <DistanceMeters>10874.61015619315</DistanceMeters>
    </Trackpoint>
    <Trackpoint>
     <Time>2026-07-19T00:31:42+00:00</Time>
     <Position>
      <LatitudeDegrees>-33.5814501</LatitudeDegrees>
      <LongitudeDegrees>-70.4285980</LongitudeDegrees>
     </Position>
     <AltitudeMeters>861.0300000000001</AltitudeMeters>
     <DistanceMeters>10965.955561324557</DistanceMeters>
    </Trackpoint>
    <Trackpoint>
     <Time>2026-07-19T00:31:48+00:00</Time>
     <Position>
      <LatitudeDegrees>-33.5814901</LatitudeDegrees>
      <LongitudeDegrees>-70.4276140</LongitudeDegrees>
     </Position>
     <AltitudeMeters>861.9300000000001</AltitudeMeters>
     <DistanceMeters>11057.300966457688</DistanceMeters>
    </Trackpoint>
    <Trackpoint>
     <Time>2026-07-19T00:31:54+00:00</Time>
     <Position>
      <LatitudeDegrees>-33.5815301</LatitudeDegrees>
      <LongitudeDegrees>-70.4266300</LongitudeDegrees>
     </Position>
     <AltitudeMeters>862.83</AltitudeMeters>
     <DistanceMeters>11148.646371590454</DistanceMeters>
    </Trackpoint>
    <Trackpoint>
     <Time>2026-07-19T00:31:59+00:00</Time>
     <Position>
      <LatitudeDegrees>-33.5815701</LatitudeDegrees>
      <LongitudeDegrees>-70.4256460</LongitudeDegrees>
     </Position>
     <AltitudeMeters>864.8100000000001</AltitudeMeters>
     <DistanceMeters>11239.991776722054</DistanceMeters>
    </Trackpoint>
    <Trackpoint>
     <Time>2026-07-19T00:32:05+00:00</Time>
     <Position>
      <LatitudeDegrees>-33.5816101</LatitudeDegrees>
      <LongitudeDegrees>-70.4246620</LongitudeDegrees>
     </Position>
     <AltitudeMeters>869.77</AltitudeMeters>
     <DistanceMeters>11331.337181854044</DistanceMeters>
    </Trackpoint>
    <Trackpoint>
     <Time>2026-07-19T00:32:11+00:00</Time>
     <Position>
      <LatitudeDegrees>-33.5816501</LatitudeDegrees>
      <LongitudeDegrees>-70.4236780</LongitudeDegrees>
     </Position>
     <AltitudeMeters>872.2800000000001</AltitudeMeters>
     <DistanceMeters>11422.682586985738</DistanceMeters>
    </Trackpoint>
    <Trackpoint>
     <Time>2026-07-19T00:32:17+00:00</Time>
     <Position>
      <LatitudeDegrees>-33.5816900</LatitudeDegrees>
      <LongitudeDegrees>-70.4226940</LongitudeDegrees>
     </Position>
     <AltitudeMeters>868.75</AltitudeMeters>
     <DistanceMeters>11514.027992117535</DistanceMeters>
    </Trackpoint>
    <Trackpoint>
     <Time>2026-07-19T00:32:22+00:00</Time>
     <Position>
      <LatitudeDegrees>-33.5817300</LatitudeDegrees>
      <LongitudeDegrees>-70.4217100</LongitudeDegrees>
     </Position>
     <AltitudeMeters>867.3700000000001</AltitudeMeters>
     <DistanceMeters>11605.373403564832</DistanceMeters>
    </Trackpoint>
    <Trackpoint>
     <Time>2026-07-19T00:32:28+00:00</Time>
     <Position>
      <LatitudeDegrees>-33.5817800</LatitudeDegrees>
      <LongitudeDegrees>-70.4214700</LongitudeDegrees>
     </Position>
     <AltitudeMeters>867.33</AltitudeMeters>
     <DistanceMeters>11628.31148233602</DistanceMeters>
    </Trackpoint>
    <Trackpoint>
     <Time>2026-07-19T00:32:34+00:00</Time>
     <Position>
      <LatitudeDegrees>-33.5818400</LatitudeDegrees>
      <LongitudeDegrees>-70.4212900</LongitudeDegrees>
     </Position>
     <AltitudeMeters>867.33</AltitudeMeters>
     <DistanceMeters>11646.287451712422</DistanceMeters>
    </Trackpoint>
    <Trackpoint>
     <Time>2026-07-19T00:32:40+00:00</Time>
     <Position>
      <LatitudeDegrees>-33.5821600</LatitudeDegrees>
      <LongitudeDegrees>-70.4208500</LongitudeDegrees>
     </Position>
     <AltitudeMeters>867.09</AltitudeMeters>
     <DistanceMeters>11700.4425581526</DistanceMeters>
    </Trackpoint>
    <Trackpoint>
     <Time>2026-07-19T00:32:45+00:00</Time>
     <Position>
      <LatitudeDegrees>-33.5822700</LatitudeDegrees>
      <LongitudeDegrees>-70.4205800</LongitudeDegrees>
     </Position>
     <AltitudeMeters>867.21</AltitudeMeters>
     <DistanceMeters>11728.310027525815</DistanceMeters>
    </Trackpoint>
    <Trackpoint>
     <Time>2026-07-19T00:32:51+00:00</Time>
     <Position>
      <LatitudeDegrees>-33.5824050</LatitudeDegrees>
      <LongitudeDegrees>-70.4199550</LongitudeDegrees>
     </Position>
     <AltitudeMeters>867.0000000000001</AltitudeMeters>
     <DistanceMeters>11788.175795677738</DistanceMeters>
    </Trackpoint>
    <Trackpoint>
     <Time>2026-07-19T00:32:57+00:00</Time>
     <Position>
      <LatitudeDegrees>-33.5825400</LatitudeDegrees>
      <LongitudeDegrees>-70.4193300</LongitudeDegrees>
     </Position>
     <AltitudeMeters>865.08</AltitudeMeters>
     <DistanceMeters>11848.041567291171</DistanceMeters>
    </Trackpoint>
    <Trackpoint>
     <Time>2026-07-19T00:33:02+00:00</Time>
     <Position>
      <LatitudeDegrees>-33.5826700</LatitudeDegrees>
      <LongitudeDegrees>-70.4190100</LongitudeDegrees>
     </Position>
     <AltitudeMeters>863.4900000000001</AltitudeMeters>
     <DistanceMeters>11881.051470655279</DistanceMeters>
    </Trackpoint>
    <Trackpoint>
     <Time>2026-07-19T00:33:08+00:00</Time>
     <Position>
      <LatitudeDegrees>-33.5828300</LatitudeDegrees>
      <LongitudeDegrees>-70.4187400</LongitudeDegrees>
     </Position>
     <AltitudeMeters>861.77</AltitudeMeters>
     <DistanceMeters>11911.772943763446</DistanceMeters>
    </Trackpoint>
    <Trackpoint>
     <Time>2026-07-19T00:33:14+00:00</Time>
     <Position>
      <LatitudeDegrees>-33.5830300</LatitudeDegrees>
      <LongitudeDegrees>-70.4185100</LongitudeDegrees>
     </Position>
     <AltitudeMeters>859.11</AltitudeMeters>
     <DistanceMeters>11942.598896557018</DistanceMeters>
    </Trackpoint>
    <Trackpoint>
     <Time>2026-07-19T00:33:20+00:00</Time>
     <Position>
      <LatitudeDegrees>-33.5834933</LatitudeDegrees>
      <LongitudeDegrees>-70.4177200</LongitudeDegrees>
     </Position>
     <AltitudeMeters>855.71</AltitudeMeters>
     <DistanceMeters>12032.177432793062</DistanceMeters>
    </Trackpoint>
    <Trackpoint>
     <Time>2026-07-19T00:33:25+00:00</Time>
     <Position>
      <LatitudeDegrees>-33.5839567</LatitudeDegrees>
      <LongitudeDegrees>-70.4169300</LongitudeDegrees>
     </Position>
     <AltitudeMeters>854.4100000000001</AltitudeMeters>
     <DistanceMeters>12121.755969030964</DistanceMeters>
    </Trackpoint>
    <Trackpoint>
     <Time>2026-07-19T00:33:31+00:00</Time>
     <Position>
      <LatitudeDegrees>-33.5844200</LatitudeDegrees>
      <LongitudeDegrees>-70.4161400</LongitudeDegrees>
     </Position>
     <AltitudeMeters>855.4200000000001</AltitudeMeters>
     <DistanceMeters>12211.334495953168</DistanceMeters>
    </Trackpoint>
    <Trackpoint>
     <Time>2026-07-19T00:33:37+00:00</Time>
     <Position>
      <LatitudeDegrees>-33.5848200</LatitudeDegrees>
      <LongitudeDegrees>-70.4156100</LongitudeDegrees>
     </Position>
     <AltitudeMeters>858.5</AltitudeMeters>
     <DistanceMeters>12277.641512775403</DistanceMeters>
    </Trackpoint>
    <Trackpoint>
     <Time>2026-07-19T00:33:42+00:00</Time>
     <Position>
      <LatitudeDegrees>-33.5849800</LatitudeDegrees>
      <LongitudeDegrees>-70.4153400</LongitudeDegrees>
     </Position>
     <AltitudeMeters>859.11</AltitudeMeters>
     <DistanceMeters>12308.362477613164</DistanceMeters>
    </Trackpoint>
    <Trackpoint>
     <Time>2026-07-19T00:33:48+00:00</Time>
     <Position>
      <LatitudeDegrees>-33.5852800</LatitudeDegrees>
      <LongitudeDegrees>-70.4146700</LongitudeDegrees>
     </Position>
     <AltitudeMeters>860.99</AltitudeMeters>
     <DistanceMeters>12378.886894025873</DistanceMeters>
    </Trackpoint>
    <Trackpoint>
     <Time>2026-07-19T00:33:54+00:00</Time>
     <Position>
      <LatitudeDegrees>-33.5855800</LatitudeDegrees>
      <LongitudeDegrees>-70.4140000</LongitudeDegrees>
     </Position>
     <AltitudeMeters>861.3000000000001</AltitudeMeters>
     <DistanceMeters>12449.411330956156</DistanceMeters>
    </Trackpoint>
    <Trackpoint>
     <Time>2026-07-19T00:34:00+00:00</Time>
     <Position>
      <LatitudeDegrees>-33.5858100</LatitudeDegrees>
      <LongitudeDegrees>-70.4131500</LongitudeDegrees>
     </Position>
     <AltitudeMeters>860.7300000000001</AltitudeMeters>
     <DistanceMeters>12532.272909854819</DistanceMeters>
    </Trackpoint>
    <Trackpoint>
     <Time>2026-07-19T00:34:05+00:00</Time>
     <Position>
      <LatitudeDegrees>-33.5859800</LatitudeDegrees>
      <LongitudeDegrees>-70.4127900</LongitudeDegrees>
     </Position>
     <AltitudeMeters>859.5100000000001</AltitudeMeters>
     <DistanceMeters>12570.640135112375</DistanceMeters>
    </Trackpoint>
    <Trackpoint>
     <Time>2026-07-19T00:34:11+00:00</Time>
     <Position>
      <LatitudeDegrees>-33.5864100</LatitudeDegrees>
      <LongitudeDegrees>-70.4120300</LongitudeDegrees>
     </Position>
     <AltitudeMeters>856.3600000000001</AltitudeMeters>
     <DistanceMeters>12655.818986247363</DistanceMeters>
    </Trackpoint>
    <Trackpoint>
     <Time>2026-07-19T00:34:17+00:00</Time>
     <Position>
      <LatitudeDegrees>-33.5867200</LatitudeDegrees>
      <LongitudeDegrees>-70.4115400</LongitudeDegrees>
     </Position>
     <AltitudeMeters>853.7300000000001</AltitudeMeters>
     <DistanceMeters>12712.865284685624</DistanceMeters>
    </Trackpoint>
    <Trackpoint>
     <Time>2026-07-19T00:34:23+00:00</Time>
     <Position>
      <LatitudeDegrees>-33.5870800</LatitudeDegrees>
      <LongitudeDegrees>-70.4111300</LongitudeDegrees>
     </Position>
     <AltitudeMeters>850.3600000000001</AltitudeMeters>
     <DistanceMeters>12768.094874124155</DistanceMeters>
    </Trackpoint>
    <Trackpoint>
     <Time>2026-07-19T00:34:28+00:00</Time>
     <Position>
      <LatitudeDegrees>-33.5874100</LatitudeDegrees>
      <LongitudeDegrees>-70.4106800</LongitudeDegrees>
     </Position>
     <AltitudeMeters>846.04</AltitudeMeters>
     <DistanceMeters>12823.678961298549</DistanceMeters>
    </Trackpoint>
    <Trackpoint>
     <Time>2026-07-19T00:34:34+00:00</Time>
     <Position>
      <LatitudeDegrees>-33.5881100</LatitudeDegrees>
      <LongitudeDegrees>-70.4101500</LongitudeDegrees>
     </Position>
     <AltitudeMeters>843.08</AltitudeMeters>
     <DistanceMeters>12915.787945967886</DistanceMeters>
    </Trackpoint>
    <Trackpoint>
     <Time>2026-07-19T00:34:40+00:00</Time>
     <Position>
      <LatitudeDegrees>-33.5884500</LatitudeDegrees>
      <LongitudeDegrees>-70.4097900</LongitudeDegrees>
     </Position>
     <AltitudeMeters>843.73</AltitudeMeters>
     <DistanceMeters>12966.244974458858</DistanceMeters>
    </Trackpoint>
    <Trackpoint>
     <Time>2026-07-19T00:34:45+00:00</Time>
     <Position>
      <LatitudeDegrees>-33.5886500</LatitudeDegrees>
      <LongitudeDegrees>-70.4093000</LongitudeDegrees>
     </Position>
     <AltitudeMeters>845.95</AltitudeMeters>
     <DistanceMeters>13016.834397689165</DistanceMeters>
    </Trackpoint>
    <Trackpoint>
     <Time>2026-07-19T00:34:51+00:00</Time>
     <Position>
      <LatitudeDegrees>-33.5887600</LatitudeDegrees>
      <LongitudeDegrees>-70.4089500</LongitudeDegrees>
     </Position>
     <AltitudeMeters>848.2900000000001</AltitudeMeters>
     <DistanceMeters>13051.516458305417</DistanceMeters>
    </Trackpoint>
    <Trackpoint>
     <Time>2026-07-19T00:34:57+00:00</Time>
     <Position>
      <LatitudeDegrees>-33.5888850</LatitudeDegrees>
      <LongitudeDegrees>-70.4082950</LongitudeDegrees>
     </Position>
     <AltitudeMeters>852.48</AltitudeMeters>
     <DistanceMeters>13113.816321533868</DistanceMeters>
    </Trackpoint>
    <Trackpoint>
     <Time>2026-07-19T00:35:03+00:00</Time>
     <Position>
      <LatitudeDegrees>-33.5890100</LatitudeDegrees>
      <LongitudeDegrees>-70.4076400</LongitudeDegrees>
     </Position>
     <AltitudeMeters>859.21</AltitudeMeters>
     <DistanceMeters>13176.116165371863</DistanceMeters>
    </Trackpoint>
    <Trackpoint>
     <Time>2026-07-19T00:35:08+00:00</Time>
     <Position>
      <LatitudeDegrees>-33.5891000</LatitudeDegrees>
      <LongitudeDegrees>-70.4071900</LongitudeDegrees>
     </Position>
     <AltitudeMeters>862.48</AltitudeMeters>
     <DistanceMeters>13219.02228968493</DistanceMeters>
    </Trackpoint>
    <Trackpoint>
     <Time>2026-07-19T00:35:14+00:00</Time>
     <Position>
      <LatitudeDegrees>-33.5893400</LatitudeDegrees>
      <LongitudeDegrees>-70.4067000</LongitudeDegrees>
     </Position>
     <AltitudeMeters>865.6600000000001</AltitudeMeters>
     <DistanceMeters>13271.722044002436</DistanceMeters>
    </Trackpoint>
    <Trackpoint>
     <Time>2026-07-19T00:35:20+00:00</Time>
     <Position>
      <LatitudeDegrees>-33.5897350</LatitudeDegrees>
      <LongitudeDegrees>-70.4060500</LongitudeDegrees>
     </Position>
     <AltitudeMeters>868.33</AltitudeMeters>
     <DistanceMeters>13346.315685126201</DistanceMeters>
    </Trackpoint>
    <Trackpoint>
     <Time>2026-07-19T00:35:25+00:00</Time>
     <Position>
      <LatitudeDegrees>-33.5901300</LatitudeDegrees>
      <LongitudeDegrees>-70.4054000</LongitudeDegrees>
     </Position>
     <AltitudeMeters>872.1200000000001</AltitudeMeters>
     <DistanceMeters>13420.909315833174</DistanceMeters>
    </Trackpoint>
    <Trackpoint>
     <Time>2026-07-19T00:35:31+00:00</Time>
     <Position>
      <LatitudeDegrees>-33.5903833</LatitudeDegrees>
      <LongitudeDegrees>-70.4046700</LongitudeDegrees>
     </Position>
     <AltitudeMeters>871.58</AltitudeMeters>
     <DistanceMeters>13494.226279932145</DistanceMeters>
    </Trackpoint>
    <Trackpoint>
     <Time>2026-07-19T00:35:37+00:00</Time>
     <Position>
      <LatitudeDegrees>-33.5906367</LatitudeDegrees>
      <LongitudeDegrees>-70.4039400</LongitudeDegrees>
     </Position>
     <AltitudeMeters>872.36</AltitudeMeters>
     <DistanceMeters>13567.543244029808</DistanceMeters>
    </Trackpoint>
    <Trackpoint>
     <Time>2026-07-19T00:35:43+00:00</Time>
     <Position>
      <LatitudeDegrees>-33.5908900</LatitudeDegrees>
      <LongitudeDegrees>-70.4032100</LongitudeDegrees>
     </Position>
     <AltitudeMeters>875.6600000000001</AltitudeMeters>
     <DistanceMeters>13640.860216843123</DistanceMeters>
    </Trackpoint>
    <Trackpoint>
     <Time>2026-07-19T00:35:48+00:00</Time>
     <Position>
      <LatitudeDegrees>-33.5911350</LatitudeDegrees>
      <LongitudeDegrees>-70.4024450</LongitudeDegrees>
     </Position>
     <AltitudeMeters>881.69</AltitudeMeters>
     <DistanceMeters>13716.844511563828</DistanceMeters>
    </Trackpoint>
    <Trackpoint>
     <Time>2026-07-19T00:35:54+00:00</Time>
     <Position>
      <LatitudeDegrees>-33.5913800</LatitudeDegrees>
      <LongitudeDegrees>-70.4016800</LongitudeDegrees>
     </Position>
     <AltitudeMeters>887.73</AltitudeMeters>
     <DistanceMeters>13792.828812083482</DistanceMeters>
    </Trackpoint>
    <Trackpoint>
     <Time>2026-07-19T00:36:00+00:00</Time>
     <Position>
      <LatitudeDegrees>-33.5916867</LatitudeDegrees>
      <LongitudeDegrees>-70.4008467</LongitudeDegrees>
     </Position>
     <AltitudeMeters>891.96</AltitudeMeters>
     <DistanceMeters>13877.28982374453</DistanceMeters>
    </Trackpoint>
    <Trackpoint>
     <Time>2026-07-19T00:36:05+00:00</Time>
     <Position>
      <LatitudeDegrees>-33.5919933</LatitudeDegrees>
      <LongitudeDegrees>-70.4000133</LongitudeDegrees>
     </Position>
     <AltitudeMeters>890.1500000000001</AltitudeMeters>
     <DistanceMeters>13961.750835405786</DistanceMeters>
    </Trackpoint>
    <Trackpoint>
     <Time>2026-07-19T00:36:11+00:00</Time>
     <Position>
      <LatitudeDegrees>-33.5923000</LatitudeDegrees>
      <LongitudeDegrees>-70.3991800</LongitudeDegrees>
     </Position>
     <AltitudeMeters>888.9</AltitudeMeters>
     <DistanceMeters>14046.211868403298</DistanceMeters>
    </Trackpoint>
    <Trackpoint>
     <Time>2026-07-19T00:36:17+00:00</Time>
     <Position>
      <LatitudeDegrees>-33.5924800</LatitudeDegrees>
      <LongitudeDegrees>-70.3986400</LongitudeDegrees>
     </Position>
     <AltitudeMeters>890.47</AltitudeMeters>
     <DistanceMeters>14100.134076586779</DistanceMeters>
    </Trackpoint>
    <Trackpoint>
     <Time>2026-07-19T00:36:23+00:00</Time>
     <Position>
      <LatitudeDegrees>-33.5926700</LatitudeDegrees>
      <LongitudeDegrees>-70.3978150</LongitudeDegrees>
     </Position>
     <AltitudeMeters>891.2500000000001</AltitudeMeters>
     <DistanceMeters>14179.487914796058</DistanceMeters>
    </Trackpoint>
    <Trackpoint>
     <Time>2026-07-19T00:36:28+00:00</Time>
     <Position>
      <LatitudeDegrees>-33.5928600</LatitudeDegrees>
      <LongitudeDegrees>-70.3969900</LongitudeDegrees>
     </Position>
     <AltitudeMeters>888.97</AltitudeMeters>
     <DistanceMeters>14258.841741089971</DistanceMeters>
    </Trackpoint>
    <Trackpoint>
     <Time>2026-07-19T00:36:34+00:00</Time>
     <Position>
      <LatitudeDegrees>-33.5929500</LatitudeDegrees>
      <LongitudeDegrees>-70.3962700</LongitudeDegrees>
     </Position>
     <AltitudeMeters>882.6700000000001</AltitudeMeters>
     <DistanceMeters>14326.33898902539</DistanceMeters>
    </Trackpoint>
    <Trackpoint>
     <Time>2026-07-19T00:36:40+00:00</Time>
     <Position>
      <LatitudeDegrees>-33.5932080</LatitudeDegrees>
      <LongitudeDegrees>-70.3952380</LongitudeDegrees>
     </Position>
     <AltitudeMeters>876.97</AltitudeMeters>
     <DistanceMeters>14426.229104635539</DistanceMeters>
    </Trackpoint>
    <Trackpoint>
     <Time>2026-07-19T00:36:46+00:00</Time>
     <Position>
      <LatitudeDegrees>-33.5934660</LatitudeDegrees>
      <LongitudeDegrees>-70.3942060</LongitudeDegrees>
     </Position>
     <AltitudeMeters>872.44</AltitudeMeters>
     <DistanceMeters>14526.119220245484</DistanceMeters>
    </Trackpoint>
    <Trackpoint>
     <Time>2026-07-19T00:36:51+00:00</Time>
     <Position>
      <LatitudeDegrees>-33.5937240</LatitudeDegrees>
      <LongitudeDegrees>-70.3931740</LongitudeDegrees>
     </Position>
     <AltitudeMeters>871.7800000000001</AltitudeMeters>
     <DistanceMeters>14626.009335856514</DistanceMeters>
    </Trackpoint>
    <Trackpoint>
     <Time>2026-07-19T00:36:57+00:00</Time>
     <Position>
      <LatitudeDegrees>-33.5939820</LatitudeDegrees>
      <LongitudeDegrees>-70.3921420</LongitudeDegrees>
     </Position>
     <AltitudeMeters>874.95</AltitudeMeters>
     <DistanceMeters>14725.89945146593</DistanceMeters>
    </Trackpoint>
    <Trackpoint>
     <Time>2026-07-19T00:37:03+00:00</Time>
     <Position>
      <LatitudeDegrees>-33.5942400</LatitudeDegrees>
      <LongitudeDegrees>-70.3911100</LongitudeDegrees>
     </Position>
     <AltitudeMeters>878.0500000000001</AltitudeMeters>
     <DistanceMeters>14825.78957268329</DistanceMeters>
    </Trackpoint>
    <Trackpoint>
     <Time>2026-07-19T00:37:08+00:00</Time>
     <Position>
      <LatitudeDegrees>-33.5944150</LatitudeDegrees>
      <LongitudeDegrees>-70.3905450</LongitudeDegrees>
     </Position>
     <AltitudeMeters>880.0500000000001</AltitudeMeters>
     <DistanceMeters>14881.672691551492</DistanceMeters>
    </Trackpoint>
    <Trackpoint>
     <Time>2026-07-19T00:37:14+00:00</Time>
     <Position>
      <LatitudeDegrees>-33.5945900</LatitudeDegrees>
      <LongitudeDegrees>-70.3899800</LongitudeDegrees>
     </Position>
     <AltitudeMeters>880.8900000000001</AltitudeMeters>
     <DistanceMeters>14937.555820667338</DistanceMeters>
    </Trackpoint>
    <Trackpoint>
     <Time>2026-07-19T00:37:20+00:00</Time>
     <Position>
      <LatitudeDegrees>-33.5948400</LatitudeDegrees>
      <LongitudeDegrees>-70.3892250</LongitudeDegrees>
     </Position>
     <AltitudeMeters>880.57</AltitudeMeters>
     <DistanceMeters>15012.876302687384</DistanceMeters>
    </Trackpoint>
    <Trackpoint>
     <Time>2026-07-19T00:37:26+00:00</Time>
     <Position>
      <LatitudeDegrees>-33.5950900</LatitudeDegrees>
      <LongitudeDegrees>-70.3884700</LongitudeDegrees>
     </Position>
     <AltitudeMeters>878.7800000000001</AltitudeMeters>
     <DistanceMeters>15088.196784706353</DistanceMeters>
    </Trackpoint>
    <Trackpoint>
     <Time>2026-07-19T00:37:31+00:00</Time>
     <Position>
      <LatitudeDegrees>-33.5953400</LatitudeDegrees>
      <LongitudeDegrees>-70.3877150</LongitudeDegrees>
     </Position>
     <AltitudeMeters>881.1200000000001</AltitudeMeters>
     <DistanceMeters>15163.517266726241</DistanceMeters>
    </Trackpoint>
    <Trackpoint>
     <Time>2026-07-19T00:37:37+00:00</Time>
     <Position>
      <LatitudeDegrees>-33.5955900</LatitudeDegrees>
      <LongitudeDegrees>-70.3869600</LongitudeDegrees>
     </Position>
     <AltitudeMeters>883.07</AltitudeMeters>
     <DistanceMeters>15238.837748641738</DistanceMeters>
    </Trackpoint>
    <Trackpoint>
     <Time>2026-07-19T00:37:43+00:00</Time>
     <Position>
      <LatitudeDegrees>-33.5957250</LatitudeDegrees>
      <LongitudeDegrees>-70.3863650</LongitudeDegrees>
     </Position>
     <AltitudeMeters>882.9800000000001</AltitudeMeters>
     <DistanceMeters>15296.007030690349</DistanceMeters>
    </Trackpoint>
    <Trackpoint>
     <Time>2026-07-19T00:37:48+00:00</Time>
     <Position>
      <LatitudeDegrees>-33.5958600</LatitudeDegrees>
      <LongitudeDegrees>-70.3857700</LongitudeDegrees>
     </Position>
     <AltitudeMeters>882.59</AltitudeMeters>
     <DistanceMeters>15353.176270139855</DistanceMeters>
    </Trackpoint>
    <Trackpoint>
     <Time>2026-07-19T00:37:54+00:00</Time>
     <Position>
      <LatitudeDegrees>-33.5960740</LatitudeDegrees>
      <LongitudeDegrees>-70.3849140</LongitudeDegrees>
     </Position>
     <AltitudeMeters>881.65</AltitudeMeters>
     <DistanceMeters>15436.02839735597</DistanceMeters>
    </Trackpoint>
    <Trackpoint>
     <Time>2026-07-19T00:38:00+00:00</Time>
     <Position>
      <LatitudeDegrees>-33.5962880</LatitudeDegrees>
      <LongitudeDegrees>-70.3840580</LongitudeDegrees>
     </Position>
     <AltitudeMeters>879.4900000000001</AltitudeMeters>
     <DistanceMeters>15518.88052457077</DistanceMeters>
    </Trackpoint>
    <Trackpoint>
     <Time>2026-07-19T00:38:06+00:00</Time>
     <Position>
      <LatitudeDegrees>-33.5965020</LatitudeDegrees>
      <LongitudeDegrees>-70.3832020</LongitudeDegrees>
     </Position>
     <AltitudeMeters>876.4900000000001</AltitudeMeters>
     <DistanceMeters>15601.732651787377</DistanceMeters>
    </Trackpoint>
    <Trackpoint>
     <Time>2026-07-19T00:38:11+00:00</Time>
     <Position>
      <LatitudeDegrees>-33.5967160</LatitudeDegrees>
      <LongitudeDegrees>-70.3823460</LongitudeDegrees>
     </Position>
     <AltitudeMeters>875.69</AltitudeMeters>
     <DistanceMeters>15684.584779002387</DistanceMeters>
    </Trackpoint>
    <Trackpoint>
     <Time>2026-07-19T00:38:17+00:00</Time>
     <Position>
      <LatitudeDegrees>-33.5969300</LatitudeDegrees>
      <LongitudeDegrees>-70.3814900</LongitudeDegrees>
     </Position>
     <AltitudeMeters>877.95</AltitudeMeters>
     <DistanceMeters>15767.436898056952</DistanceMeters>
    </Trackpoint>
    <Trackpoint>
     <Time>2026-07-19T00:38:23+00:00</Time>
     <Position>
      <LatitudeDegrees>-33.5970200</LatitudeDegrees>
      <LongitudeDegrees>-70.3812300</LongitudeDegrees>
     </Position>
     <AltitudeMeters>879.35</AltitudeMeters>
     <DistanceMeters>15793.53836097569</DistanceMeters>
    </Trackpoint>
    <Trackpoint>
     <Time>2026-07-19T00:38:28+00:00</Time>
     <Position>
      <LatitudeDegrees>-33.5971300</LatitudeDegrees>
      <LongitudeDegrees>-70.3810100</LongitudeDegrees>
     </Position>
     <AltitudeMeters>879.35</AltitudeMeters>
     <DistanceMeters>15817.32549334208</DistanceMeters>
    </Trackpoint>
    <Trackpoint>
     <Time>2026-07-19T00:38:34+00:00</Time>
     <Position>
      <LatitudeDegrees>-33.5974900</LatitudeDegrees>
      <LongitudeDegrees>-70.3804600</LongitudeDegrees>
     </Position>
     <AltitudeMeters>881.4000000000001</AltitudeMeters>
     <DistanceMeters>15882.171329021437</DistanceMeters>
    </Trackpoint>
    <Trackpoint>
     <Time>2026-07-19T00:38:40+00:00</Time>
     <Position>
      <LatitudeDegrees>-33.5975800</LatitudeDegrees>
      <LongitudeDegrees>-70.3802800</LongitudeDegrees>
     </Position>
     <AltitudeMeters>881.86</AltitudeMeters>
     <DistanceMeters>15901.633451923324</DistanceMeters>
    </Trackpoint>
    <Trackpoint>
     <Time>2026-07-19T00:38:46+00:00</Time>
     <Position>
      <LatitudeDegrees>-33.5977850</LatitudeDegrees>
      <LongitudeDegrees>-70.3796250</LongitudeDegrees>
     </Position>
     <AltitudeMeters>881.59</AltitudeMeters>
     <DistanceMeters>15966.498848351348</DistanceMeters>
    </Trackpoint>
    <Trackpoint>
     <Time>2026-07-19T00:38:51+00:00</Time>
     <Position>
      <LatitudeDegrees>-33.5979900</LatitudeDegrees>
      <LongitudeDegrees>-70.3789700</LongitudeDegrees>
     </Position>
     <AltitudeMeters>879.75</AltitudeMeters>
     <DistanceMeters>16031.364257379706</DistanceMeters>
    </Trackpoint>
    <Trackpoint>
     <Time>2026-07-19T00:38:57+00:00</Time>
     <Position>
      <LatitudeDegrees>-33.5983200</LatitudeDegrees>
      <LongitudeDegrees>-70.3780000</LongitudeDegrees>
     </Position>
     <AltitudeMeters>878.47</AltitudeMeters>
     <DistanceMeters>16128.497056338716</DistanceMeters>
    </Trackpoint>
    <Trackpoint>
     <Time>2026-07-19T00:39:03+00:00</Time>
     <Position>
      <LatitudeDegrees>-33.5983900</LatitudeDegrees>
      <LongitudeDegrees>-70.3777300</LongitudeDegrees>
     </Position>
     <AltitudeMeters>878.44</AltitudeMeters>
     <DistanceMeters>16154.711116408795</DistanceMeters>
    </Trackpoint>
    <Trackpoint>
     <Time>2026-07-19T00:39:09+00:00</Time>
     <Position>
      <LatitudeDegrees>-33.5984650</LatitudeDegrees>
      <LongitudeDegrees>-70.3771300</LongitudeDegrees>
     </Position>
     <AltitudeMeters>878.71</AltitudeMeters>
     <DistanceMeters>16210.955269206837</DistanceMeters>
    </Trackpoint>
    <Trackpoint>
     <Time>2026-07-19T00:39:14+00:00</Time>
     <Position>
      <LatitudeDegrees>-33.5985400</LatitudeDegrees>
      <LongitudeDegrees>-70.3765300</LongitudeDegrees>
     </Position>
     <AltitudeMeters>878.87</AltitudeMeters>
     <DistanceMeters>16267.199437790838</DistanceMeters>
    </Trackpoint>
    <Trackpoint>
     <Time>2026-07-19T00:39:20+00:00</Time>
     <Position>
      <LatitudeDegrees>-33.5985700</LatitudeDegrees>
      <LongitudeDegrees>-70.3760800</LongitudeDegrees>
     </Position>
     <AltitudeMeters>878.8100000000001</AltitudeMeters>
     <DistanceMeters>16309.048783038164</DistanceMeters>
    </Trackpoint>
    <Trackpoint>
     <Time>2026-07-19T00:39:26+00:00</Time>
     <Position>
      <LatitudeDegrees>-33.5984800</LatitudeDegrees>
      <LongitudeDegrees>-70.3755000</LongitudeDegrees>
     </Position>
     <AltitudeMeters>879.75</AltitudeMeters>
     <DistanceMeters>16363.741081723803</DistanceMeters>
    </Trackpoint>
    <Trackpoint>
     <Time>2026-07-19T00:39:31+00:00</Time>
     <Position>
      <LatitudeDegrees>-33.5982450</LatitudeDegrees>
      <LongitudeDegrees>-70.3747600</LongitudeDegrees>
     </Position>
     <AltitudeMeters>884.3700000000001</AltitudeMeters>
     <DistanceMeters>16437.15762609593</DistanceMeters>
    </Trackpoint>
    <Trackpoint>
     <Time>2026-07-19T00:39:37+00:00</Time>
     <Position>
      <LatitudeDegrees>-33.5980100</LatitudeDegrees>
      <LongitudeDegrees>-70.3740200</LongitudeDegrees>
     </Position>
     <AltitudeMeters>891.4900000000001</AltitudeMeters>
     <DistanceMeters>16510.574164627928</DistanceMeters>
    </Trackpoint>
    <Trackpoint>
     <Time>2026-07-19T00:39:43+00:00</Time>
     <Position>
      <LatitudeDegrees>-33.5979600</LatitudeDegrees>
      <LongitudeDegrees>-70.3737900</LongitudeDegrees>
     </Position>
     <AltitudeMeters>892.6700000000001</AltitudeMeters>
     <DistanceMeters>16532.61000716209</DistanceMeters>
    </Trackpoint>
    <Trackpoint>
     <Time>2026-07-19T00:39:49+00:00</Time>
     <Position>
      <LatitudeDegrees>-33.5979400</LatitudeDegrees>
      <LongitudeDegrees>-70.3735200</LongitudeDegrees>
     </Position>
     <AltitudeMeters>893.99</AltitudeMeters>
     <DistanceMeters>16557.73852785385</DistanceMeters>
    </Trackpoint>
    <Trackpoint>
     <Time>2026-07-19T00:39:54+00:00</Time>
     <Position>
      <LatitudeDegrees>-33.5979750</LatitudeDegrees>
      <LongitudeDegrees>-70.3729400</LongitudeDegrees>
     </Position>
     <AltitudeMeters>895.4200000000001</AltitudeMeters>
     <DistanceMeters>16611.647028423504</DistanceMeters>
    </Trackpoint>
    <Trackpoint>
     <Time>2026-07-19T00:40:00+00:00</Time>
     <Position>
      <LatitudeDegrees>-33.5980100</LatitudeDegrees>
      <LongitudeDegrees>-70.3723600</LongitudeDegrees>
     </Position>
     <AltitudeMeters>896.0300000000001</AltitudeMeters>
     <DistanceMeters>16665.555514486747</DistanceMeters>
    </Trackpoint>
    <Trackpoint>
     <Time>2026-07-19T00:40:06+00:00</Time>
     <Position>
      <LatitudeDegrees>-33.5979700</LatitudeDegrees>
      <LongitudeDegrees>-70.3714200</LongitudeDegrees>
     </Position>
     <AltitudeMeters>898.2700000000001</AltitudeMeters>
     <DistanceMeters>16752.809733386544</DistanceMeters>
    </Trackpoint>
    <Trackpoint>
     <Time>2026-07-19T00:40:11+00:00</Time>
     <Position>
      <LatitudeDegrees>-33.5979300</LatitudeDegrees>
      <LongitudeDegrees>-70.3704800</LongitudeDegrees>
     </Position>
     <AltitudeMeters>900.0400000000001</AltitudeMeters>
     <DistanceMeters>16840.063952286917</DistanceMeters>
    </Trackpoint>
    <Trackpoint>
     <Time>2026-07-19T00:40:17+00:00</Time>
     <Position>
      <LatitudeDegrees>-33.5978900</LatitudeDegrees>
      <LongitudeDegrees>-70.3695400</LongitudeDegrees>
     </Position>
     <AltitudeMeters>901.8900000000001</AltitudeMeters>
     <DistanceMeters>16927.318167747333</DistanceMeters>
    </Trackpoint>
    <Trackpoint>
     <Time>2026-07-19T00:40:23+00:00</Time>
     <Position>
      <LatitudeDegrees>-33.5979200</LatitudeDegrees>
      <LongitudeDegrees>-70.3692700</LongitudeDegrees>
     </Position>
     <AltitudeMeters>901.8900000000001</AltitudeMeters>
     <DistanceMeters>16952.569634438652</DistanceMeters>
    </Trackpoint>
    <Trackpoint>
     <Time>2026-07-19T00:40:29+00:00</Time>
     <Position>
      <LatitudeDegrees>-33.5980200</LatitudeDegrees>
      <LongitudeDegrees>-70.3688800</LongitudeDegrees>
     </Position>
     <AltitudeMeters>902.5400000000001</AltitudeMeters>
     <DistanceMeters>16990.397974665328</DistanceMeters>
    </Trackpoint>
    <Trackpoint>
     <Time>2026-07-19T00:40:34+00:00</Time>
     <Position>
      <LatitudeDegrees>-33.5983250</LatitudeDegrees>
      <LongitudeDegrees>-70.3681350</LongitudeDegrees>
     </Position>
     <AltitudeMeters>904.1800000000001</AltitudeMeters>
     <DistanceMeters>17067.352527735537</DistanceMeters>
    </Trackpoint>
    <Trackpoint>
     <Time>2026-07-19T00:40:40+00:00</Time>
     <Position>
      <LatitudeDegrees>-33.5986300</LatitudeDegrees>
      <LongitudeDegrees>-70.3673900</LongitudeDegrees>
     </Position>
     <AltitudeMeters>905.6700000000001</AltitudeMeters>
     <DistanceMeters>17144.307123845887</DistanceMeters>
    </Trackpoint>
    <Trackpoint>
     <Time>2026-07-19T00:40:46+00:00</Time>
     <Position>
      <LatitudeDegrees>-33.5987000</LatitudeDegrees>
      <LongitudeDegrees>-70.3672000</LongitudeDegrees>
     </Position>
     <AltitudeMeters>906.2</AltitudeMeters>
     <DistanceMeters>17163.566561158987</DistanceMeters>
    </Trackpoint>
    <Trackpoint>
     <Time>2026-07-19T00:40:51+00:00</Time>
     <Position>
      <LatitudeDegrees>-33.5987400</LatitudeDegrees>
      <LongitudeDegrees>-70.3669000</LongitudeDegrees>
     </Position>
     <AltitudeMeters>906.7100000000002</AltitudeMeters>
     <DistanceMeters>17191.731197813013</DistanceMeters>
    </Trackpoint>
    <Trackpoint>
     <Time>2026-07-19T00:40:57+00:00</Time>
     <Position>
      <LatitudeDegrees>-33.5987400</LatitudeDegrees>
      <LongitudeDegrees>-70.3664500</LongitudeDegrees>
     </Position>
     <AltitudeMeters>907.11</AltitudeMeters>
     <DistanceMeters>17233.447048232032</DistanceMeters>
    </Trackpoint>
    <Trackpoint>
     <Time>2026-07-19T00:41:03+00:00</Time>
     <Position>
      <LatitudeDegrees>-33.5986800</LatitudeDegrees>
      <LongitudeDegrees>-70.3660600</LongitudeDegrees>
     </Position>
     <AltitudeMeters>906.6800000000001</AltitudeMeters>
     <DistanceMeters>17270.21232848806</DistanceMeters>
    </Trackpoint>
    <Trackpoint>
     <Time>2026-07-19T00:41:09+00:00</Time>
     <Position>
      <LatitudeDegrees>-33.5986800</LatitudeDegrees>
      <LongitudeDegrees>-70.3658700</LongitudeDegrees>
     </Position>
     <AltitudeMeters>906.0100000000001</AltitudeMeters>
     <DistanceMeters>17287.825699808174</DistanceMeters>
    </Trackpoint>
    <Trackpoint>
     <Time>2026-07-19T00:41:14+00:00</Time>
     <Position>
      <LatitudeDegrees>-33.5987000</LatitudeDegrees>
      <LongitudeDegrees>-70.3657800</LongitudeDegrees>
     </Position>
     <AltitudeMeters>906.0100000000001</AltitudeMeters>
     <DistanceMeters>17296.4607017807</DistanceMeters>
    </Trackpoint>
    <Trackpoint>
     <Time>2026-07-19T00:41:20+00:00</Time>
     <Position>
      <LatitudeDegrees>-33.5987100</LatitudeDegrees>
      <LongitudeDegrees>-70.3657600</LongitudeDegrees>
     </Position>
     <AltitudeMeters>906.0100000000001</AltitudeMeters>
     <DistanceMeters>17296.4607017807</DistanceMeters>
    </Trackpoint>
    <Trackpoint>
     <Time>2026-07-19T00:41:26+00:00</Time>
     <Position>
      <LatitudeDegrees>-33.5988600</LatitudeDegrees>
      <LongitudeDegrees>-70.3655100</LongitudeDegrees>
     </Position>
     <AltitudeMeters>904.3800000000001</AltitudeMeters>
     <DistanceMeters>17325.02297320519</DistanceMeters>
    </Trackpoint>
    <Trackpoint>
     <Time>2026-07-19T00:41:32+00:00</Time>
     <Position>
      <LatitudeDegrees>-33.5991200</LatitudeDegrees>
      <LongitudeDegrees>-70.3653300</LongitudeDegrees>
     </Position>
     <AltitudeMeters>901.94</AltitudeMeters>
     <DistanceMeters>17358.426194074113</DistanceMeters>
    </Trackpoint>
    <Trackpoint>
     <Time>2026-07-19T00:41:37+00:00</Time>
     <Position>
      <LatitudeDegrees>-33.5998400</LatitudeDegrees>
      <LongitudeDegrees>-70.3651200</LongitudeDegrees>
     </Position>
     <AltitudeMeters>895.33</AltitudeMeters>
     <DistanceMeters>17440.889840415683</DistanceMeters>
    </Trackpoint>
    <Trackpoint>
     <Time>2026-07-19T00:41:43+00:00</Time>
     <Position>
      <LatitudeDegrees>-33.6001300</LatitudeDegrees>
      <LongitudeDegrees>-70.3650100</LongitudeDegrees>
     </Position>
     <AltitudeMeters>893.97</AltitudeMeters>
     <DistanceMeters>17474.73808842213</DistanceMeters>
    </Trackpoint>
    <Trackpoint>
     <Time>2026-07-19T00:41:49+00:00</Time>
     <Position>
      <LatitudeDegrees>-33.6007600</LatitudeDegrees>
      <LongitudeDegrees>-70.3645600</LongitudeDegrees>
     </Position>
     <AltitudeMeters>892.5500000000001</AltitudeMeters>
     <DistanceMeters>17556.325071539206</DistanceMeters>
    </Trackpoint>
    <Trackpoint>
     <Time>2026-07-19T00:41:54+00:00</Time>
     <Position>
      <LatitudeDegrees>-33.6013900</LatitudeDegrees>
      <LongitudeDegrees>-70.3639900</LongitudeDegrees>
     </Position>
     <AltitudeMeters>894.14</AltitudeMeters>
     <DistanceMeters>17644.121512303896</DistanceMeters>
    </Trackpoint>
    <Trackpoint>
     <Time>2026-07-19T00:42:00+00:00</Time>
     <Position>
      <LatitudeDegrees>-33.6017700</LatitudeDegrees>
      <LongitudeDegrees>-70.3635800</LongitudeDegrees>
     </Position>
     <AltitudeMeters>898.6400000000001</AltitudeMeters>
     <DistanceMeters>17700.982213697513</DistanceMeters>
    </Trackpoint>
    <Trackpoint>
     <Time>2026-07-19T00:42:06+00:00</Time>
     <Position>
      <LatitudeDegrees>-33.6021400</LatitudeDegrees>
      <LongitudeDegrees>-70.3630900</LongitudeDegrees>
     </Position>
     <AltitudeMeters>904.84</AltitudeMeters>
     <DistanceMeters>17762.292211047607</DistanceMeters>
    </Trackpoint>
    <Trackpoint>
     <Time>2026-07-19T00:42:12+00:00</Time>
     <Position>
      <LatitudeDegrees>-33.6025100</LatitudeDegrees>
      <LongitudeDegrees>-70.3626000</LongitudeDegrees>
     </Position>
     <AltitudeMeters>910.2800000000001</AltitudeMeters>
     <DistanceMeters>17823.602170610055</DistanceMeters>
    </Trackpoint>
    <Trackpoint>
     <Time>2026-07-19T00:42:17+00:00</Time>
     <Position>
      <LatitudeDegrees>-33.6026400</LatitudeDegrees>
      <LongitudeDegrees>-70.3623800</LongitudeDegrees>
     </Position>
     <AltitudeMeters>913.0100000000001</AltitudeMeters>
     <DistanceMeters>17848.606788367317</DistanceMeters>
    </Trackpoint>
    <Trackpoint>
     <Time>2026-07-19T00:42:23+00:00</Time>
     <Position>
      <LatitudeDegrees>-33.6029750</LatitudeDegrees>
      <LongitudeDegrees>-70.3616150</LongitudeDegrees>
     </Position>
     <AltitudeMeters>916.4200000000001</AltitudeMeters>
     <DistanceMeters>17928.724326969048</DistanceMeters>
    </Trackpoint>
    <Trackpoint>
     <Time>2026-07-19T00:42:29+00:00</Time>
     <Position>
      <LatitudeDegrees>-33.6033100</LatitudeDegrees>
      <LongitudeDegrees>-70.3608500</LongitudeDegrees>
     </Position>
     <AltitudeMeters>920.6</AltitudeMeters>
     <DistanceMeters>18008.841863418173</DistanceMeters>
    </Trackpoint>
    <Trackpoint>
     <Time>2026-07-19T00:42:34+00:00</Time>
     <Position>
      <LatitudeDegrees>-33.6035600</LatitudeDegrees>
      <LongitudeDegrees>-70.3600500</LongitudeDegrees>
     </Position>
     <AltitudeMeters>923.7</AltitudeMeters>
     <DistanceMeters>18088.04730199656</DistanceMeters>
    </Trackpoint>
    <Trackpoint>
     <Time>2026-07-19T00:42:40+00:00</Time>
     <Position>
      <LatitudeDegrees>-33.6037600</LatitudeDegrees>
      <LongitudeDegrees>-70.3595500</LongitudeDegrees>
     </Position>
     <AltitudeMeters>925.0100000000001</AltitudeMeters>
     <DistanceMeters>18139.46358429225</DistanceMeters>
    </Trackpoint>
    <Trackpoint>
     <Time>2026-07-19T00:42:46+00:00</Time>
     <Position>
      <LatitudeDegrees>-33.6040700</LatitudeDegrees>
      <LongitudeDegrees>-70.3589133</LongitudeDegrees>
     </Position>
     <AltitudeMeters>927.33</AltitudeMeters>
     <DistanceMeters>18207.825169397736</DistanceMeters>
    </Trackpoint>
    <Trackpoint>
     <Time>2026-07-19T00:42:52+00:00</Time>
     <Position>
      <LatitudeDegrees>-33.6043800</LatitudeDegrees>
      <LongitudeDegrees>-70.3582767</LongitudeDegrees>
     </Position>
     <AltitudeMeters>929.8900000000001</AltitudeMeters>
     <DistanceMeters>18276.186754503484</DistanceMeters>
    </Trackpoint>
    <Trackpoint>
     <Time>2026-07-19T00:42:57+00:00</Time>
     <Position>
      <LatitudeDegrees>-33.6046900</LatitudeDegrees>
      <LongitudeDegrees>-70.3576400</LongitudeDegrees>
     </Position>
     <AltitudeMeters>932.2</AltitudeMeters>
     <DistanceMeters>18344.54832956969</DistanceMeters>
    </Trackpoint>
    <Trackpoint>
     <Time>2026-07-19T00:43:03+00:00</Time>
     <Position>
      <LatitudeDegrees>-33.6049850</LatitudeDegrees>
      <LongitudeDegrees>-70.3570750</LongitudeDegrees>
     </Position>
     <AltitudeMeters>934.4000000000001</AltitudeMeters>
     <DistanceMeters>18406.36148634457</DistanceMeters>
    </Trackpoint>
    <Trackpoint>
     <Time>2026-07-19T00:43:09+00:00</Time>
     <Position>
      <LatitudeDegrees>-33.6052800</LatitudeDegrees>
      <LongitudeDegrees>-70.3565100</LongitudeDegrees>
     </Position>
     <AltitudeMeters>935.32</AltitudeMeters>
     <DistanceMeters>18468.17458171593</DistanceMeters>
    </Trackpoint>
    <Trackpoint>
     <Time>2026-07-19T00:43:15+00:00</Time>
     <Position>
      <LatitudeDegrees>-33.6056200</LatitudeDegrees>
      <LongitudeDegrees>-70.3559300</LongitudeDegrees>
     </Position>
     <AltitudeMeters>935.7400000000001</AltitudeMeters>
     <DistanceMeters>18533.91921293565</DistanceMeters>
    </Trackpoint>
    <Trackpoint>
     <Time>2026-07-19T00:43:20+00:00</Time>
     <Position>
      <LatitudeDegrees>-33.6059300</LatitudeDegrees>
      <LongitudeDegrees>-70.3556600</LongitudeDegrees>
     </Position>
     <AltitudeMeters>935.73</AltitudeMeters>
     <DistanceMeters>18576.54243144787</DistanceMeters>
    </Trackpoint>
    <Trackpoint>
     <Time>2026-07-19T00:43:26+00:00</Time>
     <Position>
      <LatitudeDegrees>-33.6064667</LatitudeDegrees>
      <LongitudeDegrees>-70.3553133</LongitudeDegrees>
     </Position>
     <AltitudeMeters>934.33</AltitudeMeters>
     <DistanceMeters>18644.366385484558</DistanceMeters>
    </Trackpoint>
    <Trackpoint>
     <Time>2026-07-19T00:43:32+00:00</Time>
     <Position>
      <LatitudeDegrees>-33.6070033</LatitudeDegrees>
      <LongitudeDegrees>-70.3549667</LongitudeDegrees>
     </Position>
     <AltitudeMeters>931.36</AltitudeMeters>
     <DistanceMeters>18712.190339522334</DistanceMeters>
    </Trackpoint>
    <Trackpoint>
     <Time>2026-07-19T00:43:37+00:00</Time>
     <Position>
      <LatitudeDegrees>-33.6075400</LatitudeDegrees>
      <LongitudeDegrees>-70.3546200</LongitudeDegrees>
     </Position>
     <AltitudeMeters>927.83</AltitudeMeters>
     <DistanceMeters>18780.014287709524</DistanceMeters>
    </Trackpoint>
    <Trackpoint>
     <Time>2026-07-19T00:43:43+00:00</Time>
     <Position>
      <LatitudeDegrees>-33.6078800</LatitudeDegrees>
      <LongitudeDegrees>-70.3543600</LongitudeDegrees>
     </Position>
     <AltitudeMeters>926.15</AltitudeMeters>
     <DistanceMeters>18824.877580308876</DistanceMeters>
    </Trackpoint>
    <Trackpoint>
     <Time>2026-07-19T00:43:49+00:00</Time>
     <Position>
      <LatitudeDegrees>-33.6080800</LatitudeDegrees>
      <LongitudeDegrees>-70.3541800</LongitudeDegrees>
     </Position>
     <AltitudeMeters>925.1600000000001</AltitudeMeters>
     <DistanceMeters>18852.695621416042</DistanceMeters>
    </Trackpoint>
    <Trackpoint>
     <Time>2026-07-19T00:43:55+00:00</Time>
     <Position>
      <LatitudeDegrees>-33.6085500</LatitudeDegrees>
      <LongitudeDegrees>-70.3536000</LongitudeDegrees>
     </Position>
     <AltitudeMeters>924.83</AltitudeMeters>
     <DistanceMeters>18927.705533569755</DistanceMeters>
    </Trackpoint>
    <Trackpoint>
     <Time>2026-07-19T00:44:00+00:00</Time>
     <Position>
      <LatitudeDegrees>-33.6087100</LatitudeDegrees>
      <LongitudeDegrees>-70.3534700</LongitudeDegrees>
     </Position>
     <AltitudeMeters>925.12</AltitudeMeters>
     <DistanceMeters>18949.20668361796</DistanceMeters>
    </Trackpoint>
    <Trackpoint>
     <Time>2026-07-19T00:44:06+00:00</Time>
     <Position>
      <LatitudeDegrees>-33.6088400</LatitudeDegrees>
      <LongitudeDegrees>-70.3534200</LongitudeDegrees>
     </Position>
     <AltitudeMeters>925.76</AltitudeMeters>
     <DistanceMeters>18964.399274194722</DistanceMeters>
    </Trackpoint>
    <Trackpoint>
     <Time>2026-07-19T00:44:12+00:00</Time>
     <Position>
      <LatitudeDegrees>-33.6089300</LatitudeDegrees>
      <LongitudeDegrees>-70.3533900</LongitudeDegrees>
     </Position>
     <AltitudeMeters>925.76</AltitudeMeters>
     <DistanceMeters>18974.794703742296</DistanceMeters>
    </Trackpoint>
    <Trackpoint>
     <Time>2026-07-19T00:44:17+00:00</Time>
     <Position>
      <LatitudeDegrees>-33.6095600</LatitudeDegrees>
      <LongitudeDegrees>-70.3533800</LongitudeDegrees>
     </Position>
     <AltitudeMeters>927.34</AltitudeMeters>
     <DistanceMeters>19044.91710816446</DistanceMeters>
    </Trackpoint>
    <Trackpoint>
     <Time>2026-07-19T00:44:23+00:00</Time>
     <Position>
      <LatitudeDegrees>-33.6102650</LatitudeDegrees>
      <LongitudeDegrees>-70.3531600</LongitudeDegrees>
     </Position>
     <AltitudeMeters>928.0200000000001</AltitudeMeters>
     <DistanceMeters>19125.987041997472</DistanceMeters>
    </Trackpoint>
    <Trackpoint>
     <Time>2026-07-19T00:44:29+00:00</Time>
     <Position>
      <LatitudeDegrees>-33.6109700</LatitudeDegrees>
      <LongitudeDegrees>-70.3529400</LongitudeDegrees>
     </Position>
     <AltitudeMeters>929.6200000000001</AltitudeMeters>
     <DistanceMeters>19207.056981503047</DistanceMeters>
    </Trackpoint>
    <Trackpoint>
     <Time>2026-07-19T00:44:35+00:00</Time>
     <Position>
      <LatitudeDegrees>-33.6115150</LatitudeDegrees>
      <LongitudeDegrees>-70.3528900</LongitudeDegrees>
     </Position>
     <AltitudeMeters>930.5000000000001</AltitudeMeters>
     <DistanceMeters>19267.889923199047</DistanceMeters>
    </Trackpoint>
    <Trackpoint>
     <Time>2026-07-19T00:44:40+00:00</Time>
     <Position>
      <LatitudeDegrees>-33.6120600</LatitudeDegrees>
      <LongitudeDegrees>-70.3528400</LongitudeDegrees>
     </Position>
     <AltitudeMeters>931.2300000000001</AltitudeMeters>
     <DistanceMeters>19328.72284684715</DistanceMeters>
    </Trackpoint>
    <Trackpoint>
     <Time>2026-07-19T00:44:46+00:00</Time>
     <Position>
      <LatitudeDegrees>-33.6124200</LatitudeDegrees>
      <LongitudeDegrees>-70.3528400</LongitudeDegrees>
     </Position>
     <AltitudeMeters>932.2600000000001</AltitudeMeters>
     <DistanceMeters>19368.78929144591</DistanceMeters>
    </Trackpoint>
    <Trackpoint>
     <Time>2026-07-19T00:44:52+00:00</Time>
     <Position>
      <LatitudeDegrees>-33.6126500</LatitudeDegrees>
      <LongitudeDegrees>-70.3528800</LongitudeDegrees>
     </Position>
     <AltitudeMeters>932.5000000000001</AltitudeMeters>
     <DistanceMeters>19394.6543905263</DistanceMeters>
    </Trackpoint>
    <Trackpoint>
     <Time>2026-07-19T00:44:57+00:00</Time>
     <Position>
      <LatitudeDegrees>-33.6128000</LatitudeDegrees>
      <LongitudeDegrees>-70.3529300</LongitudeDegrees>
     </Position>
     <AltitudeMeters>933.1100000000001</AltitudeMeters>
     <DistanceMeters>19411.980051215905</DistanceMeters>
    </Trackpoint>
    <Trackpoint>
     <Time>2026-07-19T00:45:03+00:00</Time>
     <Position>
      <LatitudeDegrees>-33.6129800</LatitudeDegrees>
      <LongitudeDegrees>-70.3530200</LongitudeDegrees>
     </Position>
     <AltitudeMeters>934.08</AltitudeMeters>
     <DistanceMeters>19433.680641954106</DistanceMeters>
    </Trackpoint>
    <Trackpoint>
     <Time>2026-07-19T00:45:09+00:00</Time>
     <Position>
      <LatitudeDegrees>-33.6135900</LatitudeDegrees>
      <LongitudeDegrees>-70.3534200</LongitudeDegrees>
     </Position>
     <AltitudeMeters>939.85</AltitudeMeters>
     <DistanceMeters>19511.034505477783</DistanceMeters>
    </Trackpoint>
    <Trackpoint>
     <Time>2026-07-19T00:45:15+00:00</Time>
     <Position>
      <LatitudeDegrees>-33.6139700</LatitudeDegrees>
      <LongitudeDegrees>-70.3535900</LongitudeDegrees>
     </Position>
     <AltitudeMeters>941.95</AltitudeMeters>
     <DistanceMeters>19556.166679527327</DistanceMeters>
    </Trackpoint>
    <Trackpoint>
     <Time>2026-07-19T00:45:20+00:00</Time>
     <Position>
      <LatitudeDegrees>-33.6146750</LatitudeDegrees>
      <LongitudeDegrees>-70.3537100</LongitudeDegrees>
     </Position>
     <AltitudeMeters>943.74</AltitudeMeters>
     <DistanceMeters>19635.41448726497</DistanceMeters>
    </Trackpoint>
    <Trackpoint>
     <Time>2026-07-19T00:45:26+00:00</Time>
     <Position>
      <LatitudeDegrees>-33.6153800</LatitudeDegrees>
      <LongitudeDegrees>-70.3538300</LongitudeDegrees>
     </Position>
     <AltitudeMeters>944.39</AltitudeMeters>
     <DistanceMeters>19714.662311012384</DistanceMeters>
    </Trackpoint>
    <Trackpoint>
     <Time>2026-07-19T00:45:32+00:00</Time>
     <Position>
      <LatitudeDegrees>-33.6161200</LatitudeDegrees>
      <LongitudeDegrees>-70.3538700</LongitudeDegrees>
     </Position>
     <AltitudeMeters>945.6000000000001</AltitudeMeters>
     <DistanceMeters>19797.104513774964</DistanceMeters>
    </Trackpoint>
    <Trackpoint>
     <Time>2026-07-19T00:45:38+00:00</Time>
     <Position>
      <LatitudeDegrees>-33.6168843</LatitudeDegrees>
      <LongitudeDegrees>-70.3540943</LongitudeDegrees>
     </Position>
     <AltitudeMeters>947.46</AltitudeMeters>
     <DistanceMeters>19884.669270708855</DistanceMeters>
    </Trackpoint>
    <Trackpoint>
     <Time>2026-07-19T00:45:43+00:00</Time>
     <Position>
      <LatitudeDegrees>-33.6176486</LatitudeDegrees>
      <LongitudeDegrees>-70.3543186</LongitudeDegrees>
     </Position>
     <AltitudeMeters>951.96</AltitudeMeters>
     <DistanceMeters>19972.234027642033</DistanceMeters>
    </Trackpoint>
    <Trackpoint>
     <Time>2026-07-19T00:45:49+00:00</Time>
     <Position>
      <LatitudeDegrees>-33.6184129</LatitudeDegrees>
      <LongitudeDegrees>-70.3545428</LongitudeDegrees>
     </Position>
     <AltitudeMeters>953.98</AltitudeMeters>
     <DistanceMeters>20059.798784576426</DistanceMeters>
    </Trackpoint>
    <Trackpoint>
     <Time>2026-07-19T00:45:55+00:00</Time>
     <Position>
      <LatitudeDegrees>-33.6191771</LatitudeDegrees>
      <LongitudeDegrees>-70.3547671</LongitudeDegrees>
     </Position>
     <AltitudeMeters>954.7200000000001</AltitudeMeters>
     <DistanceMeters>20147.3635415104</DistanceMeters>
    </Trackpoint>
    <Trackpoint>
     <Time>2026-07-19T00:46:00+00:00</Time>
     <Position>
      <LatitudeDegrees>-33.6199414</LatitudeDegrees>
      <LongitudeDegrees>-70.3549914</LongitudeDegrees>
     </Position>
     <AltitudeMeters>955.76</AltitudeMeters>
     <DistanceMeters>20234.928298444032</DistanceMeters>
    </Trackpoint>
    <Trackpoint>
     <Time>2026-07-19T00:46:06+00:00</Time>
     <Position>
      <LatitudeDegrees>-33.6207057</LatitudeDegrees>
      <LongitudeDegrees>-70.3552157</LongitudeDegrees>
     </Position>
     <AltitudeMeters>956.2700000000001</AltitudeMeters>
     <DistanceMeters>20322.493055377236</DistanceMeters>
    </Trackpoint>
    <Trackpoint>
     <Time>2026-07-19T00:46:12+00:00</Time>
     <Position>
      <LatitudeDegrees>-33.6214700</LatitudeDegrees>
      <LongitudeDegrees>-70.3554400</LongitudeDegrees>
     </Position>
     <AltitudeMeters>955.4200000000001</AltitudeMeters>
     <DistanceMeters>20410.057807746874</DistanceMeters>
    </Trackpoint>
    <Trackpoint>
     <Time>2026-07-19T00:46:18+00:00</Time>
     <Position>
      <LatitudeDegrees>-33.6217300</LatitudeDegrees>
      <LongitudeDegrees>-70.3554800</LongitudeDegrees>
     </Position>
     <AltitudeMeters>954.7200000000001</AltitudeMeters>
     <DistanceMeters>20439.231175131168</DistanceMeters>
    </Trackpoint>
    <Trackpoint>
     <Time>2026-07-19T00:46:23+00:00</Time>
     <Position>
      <LatitudeDegrees>-33.6220700</LatitudeDegrees>
      <LongitudeDegrees>-70.3554800</LongitudeDegrees>
     </Position>
     <AltitudeMeters>953.4300000000001</AltitudeMeters>
     <DistanceMeters>20477.071706141196</DistanceMeters>
    </Trackpoint>
    <Trackpoint>
     <Time>2026-07-19T00:46:29+00:00</Time>
     <Position>
      <LatitudeDegrees>-33.6227000</LatitudeDegrees>
      <LongitudeDegrees>-70.3553400</LongitudeDegrees>
     </Position>
     <AltitudeMeters>949.4500000000002</AltitudeMeters>
     <DistanceMeters>20548.378335719288</DistanceMeters>
    </Trackpoint>
    <Trackpoint>
     <Time>2026-07-19T00:46:35+00:00</Time>
     <Position>
      <LatitudeDegrees>-33.6230100</LatitudeDegrees>
      <LongitudeDegrees>-70.3553000</LongitudeDegrees>
     </Position>
     <AltitudeMeters>948.7700000000001</AltitudeMeters>
     <DistanceMeters>20583.078576636493</DistanceMeters>
    </Trackpoint>
    <Trackpoint>
     <Time>2026-07-19T00:46:40+00:00</Time>
     <Position>
      <LatitudeDegrees>-33.6232600</LatitudeDegrees>
      <LongitudeDegrees>-70.3553500</LongitudeDegrees>
     </Position>
     <AltitudeMeters>947.7800000000001</AltitudeMeters>
     <DistanceMeters>20611.285711563145</DistanceMeters>
    </Trackpoint>
    <Trackpoint>
     <Time>2026-07-19T00:46:46+00:00</Time>
     <Position>
      <LatitudeDegrees>-33.6240267</LatitudeDegrees>
      <LongitudeDegrees>-70.3555867</LongitudeDegrees>
     </Position>
     <AltitudeMeters>947.1700000000001</AltitudeMeters>
     <DistanceMeters>20699.386206378083</DistanceMeters>
    </Trackpoint>
    <Trackpoint>
     <Time>2026-07-19T00:46:52+00:00</Time>
     <Position>
      <LatitudeDegrees>-33.6247933</LatitudeDegrees>
      <LongitudeDegrees>-70.3558233</LongitudeDegrees>
     </Position>
     <AltitudeMeters>948.3900000000001</AltitudeMeters>
     <DistanceMeters>20787.486701191447</DistanceMeters>
    </Trackpoint>
    <Trackpoint>
     <Time>2026-07-19T00:46:58+00:00</Time>
     <Position>
      <LatitudeDegrees>-33.6255600</LatitudeDegrees>
      <LongitudeDegrees>-70.3560600</LongitudeDegrees>
     </Position>
     <AltitudeMeters>955.6000000000001</AltitudeMeters>
     <DistanceMeters>20875.58718191681</DistanceMeters>
    </Trackpoint>
    <Trackpoint>
     <Time>2026-07-19T00:47:03+00:00</Time>
     <Position>
      <LatitudeDegrees>-33.6258100</LatitudeDegrees>
      <LongitudeDegrees>-70.3560600</LongitudeDegrees>
     </Position>
     <AltitudeMeters>957.4800000000001</AltitudeMeters>
     <DistanceMeters>20903.41110177715</DistanceMeters>
    </Trackpoint>
    <Trackpoint>
     <Time>2026-07-19T00:47:09+00:00</Time>
     <Position>
      <LatitudeDegrees>-33.6261900</LatitudeDegrees>
      <LongitudeDegrees>-70.3559200</LongitudeDegrees>
     </Position>
     <AltitudeMeters>959.8700000000001</AltitudeMeters>
     <DistanceMeters>20947.64878265645</DistanceMeters>
    </Trackpoint>
    <Trackpoint>
     <Time>2026-07-19T00:47:15+00:00</Time>
     <Position>
      <LatitudeDegrees>-33.6263500</LatitudeDegrees>
      <LongitudeDegrees>-70.3558800</LongitudeDegrees>
     </Position>
     <AltitudeMeters>960.64</AltitudeMeters>
     <DistanceMeters>20965.837825728853</DistanceMeters>
    </Trackpoint>
    <Trackpoint>
     <Time>2026-07-19T00:47:20+00:00</Time>
     <Position>
      <LatitudeDegrees>-33.6265000</LatitudeDegrees>
      <LongitudeDegrees>-70.3558800</LongitudeDegrees>
     </Position>
     <AltitudeMeters>961.59</AltitudeMeters>
     <DistanceMeters>20982.53217764474</DistanceMeters>
    </Trackpoint>
    <Trackpoint>
     <Time>2026-07-19T00:47:26+00:00</Time>
     <Position>
      <LatitudeDegrees>-33.6266300</LatitudeDegrees>
      <LongitudeDegrees>-70.3559300</LongitudeDegrees>
     </Position>
     <AltitudeMeters>962.3300000000002</AltitudeMeters>
     <DistanceMeters>20997.724476431704</DistanceMeters>
    </Trackpoint>
    <Trackpoint>
     <Time>2026-07-19T00:47:32+00:00</Time>
     <Position>
      <LatitudeDegrees>-33.6271700</LatitudeDegrees>
      <LongitudeDegrees>-70.3562800</LongitudeDegrees>
     </Position>
     <AltitudeMeters>965.1800000000001</AltitudeMeters>
     <DistanceMeters>21066.017984788516</DistanceMeters>
    </Trackpoint>
    <Trackpoint>
     <Time>2026-07-19T00:47:38+00:00</Time>
     <Position>
      <LatitudeDegrees>-33.6275800</LatitudeDegrees>
      <LongitudeDegrees>-70.3563300</LongitudeDegrees>
     </Position>
     <AltitudeMeters>964.4100000000001</AltitudeMeters>
     <DistanceMeters>21111.88386373935</DistanceMeters>
    </Trackpoint>
    <Trackpoint>
     <Time>2026-07-19T00:47:43+00:00</Time>
     <Position>
      <LatitudeDegrees>-33.6278700</LatitudeDegrees>
      <LongitudeDegrees>-70.3563900</LongitudeDegrees>
     </Position>
     <AltitudeMeters>962.4800000000001</AltitudeMeters>
     <DistanceMeters>21144.635049249857</DistanceMeters>
    </Trackpoint>
    <Trackpoint>
     <Time>2026-07-19T00:47:49+00:00</Time>
     <Position>
      <LatitudeDegrees>-33.6287000</LatitudeDegrees>
      <LongitudeDegrees>-70.3566400</LongitudeDegrees>
     </Position>
     <AltitudeMeters>954.76</AltitudeMeters>
     <DistanceMeters>21239.871342417555</DistanceMeters>
    </Trackpoint>
    <Trackpoint>
     <Time>2026-07-19T00:47:55+00:00</Time>
     <Position>
      <LatitudeDegrees>-33.6289200</LatitudeDegrees>
      <LongitudeDegrees>-70.3567300</LongitudeDegrees>
     </Position>
     <AltitudeMeters>953.97</AltitudeMeters>
     <DistanceMeters>21265.7378764527</DistanceMeters>
    </Trackpoint>
    <Trackpoint>
     <Time>2026-07-19T00:48:01+00:00</Time>
     <Position>
      <LatitudeDegrees>-33.6290300</LatitudeDegrees>
      <LongitudeDegrees>-70.3568600</LongitudeDegrees>
     </Position>
     <AltitudeMeters>953.86</AltitudeMeters>
     <DistanceMeters>21282.91373388855</DistanceMeters>
    </Trackpoint>
    <Trackpoint>
     <Time>2026-07-19T00:48:06+00:00</Time>
     <Position>
      <LatitudeDegrees>-33.6291700</LatitudeDegrees>
      <LongitudeDegrees>-70.3571300</LongitudeDegrees>
     </Position>
     <AltitudeMeters>955.08</AltitudeMeters>
     <DistanceMeters>21312.389403088622</DistanceMeters>
    </Trackpoint>
    <Trackpoint>
     <Time>2026-07-19T00:48:12+00:00</Time>
     <Position>
      <LatitudeDegrees>-33.6293900</LatitudeDegrees>
      <LongitudeDegrees>-70.3578100</LongitudeDegrees>
     </Position>
     <AltitudeMeters>960.83</AltitudeMeters>
     <DistanceMeters>21379.99415122121</DistanceMeters>
    </Trackpoint>
    <Trackpoint>
     <Time>2026-07-19T00:48:18+00:00</Time>
     <Position>
      <LatitudeDegrees>-33.6295000</LatitudeDegrees>
      <LongitudeDegrees>-70.3579900</LongitudeDegrees>
     </Position>
     <AltitudeMeters>961.6500000000001</AltitudeMeters>
     <DistanceMeters>21400.685092483465</DistanceMeters>
    </Trackpoint>
    <Trackpoint>
     <Time>2026-07-19T00:48:23+00:00</Time>
     <Position>
      <LatitudeDegrees>-33.6296600</LatitudeDegrees>
      <LongitudeDegrees>-70.3581300</LongitudeDegrees>
     </Position>
     <AltitudeMeters>963.8000000000001</AltitudeMeters>
     <DistanceMeters>21422.71723042133</DistanceMeters>
    </Trackpoint>
    <Trackpoint>
     <Time>2026-07-19T00:48:29+00:00</Time>
     <Position>
      <LatitudeDegrees>-33.6301850</LatitudeDegrees>
      <LongitudeDegrees>-70.3585700</LongitudeDegrees>
     </Position>
     <AltitudeMeters>966.0200000000001</AltitudeMeters>
     <DistanceMeters>21493.96753871716</DistanceMeters>
    </Trackpoint>
    <Trackpoint>
     <Time>2026-07-19T00:48:35+00:00</Time>
     <Position>
      <LatitudeDegrees>-33.6307100</LatitudeDegrees>
      <LongitudeDegrees>-70.3590100</LongitudeDegrees>
     </Position>
     <AltitudeMeters>965.6800000000001</AltitudeMeters>
     <DistanceMeters>21565.21785816712</DistanceMeters>
    </Trackpoint>
    <Trackpoint>
     <Time>2026-07-19T00:48:41+00:00</Time>
     <Position>
      <LatitudeDegrees>-33.6311150</LatitudeDegrees>
      <LongitudeDegrees>-70.3592550</LongitudeDegrees>
     </Position>
     <AltitudeMeters>965.9700000000001</AltitudeMeters>
     <DistanceMeters>21615.68741845587</DistanceMeters>
    </Trackpoint>
    <Trackpoint>
     <Time>2026-07-19T00:48:46+00:00</Time>
     <Position>
      <LatitudeDegrees>-33.6315200</LatitudeDegrees>
      <LongitudeDegrees>-70.3595000</LongitudeDegrees>
     </Position>
     <AltitudeMeters>967.25</AltitudeMeters>
     <DistanceMeters>21666.15702770166</DistanceMeters>
    </Trackpoint>
    <Trackpoint>
     <Time>2026-07-19T00:48:52+00:00</Time>
     <Position>
      <LatitudeDegrees>-33.6317400</LatitudeDegrees>
      <LongitudeDegrees>-70.3595600</LongitudeDegrees>
     </Position>
     <AltitudeMeters>967.25</AltitudeMeters>
     <DistanceMeters>21691.26541575089</DistanceMeters>
    </Trackpoint>
    <Trackpoint>
     <Time>2026-07-19T00:48:58+00:00</Time>
     <Position>
      <LatitudeDegrees>-33.6320300</LatitudeDegrees>
      <LongitudeDegrees>-70.3596000</LongitudeDegrees>
     </Position>
     <AltitudeMeters>968.7700000000001</AltitudeMeters>
     <DistanceMeters>21723.753307340925</DistanceMeters>
    </Trackpoint>
    <Trackpoint>
     <Time>2026-07-19T00:49:03+00:00</Time>
     <Position>
      <LatitudeDegrees>-33.6323000</LatitudeDegrees>
      <LongitudeDegrees>-70.3596000</LongitudeDegrees>
     </Position>
     <AltitudeMeters>968.7700000000001</AltitudeMeters>
     <DistanceMeters>21753.803140789998</DistanceMeters>
    </Trackpoint>
    <Trackpoint>
     <Time>2026-07-19T00:49:09+00:00</Time>
     <Position>
      <LatitudeDegrees>-33.6330100</LatitudeDegrees>
      <LongitudeDegrees>-70.3594700</LongitudeDegrees>
     </Position>
     <AltitudeMeters>970.5500000000001</AltitudeMeters>
     <DistanceMeters>21833.736037543767</DistanceMeters>
    </Trackpoint>
    <Trackpoint>
     <Time>2026-07-19T00:49:15+00:00</Time>
     <Position>
      <LatitudeDegrees>-33.6335950</LatitudeDegrees>
      <LongitudeDegrees>-70.3593850</LongitudeDegrees>
     </Position>
     <AltitudeMeters>970.3900000000001</AltitudeMeters>
     <DistanceMeters>21899.31871595807</DistanceMeters>
    </Trackpoint>
    <Trackpoint>
     <Time>2026-07-19T00:49:21+00:00</Time>
     <Position>
      <LatitudeDegrees>-33.6341800</LatitudeDegrees>
      <LongitudeDegrees>-70.3593000</LongitudeDegrees>
     </Position>
     <AltitudeMeters>969.0200000000001</AltitudeMeters>
     <DistanceMeters>21964.901382523392</DistanceMeters>
    </Trackpoint>
    <Trackpoint>
     <Time>2026-07-19T00:49:26+00:00</Time>
     <Position>
      <LatitudeDegrees>-33.6349000</LatitudeDegrees>
      <LongitudeDegrees>-70.3592400</LongitudeDegrees>
     </Position>
     <AltitudeMeters>969.5300000000001</AltitudeMeters>
     <DistanceMeters>22045.226916103056</DistanceMeters>
    </Trackpoint>
    <Trackpoint>
     <Time>2026-07-19T00:49:32+00:00</Time>
     <Position>
      <LatitudeDegrees>-33.6355033</LatitudeDegrees>
      <LongitudeDegrees>-70.3592267</LongitudeDegrees>
     </Position>
     <AltitudeMeters>971.55</AltitudeMeters>
     <DistanceMeters>22112.386682919616</DistanceMeters>
    </Trackpoint>
    <Trackpoint>
     <Time>2026-07-19T00:49:38+00:00</Time>
     <Position>
      <LatitudeDegrees>-33.6361067</LatitudeDegrees>
      <LongitudeDegrees>-70.3592133</LongitudeDegrees>
     </Position>
     <AltitudeMeters>972.62</AltitudeMeters>
     <DistanceMeters>22179.546449736456</DistanceMeters>
    </Trackpoint>
    <Trackpoint>
     <Time>2026-07-19T00:49:43+00:00</Time>
     <Position>
      <LatitudeDegrees>-33.6367100</LatitudeDegrees>
      <LongitudeDegrees>-70.3592000</LongitudeDegrees>
     </Position>
     <AltitudeMeters>973.1200000000001</AltitudeMeters>
     <DistanceMeters>22246.706191618516</DistanceMeters>
    </Trackpoint>
    <Trackpoint>
     <Time>2026-07-19T00:49:49+00:00</Time>
     <Position>
      <LatitudeDegrees>-33.6371800</LatitudeDegrees>
      <LongitudeDegrees>-70.3591600</LongitudeDegrees>
     </Position>
     <AltitudeMeters>972.2600000000001</AltitudeMeters>
     <DistanceMeters>22299.14629539513</DistanceMeters>
    </Trackpoint>
    <Trackpoint>
     <Time>2026-07-19T00:49:55+00:00</Time>
     <Position>
      <LatitudeDegrees>-33.6376500</LatitudeDegrees>
      <LongitudeDegrees>-70.3591200</LongitudeDegrees>
     </Position>
     <AltitudeMeters>969.82</AltitudeMeters>
     <DistanceMeters>22351.58642496948</DistanceMeters>
    </Trackpoint>
    <Trackpoint>
     <Time>2026-07-19T00:50:01+00:00</Time>
     <Position>
      <LatitudeDegrees>-33.6379400</LatitudeDegrees>
      <LongitudeDegrees>-70.3592000</LongitudeDegrees>
     </Position>
     <AltitudeMeters>968.9300000000001</AltitudeMeters>
     <DistanceMeters>22384.702483268542</DistanceMeters>
    </Trackpoint>
    <Trackpoint>
     <Time>2026-07-19T00:50:06+00:00</Time>
     <Position>
      <LatitudeDegrees>-33.6381200</LatitudeDegrees>
      <LongitudeDegrees>-70.3593300</LongitudeDegrees>
     </Position>
     <AltitudeMeters>968.4800000000001</AltitudeMeters>
     <DistanceMeters>22408.07832868815</DistanceMeters>
    </Trackpoint>
    <Trackpoint>
     <Time>2026-07-19T00:50:12+00:00</Time>
     <Position>
      <LatitudeDegrees>-33.6384600</LatitudeDegrees>
      <LongitudeDegrees>-70.3596400</LongitudeDegrees>
     </Position>
     <AltitudeMeters>968.1</AltitudeMeters>
     <DistanceMeters>22455.58619059749</DistanceMeters>
    </Trackpoint>
    <Trackpoint>
     <Time>2026-07-19T00:50:18+00:00</Time>
     <Position>
      <LatitudeDegrees>-33.6387200</LatitudeDegrees>
      <LongitudeDegrees>-70.3597400</LongitudeDegrees>
     </Position>
     <AltitudeMeters>967.9900000000001</AltitudeMeters>
     <DistanceMeters>22485.970393610758</DistanceMeters>
    </Trackpoint>
    <Trackpoint>
     <Time>2026-07-19T00:50:24+00:00</Time>
     <Position>
      <LatitudeDegrees>-33.6389000</LatitudeDegrees>
      <LongitudeDegrees>-70.3597800</LongitudeDegrees>
     </Position>
     <AltitudeMeters>967.83</AltitudeMeters>
     <DistanceMeters>22506.34358775064</DistanceMeters>
    </Trackpoint>
    <Trackpoint>
     <Time>2026-07-19T00:50:29+00:00</Time>
     <Position>
      <LatitudeDegrees>-33.6394950</LatitudeDegrees>
      <LongitudeDegrees>-70.3597400</LongitudeDegrees>
     </Position>
     <AltitudeMeters>967.6500000000001</AltitudeMeters>
     <DistanceMeters>22572.668161447327</DistanceMeters>
    </Trackpoint>
    <Trackpoint>
     <Time>2026-07-19T00:50:35+00:00</Time>
     <Position>
      <LatitudeDegrees>-33.6400900</LatitudeDegrees>
      <LongitudeDegrees>-70.3597000</LongitudeDegrees>
     </Position>
     <AltitudeMeters>967.4200000000001</AltitudeMeters>
     <DistanceMeters>22638.992723416744</DistanceMeters>
    </Trackpoint>
    <Trackpoint>
     <Time>2026-07-19T00:50:41+00:00</Time>
     <Position>
      <LatitudeDegrees>-33.6408100</LatitudeDegrees>
      <LongitudeDegrees>-70.3596620</LongitudeDegrees>
     </Position>
     <AltitudeMeters>967.64</AltitudeMeters>
     <DistanceMeters>22719.20292809973</DistanceMeters>
    </Trackpoint>
    <Trackpoint>
     <Time>2026-07-19T00:50:46+00:00</Time>
     <Position>
      <LatitudeDegrees>-33.6415300</LatitudeDegrees>
      <LongitudeDegrees>-70.3596240</LongitudeDegrees>
     </Position>
     <AltitudeMeters>969.72</AltitudeMeters>
     <DistanceMeters>22799.413132781705</DistanceMeters>
    </Trackpoint>
    <Trackpoint>
     <Time>2026-07-19T00:50:52+00:00</Time>
     <Position>
      <LatitudeDegrees>-33.6422500</LatitudeDegrees>
      <LongitudeDegrees>-70.3595860</LongitudeDegrees>
     </Position>
     <AltitudeMeters>971.3100000000001</AltitudeMeters>
     <DistanceMeters>22879.623337464425</DistanceMeters>
    </Trackpoint>
    <Trackpoint>
     <Time>2026-07-19T00:50:58+00:00</Time>
     <Position>
      <LatitudeDegrees>-33.6429700</LatitudeDegrees>
      <LongitudeDegrees>-70.3595480</LongitudeDegrees>
     </Position>
     <AltitudeMeters>971.8200000000002</AltitudeMeters>
     <DistanceMeters>22959.833542147833</DistanceMeters>
    </Trackpoint>
    <Trackpoint>
     <Time>2026-07-19T00:51:04+00:00</Time>
     <Position>
      <LatitudeDegrees>-33.6436900</LatitudeDegrees>
      <LongitudeDegrees>-70.3595100</LongitudeDegrees>
     </Position>
     <AltitudeMeters>971.4200000000001</AltitudeMeters>
     <DistanceMeters>23040.043740315043</DistanceMeters>
    </Trackpoint>
    <Trackpoint>
     <Time>2026-07-19T00:51:09+00:00</Time>
     <Position>
      <LatitudeDegrees>-33.6441900</LatitudeDegrees>
      <LongitudeDegrees>-70.3595500</LongitudeDegrees>
     </Position>
     <AltitudeMeters>971.46</AltitudeMeters>
     <DistanceMeters>23095.814857145557</DistanceMeters>
    </Trackpoint>
    <Trackpoint>
     <Time>2026-07-19T00:51:15+00:00</Time>
     <Position>
      <LatitudeDegrees>-33.6444600</LatitudeDegrees>
      <LongitudeDegrees>-70.3596100</LongitudeDegrees>
     </Position>
     <AltitudeMeters>971.6600000000001</AltitudeMeters>
     <DistanceMeters>23126.374583576704</DistanceMeters>
    </Trackpoint>
    <Trackpoint>
     <Time>2026-07-19T00:51:21+00:00</Time>
     <Position>
      <LatitudeDegrees>-33.6450500</LatitudeDegrees>
      <LongitudeDegrees>-70.3598500</LongitudeDegrees>
     </Position>
     <AltitudeMeters>972.7600000000001</AltitudeMeters>
     <DistanceMeters>23195.701931450647</DistanceMeters>
    </Trackpoint>
    <Trackpoint>
     <Time>2026-07-19T00:51:26+00:00</Time>
     <Position>
      <LatitudeDegrees>-33.6456400</LatitudeDegrees>
      <LongitudeDegrees>-70.3600900</LongitudeDegrees>
     </Position>
     <AltitudeMeters>973.47</AltitudeMeters>
     <DistanceMeters>23265.029291502906</DistanceMeters>
    </Trackpoint>
    <Trackpoint>
     <Time>2026-07-19T00:51:32+00:00</Time>
     <Position>
      <LatitudeDegrees>-33.6458400</LatitudeDegrees>
      <LongitudeDegrees>-70.3601400</LongitudeDegrees>
     </Position>
     <AltitudeMeters>973.47</AltitudeMeters>
     <DistanceMeters>23287.765381897152</DistanceMeters>
    </Trackpoint>
    <Trackpoint>
     <Time>2026-07-19T00:51:38+00:00</Time>
     <Position>
      <LatitudeDegrees>-33.6466714</LatitudeDegrees>
      <LongitudeDegrees>-70.3601471</LongitudeDegrees>
     </Position>
     <AltitudeMeters>974.07</AltitudeMeters>
     <DistanceMeters>23380.30215606231</DistanceMeters>
    </Trackpoint>
    <Trackpoint>
     <Time>2026-07-19T00:51:44+00:00</Time>
     <Position>
      <LatitudeDegrees>-33.6475029</LatitudeDegrees>
      <LongitudeDegrees>-70.3601543</LongitudeDegrees>
     </Position>
     <AltitudeMeters>975.64</AltitudeMeters>
     <DistanceMeters>23472.838930225727</DistanceMeters>
    </Trackpoint>
    <Trackpoint>
     <Time>2026-07-19T00:51:49+00:00</Time>
     <Position>
      <LatitudeDegrees>-33.6483343</LatitudeDegrees>
      <LongitudeDegrees>-70.3601614</LongitudeDegrees>
     </Position>
     <AltitudeMeters>976.45</AltitudeMeters>
     <DistanceMeters>23565.37570438977</DistanceMeters>
    </Trackpoint>
    <Trackpoint>
     <Time>2026-07-19T00:51:55+00:00</Time>
     <Position>
      <LatitudeDegrees>-33.6491657</LatitudeDegrees>
      <LongitudeDegrees>-70.3601686</LongitudeDegrees>
     </Position>
     <AltitudeMeters>976.9000000000001</AltitudeMeters>
     <DistanceMeters>23657.912478554463</DistanceMeters>
    </Trackpoint>
    <Trackpoint>
     <Time>2026-07-19T00:52:01+00:00</Time>
     <Position>
      <LatitudeDegrees>-33.6499971</LatitudeDegrees>
      <LongitudeDegrees>-70.3601757</LongitudeDegrees>
     </Position>
     <AltitudeMeters>977.34</AltitudeMeters>
     <DistanceMeters>23750.449252719784</DistanceMeters>
    </Trackpoint>
    <Trackpoint>
     <Time>2026-07-19T00:52:06+00:00</Time>
     <Position>
      <LatitudeDegrees>-33.6508286</LatitudeDegrees>
      <LongitudeDegrees>-70.3601829</LongitudeDegrees>
     </Position>
     <AltitudeMeters>977.6700000000001</AltitudeMeters>
     <DistanceMeters>23842.986026882587</DistanceMeters>
    </Trackpoint>
    <Trackpoint>
     <Time>2026-07-19T00:52:12+00:00</Time>
     <Position>
      <LatitudeDegrees>-33.6516600</LatitudeDegrees>
      <LongitudeDegrees>-70.3601900</LongitudeDegrees>
     </Position>
     <AltitudeMeters>976.89</AltitudeMeters>
     <DistanceMeters>23935.522800660903</DistanceMeters>
    </Trackpoint>
    <Trackpoint>
     <Time>2026-07-19T00:52:18+00:00</Time>
     <Position>
      <LatitudeDegrees>-33.6524967</LatitudeDegrees>
      <LongitudeDegrees>-70.3601867</LongitudeDegrees>
     </Position>
     <AltitudeMeters>977.19</AltitudeMeters>
     <DistanceMeters>24028.640697303097</DistanceMeters>
    </Trackpoint>
    <Trackpoint>
     <Time>2026-07-19T00:52:24+00:00</Time>
     <Position>
      <LatitudeDegrees>-33.6533333</LatitudeDegrees>
      <LongitudeDegrees>-70.3601833</LongitudeDegrees>
     </Position>
     <AltitudeMeters>979.8000000000001</AltitudeMeters>
     <DistanceMeters>24121.758593947343</DistanceMeters>
    </Trackpoint>
    <Trackpoint>
     <Time>2026-07-19T00:52:29+00:00</Time>
     <Position>
      <LatitudeDegrees>-33.6541700</LatitudeDegrees>
      <LongitudeDegrees>-70.3601800</LongitudeDegrees>
     </Position>
     <AltitudeMeters>978.35</AltitudeMeters>
     <DistanceMeters>24214.876492257492</DistanceMeters>
    </Trackpoint>
    <Trackpoint>
     <Time>2026-07-19T00:52:35+00:00</Time>
     <Position>
      <LatitudeDegrees>-33.6543500</LatitudeDegrees>
      <LongitudeDegrees>-70.3601000</LongitudeDegrees>
     </Position>
     <AltitudeMeters>977.7300000000001</AltitudeMeters>
     <DistanceMeters>24236.236699439396</DistanceMeters>
    </Trackpoint>
    <Trackpoint>
     <Time>2026-07-19T00:52:41+00:00</Time>
     <Position>
      <LatitudeDegrees>-33.6545300</LatitudeDegrees>
      <LongitudeDegrees>-70.3600000</LongitudeDegrees>
     </Position>
     <AltitudeMeters>975.34</AltitudeMeters>
     <DistanceMeters>24258.30829539149</DistanceMeters>
    </Trackpoint>
    <Trackpoint>
     <Time>2026-07-19T00:52:47+00:00</Time>
     <Position>
      <LatitudeDegrees>-33.6546900</LatitudeDegrees>
      <LongitudeDegrees>-70.3598600</LongitudeDegrees>
     </Position>
     <AltitudeMeters>974.5300000000001</AltitudeMeters>
     <DistanceMeters>24280.33821298446</DistanceMeters>
    </Trackpoint>
    <Trackpoint>
     <Time>2026-07-19T00:52:52+00:00</Time>
     <Position>
      <LatitudeDegrees>-33.6551600</LatitudeDegrees>
      <LongitudeDegrees>-70.3593400</LongitudeDegrees>
     </Position>
     <AltitudeMeters>974.77</AltitudeMeters>
     <DistanceMeters>24351.450234741482</DistanceMeters>
    </Trackpoint>
    <Trackpoint>
     <Time>2026-07-19T00:52:58+00:00</Time>
     <Position>
      <LatitudeDegrees>-33.6553100</LatitudeDegrees>
      <LongitudeDegrees>-70.3592400</LongitudeDegrees>
     </Position>
     <AltitudeMeters>975.6500000000001</AltitudeMeters>
     <DistanceMeters>24370.5427765415</DistanceMeters>
    </Trackpoint>
    <Trackpoint>
     <Time>2026-07-19T00:53:04+00:00</Time>
     <Position>
      <LatitudeDegrees>-33.6554900</LatitudeDegrees>
      <LongitudeDegrees>-70.3591500</LongitudeDegrees>
     </Position>
     <AltitudeMeters>976.1400000000001</AltitudeMeters>
     <DistanceMeters>24392.241785274073</DistanceMeters>
    </Trackpoint>
    <Trackpoint>
     <Time>2026-07-19T00:53:09+00:00</Time>
     <Position>
      <LatitudeDegrees>-33.6558500</LatitudeDegrees>
      <LongitudeDegrees>-70.3590700</LongitudeDegrees>
     </Position>
     <AltitudeMeters>979.4100000000001</AltitudeMeters>
     <DistanceMeters>24432.9879094829</DistanceMeters>
    </Trackpoint>
    <Trackpoint>
     <Time>2026-07-19T00:53:15+00:00</Time>
     <Position>
      <LatitudeDegrees>-33.6567100</LatitudeDegrees>
      <LongitudeDegrees>-70.3589550</LongitudeDegrees>
     </Position>
     <AltitudeMeters>982.86</AltitudeMeters>
     <DistanceMeters>24529.293269300764</DistanceMeters>
    </Trackpoint>
    <Trackpoint>
     <Time>2026-07-19T00:53:21+00:00</Time>
     <Position>
      <LatitudeDegrees>-33.6575700</LatitudeDegrees>
      <LongitudeDegrees>-70.3588400</LongitudeDegrees>
     </Position>
     <AltitudeMeters>986.8500000000001</AltitudeMeters>
     <DistanceMeters>24625.598628426887</DistanceMeters>
    </Trackpoint>
    <Trackpoint>
     <Time>2026-07-19T00:53:27+00:00</Time>
     <Position>
      <LatitudeDegrees>-33.6582400</LatitudeDegrees>
      <LongitudeDegrees>-70.3586100</LongitudeDegrees>
     </Position>
     <AltitudeMeters>987.65</AltitudeMeters>
     <DistanceMeters>24703.151074352376</DistanceMeters>
    </Trackpoint>
    <Trackpoint>
     <Time>2026-07-19T00:53:32+00:00</Time>
     <Position>
      <LatitudeDegrees>-33.6590450</LatitudeDegrees>
      <LongitudeDegrees>-70.3584700</LongitudeDegrees>
     </Position>
     <AltitudeMeters>990.5</AltitudeMeters>
     <DistanceMeters>24793.677919467988</DistanceMeters>
    </Trackpoint>
    <Trackpoint>
     <Time>2026-07-19T00:53:38+00:00</Time>
     <Position>
      <LatitudeDegrees>-33.6598500</LatitudeDegrees>
      <LongitudeDegrees>-70.3583300</LongitudeDegrees>
     </Position>
     <AltitudeMeters>994.2500000000001</AltitudeMeters>
     <DistanceMeters>24884.204759974276</DistanceMeters>
    </Trackpoint>
    <Trackpoint>
     <Time>2026-07-19T00:53:44+00:00</Time>
     <Position>
      <LatitudeDegrees>-33.6607300</LatitudeDegrees>
      <LongitudeDegrees>-70.3581600</LongitudeDegrees>
     </Position>
     <AltitudeMeters>993.6600000000001</AltitudeMeters>
     <DistanceMeters>24983.402965157053</DistanceMeters>
    </Trackpoint>
    <Trackpoint>
     <Time>2026-07-19T00:53:49+00:00</Time>
     <Position>
      <LatitudeDegrees>-33.6610400</LatitudeDegrees>
      <LongitudeDegrees>-70.3581200</LongitudeDegrees>
     </Position>
     <AltitudeMeters>991.1400000000001</AltitudeMeters>
     <DistanceMeters>25018.10303122991</DistanceMeters>
    </Trackpoint>
    <Trackpoint>
     <Time>2026-07-19T00:53:55+00:00</Time>
     <Position>
      <LatitudeDegrees>-33.6612700</LatitudeDegrees>
      <LongitudeDegrees>-70.3581200</LongitudeDegrees>
     </Position>
     <AltitudeMeters>989.08</AltitudeMeters>
     <DistanceMeters>25043.701037501516</DistanceMeters>
    </Trackpoint>
    <Trackpoint>
     <Time>2026-07-19T00:54:01+00:00</Time>
     <Position>
      <LatitudeDegrees>-33.6616000</LatitudeDegrees>
      <LongitudeDegrees>-70.3581700</LongitudeDegrees>
     </Position>
     <AltitudeMeters>986.4100000000001</AltitudeMeters>
     <DistanceMeters>25080.719513396973</DistanceMeters>
    </Trackpoint>
    <Trackpoint>
     <Time>2026-07-19T00:54:07+00:00</Time>
     <Position>
      <LatitudeDegrees>-33.6618700</LatitudeDegrees>
      <LongitudeDegrees>-70.3581700</LongitudeDegrees>
     </Position>
     <AltitudeMeters>985.37</AltitudeMeters>
     <DistanceMeters>25110.769346846042</DistanceMeters>
    </Trackpoint>
    <Trackpoint>
     <Time>2026-07-19T00:54:12+00:00</Time>
     <Position>
      <LatitudeDegrees>-33.6622100</LatitudeDegrees>
      <LongitudeDegrees>-70.3580800</LongitudeDegrees>
     </Position>
     <AltitudeMeters>984.5200000000001</AltitudeMeters>
     <DistanceMeters>25149.51740541942</DistanceMeters>
    </Trackpoint>
    <Trackpoint>
     <Time>2026-07-19T00:54:18+00:00</Time>
     <Position>
      <LatitudeDegrees>-33.6623900</LatitudeDegrees>
      <LongitudeDegrees>-70.3579500</LongitudeDegrees>
     </Position>
     <AltitudeMeters>984.5100000000001</AltitudeMeters>
     <DistanceMeters>25172.891501013568</DistanceMeters>
    </Trackpoint>
    <Trackpoint>
     <Time>2026-07-19T00:54:24+00:00</Time>
     <Position>
      <LatitudeDegrees>-33.6631800</LatitudeDegrees>
      <LongitudeDegrees>-70.3574477</LongitudeDegrees>
     </Position>
     <AltitudeMeters>984.46</AltitudeMeters>
     <DistanceMeters>25272.367045321436</DistanceMeters>
    </Trackpoint>
    <Trackpoint>
     <Time>2026-07-19T00:54:30+00:00</Time>
     <Position>
      <LatitudeDegrees>-33.6639700</LatitudeDegrees>
      <LongitudeDegrees>-70.3569455</LongitudeDegrees>
     </Position>
     <AltitudeMeters>985.47</AltitudeMeters>
     <DistanceMeters>25371.84258963112</DistanceMeters>
    </Trackpoint>
    <Trackpoint>
     <Time>2026-07-19T00:54:35+00:00</Time>
     <Position>
      <LatitudeDegrees>-33.6647600</LatitudeDegrees>
      <LongitudeDegrees>-70.3564432</LongitudeDegrees>
     </Position>
     <AltitudeMeters>986.19</AltitudeMeters>
     <DistanceMeters>25471.31813394007</DistanceMeters>
    </Trackpoint>
    <Trackpoint>
     <Time>2026-07-19T00:54:41+00:00</Time>
     <Position>
      <LatitudeDegrees>-33.6655500</LatitudeDegrees>
      <LongitudeDegrees>-70.3559409</LongitudeDegrees>
     </Position>
     <AltitudeMeters>988.1200000000001</AltitudeMeters>
     <DistanceMeters>25570.793678249047</DistanceMeters>
    </Trackpoint>
    <Trackpoint>
     <Time>2026-07-19T00:54:47+00:00</Time>
     <Position>
      <LatitudeDegrees>-33.6663400</LatitudeDegrees>
      <LongitudeDegrees>-70.3554386</LongitudeDegrees>
     </Position>
     <AltitudeMeters>989.3900000000001</AltitudeMeters>
     <DistanceMeters>25670.26922255681</DistanceMeters>
    </Trackpoint>
    <Trackpoint>
     <Time>2026-07-19T00:54:52+00:00</Time>
     <Position>
      <LatitudeDegrees>-33.6671300</LatitudeDegrees>
      <LongitudeDegrees>-70.3549363</LongitudeDegrees>
     </Position>
     <AltitudeMeters>991.2</AltitudeMeters>
     <DistanceMeters>25769.744766865442</DistanceMeters>
    </Trackpoint>
    <Trackpoint>
     <Time>2026-07-19T00:54:58+00:00</Time>
     <Position>
      <LatitudeDegrees>-33.6679200</LatitudeDegrees>
      <LongitudeDegrees>-70.3544340</LongitudeDegrees>
     </Position>
     <AltitudeMeters>994.38</AltitudeMeters>
     <DistanceMeters>25869.220311174482</DistanceMeters>
    </Trackpoint>
    <Trackpoint>
     <Time>2026-07-19T00:55:04+00:00</Time>
     <Position>
      <LatitudeDegrees>-33.6687100</LatitudeDegrees>
      <LongitudeDegrees>-70.3539317</LongitudeDegrees>
     </Position>
     <AltitudeMeters>998.8100000000001</AltitudeMeters>
     <DistanceMeters>25968.69585548313</DistanceMeters>
    </Trackpoint>
    <Trackpoint>
     <Time>2026-07-19T00:55:10+00:00</Time>
     <Position>
      <LatitudeDegrees>-33.6695000</LatitudeDegrees>
      <LongitudeDegrees>-70.3534294</LongitudeDegrees>
     </Position>
     <AltitudeMeters>1001.98</AltitudeMeters>
     <DistanceMeters>26068.17139979232</DistanceMeters>
    </Trackpoint>
    <Trackpoint>
     <Time>2026-07-19T00:55:15+00:00</Time>
     <Position>
      <LatitudeDegrees>-33.6702900</LatitudeDegrees>
      <LongitudeDegrees>-70.3529271</LongitudeDegrees>
     </Position>
     <AltitudeMeters>1003.77</AltitudeMeters>
     <DistanceMeters>26167.64694410072</DistanceMeters>
    </Trackpoint>
    <Trackpoint>
     <Time>2026-07-19T00:55:21+00:00</Time>
     <Position>
      <LatitudeDegrees>-33.6710800</LatitudeDegrees>
      <LongitudeDegrees>-70.3524247</LongitudeDegrees>
     </Position>
     <AltitudeMeters>1005.6500000000001</AltitudeMeters>
     <DistanceMeters>26267.122488408488</DistanceMeters>
    </Trackpoint>
    <Trackpoint>
     <Time>2026-07-19T00:55:27+00:00</Time>
     <Position>
      <LatitudeDegrees>-33.6718700</LatitudeDegrees>
      <LongitudeDegrees>-70.3519224</LongitudeDegrees>
     </Position>
     <AltitudeMeters>1006.95</AltitudeMeters>
     <DistanceMeters>26366.5980327184</DistanceMeters>
    </Trackpoint>
    <Trackpoint>
     <Time>2026-07-19T00:55:32+00:00</Time>
     <Position>
      <LatitudeDegrees>-33.6726600</LatitudeDegrees>
      <LongitudeDegrees>-70.3514200</LongitudeDegrees>
     </Position>
     <AltitudeMeters>1009.02</AltitudeMeters>
     <DistanceMeters>26466.073575089664</DistanceMeters>
    </Trackpoint>
    <Trackpoint>
     <Time>2026-07-19T00:55:38+00:00</Time>
     <Position>
      <LatitudeDegrees>-33.6728600</LatitudeDegrees>
      <LongitudeDegrees>-70.3512700</LongitudeDegrees>
     </Position>
     <AltitudeMeters>1009.25</AltitudeMeters>
     <DistanceMeters>26492.312743259772</DistanceMeters>
    </Trackpoint>
    <Trackpoint>
     <Time>2026-07-19T00:55:44+00:00</Time>
     <Position>
      <LatitudeDegrees>-33.6732000</LatitudeDegrees>
      <LongitudeDegrees>-70.3507900</LongitudeDegrees>
     </Position>
     <AltitudeMeters>1008.6600000000001</AltitudeMeters>
     <DistanceMeters>26550.69482518052</DistanceMeters>
    </Trackpoint>
    <Trackpoint>
     <Time>2026-07-19T00:55:50+00:00</Time>
     <Position>
      <LatitudeDegrees>-33.6735867</LatitudeDegrees>
      <LongitudeDegrees>-70.3499967</LongitudeDegrees>
     </Position>
     <AltitudeMeters>1002.7900000000001</AltitudeMeters>
     <DistanceMeters>26635.848695365155</DistanceMeters>
    </Trackpoint>
    <Trackpoint>
     <Time>2026-07-19T00:55:55+00:00</Time>
     <Position>
      <LatitudeDegrees>-33.6739733</LatitudeDegrees>
      <LongitudeDegrees>-70.3492033</LongitudeDegrees>
     </Position>
     <AltitudeMeters>996.98</AltitudeMeters>
     <DistanceMeters>26721.00256555005</DistanceMeters>
    </Trackpoint>
    <Trackpoint>
     <Time>2026-07-19T00:56:01+00:00</Time>
     <Position>
      <LatitudeDegrees>-33.6743600</LatitudeDegrees>
      <LongitudeDegrees>-70.3484100</LongitudeDegrees>
     </Position>
     <AltitudeMeters>992.45</AltitudeMeters>
     <DistanceMeters>26806.156447885223</DistanceMeters>
    </Trackpoint>
    <Trackpoint>
     <Time>2026-07-19T00:56:07+00:00</Time>
     <Position>
      <LatitudeDegrees>-33.6745800</LatitudeDegrees>
      <LongitudeDegrees>-70.3481600</LongitudeDegrees>
     </Position>
     <AltitudeMeters>991.9300000000001</AltitudeMeters>
     <DistanceMeters>26839.856245642615</DistanceMeters>
    </Trackpoint>
    <Trackpoint>
     <Time>2026-07-19T00:56:12+00:00</Time>
     <Position>
      <LatitudeDegrees>-33.6747400</LatitudeDegrees>
      <LongitudeDegrees>-70.3480700</LongitudeDegrees>
     </Position>
     <AltitudeMeters>991.84</AltitudeMeters>
     <DistanceMeters>26859.51803871132</DistanceMeters>
    </Trackpoint>
    <Trackpoint>
     <Time>2026-07-19T00:56:18+00:00</Time>
     <Position>
      <LatitudeDegrees>-33.6754150</LatitudeDegrees>
      <LongitudeDegrees>-70.3477900</LongitudeDegrees>
     </Position>
     <AltitudeMeters>992.99</AltitudeMeters>
     <DistanceMeters>26938.992848927574</DistanceMeters>
    </Trackpoint>
    <Trackpoint>
     <Time>2026-07-19T00:56:24+00:00</Time>
     <Position>
      <LatitudeDegrees>-33.6760900</LatitudeDegrees>
      <LongitudeDegrees>-70.3475100</LongitudeDegrees>
     </Position>
     <AltitudeMeters>996.96</AltitudeMeters>
     <DistanceMeters>27018.467663213716</DistanceMeters>
    </Trackpoint>
    <Trackpoint>
     <Time>2026-07-19T00:56:30+00:00</Time>
     <Position>
      <LatitudeDegrees>-33.6767100</LatitudeDegrees>
      <LongitudeDegrees>-70.3471500</LongitudeDegrees>
     </Position>
     <AltitudeMeters>1002.0200000000001</AltitudeMeters>
     <DistanceMeters>27095.10438524095</DistanceMeters>
    </Trackpoint>
    <Trackpoint>
     <Time>2026-07-19T00:56:35+00:00</Time>
     <Position>
      <LatitudeDegrees>-33.6769300</LatitudeDegrees>
      <LongitudeDegrees>-70.3470600</LongitudeDegrees>
     </Position>
     <AltitudeMeters>1003.2100000000002</AltitudeMeters>
     <DistanceMeters>27120.969419947094</DistanceMeters>
    </Trackpoint>
    <Trackpoint>
     <Time>2026-07-19T00:56:41+00:00</Time>
     <Position>
      <LatitudeDegrees>-33.6776800</LatitudeDegrees>
      <LongitudeDegrees>-70.3468400</LongitudeDegrees>
     </Position>
     <AltitudeMeters>1005.5500000000002</AltitudeMeters>
     <DistanceMeters>27206.892109524862</DistanceMeters>
    </Trackpoint>
    <Trackpoint>
     <Time>2026-07-19T00:56:47+00:00</Time>
     <Position>
      <LatitudeDegrees>-33.6779200</LatitudeDegrees>
      <LongitudeDegrees>-70.3467400</LongitudeDegrees>
     </Position>
     <AltitudeMeters>1005.6200000000001</AltitudeMeters>
     <DistanceMeters>27235.163195447672</DistanceMeters>
    </Trackpoint>
    <Trackpoint>
     <Time>2026-07-19T00:56:53+00:00</Time>
     <Position>
      <LatitudeDegrees>-33.6785633</LatitudeDegrees>
      <LongitudeDegrees>-70.3462367</LongitudeDegrees>
     </Position>
     <AltitudeMeters>1005.66</AltitudeMeters>
     <DistanceMeters>27320.601434495264</DistanceMeters>
    </Trackpoint>
    <Trackpoint>
     <Time>2026-07-19T00:56:58+00:00</Time>
     <Position>
      <LatitudeDegrees>-33.6792067</LatitudeDegrees>
      <LongitudeDegrees>-70.3457333</LongitudeDegrees>
     </Position>
     <AltitudeMeters>1006.41</AltitudeMeters>
     <DistanceMeters>27406.03967354186</DistanceMeters>
    </Trackpoint>
    <Trackpoint>
     <Time>2026-07-19T00:57:04+00:00</Time>
     <Position>
      <LatitudeDegrees>-33.6798500</LatitudeDegrees>
      <LongitudeDegrees>-70.3452300</LongitudeDegrees>
     </Position>
     <AltitudeMeters>1007.3199999999999</AltitudeMeters>
     <DistanceMeters>27491.477930872265</DistanceMeters>
    </Trackpoint>
    <Trackpoint>
     <Time>2026-07-19T00:57:10+00:00</Time>
     <Position>
      <LatitudeDegrees>-33.6800500</LatitudeDegrees>
      <LongitudeDegrees>-70.3449600</LongitudeDegrees>
     </Position>
     <AltitudeMeters>1007.46</AltitudeMeters>
     <DistanceMeters>27524.95575868776</DistanceMeters>
    </Trackpoint>
    <Trackpoint>
     <Time>2026-07-19T00:57:15+00:00</Time>
     <Position>
      <LatitudeDegrees>-33.6802000</LatitudeDegrees>
      <LongitudeDegrees>-70.3446500</LongitudeDegrees>
     </Position>
     <AltitudeMeters>1007.5200000000002</AltitudeMeters>
     <DistanceMeters>27558.167061069005</DistanceMeters>
    </Trackpoint>
    <Trackpoint>
     <Time>2026-07-19T00:57:21+00:00</Time>
     <Position>
      <LatitudeDegrees>-33.6802900</LatitudeDegrees>
      <LongitudeDegrees>-70.3443800</LongitudeDegrees>
     </Position>
     <AltitudeMeters>1007.4000000000001</AltitudeMeters>
     <DistanceMeters>27585.104470608225</DistanceMeters>
    </Trackpoint>
    <Trackpoint>
     <Time>2026-07-19T00:57:27+00:00</Time>
     <Position>
      <LatitudeDegrees>-33.6803400</LatitudeDegrees>
      <LongitudeDegrees>-70.3440000</LongitudeDegrees>
     </Position>
     <AltitudeMeters>1007.2700000000001</AltitudeMeters>
     <DistanceMeters>27620.73506882177</DistanceMeters>
    </Trackpoint>
    <Trackpoint>
     <Time>2026-07-19T00:57:33+00:00</Time>
     <Position>
      <LatitudeDegrees>-33.6803400</LatitudeDegrees>
      <LongitudeDegrees>-70.3440200</LongitudeDegrees>
     </Position>
     <AltitudeMeters>1007.2700000000001</AltitudeMeters>
     <DistanceMeters>27620.73506882177</DistanceMeters>
    </Trackpoint>
    <Trackpoint>
     <Time>2026-07-19T00:57:38+00:00</Time>
     <Position>
      <LatitudeDegrees>-33.6803200</LatitudeDegrees>
      <LongitudeDegrees>-70.3437500</LongitudeDegrees>
     </Position>
     <AltitudeMeters>1007.0799999999999</AltitudeMeters>
     <DistanceMeters>27645.839749434577</DistanceMeters>
    </Trackpoint>
    <Trackpoint>
     <Time>2026-07-19T00:57:44+00:00</Time>
     <Position>
      <LatitudeDegrees>-33.6802700</LatitudeDegrees>
      <LongitudeDegrees>-70.3434800</LongitudeDegrees>
     </Position>
     <AltitudeMeters>1006.7300000000001</AltitudeMeters>
     <DistanceMeters>27671.457275215325</DistanceMeters>
    </Trackpoint>
    <Trackpoint>
     <Time>2026-07-19T00:57:50+00:00</Time>
     <Position>
      <LatitudeDegrees>-33.6801800</LatitudeDegrees>
      <LongitudeDegrees>-70.3432500</LongitudeDegrees>
     </Position>
     <AltitudeMeters>1006.6000000000001</AltitudeMeters>
     <DistanceMeters>27694.996104792215</DistanceMeters>
    </Trackpoint>
    <Trackpoint>
     <Time>2026-07-19T00:57:55+00:00</Time>
     <Position>
      <LatitudeDegrees>-33.6800500</LatitudeDegrees>
      <LongitudeDegrees>-70.3429900</LongitudeDegrees>
     </Position>
     <AltitudeMeters>1005.9</AltitudeMeters>
     <DistanceMeters>27723.08825391345</DistanceMeters>
    </Trackpoint>
    <Trackpoint>
     <Time>2026-07-19T00:58:01+00:00</Time>
     <Position>
      <LatitudeDegrees>-33.6799100</LatitudeDegrees>
      <LongitudeDegrees>-70.3428100</LongitudeDegrees>
     </Position>
     <AltitudeMeters>1005.0700000000002</AltitudeMeters>
     <DistanceMeters>27745.90686332442</DistanceMeters>
    </Trackpoint>
    <Trackpoint>
     <Time>2026-07-19T00:58:07+00:00</Time>
     <Position>
      <LatitudeDegrees>-33.6797500</LatitudeDegrees>
      <LongitudeDegrees>-70.3426600</LongitudeDegrees>
     </Position>
     <AltitudeMeters>1004.0500000000001</AltitudeMeters>
     <DistanceMeters>27768.492108966202</DistanceMeters>
    </Trackpoint>
    <Trackpoint>
     <Time>2026-07-19T00:58:13+00:00</Time>
     <Position>
      <LatitudeDegrees>-33.6790000</LatitudeDegrees>
      <LongitudeDegrees>-70.3420900</LongitudeDegrees>
     </Position>
     <AltitudeMeters>999.82</AltitudeMeters>
     <DistanceMeters>27867.25664103459</DistanceMeters>
    </Trackpoint>
    <Trackpoint>
     <Time>2026-07-19T00:58:18+00:00</Time>
     <Position>
      <LatitudeDegrees>-33.6782500</LatitudeDegrees>
      <LongitudeDegrees>-70.3415200</LongitudeDegrees>
     </Position>
     <AltitudeMeters>1000.6300000000001</AltitudeMeters>
     <DistanceMeters>27966.021173104396</DistanceMeters>
    </Trackpoint>
    <Trackpoint>
     <Time>2026-07-19T00:58:24+00:00</Time>
     <Position>
      <LatitudeDegrees>-33.6775000</LatitudeDegrees>
      <LongitudeDegrees>-70.3409500</LongitudeDegrees>
     </Position>
     <AltitudeMeters>1006.03</AltitudeMeters>
     <DistanceMeters>28064.785705221926</DistanceMeters>
    </Trackpoint>
    <Trackpoint>
     <Time>2026-07-19T00:58:30+00:00</Time>
     <Position>
      <LatitudeDegrees>-33.6769400</LatitudeDegrees>
      <LongitudeDegrees>-70.3415000</LongitudeDegrees>
     </Position>
     <AltitudeMeters>1006.78</AltitudeMeters>
     <DistanceMeters>28145.27992997546</DistanceMeters>
    </Trackpoint>
    <Trackpoint>
     <Time>2026-07-19T00:58:35+00:00</Time>
     <Position>
      <LatitudeDegrees>-33.6764600</LatitudeDegrees>
      <LongitudeDegrees>-70.3420400</LongitudeDegrees>
     </Position>
     <AltitudeMeters>1005.1600000000001</AltitudeMeters>
     <DistanceMeters>28218.45976386147</DistanceMeters>
    </Trackpoint>
    <Trackpoint>
     <Time>2026-07-19T00:58:41+00:00</Time>
     <Position>
      <LatitudeDegrees>-33.6759800</LatitudeDegrees>
      <LongitudeDegrees>-70.3425800</LongitudeDegrees>
     </Position>
     <AltitudeMeters>1005.97</AltitudeMeters>
     <DistanceMeters>28291.639603980588</DistanceMeters>
    </Trackpoint>
    <Trackpoint>
     <Time>2026-07-19T00:58:47+00:00</Time>
     <Position>
      <LatitudeDegrees>-33.6754850</LatitudeDegrees>
      <LongitudeDegrees>-70.3430550</LongitudeDegrees>
     </Position>
     <AltitudeMeters>1008.2600000000001</AltitudeMeters>
     <DistanceMeters>28362.14170810501</DistanceMeters>
    </Trackpoint>
    <Trackpoint>
     <Time>2026-07-19T00:58:53+00:00</Time>
     <Position>
      <LatitudeDegrees>-33.6749900</LatitudeDegrees>
      <LongitudeDegrees>-70.3435300</LongitudeDegrees>
     </Position>
     <AltitudeMeters>1009.6700000000001</AltitudeMeters>
     <DistanceMeters>28432.64379376504</DistanceMeters>
    </Trackpoint>
    <Trackpoint>
     <Time>2026-07-19T00:58:58+00:00</Time>
     <Position>
      <LatitudeDegrees>-33.6744533</LatitudeDegrees>
      <LongitudeDegrees>-70.3440833</LongitudeDegrees>
     </Position>
     <AltitudeMeters>1010.03</AltitudeMeters>
     <DistanceMeters>28511.346331356643</DistanceMeters>
    </Trackpoint>
    <Trackpoint>
     <Time>2026-07-19T00:59:04+00:00</Time>
     <Position>
      <LatitudeDegrees>-33.6739167</LatitudeDegrees>
      <LongitudeDegrees>-70.3446367</LongitudeDegrees>
     </Position>
     <AltitudeMeters>1010.2300000000001</AltitudeMeters>
     <DistanceMeters>28590.048868948874</DistanceMeters>
    </Trackpoint>
    <Trackpoint>
     <Time>2026-07-19T00:59:10+00:00</Time>
     <Position>
      <LatitudeDegrees>-33.6733800</LatitudeDegrees>
      <LongitudeDegrees>-70.3451900</LongitudeDegrees>
     </Position>
     <AltitudeMeters>1010.5000000000001</AltitudeMeters>
     <DistanceMeters>28668.751435651073</DistanceMeters>
    </Trackpoint>
    <Trackpoint>
     <Time>2026-07-19T00:59:16+00:00</Time>
     <Position>
      <LatitudeDegrees>-33.6732700</LatitudeDegrees>
      <LongitudeDegrees>-70.3453200</LongitudeDegrees>
     </Position>
     <AltitudeMeters>1010.5000000000001</AltitudeMeters>
     <DistanceMeters>28685.922940849705</DistanceMeters>
    </Trackpoint>
    <Trackpoint>
     <Time>2026-07-19T00:59:21+00:00</Time>
     <Position>
      <LatitudeDegrees>-33.6732000</LatitudeDegrees>
      <LongitudeDegrees>-70.3454500</LongitudeDegrees>
     </Position>
     <AltitudeMeters>1010.48</AltitudeMeters>
     <DistanceMeters>28700.264365142903</DistanceMeters>
    </Trackpoint>
    <Trackpoint>
     <Time>2026-07-19T00:59:27+00:00</Time>
     <Position>
      <LatitudeDegrees>-33.6729500</LatitudeDegrees>
      <LongitudeDegrees>-70.3460800</LongitudeDegrees>
     </Position>
     <AltitudeMeters>1008.95</AltitudeMeters>
     <DistanceMeters>28764.91034972864</DistanceMeters>
    </Trackpoint>
    <Trackpoint>
     <Time>2026-07-19T00:59:33+00:00</Time>
     <Position>
      <LatitudeDegrees>-33.6728400</LatitudeDegrees>
      <LongitudeDegrees>-70.3462600</LongitudeDegrees>
     </Position>
     <AltitudeMeters>1007.9900000000001</AltitudeMeters>
     <DistanceMeters>28785.59450487248</DistanceMeters>
    </Trackpoint>
    <Trackpoint>
     <Time>2026-07-19T00:59:38+00:00</Time>
     <Position>
      <LatitudeDegrees>-33.6726200</LatitudeDegrees>
      <LongitudeDegrees>-70.3464800</LongitudeDegrees>
     </Position>
     <AltitudeMeters>1005.02</AltitudeMeters>
     <DistanceMeters>28817.44942228674</DistanceMeters>
    </Trackpoint>
    <Trackpoint>
     <Time>2026-07-19T00:59:44+00:00</Time>
     <Position>
      <LatitudeDegrees>-33.6720600</LatitudeDegrees>
      <LongitudeDegrees>-70.3468800</LongitudeDegrees>
     </Position>
     <AltitudeMeters>1002.2200000000001</AltitudeMeters>
     <DistanceMeters>28889.955420189748</DistanceMeters>
    </Trackpoint>
    <Trackpoint>
     <Time>2026-07-19T00:59:50+00:00</Time>
     <Position>
      <LatitudeDegrees>-33.6715000</LatitudeDegrees>
      <LongitudeDegrees>-70.3472800</LongitudeDegrees>
     </Position>
     <AltitudeMeters>1000.7099999999999</AltitudeMeters>
     <DistanceMeters>28962.46143889166</DistanceMeters>
    </Trackpoint>
    <Trackpoint>
     <Time>2026-07-19T00:59:56+00:00</Time>
     <Position>
      <LatitudeDegrees>-33.6712700</LatitudeDegrees>
      <LongitudeDegrees>-70.3474200</LongitudeDegrees>
     </Position>
     <AltitudeMeters>1000.8000000000001</AltitudeMeters>
     <DistanceMeters>28991.156549337415</DistanceMeters>
    </Trackpoint>
    <Trackpoint>
     <Time>2026-07-19T01:00:01+00:00</Time>
     <Position>
      <LatitudeDegrees>-33.6708700</LatitudeDegrees>
      <LongitudeDegrees>-70.3475600</LongitudeDegrees>
     </Position>
     <AltitudeMeters>1001.47</AltitudeMeters>
     <DistanceMeters>29037.524956600657</DistanceMeters>
    </Trackpoint>
    <Trackpoint>
     <Time>2026-07-19T01:00:07+00:00</Time>
     <Position>
      <LatitudeDegrees>-33.6700900</LatitudeDegrees>
      <LongitudeDegrees>-70.3477900</LongitudeDegrees>
     </Position>
     <AltitudeMeters>1001.2700000000001</AltitudeMeters>
     <DistanceMeters>29126.911377977387</DistanceMeters>
    </Trackpoint>
    <Trackpoint>
     <Time>2026-07-19T01:00:13+00:00</Time>
     <Position>
      <LatitudeDegrees>-33.6692800</LatitudeDegrees>
      <LongitudeDegrees>-70.3482300</LongitudeDegrees>
     </Position>
     <AltitudeMeters>1000.8700000000001</AltitudeMeters>
     <DistanceMeters>29225.84530787747</DistanceMeters>
    </Trackpoint>
    <Trackpoint>
     <Time>2026-07-19T01:00:18+00:00</Time>
     <Position>
      <LatitudeDegrees>-33.6690300</LatitudeDegrees>
      <LongitudeDegrees>-70.3484100</LongitudeDegrees>
     </Position>
     <AltitudeMeters>1000.4200000000001</AltitudeMeters>
     <DistanceMeters>29258.28216274238</DistanceMeters>
    </Trackpoint>
    <Trackpoint>
     <Time>2026-07-19T01:00:24+00:00</Time>
     <Position>
      <LatitudeDegrees>-33.6688300</LatitudeDegrees>
      <LongitudeDegrees>-70.3486300</LongitudeDegrees>
     </Position>
     <AltitudeMeters>999.7800000000001</AltitudeMeters>
     <DistanceMeters>29288.460365782514</DistanceMeters>
    </Trackpoint>
    <Trackpoint>
     <Time>2026-07-19T01:00:30+00:00</Time>
     <Position>
      <LatitudeDegrees>-33.6685900</LatitudeDegrees>
      <LongitudeDegrees>-70.3489400</LongitudeDegrees>
     </Position>
     <AltitudeMeters>996.8100000000001</AltitudeMeters>
     <DistanceMeters>29327.677500185782</DistanceMeters>
    </Trackpoint>
    <Trackpoint>
     <Time>2026-07-19T01:00:36+00:00</Time>
     <Position>
      <LatitudeDegrees>-33.6684100</LatitudeDegrees>
      <LongitudeDegrees>-70.3490800</LongitudeDegrees>
     </Position>
     <AltitudeMeters>996.8100000000001</AltitudeMeters>
     <DistanceMeters>29351.541546680775</DistanceMeters>
    </Trackpoint>
    <Trackpoint>
     <Time>2026-07-19T01:00:41+00:00</Time>
     <Position>
      <LatitudeDegrees>-33.6682100</LatitudeDegrees>
      <LongitudeDegrees>-70.3491800</LongitudeDegrees>
     </Position>
     <AltitudeMeters>995.6100000000001</AltitudeMeters>
     <DistanceMeters>29375.651022315014</DistanceMeters>
    </Trackpoint>
    <Trackpoint>
     <Time>2026-07-19T01:00:47+00:00</Time>
     <Position>
      <LatitudeDegrees>-33.6679800</LatitudeDegrees>
      <LongitudeDegrees>-70.3492600</LongitudeDegrees>
     </Position>
     <AltitudeMeters>995.2800000000001</AltitudeMeters>
     <DistanceMeters>29402.300013250842</DistanceMeters>
    </Trackpoint>
    <Trackpoint>
     <Time>2026-07-19T01:00:53+00:00</Time>
     <Position>
      <LatitudeDegrees>-33.6674200</LatitudeDegrees>
      <LongitudeDegrees>-70.3493500</LongitudeDegrees>
     </Position>
     <AltitudeMeters>996.6600000000001</AltitudeMeters>
     <DistanceMeters>29465.180654894146</DistanceMeters>
    </Trackpoint>
    <Trackpoint>
     <Time>2026-07-19T01:00:58+00:00</Time>
     <Position>
      <LatitudeDegrees>-33.6672900</LatitudeDegrees>
      <LongitudeDegrees>-70.3493300</LongitudeDegrees>
     </Position>
     <AltitudeMeters>996.6600000000001</AltitudeMeters>
     <DistanceMeters>29479.76721347476</DistanceMeters>
    </Trackpoint>
    <Trackpoint>
     <Time>2026-07-19T01:01:04+00:00</Time>
     <Position>
      <LatitudeDegrees>-33.6667500</LatitudeDegrees>
      <LongitudeDegrees>-70.3493900</LongitudeDegrees>
     </Position>
     <AltitudeMeters>1001.6100000000001</AltitudeMeters>
     <DistanceMeters>29540.1233072372</DistanceMeters>
    </Trackpoint>
    <Trackpoint>
     <Time>2026-07-19T01:01:10+00:00</Time>
     <Position>
      <LatitudeDegrees>-33.6662350</LatitudeDegrees>
      <LongitudeDegrees>-70.3495700</LongitudeDegrees>
     </Position>
     <AltitudeMeters>1006.48</AltitudeMeters>
     <DistanceMeters>29599.816399564676</DistanceMeters>
    </Trackpoint>
    <Trackpoint>
     <Time>2026-07-19T01:01:16+00:00</Time>
     <Position>
      <LatitudeDegrees>-33.6657200</LatitudeDegrees>
      <LongitudeDegrees>-70.3497500</LongitudeDegrees>
     </Position>
     <AltitudeMeters>1007.5</AltitudeMeters>
     <DistanceMeters>29659.509536161866</DistanceMeters>
    </Trackpoint>
    <Trackpoint>
     <Time>2026-07-19T01:01:21+00:00</Time>
     <Position>
      <LatitudeDegrees>-33.6654800</LatitudeDegrees>
      <LongitudeDegrees>-70.3498600</LongitudeDegrees>
     </Position>
     <AltitudeMeters>1008.4300000000002</AltitudeMeters>
     <DistanceMeters>29688.097947942468</DistanceMeters>
    </Trackpoint>
    <Trackpoint>
     <Time>2026-07-19T01:01:27+00:00</Time>
     <Position>
      <LatitudeDegrees>-33.6652100</LatitudeDegrees>
      <LongitudeDegrees>-70.3500300</LongitudeDegrees>
     </Position>
     <AltitudeMeters>1009.8</AltitudeMeters>
     <DistanceMeters>29722.023821456954</DistanceMeters>
    </Trackpoint>
    <Trackpoint>
     <Time>2026-07-19T01:01:33+00:00</Time>
     <Position>
      <LatitudeDegrees>-33.6650700</LatitudeDegrees>
      <LongitudeDegrees>-70.3500600</LongitudeDegrees>
     </Position>
     <AltitudeMeters>1009.9600000000002</AltitudeMeters>
     <DistanceMeters>29737.851083845944</DistanceMeters>
    </Trackpoint>
    <Trackpoint>
     <Time>2026-07-19T01:01:39+00:00</Time>
     <Position>
      <LatitudeDegrees>-33.6649300</LatitudeDegrees>
      <LongitudeDegrees>-70.3500600</LongitudeDegrees>
     </Position>
     <AltitudeMeters>1009.8</AltitudeMeters>
     <DistanceMeters>29753.43247896707</DistanceMeters>
    </Trackpoint>
    <Trackpoint>
     <Time>2026-07-19T01:01:44+00:00</Time>
     <Position>
      <LatitudeDegrees>-33.6644400</LatitudeDegrees>
      <LongitudeDegrees>-70.3500150</LongitudeDegrees>
     </Position>
     <AltitudeMeters>1005.44</AltitudeMeters>
     <DistanceMeters>29808.12643102613</DistanceMeters>
    </Trackpoint>
    <Trackpoint>
     <Time>2026-07-19T01:01:50+00:00</Time>
     <Position>
      <LatitudeDegrees>-33.6639500</LatitudeDegrees>
      <LongitudeDegrees>-70.3499700</LongitudeDegrees>
     </Position>
     <AltitudeMeters>1003.4300000000001</AltitudeMeters>
     <DistanceMeters>29862.820395124712</DistanceMeters>
    </Trackpoint>
    <Trackpoint>
     <Time>2026-07-19T01:01:56+00:00</Time>
     <Position>
      <LatitudeDegrees>-33.6633900</LatitudeDegrees>
      <LongitudeDegrees>-70.3499700</LongitudeDegrees>
     </Position>
     <AltitudeMeters>1000.0900000000001</AltitudeMeters>
     <DistanceMeters>29925.145975611584</DistanceMeters>
    </Trackpoint>
    <Trackpoint>
     <Time>2026-07-19T01:02:01+00:00</Time>
     <Position>
      <LatitudeDegrees>-33.6626167</LatitudeDegrees>
      <LongitudeDegrees>-70.3500600</LongitudeDegrees>
     </Position>
     <AltitudeMeters>997.1200000000001</AltitudeMeters>
     <DistanceMeters>30011.617486600844</DistanceMeters>
    </Trackpoint>
    <Trackpoint>
     <Time>2026-07-19T01:02:07+00:00</Time>
     <Position>
      <LatitudeDegrees>-33.6618433</LatitudeDegrees>
      <LongitudeDegrees>-70.3501500</LongitudeDegrees>
     </Position>
     <AltitudeMeters>996.84</AltitudeMeters>
     <DistanceMeters>30098.088997589988</DistanceMeters>
    </Trackpoint>
    <Trackpoint>
     <Time>2026-07-19T01:02:13+00:00</Time>
     <Position>
      <LatitudeDegrees>-33.6610700</LatitudeDegrees>
      <LongitudeDegrees>-70.3502400</LongitudeDegrees>
     </Position>
     <AltitudeMeters>999.0500000000001</AltitudeMeters>
     <DistanceMeters>30184.56046969374</DistanceMeters>
    </Trackpoint>
    <Trackpoint>
     <Time>2026-07-19T01:02:19+00:00</Time>
     <Position>
      <LatitudeDegrees>-33.6602333</LatitudeDegrees>
      <LongitudeDegrees>-70.3501800</LongitudeDegrees>
     </Position>
     <AltitudeMeters>997.0500000000001</AltitudeMeters>
     <DistanceMeters>30277.84359125358</DistanceMeters>
    </Trackpoint>
    <Trackpoint>
     <Time>2026-07-19T01:02:24+00:00</Time>
     <Position>
      <LatitudeDegrees>-33.6593967</LatitudeDegrees>
      <LongitudeDegrees>-70.3501200</LongitudeDegrees>
     </Position>
     <AltitudeMeters>998.87</AltitudeMeters>
     <DistanceMeters>30371.126712812897</DistanceMeters>
    </Trackpoint>
    <Trackpoint>
     <Time>2026-07-19T01:02:30+00:00</Time>
     <Position>
      <LatitudeDegrees>-33.6585600</LatitudeDegrees>
      <LongitudeDegrees>-70.3500600</LongitudeDegrees>
     </Position>
     <AltitudeMeters>1003.1600000000001</AltitudeMeters>
     <DistanceMeters>30464.409832975267</DistanceMeters>
    </Trackpoint>
    <Trackpoint>
     <Time>2026-07-19T01:02:36+00:00</Time>
     <Position>
      <LatitudeDegrees>-33.6579650</LatitudeDegrees>
      <LongitudeDegrees>-70.3499500</LongitudeDegrees>
     </Position>
     <AltitudeMeters>1002.2900000000001</AltitudeMeters>
     <DistanceMeters>30531.410222766783</DistanceMeters>
    </Trackpoint>
    <Trackpoint>
     <Time>2026-07-19T01:02:41+00:00</Time>
     <Position>
      <LatitudeDegrees>-33.6573700</LatitudeDegrees>
      <LongitudeDegrees>-70.3498400</LongitudeDegrees>
     </Position>
     <AltitudeMeters>999.4200000000001</AltitudeMeters>
     <DistanceMeters>30598.410603743905</DistanceMeters>
    </Trackpoint>
    <Trackpoint>
     <Time>2026-07-19T01:02:47+00:00</Time>
     <Position>
      <LatitudeDegrees>-33.6568300</LatitudeDegrees>
      <LongitudeDegrees>-70.3496900</LongitudeDegrees>
     </Position>
     <AltitudeMeters>997.83</AltitudeMeters>
     <DistanceMeters>30660.09581320267</DistanceMeters>
    </Trackpoint>
    <Trackpoint>
     <Time>2026-07-19T01:02:53+00:00</Time>
     <Position>
      <LatitudeDegrees>-33.6566700</LatitudeDegrees>
      <LongitudeDegrees>-70.3496200</LongitudeDegrees>
     </Position>
     <AltitudeMeters>997.87</AltitudeMeters>
     <DistanceMeters>30679.047130000832</DistanceMeters>
    </Trackpoint>
    <Trackpoint>
     <Time>2026-07-19T01:02:59+00:00</Time>
     <Position>
      <LatitudeDegrees>-33.6563900</LatitudeDegrees>
      <LongitudeDegrees>-70.3496200</LongitudeDegrees>
     </Position>
     <AltitudeMeters>998.7</AltitudeMeters>
     <DistanceMeters>30710.209920244662</DistanceMeters>
    </Trackpoint>
    <Trackpoint>
     <Time>2026-07-19T01:03:04+00:00</Time>
     <Position>
      <LatitudeDegrees>-33.6562100</LatitudeDegrees>
      <LongitudeDegrees>-70.3497100</LongitudeDegrees>
     </Position>
     <AltitudeMeters>999.1200000000001</AltitudeMeters>
     <DistanceMeters>30731.90889547195</DistanceMeters>
    </Trackpoint>
    <Trackpoint>
     <Time>2026-07-19T01:03:10+00:00</Time>
     <Position>
      <LatitudeDegrees>-33.6555400</LatitudeDegrees>
      <LongitudeDegrees>-70.3503300</LongitudeDegrees>
     </Position>
     <AltitudeMeters>1002.7600000000001</AltitudeMeters>
     <DistanceMeters>30826.033381290406</DistanceMeters>
    </Trackpoint>
    <Trackpoint>
     <Time>2026-07-19T01:03:16+00:00</Time>
     <Position>
      <LatitudeDegrees>-33.6551150</LatitudeDegrees>
      <LongitudeDegrees>-70.3505300</LongitudeDegrees>
     </Position>
     <AltitudeMeters>1001.8</AltitudeMeters>
     <DistanceMeters>30876.83347444647</DistanceMeters>
    </Trackpoint>
    <Trackpoint>
     <Time>2026-07-19T01:03:22+00:00</Time>
     <Position>
      <LatitudeDegrees>-33.6546900</LatitudeDegrees>
      <LongitudeDegrees>-70.3507300</LongitudeDegrees>
     </Position>
     <AltitudeMeters>999.87</AltitudeMeters>
     <DistanceMeters>30927.63355482758</DistanceMeters>
    </Trackpoint>
    <Trackpoint>
     <Time>2026-07-19T01:03:27+00:00</Time>
     <Position>
      <LatitudeDegrees>-33.6544800</LatitudeDegrees>
      <LongitudeDegrees>-70.3507900</LongitudeDegrees>
     </Position>
     <AltitudeMeters>997.2800000000001</AltitudeMeters>
     <DistanceMeters>30951.65753740847</DistanceMeters>
    </Trackpoint>
    <Trackpoint>
     <Time>2026-07-19T01:03:33+00:00</Time>
     <Position>
      <LatitudeDegrees>-33.6537700</LatitudeDegrees>
      <LongitudeDegrees>-70.3509100</LongitudeDegrees>
     </Position>
     <AltitudeMeters>992.69</AltitudeMeters>
     <DistanceMeters>31031.455652228193</DistanceMeters>
    </Trackpoint>
    <Trackpoint>
     <Time>2026-07-19T01:03:39+00:00</Time>
     <Position>
      <LatitudeDegrees>-33.6532750</LatitudeDegrees>
      <LongitudeDegrees>-70.3509550</LongitudeDegrees>
     </Position>
     <AltitudeMeters>990.4900000000001</AltitudeMeters>
     <DistanceMeters>31086.704522703018</DistanceMeters>
    </Trackpoint>
    <Trackpoint>
     <Time>2026-07-19T01:03:44+00:00</Time>
     <Position>
      <LatitudeDegrees>-33.6527800</LatitudeDegrees>
      <LongitudeDegrees>-70.3510000</LongitudeDegrees>
     </Position>
     <AltitudeMeters>988.4600000000002</AltitudeMeters>
     <DistanceMeters>31141.9534023737</DistanceMeters>
    </Trackpoint>
    <Trackpoint>
     <Time>2026-07-19T01:03:50+00:00</Time>
     <Position>
      <LatitudeDegrees>-33.6520450</LatitudeDegrees>
      <LongitudeDegrees>-70.3510250</LongitudeDegrees>
     </Position>
     <AltitudeMeters>985.89</AltitudeMeters>
     <DistanceMeters>31223.788523141804</DistanceMeters>
    </Trackpoint>
    <Trackpoint>
     <Time>2026-07-19T01:03:56+00:00</Time>
     <Position>
      <LatitudeDegrees>-33.6513100</LatitudeDegrees>
      <LongitudeDegrees>-70.3510500</LongitudeDegrees>
     </Position>
     <AltitudeMeters>984.07</AltitudeMeters>
     <DistanceMeters>31305.623615405733</DistanceMeters>
    </Trackpoint>
    <Trackpoint>
     <Time>2026-07-19T01:04:02+00:00</Time>
     <Position>
      <LatitudeDegrees>-33.6506500</LatitudeDegrees>
      <LongitudeDegrees>-70.3510300</LongitudeDegrees>
     </Position>
     <AltitudeMeters>982.11</AltitudeMeters>
     <DistanceMeters>31379.10213286627</DistanceMeters>
    </Trackpoint>
    <Trackpoint>
     <Time>2026-07-19T01:04:07+00:00</Time>
     <Position>
      <LatitudeDegrees>-33.6499900</LatitudeDegrees>
      <LongitudeDegrees>-70.3510100</LongitudeDegrees>
     </Position>
     <AltitudeMeters>982.3000000000001</AltitudeMeters>
     <DistanceMeters>31452.58064514521</DistanceMeters>
    </Trackpoint>
    <Trackpoint>
     <Time>2026-07-19T01:04:13+00:00</Time>
     <Position>
      <LatitudeDegrees>-33.6502100</LatitudeDegrees>
      <LongitudeDegrees>-70.3509100</LongitudeDegrees>
     </Position>
     <AltitudeMeters>983.23</AltitudeMeters>
     <DistanceMeters>31478.759866985485</DistanceMeters>
    </Trackpoint>
    <Trackpoint>
     <Time>2026-07-19T01:04:19+00:00</Time>
     <Position>
      <LatitudeDegrees>-33.6509150</LatitudeDegrees>
      <LongitudeDegrees>-70.3508650</LongitudeDegrees>
     </Position>
     <AltitudeMeters>989.44</AltitudeMeters>
     <DistanceMeters>31557.333994041703</DistanceMeters>
    </Trackpoint>
    <Trackpoint>
     <Time>2026-07-19T01:04:24+00:00</Time>
     <Position>
      <LatitudeDegrees>-33.6516200</LatitudeDegrees>
      <LongitudeDegrees>-70.3508200</LongitudeDegrees>
     </Position>
     <AltitudeMeters>993.09</AltitudeMeters>
     <DistanceMeters>31635.90813674411</DistanceMeters>
    </Trackpoint>
    <Trackpoint>
     <Time>2026-07-19T01:04:30+00:00</Time>
     <Position>
      <LatitudeDegrees>-33.6521450</LatitudeDegrees>
      <LongitudeDegrees>-70.3507100</LongitudeDegrees>
     </Position>
     <AltitudeMeters>996.6400000000001</AltitudeMeters>
     <DistanceMeters>31695.220394758082</DistanceMeters>
    </Trackpoint>
    <Trackpoint>
     <Time>2026-07-19T01:04:36+00:00</Time>
     <Position>
      <LatitudeDegrees>-33.6526700</LatitudeDegrees>
      <LongitudeDegrees>-70.3506000</LongitudeDegrees>
     </Position>
     <AltitudeMeters>1002.9499999999999</AltitudeMeters>
     <DistanceMeters>31754.53269056118</DistanceMeters>
    </Trackpoint>
    <Trackpoint>
     <Time>2026-07-19T01:04:42+00:00</Time>
     <Position>
      <LatitudeDegrees>-33.6531200</LatitudeDegrees>
      <LongitudeDegrees>-70.3505350</LongitudeDegrees>
     </Position>
     <AltitudeMeters>1004.68</AltitudeMeters>
     <DistanceMeters>31804.976482539754</DistanceMeters>
    </Trackpoint>
    <Trackpoint>
     <Time>2026-07-19T01:04:47+00:00</Time>
     <Position>
      <LatitudeDegrees>-33.6535700</LatitudeDegrees>
      <LongitudeDegrees>-70.3504700</LongitudeDegrees>
     </Position>
     <AltitudeMeters>1009.1000000000001</AltitudeMeters>
     <DistanceMeters>31855.420247707658</DistanceMeters>
    </Trackpoint>
    <Trackpoint>
     <Time>2026-07-19T01:04:53+00:00</Time>
     <Position>
      <LatitudeDegrees>-33.6537700</LatitudeDegrees>
      <LongitudeDegrees>-70.3505100</LongitudeDegrees>
     </Position>
     <AltitudeMeters>1009.1000000000001</AltitudeMeters>
     <DistanceMeters>31877.985739782056</DistanceMeters>
    </Trackpoint>
    <Trackpoint>
     <Time>2026-07-19T01:04:59+00:00</Time>
     <Position>
      <LatitudeDegrees>-33.6540100</LatitudeDegrees>
      <LongitudeDegrees>-70.3505100</LongitudeDegrees>
     </Position>
     <AltitudeMeters>1011.6400000000001</AltitudeMeters>
     <DistanceMeters>31904.696702847632</DistanceMeters>
    </Trackpoint>
    <Trackpoint>
     <Time>2026-07-19T01:05:04+00:00</Time>
     <Position>
      <LatitudeDegrees>-33.6543800</LatitudeDegrees>
      <LongitudeDegrees>-70.3504300</LongitudeDegrees>
     </Position>
     <AltitudeMeters>1014.3100000000001</AltitudeMeters>
     <DistanceMeters>31946.53773100493</DistanceMeters>
    </Trackpoint>
    <Trackpoint>
     <Time>2026-07-19T01:05:10+00:00</Time>
     <Position>
      <LatitudeDegrees>-33.6545700</LatitudeDegrees>
      <LongitudeDegrees>-70.3504200</LongitudeDegrees>
     </Position>
     <AltitudeMeters>1015.8900000000002</AltitudeMeters>
     <DistanceMeters>31967.70419370119</DistanceMeters>
    </Trackpoint>
    <Trackpoint>
     <Time>2026-07-19T01:05:16+00:00</Time>
     <Position>
      <LatitudeDegrees>-33.6547500</LatitudeDegrees>
      <LongitudeDegrees>-70.3503300</LongitudeDegrees>
     </Position>
     <AltitudeMeters>1017.0100000000002</AltitudeMeters>
     <DistanceMeters>31989.403229982185</DistanceMeters>
    </Trackpoint>
    <Trackpoint>
     <Time>2026-07-19T01:05:22+00:00</Time>
     <Position>
      <LatitudeDegrees>-33.6554200</LatitudeDegrees>
      <LongitudeDegrees>-70.3499200</LongitudeDegrees>
     </Position>
     <AltitudeMeters>1018.9700000000001</AltitudeMeters>
     <DistanceMeters>32073.087785670814</DistanceMeters>
    </Trackpoint>
    <Trackpoint>
     <Time>2026-07-19T01:05:27+00:00</Time>
     <Position>
      <LatitudeDegrees>-33.6556300</LatitudeDegrees>
      <LongitudeDegrees>-70.3496600</LongitudeDegrees>
     </Position>
     <AltitudeMeters>1019.8000000000001</AltitudeMeters>
     <DistanceMeters>32106.649958838032</DistanceMeters>
    </Trackpoint>
    <Trackpoint>
     <Time>2026-07-19T01:05:33+00:00</Time>
     <Position>
      <LatitudeDegrees>-33.6558000</LatitudeDegrees>
      <LongitudeDegrees>-70.3492600</LongitudeDegrees>
     </Position>
     <AltitudeMeters>1021.84</AltitudeMeters>
     <DistanceMeters>32148.256946137568</DistanceMeters>
    </Trackpoint>
    <Trackpoint>
     <Time>2026-07-19T01:05:39+00:00</Time>
     <Position>
      <LatitudeDegrees>-33.6558700</LatitudeDegrees>
      <LongitudeDegrees>-70.3489500</LongitudeDegrees>
     </Position>
     <AltitudeMeters>1022.7900000000001</AltitudeMeters>
     <DistanceMeters>32178.01345573857</DistanceMeters>
    </Trackpoint>
    <Trackpoint>
     <Time>2026-07-19T01:05:45+00:00</Time>
     <Position>
      <LatitudeDegrees>-33.6558700</LatitudeDegrees>
      <LongitudeDegrees>-70.3485500</LongitudeDegrees>
     </Position>
     <AltitudeMeters>1024.89</AltitudeMeters>
     <DistanceMeters>32215.069629296828</DistanceMeters>
    </Trackpoint>
    <Trackpoint>
     <Time>2026-07-19T01:05:50+00:00</Time>
     <Position>
      <LatitudeDegrees>-33.6558000</LatitudeDegrees>
      <LongitudeDegrees>-70.3481300</LongitudeDegrees>
     </Position>
     <AltitudeMeters>1027.47</AltitudeMeters>
     <DistanceMeters>32254.750923360272</DistanceMeters>
    </Trackpoint>
    <Trackpoint>
     <Time>2026-07-19T01:05:56+00:00</Time>
     <Position>
      <LatitudeDegrees>-33.6557800</LatitudeDegrees>
      <LongitudeDegrees>-70.3475100</LongitudeDegrees>
     </Position>
     <AltitudeMeters>1032.89</AltitudeMeters>
     <DistanceMeters>32312.231161027685</DistanceMeters>
    </Trackpoint>
    <Trackpoint>
     <Time>2026-07-19T01:06:02+00:00</Time>
     <Position>
      <LatitudeDegrees>-33.6557200</LatitudeDegrees>
      <LongitudeDegrees>-70.3474200</LongitudeDegrees>
     </Position>
     <AltitudeMeters>1032.89</AltitudeMeters>
     <DistanceMeters>32322.913325628277</DistanceMeters>
    </Trackpoint>
    <Trackpoint>
     <Time>2026-07-19T01:06:07+00:00</Time>
     <Position>
      <LatitudeDegrees>-33.6553800</LatitudeDegrees>
      <LongitudeDegrees>-70.3472000</LongitudeDegrees>
     </Position>
     <AltitudeMeters>1039.56</AltitudeMeters>
     <DistanceMeters>32365.893434701848</DistanceMeters>
    </Trackpoint>
    <Trackpoint>
     <Time>2026-07-19T01:06:13+00:00</Time>
     <Position>
      <LatitudeDegrees>-33.6552200</LatitudeDegrees>
      <LongitudeDegrees>-70.3471500</LongitudeDegrees>
     </Position>
     <AltitudeMeters>1042.2600000000002</AltitudeMeters>
     <DistanceMeters>32384.293330156113</DistanceMeters>
    </Trackpoint>
    <Trackpoint>
     <Time>2026-07-19T01:06:19+00:00</Time>
     <Position>
      <LatitudeDegrees>-33.6550900</LatitudeDegrees>
      <LongitudeDegrees>-70.3471500</LongitudeDegrees>
     </Position>
     <AltitudeMeters>1043.26</AltitudeMeters>
     <DistanceMeters>32398.761768483266</DistanceMeters>
    </Trackpoint>
    <Trackpoint>
     <Time>2026-07-19T01:06:25+00:00</Time>
     <Position>
      <LatitudeDegrees>-33.6549200</LatitudeDegrees>
      <LongitudeDegrees>-70.3472400</LongitudeDegrees>
     </Position>
     <AltitudeMeters>1044.43</AltitudeMeters>
     <DistanceMeters>32419.437698189344</DistanceMeters>
    </Trackpoint>
    <Trackpoint>
     <Time>2026-07-19T01:06:30+00:00</Time>
     <Position>
      <LatitudeDegrees>-33.6545300</LatitudeDegrees>
      <LongitudeDegrees>-70.3475100</LongitudeDegrees>
     </Position>
     <AltitudeMeters>1045.72</AltitudeMeters>
     <DistanceMeters>32469.534445010195</DistanceMeters>
    </Trackpoint>
    <Trackpoint>
     <Time>2026-07-19T01:06:36+00:00</Time>
     <Position>
      <LatitudeDegrees>-33.6541400</LatitudeDegrees>
      <LongitudeDegrees>-70.3478250</LongitudeDegrees>
     </Position>
     <AltitudeMeters>1048.38</AltitudeMeters>
     <DistanceMeters>32521.83770366497</DistanceMeters>
    </Trackpoint>
    <Trackpoint>
     <Time>2026-07-19T01:06:42+00:00</Time>
     <Position>
      <LatitudeDegrees>-33.6537500</LatitudeDegrees>
      <LongitudeDegrees>-70.3481400</LongitudeDegrees>
     </Position>
     <AltitudeMeters>1052.01</AltitudeMeters>
     <DistanceMeters>32574.140933582294</DistanceMeters>
    </Trackpoint>
    <Trackpoint>
     <Time>2026-07-19T01:06:47+00:00</Time>
     <Position>
      <LatitudeDegrees>-33.6536600</LatitudeDegrees>
      <LongitudeDegrees>-70.3481800</LongitudeDegrees>
     </Position>
     <AltitudeMeters>1052.75</AltitudeMeters>
     <DistanceMeters>32584.821045465083</DistanceMeters>
    </Trackpoint>
    <Trackpoint>
     <Time>2026-07-19T01:06:53+00:00</Time>
     <Position>
      <LatitudeDegrees>-33.6533600</LatitudeDegrees>
      <LongitudeDegrees>-70.3481800</LongitudeDegrees>
     </Position>
     <AltitudeMeters>1055.01</AltitudeMeters>
     <DistanceMeters>32618.20974929765</DistanceMeters>
    </Trackpoint>
    <Trackpoint>
     <Time>2026-07-19T01:06:59+00:00</Time>
     <Position>
      <LatitudeDegrees>-33.6531600</LatitudeDegrees>
      <LongitudeDegrees>-70.3481400</LongitudeDegrees>
     </Position>
     <AltitudeMeters>1058.04</AltitudeMeters>
     <DistanceMeters>32640.775244271186</DistanceMeters>
    </Trackpoint>
    <Trackpoint>
     <Time>2026-07-19T01:07:05+00:00</Time>
     <Position>
      <LatitudeDegrees>-33.6530100</LatitudeDegrees>
      <LongitudeDegrees>-70.3480600</LongitudeDegrees>
     </Position>
     <AltitudeMeters>1058.04</AltitudeMeters>
     <DistanceMeters>32659.04082230581</DistanceMeters>
    </Trackpoint>
    <Trackpoint>
     <Time>2026-07-19T01:07:10+00:00</Time>
     <Position>
      <LatitudeDegrees>-33.6528700</LatitudeDegrees>
      <LongitudeDegrees>-70.3480500</LongitudeDegrees>
     </Position>
     <AltitudeMeters>1058.89</AltitudeMeters>
     <DistanceMeters>32674.649735060564</DistanceMeters>
    </Trackpoint>
    <Trackpoint>
     <Time>2026-07-19T01:07:16+00:00</Time>
     <Position>
      <LatitudeDegrees>-33.6524000</LatitudeDegrees>
      <LongitudeDegrees>-70.3480500</LongitudeDegrees>
     </Position>
     <AltitudeMeters>1059.59</AltitudeMeters>
     <DistanceMeters>32726.958704397748</DistanceMeters>
    </Trackpoint>
    <Trackpoint>
     <Time>2026-07-19T01:07:22+00:00</Time>
     <Position>
      <LatitudeDegrees>-33.6521100</LatitudeDegrees>
      <LongitudeDegrees>-70.3480100</LongitudeDegrees>
     </Position>
     <AltitudeMeters>1058.54</AltitudeMeters>
     <DistanceMeters>32759.446495958277</DistanceMeters>
    </Trackpoint>
    <Trackpoint>
     <Time>2026-07-19T01:07:27+00:00</Time>
     <Position>
      <LatitudeDegrees>-33.6516000</LatitudeDegrees>
      <LongitudeDegrees>-70.3481300</LongitudeDegrees>
     </Position>
     <AltitudeMeters>1057.6000000000001</AltitudeMeters>
     <DistanceMeters>32817.28579014935</DistanceMeters>
    </Trackpoint>
    <Trackpoint>
     <Time>2026-07-19T01:07:33+00:00</Time>
     <Position>
      <LatitudeDegrees>-33.6511900</LatitudeDegrees>
      <LongitudeDegrees>-70.3481400</LongitudeDegrees>
     </Position>
     <AltitudeMeters>1057.14</AltitudeMeters>
     <DistanceMeters>32862.92642265099</DistanceMeters>
    </Trackpoint>
    <Trackpoint>
     <Time>2026-07-19T01:07:39+00:00</Time>
     <Position>
      <LatitudeDegrees>-33.6504650</LatitudeDegrees>
      <LongitudeDegrees>-70.3481150</LongitudeDegrees>
     </Position>
     <AltitudeMeters>1056.9700000000003</AltitudeMeters>
     <DistanceMeters>32943.649017747186</DistanceMeters>
    </Trackpoint>
    <Trackpoint>
     <Time>2026-07-19T01:07:45+00:00</Time>
     <Position>
      <LatitudeDegrees>-33.6497400</LatitudeDegrees>
      <LongitudeDegrees>-70.3480900</LongitudeDegrees>
     </Position>
     <AltitudeMeters>1057.3799999999999</AltitudeMeters>
     <DistanceMeters>33024.37162849892</DistanceMeters>
    </Trackpoint>
    <Trackpoint>
     <Time>2026-07-19T01:07:50+00:00</Time>
     <Position>
      <LatitudeDegrees>-33.6494200</LatitudeDegrees>
      <LongitudeDegrees>-70.3480500</LongitudeDegrees>
     </Position>
     <AltitudeMeters>1057.46</AltitudeMeters>
     <DistanceMeters>33060.17853539304</DistanceMeters>
    </Trackpoint>
    <Trackpoint>
     <Time>2026-07-19T01:07:56+00:00</Time>
     <Position>
      <LatitudeDegrees>-33.6487800</LatitudeDegrees>
      <LongitudeDegrees>-70.3478200</LongitudeDegrees>
     </Position>
     <AltitudeMeters>1058.5200000000002</AltitudeMeters>
     <DistanceMeters>33134.52688003084</DistanceMeters>
    </Trackpoint>
    <Trackpoint>
     <Time>2026-07-19T01:08:02+00:00</Time>
     <Position>
      <LatitudeDegrees>-33.6484600</LatitudeDegrees>
      <LongitudeDegrees>-70.3476500</LongitudeDegrees>
     </Position>
     <AltitudeMeters>1059.94</AltitudeMeters>
     <DistanceMeters>33173.468757084374</DistanceMeters>
    </Trackpoint>
    <Trackpoint>
     <Time>2026-07-19T01:08:08+00:00</Time>
     <Position>
      <LatitudeDegrees>-33.6478800</LatitudeDegrees>
      <LongitudeDegrees>-70.3474600</LongitudeDegrees>
     </Position>
     <AltitudeMeters>1063.32</AltitudeMeters>
     <DistanceMeters>33240.37742657364</DistanceMeters>
    </Trackpoint>
    <Trackpoint>
     <Time>2026-07-19T01:08:13+00:00</Time>
     <Position>
      <LatitudeDegrees>-33.6474300</LatitudeDegrees>
      <LongitudeDegrees>-70.3472800</LongitudeDegrees>
     </Position>
     <AltitudeMeters>1066.5</AltitudeMeters>
     <DistanceMeters>33293.16407696089</DistanceMeters>
    </Trackpoint>
    <Trackpoint>
     <Time>2026-07-19T01:08:19+00:00</Time>
     <Position>
      <LatitudeDegrees>-33.6473900</LatitudeDegrees>
      <LongitudeDegrees>-70.3472400</LongitudeDegrees>
     </Position>
     <AltitudeMeters>1068.1100000000001</AltitudeMeters>
     <DistanceMeters>33298.9565777107</DistanceMeters>
    </Trackpoint>
    <Trackpoint>
     <Time>2026-07-19T01:08:25+00:00</Time>
     <Position>
      <LatitudeDegrees>-33.6473700</LatitudeDegrees>
      <LongitudeDegrees>-70.3471500</LongitudeDegrees>
     </Position>
     <AltitudeMeters>1068.1100000000001</AltitudeMeters>
     <DistanceMeters>33307.587025674045</DistanceMeters>
    </Trackpoint>
    <Trackpoint>
     <Time>2026-07-19T01:08:30+00:00</Time>
     <Position>
      <LatitudeDegrees>-33.6473900</LatitudeDegrees>
      <LongitudeDegrees>-70.3471200</LongitudeDegrees>
     </Position>
     <AltitudeMeters>1068.1100000000001</AltitudeMeters>
     <DistanceMeters>33311.14795817461</DistanceMeters>
    </Trackpoint>
    <Trackpoint>
     <Time>2026-07-19T01:08:36+00:00</Time>
     <Position>
      <LatitudeDegrees>-33.6474000</LatitudeDegrees>
      <LongitudeDegrees>-70.3471100</LongitudeDegrees>
     </Position>
     <AltitudeMeters>1068.1100000000001</AltitudeMeters>
     <DistanceMeters>33311.14795817461</DistanceMeters>
    </Trackpoint>
    <Trackpoint>
     <Time>2026-07-19T01:08:42+00:00</Time>
     <Position>
      <LatitudeDegrees>-33.6474300</LatitudeDegrees>
      <LongitudeDegrees>-70.3471100</LongitudeDegrees>
     </Position>
     <AltitudeMeters>1068.1100000000001</AltitudeMeters>
     <DistanceMeters>33314.48682855731</DistanceMeters>
    </Trackpoint>
    <Trackpoint>
     <Time>2026-07-19T01:08:48+00:00</Time>
     <Position>
      <LatitudeDegrees>-33.6477900</LatitudeDegrees>
      <LongitudeDegrees>-70.3472500</LongitudeDegrees>
     </Position>
     <AltitudeMeters>1070.95</AltitudeMeters>
     <DistanceMeters>33356.60053621227</DistanceMeters>
    </Trackpoint>
    <Trackpoint>
     <Time>2026-07-19T01:08:53+00:00</Time>
     <Position>
      <LatitudeDegrees>-33.6479700</LatitudeDegrees>
      <LongitudeDegrees>-70.3472900</LongitudeDegrees>
     </Position>
     <AltitudeMeters>1071.6000000000001</AltitudeMeters>
     <DistanceMeters>33376.97365932654</DistanceMeters>
    </Trackpoint>
    <Trackpoint>
     <Time>2026-07-19T01:08:59+00:00</Time>
     <Position>
      <LatitudeDegrees>-33.6482200</LatitudeDegrees>
      <LongitudeDegrees>-70.3473000</LongitudeDegrees>
     </Position>
     <AltitudeMeters>1072.8500000000001</AltitudeMeters>
     <DistanceMeters>33404.8130001317</DistanceMeters>
    </Trackpoint>
    <Trackpoint>
     <Time>2026-07-19T01:09:05+00:00</Time>
     <Position>
      <LatitudeDegrees>-33.6484000</LatitudeDegrees>
      <LongitudeDegrees>-70.3473300</LongitudeDegrees>
     </Position>
     <AltitudeMeters>1074.5500000000002</AltitudeMeters>
     <DistanceMeters>33425.03811762795</DistanceMeters>
    </Trackpoint>
    <Trackpoint>
     <Time>2026-07-19T01:09:10+00:00</Time>
     <Position>
      <LatitudeDegrees>-33.6488400</LatitudeDegrees>
      <LongitudeDegrees>-70.3474700</LongitudeDegrees>
     </Position>
     <AltitudeMeters>1077.08</AltitudeMeters>
     <DistanceMeters>33475.69688817299</DistanceMeters>
    </Trackpoint>
    <Trackpoint>
     <Time>2026-07-19T01:09:16+00:00</Time>
     <Position>
      <LatitudeDegrees>-33.6495800</LatitudeDegrees>
      <LongitudeDegrees>-70.3476400</LongitudeDegrees>
     </Position>
     <AltitudeMeters>1083.23</AltitudeMeters>
     <DistanceMeters>33559.54817206399</DistanceMeters>
    </Trackpoint>
    <Trackpoint>
     <Time>2026-07-19T01:09:22+00:00</Time>
     <Position>
      <LatitudeDegrees>-33.6503400</LatitudeDegrees>
      <LongitudeDegrees>-70.3475750</LongitudeDegrees>
     </Position>
     <AltitudeMeters>1087.8300000000002</AltitudeMeters>
     <DistanceMeters>33644.34696594441</DistanceMeters>
    </Trackpoint>
    <Trackpoint>
     <Time>2026-07-19T01:09:28+00:00</Time>
     <Position>
      <LatitudeDegrees>-33.6511000</LatitudeDegrees>
      <LongitudeDegrees>-70.3475100</LongitudeDegrees>
     </Position>
     <AltitudeMeters>1095.67</AltitudeMeters>
     <DistanceMeters>33729.14580070897</DistanceMeters>
    </Trackpoint>
    <Trackpoint>
     <Time>2026-07-19T01:09:33+00:00</Time>
     <Position>
      <LatitudeDegrees>-33.6514800</LatitudeDegrees>
      <LongitudeDegrees>-70.3474200</LongitudeDegrees>
     </Position>
     <AltitudeMeters>1097.05</AltitudeMeters>
     <DistanceMeters>33772.25226409107</DistanceMeters>
    </Trackpoint>
    <Trackpoint>
     <Time>2026-07-19T01:09:39+00:00</Time>
     <Position>
      <LatitudeDegrees>-33.6517300</LatitudeDegrees>
      <LongitudeDegrees>-70.3473400</LongitudeDegrees>
     </Position>
     <AltitudeMeters>1099.41</AltitudeMeters>
     <DistanceMeters>33801.04640169976</DistanceMeters>
    </Trackpoint>
    <Trackpoint>
     <Time>2026-07-19T01:09:45+00:00</Time>
     <Position>
      <LatitudeDegrees>-33.6519800</LatitudeDegrees>
      <LongitudeDegrees>-70.3472100</LongitudeDegrees>
     </Position>
     <AltitudeMeters>1101.8600000000001</AltitudeMeters>
     <DistanceMeters>33831.36511003168</DistanceMeters>
    </Trackpoint>
    <Trackpoint>
     <Time>2026-07-19T01:09:50+00:00</Time>
     <Position>
      <LatitudeDegrees>-33.6523600</LatitudeDegrees>
      <LongitudeDegrees>-70.3469700</LongitudeDegrees>
     </Position>
     <AltitudeMeters>1105.2000000000003</AltitudeMeters>
     <DistanceMeters>33879.14610696958</DistanceMeters>
    </Trackpoint>
    <Trackpoint>
     <Time>2026-07-19T01:09:56+00:00</Time>
     <Position>
      <LatitudeDegrees>-33.6525400</LatitudeDegrees>
      <LongitudeDegrees>-70.3469300</LongitudeDegrees>
     </Position>
     <AltitudeMeters>1106.56</AltitudeMeters>
     <DistanceMeters>33899.51919429331</DistanceMeters>
    </Trackpoint>
    <Trackpoint>
     <Time>2026-07-19T01:10:02+00:00</Time>
     <Position>
      <LatitudeDegrees>-33.6527400</LatitudeDegrees>
      <LongitudeDegrees>-70.3470100</LongitudeDegrees>
     </Position>
     <AltitudeMeters>1108.72</AltitudeMeters>
     <DistanceMeters>33922.97979218827</DistanceMeters>
    </Trackpoint>
    <Trackpoint>
     <Time>2026-07-19T01:10:08+00:00</Time>
     <Position>
      <LatitudeDegrees>-33.6529600</LatitudeDegrees>
      <LongitudeDegrees>-70.3470300</LongitudeDegrees>
     </Position>
     <AltitudeMeters>1110.6299999999999</AltitudeMeters>
     <DistanceMeters>33947.53484846636</DistanceMeters>
    </Trackpoint>
    <Trackpoint>
     <Time>2026-07-19T01:10:13+00:00</Time>
     <Position>
      <LatitudeDegrees>-33.6531600</LatitudeDegrees>
      <LongitudeDegrees>-70.3470300</LongitudeDegrees>
     </Position>
     <AltitudeMeters>1111.6200000000001</AltitudeMeters>
     <DistanceMeters>33969.793984354474</DistanceMeters>
    </Trackpoint>
    <Trackpoint>
     <Time>2026-07-19T01:10:19+00:00</Time>
     <Position>
      <LatitudeDegrees>-33.6532800</LatitudeDegrees>
      <LongitudeDegrees>-70.3470100</LongitudeDegrees>
     </Position>
     <AltitudeMeters>1111.6200000000001</AltitudeMeters>
     <DistanceMeters>33983.27738149321</DistanceMeters>
    </Trackpoint>
    <Trackpoint>
     <Time>2026-07-19T01:10:25+00:00</Time>
     <Position>
      <LatitudeDegrees>-33.6534100</LatitudeDegrees>
      <LongitudeDegrees>-70.3469300</LongitudeDegrees>
     </Position>
     <AltitudeMeters>1113.69</AltitudeMeters>
     <DistanceMeters>33999.53362124308</DistanceMeters>
    </Trackpoint>
    <Trackpoint>
     <Time>2026-07-19T01:10:31+00:00</Time>
     <Position>
      <LatitudeDegrees>-33.6534800</LatitudeDegrees>
      <LongitudeDegrees>-70.3468400</LongitudeDegrees>
     </Position>
     <AltitudeMeters>1113.69</AltitudeMeters>
     <DistanceMeters>34010.94480484715</DistanceMeters>
    </Trackpoint>
    <Trackpoint>
     <Time>2026-07-19T01:10:36+00:00</Time>
     <Position>
      <LatitudeDegrees>-33.6537000</LatitudeDegrees>
      <LongitudeDegrees>-70.3463000</LongitudeDegrees>
     </Position>
     <AltitudeMeters>1117.51</AltitudeMeters>
     <DistanceMeters>34066.64250995211</DistanceMeters>
    </Trackpoint>
    <Trackpoint>
     <Time>2026-07-19T01:10:42+00:00</Time>
     <Position>
      <LatitudeDegrees>-33.6538100</LatitudeDegrees>
      <LongitudeDegrees>-70.3460700</LongitudeDegrees>
     </Position>
     <AltitudeMeters>1118.8</AltitudeMeters>
     <DistanceMeters>34091.21694285388</DistanceMeters>
    </Trackpoint>
    <Trackpoint>
     <Time>2026-07-19T01:10:48+00:00</Time>
     <Position>
      <LatitudeDegrees>-33.6538800</LatitudeDegrees>
      <LongitudeDegrees>-70.3456800</LongitudeDegrees>
     </Position>
     <AltitudeMeters>1121.38</AltitudeMeters>
     <DistanceMeters>34128.177957797</DistanceMeters>
    </Trackpoint>
    <Trackpoint>
     <Time>2026-07-19T01:10:53+00:00</Time>
     <Position>
      <LatitudeDegrees>-33.6539400</LatitudeDegrees>
      <LongitudeDegrees>-70.3455600</LongitudeDegrees>
     </Position>
     <AltitudeMeters>1122.51</AltitudeMeters>
     <DistanceMeters>34141.14646777722</DistanceMeters>
    </Trackpoint>
    <Trackpoint>
     <Time>2026-07-19T01:10:59+00:00</Time>
     <Position>
      <LatitudeDegrees>-33.6543450</LatitudeDegrees>
      <LongitudeDegrees>-70.3452550</LongitudeDegrees>
     </Position>
     <AltitudeMeters>1126.5500000000002</AltitudeMeters>
     <DistanceMeters>34194.34538127892</DistanceMeters>
    </Trackpoint>
    <Trackpoint>
     <Time>2026-07-19T01:11:05+00:00</Time>
     <Position>
      <LatitudeDegrees>-33.6547500</LatitudeDegrees>
      <LongitudeDegrees>-70.3449500</LongitudeDegrees>
     </Position>
     <AltitudeMeters>1128.9600000000003</AltitudeMeters>
     <DistanceMeters>34247.54430994266</DistanceMeters>
    </Trackpoint>
    <Trackpoint>
     <Time>2026-07-19T01:11:11+00:00</Time>
     <Position>
      <LatitudeDegrees>-33.6548000</LatitudeDegrees>
      <LongitudeDegrees>-70.3448300</LongitudeDegrees>
     </Position>
     <AltitudeMeters>1130.45</AltitudeMeters>
     <DistanceMeters>34259.97629955117</DistanceMeters>
    </Trackpoint>
    <Trackpoint>
     <Time>2026-07-19T01:11:16+00:00</Time>
     <Position>
      <LatitudeDegrees>-33.6548400</LatitudeDegrees>
      <LongitudeDegrees>-70.3445900</LongitudeDegrees>
     </Position>
     <AltitudeMeters>1132.24</AltitudeMeters>
     <DistanceMeters>34282.65158186437</DistanceMeters>
    </Trackpoint>
    <Trackpoint>
     <Time>2026-07-19T01:11:22+00:00</Time>
     <Position>
      <LatitudeDegrees>-33.6551100</LatitudeDegrees>
      <LongitudeDegrees>-70.3435700</LongitudeDegrees>
     </Position>
     <AltitudeMeters>1138.74</AltitudeMeters>
     <DistanceMeters>34381.80878588931</DistanceMeters>
    </Trackpoint>
    <Trackpoint>
     <Time>2026-07-19T01:11:28+00:00</Time>
     <Position>
      <LatitudeDegrees>-33.6553100</LatitudeDegrees>
      <LongitudeDegrees>-70.3433000</LongitudeDegrees>
     </Position>
     <AltitudeMeters>1141.5600000000002</AltitudeMeters>
     <DistanceMeters>34415.291986926546</DistanceMeters>
    </Trackpoint>
    <Trackpoint>
     <Time>2026-07-19T01:11:33+00:00</Time>
     <Position>
      <LatitudeDegrees>-33.6555400</LatitudeDegrees>
      <LongitudeDegrees>-70.3431600</LongitudeDegrees>
     </Position>
     <AltitudeMeters>1143.43</AltitudeMeters>
     <DistanceMeters>34443.98818466398</DistanceMeters>
    </Trackpoint>
    <Trackpoint>
     <Time>2026-07-19T01:11:39+00:00</Time>
     <Position>
      <LatitudeDegrees>-33.6558300</LatitudeDegrees>
      <LongitudeDegrees>-70.3430000</LongitudeDegrees>
     </Position>
     <AltitudeMeters>1146.76</AltitudeMeters>
     <DistanceMeters>34479.50480600268</DistanceMeters>
    </Trackpoint>
    <Trackpoint>
     <Time>2026-07-19T01:11:45+00:00</Time>
     <Position>
      <LatitudeDegrees>-33.6558300</LatitudeDegrees>
      <LongitudeDegrees>-70.3429000</LongitudeDegrees>
     </Position>
     <AltitudeMeters>1147.25</AltitudeMeters>
     <DistanceMeters>34488.76885369868</DistanceMeters>
    </Trackpoint>
    <Trackpoint>
     <Time>2026-07-19T01:11:51+00:00</Time>
     <Position>
      <LatitudeDegrees>-33.6557600</LatitudeDegrees>
      <LongitudeDegrees>-70.3428100</LongitudeDegrees>
     </Position>
     <AltitudeMeters>1148.0</AltitudeMeters>
     <DistanceMeters>34500.17987094505</DistanceMeters>
    </Trackpoint>
    <Trackpoint>
     <Time>2026-07-19T01:11:56+00:00</Time>
     <Position>
      <LatitudeDegrees>-33.6552200</LatitudeDegrees>
      <LongitudeDegrees>-70.3423100</LongitudeDegrees>
     </Position>
     <AltitudeMeters>1151.5900000000001</AltitudeMeters>
     <DistanceMeters>34576.058401557486</DistanceMeters>
    </Trackpoint>
    <Trackpoint>
     <Time>2026-07-19T01:12:02+00:00</Time>
     <Position>
      <LatitudeDegrees>-33.6550200</LatitudeDegrees>
      <LongitudeDegrees>-70.3421400</LongitudeDegrees>
     </Position>
     <AltitudeMeters>1154.15</AltitudeMeters>
     <DistanceMeters>34603.325606741884</DistanceMeters>
    </Trackpoint>
    <Trackpoint>
     <Time>2026-07-19T01:12:08+00:00</Time>
     <Position>
      <LatitudeDegrees>-33.6549100</LatitudeDegrees>
      <LongitudeDegrees>-70.3420900</LongitudeDegrees>
     </Position>
     <AltitudeMeters>1154.15</AltitudeMeters>
     <DistanceMeters>34616.415124999956</DistanceMeters>
    </Trackpoint>
    <Trackpoint>
     <Time>2026-07-19T01:12:14+00:00</Time>
     <Position>
      <LatitudeDegrees>-33.6541500</LatitudeDegrees>
      <LongitudeDegrees>-70.3419500</LongitudeDegrees>
     </Position>
     <AltitudeMeters>1159.51</AltitudeMeters>
     <DistanceMeters>34701.9884361584</DistanceMeters>
    </Trackpoint>
    <Trackpoint>
     <Time>2026-07-19T01:12:19+00:00</Time>
     <Position>
      <LatitudeDegrees>-33.6539000</LatitudeDegrees>
      <LongitudeDegrees>-70.3418600</LongitudeDegrees>
     </Position>
     <AltitudeMeters>1162.9</AltitudeMeters>
     <DistanceMeters>34731.03477365766</DistanceMeters>
    </Trackpoint>
    <Trackpoint>
     <Time>2026-07-19T01:12:25+00:00</Time>
     <Position>
      <LatitudeDegrees>-33.6537900</LatitudeDegrees>
      <LongitudeDegrees>-70.3417800</LongitudeDegrees>
     </Position>
     <AltitudeMeters>1164.3100000000002</AltitudeMeters>
     <DistanceMeters>34745.345902086236</DistanceMeters>
    </Trackpoint>
    <Trackpoint>
     <Time>2026-07-19T01:12:31+00:00</Time>
     <Position>
      <LatitudeDegrees>-33.6536800</LatitudeDegrees>
      <LongitudeDegrees>-70.3416400</LongitudeDegrees>
     </Position>
     <AltitudeMeters>1165.73</AltitudeMeters>
     <DistanceMeters>34763.181256253156</DistanceMeters>
    </Trackpoint>
    <Trackpoint>
     <Time>2026-07-19T01:12:36+00:00</Time>
     <Position>
      <LatitudeDegrees>-33.6535400</LatitudeDegrees>
      <LongitudeDegrees>-70.3412000</LongitudeDegrees>
     </Position>
     <AltitudeMeters>1168.38</AltitudeMeters>
     <DistanceMeters>34806.82058188948</DistanceMeters>
    </Trackpoint>
    <Trackpoint>
     <Time>2026-07-19T01:12:42+00:00</Time>
     <Position>
      <LatitudeDegrees>-33.6533200</LatitudeDegrees>
      <LongitudeDegrees>-70.3409400</LongitudeDegrees>
     </Position>
     <AltitudeMeters>1170.8500000000001</AltitudeMeters>
     <DistanceMeters>34841.16749800256</DistanceMeters>
    </Trackpoint>
    <Trackpoint>
     <Time>2026-07-19T01:12:48+00:00</Time>
     <Position>
      <LatitudeDegrees>-33.6527800</LatitudeDegrees>
      <LongitudeDegrees>-70.3405200</LongitudeDegrees>
     </Position>
     <AltitudeMeters>1175.21</AltitudeMeters>
     <DistanceMeters>34912.76343419121</DistanceMeters>
    </Trackpoint>
    <Trackpoint>
     <Time>2026-07-19T01:12:54+00:00</Time>
     <Position>
      <LatitudeDegrees>-33.6523800</LatitudeDegrees>
      <LongitudeDegrees>-70.3404400</LongitudeDegrees>
     </Position>
     <AltitudeMeters>1178.15</AltitudeMeters>
     <DistanceMeters>34957.894433755086</DistanceMeters>
    </Trackpoint>
    <Trackpoint>
     <Time>2026-07-19T01:12:59+00:00</Time>
     <Position>
      <LatitudeDegrees>-33.6521300</LatitudeDegrees>
      <LongitudeDegrees>-70.3402600</LongitudeDegrees>
     </Position>
     <AltitudeMeters>1180.69</AltitudeMeters>
     <DistanceMeters>34990.332972215816</DistanceMeters>
    </Trackpoint>
    <Trackpoint>
     <Time>2026-07-19T01:13:05+00:00</Time>
     <Position>
      <LatitudeDegrees>-33.6519500</LatitudeDegrees>
      <LongitudeDegrees>-70.3399500</LongitudeDegrees>
     </Position>
     <AltitudeMeters>1184.16</AltitudeMeters>
     <DistanceMeters>35025.34950590637</DistanceMeters>
    </Trackpoint>
    <Trackpoint>
     <Time>2026-07-19T01:13:11+00:00</Time>
     <Position>
      <LatitudeDegrees>-33.6518200</LatitudeDegrees>
      <LongitudeDegrees>-70.3397700</LongitudeDegrees>
     </Position>
     <AltitudeMeters>1184.8100000000002</AltitudeMeters>
     <DistanceMeters>35047.42724038463</DistanceMeters>
    </Trackpoint>
    <Trackpoint>
     <Time>2026-07-19T01:13:16+00:00</Time>
     <Position>
      <LatitudeDegrees>-33.6513850</LatitudeDegrees>
      <LongitudeDegrees>-70.3395650</LongitudeDegrees>
     </Position>
     <AltitudeMeters>1188.8100000000002</AltitudeMeters>
     <DistanceMeters>35099.432838324465</DistanceMeters>
    </Trackpoint>
    <Trackpoint>
     <Time>2026-07-19T01:13:22+00:00</Time>
     <Position>
      <LatitudeDegrees>-33.6509500</LatitudeDegrees>
      <LongitudeDegrees>-70.3393600</LongitudeDegrees>
     </Position>
     <AltitudeMeters>1191.93</AltitudeMeters>
     <DistanceMeters>35151.43849563555</DistanceMeters>
    </Trackpoint>
    <Trackpoint>
     <Time>2026-07-19T01:13:28+00:00</Time>
     <Position>
      <LatitudeDegrees>-33.6505400</LatitudeDegrees>
      <LongitudeDegrees>-70.3392300</LongitudeDegrees>
     </Position>
     <AltitudeMeters>1194.5800000000002</AltitudeMeters>
     <DistanceMeters>35198.6324181345</DistanceMeters>
    </Trackpoint>
    <Trackpoint>
     <Time>2026-07-19T01:13:34+00:00</Time>
     <Position>
      <LatitudeDegrees>-33.6503900</LatitudeDegrees>
      <LongitudeDegrees>-70.3391300</LongitudeDegrees>
     </Position>
     <AltitudeMeters>1196.95</AltitudeMeters>
     <DistanceMeters>35217.72520908231</DistanceMeters>
    </Trackpoint>
    <Trackpoint>
     <Time>2026-07-19T01:13:39+00:00</Time>
     <Position>
      <LatitudeDegrees>-33.6503000</LatitudeDegrees>
      <LongitudeDegrees>-70.3390900</LongitudeDegrees>
     </Position>
     <AltitudeMeters>1196.95</AltitudeMeters>
     <DistanceMeters>35228.40537116323</DistanceMeters>
    </Trackpoint>
    <Trackpoint>
     <Time>2026-07-19T01:13:45+00:00</Time>
     <Position>
      <LatitudeDegrees>-33.6501000</LatitudeDegrees>
      <LongitudeDegrees>-70.3391000</LongitudeDegrees>
     </Position>
     <AltitudeMeters>1198.3100000000002</AltitudeMeters>
     <DistanceMeters>35250.68377928801</DistanceMeters>
    </Trackpoint>
    <Trackpoint>
     <Time>2026-07-19T01:13:51+00:00</Time>
     <Position>
      <LatitudeDegrees>-33.6494900</LatitudeDegrees>
      <LongitudeDegrees>-70.3392300</LongitudeDegrees>
     </Position>
     <AltitudeMeters>1203.81</AltitudeMeters>
     <DistanceMeters>35319.634211399745</DistanceMeters>
    </Trackpoint>
    <Trackpoint>
     <Time>2026-07-19T01:13:56+00:00</Time>
     <Position>
      <LatitudeDegrees>-33.6493400</LatitudeDegrees>
      <LongitudeDegrees>-70.3392200</LongitudeDegrees>
     </Position>
     <AltitudeMeters>1203.81</AltitudeMeters>
     <DistanceMeters>35336.35425146052</DistanceMeters>
    </Trackpoint>
    <Trackpoint>
     <Time>2026-07-19T01:14:02+00:00</Time>
     <Position>
      <LatitudeDegrees>-33.6489800</LatitudeDegrees>
      <LongitudeDegrees>-70.3390600</LongitudeDegrees>
     </Position>
     <AltitudeMeters>1207.13</AltitudeMeters>
     <DistanceMeters>35379.074970594826</DistanceMeters>
    </Trackpoint>
    <Trackpoint>
     <Time>2026-07-19T01:14:08+00:00</Time>
     <Position>
      <LatitudeDegrees>-33.6488700</LatitudeDegrees>
      <LongitudeDegrees>-70.3389200</LongitudeDegrees>
     </Position>
     <AltitudeMeters>1207.13</AltitudeMeters>
     <DistanceMeters>35396.91085188297</DistanceMeters>
    </Trackpoint>
    <Trackpoint>
     <Time>2026-07-19T01:14:14+00:00</Time>
     <Position>
      <LatitudeDegrees>-33.6487100</LatitudeDegrees>
      <LongitudeDegrees>-70.3386500</LongitudeDegrees>
     </Position>
     <AltitudeMeters>1209.66</AltitudeMeters>
     <DistanceMeters>35427.6167016556</DistanceMeters>
    </Trackpoint>
    <Trackpoint>
     <Time>2026-07-19T01:14:19+00:00</Time>
     <Position>
      <LatitudeDegrees>-33.6485100</LatitudeDegrees>
      <LongitudeDegrees>-70.3384200</LongitudeDegrees>
     </Position>
     <AltitudeMeters>1211.27</AltitudeMeters>
     <DistanceMeters>35458.431418178516</DistanceMeters>
    </Trackpoint>
    <Trackpoint>
     <Time>2026-07-19T01:14:25+00:00</Time>
     <Position>
      <LatitudeDegrees>-33.6484000</LatitudeDegrees>
      <LongitudeDegrees>-70.3383800</LongitudeDegrees>
     </Position>
     <AltitudeMeters>1211.78</AltitudeMeters>
     <DistanceMeters>35471.22256270203</DistanceMeters>
    </Trackpoint>
    <Trackpoint>
     <Time>2026-07-19T01:14:31+00:00</Time>
     <Position>
      <LatitudeDegrees>-33.6481500</LatitudeDegrees>
      <LongitudeDegrees>-70.3383800</LongitudeDegrees>
     </Position>
     <AltitudeMeters>1213.92</AltitudeMeters>
     <DistanceMeters>35499.04648256237</DistanceMeters>
    </Trackpoint>
    <Trackpoint>
     <Time>2026-07-19T01:14:37+00:00</Time>
     <Position>
      <LatitudeDegrees>-33.6479700</LatitudeDegrees>
      <LongitudeDegrees>-70.3384300</LongitudeDegrees>
     </Position>
     <AltitudeMeters>1214.5</AltitudeMeters>
     <DistanceMeters>35519.60832865922</DistanceMeters>
    </Trackpoint>
    <Trackpoint>
     <Time>2026-07-19T01:14:42+00:00</Time>
     <Position>
      <LatitudeDegrees>-33.6476800</LatitudeDegrees>
      <LongitudeDegrees>-70.3386100</LongitudeDegrees>
     </Position>
     <AltitudeMeters>1216.3400000000001</AltitudeMeters>
     <DistanceMeters>35555.937941021</DistanceMeters>
    </Trackpoint>
    <Trackpoint>
     <Time>2026-07-19T01:14:48+00:00</Time>
     <Position>
      <LatitudeDegrees>-33.6475700</LatitudeDegrees>
      <LongitudeDegrees>-70.3386500</LongitudeDegrees>
     </Position>
     <AltitudeMeters>1216.89</AltitudeMeters>
     <DistanceMeters>35568.72909589747</DistanceMeters>
    </Trackpoint>
    <Trackpoint>
     <Time>2026-07-19T01:14:54+00:00</Time>
     <Position>
      <LatitudeDegrees>-33.6470500</LatitudeDegrees>
      <LongitudeDegrees>-70.3387300</LongitudeDegrees>
     </Position>
     <AltitudeMeters>1221.13</AltitudeMeters>
     <DistanceMeters>35627.0755495053</DistanceMeters>
    </Trackpoint>
    <Trackpoint>
     <Time>2026-07-19T01:14:59+00:00</Time>
     <Position>
      <LatitudeDegrees>-33.6468700</LatitudeDegrees>
      <LongitudeDegrees>-70.3387300</LongitudeDegrees>
     </Position>
     <AltitudeMeters>1222.44</AltitudeMeters>
     <DistanceMeters>35647.108771804684</DistanceMeters>
    </Trackpoint>
    <Trackpoint>
     <Time>2026-07-19T01:15:05+00:00</Time>
     <Position>
      <LatitudeDegrees>-33.6466300</LatitudeDegrees>
      <LongitudeDegrees>-70.3386900</LongitudeDegrees>
     </Position>
     <AltitudeMeters>1223.66</AltitudeMeters>
     <DistanceMeters>35674.07560436269</DistanceMeters>
    </Trackpoint>
    <Trackpoint>
     <Time>2026-07-19T01:15:11+00:00</Time>
     <Position>
      <LatitudeDegrees>-33.6464900</LatitudeDegrees>
      <LongitudeDegrees>-70.3386100</LongitudeDegrees>
     </Position>
     <AltitudeMeters>1225.16</AltitudeMeters>
     <DistanceMeters>35691.33011559022</DistanceMeters>
    </Trackpoint>
    <Trackpoint>
     <Time>2026-07-19T01:15:17+00:00</Time>
     <Position>
      <LatitudeDegrees>-33.6464300</LatitudeDegrees>
      <LongitudeDegrees>-70.3385600</LongitudeDegrees>
     </Position>
     <AltitudeMeters>1225.16</AltitudeMeters>
     <DistanceMeters>35699.457386884686</DistanceMeters>
    </Trackpoint>
    <Trackpoint>
     <Time>2026-07-19T01:15:22+00:00</Time>
     <Position>
      <LatitudeDegrees>-33.6462000</LatitudeDegrees>
      <LongitudeDegrees>-70.3381900</LongitudeDegrees>
     </Position>
     <AltitudeMeters>1230.21</AltitudeMeters>
     <DistanceMeters>35742.24089819602</DistanceMeters>
    </Trackpoint>
    <Trackpoint>
     <Time>2026-07-19T01:15:28+00:00</Time>
     <Position>
      <LatitudeDegrees>-33.6460900</LatitudeDegrees>
      <LongitudeDegrees>-70.3380300</LongitudeDegrees>
     </Position>
     <AltitudeMeters>1230.21</AltitudeMeters>
     <DistanceMeters>35761.46678350203</DistanceMeters>
    </Trackpoint>
    <Trackpoint>
     <Time>2026-07-19T01:15:34+00:00</Time>
     <Position>
      <LatitudeDegrees>-33.6460000</LatitudeDegrees>
      <LongitudeDegrees>-70.3379800</LongitudeDegrees>
     </Position>
     <AltitudeMeters>1230.94</AltitudeMeters>
     <DistanceMeters>35772.5027711238</DistanceMeters>
    </Trackpoint>
    <Trackpoint>
     <Time>2026-07-19T01:15:39+00:00</Time>
     <Position>
      <LatitudeDegrees>-33.6457800</LatitudeDegrees>
      <LongitudeDegrees>-70.3377000</LongitudeDegrees>
     </Position>
     <AltitudeMeters>1232.58</AltitudeMeters>
     <DistanceMeters>35808.175198846664</DistanceMeters>
    </Trackpoint>
    <Trackpoint>
     <Time>2026-07-19T01:15:45+00:00</Time>
     <Position>
      <LatitudeDegrees>-33.6455700</LatitudeDegrees>
      <LongitudeDegrees>-70.3375300</LongitudeDegrees>
     </Position>
     <AltitudeMeters>1234.95</AltitudeMeters>
     <DistanceMeters>35836.35924583732</DistanceMeters>
    </Trackpoint>
    <Trackpoint>
     <Time>2026-07-19T01:15:51+00:00</Time>
     <Position>
      <LatitudeDegrees>-33.6451300</LatitudeDegrees>
      <LongitudeDegrees>-70.3372600</LongitudeDegrees>
     </Position>
     <AltitudeMeters>1239.03</AltitudeMeters>
     <DistanceMeters>35891.3489682552</DistanceMeters>
    </Trackpoint>
    <Trackpoint>
     <Time>2026-07-19T01:15:57+00:00</Time>
     <Position>
      <LatitudeDegrees>-33.6445400</LatitudeDegrees>
      <LongitudeDegrees>-70.3369500</LongitudeDegrees>
     </Position>
     <AltitudeMeters>1243.5</AltitudeMeters>
     <DistanceMeters>35963.02034214485</DistanceMeters>
    </Trackpoint>
    <Trackpoint>
     <Time>2026-07-19T01:16:02+00:00</Time>
     <Position>
      <LatitudeDegrees>-33.6440600</LatitudeDegrees>
      <LongitudeDegrees>-70.3368350</LongitudeDegrees>
     </Position>
     <AltitudeMeters>1245.19</AltitudeMeters>
     <DistanceMeters>36017.49449830312</DistanceMeters>
    </Trackpoint>
    <Trackpoint>
     <Time>2026-07-19T01:16:08+00:00</Time>
     <Position>
      <LatitudeDegrees>-33.6435800</LatitudeDegrees>
      <LongitudeDegrees>-70.3367200</LongitudeDegrees>
     </Position>
     <AltitudeMeters>1249.91</AltitudeMeters>
     <DistanceMeters>36071.96865279082</DistanceMeters>
    </Trackpoint>
    <Trackpoint>
     <Time>2026-07-19T01:16:14+00:00</Time>
     <Position>
      <LatitudeDegrees>-33.6430800</LatitudeDegrees>
      <LongitudeDegrees>-70.3365400</LongitudeDegrees>
     </Position>
     <AltitudeMeters>1254.46</AltitudeMeters>
     <DistanceMeters>36130.06193105655</DistanceMeters>
    </Trackpoint>
    <Trackpoint>
     <Time>2026-07-19T01:16:19+00:00</Time>
     <Position>
      <LatitudeDegrees>-33.6425800</LatitudeDegrees>
      <LongitudeDegrees>-70.3363600</LongitudeDegrees>
     </Position>
     <AltitudeMeters>1258.15</AltitudeMeters>
     <DistanceMeters>36188.15522022313</DistanceMeters>
    </Trackpoint>
    <Trackpoint>
     <Time>2026-07-19T01:16:25+00:00</Time>
     <Position>
      <LatitudeDegrees>-33.6420200</LatitudeDegrees>
      <LongitudeDegrees>-70.3363200</LongitudeDegrees>
     </Position>
     <AltitudeMeters>1262.2600000000002</AltitudeMeters>
     <DistanceMeters>36250.59089843083</DistanceMeters>
    </Trackpoint>
    <Trackpoint>
     <Time>2026-07-19T01:16:31+00:00</Time>
     <Position>
      <LatitudeDegrees>-33.6419000</LatitudeDegrees>
      <LongitudeDegrees>-70.3362700</LongitudeDegrees>
     </Position>
     <AltitudeMeters>1263.8400000000001</AltitudeMeters>
     <DistanceMeters>36264.727073566915</DistanceMeters>
    </Trackpoint>
    <Trackpoint>
     <Time>2026-07-19T01:16:37+00:00</Time>
     <Position>
      <LatitudeDegrees>-33.6417500</LatitudeDegrees>
      <LongitudeDegrees>-70.3361900</LongitudeDegrees>
     </Position>
     <AltitudeMeters>1265.38</AltitudeMeters>
     <DistanceMeters>36282.993045017894</DistanceMeters>
    </Trackpoint>
    <Trackpoint>
     <Time>2026-07-19T01:16:42+00:00</Time>
     <Position>
      <LatitudeDegrees>-33.6413400</LatitudeDegrees>
      <LongitudeDegrees>-70.3357300</LongitudeDegrees>
     </Position>
     <AltitudeMeters>1271.0</AltitudeMeters>
     <DistanceMeters>36345.43355792992</DistanceMeters>
    </Trackpoint>
    <Trackpoint>
     <Time>2026-07-19T01:16:48+00:00</Time>
     <Position>
      <LatitudeDegrees>-33.6412500</LatitudeDegrees>
      <LongitudeDegrees>-70.3356000</LongitudeDegrees>
     </Position>
     <AltitudeMeters>1272.54</AltitudeMeters>
     <DistanceMeters>36361.09949706711</DistanceMeters>
    </Trackpoint>
    <Trackpoint>
     <Time>2026-07-19T01:16:54+00:00</Time>
     <Position>
      <LatitudeDegrees>-33.6412300</LatitudeDegrees>
      <LongitudeDegrees>-70.3355100</LongitudeDegrees>
     </Position>
     <AltitudeMeters>1272.95</AltitudeMeters>
     <DistanceMeters>36369.7305196201</DistanceMeters>
    </Trackpoint>
    <Trackpoint>
     <Time>2026-07-19T01:17:00+00:00</Time>
     <Position>
      <LatitudeDegrees>-33.6412500</LatitudeDegrees>
      <LongitudeDegrees>-70.3352900</LongitudeDegrees>
     </Position>
     <AltitudeMeters>1274.31</AltitudeMeters>
     <DistanceMeters>36390.23605086844</DistanceMeters>
    </Trackpoint>
    <Trackpoint>
     <Time>2026-07-19T01:17:05+00:00</Time>
     <Position>
      <LatitudeDegrees>-33.6413200</LatitudeDegrees>
      <LongitudeDegrees>-70.3351600</LongitudeDegrees>
     </Position>
     <AltitudeMeters>1275.98</AltitudeMeters>
     <DistanceMeters>36404.581229580544</DistanceMeters>
    </Trackpoint>
    <Trackpoint>
     <Time>2026-07-19T01:17:11+00:00</Time>
     <Position>
      <LatitudeDegrees>-33.6413900</LatitudeDegrees>
      <LongitudeDegrees>-70.3351100</LongitudeDegrees>
     </Position>
     <AltitudeMeters>1276.69</AltitudeMeters>
     <DistanceMeters>36413.64532526635</DistanceMeters>
    </Trackpoint>
    <Trackpoint>
     <Time>2026-07-19T01:17:17+00:00</Time>
     <Position>
      <LatitudeDegrees>-33.6418600</LatitudeDegrees>
      <LongitudeDegrees>-70.3348900</LongitudeDegrees>
     </Position>
     <AltitudeMeters>1279.5800000000002</AltitudeMeters>
     <DistanceMeters>36469.785744552624</DistanceMeters>
    </Trackpoint>
    <Trackpoint>
     <Time>2026-07-19T01:17:22+00:00</Time>
     <Position>
      <LatitudeDegrees>-33.6420800</LatitudeDegrees>
      <LongitudeDegrees>-70.3347100</LongitudeDegrees>
     </Position>
     <AltitudeMeters>1281.6100000000001</AltitudeMeters>
     <DistanceMeters>36499.4112802822</DistanceMeters>
    </Trackpoint>
    <Trackpoint>
     <Time>2026-07-19T01:17:28+00:00</Time>
     <Position>
      <LatitudeDegrees>-33.6422400</LatitudeDegrees>
      <LongitudeDegrees>-70.3344500</LongitudeDegrees>
     </Position>
     <AltitudeMeters>1283.43</AltitudeMeters>
     <DistanceMeters>36529.36866973934</DistanceMeters>
    </Trackpoint>
    <Trackpoint>
     <Time>2026-07-19T01:17:34+00:00</Time>
     <Position>
      <LatitudeDegrees>-33.6422600</LatitudeDegrees>
      <LongitudeDegrees>-70.3343000</LongitudeDegrees>
     </Position>
     <AltitudeMeters>1284.01</AltitudeMeters>
     <DistanceMeters>36543.44405373205</DistanceMeters>
    </Trackpoint>
    <Trackpoint>
     <Time>2026-07-19T01:17:40+00:00</Time>
     <Position>
      <LatitudeDegrees>-33.6422400</LatitudeDegrees>
      <LongitudeDegrees>-70.3341200</LongitudeDegrees>
     </Position>
     <AltitudeMeters>1284.52</AltitudeMeters>
     <DistanceMeters>36560.26985539215</DistanceMeters>
    </Trackpoint>
    <Trackpoint>
     <Time>2026-07-19T01:17:45+00:00</Time>
     <Position>
      <LatitudeDegrees>-33.6420200</LatitudeDegrees>
      <LongitudeDegrees>-70.3335900</LongitudeDegrees>
     </Position>
     <AltitudeMeters>1288.34</AltitudeMeters>
     <DistanceMeters>36615.14281250331</DistanceMeters>
    </Trackpoint>
    <Trackpoint>
     <Time>2026-07-19T01:17:51+00:00</Time>
     <Position>
      <LatitudeDegrees>-33.6417700</LatitudeDegrees>
      <LongitudeDegrees>-70.3327500</LongitudeDegrees>
     </Position>
     <AltitudeMeters>1293.6000000000001</AltitudeMeters>
     <DistanceMeters>36697.79735101215</DistanceMeters>
    </Trackpoint>
    <Trackpoint>
     <Time>2026-07-19T01:17:57+00:00</Time>
     <Position>
      <LatitudeDegrees>-33.6416300</LatitudeDegrees>
      <LongitudeDegrees>-70.3324300</LongitudeDegrees>
     </Position>
     <AltitudeMeters>1294.98</AltitudeMeters>
     <DistanceMeters>36731.292002243186</DistanceMeters>
    </Trackpoint>
    <Trackpoint>
     <Time>2026-07-19T01:18:02+00:00</Time>
     <Position>
      <LatitudeDegrees>-33.6412800</LatitudeDegrees>
      <LongitudeDegrees>-70.3320200</LongitudeDegrees>
     </Position>
     <AltitudeMeters>1299.41</AltitudeMeters>
     <DistanceMeters>36785.70278893498</DistanceMeters>
    </Trackpoint>
    <Trackpoint>
     <Time>2026-07-19T01:18:08+00:00</Time>
     <Position>
      <LatitudeDegrees>-33.6411000</LatitudeDegrees>
      <LongitudeDegrees>-70.3317600</LongitudeDegrees>
     </Position>
     <AltitudeMeters>1302.3600000000001</AltitudeMeters>
     <DistanceMeters>36817.03468979556</DistanceMeters>
    </Trackpoint>
    <Trackpoint>
     <Time>2026-07-19T01:18:14+00:00</Time>
     <Position>
      <LatitudeDegrees>-33.6411000</LatitudeDegrees>
      <LongitudeDegrees>-70.3316600</LongitudeDegrees>
     </Position>
     <AltitudeMeters>1302.74</AltitudeMeters>
     <DistanceMeters>36826.300322907984</DistanceMeters>
    </Trackpoint>
    <Trackpoint>
     <Time>2026-07-19T01:18:20+00:00</Time>
     <Position>
      <LatitudeDegrees>-33.6411400</LatitudeDegrees>
      <LongitudeDegrees>-70.3314800</LongitudeDegrees>
     </Position>
     <AltitudeMeters>1303.93</AltitudeMeters>
     <DistanceMeters>36843.56239047169</DistanceMeters>
    </Trackpoint>
    <Trackpoint>
     <Time>2026-07-19T01:18:25+00:00</Time>
     <Position>
      <LatitudeDegrees>-33.6416600</LatitudeDegrees>
      <LongitudeDegrees>-70.3306800</LongitudeDegrees>
     </Position>
     <AltitudeMeters>1309.59</AltitudeMeters>
     <DistanceMeters>36937.60418054372</DistanceMeters>
    </Trackpoint>
    <Trackpoint>
     <Time>2026-07-19T01:18:31+00:00</Time>
     <Position>
      <LatitudeDegrees>-33.6417200</LatitudeDegrees>
      <LongitudeDegrees>-70.3305400</LongitudeDegrees>
     </Position>
     <AltitudeMeters>1310.89</AltitudeMeters>
     <DistanceMeters>36952.19389443182</DistanceMeters>
    </Trackpoint>
    <Trackpoint>
     <Time>2026-07-19T01:18:37+00:00</Time>
     <Position>
      <LatitudeDegrees>-33.6417700</LatitudeDegrees>
      <LongitudeDegrees>-70.3302200</LongitudeDegrees>
     </Position>
     <AltitudeMeters>1313.08</AltitudeMeters>
     <DistanceMeters>36982.36138834168</DistanceMeters>
    </Trackpoint>
    <Trackpoint>
     <Time>2026-07-19T01:18:42+00:00</Time>
     <Position>
      <LatitudeDegrees>-33.6416600</LatitudeDegrees>
      <LongitudeDegrees>-70.3295100</LongitudeDegrees>
     </Position>
     <AltitudeMeters>1316.2800000000002</AltitudeMeters>
     <DistanceMeters>37049.27636976669</DistanceMeters>
    </Trackpoint>
    <Trackpoint>
     <Time>2026-07-19T01:18:48+00:00</Time>
     <Position>
      <LatitudeDegrees>-33.6416800</LatitudeDegrees>
      <LongitudeDegrees>-70.3291900</LongitudeDegrees>
     </Position>
     <AltitudeMeters>1317.73</AltitudeMeters>
     <DistanceMeters>37079.0096354969</DistanceMeters>
    </Trackpoint>
    <Trackpoint>
     <Time>2026-07-19T01:18:54+00:00</Time>
     <Position>
      <LatitudeDegrees>-33.6416600</LatitudeDegrees>
      <LongitudeDegrees>-70.3290200</LongitudeDegrees>
     </Position>
     <AltitudeMeters>1320.39</AltitudeMeters>
     <DistanceMeters>37094.91760714538</DistanceMeters>
    </Trackpoint>
    <Trackpoint>
     <Time>2026-07-19T01:19:00+00:00</Time>
     <Position>
      <LatitudeDegrees>-33.6416100</LatitudeDegrees>
      <LongitudeDegrees>-70.3288800</LongitudeDegrees>
     </Position>
     <AltitudeMeters>1321.2100000000003</AltitudeMeters>
     <DistanceMeters>37109.032654619354</DistanceMeters>
    </Trackpoint>
    <Trackpoint>
     <Time>2026-07-19T01:19:05+00:00</Time>
     <Position>
      <LatitudeDegrees>-33.6415500</LatitudeDegrees>
      <LongitudeDegrees>-70.3287500</LongitudeDegrees>
     </Position>
     <AltitudeMeters>1321.97</AltitudeMeters>
     <DistanceMeters>37122.80510579446</DistanceMeters>
    </Trackpoint>
    <Trackpoint>
     <Time>2026-07-19T01:19:11+00:00</Time>
     <Position>
      <LatitudeDegrees>-33.6413900</LatitudeDegrees>
      <LongitudeDegrees>-70.3286100</LongitudeDegrees>
     </Position>
     <AltitudeMeters>1323.94</AltitudeMeters>
     <DistanceMeters>37144.83618913073</DistanceMeters>
    </Trackpoint>
    <Trackpoint>
     <Time>2026-07-19T01:19:17+00:00</Time>
     <Position>
      <LatitudeDegrees>-33.6413000</LatitudeDegrees>
      <LongitudeDegrees>-70.3284400</LongitudeDegrees>
     </Position>
     <AltitudeMeters>1324.8300000000002</AltitudeMeters>
     <DistanceMeters>37163.502823605704</DistanceMeters>
    </Trackpoint>
    <Trackpoint>
     <Time>2026-07-19T01:19:23+00:00</Time>
     <Position>
      <LatitudeDegrees>-33.6412800</LatitudeDegrees>
      <LongitudeDegrees>-70.3280400</LongitudeDegrees>
     </Position>
     <AltitudeMeters>1327.67</AltitudeMeters>
     <DistanceMeters>37200.63205656992</DistanceMeters>
    </Trackpoint>
    <Trackpoint>
     <Time>2026-07-19T01:19:28+00:00</Time>
     <Position>
      <LatitudeDegrees>-33.6411900</LatitudeDegrees>
      <LongitudeDegrees>-70.3277700</LongitudeDegrees>
     </Position>
     <AltitudeMeters>1329.26</AltitudeMeters>
     <DistanceMeters>37227.579993460575</DistanceMeters>
    </Trackpoint>
    <Trackpoint>
     <Time>2026-07-19T01:19:34+00:00</Time>
     <Position>
      <LatitudeDegrees>-33.6410300</LatitudeDegrees>
      <LongitudeDegrees>-70.3276000</LongitudeDegrees>
     </Position>
     <AltitudeMeters>1330.65</AltitudeMeters>
     <DistanceMeters>37251.35418832633</DistanceMeters>
    </Trackpoint>
    <Trackpoint>
     <Time>2026-07-19T01:19:40+00:00</Time>
     <Position>
      <LatitudeDegrees>-33.6408300</LatitudeDegrees>
      <LongitudeDegrees>-70.3275000</LongitudeDegrees>
     </Position>
     <AltitudeMeters>1332.21</AltitudeMeters>
     <DistanceMeters>37275.46479649924</DistanceMeters>
    </Trackpoint>
    <Trackpoint>
     <Time>2026-07-19T01:19:45+00:00</Time>
     <Position>
      <LatitudeDegrees>-33.6408100</LatitudeDegrees>
      <LongitudeDegrees>-70.3273600</LongitudeDegrees>
     </Position>
     <AltitudeMeters>1333.73</AltitudeMeters>
     <DistanceMeters>37288.62631697995</DistanceMeters>
    </Trackpoint>
    <Trackpoint>
     <Time>2026-07-19T01:19:51+00:00</Time>
     <Position>
      <LatitudeDegrees>-33.6408700</LatitudeDegrees>
      <LongitudeDegrees>-70.3272700</LongitudeDegrees>
     </Position>
     <AltitudeMeters>1335.41</AltitudeMeters>
     <DistanceMeters>37299.30960892739</DistanceMeters>
    </Trackpoint>
    <Trackpoint>
     <Time>2026-07-19T01:19:57+00:00</Time>
     <Position>
      <LatitudeDegrees>-33.6413000</LatitudeDegrees>
      <LongitudeDegrees>-70.3270100</LongitudeDegrees>
     </Position>
     <AltitudeMeters>1338.3100000000002</AltitudeMeters>
     <DistanceMeters>37352.88820061345</DistanceMeters>
    </Trackpoint>
    <Trackpoint>
     <Time>2026-07-19T01:20:03+00:00</Time>
     <Position>
      <LatitudeDegrees>-33.6415900</LatitudeDegrees>
      <LongitudeDegrees>-70.3267800</LongitudeDegrees>
     </Position>
     <AltitudeMeters>1341.02</AltitudeMeters>
     <DistanceMeters>37391.56477052021</DistanceMeters>
    </Trackpoint>
    <Trackpoint>
     <Time>2026-07-19T01:20:08+00:00</Time>
     <Position>
      <LatitudeDegrees>-33.6417700</LatitudeDegrees>
      <LongitudeDegrees>-70.3266000</LongitudeDegrees>
     </Position>
     <AltitudeMeters>1343.3300000000002</AltitudeMeters>
     <DistanceMeters>37417.631734072136</DistanceMeters>
    </Trackpoint>
    <Trackpoint>
     <Time>2026-07-19T01:20:14+00:00</Time>
     <Position>
      <LatitudeDegrees>-33.6418400</LatitudeDegrees>
      <LongitudeDegrees>-70.3264800</LongitudeDegrees>
     </Position>
     <AltitudeMeters>1344.0700000000002</AltitudeMeters>
     <DistanceMeters>37431.208175506516</DistanceMeters>
    </Trackpoint>
    <Trackpoint>
     <Time>2026-07-19T01:20:20+00:00</Time>
     <Position>
      <LatitudeDegrees>-33.6419000</LatitudeDegrees>
      <LongitudeDegrees>-70.3263300</LongitudeDegrees>
     </Position>
     <AltitudeMeters>1346.38</AltitudeMeters>
     <DistanceMeters>37446.6275033134</DistanceMeters>
    </Trackpoint>
    <Trackpoint>
     <Time>2026-07-19T01:20:25+00:00</Time>
     <Position>
      <LatitudeDegrees>-33.6419300</LatitudeDegrees>
      <LongitudeDegrees>-70.3261500</LongitudeDegrees>
     </Position>
     <AltitudeMeters>1346.38</AltitudeMeters>
     <DistanceMeters>37463.6364165691</DistanceMeters>
    </Trackpoint>
    <Trackpoint>
     <Time>2026-07-19T01:20:31+00:00</Time>
     <Position>
      <LatitudeDegrees>-33.6419300</LatitudeDegrees>
      <LongitudeDegrees>-70.3259400</LongitudeDegrees>
     </Position>
     <AltitudeMeters>1347.6100000000001</AltitudeMeters>
     <DistanceMeters>37483.09405853741</DistanceMeters>
    </Trackpoint>
    <Trackpoint>
     <Time>2026-07-19T01:20:37+00:00</Time>
     <Position>
      <LatitudeDegrees>-33.6418800</LatitudeDegrees>
      <LongitudeDegrees>-70.3257100</LongitudeDegrees>
     </Position>
     <AltitudeMeters>1349.5900000000001</AltitudeMeters>
     <DistanceMeters>37505.1193889756</DistanceMeters>
    </Trackpoint>
    <Trackpoint>
     <Time>2026-07-19T01:20:43+00:00</Time>
     <Position>
      <LatitudeDegrees>-33.6417900</LatitudeDegrees>
      <LongitudeDegrees>-70.3254500</LongitudeDegrees>
     </Position>
     <AltitudeMeters>1350.68</AltitudeMeters>
     <DistanceMeters>37531.20926861771</DistanceMeters>
    </Trackpoint>
    <Trackpoint>
     <Time>2026-07-19T01:20:48+00:00</Time>
     <Position>
      <LatitudeDegrees>-33.6415450</LatitudeDegrees>
      <LongitudeDegrees>-70.3249950</LongitudeDegrees>
     </Position>
     <AltitudeMeters>1354.74</AltitudeMeters>
     <DistanceMeters>37581.41729134433</DistanceMeters>
    </Trackpoint>
    <Trackpoint>
     <Time>2026-07-19T01:20:54+00:00</Time>
     <Position>
      <LatitudeDegrees>-33.6413000</LatitudeDegrees>
      <LongitudeDegrees>-70.3245400</LongitudeDegrees>
     </Position>
     <AltitudeMeters>1359.66</AltitudeMeters>
     <DistanceMeters>37631.62530581304</DistanceMeters>
    </Trackpoint>
    <Trackpoint>
     <Time>2026-07-19T01:21:00+00:00</Time>
     <Position>
      <LatitudeDegrees>-33.6412100</LatitudeDegrees>
      <LongitudeDegrees>-70.3244600</LongitudeDegrees>
     </Position>
     <AltitudeMeters>1361.0300000000002</AltitudeMeters>
     <DistanceMeters>37644.086347244556</DistanceMeters>
    </Trackpoint>
    <Trackpoint>
     <Time>2026-07-19T01:21:05+00:00</Time>
     <Position>
      <LatitudeDegrees>-33.6411000</LatitudeDegrees>
      <LongitudeDegrees>-70.3244100</LongitudeDegrees>
     </Position>
     <AltitudeMeters>1361.0300000000002</AltitudeMeters>
     <DistanceMeters>37657.1761285183</DistanceMeters>
    </Trackpoint>
    <Trackpoint>
     <Time>2026-07-19T01:21:11+00:00</Time>
     <Position>
      <LatitudeDegrees>-33.6407600</LatitudeDegrees>
      <LongitudeDegrees>-70.3243600</LongitudeDegrees>
     </Position>
     <AltitudeMeters>1365.31</AltitudeMeters>
     <DistanceMeters>37695.29920369747</DistanceMeters>
    </Trackpoint>
    <Trackpoint>
     <Time>2026-07-19T01:21:17+00:00</Time>
     <Position>
      <LatitudeDegrees>-33.6407200</LatitudeDegrees>
      <LongitudeDegrees>-70.3243100</LongitudeDegrees>
     </Position>
     <AltitudeMeters>1365.31</AltitudeMeters>
     <DistanceMeters>37701.724305558455</DistanceMeters>
    </Trackpoint>
    <Trackpoint>
     <Time>2026-07-19T01:21:23+00:00</Time>
     <Position>
      <LatitudeDegrees>-33.6405600</LatitudeDegrees>
      <LongitudeDegrees>-70.3234700</LongitudeDegrees>
     </Position>
     <AltitudeMeters>1371.92</AltitudeMeters>
     <DistanceMeters>37781.5671452691</DistanceMeters>
    </Trackpoint>
    <Trackpoint>
     <Time>2026-07-19T01:21:28+00:00</Time>
     <Position>
      <LatitudeDegrees>-33.6405600</LatitudeDegrees>
      <LongitudeDegrees>-70.3232500</LongitudeDegrees>
     </Position>
     <AltitudeMeters>1373.85</AltitudeMeters>
     <DistanceMeters>37801.95166595662</DistanceMeters>
    </Trackpoint>
    <Trackpoint>
     <Time>2026-07-19T01:21:34+00:00</Time>
     <Position>
      <LatitudeDegrees>-33.6405400</LatitudeDegrees>
      <LongitudeDegrees>-70.3230700</LongitudeDegrees>
     </Position>
     <AltitudeMeters>1375.1100000000001</AltitudeMeters>
     <DistanceMeters>37818.777794016176</DistanceMeters>
    </Trackpoint>
    <Trackpoint>
     <Time>2026-07-19T01:21:40+00:00</Time>
     <Position>
      <LatitudeDegrees>-33.6404700</LatitudeDegrees>
      <LongitudeDegrees>-70.3228900</LongitudeDegrees>
     </Position>
     <AltitudeMeters>1376.74</AltitudeMeters>
     <DistanceMeters>37837.18592138986</DistanceMeters>
    </Trackpoint>
    <Trackpoint>
     <Time>2026-07-19T01:21:46+00:00</Time>
     <Position>
      <LatitudeDegrees>-33.6402300</LatitudeDegrees>
      <LongitudeDegrees>-70.3224800</LongitudeDegrees>
     </Position>
     <AltitudeMeters>1380.2800000000002</AltitudeMeters>
     <DistanceMeters>37883.625905088</DistanceMeters>
    </Trackpoint>
    <Trackpoint>
     <Time>2026-07-19T01:21:51+00:00</Time>
     <Position>
      <LatitudeDegrees>-33.6402200</LatitudeDegrees>
      <LongitudeDegrees>-70.3224700</LongitudeDegrees>
     </Position>
     <AltitudeMeters>1380.2800000000002</AltitudeMeters>
     <DistanceMeters>37883.625905088</DistanceMeters>
    </Trackpoint>
    <Trackpoint>
     <Time>2026-07-19T01:21:57+00:00</Time>
     <Position>
      <LatitudeDegrees>-33.6399800</LatitudeDegrees>
      <LongitudeDegrees>-70.3222200</LongitudeDegrees>
     </Position>
     <AltitudeMeters>1383.96</AltitudeMeters>
     <DistanceMeters>37918.98213144828</DistanceMeters>
    </Trackpoint>
    <Trackpoint>
     <Time>2026-07-19T01:22:03+00:00</Time>
     <Position>
      <LatitudeDegrees>-33.6398900</LatitudeDegrees>
      <LongitudeDegrees>-70.3222200</LongitudeDegrees>
     </Position>
     <AltitudeMeters>1384.3700000000001</AltitudeMeters>
     <DistanceMeters>37928.99874259798</DistanceMeters>
    </Trackpoint>
    <Trackpoint>
     <Time>2026-07-19T01:22:08+00:00</Time>
     <Position>
      <LatitudeDegrees>-33.6396200</LatitudeDegrees>
      <LongitudeDegrees>-70.3222700</LongitudeDegrees>
     </Position>
     <AltitudeMeters>1385.93</AltitudeMeters>
     <DistanceMeters>37959.4036130975</DistanceMeters>
    </Trackpoint>
    <Trackpoint>
     <Time>2026-07-19T01:22:14+00:00</Time>
     <Position>
      <LatitudeDegrees>-33.6394000</LatitudeDegrees>
      <LongitudeDegrees>-70.3224000</LongitudeDegrees>
     </Position>
     <AltitudeMeters>1389.16</AltitudeMeters>
     <DistanceMeters>37986.691207598014</DistanceMeters>
    </Trackpoint>
    <Trackpoint>
     <Time>2026-07-19T01:22:20+00:00</Time>
     <Position>
      <LatitudeDegrees>-33.6392200</LatitudeDegrees>
      <LongitudeDegrees>-70.3224000</LongitudeDegrees>
     </Position>
     <AltitudeMeters>1391.0500000000002</AltitudeMeters>
     <DistanceMeters>38006.7244298974</DistanceMeters>
    </Trackpoint>
    <Trackpoint>
     <Time>2026-07-19T01:22:26+00:00</Time>
     <Position>
      <LatitudeDegrees>-33.6388100</LatitudeDegrees>
      <LongitudeDegrees>-70.3222200</LongitudeDegrees>
     </Position>
     <AltitudeMeters>1394.83</AltitudeMeters>
     <DistanceMeters>38055.30820118653</DistanceMeters>
    </Trackpoint>
    <Trackpoint>
     <Time>2026-07-19T01:22:31+00:00</Time>
     <Position>
      <LatitudeDegrees>-33.6384800</LatitudeDegrees>
      <LongitudeDegrees>-70.3221700</LongitudeDegrees>
     </Position>
     <AltitudeMeters>1398.47</AltitudeMeters>
     <DistanceMeters>38092.326830562575</DistanceMeters>
    </Trackpoint>
    <Trackpoint>
     <Time>2026-07-19T01:22:37+00:00</Time>
     <Position>
      <LatitudeDegrees>-33.6381400</LatitudeDegrees>
      <LongitudeDegrees>-70.3222200</LongitudeDegrees>
     </Position>
     <AltitudeMeters>1402.29</AltitudeMeters>
     <DistanceMeters>38130.44992287247</DistanceMeters>
    </Trackpoint>
    <Trackpoint>
     <Time>2026-07-19T01:22:43+00:00</Time>
     <Position>
      <LatitudeDegrees>-33.6377600</LatitudeDegrees>
      <LongitudeDegrees>-70.3223100</LongitudeDegrees>
     </Position>
     <AltitudeMeters>1405.0500000000002</AltitudeMeters>
     <DistanceMeters>38173.55663620354</DistanceMeters>
    </Trackpoint>
    <Trackpoint>
     <Time>2026-07-19T01:22:48+00:00</Time>
     <Position>
      <LatitudeDegrees>-33.6374300</LatitudeDegrees>
      <LongitudeDegrees>-70.3222500</LongitudeDegrees>
     </Position>
     <AltitudeMeters>1409.0600000000002</AltitudeMeters>
     <DistanceMeters>38210.70261752607</DistanceMeters>
    </Trackpoint>
    <Trackpoint>
     <Time>2026-07-19T01:22:54+00:00</Time>
     <Position>
      <LatitudeDegrees>-33.6371600</LatitudeDegrees>
      <LongitudeDegrees>-70.3221300</LongitudeDegrees>
     </Position>
     <AltitudeMeters>1410.7500000000002</AltitudeMeters>
     <DistanceMeters>38242.743688583614</DistanceMeters>
    </Trackpoint>
    <Trackpoint>
     <Time>2026-07-19T01:23:00+00:00</Time>
     <Position>
      <LatitudeDegrees>-33.6367100</LatitudeDegrees>
      <LongitudeDegrees>-70.3216800</LongitudeDegrees>
     </Position>
     <AltitudeMeters>1413.55</AltitudeMeters>
     <DistanceMeters>38307.91262405008</DistanceMeters>
    </Trackpoint>
    <Trackpoint>
     <Time>2026-07-19T01:23:06+00:00</Time>
     <Position>
      <LatitudeDegrees>-33.6362600</LatitudeDegrees>
      <LongitudeDegrees>-70.3212300</LongitudeDegrees>
     </Position>
     <AltitudeMeters>1417.8000000000002</AltitudeMeters>
     <DistanceMeters>38373.08158595104</DistanceMeters>
    </Trackpoint>
    <Trackpoint>
     <Time>2026-07-19T01:23:11+00:00</Time>
     <Position>
      <LatitudeDegrees>-33.6361100</LatitudeDegrees>
      <LongitudeDegrees>-70.3207900</LongitudeDegrees>
     </Position>
     <AltitudeMeters>1421.44</AltitudeMeters>
     <DistanceMeters>38417.13819748504</DistanceMeters>
    </Trackpoint>
    <Trackpoint>
     <Time>2026-07-19T01:23:17+00:00</Time>
     <Position>
      <LatitudeDegrees>-33.6359000</LatitudeDegrees>
      <LongitudeDegrees>-70.3204800</LongitudeDegrees>
     </Position>
     <AltitudeMeters>1424.8</AltitudeMeters>
     <DistanceMeters>38454.17047610203</DistanceMeters>
    </Trackpoint>
    <Trackpoint>
     <Time>2026-07-19T01:23:23+00:00</Time>
     <Position>
      <LatitudeDegrees>-33.6355900</LatitudeDegrees>
      <LongitudeDegrees>-70.3202500</LongitudeDegrees>
     </Position>
     <AltitudeMeters>1426.8</AltitudeMeters>
     <DistanceMeters>38494.72387209853</DistanceMeters>
    </Trackpoint>
    <Trackpoint>
     <Time>2026-07-19T01:23:29+00:00</Time>
     <Position>
      <LatitudeDegrees>-33.6355000</LatitudeDegrees>
      <LongitudeDegrees>-70.3202000</LongitudeDegrees>
     </Position>
     <AltitudeMeters>1428.52</AltitudeMeters>
     <DistanceMeters>38505.760096881335</DistanceMeters>
    </Trackpoint>
    <Trackpoint>
     <Time>2026-07-19T01:23:34+00:00</Time>
     <Position>
      <LatitudeDegrees>-33.6353700</LatitudeDegrees>
      <LongitudeDegrees>-70.3201500</LongitudeDegrees>
     </Position>
     <AltitudeMeters>1429.17</AltitudeMeters>
     <DistanceMeters>38520.95225015143</DistanceMeters>
    </Trackpoint>
    <Trackpoint>
     <Time>2026-07-19T01:23:40+00:00</Time>
     <Position>
      <LatitudeDegrees>-33.6350100</LatitudeDegrees>
      <LongitudeDegrees>-70.3200700</LongitudeDegrees>
     </Position>
     <AltitudeMeters>1431.49</AltitudeMeters>
     <DistanceMeters>38561.69869512123</DistanceMeters>
    </Trackpoint>
    <Trackpoint>
     <Time>2026-07-19T01:23:46+00:00</Time>
     <Position>
      <LatitudeDegrees>-33.6348300</LatitudeDegrees>
      <LongitudeDegrees>-70.3199800</LongitudeDegrees>
     </Position>
     <AltitudeMeters>1433.14</AltitudeMeters>
     <DistanceMeters>38583.39846615223</DistanceMeters>
    </Trackpoint>
    <Trackpoint>
     <Time>2026-07-19T01:23:51+00:00</Time>
     <Position>
      <LatitudeDegrees>-33.6346700</LatitudeDegrees>
      <LongitudeDegrees>-70.3197100</LongitudeDegrees>
     </Position>
     <AltitudeMeters>1436.2100000000003</AltitudeMeters>
     <DistanceMeters>38614.10763935142</DistanceMeters>
    </Trackpoint>
    <Trackpoint>
     <Time>2026-07-19T01:23:57+00:00</Time>
     <Position>
      <LatitudeDegrees>-33.6344300</LatitudeDegrees>
      <LongitudeDegrees>-70.3190800</LongitudeDegrees>
     </Position>
     <AltitudeMeters>1440.2400000000002</AltitudeMeters>
     <DistanceMeters>38678.306222810155</DistanceMeters>
    </Trackpoint>
    <Trackpoint>
     <Time>2026-07-19T01:24:03+00:00</Time>
     <Position>
      <LatitudeDegrees>-33.6343100</LatitudeDegrees>
      <LongitudeDegrees>-70.3189100</LongitudeDegrees>
     </Position>
     <AltitudeMeters>1441.3100000000002</AltitudeMeters>
     <DistanceMeters>38698.95857925396</DistanceMeters>
    </Trackpoint>
    <Trackpoint>
     <Time>2026-07-19T01:24:09+00:00</Time>
     <Position>
      <LatitudeDegrees>-33.6340500</LatitudeDegrees>
      <LongitudeDegrees>-70.3186000</LongitudeDegrees>
     </Position>
     <AltitudeMeters>1444.28</AltitudeMeters>
     <DistanceMeters>38739.73250161677</DistanceMeters>
    </Trackpoint>
    <Trackpoint>
     <Time>2026-07-19T01:24:14+00:00</Time>
     <Position>
      <LatitudeDegrees>-33.6337800</LatitudeDegrees>
      <LongitudeDegrees>-70.3183600</LongitudeDegrees>
     </Position>
     <AltitudeMeters>1447.3200000000002</AltitudeMeters>
     <DistanceMeters>38777.116753487535</DistanceMeters>
    </Trackpoint>
    <Trackpoint>
     <Time>2026-07-19T01:24:20+00:00</Time>
     <Position>
      <LatitudeDegrees>-33.6336400</LatitudeDegrees>
      <LongitudeDegrees>-70.3182300</LongitudeDegrees>
     </Position>
     <AltitudeMeters>1448.3000000000002</AltitudeMeters>
     <DistanceMeters>38796.81179309839</DistanceMeters>
    </Trackpoint>
    <Trackpoint>
     <Time>2026-07-19T01:24:26+00:00</Time>
     <Position>
      <LatitudeDegrees>-33.6334900</LatitudeDegrees>
      <LongitudeDegrees>-70.3181800</LongitudeDegrees>
     </Position>
     <AltitudeMeters>1448.79</AltitudeMeters>
     <DistanceMeters>38814.13715403058</DistanceMeters>
    </Trackpoint>
    <Trackpoint>
     <Time>2026-07-19T01:24:31+00:00</Time>
     <Position>
      <LatitudeDegrees>-33.6334400</LatitudeDegrees>
      <LongitudeDegrees>-70.3181400</LongitudeDegrees>
     </Position>
     <AltitudeMeters>1448.79</AltitudeMeters>
     <DistanceMeters>38820.82337641107</DistanceMeters>
    </Trackpoint>
    <Trackpoint>
     <Time>2026-07-19T01:24:37+00:00</Time>
     <Position>
      <LatitudeDegrees>-33.6331300</LatitudeDegrees>
      <LongitudeDegrees>-70.3172000</LongitudeDegrees>
     </Position>
     <AltitudeMeters>1451.04</AltitudeMeters>
     <DistanceMeters>38914.512332349914</DistanceMeters>
    </Trackpoint>
    <Trackpoint>
     <Time>2026-07-19T01:24:43+00:00</Time>
     <Position>
      <LatitudeDegrees>-33.6329500</LatitudeDegrees>
      <LongitudeDegrees>-70.3168800</LongitudeDegrees>
     </Position>
     <AltitudeMeters>1451.42</AltitudeMeters>
     <DistanceMeters>38950.29806432201</DistanceMeters>
    </Trackpoint>
    <Trackpoint>
     <Time>2026-07-19T01:24:49+00:00</Time>
     <Position>
      <LatitudeDegrees>-33.6328800</LatitudeDegrees>
      <LongitudeDegrees>-70.3167200</LongitudeDegrees>
     </Position>
     <AltitudeMeters>1451.45</AltitudeMeters>
     <DistanceMeters>38967.046728771864</DistanceMeters>
    </Trackpoint>
    <Trackpoint>
     <Time>2026-07-19T01:24:54+00:00</Time>
     <Position>
      <LatitudeDegrees>-33.6328800</LatitudeDegrees>
      <LongitudeDegrees>-70.3165700</LongitudeDegrees>
     </Position>
     <AltitudeMeters>1451.4600000000003</AltitudeMeters>
     <DistanceMeters>38980.94650514127</DistanceMeters>
    </Trackpoint>
    <Trackpoint>
     <Time>2026-07-19T01:25:00+00:00</Time>
     <Position>
      <LatitudeDegrees>-33.6329700</LatitudeDegrees>
      <LongitudeDegrees>-70.3164400</LongitudeDegrees>
     </Position>
     <AltitudeMeters>1451.5300000000002</AltitudeMeters>
     <DistanceMeters>38996.6133444997</DistanceMeters>
    </Trackpoint>
    <Trackpoint>
     <Time>2026-07-19T01:25:06+00:00</Time>
     <Position>
      <LatitudeDegrees>-33.6331100</LatitudeDegrees>
      <LongitudeDegrees>-70.3164400</LongitudeDegrees>
     </Position>
     <AltitudeMeters>1451.7300000000002</AltitudeMeters>
     <DistanceMeters>39012.19473962162</DistanceMeters>
    </Trackpoint>
    <Trackpoint>
     <Time>2026-07-19T01:25:11+00:00</Time>
     <Position>
      <LatitudeDegrees>-33.6332000</LatitudeDegrees>
      <LongitudeDegrees>-70.3165300</LongitudeDegrees>
     </Position>
     <AltitudeMeters>1451.8700000000001</AltitudeMeters>
     <DistanceMeters>39025.22874962216</DistanceMeters>
    </Trackpoint>
    <Trackpoint>
     <Time>2026-07-19T01:25:17+00:00</Time>
     <Position>
      <LatitudeDegrees>-33.6336000</LatitudeDegrees>
      <LongitudeDegrees>-70.3167500</LongitudeDegrees>
     </Position>
     <AltitudeMeters>1453.2500000000002</AltitudeMeters>
     <DistanceMeters>39074.19275995779</DistanceMeters>
    </Trackpoint>
    <Trackpoint>
     <Time>2026-07-19T01:25:23+00:00</Time>
     <Position>
      <LatitudeDegrees>-33.6340350</LatitudeDegrees>
      <LongitudeDegrees>-70.3169050</LongitudeDegrees>
     </Position>
     <AltitudeMeters>1456.97</AltitudeMeters>
     <DistanceMeters>39124.6919643698</DistanceMeters>
    </Trackpoint>
    <Trackpoint>
     <Time>2026-07-19T01:25:29+00:00</Time>
     <Position>
      <LatitudeDegrees>-33.6344700</LatitudeDegrees>
      <LongitudeDegrees>-70.3170600</LongitudeDegrees>
     </Position>
     <AltitudeMeters>1460.1200000000001</AltitudeMeters>
     <DistanceMeters>39175.19121199797</DistanceMeters>
    </Trackpoint>
    <Trackpoint>
     <Time>2026-07-19T01:25:34+00:00</Time>
     <Position>
      <LatitudeDegrees>-33.6345400</LatitudeDegrees>
      <LongitudeDegrees>-70.3170600</LongitudeDegrees>
     </Position>
     <AltitudeMeters>1460.1200000000001</AltitudeMeters>
     <DistanceMeters>39182.98190955893</DistanceMeters>
    </Trackpoint>
    <Trackpoint>
     <Time>2026-07-19T01:25:40+00:00</Time>
     <Position>
      <LatitudeDegrees>-33.6346100</LatitudeDegrees>
      <LongitudeDegrees>-70.3169700</LongitudeDegrees>
     </Position>
     <AltitudeMeters>1461.2200000000003</AltitudeMeters>
     <DistanceMeters>39194.39442868516</DistanceMeters>
    </Trackpoint>
    <Trackpoint>
     <Time>2026-07-19T01:25:46+00:00</Time>
     <Position>
      <LatitudeDegrees>-33.6346100</LatitudeDegrees>
      <LongitudeDegrees>-70.3168000</LongitudeDegrees>
     </Position>
     <AltitudeMeters>1461.77</AltitudeMeters>
     <DistanceMeters>39210.14719214808</DistanceMeters>
    </Trackpoint>
    <Trackpoint>
     <Time>2026-07-19T01:25:52+00:00</Time>
     <Position>
      <LatitudeDegrees>-33.6345400</LatitudeDegrees>
      <LongitudeDegrees>-70.3167100</LongitudeDegrees>
     </Position>
     <AltitudeMeters>1462.9200000000003</AltitudeMeters>
     <DistanceMeters>39221.559711274305</DistanceMeters>
    </Trackpoint>
    <Trackpoint>
     <Time>2026-07-19T01:25:57+00:00</Time>
     <Position>
      <LatitudeDegrees>-33.6343100</LatitudeDegrees>
      <LongitudeDegrees>-70.3164400</LongitudeDegrees>
     </Position>
     <AltitudeMeters>1463.9700000000003</AltitudeMeters>
     <DistanceMeters>39257.35378514662</DistanceMeters>
    </Trackpoint>
    <Trackpoint>
     <Time>2026-07-19T01:26:03+00:00</Time>
     <Position>
      <LatitudeDegrees>-33.6340700</LatitudeDegrees>
      <LongitudeDegrees>-70.3159900</LongitudeDegrees>
     </Position>
     <AltitudeMeters>1467.45</AltitudeMeters>
     <DistanceMeters>39306.87405070937</DistanceMeters>
    </Trackpoint>
    <Trackpoint>
     <Time>2026-07-19T01:26:09+00:00</Time>
     <Position>
      <LatitudeDegrees>-33.6337800</LatitudeDegrees>
      <LongitudeDegrees>-70.3151800</LongitudeDegrees>
     </Position>
     <AltitudeMeters>1472.63</AltitudeMeters>
     <DistanceMeters>39388.577229670635</DistanceMeters>
    </Trackpoint>
    <Trackpoint>
     <Time>2026-07-19T01:26:14+00:00</Time>
     <Position>
      <LatitudeDegrees>-33.6336200</LatitudeDegrees>
      <LongitudeDegrees>-70.3146000</LongitudeDegrees>
     </Position>
     <AltitudeMeters>1476.5300000000002</AltitudeMeters>
     <DistanceMeters>39445.19574669035</DistanceMeters>
    </Trackpoint>
    <Trackpoint>
     <Time>2026-07-19T01:26:20+00:00</Time>
     <Position>
      <LatitudeDegrees>-33.6335300</LatitudeDegrees>
      <LongitudeDegrees>-70.3144700</LongitudeDegrees>
     </Position>
     <AltitudeMeters>1478.1000000000001</AltitudeMeters>
     <DistanceMeters>39460.862516144836</DistanceMeters>
    </Trackpoint>
    <Trackpoint>
     <Time>2026-07-19T01:26:26+00:00</Time>
     <Position>
      <LatitudeDegrees>-33.6330200</LatitudeDegrees>
      <LongitudeDegrees>-70.3138400</LongitudeDegrees>
     </Position>
     <AltitudeMeters>1483.5200000000002</AltitudeMeters>
     <DistanceMeters>39542.28653898197</DistanceMeters>
    </Trackpoint>
    <Trackpoint>
     <Time>2026-07-19T01:26:32+00:00</Time>
     <Position>
      <LatitudeDegrees>-33.6329300</LatitudeDegrees>
      <LongitudeDegrees>-70.3137000</LongitudeDegrees>
     </Position>
     <AltitudeMeters>1484.5100000000002</AltitudeMeters>
     <DistanceMeters>39558.67659968343</DistanceMeters>
    </Trackpoint>
    <Trackpoint>
     <Time>2026-07-19T01:26:37+00:00</Time>
     <Position>
      <LatitudeDegrees>-33.6328400</LatitudeDegrees>
      <LongitudeDegrees>-70.3134900</LongitudeDegrees>
     </Position>
     <AltitudeMeters>1486.4</AltitudeMeters>
     <DistanceMeters>39580.56293948437</DistanceMeters>
    </Trackpoint>
    <Trackpoint>
     <Time>2026-07-19T01:26:43+00:00</Time>
     <Position>
      <LatitudeDegrees>-33.6326400</LatitudeDegrees>
      <LongitudeDegrees>-70.3127300</LongitudeDegrees>
     </Position>
     <AltitudeMeters>1492.1000000000001</AltitudeMeters>
     <DistanceMeters>39654.42254303995</DistanceMeters>
    </Trackpoint>
    <Trackpoint>
     <Time>2026-07-19T01:26:49+00:00</Time>
     <Position>
      <LatitudeDegrees>-33.6323900</LatitudeDegrees>
      <LongitudeDegrees>-70.3119600</LongitudeDegrees>
     </Position>
     <AltitudeMeters>1496.39</AltitudeMeters>
     <DistanceMeters>39731.008103182576</DistanceMeters>
    </Trackpoint>
    <Trackpoint>
     <Time>2026-07-19T01:26:54+00:00</Time>
     <Position>
      <LatitudeDegrees>-33.6324100</LatitudeDegrees>
      <LongitudeDegrees>-70.3117800</LongitudeDegrees>
     </Position>
     <AltitudeMeters>1498.0800000000002</AltitudeMeters>
     <DistanceMeters>39747.835795832674</DistanceMeters>
    </Trackpoint>
    <Trackpoint>
     <Time>2026-07-19T01:27:00+00:00</Time>
     <Position>
      <LatitudeDegrees>-33.6324600</LatitudeDegrees>
      <LongitudeDegrees>-70.3116900</LongitudeDegrees>
     </Position>
     <AltitudeMeters>1498.0800000000002</AltitudeMeters>
     <DistanceMeters>39757.861807067726</DistanceMeters>
    </Trackpoint>
    <Trackpoint>
     <Time>2026-07-19T01:27:06+00:00</Time>
     <Position>
      <LatitudeDegrees>-33.6327000</LatitudeDegrees>
      <LongitudeDegrees>-70.3114400</LongitudeDegrees>
     </Position>
     <AltitudeMeters>1500.97</AltitudeMeters>
     <DistanceMeters>39793.21935876138</DistanceMeters>
    </Trackpoint>
    <Trackpoint>
     <Time>2026-07-19T01:27:12+00:00</Time>
     <Position>
      <LatitudeDegrees>-33.6327700</LatitudeDegrees>
      <LongitudeDegrees>-70.3113400</LongitudeDegrees>
     </Position>
     <AltitudeMeters>1502.66</AltitudeMeters>
     <DistanceMeters>39805.32570443871</DistanceMeters>
    </Trackpoint>
    <Trackpoint>
     <Time>2026-07-19T01:27:17+00:00</Time>
     <Position>
      <LatitudeDegrees>-33.6328400</LatitudeDegrees>
      <LongitudeDegrees>-70.3111700</LongitudeDegrees>
     </Position>
     <AltitudeMeters>1504.07</AltitudeMeters>
     <DistanceMeters>39822.899973314496</DistanceMeters>
    </Trackpoint>
    <Trackpoint>
     <Time>2026-07-19T01:27:23+00:00</Time>
     <Position>
      <LatitudeDegrees>-33.6328100</LatitudeDegrees>
      <LongitudeDegrees>-70.3111100</LongitudeDegrees>
     </Position>
     <AltitudeMeters>1504.51</AltitudeMeters>
     <DistanceMeters>39829.38539544568</DistanceMeters>
    </Trackpoint>
    <Trackpoint>
     <Time>2026-07-19T01:27:29+00:00</Time>
     <Position>
      <LatitudeDegrees>-33.6327700</LatitudeDegrees>
      <LongitudeDegrees>-70.3110700</LongitudeDegrees>
     </Position>
     <AltitudeMeters>1504.89</AltitudeMeters>
     <DistanceMeters>39835.17829882974</DistanceMeters>
    </Trackpoint>
    <Trackpoint>
     <Time>2026-07-19T01:27:34+00:00</Time>
     <Position>
      <LatitudeDegrees>-33.6327000</LatitudeDegrees>
      <LongitudeDegrees>-70.3111100</LongitudeDegrees>
     </Position>
     <AltitudeMeters>1505.5200000000002</AltitudeMeters>
     <DistanceMeters>39843.805810083395</DistanceMeters>
    </Trackpoint>
    <Trackpoint>
     <Time>2026-07-19T01:27:40+00:00</Time>
     <Position>
      <LatitudeDegrees>-33.6325700</LatitudeDegrees>
      <LongitudeDegrees>-70.3112500</LongitudeDegrees>
     </Position>
     <AltitudeMeters>1506.22</AltitudeMeters>
     <DistanceMeters>39863.23873645301</DistanceMeters>
    </Trackpoint>
    <Trackpoint>
     <Time>2026-07-19T01:27:46+00:00</Time>
     <Position>
      <LatitudeDegrees>-33.6322600</LatitudeDegrees>
      <LongitudeDegrees>-70.3114300</LongitudeDegrees>
     </Position>
     <AltitudeMeters>1507.92</AltitudeMeters>
     <DistanceMeters>39901.560806304544</DistanceMeters>
    </Trackpoint>
    <Trackpoint>
     <Time>2026-07-19T01:27:52+00:00</Time>
     <Position>
      <LatitudeDegrees>-33.6322100</LatitudeDegrees>
      <LongitudeDegrees>-70.3115200</LongitudeDegrees>
     </Position>
     <AltitudeMeters>1507.92</AltitudeMeters>
     <DistanceMeters>39911.586833648376</DistanceMeters>
    </Trackpoint>
    <Trackpoint>
     <Time>2026-07-19T01:27:57+00:00</Time>
     <Position>
      <LatitudeDegrees>-33.6320500</LatitudeDegrees>
      <LongitudeDegrees>-70.3119600</LongitudeDegrees>
     </Position>
     <AltitudeMeters>1510.79</AltitudeMeters>
     <DistanceMeters>39956.078860050664</DistanceMeters>
    </Trackpoint>
    <Trackpoint>
     <Time>2026-07-19T01:28:03+00:00</Time>
     <Position>
      <LatitudeDegrees>-33.6320800</LatitudeDegrees>
      <LongitudeDegrees>-70.3124600</LongitudeDegrees>
     </Position>
     <AltitudeMeters>1514.7</AltitudeMeters>
     <DistanceMeters>40002.53203413704</DistanceMeters>
    </Trackpoint>
    <Trackpoint>
     <Time>2026-07-19T01:28:09+00:00</Time>
     <Position>
      <LatitudeDegrees>-33.6320500</LatitudeDegrees>
      <LongitudeDegrees>-70.3125900</LongitudeDegrees>
     </Position>
     <AltitudeMeters>1515.48</AltitudeMeters>
     <DistanceMeters>40015.032766513825</DistanceMeters>
    </Trackpoint>
    <Trackpoint>
     <Time>2026-07-19T01:28:15+00:00</Time>
     <Position>
      <LatitudeDegrees>-33.6319900</LatitudeDegrees>
      <LongitudeDegrees>-70.3127200</LongitudeDegrees>
     </Position>
     <AltitudeMeters>1516.17</AltitudeMeters>
     <DistanceMeters>40028.80638723952</DistanceMeters>
    </Trackpoint>
    <Trackpoint>
     <Time>2026-07-19T01:28:20+00:00</Time>
     <Position>
      <LatitudeDegrees>-33.6319000</LatitudeDegrees>
      <LongitudeDegrees>-70.3127800</LongitudeDegrees>
     </Position>
     <AltitudeMeters>1517.14</AltitudeMeters>
     <DistanceMeters>40040.262642097805</DistanceMeters>
    </Trackpoint>
    <Trackpoint>
     <Time>2026-07-19T01:28:26+00:00</Time>
     <Position>
      <LatitudeDegrees>-33.6317900</LatitudeDegrees>
      <LongitudeDegrees>-70.3128100</LongitudeDegrees>
     </Position>
     <AltitudeMeters>1517.8200000000002</AltitudeMeters>
     <DistanceMeters>40052.81683458581</DistanceMeters>
    </Trackpoint>
    <Trackpoint>
     <Time>2026-07-19T01:28:32+00:00</Time>
     <Position>
      <LatitudeDegrees>-33.6316100</LatitudeDegrees>
      <LongitudeDegrees>-70.3128100</LongitudeDegrees>
     </Position>
     <AltitudeMeters>1518.92</AltitudeMeters>
     <DistanceMeters>40072.85005688519</DistanceMeters>
    </Trackpoint>
    <Trackpoint>
     <Time>2026-07-19T01:28:37+00:00</Time>
     <Position>
      <LatitudeDegrees>-33.6314300</LatitudeDegrees>
      <LongitudeDegrees>-70.3127800</LongitudeDegrees>
     </Position>
     <AltitudeMeters>1521.3500000000001</AltitudeMeters>
     <DistanceMeters>40093.07524887619</DistanceMeters>
    </Trackpoint>
    <Trackpoint>
     <Time>2026-07-19T01:28:43+00:00</Time>
     <Position>
      <LatitudeDegrees>-33.6312500</LatitudeDegrees>
      <LongitudeDegrees>-70.3127200</LongitudeDegrees>
     </Position>
     <AltitudeMeters>1522.2300000000002</AltitudeMeters>
     <DistanceMeters>40113.86572040571</DistanceMeters>
    </Trackpoint>
    <Trackpoint>
     <Time>2026-07-19T01:28:49+00:00</Time>
     <Position>
      <LatitudeDegrees>-33.6311400</LatitudeDegrees>
      <LongitudeDegrees>-70.3126400</LongitudeDegrees>
     </Position>
     <AltitudeMeters>1524.64</AltitudeMeters>
     <DistanceMeters>40128.17785878344</DistanceMeters>
    </Trackpoint>
    <Trackpoint>
     <Time>2026-07-19T01:28:55+00:00</Time>
     <Position>
      <LatitudeDegrees>-33.6310200</LatitudeDegrees>
      <LongitudeDegrees>-70.3125500</LongitudeDegrees>
     </Position>
     <AltitudeMeters>1525.5700000000002</AltitudeMeters>
     <DistanceMeters>40143.92349805315</DistanceMeters>
    </Trackpoint>
    <Trackpoint>
     <Time>2026-07-19T01:29:00+00:00</Time>
     <Position>
      <LatitudeDegrees>-33.6307300</LatitudeDegrees>
      <LongitudeDegrees>-70.3120100</LongitudeDegrees>
     </Position>
     <AltitudeMeters>1529.8500000000001</AltitudeMeters>
     <DistanceMeters>40203.46979475451</DistanceMeters>
    </Trackpoint>
    <Trackpoint>
     <Time>2026-07-19T01:29:06+00:00</Time>
     <Position>
      <LatitudeDegrees>-33.6306700</LatitudeDegrees>
      <LongitudeDegrees>-70.3119600</LongitudeDegrees>
     </Position>
     <AltitudeMeters>1530.75</AltitudeMeters>
     <DistanceMeters>40211.59754939079</DistanceMeters>
    </Trackpoint>
    <Trackpoint>
     <Time>2026-07-19T01:29:12+00:00</Time>
     <Position>
      <LatitudeDegrees>-33.6305800</LatitudeDegrees>
      <LongitudeDegrees>-70.3119200</LongitudeDegrees>
     </Position>
     <AltitudeMeters>1531.38</AltitudeMeters>
     <DistanceMeters>40222.27800602935</DistanceMeters>
    </Trackpoint>
    <Trackpoint>
     <Time>2026-07-19T01:29:17+00:00</Time>
     <Position>
      <LatitudeDegrees>-33.6302900</LatitudeDegrees>
      <LongitudeDegrees>-70.3119200</LongitudeDegrees>
     </Position>
     <AltitudeMeters>1533.2500000000002</AltitudeMeters>
     <DistanceMeters>40254.55375306716</DistanceMeters>
    </Trackpoint>
    <Trackpoint>
     <Time>2026-07-19T01:29:23+00:00</Time>
     <Position>
      <LatitudeDegrees>-33.6299300</LatitudeDegrees>
      <LongitudeDegrees>-70.3118200</LongitudeDegrees>
     </Position>
     <AltitudeMeters>1538.3000000000002</AltitudeMeters>
     <DistanceMeters>40295.67788046075</DistanceMeters>
    </Trackpoint>
    <Trackpoint>
     <Time>2026-07-19T01:29:29+00:00</Time>
     <Position>
      <LatitudeDegrees>-33.6297500</LatitudeDegrees>
      <LongitudeDegrees>-70.3117400</LongitudeDegrees>
     </Position>
     <AltitudeMeters>1539.1100000000001</AltitudeMeters>
     <DistanceMeters>40317.03881718562</DistanceMeters>
    </Trackpoint>
    <Trackpoint>
     <Time>2026-07-19T01:29:35+00:00</Time>
     <Position>
      <LatitudeDegrees>-33.6295500</LatitudeDegrees>
      <LongitudeDegrees>-70.3115200</LongitudeDegrees>
     </Position>
     <AltitudeMeters>1541.16</AltitudeMeters>
     <DistanceMeters>40347.22330170631</DistanceMeters>
    </Trackpoint>
    <Trackpoint>
     <Time>2026-07-19T01:29:40+00:00</Time>
     <Position>
      <LatitudeDegrees>-33.6292800</LatitudeDegrees>
      <LongitudeDegrees>-70.3113900</LongitudeDegrees>
     </Position>
     <AltitudeMeters>1543.4500000000003</AltitudeMeters>
     <DistanceMeters>40379.5980090311</DistanceMeters>
    </Trackpoint>
    <Trackpoint>
     <Time>2026-07-19T01:29:46+00:00</Time>
     <Position>
      <LatitudeDegrees>-33.6292300</LatitudeDegrees>
      <LongitudeDegrees>-70.3113400</LongitudeDegrees>
     </Position>
     <AltitudeMeters>1545.15</AltitudeMeters>
     <DistanceMeters>40386.839259932756</DistanceMeters>
    </Trackpoint>
    <Trackpoint>
     <Time>2026-07-19T01:29:52+00:00</Time>
     <Position>
      <LatitudeDegrees>-33.6292600</LatitudeDegrees>
      <LongitudeDegrees>-70.3111600</LongitudeDegrees>
     </Position>
     <AltitudeMeters>1546.6200000000001</AltitudeMeters>
     <DistanceMeters>40403.8505792756</DistanceMeters>
    </Trackpoint>
    <Trackpoint>
     <Time>2026-07-19T01:29:57+00:00</Time>
     <Position>
      <LatitudeDegrees>-33.6294100</LatitudeDegrees>
      <LongitudeDegrees>-70.3111100</LongitudeDegrees>
     </Position>
     <AltitudeMeters>1547.9900000000002</AltitudeMeters>
     <DistanceMeters>40421.17600105915</DistanceMeters>
    </Trackpoint>
    <Trackpoint>
     <Time>2026-07-19T01:30:03+00:00</Time>
     <Position>
      <LatitudeDegrees>-33.6295500</LatitudeDegrees>
      <LongitudeDegrees>-70.3111600</LongitudeDegrees>
     </Position>
     <AltitudeMeters>1548.69</AltitudeMeters>
     <DistanceMeters>40437.43172791943</DistanceMeters>
    </Trackpoint>
    <Trackpoint>
     <Time>2026-07-19T01:30:09+00:00</Time>
     <Position>
      <LatitudeDegrees>-33.6297700</LatitudeDegrees>
      <LongitudeDegrees>-70.3113800</LongitudeDegrees>
     </Position>
     <AltitudeMeters>1550.4700000000003</AltitudeMeters>
     <DistanceMeters>40469.29317055275</DistanceMeters>
    </Trackpoint>
    <Trackpoint>
     <Time>2026-07-19T01:30:15+00:00</Time>
     <Position>
      <LatitudeDegrees>-33.6300600</LatitudeDegrees>
      <LongitudeDegrees>-70.3114300</LongitudeDegrees>
     </Position>
     <AltitudeMeters>1551.7200000000003</AltitudeMeters>
     <DistanceMeters>40501.89980196155</DistanceMeters>
    </Trackpoint>
    <Trackpoint>
     <Time>2026-07-19T01:30:20+00:00</Time>
     <Position>
      <LatitudeDegrees>-33.6302000</LatitudeDegrees>
      <LongitudeDegrees>-70.3113900</LongitudeDegrees>
     </Position>
     <AltitudeMeters>1552.3300000000002</AltitudeMeters>
     <DistanceMeters>40517.91603394485</DistanceMeters>
    </Trackpoint>
    <Trackpoint>
     <Time>2026-07-19T01:30:26+00:00</Time>
     <Position>
      <LatitudeDegrees>-33.6305300</LatitudeDegrees>
      <LongitudeDegrees>-70.3111700</LongitudeDegrees>
     </Position>
     <AltitudeMeters>1555.13</AltitudeMeters>
     <DistanceMeters>40559.92248324889</DistanceMeters>
    </Trackpoint>
    <Trackpoint>
     <Time>2026-07-19T01:30:32+00:00</Time>
     <Position>
      <LatitudeDegrees>-33.6307600</LatitudeDegrees>
      <LongitudeDegrees>-70.3110700</LongitudeDegrees>
     </Position>
     <AltitudeMeters>1557.6200000000001</AltitudeMeters>
     <DistanceMeters>40587.14619955457</DistanceMeters>
    </Trackpoint>
    <Trackpoint>
     <Time>2026-07-19T01:30:38+00:00</Time>
     <Position>
      <LatitudeDegrees>-33.6308700</LatitudeDegrees>
      <LongitudeDegrees>-70.3109800</LongitudeDegrees>
     </Position>
     <AltitudeMeters>1558.38</AltitudeMeters>
     <DistanceMeters>40601.95957557032</DistanceMeters>
    </Trackpoint>
    <Trackpoint>
     <Time>2026-07-19T01:30:43+00:00</Time>
     <Position>
      <LatitudeDegrees>-33.6308700</LatitudeDegrees>
      <LongitudeDegrees>-70.3108900</LongitudeDegrees>
     </Position>
     <AltitudeMeters>1559.46</AltitudeMeters>
     <DistanceMeters>40610.29963601292</DistanceMeters>
    </Trackpoint>
    <Trackpoint>
     <Time>2026-07-19T01:30:49+00:00</Time>
     <Position>
      <LatitudeDegrees>-33.6308200</LatitudeDegrees>
      <LongitudeDegrees>-70.3102200</LongitudeDegrees>
     </Position>
     <AltitudeMeters>1563.7800000000002</AltitudeMeters>
     <DistanceMeters>40672.63565376726</DistanceMeters>
    </Trackpoint>
    <Trackpoint>
     <Time>2026-07-19T01:30:55+00:00</Time>
     <Position>
      <LatitudeDegrees>-33.6309800</LatitudeDegrees>
      <LongitudeDegrees>-70.3097200</LongitudeDegrees>
     </Position>
     <AltitudeMeters>1568.63</AltitudeMeters>
     <DistanceMeters>40722.273418047735</DistanceMeters>
    </Trackpoint>
    <Trackpoint>
     <Time>2026-07-19T01:31:00+00:00</Time>
     <Position>
      <LatitudeDegrees>-33.6309800</LatitudeDegrees>
      <LongitudeDegrees>-70.3096400</LongitudeDegrees>
     </Position>
     <AltitudeMeters>1568.63</AltitudeMeters>
     <DistanceMeters>40729.68679564029</DistanceMeters>
    </Trackpoint>
    <Trackpoint>
     <Time>2026-07-19T01:31:06+00:00</Time>
     <Position>
      <LatitudeDegrees>-33.6309100</LatitudeDegrees>
      <LongitudeDegrees>-70.3094600</LongitudeDegrees>
     </Position>
     <AltitudeMeters>1569.44</AltitudeMeters>
     <DistanceMeters>40748.09660054748</DistanceMeters>
    </Trackpoint>
    <Trackpoint>
     <Time>2026-07-19T01:31:12+00:00</Time>
     <Position>
      <LatitudeDegrees>-33.6308000</LatitudeDegrees>
      <LongitudeDegrees>-70.3093300</LongitudeDegrees>
     </Position>
     <AltitudeMeters>1571.26</AltitudeMeters>
     <DistanceMeters>40765.27227357037</DistanceMeters>
    </Trackpoint>
    <Trackpoint>
     <Time>2026-07-19T01:31:18+00:00</Time>
     <Position>
      <LatitudeDegrees>-33.6304000</LatitudeDegrees>
      <LongitudeDegrees>-70.3090500</LongitudeDegrees>
     </Position>
     <AltitudeMeters>1575.0900000000001</AltitudeMeters>
     <DistanceMeters>40816.80013022995</DistanceMeters>
    </Trackpoint>
    <Trackpoint>
     <Time>2026-07-19T01:31:23+00:00</Time>
     <Position>
      <LatitudeDegrees>-33.6303100</LatitudeDegrees>
      <LongitudeDegrees>-70.3089300</LongitudeDegrees>
     </Position>
     <AltitudeMeters>1576.5000000000002</AltitudeMeters>
     <DistanceMeters>40831.76643137266</DistanceMeters>
    </Trackpoint>
    <Trackpoint>
     <Time>2026-07-19T01:31:29+00:00</Time>
     <Position>
      <LatitudeDegrees>-33.6302900</LatitudeDegrees>
      <LongitudeDegrees>-70.3088700</LongitudeDegrees>
     </Position>
     <AltitudeMeters>1577.2800000000002</AltitudeMeters>
     <DistanceMeters>40837.75551715703</DistanceMeters>
    </Trackpoint>
    <Trackpoint>
     <Time>2026-07-19T01:31:35+00:00</Time>
     <Position>
      <LatitudeDegrees>-33.6301700</LatitudeDegrees>
      <LongitudeDegrees>-70.3084300</LongitudeDegrees>
     </Position>
     <AltitudeMeters>1580.98</AltitudeMeters>
     <DistanceMeters>40880.661022627755</DistanceMeters>
    </Trackpoint>
    <Trackpoint>
     <Time>2026-07-19T01:31:40+00:00</Time>
     <Position>
      <LatitudeDegrees>-33.6301300</LatitudeDegrees>
      <LongitudeDegrees>-70.3083800</LongitudeDegrees>
     </Position>
     <AltitudeMeters>1580.98</AltitudeMeters>
     <DistanceMeters>40887.08653529683</DistanceMeters>
    </Trackpoint>
    <Trackpoint>
     <Time>2026-07-19T01:31:46+00:00</Time>
     <Position>
      <LatitudeDegrees>-33.6300200</LatitudeDegrees>
      <LongitudeDegrees>-70.3083400</LongitudeDegrees>
     </Position>
     <AltitudeMeters>1582.3600000000001</AltitudeMeters>
     <DistanceMeters>40899.87790905082</DistanceMeters>
    </Trackpoint>
    <Trackpoint>
     <Time>2026-07-19T01:31:52+00:00</Time>
     <Position>
      <LatitudeDegrees>-33.6297700</LatitudeDegrees>
      <LongitudeDegrees>-70.3086500</LongitudeDegrees>
     </Position>
     <AltitudeMeters>1585.5700000000002</AltitudeMeters>
     <DistanceMeters>40939.8706901171</DistanceMeters>
    </Trackpoint>
    <Trackpoint>
     <Time>2026-07-19T01:31:58+00:00</Time>
     <Position>
      <LatitudeDegrees>-33.6295700</LatitudeDegrees>
      <LongitudeDegrees>-70.3087900</LongitudeDegrees>
     </Position>
     <AltitudeMeters>1587.3000000000002</AltitudeMeters>
     <DistanceMeters>40965.63468897928</DistanceMeters>
    </Trackpoint>
    <Trackpoint>
     <Time>2026-07-19T01:32:03+00:00</Time>
     <Position>
      <LatitudeDegrees>-33.6294300</LatitudeDegrees>
      <LongitudeDegrees>-70.3088300</LongitudeDegrees>
     </Position>
     <AltitudeMeters>1588.33</AltitudeMeters>
     <DistanceMeters>40981.6509272368</DistanceMeters>
    </Trackpoint>
    <Trackpoint>
     <Time>2026-07-19T01:32:09+00:00</Time>
     <Position>
      <LatitudeDegrees>-33.6292100</LatitudeDegrees>
      <LongitudeDegrees>-70.3088300</LongitudeDegrees>
     </Position>
     <AltitudeMeters>1589.9</AltitudeMeters>
     <DistanceMeters>41006.135976713646</DistanceMeters>
    </Trackpoint>
    <Trackpoint>
     <Time>2026-07-19T01:32:15+00:00</Time>
     <Position>
      <LatitudeDegrees>-33.6287900</LatitudeDegrees>
      <LongitudeDegrees>-70.3085200</LongitudeDegrees>
     </Position>
     <AltitudeMeters>1594.67</AltitudeMeters>
     <DistanceMeters>41061.002068567126</DistanceMeters>
    </Trackpoint>
    <Trackpoint>
     <Time>2026-07-19T01:32:21+00:00</Time>
     <Position>
      <LatitudeDegrees>-33.6286700</LatitudeDegrees>
      <LongitudeDegrees>-70.3084700</LongitudeDegrees>
     </Position>
     <AltitudeMeters>1595.5</AltitudeMeters>
     <DistanceMeters>41075.1384769736</DistanceMeters>
    </Trackpoint>
    <Trackpoint>
     <Time>2026-07-19T01:32:26+00:00</Time>
     <Position>
      <LatitudeDegrees>-33.6285500</LatitudeDegrees>
      <LongitudeDegrees>-70.3084700</LongitudeDegrees>
     </Position>
     <AltitudeMeters>1597.01</AltitudeMeters>
     <DistanceMeters>41088.493958506</DistanceMeters>
    </Trackpoint>
    <Trackpoint>
     <Time>2026-07-19T01:32:32+00:00</Time>
     <Position>
      <LatitudeDegrees>-33.6284700</LatitudeDegrees>
      <LongitudeDegrees>-70.3084800</LongitudeDegrees>
     </Position>
     <AltitudeMeters>1597.01</AltitudeMeters>
     <DistanceMeters>41097.445708697946</DistanceMeters>
    </Trackpoint>
    <Trackpoint>
     <Time>2026-07-19T01:32:38+00:00</Time>
     <Position>
      <LatitudeDegrees>-33.6278900</LatitudeDegrees>
      <LongitudeDegrees>-70.3087800</LongitudeDegrees>
     </Position>
     <AltitudeMeters>1601.52</AltitudeMeters>
     <DistanceMeters>41167.72938290528</DistanceMeters>
    </Trackpoint>
    <Trackpoint>
     <Time>2026-07-19T01:32:43+00:00</Time>
     <Position>
      <LatitudeDegrees>-33.6277600</LatitudeDegrees>
      <LongitudeDegrees>-70.3089300</LongitudeDegrees>
     </Position>
     <AltitudeMeters>1603.79</AltitudeMeters>
     <DistanceMeters>41187.7933348678</DistanceMeters>
    </Trackpoint>
    <Trackpoint>
     <Time>2026-07-19T01:32:49+00:00</Time>
     <Position>
      <LatitudeDegrees>-33.6276900</LatitudeDegrees>
      <LongitudeDegrees>-70.3090500</LongitudeDegrees>
     </Position>
     <AltitudeMeters>1604.4900000000002</AltitudeMeters>
     <DistanceMeters>41201.3712651386</DistanceMeters>
    </Trackpoint>
    <Trackpoint>
     <Time>2026-07-19T01:32:55+00:00</Time>
     <Position>
      <LatitudeDegrees>-33.6276700</LatitudeDegrees>
      <LongitudeDegrees>-70.3092000</LongitudeDegrees>
     </Position>
     <AltitudeMeters>1604.4900000000002</AltitudeMeters>
     <DistanceMeters>41215.44897100649</DistanceMeters>
    </Trackpoint>
    <Trackpoint>
     <Time>2026-07-19T01:33:01+00:00</Time>
     <Position>
      <LatitudeDegrees>-33.6276400</LatitudeDegrees>
      <LongitudeDegrees>-70.3099000</LongitudeDegrees>
     </Position>
     <AltitudeMeters>1609.67</AltitudeMeters>
     <DistanceMeters>41280.40439869184</DistanceMeters>
    </Trackpoint>
    <Trackpoint>
     <Time>2026-07-19T01:33:06+00:00</Time>
     <Position>
      <LatitudeDegrees>-33.6276200</LatitudeDegrees>
      <LongitudeDegrees>-70.3100300</LongitudeDegrees>
     </Position>
     <AltitudeMeters>1611.5300000000002</AltitudeMeters>
     <DistanceMeters>41292.655516599465</DistanceMeters>
    </Trackpoint>
    <Trackpoint>
     <Time>2026-07-19T01:33:12+00:00</Time>
     <Position>
      <LatitudeDegrees>-33.6275300</LatitudeDegrees>
      <LongitudeDegrees>-70.3101300</LongitudeDegrees>
     </Position>
     <AltitudeMeters>1612.77</AltitudeMeters>
     <DistanceMeters>41306.30144728719</DistanceMeters>
    </Trackpoint>
    <Trackpoint>
     <Time>2026-07-19T01:33:18+00:00</Time>
     <Position>
      <LatitudeDegrees>-33.6274400</LatitudeDegrees>
      <LongitudeDegrees>-70.3101700</LongitudeDegrees>
     </Position>
     <AltitudeMeters>1613.46</AltitudeMeters>
     <DistanceMeters>41316.98195081942</DistanceMeters>
    </Trackpoint>
    <Trackpoint>
     <Time>2026-07-19T01:33:23+00:00</Time>
     <Position>
      <LatitudeDegrees>-33.6273100</LatitudeDegrees>
      <LongitudeDegrees>-70.3101700</LongitudeDegrees>
     </Position>
     <AltitudeMeters>1615.01</AltitudeMeters>
     <DistanceMeters>41331.45038914657</DistanceMeters>
    </Trackpoint>
    <Trackpoint>
     <Time>2026-07-19T01:33:29+00:00</Time>
     <Position>
      <LatitudeDegrees>-33.6270600</LatitudeDegrees>
      <LongitudeDegrees>-70.3101200</LongitudeDegrees>
     </Position>
     <AltitudeMeters>1615.7</AltitudeMeters>
     <DistanceMeters>41359.65748829082</DistanceMeters>
    </Trackpoint>
    <Trackpoint>
     <Time>2026-07-19T01:33:35+00:00</Time>
     <Position>
      <LatitudeDegrees>-33.6266800</LatitudeDegrees>
      <LongitudeDegrees>-70.3099900</LongitudeDegrees>
     </Position>
     <AltitudeMeters>1618.48</AltitudeMeters>
     <DistanceMeters>41403.6322687966</DistanceMeters>
    </Trackpoint>
    <Trackpoint>
     <Time>2026-07-19T01:33:41+00:00</Time>
     <Position>
      <LatitudeDegrees>-33.6265200</LatitudeDegrees>
      <LongitudeDegrees>-70.3099600</LongitudeDegrees>
     </Position>
     <AltitudeMeters>1620.33</AltitudeMeters>
     <DistanceMeters>41421.65529633792</DistanceMeters>
    </Trackpoint>
    <Trackpoint>
     <Time>2026-07-19T01:33:46+00:00</Time>
     <Position>
      <LatitudeDegrees>-33.6260800</LatitudeDegrees>
      <LongitudeDegrees>-70.3100400</LongitudeDegrees>
     </Position>
     <AltitudeMeters>1625.13</AltitudeMeters>
     <DistanceMeters>41471.18341694338</DistanceMeters>
    </Trackpoint>
    <Trackpoint>
     <Time>2026-07-19T01:33:52+00:00</Time>
     <Position>
      <LatitudeDegrees>-33.6259400</LatitudeDegrees>
      <LongitudeDegrees>-70.3100000</LongitudeDegrees>
     </Position>
     <AltitudeMeters>1626.71</AltitudeMeters>
     <DistanceMeters>41487.19968995704</DistanceMeters>
    </Trackpoint>
    <Trackpoint>
     <Time>2026-07-19T01:33:58+00:00</Time>
     <Position>
      <LatitudeDegrees>-33.6258500</LatitudeDegrees>
      <LongitudeDegrees>-70.3099500</LongitudeDegrees>
     </Position>
     <AltitudeMeters>1626.71</AltitudeMeters>
     <DistanceMeters>41498.236132665515</DistanceMeters>
    </Trackpoint>
    <Trackpoint>
     <Time>2026-07-19T01:34:03+00:00</Time>
     <Position>
      <LatitudeDegrees>-33.6258100</LatitudeDegrees>
      <LongitudeDegrees>-70.3098800</LongitudeDegrees>
     </Position>
     <AltitudeMeters>1626.71</AltitudeMeters>
     <DistanceMeters>41506.10386063649</DistanceMeters>
    </Trackpoint>
    <Trackpoint>
     <Time>2026-07-19T01:34:09+00:00</Time>
     <Position>
      <LatitudeDegrees>-33.6258100</LatitudeDegrees>
      <LongitudeDegrees>-70.3098900</LongitudeDegrees>
     </Position>
     <AltitudeMeters>1626.71</AltitudeMeters>
     <DistanceMeters>41506.10386063649</DistanceMeters>
    </Trackpoint>
    <Trackpoint>
     <Time>2026-07-19T01:34:15+00:00</Time>
     <Position>
      <LatitudeDegrees>-33.6257900</LatitudeDegrees>
      <LongitudeDegrees>-70.3098100</LongitudeDegrees>
     </Position>
     <AltitudeMeters>1628.0700000000002</AltitudeMeters>
     <DistanceMeters>41513.844627296974</DistanceMeters>
    </Trackpoint>
    <Trackpoint>
     <Time>2026-07-19T01:34:21+00:00</Time>
     <Position>
      <LatitudeDegrees>-33.6257900</LatitudeDegrees>
      <LongitudeDegrees>-70.3095900</LongitudeDegrees>
     </Position>
     <AltitudeMeters>1629.3000000000002</AltitudeMeters>
     <DistanceMeters>41534.232643969925</DistanceMeters>
    </Trackpoint>
    <Trackpoint>
     <Time>2026-07-19T01:34:26+00:00</Time>
     <Position>
      <LatitudeDegrees>-33.6259000</LatitudeDegrees>
      <LongitudeDegrees>-70.3094500</LongitudeDegrees>
     </Position>
     <AltitudeMeters>1630.1100000000001</AltitudeMeters>
     <DistanceMeters>41552.071053825755</DistanceMeters>
    </Trackpoint>
    <Trackpoint>
     <Time>2026-07-19T01:34:32+00:00</Time>
     <Position>
      <LatitudeDegrees>-33.6259900</LatitudeDegrees>
      <LongitudeDegrees>-70.3093700</LongitudeDegrees>
     </Position>
     <AltitudeMeters>1630.45</AltitudeMeters>
     <DistanceMeters>41564.53287917737</DistanceMeters>
    </Trackpoint>
    <Trackpoint>
     <Time>2026-07-19T01:34:38+00:00</Time>
     <Position>
      <LatitudeDegrees>-33.6261000</LatitudeDegrees>
      <LongitudeDegrees>-70.3093200</LongitudeDegrees>
     </Position>
     <AltitudeMeters>1630.97</AltitudeMeters>
     <DistanceMeters>41577.62294815884</DistanceMeters>
    </Trackpoint>
    <Trackpoint>
     <Time>2026-07-19T01:34:44+00:00</Time>
     <Position>
      <LatitudeDegrees>-33.6264100</LatitudeDegrees>
      <LongitudeDegrees>-70.3092300</LongitudeDegrees>
     </Position>
     <AltitudeMeters>1632.45</AltitudeMeters>
     <DistanceMeters>41613.118421776024</DistanceMeters>
    </Trackpoint>
    <Trackpoint>
     <Time>2026-07-19T01:34:49+00:00</Time>
     <Position>
      <LatitudeDegrees>-33.6265200</LatitudeDegrees>
      <LongitudeDegrees>-70.3091100</LongitudeDegrees>
     </Position>
     <AltitudeMeters>1633.6100000000001</AltitudeMeters>
     <DistanceMeters>41629.65771593876</DistanceMeters>
    </Trackpoint>
    <Trackpoint>
     <Time>2026-07-19T01:34:55+00:00</Time>
     <Position>
      <LatitudeDegrees>-33.6265500</LatitudeDegrees>
      <LongitudeDegrees>-70.3090500</LongitudeDegrees>
     </Position>
     <AltitudeMeters>1634.33</AltitudeMeters>
     <DistanceMeters>41636.143486136694</DistanceMeters>
    </Trackpoint>
    <Trackpoint>
     <Time>2026-07-19T01:35:01+00:00</Time>
     <Position>
      <LatitudeDegrees>-33.6265500</LatitudeDegrees>
      <LongitudeDegrees>-70.3089600</LongitudeDegrees>
     </Position>
     <AltitudeMeters>1634.9600000000003</AltitudeMeters>
     <DistanceMeters>41644.48396483494</DistanceMeters>
    </Trackpoint>
    <Trackpoint>
     <Time>2026-07-19T01:35:06+00:00</Time>
     <Position>
      <LatitudeDegrees>-33.6264600</LatitudeDegrees>
      <LongitudeDegrees>-70.3084700</LongitudeDegrees>
     </Position>
     <AltitudeMeters>1639.0800000000002</AltitudeMeters>
     <DistanceMeters>41690.98489729344</DistanceMeters>
    </Trackpoint>
    <Trackpoint>
     <Time>2026-07-19T01:35:12+00:00</Time>
     <Position>
      <LatitudeDegrees>-33.6264800</LatitudeDegrees>
      <LongitudeDegrees>-70.3082500</LongitudeDegrees>
     </Position>
     <AltitudeMeters>1639.79</AltitudeMeters>
     <DistanceMeters>41711.493903934206</DistanceMeters>
    </Trackpoint>
    <Trackpoint>
     <Time>2026-07-19T01:35:18+00:00</Time>
     <Position>
      <LatitudeDegrees>-33.6265000</LatitudeDegrees>
      <LongitudeDegrees>-70.3081700</LongitudeDegrees>
     </Position>
     <AltitudeMeters>1639.79</AltitudeMeters>
     <DistanceMeters>41719.2346137234</DistanceMeters>
    </Trackpoint>
    <Trackpoint>
     <Time>2026-07-19T01:35:24+00:00</Time>
     <Position>
      <LatitudeDegrees>-33.6266400</LatitudeDegrees>
      <LongitudeDegrees>-70.3080700</LongitudeDegrees>
     </Position>
     <AltitudeMeters>1641.07</AltitudeMeters>
     <DistanceMeters>41737.36361819435</DistanceMeters>
    </Trackpoint>
    <Trackpoint>
     <Time>2026-07-19T01:35:29+00:00</Time>
     <Position>
      <LatitudeDegrees>-33.6267500</LatitudeDegrees>
      <LongitudeDegrees>-70.3079700</LongitudeDegrees>
     </Position>
     <AltitudeMeters>1642.43</AltitudeMeters>
     <DistanceMeters>41752.7180993608</DistanceMeters>
    </Trackpoint>
    <Trackpoint>
     <Time>2026-07-19T01:35:35+00:00</Time>
     <Position>
      <LatitudeDegrees>-33.6270200</LatitudeDegrees>
      <LongitudeDegrees>-70.3072200</LongitudeDegrees>
     </Position>
     <AltitudeMeters>1645.8100000000002</AltitudeMeters>
     <DistanceMeters>41828.43969092347</DistanceMeters>
    </Trackpoint>
    <Trackpoint>
     <Time>2026-07-19T01:35:41+00:00</Time>
     <Position>
      <LatitudeDegrees>-33.6271500</LatitudeDegrees>
      <LongitudeDegrees>-70.3063700</LongitudeDegrees>
     </Position>
     <AltitudeMeters>1652.8300000000002</AltitudeMeters>
     <DistanceMeters>41908.52813362392</DistanceMeters>
    </Trackpoint>
    <Trackpoint>
     <Time>2026-07-19T01:35:46+00:00</Time>
     <Position>
      <LatitudeDegrees>-33.6271500</LatitudeDegrees>
      <LongitudeDegrees>-70.3059100</LongitudeDegrees>
     </Position>
     <AltitudeMeters>1657.49</AltitudeMeters>
     <DistanceMeters>41951.156950074124</DistanceMeters>
    </Trackpoint>
    <Trackpoint>
     <Time>2026-07-19T01:35:52+00:00</Time>
     <Position>
      <LatitudeDegrees>-33.6271100</LatitudeDegrees>
      <LongitudeDegrees>-70.3057400</LongitudeDegrees>
     </Position>
     <AltitudeMeters>1658.8500000000001</AltitudeMeters>
     <DistanceMeters>41967.528004524735</DistanceMeters>
    </Trackpoint>
    <Trackpoint>
     <Time>2026-07-19T01:35:58+00:00</Time>
     <Position>
      <LatitudeDegrees>-33.6270400</LatitudeDegrees>
      <LongitudeDegrees>-70.3055700</LongitudeDegrees>
     </Position>
     <AltitudeMeters>1659.61</AltitudeMeters>
     <DistanceMeters>41985.10321274427</DistanceMeters>
    </Trackpoint>
    <Trackpoint>
     <Time>2026-07-19T01:36:04+00:00</Time>
     <Position>
      <LatitudeDegrees>-33.6270400</LatitudeDegrees>
      <LongitudeDegrees>-70.3054400</LongitudeDegrees>
     </Position>
     <AltitudeMeters>1661.3000000000002</AltitudeMeters>
     <DistanceMeters>41997.15050234132</DistanceMeters>
    </Trackpoint>
    <Trackpoint>
     <Time>2026-07-19T01:36:09+00:00</Time>
     <Position>
      <LatitudeDegrees>-33.6270600</LatitudeDegrees>
      <LongitudeDegrees>-70.3053500</LongitudeDegrees>
     </Position>
     <AltitudeMeters>1661.3000000000002</AltitudeMeters>
     <DistanceMeters>42005.78285247041</DistanceMeters>
    </Trackpoint>
    <Trackpoint>
     <Time>2026-07-19T01:36:15+00:00</Time>
     <Position>
      <LatitudeDegrees>-33.6272400</LatitudeDegrees>
      <LongitudeDegrees>-70.3050700</LongitudeDegrees>
     </Position>
     <AltitudeMeters>1663.8799999999999</AltitudeMeters>
     <DistanceMeters>42038.564362721</DistanceMeters>
    </Trackpoint>
    <Trackpoint>
     <Time>2026-07-19T01:36:21+00:00</Time>
     <Position>
      <LatitudeDegrees>-33.6272200</LatitudeDegrees>
      <LongitudeDegrees>-70.3049400</LongitudeDegrees>
     </Position>
     <AltitudeMeters>1665.4700000000003</AltitudeMeters>
     <DistanceMeters>42050.815535633956</DistanceMeters>
    </Trackpoint>
    <Trackpoint>
     <Time>2026-07-19T01:36:26+00:00</Time>
     <Position>
      <LatitudeDegrees>-33.6271700</LatitudeDegrees>
      <LongitudeDegrees>-70.3049000</LongitudeDegrees>
     </Position>
     <AltitudeMeters>1666.4500000000003</AltitudeMeters>
     <DistanceMeters>42057.50190759087</DistanceMeters>
    </Trackpoint>
    <Trackpoint>
     <Time>2026-07-19T01:36:32+00:00</Time>
     <Position>
      <LatitudeDegrees>-33.6270500</LatitudeDegrees>
      <LongitudeDegrees>-70.3049400</LongitudeDegrees>
     </Position>
     <AltitudeMeters>1667.3300000000002</AltitudeMeters>
     <DistanceMeters>42071.362270622405</DistanceMeters>
    </Trackpoint>
    <Trackpoint>
     <Time>2026-07-19T01:36:38+00:00</Time>
     <Position>
      <LatitudeDegrees>-33.6268800</LatitudeDegrees>
      <LongitudeDegrees>-70.3051200</LongitudeDegrees>
     </Position>
     <AltitudeMeters>1669.19</AltitudeMeters>
     <DistanceMeters>42096.58583313174</DistanceMeters>
    </Trackpoint>
    <Trackpoint>
     <Time>2026-07-19T01:36:44+00:00</Time>
     <Position>
      <LatitudeDegrees>-33.6263700</LatitudeDegrees>
      <LongitudeDegrees>-70.3054800</LongitudeDegrees>
     </Position>
     <AltitudeMeters>1671.7</AltitudeMeters>
     <DistanceMeters>42162.425057320004</DistanceMeters>
    </Trackpoint>
    <Trackpoint>
     <Time>2026-07-19T01:36:49+00:00</Time>
     <Position>
      <LatitudeDegrees>-33.6262300</LatitudeDegrees>
      <LongitudeDegrees>-70.3056400</LongitudeDegrees>
     </Position>
     <AltitudeMeters>1673.76</AltitudeMeters>
     <DistanceMeters>42183.93404220267</DistanceMeters>
    </Trackpoint>
    <Trackpoint>
     <Time>2026-07-19T01:36:55+00:00</Time>
     <Position>
      <LatitudeDegrees>-33.6261200</LatitudeDegrees>
      <LongitudeDegrees>-70.3057900</LongitudeDegrees>
     </Position>
     <AltitudeMeters>1674.3100000000002</AltitudeMeters>
     <DistanceMeters>42202.45735925134</DistanceMeters>
    </Trackpoint>
    <Trackpoint>
     <Time>2026-07-19T01:37:01+00:00</Time>
     <Position>
      <LatitudeDegrees>-33.6260500</LatitudeDegrees>
      <LongitudeDegrees>-70.3059300</LongitudeDegrees>
     </Position>
     <AltitudeMeters>1675.5700000000002</AltitudeMeters>
     <DistanceMeters>42217.590881144315</DistanceMeters>
    </Trackpoint>
    <Trackpoint>
     <Time>2026-07-19T01:37:07+00:00</Time>
     <Position>
      <LatitudeDegrees>-33.6260300</LatitudeDegrees>
      <LongitudeDegrees>-70.3061000</LongitudeDegrees>
     </Position>
     <AltitudeMeters>1675.5700000000002</AltitudeMeters>
     <DistanceMeters>42233.50168346118</DistanceMeters>
    </Trackpoint>
    <Trackpoint>
     <Time>2026-07-19T01:37:12+00:00</Time>
     <Position>
      <LatitudeDegrees>-33.6260300</LatitudeDegrees>
      <LongitudeDegrees>-70.3062400</LongitudeDegrees>
     </Position>
     <AltitudeMeters>1676.3700000000001</AltitudeMeters>
     <DistanceMeters>42246.47583974677</DistanceMeters>
    </Trackpoint>
    <Trackpoint>
     <Time>2026-07-19T01:37:18+00:00</Time>
     <Position>
      <LatitudeDegrees>-33.6261000</LatitudeDegrees>
      <LongitudeDegrees>-70.3066000</LongitudeDegrees>
     </Position>
     <AltitudeMeters>1679.51</AltitudeMeters>
     <DistanceMeters>42280.73550785629</DistanceMeters>
    </Trackpoint>
    <Trackpoint>
     <Time>2026-07-19T01:37:24+00:00</Time>
     <Position>
      <LatitudeDegrees>-33.6261000</LatitudeDegrees>
      <LongitudeDegrees>-70.3067300</LongitudeDegrees>
     </Position>
     <AltitudeMeters>1679.51</AltitudeMeters>
     <DistanceMeters>42292.782928903885</DistanceMeters>
    </Trackpoint>
    <Trackpoint>
     <Time>2026-07-19T01:37:29+00:00</Time>
     <Position>
      <LatitudeDegrees>-33.6260500</LatitudeDegrees>
      <LongitudeDegrees>-70.3068100</LongitudeDegrees>
     </Position>
     <AltitudeMeters>1679.51</AltitudeMeters>
     <DistanceMeters>42302.052839741096</DistanceMeters>
    </Trackpoint>
    <Trackpoint>
     <Time>2026-07-19T01:37:35+00:00</Time>
     <Position>
      <LatitudeDegrees>-33.6259400</LatitudeDegrees>
      <LongitudeDegrees>-70.3069000</LongitudeDegrees>
     </Position>
     <AltitudeMeters>1681.1</AltitudeMeters>
     <DistanceMeters>42316.86647849634</DistanceMeters>
    </Trackpoint>
    <Trackpoint>
     <Time>2026-07-19T01:37:41+00:00</Time>
     <Position>
      <LatitudeDegrees>-33.6258100</LatitudeDegrees>
      <LongitudeDegrees>-70.3069400</LongitudeDegrees>
     </Position>
     <AltitudeMeters>1681.81</AltitudeMeters>
     <DistanceMeters>42331.80223686355</DistanceMeters>
    </Trackpoint>
    <Trackpoint>
     <Time>2026-07-19T01:37:47+00:00</Time>
     <Position>
      <LatitudeDegrees>-33.6257200</LatitudeDegrees>
      <LongitudeDegrees>-70.3069000</LongitudeDegrees>
     </Position>
     <AltitudeMeters>1681.81</AltitudeMeters>
     <DistanceMeters>42342.48276608221</DistanceMeters>
    </Trackpoint>
    <Trackpoint>
     <Time>2026-07-19T01:37:52+00:00</Time>
     <Position>
      <LatitudeDegrees>-33.6256300</LatitudeDegrees>
      <LongitudeDegrees>-70.3068200</LongitudeDegrees>
     </Position>
     <AltitudeMeters>1683.3000000000002</AltitudeMeters>
     <DistanceMeters>42354.944605255856</DistanceMeters>
    </Trackpoint>
    <Trackpoint>
     <Time>2026-07-19T01:37:58+00:00</Time>
     <Position>
      <LatitudeDegrees>-33.6255600</LatitudeDegrees>
      <LongitudeDegrees>-70.3067300</LongitudeDegrees>
     </Position>
     <AltitudeMeters>1684.0100000000002</AltitudeMeters>
     <DistanceMeters>42366.357759756356</DistanceMeters>
    </Trackpoint>
    <Trackpoint>
     <Time>2026-07-19T01:38:04+00:00</Time>
     <Position>
      <LatitudeDegrees>-33.6255200</LatitudeDegrees>
      <LongitudeDegrees>-70.3065600</LongitudeDegrees>
     </Position>
     <AltitudeMeters>1685.7400000000002</AltitudeMeters>
     <DistanceMeters>42382.72909400888</DistanceMeters>
    </Trackpoint>
    <Trackpoint>
     <Time>2026-07-19T01:38:09+00:00</Time>
     <Position>
      <LatitudeDegrees>-33.6254900</LatitudeDegrees>
      <LongitudeDegrees>-70.3063200</LongitudeDegrees>
     </Position>
     <AltitudeMeters>1687.04</AltitudeMeters>
     <DistanceMeters>42405.219857395976</DistanceMeters>
    </Trackpoint>
    <Trackpoint>
     <Time>2026-07-19T01:38:15+00:00</Time>
     <Position>
      <LatitudeDegrees>-33.6255200</LatitudeDegrees>
      <LongitudeDegrees>-70.3060100</LongitudeDegrees>
     </Position>
     <AltitudeMeters>1689.2300000000002</AltitudeMeters>
     <DistanceMeters>42434.14189379989</DistanceMeters>
    </Trackpoint>
    <Trackpoint>
     <Time>2026-07-19T01:38:21+00:00</Time>
     <Position>
      <LatitudeDegrees>-33.6257200</LatitudeDegrees>
      <LongitudeDegrees>-70.3049800</LongitudeDegrees>
     </Position>
     <AltitudeMeters>1698.65</AltitudeMeters>
     <DistanceMeters>42532.15606544815</DistanceMeters>
    </Trackpoint>
    <Trackpoint>
     <Time>2026-07-19T01:38:27+00:00</Time>
     <Position>
      <LatitudeDegrees>-33.6257200</LatitudeDegrees>
      <LongitudeDegrees>-70.3048000</LongitudeDegrees>
     </Position>
     <AltitudeMeters>1698.65</AltitudeMeters>
     <DistanceMeters>42548.837183552394</DistanceMeters>
    </Trackpoint>
    <Trackpoint>
     <Time>2026-07-19T01:38:32+00:00</Time>
     <Position>
      <LatitudeDegrees>-33.6256500</LatitudeDegrees>
      <LongitudeDegrees>-70.3040400</LongitudeDegrees>
     </Position>
     <AltitudeMeters>1702.96</AltitudeMeters>
     <DistanceMeters>42619.69816965451</DistanceMeters>
    </Trackpoint>
    <Trackpoint>
     <Time>2026-07-19T01:38:38+00:00</Time>
     <Position>
      <LatitudeDegrees>-33.6257000</LatitudeDegrees>
      <LongitudeDegrees>-70.3038200</LongitudeDegrees>
     </Position>
     <AltitudeMeters>1704.6100000000001</AltitudeMeters>
     <DistanceMeters>42640.832008733545</DistanceMeters>
    </Trackpoint>
    <Trackpoint>
     <Time>2026-07-19T01:38:44+00:00</Time>
     <Position>
      <LatitudeDegrees>-33.6257600</LatitudeDegrees>
      <LongitudeDegrees>-70.3036000</LongitudeDegrees>
     </Position>
     <AltitudeMeters>1705.5000000000002</AltitudeMeters>
     <DistanceMeters>42662.28577354473</DistanceMeters>
    </Trackpoint>
    <Trackpoint>
     <Time>2026-07-19T01:38:49+00:00</Time>
     <Position>
      <LatitudeDegrees>-33.6259650</LatitudeDegrees>
      <LongitudeDegrees>-70.3031050</LongitudeDegrees>
     </Position>
     <AltitudeMeters>1712.2</AltitudeMeters>
     <DistanceMeters>42713.51936143097</DistanceMeters>
    </Trackpoint>
    <Trackpoint>
     <Time>2026-07-19T01:38:55+00:00</Time>
     <Position>
      <LatitudeDegrees>-33.6261700</LatitudeDegrees>
      <LongitudeDegrees>-70.3026100</LongitudeDegrees>
     </Position>
     <AltitudeMeters>1715.18</AltitudeMeters>
     <DistanceMeters>42764.75292490622</DistanceMeters>
    </Trackpoint>
    <Trackpoint>
     <Time>2026-07-19T01:39:01+00:00</Time>
     <Position>
      <LatitudeDegrees>-33.6262600</LatitudeDegrees>
      <LongitudeDegrees>-70.3024700</LongitudeDegrees>
     </Position>
     <AltitudeMeters>1716.4</AltitudeMeters>
     <DistanceMeters>42781.143791488554</DistanceMeters>
    </Trackpoint>
    <Trackpoint>
     <Time>2026-07-19T01:39:07+00:00</Time>
     <Position>
      <LatitudeDegrees>-33.6265200</LatitudeDegrees>
      <LongitudeDegrees>-70.3021600</LongitudeDegrees>
     </Position>
     <AltitudeMeters>1719.39</AltitudeMeters>
     <DistanceMeters>42821.91954419128</DistanceMeters>
    </Trackpoint>
    <Trackpoint>
     <Time>2026-07-19T01:39:12+00:00</Time>
     <Position>
      <LatitudeDegrees>-33.6265700</LatitudeDegrees>
      <LongitudeDegrees>-70.3020700</LongitudeDegrees>
     </Position>
     <AltitudeMeters>1720.17</AltitudeMeters>
     <DistanceMeters>42831.946029799314</DistanceMeters>
    </Trackpoint>
    <Trackpoint>
     <Time>2026-07-19T01:39:18+00:00</Time>
     <Position>
      <LatitudeDegrees>-33.6265700</LatitudeDegrees>
      <LongitudeDegrees>-70.3019800</LongitudeDegrees>
     </Position>
     <AltitudeMeters>1721.0400000000002</AltitudeMeters>
     <DistanceMeters>42840.28650656131</DistanceMeters>
    </Trackpoint>
    <Trackpoint>
     <Time>2026-07-19T01:39:24+00:00</Time>
     <Position>
      <LatitudeDegrees>-33.6265500</LatitudeDegrees>
      <LongitudeDegrees>-70.3019300</LongitudeDegrees>
     </Position>
     <AltitudeMeters>1721.4</AltitudeMeters>
     <DistanceMeters>42845.42702487948</DistanceMeters>
    </Trackpoint>
    <Trackpoint>
     <Time>2026-07-19T01:39:30+00:00</Time>
     <Position>
      <LatitudeDegrees>-33.6265200</LatitudeDegrees>
      <LongitudeDegrees>-70.3019100</LongitudeDegrees>
     </Position>
     <AltitudeMeters>1721.4</AltitudeMeters>
     <DistanceMeters>42849.245832991</DistanceMeters>
    </Trackpoint>
    <Trackpoint>
     <Time>2026-07-19T01:39:35+00:00</Time>
     <Position>
      <LatitudeDegrees>-33.6261900</LatitudeDegrees>
      <LongitudeDegrees>-70.3021100</LongitudeDegrees>
     </Position>
     <AltitudeMeters>1724.72</AltitudeMeters>
     <DistanceMeters>42890.38511031763</DistanceMeters>
    </Trackpoint>
    <Trackpoint>
     <Time>2026-07-19T01:39:41+00:00</Time>
     <Position>
      <LatitudeDegrees>-33.6258300</LatitudeDegrees>
      <LongitudeDegrees>-70.3021200</LongitudeDegrees>
     </Position>
     <AltitudeMeters>1728.6800000000003</AltitudeMeters>
     <DistanceMeters>42930.46227093615</DistanceMeters>
    </Trackpoint>
    <Trackpoint>
     <Time>2026-07-19T01:39:47+00:00</Time>
     <Position>
      <LatitudeDegrees>-33.6256100</LatitudeDegrees>
      <LongitudeDegrees>-70.3022000</LongitudeDegrees>
     </Position>
     <AltitudeMeters>1731.39</AltitudeMeters>
     <DistanceMeters>42956.04512705367</DistanceMeters>
    </Trackpoint>
    <Trackpoint>
     <Time>2026-07-19T01:39:52+00:00</Time>
     <Position>
      <LatitudeDegrees>-33.6254300</LatitudeDegrees>
      <LongitudeDegrees>-70.3022900</LongitudeDegrees>
     </Position>
     <AltitudeMeters>1733.7600000000002</AltitudeMeters>
     <DistanceMeters>42977.74524788238</DistanceMeters>
    </Trackpoint>
    <Trackpoint>
     <Time>2026-07-19T01:39:58+00:00</Time>
     <Position>
      <LatitudeDegrees>-33.6249400</LatitudeDegrees>
      <LongitudeDegrees>-70.3027000</LongitudeDegrees>
     </Position>
     <AltitudeMeters>1738.6100000000001</AltitudeMeters>
     <DistanceMeters>43044.21146706536</DistanceMeters>
    </Trackpoint>
    <Trackpoint>
     <Time>2026-07-19T01:40:04+00:00</Time>
     <Position>
      <LatitudeDegrees>-33.6247800</LatitudeDegrees>
      <LongitudeDegrees>-70.3031900</LongitudeDegrees>
     </Position>
     <AltitudeMeters>1742.17</AltitudeMeters>
     <DistanceMeters>43092.98833872515</DistanceMeters>
    </Trackpoint>
    <Trackpoint>
     <Time>2026-07-19T01:40:10+00:00</Time>
     <Position>
      <LatitudeDegrees>-33.6244700</LatitudeDegrees>
      <LongitudeDegrees>-70.3040500</LongitudeDegrees>
     </Position>
     <AltitudeMeters>1748.88</AltitudeMeters>
     <DistanceMeters>43179.8353588637</DistanceMeters>
    </Trackpoint>
    <Trackpoint>
     <Time>2026-07-19T01:40:15+00:00</Time>
     <Position>
      <LatitudeDegrees>-33.6242900</LatitudeDegrees>
      <LongitudeDegrees>-70.3043000</LongitudeDegrees>
     </Position>
     <AltitudeMeters>1752.0900000000001</AltitudeMeters>
     <DistanceMeters>43210.46399076107</DistanceMeters>
    </Trackpoint>
    <Trackpoint>
     <Time>2026-07-19T01:40:21+00:00</Time>
     <Position>
      <LatitudeDegrees>-33.6241500</LatitudeDegrees>
      <LongitudeDegrees>-70.3043500</LongitudeDegrees>
     </Position>
     <AltitudeMeters>1752.82</AltitudeMeters>
     <DistanceMeters>43226.71979826265</DistanceMeters>
    </Trackpoint>
    <Trackpoint>
     <Time>2026-07-19T01:40:27+00:00</Time>
     <Position>
      <LatitudeDegrees>-33.6239500</LatitudeDegrees>
      <LongitudeDegrees>-70.3043500</LongitudeDegrees>
     </Position>
     <AltitudeMeters>1755.0500000000002</AltitudeMeters>
     <DistanceMeters>43248.978934150764</DistanceMeters>
    </Trackpoint>
    <Trackpoint>
     <Time>2026-07-19T01:40:32+00:00</Time>
     <Position>
      <LatitudeDegrees>-33.6234600</LatitudeDegrees>
      <LongitudeDegrees>-70.3043300</LongitudeDegrees>
     </Position>
     <AltitudeMeters>1758.0800000000002</AltitudeMeters>
     <DistanceMeters>43303.545313860704</DistanceMeters>
    </Trackpoint>
    <Trackpoint>
     <Time>2026-07-19T01:40:38+00:00</Time>
     <Position>
      <LatitudeDegrees>-33.6229700</LatitudeDegrees>
      <LongitudeDegrees>-70.3043100</LongitudeDegrees>
     </Position>
     <AltitudeMeters>1763.2200000000003</AltitudeMeters>
     <DistanceMeters>43358.111677925044</DistanceMeters>
    </Trackpoint>
    <Trackpoint>
     <Time>2026-07-19T01:40:44+00:00</Time>
     <Position>
      <LatitudeDegrees>-33.6227400</LatitudeDegrees>
      <LongitudeDegrees>-70.3043200</LongitudeDegrees>
     </Position>
     <AltitudeMeters>1765.14</AltitudeMeters>
     <DistanceMeters>43383.72645507494</DistanceMeters>
    </Trackpoint>
    <Trackpoint>
     <Time>2026-07-19T01:40:50+00:00</Time>
     <Position>
      <LatitudeDegrees>-33.6222050</LatitudeDegrees>
      <LongitudeDegrees>-70.3043800</LongitudeDegrees>
     </Position>
     <AltitudeMeters>1769.2800000000002</AltitudeMeters>
     <DistanceMeters>43443.52873137036</DistanceMeters>
    </Trackpoint>
    <Trackpoint>
     <Time>2026-07-19T01:40:55+00:00</Time>
     <Position>
      <LatitudeDegrees>-33.6216700</LatitudeDegrees>
      <LongitudeDegrees>-70.3044400</LongitudeDegrees>
     </Position>
     <AltitudeMeters>1774.48</AltitudeMeters>
     <DistanceMeters>43503.330996196084</DistanceMeters>
    </Trackpoint>
    <Trackpoint>
     <Time>2026-07-19T01:41:01+00:00</Time>
     <Position>
      <LatitudeDegrees>-33.6213300</LatitudeDegrees>
      <LongitudeDegrees>-70.3044100</LongitudeDegrees>
     </Position>
     <AltitudeMeters>1777.26</AltitudeMeters>
     <DistanceMeters>43541.273531436294</DistanceMeters>
    </Trackpoint>
    <Trackpoint>
     <Time>2026-07-19T01:41:07+00:00</Time>
     <Position>
      <LatitudeDegrees>-33.6209500</LatitudeDegrees>
      <LongitudeDegrees>-70.3043200</LongitudeDegrees>
     </Position>
     <AltitudeMeters>1779.8600000000001</AltitudeMeters>
     <DistanceMeters>43584.38055966157</DistanceMeters>
    </Trackpoint>
    <Trackpoint>
     <Time>2026-07-19T01:41:13+00:00</Time>
     <Position>
      <LatitudeDegrees>-33.6204100</LatitudeDegrees>
      <LongitudeDegrees>-70.3041700</LongitudeDegrees>
     </Position>
     <AltitudeMeters>1782.99</AltitudeMeters>
     <DistanceMeters>43646.06709362844</DistanceMeters>
    </Trackpoint>
    <Trackpoint>
     <Time>2026-07-19T01:41:18+00:00</Time>
     <Position>
      <LatitudeDegrees>-33.6202100</LatitudeDegrees>
      <LongitudeDegrees>-70.3040900</LongitudeDegrees>
     </Position>
     <AltitudeMeters>1786.0200000000002</AltitudeMeters>
     <DistanceMeters>43669.52857083074</DistanceMeters>
    </Trackpoint>
    <Trackpoint>
     <Time>2026-07-19T01:41:24+00:00</Time>
     <Position>
      <LatitudeDegrees>-33.6195000</LatitudeDegrees>
      <LongitudeDegrees>-70.3037600</LongitudeDegrees>
     </Position>
     <AltitudeMeters>1793.1000000000001</AltitudeMeters>
     <DistanceMeters>43754.26073015356</DistanceMeters>
    </Trackpoint>
    <Trackpoint>
     <Time>2026-07-19T01:41:30+00:00</Time>
     <Position>
      <LatitudeDegrees>-33.6194300</LatitudeDegrees>
      <LongitudeDegrees>-70.3036800</LongitudeDegrees>
     </Position>
     <AltitudeMeters>1793.94</AltitudeMeters>
     <DistanceMeters>43765.01562804458</DistanceMeters>
    </Trackpoint>
    <Trackpoint>
     <Time>2026-07-19T01:41:35+00:00</Time>
     <Position>
      <LatitudeDegrees>-33.6194100</LatitudeDegrees>
      <LongitudeDegrees>-70.3035400</LongitudeDegrees>
     </Position>
     <AltitudeMeters>1794.73</AltitudeMeters>
     <DistanceMeters>43778.18032520393</DistanceMeters>
    </Trackpoint>
    <Trackpoint>
     <Time>2026-07-19T01:41:41+00:00</Time>
     <Position>
      <LatitudeDegrees>-33.6195000</LatitudeDegrees>
      <LongitudeDegrees>-70.3034500</LongitudeDegrees>
     </Position>
     <AltitudeMeters>1796.16</AltitudeMeters>
     <DistanceMeters>43791.21518389869</DistanceMeters>
    </Trackpoint>
    <Trackpoint>
     <Time>2026-07-19T01:41:47+00:00</Time>
     <Position>
      <LatitudeDegrees>-33.6199400</LatitudeDegrees>
      <LongitudeDegrees>-70.3032700</LongitudeDegrees>
     </Position>
     <AltitudeMeters>1798.8700000000001</AltitudeMeters>
     <DistanceMeters>43842.94881946544</DistanceMeters>
    </Trackpoint>
    <Trackpoint>
     <Time>2026-07-19T01:41:53+00:00</Time>
     <Position>
      <LatitudeDegrees>-33.6201700</LatitudeDegrees>
      <LongitudeDegrees>-70.3032300</LongitudeDegrees>
     </Position>
     <AltitudeMeters>1800.18</AltitudeMeters>
     <DistanceMeters>43868.813872180166</DistanceMeters>
    </Trackpoint>
    <Trackpoint>
     <Time>2026-07-19T01:41:58+00:00</Time>
     <Position>
      <LatitudeDegrees>-33.6202300</LatitudeDegrees>
      <LongitudeDegrees>-70.3032000</LongitudeDegrees>
     </Position>
     <AltitudeMeters>1802.2900000000002</AltitudeMeters>
     <DistanceMeters>43876.04731177159</DistanceMeters>
    </Trackpoint>
    <Trackpoint>
     <Time>2026-07-19T01:42:04+00:00</Time>
     <Position>
      <LatitudeDegrees>-33.6202600</LatitudeDegrees>
      <LongitudeDegrees>-70.3031400</LongitudeDegrees>
     </Position>
     <AltitudeMeters>1802.2900000000002</AltitudeMeters>
     <DistanceMeters>43882.53342998556</DistanceMeters>
    </Trackpoint>
    <Trackpoint>
     <Time>2026-07-19T01:42:10+00:00</Time>
     <Position>
      <LatitudeDegrees>-33.6202600</LatitudeDegrees>
      <LongitudeDegrees>-70.3031000</LongitudeDegrees>
     </Position>
     <AltitudeMeters>1802.2900000000002</AltitudeMeters>
     <DistanceMeters>43886.2405800305</DistanceMeters>
    </Trackpoint>
    <Trackpoint>
     <Time>2026-07-19T01:42:15+00:00</Time>
     <Position>
      <LatitudeDegrees>-33.6201900</LatitudeDegrees>
      <LongitudeDegrees>-70.3030500</LongitudeDegrees>
     </Position>
     <AltitudeMeters>1802.95</AltitudeMeters>
     <DistanceMeters>43895.30525670468</DistanceMeters>
    </Trackpoint>
    <Trackpoint>
     <Time>2026-07-19T01:42:21+00:00</Time>
     <Position>
      <LatitudeDegrees>-33.6194500</LatitudeDegrees>
      <LongitudeDegrees>-70.3029200</LongitudeDegrees>
     </Position>
     <AltitudeMeters>1807.0300000000002</AltitudeMeters>
     <DistanceMeters>43978.54066929557</DistanceMeters>
    </Trackpoint>
    <Trackpoint>
     <Time>2026-07-19T01:42:27+00:00</Time>
     <Position>
      <LatitudeDegrees>-33.6193600</LatitudeDegrees>
      <LongitudeDegrees>-70.3028800</LongitudeDegrees>
     </Position>
     <AltitudeMeters>1807.0300000000002</AltitudeMeters>
     <DistanceMeters>43989.221293486</DistanceMeters>
    </Trackpoint>
    <Trackpoint>
     <Time>2026-07-19T01:42:33+00:00</Time>
     <Position>
      <LatitudeDegrees>-33.6192500</LatitudeDegrees>
      <LongitudeDegrees>-70.3027000</LongitudeDegrees>
     </Position>
     <AltitudeMeters>1808.5300000000002</AltitudeMeters>
     <DistanceMeters>44009.913817495944</DistanceMeters>
    </Trackpoint>
    <Trackpoint>
     <Time>2026-07-19T01:42:38+00:00</Time>
     <Position>
      <LatitudeDegrees>-33.6192300</LatitudeDegrees>
      <LongitudeDegrees>-70.3026100</LongitudeDegrees>
     </Position>
     <AltitudeMeters>1808.8100000000002</AltitudeMeters>
     <DistanceMeters>44018.54689810178</DistanceMeters>
    </Trackpoint>
    <Trackpoint>
     <Time>2026-07-19T01:42:44+00:00</Time>
     <Position>
      <LatitudeDegrees>-33.6192500</LatitudeDegrees>
      <LongitudeDegrees>-70.3025600</LongitudeDegrees>
     </Position>
     <AltitudeMeters>1809.44</AltitudeMeters>
     <DistanceMeters>44023.68777127044</DistanceMeters>
    </Trackpoint>
    <Trackpoint>
     <Time>2026-07-19T01:42:50+00:00</Time>
     <Position>
      <LatitudeDegrees>-33.6193200</LatitudeDegrees>
      <LongitudeDegrees>-70.3025100</LongitudeDegrees>
     </Position>
     <AltitudeMeters>1809.44</AltitudeMeters>
     <DistanceMeters>44032.752473785054</DistanceMeters>
    </Trackpoint>
    <Trackpoint>
     <Time>2026-07-19T01:42:55+00:00</Time>
     <Position>
      <LatitudeDegrees>-33.6193800</LatitudeDegrees>
      <LongitudeDegrees>-70.3025200</LongitudeDegrees>
     </Position>
     <AltitudeMeters>1810.78</AltitudeMeters>
     <DistanceMeters>44039.4942224433</DistanceMeters>
    </Trackpoint>
    <Trackpoint>
     <Time>2026-07-19T01:43:01+00:00</Time>
     <Position>
      <LatitudeDegrees>-33.6195200</LatitudeDegrees>
      <LongitudeDegrees>-70.3026500</LongitudeDegrees>
     </Position>
     <AltitudeMeters>1811.6900000000003</AltitudeMeters>
     <DistanceMeters>44059.190481816535</DistanceMeters>
    </Trackpoint>
    <Trackpoint>
     <Time>2026-07-19T01:43:07+00:00</Time>
     <Position>
      <LatitudeDegrees>-33.6195900</LatitudeDegrees>
      <LongitudeDegrees>-70.3026500</LongitudeDegrees>
     </Position>
     <AltitudeMeters>1811.6900000000003</AltitudeMeters>
     <DistanceMeters>44066.98117937749</DistanceMeters>
    </Trackpoint>
    <Trackpoint>
     <Time>2026-07-19T01:43:13+00:00</Time>
     <Position>
      <LatitudeDegrees>-33.6200600</LatitudeDegrees>
      <LongitudeDegrees>-70.3025600</LongitudeDegrees>
     </Position>
     <AltitudeMeters>1815.49</AltitudeMeters>
     <DistanceMeters>44119.95100775103</DistanceMeters>
    </Trackpoint>
    <Trackpoint>
     <Time>2026-07-19T01:43:18+00:00</Time>
     <Position>
      <LatitudeDegrees>-33.6201000</LatitudeDegrees>
      <LongitudeDegrees>-70.3025200</LongitudeDegrees>
     </Position>
     <AltitudeMeters>1816.9700000000003</AltitudeMeters>
     <DistanceMeters>44125.74426107608</DistanceMeters>
    </Trackpoint>
    <Trackpoint>
     <Time>2026-07-19T01:43:24+00:00</Time>
     <Position>
      <LatitudeDegrees>-33.6201000</LatitudeDegrees>
      <LongitudeDegrees>-70.3024400</LongitudeDegrees>
     </Position>
     <AltitudeMeters>1817.4200000000003</AltitudeMeters>
     <DistanceMeters>44133.158574932604</DistanceMeters>
    </Trackpoint>
    <Trackpoint>
     <Time>2026-07-19T01:43:30+00:00</Time>
     <Position>
      <LatitudeDegrees>-33.6200600</LatitudeDegrees>
      <LongitudeDegrees>-70.3023900</LongitudeDegrees>
     </Position>
     <AltitudeMeters>1817.8200000000002</AltitudeMeters>
     <DistanceMeters>44139.58447815361</DistanceMeters>
    </Trackpoint>
    <Trackpoint>
     <Time>2026-07-19T01:43:36+00:00</Time>
     <Position>
      <LatitudeDegrees>-33.6197000</LatitudeDegrees>
      <LongitudeDegrees>-70.3023300</LongitudeDegrees>
     </Position>
     <AltitudeMeters>1820.45</AltitudeMeters>
     <DistanceMeters>44180.03496540372</DistanceMeters>
    </Trackpoint>
    <Trackpoint>
     <Time>2026-07-19T01:43:41+00:00</Time>
     <Position>
      <LatitudeDegrees>-33.6195900</LatitudeDegrees>
      <LongitudeDegrees>-70.3022000</LongitudeDegrees>
     </Position>
     <AltitudeMeters>1822.5900000000001</AltitudeMeters>
     <DistanceMeters>44197.21173792897</DistanceMeters>
    </Trackpoint>
    <Trackpoint>
     <Time>2026-07-19T01:43:47+00:00</Time>
     <Position>
      <LatitudeDegrees>-33.6195900</LatitudeDegrees>
      <LongitudeDegrees>-70.3021100</LongitudeDegrees>
     </Position>
     <AltitudeMeters>1822.5900000000001</AltitudeMeters>
     <DistanceMeters>44205.552890383806</DistanceMeters>
    </Trackpoint>
    <Trackpoint>
     <Time>2026-07-19T01:43:53+00:00</Time>
     <Position>
      <LatitudeDegrees>-33.6196100</LatitudeDegrees>
      <LongitudeDegrees>-70.3020800</LongitudeDegrees>
     </Position>
     <AltitudeMeters>1823.0100000000002</AltitudeMeters>
     <DistanceMeters>44209.114522809876</DistanceMeters>
    </Trackpoint>
    <Trackpoint>
     <Time>2026-07-19T01:43:58+00:00</Time>
     <Position>
      <LatitudeDegrees>-33.6196500</LatitudeDegrees>
      <LongitudeDegrees>-70.3020700</LongitudeDegrees>
     </Position>
     <AltitudeMeters>1823.0100000000002</AltitudeMeters>
     <DistanceMeters>44213.661798133515</DistanceMeters>
    </Trackpoint>
    <Trackpoint>
     <Time>2026-07-19T01:44:04+00:00</Time>
     <Position>
      <LatitudeDegrees>-33.6199900</LatitudeDegrees>
      <LongitudeDegrees>-70.3021200</LongitudeDegrees>
     </Position>
     <AltitudeMeters>1825.91</AltitudeMeters>
     <DistanceMeters>44251.78501132036</DistanceMeters>
    </Trackpoint>
    <Trackpoint>
     <Time>2026-07-19T01:44:10+00:00</Time>
     <Position>
      <LatitudeDegrees>-33.6203000</LatitudeDegrees>
      <LongitudeDegrees>-70.3021100</LongitudeDegrees>
     </Position>
     <AltitudeMeters>1827.7800000000002</AltitudeMeters>
     <DistanceMeters>44286.299117470924</DistanceMeters>
    </Trackpoint>
    <Trackpoint>
     <Time>2026-07-19T01:44:16+00:00</Time>
     <Position>
      <LatitudeDegrees>-33.6203500</LatitudeDegrees>
      <LongitudeDegrees>-70.3020800</LongitudeDegrees>
     </Position>
     <AltitudeMeters>1829.19</AltitudeMeters>
     <DistanceMeters>44292.51982682053</DistanceMeters>
    </Trackpoint>
    <Trackpoint>
     <Time>2026-07-19T01:44:21+00:00</Time>
     <Position>
      <LatitudeDegrees>-33.6203500</LatitudeDegrees>
      <LongitudeDegrees>-70.3019800</LongitudeDegrees>
     </Position>
     <AltitudeMeters>1829.63</AltitudeMeters>
     <DistanceMeters>44301.78769225383</DistanceMeters>
    </Trackpoint>
    <Trackpoint>
     <Time>2026-07-19T01:44:27+00:00</Time>
     <Position>
      <LatitudeDegrees>-33.6203000</LatitudeDegrees>
      <LongitudeDegrees>-70.3019700</LongitudeDegrees>
     </Position>
     <AltitudeMeters>1830.42</AltitudeMeters>
     <DistanceMeters>44307.429124204216</DistanceMeters>
    </Trackpoint>
    <Trackpoint>
     <Time>2026-07-19T01:44:33+00:00</Time>
     <Position>
      <LatitudeDegrees>-33.6200100</LatitudeDegrees>
      <LongitudeDegrees>-70.3019000</LongitudeDegrees>
     </Position>
     <AltitudeMeters>1832.5600000000002</AltitudeMeters>
     <DistanceMeters>44340.350420789975</DistanceMeters>
    </Trackpoint>
    <Trackpoint>
     <Time>2026-07-19T01:44:38+00:00</Time>
     <Position>
      <LatitudeDegrees>-33.6197600</LatitudeDegrees>
      <LongitudeDegrees>-70.3017600</LongitudeDegrees>
     </Position>
     <AltitudeMeters>1834.5000000000002</AltitudeMeters>
     <DistanceMeters>44371.050962470974</DistanceMeters>
    </Trackpoint>
    <Trackpoint>
     <Time>2026-07-19T01:44:44+00:00</Time>
     <Position>
      <LatitudeDegrees>-33.6195200</LatitudeDegrees>
      <LongitudeDegrees>-70.3016600</LongitudeDegrees>
     </Position>
     <AltitudeMeters>1835.98</AltitudeMeters>
     <DistanceMeters>44399.3240997744</DistanceMeters>
    </Trackpoint>
    <Trackpoint>
     <Time>2026-07-19T01:44:50+00:00</Time>
     <Position>
      <LatitudeDegrees>-33.6194700</LatitudeDegrees>
      <LongitudeDegrees>-70.3015900</LongitudeDegrees>
     </Position>
     <AltitudeMeters>1837.1800000000003</AltitudeMeters>
     <DistanceMeters>44407.87134420816</DistanceMeters>
    </Trackpoint>
    <Trackpoint>
     <Time>2026-07-19T01:44:56+00:00</Time>
     <Position>
      <LatitudeDegrees>-33.6194500</LatitudeDegrees>
      <LongitudeDegrees>-70.3015300</LongitudeDegrees>
     </Position>
     <AltitudeMeters>1837.5500000000002</AltitudeMeters>
     <DistanceMeters>44413.861079488546</DistanceMeters>
    </Trackpoint>
    <Trackpoint>
     <Time>2026-07-19T01:45:01+00:00</Time>
     <Position>
      <LatitudeDegrees>-33.6195000</LatitudeDegrees>
      <LongitudeDegrees>-70.3014400</LongitudeDegrees>
     </Position>
     <AltitudeMeters>1838.2</AltitudeMeters>
     <DistanceMeters>44423.888134421606</DistanceMeters>
    </Trackpoint>
    <Trackpoint>
     <Time>2026-07-19T01:45:07+00:00</Time>
     <Position>
      <LatitudeDegrees>-33.6198300</LatitudeDegrees>
      <LongitudeDegrees>-70.3014900</LongitudeDegrees>
     </Position>
     <AltitudeMeters>1839.8100000000002</AltitudeMeters>
     <DistanceMeters>44460.90689158006</DistanceMeters>
    </Trackpoint>
    <Trackpoint>
     <Time>2026-07-19T01:45:13+00:00</Time>
     <Position>
      <LatitudeDegrees>-33.6201700</LatitudeDegrees>
      <LongitudeDegrees>-70.3014900</LongitudeDegrees>
     </Position>
     <AltitudeMeters>1842.48</AltitudeMeters>
     <DistanceMeters>44498.74742259009</DistanceMeters>
    </Trackpoint>
    <Trackpoint>
     <Time>2026-07-19T01:45:18+00:00</Time>
     <Position>
      <LatitudeDegrees>-33.6201900</LatitudeDegrees>
      <LongitudeDegrees>-70.3014500</LongitudeDegrees>
     </Position>
     <AltitudeMeters>1842.8500000000001</AltitudeMeters>
     <DistanceMeters>44503.07150379628</DistanceMeters>
    </Trackpoint>
    <Trackpoint>
     <Time>2026-07-19T01:45:24+00:00</Time>
     <Position>
      <LatitudeDegrees>-33.6201700</LatitudeDegrees>
      <LongitudeDegrees>-70.3013500</LongitudeDegrees>
     </Position>
     <AltitudeMeters>1843.5</AltitudeMeters>
     <DistanceMeters>44512.60294439566</DistanceMeters>
    </Trackpoint>
    <Trackpoint>
     <Time>2026-07-19T01:45:30+00:00</Time>
     <Position>
      <LatitudeDegrees>-33.6196500</LatitudeDegrees>
      <LongitudeDegrees>-70.3011400</LongitudeDegrees>
     </Position>
     <AltitudeMeters>1846.51</AltitudeMeters>
     <DistanceMeters>44573.66164381111</DistanceMeters>
    </Trackpoint>
    <Trackpoint>
     <Time>2026-07-19T01:45:36+00:00</Time>
     <Position>
      <LatitudeDegrees>-33.6195600</LatitudeDegrees>
      <LongitudeDegrees>-70.3011300</LongitudeDegrees>
     </Position>
     <AltitudeMeters>1847.2</AltitudeMeters>
     <DistanceMeters>44583.72103977078</DistanceMeters>
    </Trackpoint>
    <Trackpoint>
     <Time>2026-07-19T01:45:41+00:00</Time>
     <Position>
      <LatitudeDegrees>-33.6192900</LatitudeDegrees>
      <LongitudeDegrees>-70.3012200</LongitudeDegrees>
     </Position>
     <AltitudeMeters>1849.43</AltitudeMeters>
     <DistanceMeters>44614.90705556357</DistanceMeters>
    </Trackpoint>
    <Trackpoint>
     <Time>2026-07-19T01:45:47+00:00</Time>
     <Position>
      <LatitudeDegrees>-33.6191600</LatitudeDegrees>
      <LongitudeDegrees>-70.3012100</LongitudeDegrees>
     </Position>
     <AltitudeMeters>1850.6000000000001</AltitudeMeters>
     <DistanceMeters>44629.40514727762</DistanceMeters>
    </Trackpoint>
    <Trackpoint>
     <Time>2026-07-19T01:45:53+00:00</Time>
     <Position>
      <LatitudeDegrees>-33.6190900</LatitudeDegrees>
      <LongitudeDegrees>-70.3011400</LongitudeDegrees>
     </Position>
     <AltitudeMeters>1850.6000000000001</AltitudeMeters>
     <DistanceMeters>44639.543386605365</DistanceMeters>
    </Trackpoint>
    <Trackpoint>
     <Time>2026-07-19T01:45:59+00:00</Time>
     <Position>
      <LatitudeDegrees>-33.6189100</LatitudeDegrees>
      <LongitudeDegrees>-70.3008600</LongitudeDegrees>
     </Position>
     <AltitudeMeters>1852.84</AltitudeMeters>
     <DistanceMeters>44672.3268397502</DistanceMeters>
    </Trackpoint>
    <Trackpoint>
     <Time>2026-07-19T01:46:04+00:00</Time>
     <Position>
      <LatitudeDegrees>-33.6187800</LatitudeDegrees>
      <LongitudeDegrees>-70.3007700</LongitudeDegrees>
     </Position>
     <AltitudeMeters>1853.46</AltitudeMeters>
     <DistanceMeters>44689.02749048295</DistanceMeters>
    </Trackpoint>
    <Trackpoint>
     <Time>2026-07-19T01:46:10+00:00</Time>
     <Position>
      <LatitudeDegrees>-33.6185800</LatitudeDegrees>
      <LongitudeDegrees>-70.3008200</LongitudeDegrees>
     </Position>
     <AltitudeMeters>1855.4</AltitudeMeters>
     <DistanceMeters>44711.763877513666</DistanceMeters>
    </Trackpoint>
    <Trackpoint>
     <Time>2026-07-19T01:46:16+00:00</Time>
     <Position>
      <LatitudeDegrees>-33.6184900</LatitudeDegrees>
      <LongitudeDegrees>-70.3008600</LongitudeDegrees>
     </Position>
     <AltitudeMeters>1855.8900000000003</AltitudeMeters>
     <DistanceMeters>44722.44451469482</DistanceMeters>
    </Trackpoint>
    <Trackpoint>
     <Time>2026-07-19T01:46:21+00:00</Time>
     <Position>
      <LatitudeDegrees>-33.6183800</LatitudeDegrees>
      <LongitudeDegrees>-70.3008600</LongitudeDegrees>
     </Position>
     <AltitudeMeters>1858.0400000000002</AltitudeMeters>
     <DistanceMeters>44734.68703943324</DistanceMeters>
    </Trackpoint>
    <Trackpoint>
     <Time>2026-07-19T01:46:27+00:00</Time>
     <Position>
      <LatitudeDegrees>-33.6183500</LatitudeDegrees>
      <LongitudeDegrees>-70.3008200</LongitudeDegrees>
     </Position>
     <AltitudeMeters>1858.0400000000002</AltitudeMeters>
     <DistanceMeters>44739.67618979504</DistanceMeters>
    </Trackpoint>
    <Trackpoint>
     <Time>2026-07-19T01:46:33+00:00</Time>
     <Position>
      <LatitudeDegrees>-33.6183500</LatitudeDegrees>
      <LongitudeDegrees>-70.3006900</LongitudeDegrees>
     </Position>
     <AltitudeMeters>1858.99</AltitudeMeters>
     <DistanceMeters>44751.7246944868</DistanceMeters>
    </Trackpoint>
    <Trackpoint>
     <Time>2026-07-19T01:46:39+00:00</Time>
     <Position>
      <LatitudeDegrees>-33.6186700</LatitudeDegrees>
      <LongitudeDegrees>-70.3004200</LongitudeDegrees>
     </Position>
     <AltitudeMeters>1862.7700000000002</AltitudeMeters>
     <DistanceMeters>44795.25158373887</DistanceMeters>
    </Trackpoint>
    <Trackpoint>
     <Time>2026-07-19T01:46:44+00:00</Time>
     <Position>
      <LatitudeDegrees>-33.6188900</LatitudeDegrees>
      <LongitudeDegrees>-70.3003700</LongitudeDegrees>
     </Position>
     <AltitudeMeters>1865.38</AltitudeMeters>
     <DistanceMeters>44820.17129005276</DistanceMeters>
    </Trackpoint>
    <Trackpoint>
     <Time>2026-07-19T01:46:50+00:00</Time>
     <Position>
      <LatitudeDegrees>-33.6189100</LatitudeDegrees>
      <LongitudeDegrees>-70.3003200</LongitudeDegrees>
     </Position>
     <AltitudeMeters>1866.42</AltitudeMeters>
     <DistanceMeters>44825.31217970202</DistanceMeters>
    </Trackpoint>
    <Trackpoint>
     <Time>2026-07-19T01:46:56+00:00</Time>
     <Position>
      <LatitudeDegrees>-33.6189100</LatitudeDegrees>
      <LongitudeDegrees>-70.3002300</LongitudeDegrees>
     </Position>
     <AltitudeMeters>1866.42</AltitudeMeters>
     <DistanceMeters>44833.653397977054</DistanceMeters>
    </Trackpoint>
    <Trackpoint>
     <Time>2026-07-19T01:47:01+00:00</Time>
     <Position>
      <LatitudeDegrees>-33.6188500</LatitudeDegrees>
      <LongitudeDegrees>-70.3001400</LongitudeDegrees>
     </Position>
     <AltitudeMeters>1867.73</AltitudeMeters>
     <DistanceMeters>44844.3383496613</DistanceMeters>
    </Trackpoint>
    <Trackpoint>
     <Time>2026-07-19T01:47:07+00:00</Time>
     <Position>
      <LatitudeDegrees>-33.6184900</LatitudeDegrees>
      <LongitudeDegrees>-70.3000600</LongitudeDegrees>
     </Position>
     <AltitudeMeters>1870.3500000000001</AltitudeMeters>
     <DistanceMeters>44885.0850532977</DistanceMeters>
    </Trackpoint>
    <Trackpoint>
     <Time>2026-07-19T01:47:13+00:00</Time>
     <Position>
      <LatitudeDegrees>-33.6184000</LatitudeDegrees>
      <LongitudeDegrees>-70.3000200</LongitudeDegrees>
     </Position>
     <AltitudeMeters>1871.3600000000001</AltitudeMeters>
     <DistanceMeters>44895.765691822715</DistanceMeters>
    </Trackpoint>
    <Trackpoint>
     <Time>2026-07-19T01:47:19+00:00</Time>
     <Position>
      <LatitudeDegrees>-33.6183300</LatitudeDegrees>
      <LongitudeDegrees>-70.2999600</LongitudeDegrees>
     </Position>
     <AltitudeMeters>1872.0900000000001</AltitudeMeters>
     <DistanceMeters>44905.33742059849</DistanceMeters>
    </Trackpoint>
    <Trackpoint>
     <Time>2026-07-19T01:47:24+00:00</Time>
     <Position>
      <LatitudeDegrees>-33.6182900</LatitudeDegrees>
      <LongitudeDegrees>-70.2998800</LongitudeDegrees>
     </Position>
     <AltitudeMeters>1872.0900000000001</AltitudeMeters>
     <DistanceMeters>44913.98572094993</DistanceMeters>
    </Trackpoint>
    <Trackpoint>
     <Time>2026-07-19T01:47:30+00:00</Time>
     <Position>
      <LatitudeDegrees>-33.6182600</LatitudeDegrees>
      <LongitudeDegrees>-70.2996000</LongitudeDegrees>
     </Position>
     <AltitudeMeters>1874.06</AltitudeMeters>
     <DistanceMeters>44940.15028077617</DistanceMeters>
    </Trackpoint>
    <Trackpoint>
     <Time>2026-07-19T01:47:36+00:00</Time>
     <Position>
      <LatitudeDegrees>-33.6181700</LatitudeDegrees>
      <LongitudeDegrees>-70.2994700</LongitudeDegrees>
     </Position>
     <AltitudeMeters>1875.96</AltitudeMeters>
     <DistanceMeters>44955.81870185428</DistanceMeters>
    </Trackpoint>
    <Trackpoint>
     <Time>2026-07-19T01:47:41+00:00</Time>
     <Position>
      <LatitudeDegrees>-33.6180600</LatitudeDegrees>
      <LongitudeDegrees>-70.2994300</LongitudeDegrees>
     </Position>
     <AltitudeMeters>1876.6200000000001</AltitudeMeters>
     <DistanceMeters>44968.61022473492</DistanceMeters>
    </Trackpoint>
    <Trackpoint>
     <Time>2026-07-19T01:47:47+00:00</Time>
     <Position>
      <LatitudeDegrees>-33.6179100</LatitudeDegrees>
      <LongitudeDegrees>-70.2994300</LongitudeDegrees>
     </Position>
     <AltitudeMeters>1877.19</AltitudeMeters>
     <DistanceMeters>44985.30457665081</DistanceMeters>
    </Trackpoint>
    <Trackpoint>
     <Time>2026-07-19T01:47:53+00:00</Time>
     <Position>
      <LatitudeDegrees>-33.6175500</LatitudeDegrees>
      <LongitudeDegrees>-70.2994500</LongitudeDegrees>
     </Position>
     <AltitudeMeters>1879.88</AltitudeMeters>
     <DistanceMeters>45025.41387638162</DistanceMeters>
    </Trackpoint>
    <Trackpoint>
     <Time>2026-07-19T01:47:59+00:00</Time>
     <Position>
      <LatitudeDegrees>-33.6172600</LatitudeDegrees>
      <LongitudeDegrees>-70.2994800</LongitudeDegrees>
     </Position>
     <AltitudeMeters>1881.69</AltitudeMeters>
     <DistanceMeters>45057.809165775296</DistanceMeters>
    </Trackpoint>
    <Trackpoint>
     <Time>2026-07-19T01:48:04+00:00</Time>
     <Position>
      <LatitudeDegrees>-33.6170600</LatitudeDegrees>
      <LongitudeDegrees>-70.2994300</LongitudeDegrees>
     </Position>
     <AltitudeMeters>1883.0300000000002</AltitudeMeters>
     <DistanceMeters>45080.54556946491</DistanceMeters>
    </Trackpoint>
    <Trackpoint>
     <Time>2026-07-19T01:48:10+00:00</Time>
     <Position>
      <LatitudeDegrees>-33.6167000</LatitudeDegrees>
      <LongitudeDegrees>-70.2992100</LongitudeDegrees>
     </Position>
     <AltitudeMeters>1886.8200000000002</AltitudeMeters>
     <DistanceMeters>45125.50196143641</DistanceMeters>
    </Trackpoint>
    <Trackpoint>
     <Time>2026-07-19T01:48:16+00:00</Time>
     <Position>
      <LatitudeDegrees>-33.6165600</LatitudeDegrees>
      <LongitudeDegrees>-70.2992000</LongitudeDegrees>
     </Position>
     <AltitudeMeters>1887.91</AltitudeMeters>
     <DistanceMeters>45141.11089738352</DistanceMeters>
    </Trackpoint>
    <Trackpoint>
     <Time>2026-07-19T01:48:22+00:00</Time>
     <Position>
      <LatitudeDegrees>-33.6158700</LatitudeDegrees>
      <LongitudeDegrees>-70.2992900</LongitudeDegrees>
     </Position>
     <AltitudeMeters>1891.93</AltitudeMeters>
     <DistanceMeters>45218.35661959253</DistanceMeters>
    </Trackpoint>
    <Trackpoint>
     <Time>2026-07-19T01:48:27+00:00</Time>
     <Position>
      <LatitudeDegrees>-33.6158400</LatitudeDegrees>
      <LongitudeDegrees>-70.2992900</LongitudeDegrees>
     </Position>
     <AltitudeMeters>1891.93</AltitudeMeters>
     <DistanceMeters>45221.69548997524</DistanceMeters>
    </Trackpoint>
    <Trackpoint>
     <Time>2026-07-19T01:48:33+00:00</Time>
     <Position>
      <LatitudeDegrees>-33.6158200</LatitudeDegrees>
      <LongitudeDegrees>-70.2992800</LongitudeDegrees>
     </Position>
     <AltitudeMeters>1891.93</AltitudeMeters>
     <DistanceMeters>45221.69548997524</DistanceMeters>
    </Trackpoint>
    <Trackpoint>
     <Time>2026-07-19T01:48:39+00:00</Time>
     <Position>
      <LatitudeDegrees>-33.6158000</LatitudeDegrees>
      <LongitudeDegrees>-70.2992000</LongitudeDegrees>
     </Position>
     <AltitudeMeters>1891.93</AltitudeMeters>
     <DistanceMeters>45229.4370799038</DistanceMeters>
    </Trackpoint>
    <Trackpoint>
     <Time>2026-07-19T01:48:44+00:00</Time>
     <Position>
      <LatitudeDegrees>-33.6158200</LatitudeDegrees>
      <LongitudeDegrees>-70.2991600</LongitudeDegrees>
     </Position>
     <AltitudeMeters>1893.7700000000002</AltitudeMeters>
     <DistanceMeters>45233.7613222801</DistanceMeters>
    </Trackpoint>
    <Trackpoint>
     <Time>2026-07-19T01:48:50+00:00</Time>
     <Position>
      <LatitudeDegrees>-33.6158500</LatitudeDegrees>
      <LongitudeDegrees>-70.2991500</LongitudeDegrees>
     </Position>
     <AltitudeMeters>1893.7700000000002</AltitudeMeters>
     <DistanceMeters>45237.22644547259</DistanceMeters>
    </Trackpoint>
    <Trackpoint>
     <Time>2026-07-19T01:48:56+00:00</Time>
     <Position>
      <LatitudeDegrees>-33.6163800</LatitudeDegrees>
      <LongitudeDegrees>-70.2990200</LongitudeDegrees>
     </Position>
     <AltitudeMeters>1897.3300000000002</AltitudeMeters>
     <DistanceMeters>45297.43114598511</DistanceMeters>
    </Trackpoint>
    <Trackpoint>
     <Time>2026-07-19T01:49:02+00:00</Time>
     <Position>
      <LatitudeDegrees>-33.6169000</LatitudeDegrees>
      <LongitudeDegrees>-70.2988400</LongitudeDegrees>
     </Position>
     <AltitudeMeters>1901.3600000000001</AltitudeMeters>
     <DistanceMeters>45357.66145125601</DistanceMeters>
    </Trackpoint>
    <Trackpoint>
     <Time>2026-07-19T01:49:07+00:00</Time>
     <Position>
      <LatitudeDegrees>-33.6173000</LatitudeDegrees>
      <LongitudeDegrees>-70.2985400</LongitudeDegrees>
     </Position>
     <AltitudeMeters>1904.8200000000002</AltitudeMeters>
     <DistanceMeters>45410.14930508413</DistanceMeters>
    </Trackpoint>
    <Trackpoint>
     <Time>2026-07-19T01:49:13+00:00</Time>
     <Position>
      <LatitudeDegrees>-33.6173200</LatitudeDegrees>
      <LongitudeDegrees>-70.2984400</LongitudeDegrees>
     </Position>
     <AltitudeMeters>1906.5900000000001</AltitudeMeters>
     <DistanceMeters>45419.68104581136</DistanceMeters>
    </Trackpoint>
    <Trackpoint>
     <Time>2026-07-19T01:49:19+00:00</Time>
     <Position>
      <LatitudeDegrees>-33.6172800</LatitudeDegrees>
      <LongitudeDegrees>-70.2983600</LongitudeDegrees>
     </Position>
     <AltitudeMeters>1906.5900000000001</AltitudeMeters>
     <DistanceMeters>45428.32942066216</DistanceMeters>
    </Trackpoint>
    <Trackpoint>
     <Time>2026-07-19T01:49:24+00:00</Time>
     <Position>
      <LatitudeDegrees>-33.6172300</LatitudeDegrees>
      <LongitudeDegrees>-70.2983500</LongitudeDegrees>
     </Position>
     <AltitudeMeters>1907.42</AltitudeMeters>
     <DistanceMeters>45433.970858037006</DistanceMeters>
    </Trackpoint>
    <Trackpoint>
     <Time>2026-07-19T01:49:30+00:00</Time>
     <Position>
      <LatitudeDegrees>-33.6163800</LatitudeDegrees>
      <LongitudeDegrees>-70.2985800</LongitudeDegrees>
     </Position>
     <AltitudeMeters>1913.24</AltitudeMeters>
     <DistanceMeters>45530.94417533555</DistanceMeters>
    </Trackpoint>
    <Trackpoint>
     <Time>2026-07-19T01:49:36+00:00</Time>
     <Position>
      <LatitudeDegrees>-33.6163200</LatitudeDegrees>
      <LongitudeDegrees>-70.2985800</LongitudeDegrees>
     </Position>
     <AltitudeMeters>1913.63</AltitudeMeters>
     <DistanceMeters>45537.62191610175</DistanceMeters>
    </Trackpoint>
    <Trackpoint>
     <Time>2026-07-19T01:49:42+00:00</Time>
     <Position>
      <LatitudeDegrees>-33.6162700</LatitudeDegrees>
      <LongitudeDegrees>-70.2985700</LongitudeDegrees>
     </Position>
     <AltitudeMeters>1914.06</AltitudeMeters>
     <DistanceMeters>45543.26335517251</DistanceMeters>
    </Trackpoint>
    <Trackpoint>
     <Time>2026-07-19T01:49:47+00:00</Time>
     <Position>
      <LatitudeDegrees>-33.6162500</LatitudeDegrees>
      <LongitudeDegrees>-70.2984400</LongitudeDegrees>
     </Position>
     <AltitudeMeters>1915.92</AltitudeMeters>
     <DistanceMeters>45555.516036421686</DistanceMeters>
    </Trackpoint>
    <Trackpoint>
     <Time>2026-07-19T01:49:53+00:00</Time>
     <Position>
      <LatitudeDegrees>-33.6163200</LatitudeDegrees>
      <LongitudeDegrees>-70.2983100</LongitudeDegrees>
     </Position>
     <AltitudeMeters>1916.8</AltitudeMeters>
     <DistanceMeters>45569.86415095709</DistanceMeters>
    </Trackpoint>
    <Trackpoint>
     <Time>2026-07-19T01:49:59+00:00</Time>
     <Position>
      <LatitudeDegrees>-33.6168800</LatitudeDegrees>
      <LongitudeDegrees>-70.2978700</LongitudeDegrees>
     </Position>
     <AltitudeMeters>1922.0400000000002</AltitudeMeters>
     <DistanceMeters>45644.34581027263</DistanceMeters>
    </Trackpoint>
    <Trackpoint>
     <Time>2026-07-19T01:50:04+00:00</Time>
     <Position>
      <LatitudeDegrees>-33.6171000</LatitudeDegrees>
      <LongitudeDegrees>-70.2977700</LongitudeDegrees>
     </Position>
     <AltitudeMeters>1923.5600000000002</AltitudeMeters>
     <DistanceMeters>45670.5262929989</DistanceMeters>
    </Trackpoint>
    <Trackpoint>
     <Time>2026-07-19T01:50:10+00:00</Time>
     <Position>
      <LatitudeDegrees>-33.6172800</LatitudeDegrees>
      <LongitudeDegrees>-70.2977300</LongitudeDegrees>
     </Position>
     <AltitudeMeters>1924.9</AltitudeMeters>
     <DistanceMeters>45690.8996564023</DistanceMeters>
    </Trackpoint>
    <Trackpoint>
     <Time>2026-07-19T01:50:16+00:00</Time>
     <Position>
      <LatitudeDegrees>-33.6174100</LatitudeDegrees>
      <LongitudeDegrees>-70.2977300</LongitudeDegrees>
     </Position>
     <AltitudeMeters>1926.4200000000003</AltitudeMeters>
     <DistanceMeters>45705.36809472945</DistanceMeters>
    </Trackpoint>
    <Trackpoint>
     <Time>2026-07-19T01:50:22+00:00</Time>
     <Position>
      <LatitudeDegrees>-33.6178800</LatitudeDegrees>
      <LongitudeDegrees>-70.2978100</LongitudeDegrees>
     </Position>
     <AltitudeMeters>1929.3700000000001</AltitudeMeters>
     <DistanceMeters>45758.199936031066</DistanceMeters>
    </Trackpoint>
    <Trackpoint>
     <Time>2026-07-19T01:50:27+00:00</Time>
     <Position>
      <LatitudeDegrees>-33.6181500</LatitudeDegrees>
      <LongitudeDegrees>-70.2975900</LongitudeDegrees>
     </Position>
     <AltitudeMeters>1930.64</AltitudeMeters>
     <DistanceMeters>45794.514378553366</DistanceMeters>
    </Trackpoint>
    <Trackpoint>
     <Time>2026-07-19T01:50:33+00:00</Time>
     <Position>
      <LatitudeDegrees>-33.6183800</LatitudeDegrees>
      <LongitudeDegrees>-70.2974700</LongitudeDegrees>
     </Position>
     <AltitudeMeters>1931.34</AltitudeMeters>
     <DistanceMeters>45822.42405976257</DistanceMeters>
    </Trackpoint>
    <Trackpoint>
     <Time>2026-07-19T01:50:39+00:00</Time>
     <Position>
      <LatitudeDegrees>-33.6185600</LatitudeDegrees>
      <LongitudeDegrees>-70.2973300</LongitudeDegrees>
     </Position>
     <AltitudeMeters>1933.41</AltitudeMeters>
     <DistanceMeters>45846.292203126926</DistanceMeters>
    </Trackpoint>
    <Trackpoint>
     <Time>2026-07-19T01:50:45+00:00</Time>
     <Position>
      <LatitudeDegrees>-33.6186200</LatitudeDegrees>
      <LongitudeDegrees>-70.2973200</LongitudeDegrees>
     </Position>
     <AltitudeMeters>1933.41</AltitudeMeters>
     <DistanceMeters>45853.033952909005</DistanceMeters>
    </Trackpoint>
    <Trackpoint>
     <Time>2026-07-19T01:50:50+00:00</Time>
     <Position>
      <LatitudeDegrees>-33.6186700</LatitudeDegrees>
      <LongitudeDegrees>-70.2973200</LongitudeDegrees>
     </Position>
     <AltitudeMeters>1934.98</AltitudeMeters>
     <DistanceMeters>45858.598736881235</DistanceMeters>
    </Trackpoint>
    <Trackpoint>
     <Time>2026-07-19T01:50:56+00:00</Time>
     <Position>
      <LatitudeDegrees>-33.6187600</LatitudeDegrees>
      <LongitudeDegrees>-70.2973700</LongitudeDegrees>
     </Position>
     <AltitudeMeters>1934.98</AltitudeMeters>
     <DistanceMeters>45869.63534171269</DistanceMeters>
    </Trackpoint>
    <Trackpoint>
     <Time>2026-07-19T01:51:02+00:00</Time>
     <Position>
      <LatitudeDegrees>-33.6188700</LatitudeDegrees>
      <LongitudeDegrees>-70.2976800</LongitudeDegrees>
     </Position>
     <AltitudeMeters>1936.2</AltitudeMeters>
     <DistanceMeters>45900.86583510688</DistanceMeters>
    </Trackpoint>
    <Trackpoint>
     <Time>2026-07-19T01:51:07+00:00</Time>
     <Position>
      <LatitudeDegrees>-33.6191600</LatitudeDegrees>
      <LongitudeDegrees>-70.2979100</LongitudeDegrees>
     </Position>
     <AltitudeMeters>1938.1000000000001</AltitudeMeters>
     <DistanceMeters>45939.54546333142</DistanceMeters>
    </Trackpoint>
    <Trackpoint>
     <Time>2026-07-19T01:51:13+00:00</Time>
     <Position>
      <LatitudeDegrees>-33.6195000</LatitudeDegrees>
      <LongitudeDegrees>-70.2980800</LongitudeDegrees>
     </Position>
     <AltitudeMeters>1940.67</AltitudeMeters>
     <DistanceMeters>45980.5350154939</DistanceMeters>
    </Trackpoint>
    <Trackpoint>
     <Time>2026-07-19T01:51:19+00:00</Time>
     <Position>
      <LatitudeDegrees>-33.6197400</LatitudeDegrees>
      <LongitudeDegrees>-70.2983100</LongitudeDegrees>
     </Position>
     <AltitudeMeters>1944.1500000000003</AltitudeMeters>
     <DistanceMeters>46014.708966983715</DistanceMeters>
    </Trackpoint>
    <Trackpoint>
     <Time>2026-07-19T01:51:25+00:00</Time>
     <Position>
      <LatitudeDegrees>-33.6199200</LatitudeDegrees>
      <LongitudeDegrees>-70.2985300</LongitudeDegrees>
     </Position>
     <AltitudeMeters>1946.13</AltitudeMeters>
     <DistanceMeters>46043.293206150476</DistanceMeters>
    </Trackpoint>
    <Trackpoint>
     <Time>2026-07-19T01:51:30+00:00</Time>
     <Position>
      <LatitudeDegrees>-33.6199900</LatitudeDegrees>
      <LongitudeDegrees>-70.2985700</LongitudeDegrees>
     </Position>
     <AltitudeMeters>1947.5500000000002</AltitudeMeters>
     <DistanceMeters>46051.92095366865</DistanceMeters>
    </Trackpoint>
    <Trackpoint>
     <Time>2026-07-19T01:51:36+00:00</Time>
     <Position>
      <LatitudeDegrees>-33.6200300</LatitudeDegrees>
      <LongitudeDegrees>-70.2985700</LongitudeDegrees>
     </Position>
     <AltitudeMeters>1947.5500000000002</AltitudeMeters>
     <DistanceMeters>46056.37278084611</DistanceMeters>
    </Trackpoint>
    <Trackpoint>
     <Time>2026-07-19T01:51:42+00:00</Time>
     <Position>
      <LatitudeDegrees>-33.6200600</LatitudeDegrees>
      <LongitudeDegrees>-70.2985300</LongitudeDegrees>
     </Position>
     <AltitudeMeters>1948.44</AltitudeMeters>
     <DistanceMeters>46061.36187750599</DistanceMeters>
    </Trackpoint>
    <Trackpoint>
     <Time>2026-07-19T01:51:47+00:00</Time>
     <Position>
      <LatitudeDegrees>-33.6200300</LatitudeDegrees>
      <LongitudeDegrees>-70.2984100</LongitudeDegrees>
     </Position>
     <AltitudeMeters>1949.27</AltitudeMeters>
     <DistanceMeters>46072.9737389306</DistanceMeters>
    </Trackpoint>
    <Trackpoint>
     <Time>2026-07-19T01:51:53+00:00</Time>
     <Position>
      <LatitudeDegrees>-33.6199400</LatitudeDegrees>
      <LongitudeDegrees>-70.2983100</LongitudeDegrees>
     </Position>
     <AltitudeMeters>1950.44</AltitudeMeters>
     <DistanceMeters>46086.62022405544</DistanceMeters>
    </Trackpoint>
    <Trackpoint>
     <Time>2026-07-19T01:51:59+00:00</Time>
     <Position>
      <LatitudeDegrees>-33.6197200</LatitudeDegrees>
      <LongitudeDegrees>-70.2978600</LongitudeDegrees>
     </Position>
     <AltitudeMeters>1954.22</AltitudeMeters>
     <DistanceMeters>46134.98217776008</DistanceMeters>
    </Trackpoint>
    <Trackpoint>
     <Time>2026-07-19T01:52:05+00:00</Time>
     <Position>
      <LatitudeDegrees>-33.6195900</LatitudeDegrees>
      <LongitudeDegrees>-70.2976800</LongitudeDegrees>
     </Position>
     <AltitudeMeters>1956.94</AltitudeMeters>
     <DistanceMeters>46157.06462746309</DistanceMeters>
    </Trackpoint>
    <Trackpoint>
     <Time>2026-07-19T01:52:10+00:00</Time>
     <Position>
      <LatitudeDegrees>-33.6195900</LatitudeDegrees>
      <LongitudeDegrees>-70.2976400</LongitudeDegrees>
     </Position>
     <AltitudeMeters>1956.94</AltitudeMeters>
     <DistanceMeters>46160.771806331766</DistanceMeters>
    </Trackpoint>
    <Trackpoint>
     <Time>2026-07-19T01:52:16+00:00</Time>
     <Position>
      <LatitudeDegrees>-33.6196500</LatitudeDegrees>
      <LongitudeDegrees>-70.2975500</LongitudeDegrees>
     </Position>
     <AltitudeMeters>1957.7900000000002</AltitudeMeters>
     <DistanceMeters>46171.456702099735</DistanceMeters>
    </Trackpoint>
    <Trackpoint>
     <Time>2026-07-19T01:52:22+00:00</Time>
     <Position>
      <LatitudeDegrees>-33.6197000</LatitudeDegrees>
      <LongitudeDegrees>-70.2975500</LongitudeDegrees>
     </Position>
     <AltitudeMeters>1958.14</AltitudeMeters>
     <DistanceMeters>46177.021486071964</DistanceMeters>
    </Trackpoint>
    <Trackpoint>
     <Time>2026-07-19T01:52:28+00:00</Time>
     <Position>
      <LatitudeDegrees>-33.6197600</LatitudeDegrees>
      <LongitudeDegrees>-70.2976000</LongitudeDegrees>
     </Position>
     <AltitudeMeters>1958.44</AltitudeMeters>
     <DistanceMeters>46185.14957706332</DistanceMeters>
    </Trackpoint>
    <Trackpoint>
     <Time>2026-07-19T01:52:33+00:00</Time>
     <Position>
      <LatitudeDegrees>-33.6198800</LatitudeDegrees>
      <LongitudeDegrees>-70.2978100</LongitudeDegrees>
     </Position>
     <AltitudeMeters>1959.8000000000002</AltitudeMeters>
     <DistanceMeters>46208.75388028248</DistanceMeters>
    </Trackpoint>
    <Trackpoint>
     <Time>2026-07-19T01:52:39+00:00</Time>
     <Position>
      <LatitudeDegrees>-33.6204400</LatitudeDegrees>
      <LongitudeDegrees>-70.2984000</LongitudeDegrees>
     </Position>
     <AltitudeMeters>1965.1200000000001</AltitudeMeters>
     <DistanceMeters>46291.66611083031</DistanceMeters>
    </Trackpoint>
    <Trackpoint>
     <Time>2026-07-19T01:52:45+00:00</Time>
     <Position>
      <LatitudeDegrees>-33.6206600</LatitudeDegrees>
      <LongitudeDegrees>-70.2985700</LongitudeDegrees>
     </Position>
     <AltitudeMeters>1967.3700000000001</AltitudeMeters>
     <DistanceMeters>46320.78222695905</DistanceMeters>
    </Trackpoint>
    <Trackpoint>
     <Time>2026-07-19T01:52:50+00:00</Time>
     <Position>
      <LatitudeDegrees>-33.6208600</LatitudeDegrees>
      <LongitudeDegrees>-70.2986700</LongitudeDegrees>
     </Position>
     <AltitudeMeters>1970.0300000000002</AltitudeMeters>
     <DistanceMeters>46344.89366911392</DistanceMeters>
    </Trackpoint>
    <Trackpoint>
     <Time>2026-07-19T01:52:56+00:00</Time>
     <Position>
      <LatitudeDegrees>-33.6209500</LatitudeDegrees>
      <LongitudeDegrees>-70.2986800</LongitudeDegrees>
     </Position>
     <AltitudeMeters>1970.56</AltitudeMeters>
     <DistanceMeters>46354.95306378542</DistanceMeters>
    </Trackpoint>
    <Trackpoint>
     <Time>2026-07-19T01:53:02+00:00</Time>
     <Position>
      <LatitudeDegrees>-33.6210000</LatitudeDegrees>
      <LongitudeDegrees>-70.2986700</LongitudeDegrees>
     </Position>
     <AltitudeMeters>1971.5000000000002</AltitudeMeters>
     <DistanceMeters>46360.59449458754</DistanceMeters>
    </Trackpoint>
    <Trackpoint>
     <Time>2026-07-19T01:53:08+00:00</Time>
     <Position>
      <LatitudeDegrees>-33.6210200</LatitudeDegrees>
      <LongitudeDegrees>-70.2985900</LongitudeDegrees>
     </Position>
     <AltitudeMeters>1971.91</AltitudeMeters>
     <DistanceMeters>46368.33565601287</DistanceMeters>
    </Trackpoint>
    <Trackpoint>
     <Time>2026-07-19T01:53:13+00:00</Time>
     <Position>
      <LatitudeDegrees>-33.6210000</LatitudeDegrees>
      <LongitudeDegrees>-70.2985300</LongitudeDegrees>
     </Position>
     <AltitudeMeters>1972.29</AltitudeMeters>
     <DistanceMeters>46374.32529843315</DistanceMeters>
    </Trackpoint>
    <Trackpoint>
     <Time>2026-07-19T01:53:19+00:00</Time>
     <Position>
      <LatitudeDegrees>-33.6208400</LatitudeDegrees>
      <LongitudeDegrees>-70.2982700</LongitudeDegrees>
     </Position>
     <AltitudeMeters>1974.2700000000002</AltitudeMeters>
     <DistanceMeters>46404.2874657536</DistanceMeters>
    </Trackpoint>
    <Trackpoint>
     <Time>2026-07-19T01:53:25+00:00</Time>
     <Position>
      <LatitudeDegrees>-33.6204400</LatitudeDegrees>
      <LongitudeDegrees>-70.2974100</LongitudeDegrees>
     </Position>
     <AltitudeMeters>1981.0</AltitudeMeters>
     <DistanceMeters>46495.5809727877</DistanceMeters>
    </Trackpoint>
    <Trackpoint>
     <Time>2026-07-19T01:53:30+00:00</Time>
     <Position>
      <LatitudeDegrees>-33.6202800</LatitudeDegrees>
      <LongitudeDegrees>-70.2969700</LongitudeDegrees>
     </Position>
     <AltitudeMeters>1983.48</AltitudeMeters>
     <DistanceMeters>46540.07810438319</DistanceMeters>
    </Trackpoint>
    <Trackpoint>
     <Time>2026-07-19T01:53:36+00:00</Time>
     <Position>
      <LatitudeDegrees>-33.6201400</LatitudeDegrees>
      <LongitudeDegrees>-70.2967900</LongitudeDegrees>
     </Position>
     <AltitudeMeters>1984.64</AltitudeMeters>
     <DistanceMeters>46562.905175294756</DistanceMeters>
    </Trackpoint>
    <Trackpoint>
     <Time>2026-07-19T01:53:42+00:00</Time>
     <Position>
      <LatitudeDegrees>-33.6197000</LatitudeDegrees>
      <LongitudeDegrees>-70.2963000</LongitudeDegrees>
     </Position>
     <AltitudeMeters>1990.6000000000001</AltitudeMeters>
     <DistanceMeters>46629.69132669846</DistanceMeters>
    </Trackpoint>
    <Trackpoint>
     <Time>2026-07-19T01:53:48+00:00</Time>
     <Position>
      <LatitudeDegrees>-33.6196300</LatitudeDegrees>
      <LongitudeDegrees>-70.2961700</LongitudeDegrees>
     </Position>
     <AltitudeMeters>1991.5900000000001</AltitudeMeters>
     <DistanceMeters>46644.03904440847</DistanceMeters>
    </Trackpoint>
    <Trackpoint>
     <Time>2026-07-19T01:53:53+00:00</Time>
     <Position>
      <LatitudeDegrees>-33.6195050</LatitudeDegrees>
      <LongitudeDegrees>-70.2954950</LongitudeDegrees>
     </Position>
     <AltitudeMeters>1995.1200000000001</AltitudeMeters>
     <DistanceMeters>46708.12597494914</DistanceMeters>
    </Trackpoint>
    <Trackpoint>
     <Time>2026-07-19T01:53:59+00:00</Time>
     <Position>
      <LatitudeDegrees>-33.6193800</LatitudeDegrees>
      <LongitudeDegrees>-70.2948200</LongitudeDegrees>
     </Position>
     <AltitudeMeters>2000.8000000000004</AltitudeMeters>
     <DistanceMeters>46772.21289845232</DistanceMeters>
    </Trackpoint>
    <Trackpoint>
     <Time>2026-07-19T01:54:05+00:00</Time>
     <Position>
      <LatitudeDegrees>-33.6194100</LatitudeDegrees>
      <LongitudeDegrees>-70.2946900</LongitudeDegrees>
     </Position>
     <AltitudeMeters>2001.5300000000002</AltitudeMeters>
     <DistanceMeters>46784.7153382178</DistanceMeters>
    </Trackpoint>
    <Trackpoint>
     <Time>2026-07-19T01:54:10+00:00</Time>
     <Position>
      <LatitudeDegrees>-33.6194300</LatitudeDegrees>
      <LongitudeDegrees>-70.2946400</LongitudeDegrees>
     </Position>
     <AltitudeMeters>2001.5300000000002</AltitudeMeters>
     <DistanceMeters>46789.85620266137</DistanceMeters>
    </Trackpoint>
    <Trackpoint>
     <Time>2026-07-19T01:54:16+00:00</Time>
     <Position>
      <LatitudeDegrees>-33.6195000</LatitudeDegrees>
      <LongitudeDegrees>-70.2946400</LongitudeDegrees>
     </Position>
     <AltitudeMeters>2002.17</AltitudeMeters>
     <DistanceMeters>46797.64690022233</DistanceMeters>
    </Trackpoint>
    <Trackpoint>
     <Time>2026-07-19T01:54:22+00:00</Time>
     <Position>
      <LatitudeDegrees>-33.6195900</LatitudeDegrees>
      <LongitudeDegrees>-70.2947300</LongitudeDegrees>
     </Position>
     <AltitudeMeters>2002.7400000000002</AltitudeMeters>
     <DistanceMeters>46810.68175334247</DistanceMeters>
    </Trackpoint>
    <Trackpoint>
     <Time>2026-07-19T01:54:28+00:00</Time>
     <Position>
      <LatitudeDegrees>-33.6196300</LatitudeDegrees>
      <LongitudeDegrees>-70.2949900</LongitudeDegrees>
     </Position>
     <AltitudeMeters>2004.5300000000004</AltitudeMeters>
     <DistanceMeters>46835.18619470478</DistanceMeters>
    </Trackpoint>
    <Trackpoint>
     <Time>2026-07-19T01:54:33+00:00</Time>
     <Position>
      <LatitudeDegrees>-33.6199200</LatitudeDegrees>
      <LongitudeDegrees>-70.2956700</LongitudeDegrees>
     </Position>
     <AltitudeMeters>2009.17</AltitudeMeters>
     <DistanceMeters>46905.99215784303</DistanceMeters>
    </Trackpoint>
    <Trackpoint>
     <Time>2026-07-19T01:54:39+00:00</Time>
     <Position>
      <LatitudeDegrees>-33.6199700</LatitudeDegrees>
      <LongitudeDegrees>-70.2957100</LongitudeDegrees>
     </Position>
     <AltitudeMeters>2009.17</AltitudeMeters>
     <DistanceMeters>46912.67870273471</DistanceMeters>
    </Trackpoint>
    <Trackpoint>
     <Time>2026-07-19T01:54:45+00:00</Time>
     <Position>
      <LatitudeDegrees>-33.6200300</LatitudeDegrees>
      <LongitudeDegrees>-70.2957200</LongitudeDegrees>
     </Position>
     <AltitudeMeters>2009.17</AltitudeMeters>
     <DistanceMeters>46919.4204504321</DistanceMeters>
    </Trackpoint>
    <Trackpoint>
     <Time>2026-07-19T01:54:51+00:00</Time>
     <Position>
      <LatitudeDegrees>-33.6200600</LatitudeDegrees>
      <LongitudeDegrees>-70.2957100</LongitudeDegrees>
     </Position>
     <AltitudeMeters>2011.52</AltitudeMeters>
     <DistanceMeters>46922.88556151481</DistanceMeters>
    </Trackpoint>
    <Trackpoint>
     <Time>2026-07-19T01:54:56+00:00</Time>
     <Position>
      <LatitudeDegrees>-33.6200800</LatitudeDegrees>
      <LongitudeDegrees>-70.2956700</LongitudeDegrees>
     </Position>
     <AltitudeMeters>2011.52</AltitudeMeters>
     <DistanceMeters>46927.209646778116</DistanceMeters>
    </Trackpoint>
    <Trackpoint>
     <Time>2026-07-19T01:55:02+00:00</Time>
     <Position>
      <LatitudeDegrees>-33.6200300</LatitudeDegrees>
      <LongitudeDegrees>-70.2952200</LongitudeDegrees>
     </Position>
     <AltitudeMeters>2013.96</AltitudeMeters>
     <DistanceMeters>46969.28480162972</DistanceMeters>
    </Trackpoint>
    <Trackpoint>
     <Time>2026-07-19T01:55:08+00:00</Time>
     <Position>
      <LatitudeDegrees>-33.6200600</LatitudeDegrees>
      <LongitudeDegrees>-70.2950400</LongitudeDegrees>
     </Position>
     <AltitudeMeters>2016.0</AltitudeMeters>
     <DistanceMeters>46986.297867598245</DistanceMeters>
    </Trackpoint>
    <Trackpoint>
     <Time>2026-07-19T01:55:13+00:00</Time>
     <Position>
      <LatitudeDegrees>-33.6201900</LatitudeDegrees>
      <LongitudeDegrees>-70.2947900</LongitudeDegrees>
     </Position>
     <AltitudeMeters>2016.91</AltitudeMeters>
     <DistanceMeters>47013.614013401966</DistanceMeters>
    </Trackpoint>
    <Trackpoint>
     <Time>2026-07-19T01:55:19+00:00</Time>
     <Position>
      <LatitudeDegrees>-33.6203500</LatitudeDegrees>
      <LongitudeDegrees>-70.2946900</LongitudeDegrees>
     </Position>
     <AltitudeMeters>2018.5500000000002</AltitudeMeters>
     <DistanceMeters>47033.68871720279</DistanceMeters>
    </Trackpoint>
    <Trackpoint>
     <Time>2026-07-19T01:55:25+00:00</Time>
     <Position>
      <LatitudeDegrees>-33.6204600</LatitudeDegrees>
      <LongitudeDegrees>-70.2945600</LongitudeDegrees>
     </Position>
     <AltitudeMeters>2020.61</AltitudeMeters>
     <DistanceMeters>47050.865415192566</DistanceMeters>
    </Trackpoint>
    <Trackpoint>
     <Time>2026-07-19T01:55:31+00:00</Time>
     <Position>
      <LatitudeDegrees>-33.6205300</LatitudeDegrees>
      <LongitudeDegrees>-70.2944200</LongitudeDegrees>
     </Position>
     <AltitudeMeters>2020.61</AltitudeMeters>
     <DistanceMeters>47065.99965875147</DistanceMeters>
    </Trackpoint>
    <Trackpoint>
     <Time>2026-07-19T01:55:36+00:00</Time>
     <Position>
      <LatitudeDegrees>-33.6205300</LatitudeDegrees>
      <LongitudeDegrees>-70.2941400</LongitudeDegrees>
     </Position>
     <AltitudeMeters>2022.5</AltitudeMeters>
     <DistanceMeters>47091.94962775762</DistanceMeters>
    </Trackpoint>
    <Trackpoint>
     <Time>2026-07-19T01:55:42+00:00</Time>
     <Position>
      <LatitudeDegrees>-33.6204600</LatitudeDegrees>
      <LongitudeDegrees>-70.2939200</LongitudeDegrees>
     </Position>
     <AltitudeMeters>2024.3100000000002</AltitudeMeters>
     <DistanceMeters>47113.776613006805</DistanceMeters>
    </Trackpoint>
    <Trackpoint>
     <Time>2026-07-19T01:55:48+00:00</Time>
     <Position>
      <LatitudeDegrees>-33.6204100</LatitudeDegrees>
      <LongitudeDegrees>-70.2938000</LongitudeDegrees>
     </Position>
     <AltitudeMeters>2025.01</AltitudeMeters>
     <DistanceMeters>47126.21256779045</DistanceMeters>
    </Trackpoint>
    <Trackpoint>
     <Time>2026-07-19T01:55:53+00:00</Time>
     <Position>
      <LatitudeDegrees>-33.6198100</LatitudeDegrees>
      <LongitudeDegrees>-70.2931100</LongitudeDegrees>
     </Position>
     <AltitudeMeters>2030.51</AltitudeMeters>
     <DistanceMeters>47218.67134984982</DistanceMeters>
    </Trackpoint>
    <Trackpoint>
     <Time>2026-07-19T01:55:59+00:00</Time>
     <Position>
      <LatitudeDegrees>-33.6198300</LatitudeDegrees>
      <LongitudeDegrees>-70.2931200</LongitudeDegrees>
     </Position>
     <AltitudeMeters>2030.51</AltitudeMeters>
     <DistanceMeters>47218.67134984982</DistanceMeters>
    </Trackpoint>
    <Trackpoint>
     <Time>2026-07-19T01:56:05+00:00</Time>
     <Position>
      <LatitudeDegrees>-33.6197400</LatitudeDegrees>
      <LongitudeDegrees>-70.2930700</LongitudeDegrees>
     </Position>
     <AltitudeMeters>2030.51</AltitudeMeters>
     <DistanceMeters>47229.70793052212</DistanceMeters>
    </Trackpoint>
    <Trackpoint>
     <Time>2026-07-19T01:56:11+00:00</Time>
     <Position>
      <LatitudeDegrees>-33.6196100</LatitudeDegrees>
      <LongitudeDegrees>-70.2930300</LongitudeDegrees>
     </Position>
     <AltitudeMeters>2030.51</AltitudeMeters>
     <DistanceMeters>47244.64375509523</DistanceMeters>
    </Trackpoint>
    <Trackpoint>
     <Time>2026-07-19T01:56:16+00:00</Time>
     <Position>
      <LatitudeDegrees>-33.6192500</LatitudeDegrees>
      <LongitudeDegrees>-70.2929800</LongitudeDegrees>
     </Position>
     <AltitudeMeters>2034.5900000000001</AltitudeMeters>
     <DistanceMeters>47284.97728672494</DistanceMeters>
    </Trackpoint>
    <Trackpoint>
     <Time>2026-07-19T01:56:22+00:00</Time>
     <Position>
      <LatitudeDegrees>-33.6191200</LatitudeDegrees>
      <LongitudeDegrees>-70.2929400</LongitudeDegrees>
     </Position>
     <AltitudeMeters>2036.75</AltitudeMeters>
     <DistanceMeters>47299.91311653021</DistanceMeters>
    </Trackpoint>
    <Trackpoint>
     <Time>2026-07-19T01:56:28+00:00</Time>
     <Position>
      <LatitudeDegrees>-33.6189100</LatitudeDegrees>
      <LongitudeDegrees>-70.2928000</LongitudeDegrees>
     </Position>
     <AltitudeMeters>2038.6300000000003</AltitudeMeters>
     <DistanceMeters>47326.645322927514</DistanceMeters>
    </Trackpoint>
    <Trackpoint>
     <Time>2026-07-19T01:56:33+00:00</Time>
     <Position>
      <LatitudeDegrees>-33.6185800</LatitudeDegrees>
      <LongitudeDegrees>-70.2924900</LongitudeDegrees>
     </Position>
     <AltitudeMeters>2041.7</AltitudeMeters>
     <DistanceMeters>47373.27557442213</DistanceMeters>
    </Trackpoint>
    <Trackpoint>
     <Time>2026-07-19T01:56:39+00:00</Time>
     <Position>
      <LatitudeDegrees>-33.6184900</LatitudeDegrees>
      <LongitudeDegrees>-70.2924400</LongitudeDegrees>
     </Position>
     <AltitudeMeters>2042.3200000000002</AltitudeMeters>
     <DistanceMeters>47384.3121833177</DistanceMeters>
    </Trackpoint>
    <Trackpoint>
     <Time>2026-07-19T01:56:45+00:00</Time>
     <Position>
      <LatitudeDegrees>-33.6183100</LatitudeDegrees>
      <LongitudeDegrees>-70.2923500</LongitudeDegrees>
     </Position>
     <AltitudeMeters>2043.7700000000002</AltitudeMeters>
     <DistanceMeters>47406.01256906378</DistanceMeters>
    </Trackpoint>
    <Trackpoint>
     <Time>2026-07-19T01:56:51+00:00</Time>
     <Position>
      <LatitudeDegrees>-33.6181500</LatitudeDegrees>
      <LongitudeDegrees>-70.2923100</LongitudeDegrees>
     </Position>
     <AltitudeMeters>2045.0900000000001</AltitudeMeters>
     <DistanceMeters>47424.20168263401</DistanceMeters>
    </Trackpoint>
    <Trackpoint>
     <Time>2026-07-19T01:56:56+00:00</Time>
     <Position>
      <LatitudeDegrees>-33.6180000</LatitudeDegrees>
      <LongitudeDegrees>-70.2923100</LongitudeDegrees>
     </Position>
     <AltitudeMeters>2045.0900000000001</AltitudeMeters>
     <DistanceMeters>47440.8960345499</DistanceMeters>
    </Trackpoint>
    <Trackpoint>
     <Time>2026-07-19T01:57:02+00:00</Time>
     <Position>
      <LatitudeDegrees>-33.6177000</LatitudeDegrees>
      <LongitudeDegrees>-70.2924000</LongitudeDegrees>
     </Position>
     <AltitudeMeters>2048.35</AltitudeMeters>
     <DistanceMeters>47475.31090310339</DistanceMeters>
    </Trackpoint>
    <Trackpoint>
     <Time>2026-07-19T01:57:08+00:00</Time>
     <Position>
      <LatitudeDegrees>-33.6176200</LatitudeDegrees>
      <LongitudeDegrees>-70.2924800</LongitudeDegrees>
     </Position>
     <AltitudeMeters>2048.89</AltitudeMeters>
     <DistanceMeters>47486.89754299319</DistanceMeters>
    </Trackpoint>
    <Trackpoint>
     <Time>2026-07-19T01:57:14+00:00</Time>
     <Position>
      <LatitudeDegrees>-33.6174800</LatitudeDegrees>
      <LongitudeDegrees>-70.2928000</LongitudeDegrees>
     </Position>
     <AltitudeMeters>2050.57</AltitudeMeters>
     <DistanceMeters>47520.399553800184</DistanceMeters>
    </Trackpoint>
    <Trackpoint>
     <Time>2026-07-19T01:57:19+00:00</Time>
     <Position>
      <LatitudeDegrees>-33.6174400</LatitudeDegrees>
      <LongitudeDegrees>-70.2928500</LongitudeDegrees>
     </Position>
     <AltitudeMeters>2050.57</AltitudeMeters>
     <DistanceMeters>47526.82555862117</DistanceMeters>
    </Trackpoint>
    <Trackpoint>
     <Time>2026-07-19T01:57:25+00:00</Time>
     <Position>
      <LatitudeDegrees>-33.6171900</LatitudeDegrees>
      <LongitudeDegrees>-70.2929400</LongitudeDegrees>
     </Position>
     <AltitudeMeters>2053.3900000000003</AltitudeMeters>
     <DistanceMeters>47555.87291674899</DistanceMeters>
    </Trackpoint>
    <Trackpoint>
     <Time>2026-07-19T01:57:31+00:00</Time>
     <Position>
      <LatitudeDegrees>-33.6168800</LatitudeDegrees>
      <LongitudeDegrees>-70.2931500</LongitudeDegrees>
     </Position>
     <AltitudeMeters>2055.25</AltitudeMeters>
     <DistanceMeters>47595.48583526581</DistanceMeters>
    </Trackpoint>
    <Trackpoint>
     <Time>2026-07-19T01:57:36+00:00</Time>
     <Position>
      <LatitudeDegrees>-33.6167600</LatitudeDegrees>
      <LongitudeDegrees>-70.2931600</LongitudeDegrees>
     </Position>
     <AltitudeMeters>2055.25</AltitudeMeters>
     <DistanceMeters>47608.87343739051</DistanceMeters>
    </Trackpoint>
    <Trackpoint>
     <Time>2026-07-19T01:57:42+00:00</Time>
     <Position>
      <LatitudeDegrees>-33.6165900</LatitudeDegrees>
      <LongitudeDegrees>-70.2931600</LongitudeDegrees>
     </Position>
     <AltitudeMeters>2057.62</AltitudeMeters>
     <DistanceMeters>47627.79370289513</DistanceMeters>
    </Trackpoint>
    <Trackpoint>
     <Time>2026-07-19T01:57:48+00:00</Time>
     <Position>
      <LatitudeDegrees>-33.6161200</LatitudeDegrees>
      <LongitudeDegrees>-70.2930250</LongitudeDegrees>
     </Position>
     <AltitudeMeters>2060.57</AltitudeMeters>
     <DistanceMeters>47681.57832905423</DistanceMeters>
    </Trackpoint>
    <Trackpoint>
     <Time>2026-07-19T01:57:54+00:00</Time>
     <Position>
      <LatitudeDegrees>-33.6156500</LatitudeDegrees>
      <LongitudeDegrees>-70.2928900</LongitudeDegrees>
     </Position>
     <AltitudeMeters>2065.13</AltitudeMeters>
     <DistanceMeters>47735.36292218601</DistanceMeters>
    </Trackpoint>
    <Trackpoint>
     <Time>2026-07-19T01:57:59+00:00</Time>
     <Position>
      <LatitudeDegrees>-33.6155600</LatitudeDegrees>
      <LongitudeDegrees>-70.2928900</LongitudeDegrees>
     </Position>
     <AltitudeMeters>2065.78</AltitudeMeters>
     <DistanceMeters>47745.3795333357</DistanceMeters>
    </Trackpoint>
    <Trackpoint>
     <Time>2026-07-19T01:58:05+00:00</Time>
     <Position>
      <LatitudeDegrees>-33.6154000</LatitudeDegrees>
      <LongitudeDegrees>-70.2929400</LongitudeDegrees>
     </Position>
     <AltitudeMeters>2067.21</AltitudeMeters>
     <DistanceMeters>47763.77996819511</DistanceMeters>
    </Trackpoint>
    <Trackpoint>
     <Time>2026-07-19T01:58:11+00:00</Time>
     <Position>
      <LatitudeDegrees>-33.6151800</LatitudeDegrees>
      <LongitudeDegrees>-70.2931100</LongitudeDegrees>
     </Position>
     <AltitudeMeters>2068.96</AltitudeMeters>
     <DistanceMeters>47792.89660471535</DistanceMeters>
    </Trackpoint>
    <Trackpoint>
     <Time>2026-07-19T01:58:16+00:00</Time>
     <Position>
      <LatitudeDegrees>-33.6150200</LatitudeDegrees>
      <LongitudeDegrees>-70.2931600</LongitudeDegrees>
     </Position>
     <AltitudeMeters>2068.96</AltitudeMeters>
     <DistanceMeters>47811.29704472068</DistanceMeters>
    </Trackpoint>
    <Trackpoint>
     <Time>2026-07-19T01:58:22+00:00</Time>
     <Position>
      <LatitudeDegrees>-33.6148400</LatitudeDegrees>
      <LongitudeDegrees>-70.2931600</LongitudeDegrees>
     </Position>
     <AltitudeMeters>2071.79</AltitudeMeters>
     <DistanceMeters>47831.330267020065</DistanceMeters>
    </Trackpoint>
    <Trackpoint>
     <Time>2026-07-19T01:58:28+00:00</Time>
     <Position>
      <LatitudeDegrees>-33.6142700</LatitudeDegrees>
      <LongitudeDegrees>-70.2930650</LongitudeDegrees>
     </Position>
     <AltitudeMeters>2076.12</AltitudeMeters>
     <DistanceMeters>47895.37694391107</DistanceMeters>
    </Trackpoint>
    <Trackpoint>
     <Time>2026-07-19T01:58:34+00:00</Time>
     <Position>
      <LatitudeDegrees>-33.6137000</LatitudeDegrees>
      <LongitudeDegrees>-70.2929700</LongitudeDegrees>
     </Position>
     <AltitudeMeters>2081.21</AltitudeMeters>
     <DistanceMeters>47959.42363423324</DistanceMeters>
    </Trackpoint>
    <Trackpoint>
     <Time>2026-07-19T01:58:39+00:00</Time>
     <Position>
      <LatitudeDegrees>-33.6136100</LatitudeDegrees>
      <LongitudeDegrees>-70.2929400</LongitudeDegrees>
     </Position>
     <AltitudeMeters>2082.07</AltitudeMeters>
     <DistanceMeters>47969.819022622476</DistanceMeters>
    </Trackpoint>
    <Trackpoint>
     <Time>2026-07-19T01:58:45+00:00</Time>
     <Position>
      <LatitudeDegrees>-33.6134600</LatitudeDegrees>
      <LongitudeDegrees>-70.2928300</LongitudeDegrees>
     </Position>
     <AltitudeMeters>2083.53</AltitudeMeters>
     <DistanceMeters>47989.380432418155</DistanceMeters>
    </Trackpoint>
    <Trackpoint>
     <Time>2026-07-19T01:58:51+00:00</Time>
     <Position>
      <LatitudeDegrees>-33.6133400</LatitudeDegrees>
      <LongitudeDegrees>-70.2927100</LongitudeDegrees>
     </Position>
     <AltitudeMeters>2088.6</AltitudeMeters>
     <DistanceMeters>48006.76074404689</DistanceMeters>
    </Trackpoint>
    <Trackpoint>
     <Time>2026-07-19T01:58:56+00:00</Time>
     <Position>
      <LatitudeDegrees>-33.6133400</LatitudeDegrees>
      <LongitudeDegrees>-70.2925800</LongitudeDegrees>
     </Position>
     <AltitudeMeters>2088.6</AltitudeMeters>
     <DistanceMeters>48018.80994914487</DistanceMeters>
    </Trackpoint>
    <Trackpoint>
     <Time>2026-07-19T01:59:02+00:00</Time>
     <Position>
      <LatitudeDegrees>-33.6133800</LatitudeDegrees>
      <LongitudeDegrees>-70.2924900</LongitudeDegrees>
     </Position>
     <AltitudeMeters>2090.23</AltitudeMeters>
     <DistanceMeters>48028.26529943132</DistanceMeters>
    </Trackpoint>
    <Trackpoint>
     <Time>2026-07-19T01:59:08+00:00</Time>
     <Position>
      <LatitudeDegrees>-33.6135000</LatitudeDegrees>
      <LongitudeDegrees>-70.2924100</LongitudeDegrees>
     </Position>
     <AltitudeMeters>2093.01</AltitudeMeters>
     <DistanceMeters>48043.54107875232</DistanceMeters>
    </Trackpoint>
    <Trackpoint>
     <Time>2026-07-19T01:59:14+00:00</Time>
     <Position>
      <LatitudeDegrees>-33.6141900</LatitudeDegrees>
      <LongitudeDegrees>-70.2922700</LongitudeDegrees>
     </Position>
     <AltitudeMeters>2100.4500000000003</AltitudeMeters>
     <DistanceMeters>48121.423667744435</DistanceMeters>
    </Trackpoint>
    <Trackpoint>
     <Time>2026-07-19T01:59:19+00:00</Time>
     <Position>
      <LatitudeDegrees>-33.6146400</LatitudeDegrees>
      <LongitudeDegrees>-70.2922200</LongitudeDegrees>
     </Position>
     <AltitudeMeters>2107.76</AltitudeMeters>
     <DistanceMeters>48171.72067325516</DistanceMeters>
    </Trackpoint>
    <Trackpoint>
     <Time>2026-07-19T01:59:25+00:00</Time>
     <Position>
      <LatitudeDegrees>-33.6147500</LatitudeDegrees>
      <LongitudeDegrees>-70.2921700</LongitudeDegrees>
     </Position>
     <AltitudeMeters>2108.8500000000004</AltitudeMeters>
     <DistanceMeters>48184.810958304624</DistanceMeters>
    </Trackpoint>
    <Trackpoint>
     <Time>2026-07-19T01:59:31+00:00</Time>
     <Position>
      <LatitudeDegrees>-33.6149500</LatitudeDegrees>
      <LongitudeDegrees>-70.2919900</LongitudeDegrees>
     </Position>
     <AltitudeMeters>2111.4300000000003</AltitudeMeters>
     <DistanceMeters>48212.62820192225</DistanceMeters>
    </Trackpoint>
    <Trackpoint>
     <Time>2026-07-19T01:59:37+00:00</Time>
     <Position>
      <LatitudeDegrees>-33.6151500</LatitudeDegrees>
      <LongitudeDegrees>-70.2916500</LongitudeDegrees>
     </Position>
     <AltitudeMeters>2116.4</AltitudeMeters>
     <DistanceMeters>48251.20952069916</DistanceMeters>
    </Trackpoint>
    <Trackpoint>
     <Time>2026-07-19T01:59:42+00:00</Time>
     <Position>
      <LatitudeDegrees>-33.6154400</LatitudeDegrees>
      <LongitudeDegrees>-70.2912800</LongitudeDegrees>
     </Position>
     <AltitudeMeters>2123.38</AltitudeMeters>
     <DistanceMeters>48298.302423408444</DistanceMeters>
    </Trackpoint>
    <Trackpoint>
     <Time>2026-07-19T01:59:48+00:00</Time>
     <Position>
      <LatitudeDegrees>-33.6154700</LatitudeDegrees>
      <LongitudeDegrees>-70.2912300</LongitudeDegrees>
     </Position>
     <AltitudeMeters>2123.38</AltitudeMeters>
     <DistanceMeters>48304.014150589916</DistanceMeters>
    </Trackpoint>
    <Trackpoint>
     <Time>2026-07-19T01:59:54+00:00</Time>
     <Position>
      <LatitudeDegrees>-33.6154400</LatitudeDegrees>
      <LongitudeDegrees>-70.2911900</LongitudeDegrees>
     </Position>
     <AltitudeMeters>2123.38</AltitudeMeters>
     <DistanceMeters>48309.00339396831</DistanceMeters>
    </Trackpoint>
    <Trackpoint>
     <Time>2026-07-19T01:59:59+00:00</Time>
     <Position>
      <LatitudeDegrees>-33.6154000</LatitudeDegrees>
      <LongitudeDegrees>-70.2911800</LongitudeDegrees>
     </Position>
     <AltitudeMeters>2123.99</AltitudeMeters>
     <DistanceMeters>48313.55067851978</DistanceMeters>
    </Trackpoint>
    <Trackpoint>
     <Time>2026-07-19T02:00:05+00:00</Time>
     <Position>
      <LatitudeDegrees>-33.6153500</LatitudeDegrees>
      <LongitudeDegrees>-70.2911900</LongitudeDegrees>
     </Position>
     <AltitudeMeters>2123.99</AltitudeMeters>
     <DistanceMeters>48319.19211921597</DistanceMeters>
    </Trackpoint>
    <Trackpoint>
     <Time>2026-07-19T02:00:11+00:00</Time>
     <Position>
      <LatitudeDegrees>-33.6147500</LatitudeDegrees>
      <LongitudeDegrees>-70.2917400</LongitudeDegrees>
     </Position>
     <AltitudeMeters>2131.71</AltitudeMeters>
     <DistanceMeters>48403.202922110286</DistanceMeters>
    </Trackpoint>
    <Trackpoint>
     <Time>2026-07-19T02:00:17+00:00</Time>
     <Position>
      <LatitudeDegrees>-33.6145700</LatitudeDegrees>
      <LongitudeDegrees>-70.2918100</LongitudeDegrees>
     </Position>
     <AltitudeMeters>2131.71</AltitudeMeters>
     <DistanceMeters>48424.260540334406</DistanceMeters>
    </Trackpoint>
    <Trackpoint>
     <Time>2026-07-19T02:00:22+00:00</Time>
     <Position>
      <LatitudeDegrees>-33.6140650</LatitudeDegrees>
      <LongitudeDegrees>-70.2916100</LongitudeDegrees>
     </Position>
     <AltitudeMeters>2143.21</AltitudeMeters>
     <DistanceMeters>48483.44286169546</DistanceMeters>
    </Trackpoint>
    <Trackpoint>
     <Time>2026-07-19T02:00:28+00:00</Time>
     <Position>
      <LatitudeDegrees>-33.6135600</LatitudeDegrees>
      <LongitudeDegrees>-70.2914100</LongitudeDegrees>
     </Position>
     <AltitudeMeters>2148.5600000000004</AltitudeMeters>
     <DistanceMeters>48542.62521090268</DistanceMeters>
    </Trackpoint>
    <Trackpoint>
     <Time>2026-07-19T02:00:34+00:00</Time>
     <Position>
      <LatitudeDegrees>-33.6131800</LatitudeDegrees>
      <LongitudeDegrees>-70.2909700</LongitudeDegrees>
     </Position>
     <AltitudeMeters>2152.3700000000003</AltitudeMeters>
     <DistanceMeters>48601.3772985738</DistanceMeters>
    </Trackpoint>
    <Trackpoint>
     <Time>2026-07-19T02:00:39+00:00</Time>
     <Position>
      <LatitudeDegrees>-33.6129400</LatitudeDegrees>
      <LongitudeDegrees>-70.2906000</LongitudeDegrees>
     </Position>
     <AltitudeMeters>2157.96</AltitudeMeters>
     <DistanceMeters>48644.846301074125</DistanceMeters>
    </Trackpoint>
    <Trackpoint>
     <Time>2026-07-19T02:00:45+00:00</Time>
     <Position>
      <LatitudeDegrees>-33.6126200</LatitudeDegrees>
      <LongitudeDegrees>-70.2902600</LongitudeDegrees>
     </Position>
     <AltitudeMeters>2164.4900000000002</AltitudeMeters>
     <DistanceMeters>48692.40155641675</DistanceMeters>
    </Trackpoint>
    <Trackpoint>
     <Time>2026-07-19T02:00:51+00:00</Time>
     <Position>
      <LatitudeDegrees>-33.6125100</LatitudeDegrees>
      <LongitudeDegrees>-70.2900700</LongitudeDegrees>
     </Position>
     <AltitudeMeters>2166.17</AltitudeMeters>
     <DistanceMeters>48713.849408424474</DistanceMeters>
    </Trackpoint>
    <Trackpoint>
     <Time>2026-07-19T02:00:57+00:00</Time>
     <Position>
      <LatitudeDegrees>-33.6122700</LatitudeDegrees>
      <LongitudeDegrees>-70.2895800</LongitudeDegrees>
     </Position>
     <AltitudeMeters>2172.96</AltitudeMeters>
     <DistanceMeters>48766.53864243265</DistanceMeters>
    </Trackpoint>
    <Trackpoint>
     <Time>2026-07-19T02:01:02+00:00</Time>
     <Position>
      <LatitudeDegrees>-33.6121800</LatitudeDegrees>
      <LongitudeDegrees>-70.2894400</LongitudeDegrees>
     </Position>
     <AltitudeMeters>2174.34</AltitudeMeters>
     <DistanceMeters>48782.93117642566</DistanceMeters>
    </Trackpoint>
    <Trackpoint>
     <Time>2026-07-19T02:01:08+00:00</Time>
     <Position>
      <LatitudeDegrees>-33.6120000</LatitudeDegrees>
      <LongitudeDegrees>-70.2893600</LongitudeDegrees>
     </Position>
     <AltitudeMeters>2178.0000000000005</AltitudeMeters>
     <DistanceMeters>48804.29264324853</DistanceMeters>
    </Trackpoint>
    <Trackpoint>
     <Time>2026-07-19T02:01:14+00:00</Time>
     <Position>
      <LatitudeDegrees>-33.6119300</LatitudeDegrees>
      <LongitudeDegrees>-70.2893900</LongitudeDegrees>
     </Position>
     <AltitudeMeters>2179.3300000000004</AltitudeMeters>
     <DistanceMeters>48812.5646969544</DistanceMeters>
    </Trackpoint>
    <Trackpoint>
     <Time>2026-07-19T02:01:20+00:00</Time>
     <Position>
      <LatitudeDegrees>-33.6118400</LatitudeDegrees>
      <LongitudeDegrees>-70.2894100</LongitudeDegrees>
     </Position>
     <AltitudeMeters>2180.5000000000005</AltitudeMeters>
     <DistanceMeters>48822.751399418274</DistanceMeters>
    </Trackpoint>
    <Trackpoint>
     <Time>2026-07-19T02:01:25+00:00</Time>
     <Position>
      <LatitudeDegrees>-33.6113500</LatitudeDegrees>
      <LongitudeDegrees>-70.2897600</LongitudeDegrees>
     </Position>
     <AltitudeMeters>2188.27</AltitudeMeters>
     <DistanceMeters>48886.20579672687</DistanceMeters>
    </Trackpoint>
    <Trackpoint>
     <Time>2026-07-19T02:01:31+00:00</Time>
     <Position>
      <LatitudeDegrees>-33.6110800</LatitudeDegrees>
      <LongitudeDegrees>-70.2898900</LongitudeDegrees>
     </Position>
     <AltitudeMeters>2194.46</AltitudeMeters>
     <DistanceMeters>48918.58145104222</DistanceMeters>
    </Trackpoint>
    <Trackpoint>
     <Time>2026-07-19T02:01:37+00:00</Time>
     <Position>
      <LatitudeDegrees>-33.6109200</LatitudeDegrees>
      <LongitudeDegrees>-70.2899400</LongitudeDegrees>
     </Position>
     <AltitudeMeters>2194.46</AltitudeMeters>
     <DistanceMeters>48936.98194656743</DistanceMeters>
    </Trackpoint>
    <Trackpoint>
     <Time>2026-07-19T02:01:42+00:00</Time>
     <Position>
      <LatitudeDegrees>-33.6107700</LatitudeDegrees>
      <LongitudeDegrees>-70.2899400</LongitudeDegrees>
     </Position>
     <AltitudeMeters>2195.7500000000005</AltitudeMeters>
     <DistanceMeters>48953.67629848332</DistanceMeters>
    </Trackpoint>
    <Trackpoint>
     <Time>2026-07-19T02:01:48+00:00</Time>
     <Position>
      <LatitudeDegrees>-33.6106500</LatitudeDegrees>
      <LongitudeDegrees>-70.2898900</LongitudeDegrees>
     </Position>
     <AltitudeMeters>2198.2799999999997</AltitudeMeters>
     <DistanceMeters>48967.8130245383</DistanceMeters>
    </Trackpoint>
    <Trackpoint>
     <Time>2026-07-19T02:01:54+00:00</Time>
     <Position>
      <LatitudeDegrees>-33.6104800</LatitudeDegrees>
      <LongitudeDegrees>-70.2897300</LongitudeDegrees>
     </Position>
     <AltitudeMeters>2201.0</AltitudeMeters>
     <DistanceMeters>48991.852852015196</DistanceMeters>
    </Trackpoint>
    <Trackpoint>
     <Time>2026-07-19T02:02:00+00:00</Time>
     <Position>
      <LatitudeDegrees>-33.6104100</LatitudeDegrees>
      <LongitudeDegrees>-70.2896200</LongitudeDegrees>
     </Position>
     <AltitudeMeters>2177.2599999999998</AltitudeMeters>
     <DistanceMeters>49004.6844453939</DistanceMeters>
    </Trackpoint>
    <Trackpoint>
     <Time>2026-07-19T02:02:05+00:00</Time>
     <Position>
      <LatitudeDegrees>-33.6103800</LatitudeDegrees>
      <LongitudeDegrees>-70.2894900</LongitudeDegrees>
     </Position>
     <AltitudeMeters>2177.2599999999998</AltitudeMeters>
     <DistanceMeters>49017.18809765078</DistanceMeters>
    </Trackpoint>
    <Trackpoint>
     <Time>2026-07-19T02:02:11+00:00</Time>
     <Position>
      <LatitudeDegrees>-33.6103900</LatitudeDegrees>
      <LongitudeDegrees>-70.2893700</LongitudeDegrees>
     </Position>
     <AltitudeMeters>2178.32</AltitudeMeters>
     <DistanceMeters>49028.366365508904</DistanceMeters>
    </Trackpoint>
    <Trackpoint>
     <Time>2026-07-19T02:02:17+00:00</Time>
     <Position>
      <LatitudeDegrees>-33.6105000</LatitudeDegrees>
      <LongitudeDegrees>-70.2892200</LongitudeDegrees>
     </Position>
     <AltitudeMeters>2179.8</AltitudeMeters>
     <DistanceMeters>49046.891586954145</DistanceMeters>
    </Trackpoint>
    <Trackpoint>
     <Time>2026-07-19T02:02:22+00:00</Time>
     <Position>
      <LatitudeDegrees>-33.6107700</LatitudeDegrees>
      <LongitudeDegrees>-70.2889100</LongitudeDegrees>
     </Position>
     <AltitudeMeters>2183.8900000000003</AltitudeMeters>
     <DistanceMeters>49088.46818489908</DistanceMeters>
    </Trackpoint>
    <Trackpoint>
     <Time>2026-07-19T02:02:28+00:00</Time>
     <Position>
      <LatitudeDegrees>-33.6107900</LatitudeDegrees>
      <LongitudeDegrees>-70.2888100</LongitudeDegrees>
     </Position>
     <AltitudeMeters>2185.1200000000003</AltitudeMeters>
     <DistanceMeters>49098.00060841209</DistanceMeters>
    </Trackpoint>
    <Trackpoint>
     <Time>2026-07-19T02:02:34+00:00</Time>
     <Position>
      <LatitudeDegrees>-33.6107700</LatitudeDegrees>
      <LongitudeDegrees>-70.2887700</LongitudeDegrees>
     </Position>
     <AltitudeMeters>2185.1200000000003</AltitudeMeters>
     <DistanceMeters>49102.325036280905</DistanceMeters>
    </Trackpoint>
    <Trackpoint>
     <Time>2026-07-19T02:02:40+00:00</Time>
     <Position>
      <LatitudeDegrees>-33.6106900</LatitudeDegrees>
      <LongitudeDegrees>-70.2887500</LongitudeDegrees>
     </Position>
     <AltitudeMeters>2185.1200000000003</AltitudeMeters>
     <DistanceMeters>49111.41962594321</DistanceMeters>
    </Trackpoint>
    <Trackpoint>
     <Time>2026-07-19T02:02:45+00:00</Time>
     <Position>
      <LatitudeDegrees>-33.6107000</LatitudeDegrees>
      <LongitudeDegrees>-70.2887500</LongitudeDegrees>
     </Position>
     <AltitudeMeters>2185.1200000000003</AltitudeMeters>
     <DistanceMeters>49111.41962594321</DistanceMeters>
    </Trackpoint>
    <Trackpoint>
     <Time>2026-07-19T02:02:51+00:00</Time>
     <Position>
      <LatitudeDegrees>-33.6102700</LatitudeDegrees>
      <LongitudeDegrees>-70.2888300</LongitudeDegrees>
     </Position>
     <AltitudeMeters>2191.0000000000005</AltitudeMeters>
     <DistanceMeters>49159.84782405484</DistanceMeters>
    </Trackpoint>
    <Trackpoint>
     <Time>2026-07-19T02:02:57+00:00</Time>
     <Position>
      <LatitudeDegrees>-33.6098900</LatitudeDegrees>
      <LongitudeDegrees>-70.2889600</LongitudeDegrees>
     </Position>
     <AltitudeMeters>2193.8500000000004</AltitudeMeters>
     <DistanceMeters>49203.82324771964</DistanceMeters>
    </Trackpoint>
    <Trackpoint>
     <Time>2026-07-19T02:03:02+00:00</Time>
     <Position>
      <LatitudeDegrees>-33.6095600</LatitudeDegrees>
      <LongitudeDegrees>-70.2890400</LongitudeDegrees>
     </Position>
     <AltitudeMeters>2198.36</AltitudeMeters>
     <DistanceMeters>49241.291901203665</DistanceMeters>
    </Trackpoint>
    <Trackpoint>
     <Time>2026-07-19T02:03:08+00:00</Time>
     <Position>
      <LatitudeDegrees>-33.6094400</LatitudeDegrees>
      <LongitudeDegrees>-70.2890000</LongitudeDegrees>
     </Position>
     <AltitudeMeters>2199.6900000000005</AltitudeMeters>
     <DistanceMeters>49255.15246685886</DistanceMeters>
    </Trackpoint>
    <Trackpoint>
     <Time>2026-07-19T02:03:14+00:00</Time>
     <Position>
      <LatitudeDegrees>-33.6093100</LatitudeDegrees>
      <LongitudeDegrees>-70.2888600</LongitudeDegrees>
     </Position>
     <AltitudeMeters>2203.78</AltitudeMeters>
     <DistanceMeters>49274.58773155735</DistanceMeters>
    </Trackpoint>
    <Trackpoint>
     <Time>2026-07-19T02:03:20+00:00</Time>
     <Position>
      <LatitudeDegrees>-33.6091300</LatitudeDegrees>
      <LongitudeDegrees>-70.2887400</LongitudeDegrees>
     </Position>
     <AltitudeMeters>2207.05</AltitudeMeters>
     <DistanceMeters>49297.50166485266</DistanceMeters>
    </Trackpoint>
    <Trackpoint>
     <Time>2026-07-19T02:03:25+00:00</Time>
     <Position>
      <LatitudeDegrees>-33.6090200</LatitudeDegrees>
      <LongitudeDegrees>-70.2887200</LongitudeDegrees>
     </Position>
     <AltitudeMeters>2207.05</AltitudeMeters>
     <DistanceMeters>49309.88375046771</DistanceMeters>
    </Trackpoint>
    <Trackpoint>
     <Time>2026-07-19T02:03:31+00:00</Time>
     <Position>
      <LatitudeDegrees>-33.6089300</LatitudeDegrees>
      <LongitudeDegrees>-70.2886400</LongitudeDegrees>
     </Position>
     <AltitudeMeters>2207.05</AltitudeMeters>
     <DistanceMeters>49322.34644447291</DistanceMeters>
    </Trackpoint>
    <Trackpoint>
     <Time>2026-07-19T02:03:37+00:00</Time>
     <Position>
      <LatitudeDegrees>-33.6087700</LatitudeDegrees>
      <LongitudeDegrees>-70.2886400</LongitudeDegrees>
     </Position>
     <AltitudeMeters>2214.3900000000003</AltitudeMeters>
     <DistanceMeters>49340.15375318356</DistanceMeters>
    </Trackpoint>
    <Trackpoint>
     <Time>2026-07-19T02:03:43+00:00</Time>
     <Position>
      <LatitudeDegrees>-33.6089300</LatitudeDegrees>
      <LongitudeDegrees>-70.2886400</LongitudeDegrees>
     </Position>
     <AltitudeMeters>2207.05</AltitudeMeters>
     <DistanceMeters>49357.96106189421</DistanceMeters>
    </Trackpoint>
    <Trackpoint>
     <Time>2026-07-19T02:03:48+00:00</Time>
     <Position>
      <LatitudeDegrees>-33.6090200</LatitudeDegrees>
      <LongitudeDegrees>-70.2887200</LongitudeDegrees>
     </Position>
     <AltitudeMeters>2207.05</AltitudeMeters>
     <DistanceMeters>49370.423755899414</DistanceMeters>
    </Trackpoint>
    <Trackpoint>
     <Time>2026-07-19T02:03:54+00:00</Time>
     <Position>
      <LatitudeDegrees>-33.6091300</LatitudeDegrees>
      <LongitudeDegrees>-70.2887400</LongitudeDegrees>
     </Position>
     <AltitudeMeters>2203.78</AltitudeMeters>
     <DistanceMeters>49382.805841514455</DistanceMeters>
    </Trackpoint>
    <Trackpoint>
     <Time>2026-07-19T02:04:00+00:00</Time>
     <Position>
      <LatitudeDegrees>-33.6093100</LatitudeDegrees>
      <LongitudeDegrees>-70.2888600</LongitudeDegrees>
     </Position>
     <AltitudeMeters>2203.78</AltitudeMeters>
     <DistanceMeters>49405.71977480977</DistanceMeters>
    </Trackpoint>
    <Trackpoint>
     <Time>2026-07-19T02:04:05+00:00</Time>
     <Position>
      <LatitudeDegrees>-33.6094400</LatitudeDegrees>
      <LongitudeDegrees>-70.2890000</LongitudeDegrees>
     </Position>
     <AltitudeMeters>2199.6900000000005</AltitudeMeters>
     <DistanceMeters>49425.15503950825</DistanceMeters>
    </Trackpoint>
    <Trackpoint>
     <Time>2026-07-19T02:04:11+00:00</Time>
     <Position>
      <LatitudeDegrees>-33.6095600</LatitudeDegrees>
      <LongitudeDegrees>-70.2890400</LongitudeDegrees>
     </Position>
     <AltitudeMeters>2197.09</AltitudeMeters>
     <DistanceMeters>49439.015605163455</DistanceMeters>
    </Trackpoint>
    <Trackpoint>
     <Time>2026-07-19T02:04:17+00:00</Time>
     <Position>
      <LatitudeDegrees>-33.6098900</LatitudeDegrees>
      <LongitudeDegrees>-70.2889600</LongitudeDegrees>
     </Position>
     <AltitudeMeters>2193.8500000000004</AltitudeMeters>
     <DistanceMeters>49476.48425864748</DistanceMeters>
    </Trackpoint>
    <Trackpoint>
     <Time>2026-07-19T02:04:23+00:00</Time>
     <Position>
      <LatitudeDegrees>-33.6102700</LatitudeDegrees>
      <LongitudeDegrees>-70.2888300</LongitudeDegrees>
     </Position>
     <AltitudeMeters>2188.31</AltitudeMeters>
     <DistanceMeters>49520.45968231228</DistanceMeters>
    </Trackpoint>
    <Trackpoint>
     <Time>2026-07-19T02:04:28+00:00</Time>
     <Position>
      <LatitudeDegrees>-33.6107000</LatitudeDegrees>
      <LongitudeDegrees>-70.2887400</LongitudeDegrees>
     </Position>
     <AltitudeMeters>2184.87</AltitudeMeters>
     <DistanceMeters>49569.03843879548</DistanceMeters>
    </Trackpoint>
    <Trackpoint>
     <Time>2026-07-19T02:04:34+00:00</Time>
     <Position>
      <LatitudeDegrees>-33.6107700</LatitudeDegrees>
      <LongitudeDegrees>-70.2887700</LongitudeDegrees>
     </Position>
     <AltitudeMeters>2183.8900000000003</AltitudeMeters>
     <DistanceMeters>49577.31050583847</DistanceMeters>
    </Trackpoint>
    <Trackpoint>
     <Time>2026-07-19T02:04:40+00:00</Time>
     <Position>
      <LatitudeDegrees>-33.6107900</LatitudeDegrees>
      <LongitudeDegrees>-70.2888100</LongitudeDegrees>
     </Position>
     <AltitudeMeters>2182.96</AltitudeMeters>
     <DistanceMeters>49581.634933707275</DistanceMeters>
    </Trackpoint>
    <Trackpoint>
     <Time>2026-07-19T02:04:45+00:00</Time>
     <Position>
      <LatitudeDegrees>-33.6107700</LatitudeDegrees>
      <LongitudeDegrees>-70.2889100</LongitudeDegrees>
     </Position>
     <AltitudeMeters>2182.96</AltitudeMeters>
     <DistanceMeters>49591.16735722029</DistanceMeters>
    </Trackpoint>
    <Trackpoint>
     <Time>2026-07-19T02:04:51+00:00</Time>
     <Position>
      <LatitudeDegrees>-33.6105000</LatitudeDegrees>
      <LongitudeDegrees>-70.2892200</LongitudeDegrees>
     </Position>
     <AltitudeMeters>2178.32</AltitudeMeters>
     <DistanceMeters>49632.74395516523</DistanceMeters>
    </Trackpoint>
    <Trackpoint>
     <Time>2026-07-19T02:04:57+00:00</Time>
     <Position>
      <LatitudeDegrees>-33.6103900</LatitudeDegrees>
      <LongitudeDegrees>-70.2893700</LongitudeDegrees>
     </Position>
     <AltitudeMeters>2177.2599999999998</AltitudeMeters>
     <DistanceMeters>49651.26917661047</DistanceMeters>
    </Trackpoint>
    <Trackpoint>
     <Time>2026-07-19T02:05:03+00:00</Time>
     <Position>
      <LatitudeDegrees>-33.6103800</LatitudeDegrees>
      <LongitudeDegrees>-70.2894900</LongitudeDegrees>
     </Position>
     <AltitudeMeters>2177.2599999999998</AltitudeMeters>
     <DistanceMeters>49662.447444468584</DistanceMeters>
    </Trackpoint>
    <Trackpoint>
     <Time>2026-07-19T02:05:08+00:00</Time>
     <Position>
      <LatitudeDegrees>-33.6104100</LatitudeDegrees>
      <LongitudeDegrees>-70.2896200</LongitudeDegrees>
     </Position>
     <AltitudeMeters>2201.0</AltitudeMeters>
     <DistanceMeters>49674.951096725476</DistanceMeters>
    </Trackpoint>
    <Trackpoint>
     <Time>2026-07-19T02:05:14+00:00</Time>
     <Position>
      <LatitudeDegrees>-33.6104800</LatitudeDegrees>
      <LongitudeDegrees>-70.2897300</LongitudeDegrees>
     </Position>
     <AltitudeMeters>2199.61</AltitudeMeters>
     <DistanceMeters>49687.78269010418</DistanceMeters>
    </Trackpoint>
    <Trackpoint>
     <Time>2026-07-19T02:05:20+00:00</Time>
     <Position>
      <LatitudeDegrees>-33.6106500</LatitudeDegrees>
      <LongitudeDegrees>-70.2898900</LongitudeDegrees>
     </Position>
     <AltitudeMeters>2195.7500000000005</AltitudeMeters>
     <DistanceMeters>49711.82251758107</DistanceMeters>
    </Trackpoint>
    <Trackpoint>
     <Time>2026-07-19T02:05:25+00:00</Time>
     <Position>
      <LatitudeDegrees>-33.6107700</LatitudeDegrees>
      <LongitudeDegrees>-70.2899400</LongitudeDegrees>
     </Position>
     <AltitudeMeters>2195.7500000000005</AltitudeMeters>
     <DistanceMeters>49725.959243636054</DistanceMeters>
    </Trackpoint>
    <Trackpoint>
     <Time>2026-07-19T02:05:31+00:00</Time>
     <Position>
      <LatitudeDegrees>-33.6109200</LatitudeDegrees>
      <LongitudeDegrees>-70.2899400</LongitudeDegrees>
     </Position>
     <AltitudeMeters>2194.46</AltitudeMeters>
     <DistanceMeters>49742.653595551936</DistanceMeters>
    </Trackpoint>
    <Trackpoint>
     <Time>2026-07-19T02:05:37+00:00</Time>
     <Position>
      <LatitudeDegrees>-33.6110800</LatitudeDegrees>
      <LongitudeDegrees>-70.2898900</LongitudeDegrees>
     </Position>
     <AltitudeMeters>2189.62</AltitudeMeters>
     <DistanceMeters>49761.05409107715</DistanceMeters>
    </Trackpoint>
    <Trackpoint>
     <Time>2026-07-19T02:05:43+00:00</Time>
     <Position>
      <LatitudeDegrees>-33.6113500</LatitudeDegrees>
      <LongitudeDegrees>-70.2897600</LongitudeDegrees>
     </Position>
     <AltitudeMeters>2185.71</AltitudeMeters>
     <DistanceMeters>49793.429745392496</DistanceMeters>
    </Trackpoint>
    <Trackpoint>
     <Time>2026-07-19T02:05:48+00:00</Time>
     <Position>
      <LatitudeDegrees>-33.6118400</LatitudeDegrees>
      <LongitudeDegrees>-70.2894100</LongitudeDegrees>
     </Position>
     <AltitudeMeters>2179.3300000000004</AltitudeMeters>
     <DistanceMeters>49856.8841427011</DistanceMeters>
    </Trackpoint>
    <Trackpoint>
     <Time>2026-07-19T02:05:54+00:00</Time>
     <Position>
      <LatitudeDegrees>-33.6120000</LatitudeDegrees>
      <LongitudeDegrees>-70.2893600</LongitudeDegrees>
     </Position>
     <AltitudeMeters>2178.0000000000005</AltitudeMeters>
     <DistanceMeters>49875.2846257685</DistanceMeters>
    </Trackpoint>
    <Trackpoint>
     <Time>2026-07-19T02:06:00+00:00</Time>
     <Position>
      <LatitudeDegrees>-33.6121800</LatitudeDegrees>
      <LongitudeDegrees>-70.2894400</LongitudeDegrees>
     </Position>
     <AltitudeMeters>2172.96</AltitudeMeters>
     <DistanceMeters>49896.64609259136</DistanceMeters>
    </Trackpoint>
    <Trackpoint>
     <Time>2026-07-19T02:06:06+00:00</Time>
     <Position>
      <LatitudeDegrees>-33.6122700</LatitudeDegrees>
      <LongitudeDegrees>-70.2895800</LongitudeDegrees>
     </Position>
     <AltitudeMeters>2171.65</AltitudeMeters>
     <DistanceMeters>49913.038626584384</DistanceMeters>
    </Trackpoint>
    <Trackpoint>
     <Time>2026-07-19T02:06:11+00:00</Time>
     <Position>
      <LatitudeDegrees>-33.6125100</LatitudeDegrees>
      <LongitudeDegrees>-70.2900700</LongitudeDegrees>
     </Position>
     <AltitudeMeters>2164.4900000000002</AltitudeMeters>
     <DistanceMeters>49965.72786059255</DistanceMeters>
    </Trackpoint>
    <Trackpoint>
     <Time>2026-07-19T02:06:17+00:00</Time>
     <Position>
      <LatitudeDegrees>-33.6126200</LatitudeDegrees>
      <LongitudeDegrees>-70.2902600</LongitudeDegrees>
     </Position>
     <AltitudeMeters>2161.75</AltitudeMeters>
     <DistanceMeters>49987.175712600285</DistanceMeters>
    </Trackpoint>
    <Trackpoint>
     <Time>2026-07-19T02:06:23+00:00</Time>
     <Position>
      <LatitudeDegrees>-33.6129400</LatitudeDegrees>
      <LongitudeDegrees>-70.2906000</LongitudeDegrees>
     </Position>
     <AltitudeMeters>2157.96</AltitudeMeters>
     <DistanceMeters>50034.7309679429</DistanceMeters>
    </Trackpoint>
    <Trackpoint>
     <Time>2026-07-19T02:06:28+00:00</Time>
     <Position>
      <LatitudeDegrees>-33.6131800</LatitudeDegrees>
      <LongitudeDegrees>-70.2909700</LongitudeDegrees>
     </Position>
     <AltitudeMeters>2152.3700000000003</AltitudeMeters>
     <DistanceMeters>50078.199970443224</DistanceMeters>
    </Trackpoint>
    <Trackpoint>
     <Time>2026-07-19T02:06:34+00:00</Time>
     <Position>
      <LatitudeDegrees>-33.6135600</LatitudeDegrees>
      <LongitudeDegrees>-70.2914100</LongitudeDegrees>
     </Position>
     <AltitudeMeters>2148.5600000000004</AltitudeMeters>
     <DistanceMeters>50136.95205811435</DistanceMeters>
    </Trackpoint>
    <Trackpoint>
     <Time>2026-07-19T02:06:40+00:00</Time>
     <Position>
      <LatitudeDegrees>-33.6143900</LatitudeDegrees>
      <LongitudeDegrees>-70.2917400</LongitudeDegrees>
     </Position>
     <AltitudeMeters>2134.4700000000003</AltitudeMeters>
     <DistanceMeters>50234.259477432155</DistanceMeters>
    </Trackpoint>
    <Trackpoint>
     <Time>2026-07-19T02:06:46+00:00</Time>
     <Position>
      <LatitudeDegrees>-33.6145700</LatitudeDegrees>
      <LongitudeDegrees>-70.2918100</LongitudeDegrees>
     </Position>
     <AltitudeMeters>2134.4700000000003</AltitudeMeters>
     <DistanceMeters>50255.31709983095</DistanceMeters>
    </Trackpoint>
    <Trackpoint>
     <Time>2026-07-19T02:06:51+00:00</Time>
     <Position>
      <LatitudeDegrees>-33.6147500</LatitudeDegrees>
      <LongitudeDegrees>-70.2917400</LongitudeDegrees>
     </Position>
     <AltitudeMeters>2131.19</AltitudeMeters>
     <DistanceMeters>50276.37471805507</DistanceMeters>
    </Trackpoint>
    <Trackpoint>
     <Time>2026-07-19T02:06:57+00:00</Time>
     <Position>
      <LatitudeDegrees>-33.6153500</LatitudeDegrees>
      <LongitudeDegrees>-70.2911900</LongitudeDegrees>
     </Position>
     <AltitudeMeters>2123.38</AltitudeMeters>
     <DistanceMeters>50360.385520949385</DistanceMeters>
    </Trackpoint>
    <Trackpoint>
     <Time>2026-07-19T02:07:03+00:00</Time>
     <Position>
      <LatitudeDegrees>-33.6154000</LatitudeDegrees>
      <LongitudeDegrees>-70.2911800</LongitudeDegrees>
     </Position>
     <AltitudeMeters>2123.38</AltitudeMeters>
     <DistanceMeters>50366.02696164557</DistanceMeters>
    </Trackpoint>
    <Trackpoint>
     <Time>2026-07-19T02:07:08+00:00</Time>
     <Position>
      <LatitudeDegrees>-33.6154400</LatitudeDegrees>
      <LongitudeDegrees>-70.2911900</LongitudeDegrees>
     </Position>
     <AltitudeMeters>2123.38</AltitudeMeters>
     <DistanceMeters>50370.574246197044</DistanceMeters>
    </Trackpoint>
    <Trackpoint>
     <Time>2026-07-19T02:07:14+00:00</Time>
     <Position>
      <LatitudeDegrees>-33.6154700</LatitudeDegrees>
      <LongitudeDegrees>-70.2912300</LongitudeDegrees>
     </Position>
     <AltitudeMeters>2118.8700000000003</AltitudeMeters>
     <DistanceMeters>50375.56348957544</DistanceMeters>
    </Trackpoint>
    <Trackpoint>
     <Time>2026-07-19T02:07:20+00:00</Time>
     <Position>
      <LatitudeDegrees>-33.6154400</LatitudeDegrees>
      <LongitudeDegrees>-70.2912800</LongitudeDegrees>
     </Position>
     <AltitudeMeters>2118.8700000000003</AltitudeMeters>
     <DistanceMeters>50381.27521675691</DistanceMeters>
    </Trackpoint>
    <Trackpoint>
     <Time>2026-07-19T02:07:26+00:00</Time>
     <Position>
      <LatitudeDegrees>-33.6151500</LatitudeDegrees>
      <LongitudeDegrees>-70.2916500</LongitudeDegrees>
     </Position>
     <AltitudeMeters>2114.1</AltitudeMeters>
     <DistanceMeters>50428.3681194662</DistanceMeters>
    </Trackpoint>
    <Trackpoint>
     <Time>2026-07-19T02:07:31+00:00</Time>
     <Position>
      <LatitudeDegrees>-33.6149500</LatitudeDegrees>
      <LongitudeDegrees>-70.2919900</LongitudeDegrees>
     </Position>
     <AltitudeMeters>2111.4300000000003</AltitudeMeters>
     <DistanceMeters>50466.94943824311</DistanceMeters>
    </Trackpoint>
    <Trackpoint>
     <Time>2026-07-19T02:07:37+00:00</Time>
     <Position>
      <LatitudeDegrees>-33.6147500</LatitudeDegrees>
      <LongitudeDegrees>-70.2921700</LongitudeDegrees>
     </Position>
     <AltitudeMeters>2107.76</AltitudeMeters>
     <DistanceMeters>50494.76668186073</DistanceMeters>
    </Trackpoint>
    <Trackpoint>
     <Time>2026-07-19T02:07:43+00:00</Time>
     <Position>
      <LatitudeDegrees>-33.6146400</LatitudeDegrees>
      <LongitudeDegrees>-70.2922200</LongitudeDegrees>
     </Position>
     <AltitudeMeters>2104.8900000000003</AltitudeMeters>
     <DistanceMeters>50507.8569669102</DistanceMeters>
    </Trackpoint>
    <Trackpoint>
     <Time>2026-07-19T02:07:48+00:00</Time>
     <Position>
      <LatitudeDegrees>-33.6141900</LatitudeDegrees>
      <LongitudeDegrees>-70.2922700</LongitudeDegrees>
     </Position>
     <AltitudeMeters>2100.4500000000003</AltitudeMeters>
     <DistanceMeters>50558.15397242092</DistanceMeters>
    </Trackpoint>
    <Trackpoint>
     <Time>2026-07-19T02:07:54+00:00</Time>
     <Position>
      <LatitudeDegrees>-33.6135000</LatitudeDegrees>
      <LongitudeDegrees>-70.2924100</LongitudeDegrees>
     </Position>
     <AltitudeMeters>2090.23</AltitudeMeters>
     <DistanceMeters>50636.036561413035</DistanceMeters>
    </Trackpoint>
    <Trackpoint>
     <Time>2026-07-19T02:08:00+00:00</Time>
     <Position>
      <LatitudeDegrees>-33.6133800</LatitudeDegrees>
      <LongitudeDegrees>-70.2924900</LongitudeDegrees>
     </Position>
     <AltitudeMeters>2088.6</AltitudeMeters>
     <DistanceMeters>50651.31234073404</DistanceMeters>
    </Trackpoint>
    <Trackpoint>
     <Time>2026-07-19T02:08:06+00:00</Time>
     <Position>
      <LatitudeDegrees>-33.6133400</LatitudeDegrees>
      <LongitudeDegrees>-70.2925800</LongitudeDegrees>
     </Position>
     <AltitudeMeters>2088.6</AltitudeMeters>
     <DistanceMeters>50660.76769102049</DistanceMeters>
    </Trackpoint>
    <Trackpoint>
     <Time>2026-07-19T02:08:11+00:00</Time>
     <Position>
      <LatitudeDegrees>-33.6133400</LatitudeDegrees>
      <LongitudeDegrees>-70.2927100</LongitudeDegrees>
     </Position>
     <AltitudeMeters>2085.15</AltitudeMeters>
     <DistanceMeters>50672.816896118464</DistanceMeters>
    </Trackpoint>
    <Trackpoint>
     <Time>2026-07-19T02:08:17+00:00</Time>
     <Position>
      <LatitudeDegrees>-33.6134600</LatitudeDegrees>
      <LongitudeDegrees>-70.2928300</LongitudeDegrees>
     </Position>
     <AltitudeMeters>2082.5400000000004</AltitudeMeters>
     <DistanceMeters>50690.1972077472</DistanceMeters>
    </Trackpoint>
    <Trackpoint>
     <Time>2026-07-19T02:08:23+00:00</Time>
     <Position>
      <LatitudeDegrees>-33.6136100</LatitudeDegrees>
      <LongitudeDegrees>-70.2929400</LongitudeDegrees>
     </Position>
     <AltitudeMeters>2081.21</AltitudeMeters>
     <DistanceMeters>50709.75861754288</DistanceMeters>
    </Trackpoint>
    <Trackpoint>
     <Time>2026-07-19T02:08:29+00:00</Time>
     <Position>
      <LatitudeDegrees>-33.6137000</LatitudeDegrees>
      <LongitudeDegrees>-70.2929700</LongitudeDegrees>
     </Position>
     <AltitudeMeters>2079.9800000000005</AltitudeMeters>
     <DistanceMeters>50720.15400593212</DistanceMeters>
    </Trackpoint>
    <Trackpoint>
     <Time>2026-07-19T02:08:34+00:00</Time>
     <Position>
      <LatitudeDegrees>-33.6142700</LatitudeDegrees>
      <LongitudeDegrees>-70.2930650</LongitudeDegrees>
     </Position>
     <AltitudeMeters>2075.44</AltitudeMeters>
     <DistanceMeters>50784.20068282287</DistanceMeters>
    </Trackpoint>
    <Trackpoint>
     <Time>2026-07-19T02:08:40+00:00</Time>
     <Position>
      <LatitudeDegrees>-33.6148400</LatitudeDegrees>
      <LongitudeDegrees>-70.2931600</LongitudeDegrees>
     </Position>
     <AltitudeMeters>2071.79</AltitudeMeters>
     <DistanceMeters>50848.24737314529</DistanceMeters>
    </Trackpoint>
    <Trackpoint>
     <Time>2026-07-19T02:08:46+00:00</Time>
     <Position>
      <LatitudeDegrees>-33.6150200</LatitudeDegrees>
      <LongitudeDegrees>-70.2931600</LongitudeDegrees>
     </Position>
     <AltitudeMeters>2068.96</AltitudeMeters>
     <DistanceMeters>50868.280595444674</DistanceMeters>
    </Trackpoint>
    <Trackpoint>
     <Time>2026-07-19T02:08:51+00:00</Time>
     <Position>
      <LatitudeDegrees>-33.6151800</LatitudeDegrees>
      <LongitudeDegrees>-70.2931100</LongitudeDegrees>
     </Position>
     <AltitudeMeters>2067.85</AltitudeMeters>
     <DistanceMeters>50886.681035450005</DistanceMeters>
    </Trackpoint>
    <Trackpoint>
     <Time>2026-07-19T02:08:57+00:00</Time>
     <Position>
      <LatitudeDegrees>-33.6154000</LatitudeDegrees>
      <LongitudeDegrees>-70.2929400</LongitudeDegrees>
     </Position>
     <AltitudeMeters>2065.78</AltitudeMeters>
     <DistanceMeters>50915.79767197025</DistanceMeters>
    </Trackpoint>
    <Trackpoint>
     <Time>2026-07-19T02:09:03+00:00</Time>
     <Position>
      <LatitudeDegrees>-33.6155600</LatitudeDegrees>
      <LongitudeDegrees>-70.2928900</LongitudeDegrees>
     </Position>
     <AltitudeMeters>2064.78</AltitudeMeters>
     <DistanceMeters>50934.19810682966</DistanceMeters>
    </Trackpoint>
    <Trackpoint>
     <Time>2026-07-19T02:09:09+00:00</Time>
     <Position>
      <LatitudeDegrees>-33.6156500</LatitudeDegrees>
      <LongitudeDegrees>-70.2928900</LongitudeDegrees>
     </Position>
     <AltitudeMeters>2064.02</AltitudeMeters>
     <DistanceMeters>50944.21471797935</DistanceMeters>
    </Trackpoint>
    <Trackpoint>
     <Time>2026-07-19T02:09:14+00:00</Time>
     <Position>
      <LatitudeDegrees>-33.6161200</LatitudeDegrees>
      <LongitudeDegrees>-70.2930250</LongitudeDegrees>
     </Position>
     <AltitudeMeters>2059.5600000000004</AltitudeMeters>
     <DistanceMeters>50997.99934413874</DistanceMeters>
    </Trackpoint>
    <Trackpoint>
     <Time>2026-07-19T02:09:20+00:00</Time>
     <Position>
      <LatitudeDegrees>-33.6165900</LatitudeDegrees>
      <LongitudeDegrees>-70.2931600</LongitudeDegrees>
     </Position>
     <AltitudeMeters>2055.25</AltitudeMeters>
     <DistanceMeters>51051.78393727023</DistanceMeters>
    </Trackpoint>
    <Trackpoint>
     <Time>2026-07-19T02:09:26+00:00</Time>
     <Position>
      <LatitudeDegrees>-33.6167600</LatitudeDegrees>
      <LongitudeDegrees>-70.2931600</LongitudeDegrees>
     </Position>
     <AltitudeMeters>2055.25</AltitudeMeters>
     <DistanceMeters>51070.70420277485</DistanceMeters>
    </Trackpoint>
    <Trackpoint>
     <Time>2026-07-19T02:09:31+00:00</Time>
     <Position>
      <LatitudeDegrees>-33.6168800</LatitudeDegrees>
      <LongitudeDegrees>-70.2931500</LongitudeDegrees>
     </Position>
     <AltitudeMeters>2053.9700000000003</AltitudeMeters>
     <DistanceMeters>51084.091804899545</DistanceMeters>
    </Trackpoint>
    <Trackpoint>
     <Time>2026-07-19T02:09:37+00:00</Time>
     <Position>
      <LatitudeDegrees>-33.6171900</LatitudeDegrees>
      <LongitudeDegrees>-70.2929400</LongitudeDegrees>
     </Position>
     <AltitudeMeters>2052.0400000000004</AltitudeMeters>
     <DistanceMeters>51123.70472341637</DistanceMeters>
    </Trackpoint>
    <Trackpoint>
     <Time>2026-07-19T02:09:43+00:00</Time>
     <Position>
      <LatitudeDegrees>-33.6174400</LatitudeDegrees>
      <LongitudeDegrees>-70.2928500</LongitudeDegrees>
     </Position>
     <AltitudeMeters>2050.57</AltitudeMeters>
     <DistanceMeters>51152.75208154419</DistanceMeters>
    </Trackpoint>
    <Trackpoint>
     <Time>2026-07-19T02:09:49+00:00</Time>
     <Position>
      <LatitudeDegrees>-33.6174800</LatitudeDegrees>
      <LongitudeDegrees>-70.2928000</LongitudeDegrees>
     </Position>
     <AltitudeMeters>2050.05</AltitudeMeters>
     <DistanceMeters>51159.17808636517</DistanceMeters>
    </Trackpoint>
    <Trackpoint>
     <Time>2026-07-19T02:09:54+00:00</Time>
     <Position>
      <LatitudeDegrees>-33.6176200</LatitudeDegrees>
      <LongitudeDegrees>-70.2924800</LongitudeDegrees>
     </Position>
     <AltitudeMeters>2048.35</AltitudeMeters>
     <DistanceMeters>51192.68009717217</DistanceMeters>
    </Trackpoint>
    <Trackpoint>
     <Time>2026-07-19T02:10:00+00:00</Time>
     <Position>
      <LatitudeDegrees>-33.6177000</LatitudeDegrees>
      <LongitudeDegrees>-70.2924000</LongitudeDegrees>
     </Position>
     <AltitudeMeters>2047.72</AltitudeMeters>
     <DistanceMeters>51204.26673706197</DistanceMeters>
    </Trackpoint>
    <Trackpoint>
     <Time>2026-07-19T02:10:06+00:00</Time>
     <Position>
      <LatitudeDegrees>-33.6180000</LatitudeDegrees>
      <LongitudeDegrees>-70.2923100</LongitudeDegrees>
     </Position>
     <AltitudeMeters>2045.0900000000001</AltitudeMeters>
     <DistanceMeters>51238.68160561546</DistanceMeters>
    </Trackpoint>
    <Trackpoint>
     <Time>2026-07-19T02:10:12+00:00</Time>
     <Position>
      <LatitudeDegrees>-33.6181500</LatitudeDegrees>
      <LongitudeDegrees>-70.2923100</LongitudeDegrees>
     </Position>
     <AltitudeMeters>2043.7700000000002</AltitudeMeters>
     <DistanceMeters>51255.375957531345</DistanceMeters>
    </Trackpoint>
    <Trackpoint>
     <Time>2026-07-19T02:10:17+00:00</Time>
     <Position>
      <LatitudeDegrees>-33.6183100</LatitudeDegrees>
      <LongitudeDegrees>-70.2923500</LongitudeDegrees>
     </Position>
     <AltitudeMeters>2042.3200000000002</AltitudeMeters>
     <DistanceMeters>51273.56507110158</DistanceMeters>
    </Trackpoint>
    <Trackpoint>
     <Time>2026-07-19T02:10:23+00:00</Time>
     <Position>
      <LatitudeDegrees>-33.6184900</LatitudeDegrees>
      <LongitudeDegrees>-70.2924400</LongitudeDegrees>
     </Position>
     <AltitudeMeters>2041.7</AltitudeMeters>
     <DistanceMeters>51295.26545684766</DistanceMeters>
    </Trackpoint>
    <Trackpoint>
     <Time>2026-07-19T02:10:29+00:00</Time>
     <Position>
      <LatitudeDegrees>-33.6185800</LatitudeDegrees>
      <LongitudeDegrees>-70.2924900</LongitudeDegrees>
     </Position>
     <AltitudeMeters>2040.7200000000003</AltitudeMeters>
     <DistanceMeters>51306.30206574323</DistanceMeters>
    </Trackpoint>
    <Trackpoint>
     <Time>2026-07-19T02:10:34+00:00</Time>
     <Position>
      <LatitudeDegrees>-33.6189100</LatitudeDegrees>
      <LongitudeDegrees>-70.2928000</LongitudeDegrees>
     </Position>
     <AltitudeMeters>2036.75</AltitudeMeters>
     <DistanceMeters>51352.93231723784</DistanceMeters>
    </Trackpoint>
    <Trackpoint>
     <Time>2026-07-19T02:10:40+00:00</Time>
     <Position>
      <LatitudeDegrees>-33.6191200</LatitudeDegrees>
      <LongitudeDegrees>-70.2929400</LongitudeDegrees>
     </Position>
     <AltitudeMeters>2036.75</AltitudeMeters>
     <DistanceMeters>51379.66452363515</DistanceMeters>
    </Trackpoint>
    <Trackpoint>
     <Time>2026-07-19T02:10:46+00:00</Time>
     <Position>
      <LatitudeDegrees>-33.6192500</LatitudeDegrees>
      <LongitudeDegrees>-70.2929800</LongitudeDegrees>
     </Position>
     <AltitudeMeters>2036.75</AltitudeMeters>
     <DistanceMeters>51394.600353440415</DistanceMeters>
    </Trackpoint>
    <Trackpoint>
     <Time>2026-07-19T02:10:52+00:00</Time>
     <Position>
      <LatitudeDegrees>-33.6196100</LatitudeDegrees>
      <LongitudeDegrees>-70.2930300</LongitudeDegrees>
     </Position>
     <AltitudeMeters>2030.3200000000002</AltitudeMeters>
     <DistanceMeters>51434.933885070124</DistanceMeters>
    </Trackpoint>
    <Trackpoint>
     <Time>2026-07-19T02:10:57+00:00</Time>
     <Position>
      <LatitudeDegrees>-33.6197400</LatitudeDegrees>
      <LongitudeDegrees>-70.2930700</LongitudeDegrees>
     </Position>
     <AltitudeMeters>2030.3200000000002</AltitudeMeters>
     <DistanceMeters>51449.86970964324</DistanceMeters>
    </Trackpoint>
    <Trackpoint>
     <Time>2026-07-19T02:11:03+00:00</Time>
     <Position>
      <LatitudeDegrees>-33.6198500</LatitudeDegrees>
      <LongitudeDegrees>-70.2931400</LongitudeDegrees>
     </Position>
     <AltitudeMeters>2030.3200000000002</AltitudeMeters>
     <DistanceMeters>51463.724950011885</DistanceMeters>
    </Trackpoint>
    <Trackpoint>
     <Time>2026-07-19T02:11:09+00:00</Time>
     <Position>
      <LatitudeDegrees>-33.6198400</LatitudeDegrees>
      <LongitudeDegrees>-70.2931300</LongitudeDegrees>
     </Position>
     <AltitudeMeters>2030.3200000000002</AltitudeMeters>
     <DistanceMeters>51463.724950011885</DistanceMeters>
    </Trackpoint>
    <Trackpoint>
     <Time>2026-07-19T02:11:14+00:00</Time>
     <Position>
      <LatitudeDegrees>-33.6204100</LatitudeDegrees>
      <LongitudeDegrees>-70.2938000</LongitudeDegrees>
     </Position>
     <AltitudeMeters>2024.3100000000002</AltitudeMeters>
     <DistanceMeters>51552.49555166184</DistanceMeters>
    </Trackpoint>
    <Trackpoint>
     <Time>2026-07-19T02:11:20+00:00</Time>
     <Position>
      <LatitudeDegrees>-33.6204600</LatitudeDegrees>
      <LongitudeDegrees>-70.2939200</LongitudeDegrees>
     </Position>
     <AltitudeMeters>2023.2</AltitudeMeters>
     <DistanceMeters>51564.931506445486</DistanceMeters>
    </Trackpoint>
    <Trackpoint>
     <Time>2026-07-19T02:11:26+00:00</Time>
     <Position>
      <LatitudeDegrees>-33.6205300</LatitudeDegrees>
      <LongitudeDegrees>-70.2941400</LongitudeDegrees>
     </Position>
     <AltitudeMeters>2022.17</AltitudeMeters>
     <DistanceMeters>51586.75849169467</DistanceMeters>
    </Trackpoint>
    <Trackpoint>
     <Time>2026-07-19T02:11:32+00:00</Time>
     <Position>
      <LatitudeDegrees>-33.6205300</LatitudeDegrees>
      <LongitudeDegrees>-70.2944200</LongitudeDegrees>
     </Position>
     <AltitudeMeters>2020.61</AltitudeMeters>
     <DistanceMeters>51612.70846070082</DistanceMeters>
    </Trackpoint>
    <Trackpoint>
     <Time>2026-07-19T02:11:37+00:00</Time>
     <Position>
      <LatitudeDegrees>-33.6204600</LatitudeDegrees>
      <LongitudeDegrees>-70.2945600</LongitudeDegrees>
     </Position>
     <AltitudeMeters>2018.5500000000002</AltitudeMeters>
     <DistanceMeters>51627.84270425972</DistanceMeters>
    </Trackpoint>
    <Trackpoint>
     <Time>2026-07-19T02:11:43+00:00</Time>
     <Position>
      <LatitudeDegrees>-33.6203500</LatitudeDegrees>
      <LongitudeDegrees>-70.2946900</LongitudeDegrees>
     </Position>
     <AltitudeMeters>2018.5500000000002</AltitudeMeters>
     <DistanceMeters>51645.0194022495</DistanceMeters>
    </Trackpoint>
    <Trackpoint>
     <Time>2026-07-19T02:11:49+00:00</Time>
     <Position>
      <LatitudeDegrees>-33.6201900</LatitudeDegrees>
      <LongitudeDegrees>-70.2947900</LongitudeDegrees>
     </Position>
     <AltitudeMeters>2016.91</AltitudeMeters>
     <DistanceMeters>51665.094106050325</DistanceMeters>
    </Trackpoint>
    <Trackpoint>
     <Time>2026-07-19T02:11:54+00:00</Time>
     <Position>
      <LatitudeDegrees>-33.6200600</LatitudeDegrees>
      <LongitudeDegrees>-70.2950400</LongitudeDegrees>
     </Position>
     <AltitudeMeters>2015.0200000000002</AltitudeMeters>
     <DistanceMeters>51692.41025185404</DistanceMeters>
    </Trackpoint>
    <Trackpoint>
     <Time>2026-07-19T02:12:00+00:00</Time>
     <Position>
      <LatitudeDegrees>-33.6200300</LatitudeDegrees>
      <LongitudeDegrees>-70.2952200</LongitudeDegrees>
     </Position>
     <AltitudeMeters>2013.96</AltitudeMeters>
     <DistanceMeters>51709.42331782257</DistanceMeters>
    </Trackpoint>
    <Trackpoint>
     <Time>2026-07-19T02:12:06+00:00</Time>
     <Position>
      <LatitudeDegrees>-33.6200800</LatitudeDegrees>
      <LongitudeDegrees>-70.2956700</LongitudeDegrees>
     </Position>
     <AltitudeMeters>2009.17</AltitudeMeters>
     <DistanceMeters>51751.49847267417</DistanceMeters>
    </Trackpoint>
    <Trackpoint>
     <Time>2026-07-19T02:12:12+00:00</Time>
     <Position>
      <LatitudeDegrees>-33.6200600</LatitudeDegrees>
      <LongitudeDegrees>-70.2957100</LongitudeDegrees>
     </Position>
     <AltitudeMeters>2009.17</AltitudeMeters>
     <DistanceMeters>51755.82255793748</DistanceMeters>
    </Trackpoint>
    <Trackpoint>
     <Time>2026-07-19T02:12:17+00:00</Time>
     <Position>
      <LatitudeDegrees>-33.6200300</LatitudeDegrees>
      <LongitudeDegrees>-70.2957200</LongitudeDegrees>
     </Position>
     <AltitudeMeters>2009.17</AltitudeMeters>
     <DistanceMeters>51759.28766902018</DistanceMeters>
    </Trackpoint>
    <Trackpoint>
     <Time>2026-07-19T02:12:23+00:00</Time>
     <Position>
      <LatitudeDegrees>-33.6199700</LatitudeDegrees>
      <LongitudeDegrees>-70.2957100</LongitudeDegrees>
     </Position>
     <AltitudeMeters>2009.17</AltitudeMeters>
     <DistanceMeters>51766.02941671758</DistanceMeters>
    </Trackpoint>
    <Trackpoint>
     <Time>2026-07-19T02:12:29+00:00</Time>
     <Position>
      <LatitudeDegrees>-33.6199200</LatitudeDegrees>
      <LongitudeDegrees>-70.2956700</LongitudeDegrees>
     </Position>
     <AltitudeMeters>2008.27</AltitudeMeters>
     <DistanceMeters>51772.71596160926</DistanceMeters>
    </Trackpoint>
    <Trackpoint>
     <Time>2026-07-19T02:12:35+00:00</Time>
     <Position>
      <LatitudeDegrees>-33.6196300</LatitudeDegrees>
      <LongitudeDegrees>-70.2949900</LongitudeDegrees>
     </Position>
     <AltitudeMeters>2003.2800000000002</AltitudeMeters>
     <DistanceMeters>51843.5219247475</DistanceMeters>
    </Trackpoint>
    <Trackpoint>
     <Time>2026-07-19T02:12:40+00:00</Time>
     <Position>
      <LatitudeDegrees>-33.6195900</LatitudeDegrees>
      <LongitudeDegrees>-70.2947300</LongitudeDegrees>
     </Position>
     <AltitudeMeters>2002.7400000000002</AltitudeMeters>
     <DistanceMeters>51868.02636610982</DistanceMeters>
    </Trackpoint>
    <Trackpoint>
     <Time>2026-07-19T02:12:46+00:00</Time>
     <Position>
      <LatitudeDegrees>-33.6195000</LatitudeDegrees>
      <LongitudeDegrees>-70.2946400</LongitudeDegrees>
     </Position>
     <AltitudeMeters>2001.5300000000002</AltitudeMeters>
     <DistanceMeters>51881.06121922996</DistanceMeters>
    </Trackpoint>
    <Trackpoint>
     <Time>2026-07-19T02:12:52+00:00</Time>
     <Position>
      <LatitudeDegrees>-33.6194300</LatitudeDegrees>
      <LongitudeDegrees>-70.2946400</LongitudeDegrees>
     </Position>
     <AltitudeMeters>2000.8000000000004</AltitudeMeters>
     <DistanceMeters>51888.85191679091</DistanceMeters>
    </Trackpoint>
    <Trackpoint>
     <Time>2026-07-19T02:12:57+00:00</Time>
     <Position>
      <LatitudeDegrees>-33.6194100</LatitudeDegrees>
      <LongitudeDegrees>-70.2946900</LongitudeDegrees>
     </Position>
     <AltitudeMeters>2000.8000000000004</AltitudeMeters>
     <DistanceMeters>51893.99278123449</DistanceMeters>
    </Trackpoint>
    <Trackpoint>
     <Time>2026-07-19T02:13:03+00:00</Time>
     <Position>
      <LatitudeDegrees>-33.6193800</LatitudeDegrees>
      <LongitudeDegrees>-70.2948200</LongitudeDegrees>
     </Position>
     <AltitudeMeters>1998.8300000000002</AltitudeMeters>
     <DistanceMeters>51906.49522099996</DistanceMeters>
    </Trackpoint>
    <Trackpoint>
     <Time>2026-07-19T02:13:09+00:00</Time>
     <Position>
      <LatitudeDegrees>-33.6195050</LatitudeDegrees>
      <LongitudeDegrees>-70.2954950</LongitudeDegrees>
     </Position>
     <AltitudeMeters>1995.1200000000001</AltitudeMeters>
     <DistanceMeters>51970.58215154076</DistanceMeters>
    </Trackpoint>
    <Trackpoint>
     <Time>2026-07-19T02:13:15+00:00</Time>
     <Position>
      <LatitudeDegrees>-33.6196300</LatitudeDegrees>
      <LongitudeDegrees>-70.2961700</LongitudeDegrees>
     </Position>
     <AltitudeMeters>1990.9500000000003</AltitudeMeters>
     <DistanceMeters>52034.66907504382</DistanceMeters>
    </Trackpoint>
    <Trackpoint>
     <Time>2026-07-19T02:13:20+00:00</Time>
     <Position>
      <LatitudeDegrees>-33.6197000</LatitudeDegrees>
      <LongitudeDegrees>-70.2963000</LongitudeDegrees>
     </Position>
     <AltitudeMeters>1989.8500000000001</AltitudeMeters>
     <DistanceMeters>52049.01679275382</DistanceMeters>
    </Trackpoint>
    <Trackpoint>
     <Time>2026-07-19T02:13:26+00:00</Time>
     <Position>
      <LatitudeDegrees>-33.6201400</LatitudeDegrees>
      <LongitudeDegrees>-70.2967900</LongitudeDegrees>
     </Position>
     <AltitudeMeters>1984.64</AltitudeMeters>
     <DistanceMeters>52115.802944157535</DistanceMeters>
    </Trackpoint>
    <Trackpoint>
     <Time>2026-07-19T02:13:32+00:00</Time>
     <Position>
      <LatitudeDegrees>-33.6202800</LatitudeDegrees>
      <LongitudeDegrees>-70.2969700</LongitudeDegrees>
     </Position>
     <AltitudeMeters>1982.7500000000002</AltitudeMeters>
     <DistanceMeters>52138.630015069095</DistanceMeters>
    </Trackpoint>
    <Trackpoint>
     <Time>2026-07-19T02:13:37+00:00</Time>
     <Position>
      <LatitudeDegrees>-33.6204400</LatitudeDegrees>
      <LongitudeDegrees>-70.2974100</LongitudeDegrees>
     </Position>
     <AltitudeMeters>1981.0</AltitudeMeters>
     <DistanceMeters>52183.127146664585</DistanceMeters>
    </Trackpoint>
    <Trackpoint>
     <Time>2026-07-19T02:13:43+00:00</Time>
     <Position>
      <LatitudeDegrees>-33.6208400</LatitudeDegrees>
      <LongitudeDegrees>-70.2982700</LongitudeDegrees>
     </Position>
     <AltitudeMeters>1973.64</AltitudeMeters>
     <DistanceMeters>52274.42065369869</DistanceMeters>
    </Trackpoint>
    <Trackpoint>
     <Time>2026-07-19T02:13:49+00:00</Time>
     <Position>
      <LatitudeDegrees>-33.6210000</LatitudeDegrees>
      <LongitudeDegrees>-70.2985300</LongitudeDegrees>
     </Position>
     <AltitudeMeters>1971.91</AltitudeMeters>
     <DistanceMeters>52304.382821019135</DistanceMeters>
    </Trackpoint>
    <Trackpoint>
     <Time>2026-07-19T02:13:55+00:00</Time>
     <Position>
      <LatitudeDegrees>-33.6210200</LatitudeDegrees>
      <LongitudeDegrees>-70.2985900</LongitudeDegrees>
     </Position>
     <AltitudeMeters>1971.5000000000002</AltitudeMeters>
     <DistanceMeters>52310.37246343942</DistanceMeters>
    </Trackpoint>
    <Trackpoint>
     <Time>2026-07-19T02:14:00+00:00</Time>
     <Position>
      <LatitudeDegrees>-33.6210000</LatitudeDegrees>
      <LongitudeDegrees>-70.2986700</LongitudeDegrees>
     </Position>
     <AltitudeMeters>1970.56</AltitudeMeters>
     <DistanceMeters>52318.113624864745</DistanceMeters>
    </Trackpoint>
    <Trackpoint>
     <Time>2026-07-19T02:14:06+00:00</Time>
     <Position>
      <LatitudeDegrees>-33.6209500</LatitudeDegrees>
      <LongitudeDegrees>-70.2986800</LongitudeDegrees>
     </Position>
     <AltitudeMeters>1970.0300000000002</AltitudeMeters>
     <DistanceMeters>52323.755055666865</DistanceMeters>
    </Trackpoint>
    <Trackpoint>
     <Time>2026-07-19T02:14:12+00:00</Time>
     <Position>
      <LatitudeDegrees>-33.6208600</LatitudeDegrees>
      <LongitudeDegrees>-70.2986700</LongitudeDegrees>
     </Position>
     <AltitudeMeters>1967.8700000000001</AltitudeMeters>
     <DistanceMeters>52333.814450338374</DistanceMeters>
    </Trackpoint>
    <Trackpoint>
     <Time>2026-07-19T02:14:17+00:00</Time>
     <Position>
      <LatitudeDegrees>-33.6206600</LatitudeDegrees>
      <LongitudeDegrees>-70.2985700</LongitudeDegrees>
     </Position>
     <AltitudeMeters>1966.42</AltitudeMeters>
     <DistanceMeters>52357.92589249324</DistanceMeters>
    </Trackpoint>
    <Trackpoint>
     <Time>2026-07-19T02:14:23+00:00</Time>
     <Position>
      <LatitudeDegrees>-33.6204400</LatitudeDegrees>
      <LongitudeDegrees>-70.2984000</LongitudeDegrees>
     </Position>
     <AltitudeMeters>1963.4700000000003</AltitudeMeters>
     <DistanceMeters>52387.042008621975</DistanceMeters>
    </Trackpoint>
    <Trackpoint>
     <Time>2026-07-19T02:14:29+00:00</Time>
     <Position>
      <LatitudeDegrees>-33.6198800</LatitudeDegrees>
      <LongitudeDegrees>-70.2978100</LongitudeDegrees>
     </Position>
     <AltitudeMeters>1959.1000000000001</AltitudeMeters>
     <DistanceMeters>52469.954239169805</DistanceMeters>
    </Trackpoint>
    <Trackpoint>
     <Time>2026-07-19T02:14:35+00:00</Time>
     <Position>
      <LatitudeDegrees>-33.6197600</LatitudeDegrees>
      <LongitudeDegrees>-70.2976000</LongitudeDegrees>
     </Position>
     <AltitudeMeters>1958.14</AltitudeMeters>
     <DistanceMeters>52493.558542388964</DistanceMeters>
    </Trackpoint>
    <Trackpoint>
     <Time>2026-07-19T02:14:40+00:00</Time>
     <Position>
      <LatitudeDegrees>-33.6197000</LatitudeDegrees>
      <LongitudeDegrees>-70.2975500</LongitudeDegrees>
     </Position>
     <AltitudeMeters>1957.38</AltitudeMeters>
     <DistanceMeters>52501.68663338033</DistanceMeters>
    </Trackpoint>
    <Trackpoint>
     <Time>2026-07-19T02:14:46+00:00</Time>
     <Position>
      <LatitudeDegrees>-33.6196500</LatitudeDegrees>
      <LongitudeDegrees>-70.2975500</LongitudeDegrees>
     </Position>
     <AltitudeMeters>1956.94</AltitudeMeters>
     <DistanceMeters>52507.25141735255</DistanceMeters>
    </Trackpoint>
    <Trackpoint>
     <Time>2026-07-19T02:14:52+00:00</Time>
     <Position>
      <LatitudeDegrees>-33.6195900</LatitudeDegrees>
      <LongitudeDegrees>-70.2976400</LongitudeDegrees>
     </Position>
     <AltitudeMeters>1955.54</AltitudeMeters>
     <DistanceMeters>52517.93631312052</DistanceMeters>
    </Trackpoint>
    <Trackpoint>
     <Time>2026-07-19T02:14:58+00:00</Time>
     <Position>
      <LatitudeDegrees>-33.6195900</LatitudeDegrees>
      <LongitudeDegrees>-70.2976800</LongitudeDegrees>
     </Position>
     <AltitudeMeters>1955.54</AltitudeMeters>
     <DistanceMeters>52521.64349198919</DistanceMeters>
    </Trackpoint>
    <Trackpoint>
     <Time>2026-07-19T02:15:03+00:00</Time>
     <Position>
      <LatitudeDegrees>-33.6197200</LatitudeDegrees>
      <LongitudeDegrees>-70.2978600</LongitudeDegrees>
     </Position>
     <AltitudeMeters>1954.22</AltitudeMeters>
     <DistanceMeters>52543.72594169221</DistanceMeters>
    </Trackpoint>
    <Trackpoint>
     <Time>2026-07-19T02:15:09+00:00</Time>
     <Position>
      <LatitudeDegrees>-33.6199400</LatitudeDegrees>
      <LongitudeDegrees>-70.2983100</LongitudeDegrees>
     </Position>
     <AltitudeMeters>1949.27</AltitudeMeters>
     <DistanceMeters>52592.08789539685</DistanceMeters>
    </Trackpoint>
    <Trackpoint>
     <Time>2026-07-19T02:15:15+00:00</Time>
     <Position>
      <LatitudeDegrees>-33.6200300</LatitudeDegrees>
      <LongitudeDegrees>-70.2984100</LongitudeDegrees>
     </Position>
     <AltitudeMeters>1948.44</AltitudeMeters>
     <DistanceMeters>52605.73438052169</DistanceMeters>
    </Trackpoint>
    <Trackpoint>
     <Time>2026-07-19T02:15:20+00:00</Time>
     <Position>
      <LatitudeDegrees>-33.6200600</LatitudeDegrees>
      <LongitudeDegrees>-70.2985300</LongitudeDegrees>
     </Position>
     <AltitudeMeters>1947.5500000000002</AltitudeMeters>
     <DistanceMeters>52617.346241946296</DistanceMeters>
    </Trackpoint>
    <Trackpoint>
     <Time>2026-07-19T02:15:26+00:00</Time>
     <Position>
      <LatitudeDegrees>-33.6200300</LatitudeDegrees>
      <LongitudeDegrees>-70.2985700</LongitudeDegrees>
     </Position>
     <AltitudeMeters>1947.5500000000002</AltitudeMeters>
     <DistanceMeters>52622.33533860617</DistanceMeters>
    </Trackpoint>
    <Trackpoint>
     <Time>2026-07-19T02:15:32+00:00</Time>
     <Position>
      <LatitudeDegrees>-33.6199900</LatitudeDegrees>
      <LongitudeDegrees>-70.2985700</LongitudeDegrees>
     </Position>
     <AltitudeMeters>1946.13</AltitudeMeters>
     <DistanceMeters>52626.78716578364</DistanceMeters>
    </Trackpoint>
    <Trackpoint>
     <Time>2026-07-19T02:15:38+00:00</Time>
     <Position>
      <LatitudeDegrees>-33.6199200</LatitudeDegrees>
      <LongitudeDegrees>-70.2985300</LongitudeDegrees>
     </Position>
     <AltitudeMeters>1945.68</AltitudeMeters>
     <DistanceMeters>52635.41491330181</DistanceMeters>
    </Trackpoint>
    <Trackpoint>
     <Time>2026-07-19T02:15:43+00:00</Time>
     <Position>
      <LatitudeDegrees>-33.6197400</LatitudeDegrees>
      <LongitudeDegrees>-70.2983100</LongitudeDegrees>
     </Position>
     <AltitudeMeters>1944.1500000000003</AltitudeMeters>
     <DistanceMeters>52663.999152468576</DistanceMeters>
    </Trackpoint>
    <Trackpoint>
     <Time>2026-07-19T02:15:49+00:00</Time>
     <Position>
      <LatitudeDegrees>-33.6195000</LatitudeDegrees>
      <LongitudeDegrees>-70.2980800</LongitudeDegrees>
     </Position>
     <AltitudeMeters>1940.67</AltitudeMeters>
     <DistanceMeters>52698.17310395839</DistanceMeters>
    </Trackpoint>
    <Trackpoint>
     <Time>2026-07-19T02:15:55+00:00</Time>
     <Position>
      <LatitudeDegrees>-33.6191600</LatitudeDegrees>
      <LongitudeDegrees>-70.2979100</LongitudeDegrees>
     </Position>
     <AltitudeMeters>1937.8300000000002</AltitudeMeters>
     <DistanceMeters>52739.16265612087</DistanceMeters>
    </Trackpoint>
    <Trackpoint>
     <Time>2026-07-19T02:16:00+00:00</Time>
     <Position>
      <LatitudeDegrees>-33.6188700</LatitudeDegrees>
      <LongitudeDegrees>-70.2976800</LongitudeDegrees>
     </Position>
     <AltitudeMeters>1936.2</AltitudeMeters>
     <DistanceMeters>52777.8422843454</DistanceMeters>
    </Trackpoint>
    <Trackpoint>
     <Time>2026-07-19T02:16:06+00:00</Time>
     <Position>
      <LatitudeDegrees>-33.6187600</LatitudeDegrees>
      <LongitudeDegrees>-70.2973700</LongitudeDegrees>
     </Position>
     <AltitudeMeters>1934.98</AltitudeMeters>
     <DistanceMeters>52809.0727777396</DistanceMeters>
    </Trackpoint>
    <Trackpoint>
     <Time>2026-07-19T02:16:12+00:00</Time>
     <Position>
      <LatitudeDegrees>-33.6186700</LatitudeDegrees>
      <LongitudeDegrees>-70.2973200</LongitudeDegrees>
     </Position>
     <AltitudeMeters>1933.41</AltitudeMeters>
     <DistanceMeters>52820.109382571056</DistanceMeters>
    </Trackpoint>
    <Trackpoint>
     <Time>2026-07-19T02:16:18+00:00</Time>
     <Position>
      <LatitudeDegrees>-33.6186200</LatitudeDegrees>
      <LongitudeDegrees>-70.2973200</LongitudeDegrees>
     </Position>
     <AltitudeMeters>1933.41</AltitudeMeters>
     <DistanceMeters>52825.67416654328</DistanceMeters>
    </Trackpoint>
    <Trackpoint>
     <Time>2026-07-19T02:16:23+00:00</Time>
     <Position>
      <LatitudeDegrees>-33.6185600</LatitudeDegrees>
      <LongitudeDegrees>-70.2973300</LongitudeDegrees>
     </Position>
     <AltitudeMeters>1933.41</AltitudeMeters>
     <DistanceMeters>52832.415916325364</DistanceMeters>
    </Trackpoint>
    <Trackpoint>
     <Time>2026-07-19T02:16:29+00:00</Time>
     <Position>
      <LatitudeDegrees>-33.6183800</LatitudeDegrees>
      <LongitudeDegrees>-70.2974700</LongitudeDegrees>
     </Position>
     <AltitudeMeters>1931.34</AltitudeMeters>
     <DistanceMeters>52856.28405968972</DistanceMeters>
    </Trackpoint>
    <Trackpoint>
     <Time>2026-07-19T02:16:35+00:00</Time>
     <Position>
      <LatitudeDegrees>-33.6181500</LatitudeDegrees>
      <LongitudeDegrees>-70.2975900</LongitudeDegrees>
     </Position>
     <AltitudeMeters>1930.64</AltitudeMeters>
     <DistanceMeters>52884.19374089892</DistanceMeters>
    </Trackpoint>
    <Trackpoint>
     <Time>2026-07-19T02:16:40+00:00</Time>
     <Position>
      <LatitudeDegrees>-33.6178800</LatitudeDegrees>
      <LongitudeDegrees>-70.2978100</LongitudeDegrees>
     </Position>
     <AltitudeMeters>1928.89</AltitudeMeters>
     <DistanceMeters>52920.50818342122</DistanceMeters>
    </Trackpoint>
    <Trackpoint>
     <Time>2026-07-19T02:16:46+00:00</Time>
     <Position>
      <LatitudeDegrees>-33.6174100</LatitudeDegrees>
      <LongitudeDegrees>-70.2977300</LongitudeDegrees>
     </Position>
     <AltitudeMeters>1924.9</AltitudeMeters>
     <DistanceMeters>52973.34002472284</DistanceMeters>
    </Trackpoint>
    <Trackpoint>
     <Time>2026-07-19T02:16:52+00:00</Time>
     <Position>
      <LatitudeDegrees>-33.6172800</LatitudeDegrees>
      <LongitudeDegrees>-70.2977300</LongitudeDegrees>
     </Position>
     <AltitudeMeters>1924.2</AltitudeMeters>
     <DistanceMeters>52987.808463049994</DistanceMeters>
    </Trackpoint>
    <Trackpoint>
     <Time>2026-07-19T02:16:58+00:00</Time>
     <Position>
      <LatitudeDegrees>-33.6171000</LatitudeDegrees>
      <LongitudeDegrees>-70.2977700</LongitudeDegrees>
     </Position>
     <AltitudeMeters>1923.5600000000002</AltitudeMeters>
     <DistanceMeters>53008.181826453394</DistanceMeters>
    </Trackpoint>
    <Trackpoint>
     <Time>2026-07-19T02:17:03+00:00</Time>
     <Position>
      <LatitudeDegrees>-33.6168800</LatitudeDegrees>
      <LongitudeDegrees>-70.2978700</LongitudeDegrees>
     </Position>
     <AltitudeMeters>1921.3700000000001</AltitudeMeters>
     <DistanceMeters>53034.36230917966</DistanceMeters>
    </Trackpoint>
    <Trackpoint>
     <Time>2026-07-19T02:17:09+00:00</Time>
     <Position>
      <LatitudeDegrees>-33.6163200</LatitudeDegrees>
      <LongitudeDegrees>-70.2983100</LongitudeDegrees>
     </Position>
     <AltitudeMeters>1915.92</AltitudeMeters>
     <DistanceMeters>53108.8439684952</DistanceMeters>
    </Trackpoint>
    <Trackpoint>
     <Time>2026-07-19T02:17:15+00:00</Time>
     <Position>
      <LatitudeDegrees>-33.6162500</LatitudeDegrees>
      <LongitudeDegrees>-70.2984400</LongitudeDegrees>
     </Position>
     <AltitudeMeters>1914.06</AltitudeMeters>
     <DistanceMeters>53123.192083030604</DistanceMeters>
    </Trackpoint>
    <Trackpoint>
     <Time>2026-07-19T02:17:21+00:00</Time>
     <Position>
      <LatitudeDegrees>-33.6162700</LatitudeDegrees>
      <LongitudeDegrees>-70.2985700</LongitudeDegrees>
     </Position>
     <AltitudeMeters>1913.24</AltitudeMeters>
     <DistanceMeters>53135.44476427978</DistanceMeters>
    </Trackpoint>
    <Trackpoint>
     <Time>2026-07-19T02:17:26+00:00</Time>
     <Position>
      <LatitudeDegrees>-33.6163200</LatitudeDegrees>
      <LongitudeDegrees>-70.2985800</LongitudeDegrees>
     </Position>
     <AltitudeMeters>1912.88</AltitudeMeters>
     <DistanceMeters>53141.08620335054</DistanceMeters>
    </Trackpoint>
    <Trackpoint>
     <Time>2026-07-19T02:17:32+00:00</Time>
     <Position>
      <LatitudeDegrees>-33.6163800</LatitudeDegrees>
      <LongitudeDegrees>-70.2985800</LongitudeDegrees>
     </Position>
     <AltitudeMeters>1912.5600000000002</AltitudeMeters>
     <DistanceMeters>53147.763944116734</DistanceMeters>
    </Trackpoint>
    <Trackpoint>
     <Time>2026-07-19T02:17:38+00:00</Time>
     <Position>
      <LatitudeDegrees>-33.6172300</LatitudeDegrees>
      <LongitudeDegrees>-70.2983500</LongitudeDegrees>
     </Position>
     <AltitudeMeters>1906.5900000000001</AltitudeMeters>
     <DistanceMeters>53244.737261415285</DistanceMeters>
    </Trackpoint>
    <Trackpoint>
     <Time>2026-07-19T02:17:43+00:00</Time>
     <Position>
      <LatitudeDegrees>-33.6172800</LatitudeDegrees>
      <LongitudeDegrees>-70.2983600</LongitudeDegrees>
     </Position>
     <AltitudeMeters>1906.5900000000001</AltitudeMeters>
     <DistanceMeters>53250.37869879013</DistanceMeters>
    </Trackpoint>
    <Trackpoint>
     <Time>2026-07-19T02:17:49+00:00</Time>
     <Position>
      <LatitudeDegrees>-33.6173200</LatitudeDegrees>
      <LongitudeDegrees>-70.2984400</LongitudeDegrees>
     </Position>
     <AltitudeMeters>1904.8200000000002</AltitudeMeters>
     <DistanceMeters>53259.02707364092</DistanceMeters>
    </Trackpoint>
    <Trackpoint>
     <Time>2026-07-19T02:17:55+00:00</Time>
     <Position>
      <LatitudeDegrees>-33.6173000</LatitudeDegrees>
      <LongitudeDegrees>-70.2985400</LongitudeDegrees>
     </Position>
     <AltitudeMeters>1904.0400000000002</AltitudeMeters>
     <DistanceMeters>53268.55881436815</DistanceMeters>
    </Trackpoint>
    <Trackpoint>
     <Time>2026-07-19T02:18:01+00:00</Time>
     <Position>
      <LatitudeDegrees>-33.6169000</LatitudeDegrees>
      <LongitudeDegrees>-70.2988400</LongitudeDegrees>
     </Position>
     <AltitudeMeters>1901.3600000000001</AltitudeMeters>
     <DistanceMeters>53321.04666819627</DistanceMeters>
    </Trackpoint>
    <Trackpoint>
     <Time>2026-07-19T02:18:06+00:00</Time>
     <Position>
      <LatitudeDegrees>-33.6163800</LatitudeDegrees>
      <LongitudeDegrees>-70.2990200</LongitudeDegrees>
     </Position>
     <AltitudeMeters>1896.6900000000003</AltitudeMeters>
     <DistanceMeters>53381.27697346718</DistanceMeters>
    </Trackpoint>
    <Trackpoint>
     <Time>2026-07-19T02:18:12+00:00</Time>
     <Position>
      <LatitudeDegrees>-33.6158500</LatitudeDegrees>
      <LongitudeDegrees>-70.2991500</LongitudeDegrees>
     </Position>
     <AltitudeMeters>1892.03</AltitudeMeters>
     <DistanceMeters>53441.4816739797</DistanceMeters>
    </Trackpoint>
    <Trackpoint>
     <Time>2026-07-19T02:18:18+00:00</Time>
     <Position>
      <LatitudeDegrees>-33.6158200</LatitudeDegrees>
      <LongitudeDegrees>-70.2991600</LongitudeDegrees>
     </Position>
     <AltitudeMeters>1892.03</AltitudeMeters>
     <DistanceMeters>53444.94679717219</DistanceMeters>
    </Trackpoint>
    <Trackpoint>
     <Time>2026-07-19T02:18:23+00:00</Time>
     <Position>
      <LatitudeDegrees>-33.6158000</LatitudeDegrees>
      <LongitudeDegrees>-70.2992000</LongitudeDegrees>
     </Position>
     <AltitudeMeters>1892.03</AltitudeMeters>
     <DistanceMeters>53449.27103954849</DistanceMeters>
    </Trackpoint>
    <Trackpoint>
     <Time>2026-07-19T02:18:29+00:00</Time>
     <Position>
      <LatitudeDegrees>-33.6158200</LatitudeDegrees>
      <LongitudeDegrees>-70.2992700</LongitudeDegrees>
     </Position>
     <AltitudeMeters>1892.03</AltitudeMeters>
     <DistanceMeters>53456.1301107387</DistanceMeters>
    </Trackpoint>
    <Trackpoint>
     <Time>2026-07-19T02:18:35+00:00</Time>
     <Position>
      <LatitudeDegrees>-33.6158300</LatitudeDegrees>
      <LongitudeDegrees>-70.2992900</LongitudeDegrees>
     </Position>
     <AltitudeMeters>1892.03</AltitudeMeters>
     <DistanceMeters>53456.1301107387</DistanceMeters>
    </Trackpoint>
    <Trackpoint>
     <Time>2026-07-19T02:18:41+00:00</Time>
     <Position>
      <LatitudeDegrees>-33.6158700</LatitudeDegrees>
      <LongitudeDegrees>-70.2992900</LongitudeDegrees>
     </Position>
     <AltitudeMeters>1891.6800000000003</AltitudeMeters>
     <DistanceMeters>53460.58193791616</DistanceMeters>
    </Trackpoint>
    <Trackpoint>
     <Time>2026-07-19T02:18:46+00:00</Time>
     <Position>
      <LatitudeDegrees>-33.6165600</LatitudeDegrees>
      <LongitudeDegrees>-70.2992000</LongitudeDegrees>
     </Position>
     <AltitudeMeters>1887.91</AltitudeMeters>
     <DistanceMeters>53537.82766012517</DistanceMeters>
    </Trackpoint>
    <Trackpoint>
     <Time>2026-07-19T02:18:52+00:00</Time>
     <Position>
      <LatitudeDegrees>-33.6167000</LatitudeDegrees>
      <LongitudeDegrees>-70.2992100</LongitudeDegrees>
     </Position>
     <AltitudeMeters>1886.8200000000002</AltitudeMeters>
     <DistanceMeters>53553.436596072286</DistanceMeters>
    </Trackpoint>
    <Trackpoint>
     <Time>2026-07-19T02:18:58+00:00</Time>
     <Position>
      <LatitudeDegrees>-33.6170600</LatitudeDegrees>
      <LongitudeDegrees>-70.2994300</LongitudeDegrees>
     </Position>
     <AltitudeMeters>1882.67</AltitudeMeters>
     <DistanceMeters>53598.39298804378</DistanceMeters>
    </Trackpoint>
    <Trackpoint>
     <Time>2026-07-19T02:19:03+00:00</Time>
     <Position>
      <LatitudeDegrees>-33.6172600</LatitudeDegrees>
      <LongitudeDegrees>-70.2994800</LongitudeDegrees>
     </Position>
     <AltitudeMeters>1881.69</AltitudeMeters>
     <DistanceMeters>53621.1293917334</DistanceMeters>
    </Trackpoint>
    <Trackpoint>
     <Time>2026-07-19T02:19:09+00:00</Time>
     <Position>
      <LatitudeDegrees>-33.6175500</LatitudeDegrees>
      <LongitudeDegrees>-70.2994500</LongitudeDegrees>
     </Position>
     <AltitudeMeters>1879.3000000000002</AltitudeMeters>
     <DistanceMeters>53653.52468112707</DistanceMeters>
    </Trackpoint>
    <Trackpoint>
     <Time>2026-07-19T02:19:15+00:00</Time>
     <Position>
      <LatitudeDegrees>-33.6179100</LatitudeDegrees>
      <LongitudeDegrees>-70.2994300</LongitudeDegrees>
     </Position>
     <AltitudeMeters>1877.19</AltitudeMeters>
     <DistanceMeters>53693.63398085789</DistanceMeters>
    </Trackpoint>
    <Trackpoint>
     <Time>2026-07-19T02:19:21+00:00</Time>
     <Position>
      <LatitudeDegrees>-33.6180600</LatitudeDegrees>
      <LongitudeDegrees>-70.2994300</LongitudeDegrees>
     </Position>
     <AltitudeMeters>1876.3</AltitudeMeters>
     <DistanceMeters>53710.32833277377</DistanceMeters>
    </Trackpoint>
    <Trackpoint>
     <Time>2026-07-19T02:19:26+00:00</Time>
     <Position>
      <LatitudeDegrees>-33.6181700</LatitudeDegrees>
      <LongitudeDegrees>-70.2994700</LongitudeDegrees>
     </Position>
     <AltitudeMeters>1875.22</AltitudeMeters>
     <DistanceMeters>53723.11985565441</DistanceMeters>
    </Trackpoint>
    <Trackpoint>
     <Time>2026-07-19T02:19:32+00:00</Time>
     <Position>
      <LatitudeDegrees>-33.6182600</LatitudeDegrees>
      <LongitudeDegrees>-70.2996000</LongitudeDegrees>
     </Position>
     <AltitudeMeters>1874.06</AltitudeMeters>
     <DistanceMeters>53738.78827673252</DistanceMeters>
    </Trackpoint>
    <Trackpoint>
     <Time>2026-07-19T02:19:38+00:00</Time>
     <Position>
      <LatitudeDegrees>-33.6182900</LatitudeDegrees>
      <LongitudeDegrees>-70.2998800</LongitudeDegrees>
     </Position>
     <AltitudeMeters>1872.0900000000001</AltitudeMeters>
     <DistanceMeters>53764.95283655877</DistanceMeters>
    </Trackpoint>
    <Trackpoint>
     <Time>2026-07-19T02:19:44+00:00</Time>
     <Position>
      <LatitudeDegrees>-33.6183300</LatitudeDegrees>
      <LongitudeDegrees>-70.2999600</LongitudeDegrees>
     </Position>
     <AltitudeMeters>1871.3600000000001</AltitudeMeters>
     <DistanceMeters>53773.601136910205</DistanceMeters>
    </Trackpoint>
    <Trackpoint>
     <Time>2026-07-19T02:19:49+00:00</Time>
     <Position>
      <LatitudeDegrees>-33.6184000</LatitudeDegrees>
      <LongitudeDegrees>-70.3000200</LongitudeDegrees>
     </Position>
     <AltitudeMeters>1870.3500000000001</AltitudeMeters>
     <DistanceMeters>53783.172865685985</DistanceMeters>
    </Trackpoint>
    <Trackpoint>
     <Time>2026-07-19T02:19:55+00:00</Time>
     <Position>
      <LatitudeDegrees>-33.6184900</LatitudeDegrees>
      <LongitudeDegrees>-70.3000600</LongitudeDegrees>
     </Position>
     <AltitudeMeters>1870.3500000000001</AltitudeMeters>
     <DistanceMeters>53793.853504211</DistanceMeters>
    </Trackpoint>
    <Trackpoint>
     <Time>2026-07-19T02:20:01+00:00</Time>
     <Position>
      <LatitudeDegrees>-33.6188500</LatitudeDegrees>
      <LongitudeDegrees>-70.3001400</LongitudeDegrees>
     </Position>
     <AltitudeMeters>1867.3200000000002</AltitudeMeters>
     <DistanceMeters>53834.60020784739</DistanceMeters>
    </Trackpoint>
    <Trackpoint>
     <Time>2026-07-19T02:20:06+00:00</Time>
     <Position>
      <LatitudeDegrees>-33.6189100</LatitudeDegrees>
      <LongitudeDegrees>-70.3002300</LongitudeDegrees>
     </Position>
     <AltitudeMeters>1866.42</AltitudeMeters>
     <DistanceMeters>53845.28515953164</DistanceMeters>
    </Trackpoint>
    <Trackpoint>
     <Time>2026-07-19T02:20:12+00:00</Time>
     <Position>
      <LatitudeDegrees>-33.6189100</LatitudeDegrees>
      <LongitudeDegrees>-70.3003200</LongitudeDegrees>
     </Position>
     <AltitudeMeters>1865.38</AltitudeMeters>
     <DistanceMeters>53853.62637780667</DistanceMeters>
    </Trackpoint>
    <Trackpoint>
     <Time>2026-07-19T02:20:18+00:00</Time>
     <Position>
      <LatitudeDegrees>-33.6188900</LatitudeDegrees>
      <LongitudeDegrees>-70.3003700</LongitudeDegrees>
     </Position>
     <AltitudeMeters>1865.38</AltitudeMeters>
     <DistanceMeters>53858.767267455936</DistanceMeters>
    </Trackpoint>
    <Trackpoint>
     <Time>2026-07-19T02:20:24+00:00</Time>
     <Position>
      <LatitudeDegrees>-33.6186700</LatitudeDegrees>
      <LongitudeDegrees>-70.3004200</LongitudeDegrees>
     </Position>
     <AltitudeMeters>1862.3200000000002</AltitudeMeters>
     <DistanceMeters>53883.68697376982</DistanceMeters>
    </Trackpoint>
    <Trackpoint>
     <Time>2026-07-19T02:20:29+00:00</Time>
     <Position>
      <LatitudeDegrees>-33.6183500</LatitudeDegrees>
      <LongitudeDegrees>-70.3006900</LongitudeDegrees>
     </Position>
     <AltitudeMeters>1858.99</AltitudeMeters>
     <DistanceMeters>53927.21386302189</DistanceMeters>
    </Trackpoint>
    <Trackpoint>
     <Time>2026-07-19T02:20:35+00:00</Time>
     <Position>
      <LatitudeDegrees>-33.6183500</LatitudeDegrees>
      <LongitudeDegrees>-70.3008200</LongitudeDegrees>
     </Position>
     <AltitudeMeters>1858.0400000000002</AltitudeMeters>
     <DistanceMeters>53939.26236771366</DistanceMeters>
    </Trackpoint>
    <Trackpoint>
     <Time>2026-07-19T02:20:41+00:00</Time>
     <Position>
      <LatitudeDegrees>-33.6183800</LatitudeDegrees>
      <LongitudeDegrees>-70.3008600</LongitudeDegrees>
     </Position>
     <AltitudeMeters>1858.0400000000002</AltitudeMeters>
     <DistanceMeters>53944.25151807545</DistanceMeters>
    </Trackpoint>
    <Trackpoint>
     <Time>2026-07-19T02:20:46+00:00</Time>
     <Position>
      <LatitudeDegrees>-33.6184900</LatitudeDegrees>
      <LongitudeDegrees>-70.3008600</LongitudeDegrees>
     </Position>
     <AltitudeMeters>1855.8900000000003</AltitudeMeters>
     <DistanceMeters>53956.49404281387</DistanceMeters>
    </Trackpoint>
    <Trackpoint>
     <Time>2026-07-19T02:20:52+00:00</Time>
     <Position>
      <LatitudeDegrees>-33.6185800</LatitudeDegrees>
      <LongitudeDegrees>-70.3008200</LongitudeDegrees>
     </Position>
     <AltitudeMeters>1854.9400000000003</AltitudeMeters>
     <DistanceMeters>53967.174679995034</DistanceMeters>
    </Trackpoint>
    <Trackpoint>
     <Time>2026-07-19T02:20:58+00:00</Time>
     <Position>
      <LatitudeDegrees>-33.6187800</LatitudeDegrees>
      <LongitudeDegrees>-70.3007700</LongitudeDegrees>
     </Position>
     <AltitudeMeters>1853.46</AltitudeMeters>
     <DistanceMeters>53989.91106702574</DistanceMeters>
    </Trackpoint>
    <Trackpoint>
     <Time>2026-07-19T02:21:04+00:00</Time>
     <Position>
      <LatitudeDegrees>-33.6189100</LatitudeDegrees>
      <LongitudeDegrees>-70.3008600</LongitudeDegrees>
     </Position>
     <AltitudeMeters>1851.94</AltitudeMeters>
     <DistanceMeters>54006.61171775849</DistanceMeters>
    </Trackpoint>
    <Trackpoint>
     <Time>2026-07-19T02:21:09+00:00</Time>
     <Position>
      <LatitudeDegrees>-33.6190900</LatitudeDegrees>
      <LongitudeDegrees>-70.3011400</LongitudeDegrees>
     </Position>
     <AltitudeMeters>1850.6000000000001</AltitudeMeters>
     <DistanceMeters>54039.39517090333</DistanceMeters>
    </Trackpoint>
    <Trackpoint>
     <Time>2026-07-19T02:21:15+00:00</Time>
     <Position>
      <LatitudeDegrees>-33.6191600</LatitudeDegrees>
      <LongitudeDegrees>-70.3012100</LongitudeDegrees>
     </Position>
     <AltitudeMeters>1849.69</AltitudeMeters>
     <DistanceMeters>54049.53341023107</DistanceMeters>
    </Trackpoint>
    <Trackpoint>
     <Time>2026-07-19T02:21:21+00:00</Time>
     <Position>
      <LatitudeDegrees>-33.6192900</LatitudeDegrees>
      <LongitudeDegrees>-70.3012200</LongitudeDegrees>
     </Position>
     <AltitudeMeters>1849.14</AltitudeMeters>
     <DistanceMeters>54064.03150194512</DistanceMeters>
    </Trackpoint>
    <Trackpoint>
     <Time>2026-07-19T02:21:27+00:00</Time>
     <Position>
      <LatitudeDegrees>-33.6195600</LatitudeDegrees>
      <LongitudeDegrees>-70.3011300</LongitudeDegrees>
     </Position>
     <AltitudeMeters>1846.8400000000001</AltitudeMeters>
     <DistanceMeters>54095.21751773791</DistanceMeters>
    </Trackpoint>
    <Trackpoint>
     <Time>2026-07-19T02:21:32+00:00</Time>
     <Position>
      <LatitudeDegrees>-33.6196500</LatitudeDegrees>
      <LongitudeDegrees>-70.3011400</LongitudeDegrees>
     </Position>
     <AltitudeMeters>1846.21</AltitudeMeters>
     <DistanceMeters>54105.276913697584</DistanceMeters>
    </Trackpoint>
    <Trackpoint>
     <Time>2026-07-19T02:21:38+00:00</Time>
     <Position>
      <LatitudeDegrees>-33.6201700</LatitudeDegrees>
      <LongitudeDegrees>-70.3013500</LongitudeDegrees>
     </Position>
     <AltitudeMeters>1843.19</AltitudeMeters>
     <DistanceMeters>54166.335613113035</DistanceMeters>
    </Trackpoint>
    <Trackpoint>
     <Time>2026-07-19T02:21:44+00:00</Time>
     <Position>
      <LatitudeDegrees>-33.6201900</LatitudeDegrees>
      <LongitudeDegrees>-70.3014500</LongitudeDegrees>
     </Position>
     <AltitudeMeters>1842.48</AltitudeMeters>
     <DistanceMeters>54175.86705371241</DistanceMeters>
    </Trackpoint>
    <Trackpoint>
     <Time>2026-07-19T02:21:49+00:00</Time>
     <Position>
      <LatitudeDegrees>-33.6201700</LatitudeDegrees>
      <LongitudeDegrees>-70.3014900</LongitudeDegrees>
     </Position>
     <AltitudeMeters>1842.48</AltitudeMeters>
     <DistanceMeters>54180.191134918605</DistanceMeters>
    </Trackpoint>
    <Trackpoint>
     <Time>2026-07-19T02:21:55+00:00</Time>
     <Position>
      <LatitudeDegrees>-33.6198300</LatitudeDegrees>
      <LongitudeDegrees>-70.3014900</LongitudeDegrees>
     </Position>
     <AltitudeMeters>1839.8100000000002</AltitudeMeters>
     <DistanceMeters>54218.03166592863</DistanceMeters>
    </Trackpoint>
    <Trackpoint>
     <Time>2026-07-19T02:22:01+00:00</Time>
     <Position>
      <LatitudeDegrees>-33.6195000</LatitudeDegrees>
      <LongitudeDegrees>-70.3014400</LongitudeDegrees>
     </Position>
     <AltitudeMeters>1837.89</AltitudeMeters>
     <DistanceMeters>54255.05042308709</DistanceMeters>
    </Trackpoint>
    <Trackpoint>
     <Time>2026-07-19T02:22:07+00:00</Time>
     <Position>
      <LatitudeDegrees>-33.6194500</LatitudeDegrees>
      <LongitudeDegrees>-70.3015300</LongitudeDegrees>
     </Position>
     <AltitudeMeters>1837.1800000000003</AltitudeMeters>
     <DistanceMeters>54265.07747802015</DistanceMeters>
    </Trackpoint>
    <Trackpoint>
     <Time>2026-07-19T02:22:12+00:00</Time>
     <Position>
      <LatitudeDegrees>-33.6194700</LatitudeDegrees>
      <LongitudeDegrees>-70.3015900</LongitudeDegrees>
     </Position>
     <AltitudeMeters>1837.1800000000003</AltitudeMeters>
     <DistanceMeters>54271.067213300536</DistanceMeters>
    </Trackpoint>
    <Trackpoint>
     <Time>2026-07-19T02:22:18+00:00</Time>
     <Position>
      <LatitudeDegrees>-33.6195200</LatitudeDegrees>
      <LongitudeDegrees>-70.3016600</LongitudeDegrees>
     </Position>
     <AltitudeMeters>1835.98</AltitudeMeters>
     <DistanceMeters>54279.61445773429</DistanceMeters>
    </Trackpoint>
    <Trackpoint>
     <Time>2026-07-19T02:22:24+00:00</Time>
     <Position>
      <LatitudeDegrees>-33.6197600</LatitudeDegrees>
      <LongitudeDegrees>-70.3017600</LongitudeDegrees>
     </Position>
     <AltitudeMeters>1833.8400000000001</AltitudeMeters>
     <DistanceMeters>54307.88759503772</DistanceMeters>
    </Trackpoint>
    <Trackpoint>
     <Time>2026-07-19T02:22:29+00:00</Time>
     <Position>
      <LatitudeDegrees>-33.6200100</LatitudeDegrees>
      <LongitudeDegrees>-70.3019000</LongitudeDegrees>
     </Position>
     <AltitudeMeters>1831.94</AltitudeMeters>
     <DistanceMeters>54338.58813671872</DistanceMeters>
    </Trackpoint>
    <Trackpoint>
     <Time>2026-07-19T02:22:35+00:00</Time>
     <Position>
      <LatitudeDegrees>-33.6203000</LatitudeDegrees>
      <LongitudeDegrees>-70.3019700</LongitudeDegrees>
     </Position>
     <AltitudeMeters>1830.04</AltitudeMeters>
     <DistanceMeters>54371.50943330448</DistanceMeters>
    </Trackpoint>
    <Trackpoint>
     <Time>2026-07-19T02:22:41+00:00</Time>
     <Position>
      <LatitudeDegrees>-33.6203500</LatitudeDegrees>
      <LongitudeDegrees>-70.3019800</LongitudeDegrees>
     </Position>
     <AltitudeMeters>1829.63</AltitudeMeters>
     <DistanceMeters>54377.15086525487</DistanceMeters>
    </Trackpoint>
    <Trackpoint>
     <Time>2026-07-19T02:22:47+00:00</Time>
     <Position>
      <LatitudeDegrees>-33.6203500</LatitudeDegrees>
      <LongitudeDegrees>-70.3020800</LongitudeDegrees>
     </Position>
     <AltitudeMeters>1829.19</AltitudeMeters>
     <DistanceMeters>54386.418730688165</DistanceMeters>
    </Trackpoint>
    <Trackpoint>
     <Time>2026-07-19T02:22:52+00:00</Time>
     <Position>
      <LatitudeDegrees>-33.6203000</LatitudeDegrees>
      <LongitudeDegrees>-70.3021100</LongitudeDegrees>
     </Position>
     <AltitudeMeters>1827.7800000000002</AltitudeMeters>
     <DistanceMeters>54392.63944003777</DistanceMeters>
    </Trackpoint>
    <Trackpoint>
     <Time>2026-07-19T02:22:58+00:00</Time>
     <Position>
      <LatitudeDegrees>-33.6199900</LatitudeDegrees>
      <LongitudeDegrees>-70.3021200</LongitudeDegrees>
     </Position>
     <AltitudeMeters>1825.91</AltitudeMeters>
     <DistanceMeters>54427.15354618834</DistanceMeters>
    </Trackpoint>
    <Trackpoint>
     <Time>2026-07-19T02:23:04+00:00</Time>
     <Position>
      <LatitudeDegrees>-33.6196500</LatitudeDegrees>
      <LongitudeDegrees>-70.3020700</LongitudeDegrees>
     </Position>
     <AltitudeMeters>1823.0100000000002</AltitudeMeters>
     <DistanceMeters>54465.27675937518</DistanceMeters>
    </Trackpoint>
    <Trackpoint>
     <Time>2026-07-19T02:23:09+00:00</Time>
     <Position>
      <LatitudeDegrees>-33.6196100</LatitudeDegrees>
      <LongitudeDegrees>-70.3020800</LongitudeDegrees>
     </Position>
     <AltitudeMeters>1822.5900000000001</AltitudeMeters>
     <DistanceMeters>54469.82403469882</DistanceMeters>
    </Trackpoint>
    <Trackpoint>
     <Time>2026-07-19T02:23:15+00:00</Time>
     <Position>
      <LatitudeDegrees>-33.6195900</LatitudeDegrees>
      <LongitudeDegrees>-70.3021100</LongitudeDegrees>
     </Position>
     <AltitudeMeters>1822.5900000000001</AltitudeMeters>
     <DistanceMeters>54473.38566712489</DistanceMeters>
    </Trackpoint>
    <Trackpoint>
     <Time>2026-07-19T02:23:21+00:00</Time>
     <Position>
      <LatitudeDegrees>-33.6195900</LatitudeDegrees>
      <LongitudeDegrees>-70.3022000</LongitudeDegrees>
     </Position>
     <AltitudeMeters>1821.2500000000002</AltitudeMeters>
     <DistanceMeters>54481.72681957972</DistanceMeters>
    </Trackpoint>
    <Trackpoint>
     <Time>2026-07-19T02:23:27+00:00</Time>
     <Position>
      <LatitudeDegrees>-33.6197000</LatitudeDegrees>
      <LongitudeDegrees>-70.3023300</LongitudeDegrees>
     </Position>
     <AltitudeMeters>1820.1</AltitudeMeters>
     <DistanceMeters>54498.90359210497</DistanceMeters>
    </Trackpoint>
    <Trackpoint>
     <Time>2026-07-19T02:23:32+00:00</Time>
     <Position>
      <LatitudeDegrees>-33.6200600</LatitudeDegrees>
      <LongitudeDegrees>-70.3023900</LongitudeDegrees>
     </Position>
     <AltitudeMeters>1817.4200000000003</AltitudeMeters>
     <DistanceMeters>54539.354079355086</DistanceMeters>
    </Trackpoint>
    <Trackpoint>
     <Time>2026-07-19T02:23:38+00:00</Time>
     <Position>
      <LatitudeDegrees>-33.6201000</LatitudeDegrees>
      <LongitudeDegrees>-70.3024400</LongitudeDegrees>
     </Position>
     <AltitudeMeters>1816.9700000000003</AltitudeMeters>
     <DistanceMeters>54545.77998257609</DistanceMeters>
    </Trackpoint>
    <Trackpoint>
     <Time>2026-07-19T02:23:44+00:00</Time>
     <Position>
      <LatitudeDegrees>-33.6201000</LatitudeDegrees>
      <LongitudeDegrees>-70.3025200</LongitudeDegrees>
     </Position>
     <AltitudeMeters>1815.49</AltitudeMeters>
     <DistanceMeters>54553.194296432615</DistanceMeters>
    </Trackpoint>
    <Trackpoint>
     <Time>2026-07-19T02:23:50+00:00</Time>
     <Position>
      <LatitudeDegrees>-33.6200600</LatitudeDegrees>
      <LongitudeDegrees>-70.3025600</LongitudeDegrees>
     </Position>
     <AltitudeMeters>1815.49</AltitudeMeters>
     <DistanceMeters>54558.987549757665</DistanceMeters>
    </Trackpoint>
    <Trackpoint>
     <Time>2026-07-19T02:23:55+00:00</Time>
     <Position>
      <LatitudeDegrees>-33.6195900</LatitudeDegrees>
      <LongitudeDegrees>-70.3026500</LongitudeDegrees>
     </Position>
     <AltitudeMeters>1811.6900000000003</AltitudeMeters>
     <DistanceMeters>54611.9573781312</DistanceMeters>
    </Trackpoint>
    <Trackpoint>
     <Time>2026-07-19T02:24:01+00:00</Time>
     <Position>
      <LatitudeDegrees>-33.6195200</LatitudeDegrees>
      <LongitudeDegrees>-70.3026500</LongitudeDegrees>
     </Position>
     <AltitudeMeters>1811.6900000000003</AltitudeMeters>
     <DistanceMeters>54619.74807569216</DistanceMeters>
    </Trackpoint>
    <Trackpoint>
     <Time>2026-07-19T02:24:07+00:00</Time>
     <Position>
      <LatitudeDegrees>-33.6193800</LatitudeDegrees>
      <LongitudeDegrees>-70.3025200</LongitudeDegrees>
     </Position>
     <AltitudeMeters>1810.78</AltitudeMeters>
     <DistanceMeters>54639.4443350654</DistanceMeters>
    </Trackpoint>
    <Trackpoint>
     <Time>2026-07-19T02:24:12+00:00</Time>
     <Position>
      <LatitudeDegrees>-33.6193200</LatitudeDegrees>
      <LongitudeDegrees>-70.3025100</LongitudeDegrees>
     </Position>
     <AltitudeMeters>1809.44</AltitudeMeters>
     <DistanceMeters>54646.18608372364</DistanceMeters>
    </Trackpoint>
    <Trackpoint>
     <Time>2026-07-19T02:24:18+00:00</Time>
     <Position>
      <LatitudeDegrees>-33.6192500</LatitudeDegrees>
      <LongitudeDegrees>-70.3025600</LongitudeDegrees>
     </Position>
     <AltitudeMeters>1808.8100000000002</AltitudeMeters>
     <DistanceMeters>54655.25078623826</DistanceMeters>
    </Trackpoint>
    <Trackpoint>
     <Time>2026-07-19T02:24:24+00:00</Time>
     <Position>
      <LatitudeDegrees>-33.6192300</LatitudeDegrees>
      <LongitudeDegrees>-70.3026100</LongitudeDegrees>
     </Position>
     <AltitudeMeters>1808.8100000000002</AltitudeMeters>
     <DistanceMeters>54660.391659406916</DistanceMeters>
    </Trackpoint>
    <Trackpoint>
     <Time>2026-07-19T02:24:30+00:00</Time>
     <Position>
      <LatitudeDegrees>-33.6192500</LatitudeDegrees>
      <LongitudeDegrees>-70.3027000</LongitudeDegrees>
     </Position>
     <AltitudeMeters>1808.5300000000002</AltitudeMeters>
     <DistanceMeters>54669.02474001275</DistanceMeters>
    </Trackpoint>
    <Trackpoint>
     <Time>2026-07-19T02:24:35+00:00</Time>
     <Position>
      <LatitudeDegrees>-33.6193600</LatitudeDegrees>
      <LongitudeDegrees>-70.3028800</LongitudeDegrees>
     </Position>
     <AltitudeMeters>1807.0300000000002</AltitudeMeters>
     <DistanceMeters>54689.71726402269</DistanceMeters>
    </Trackpoint>
    <Trackpoint>
     <Time>2026-07-19T02:24:41+00:00</Time>
     <Position>
      <LatitudeDegrees>-33.6194500</LatitudeDegrees>
      <LongitudeDegrees>-70.3029200</LongitudeDegrees>
     </Position>
     <AltitudeMeters>1807.0300000000002</AltitudeMeters>
     <DistanceMeters>54700.39788821312</DistanceMeters>
    </Trackpoint>
    <Trackpoint>
     <Time>2026-07-19T02:24:47+00:00</Time>
     <Position>
      <LatitudeDegrees>-33.6201900</LatitudeDegrees>
      <LongitudeDegrees>-70.3030500</LongitudeDegrees>
     </Position>
     <AltitudeMeters>1802.2900000000002</AltitudeMeters>
     <DistanceMeters>54783.63330080401</DistanceMeters>
    </Trackpoint>
    <Trackpoint>
     <Time>2026-07-19T02:24:52+00:00</Time>
     <Position>
      <LatitudeDegrees>-33.6202600</LatitudeDegrees>
      <LongitudeDegrees>-70.3031000</LongitudeDegrees>
     </Position>
     <AltitudeMeters>1802.2900000000002</AltitudeMeters>
     <DistanceMeters>54792.697977478194</DistanceMeters>
    </Trackpoint>
    <Trackpoint>
     <Time>2026-07-19T02:24:58+00:00</Time>
     <Position>
      <LatitudeDegrees>-33.6202600</LatitudeDegrees>
      <LongitudeDegrees>-70.3031400</LongitudeDegrees>
     </Position>
     <AltitudeMeters>1802.2900000000002</AltitudeMeters>
     <DistanceMeters>54796.40512752313</DistanceMeters>
    </Trackpoint>
    <Trackpoint>
     <Time>2026-07-19T02:25:04+00:00</Time>
     <Position>
      <LatitudeDegrees>-33.6202300</LatitudeDegrees>
      <LongitudeDegrees>-70.3032000</LongitudeDegrees>
     </Position>
     <AltitudeMeters>1800.18</AltitudeMeters>
     <DistanceMeters>54802.891245737104</DistanceMeters>
    </Trackpoint>
    <Trackpoint>
     <Time>2026-07-19T02:25:10+00:00</Time>
     <Position>
      <LatitudeDegrees>-33.6201700</LatitudeDegrees>
      <LongitudeDegrees>-70.3032300</LongitudeDegrees>
     </Position>
     <AltitudeMeters>1800.18</AltitudeMeters>
     <DistanceMeters>54810.12468532853</DistanceMeters>
    </Trackpoint>
    <Trackpoint>
     <Time>2026-07-19T02:25:15+00:00</Time>
     <Position>
      <LatitudeDegrees>-33.6199400</LatitudeDegrees>
      <LongitudeDegrees>-70.3032700</LongitudeDegrees>
     </Position>
     <AltitudeMeters>1798.8700000000001</AltitudeMeters>
     <DistanceMeters>54835.98973804325</DistanceMeters>
    </Trackpoint>
    <Trackpoint>
     <Time>2026-07-19T02:25:21+00:00</Time>
     <Position>
      <LatitudeDegrees>-33.6195000</LatitudeDegrees>
      <LongitudeDegrees>-70.3034500</LongitudeDegrees>
     </Position>
     <AltitudeMeters>1795.46</AltitudeMeters>
     <DistanceMeters>54887.72337361</DistanceMeters>
    </Trackpoint>
    <Trackpoint>
     <Time>2026-07-19T02:25:27+00:00</Time>
     <Position>
      <LatitudeDegrees>-33.6194100</LatitudeDegrees>
      <LongitudeDegrees>-70.3035400</LongitudeDegrees>
     </Position>
     <AltitudeMeters>1794.73</AltitudeMeters>
     <DistanceMeters>54900.75823230477</DistanceMeters>
    </Trackpoint>
    <Trackpoint>
     <Time>2026-07-19T02:25:32+00:00</Time>
     <Position>
      <LatitudeDegrees>-33.6194300</LatitudeDegrees>
      <LongitudeDegrees>-70.3036800</LongitudeDegrees>
     </Position>
     <AltitudeMeters>1793.94</AltitudeMeters>
     <DistanceMeters>54913.92292946411</DistanceMeters>
    </Trackpoint>
    <Trackpoint>
     <Time>2026-07-19T02:25:38+00:00</Time>
     <Position>
      <LatitudeDegrees>-33.6195000</LatitudeDegrees>
      <LongitudeDegrees>-70.3037600</LongitudeDegrees>
     </Position>
     <AltitudeMeters>1793.1000000000001</AltitudeMeters>
     <DistanceMeters>54924.67782735513</DistanceMeters>
    </Trackpoint>
    <Trackpoint>
     <Time>2026-07-19T02:25:44+00:00</Time>
     <Position>
      <LatitudeDegrees>-33.6202100</LatitudeDegrees>
      <LongitudeDegrees>-70.3040900</LongitudeDegrees>
     </Position>
     <AltitudeMeters>1786.0200000000002</AltitudeMeters>
     <DistanceMeters>55009.40998667795</DistanceMeters>
    </Trackpoint>
    <Trackpoint>
     <Time>2026-07-19T02:25:50+00:00</Time>
     <Position>
      <LatitudeDegrees>-33.6204100</LatitudeDegrees>
      <LongitudeDegrees>-70.3041700</LongitudeDegrees>
     </Position>
     <AltitudeMeters>1782.99</AltitudeMeters>
     <DistanceMeters>55032.871463880256</DistanceMeters>
    </Trackpoint>
    <Trackpoint>
     <Time>2026-07-19T02:25:55+00:00</Time>
     <Position>
      <LatitudeDegrees>-33.6209500</LatitudeDegrees>
      <LongitudeDegrees>-70.3043200</LongitudeDegrees>
     </Position>
     <AltitudeMeters>1779.0500000000002</AltitudeMeters>
     <DistanceMeters>55094.55799784712</DistanceMeters>
    </Trackpoint>
    <Trackpoint>
     <Time>2026-07-19T02:26:01+00:00</Time>
     <Position>
      <LatitudeDegrees>-33.6213300</LatitudeDegrees>
      <LongitudeDegrees>-70.3044100</LongitudeDegrees>
     </Position>
     <AltitudeMeters>1777.26</AltitudeMeters>
     <DistanceMeters>55137.665026072405</DistanceMeters>
    </Trackpoint>
    <Trackpoint>
     <Time>2026-07-19T02:26:07+00:00</Time>
     <Position>
      <LatitudeDegrees>-33.6216700</LatitudeDegrees>
      <LongitudeDegrees>-70.3044400</LongitudeDegrees>
     </Position>
     <AltitudeMeters>1774.48</AltitudeMeters>
     <DistanceMeters>55175.60756131261</DistanceMeters>
    </Trackpoint>
    <Trackpoint>
     <Time>2026-07-19T02:26:13+00:00</Time>
     <Position>
      <LatitudeDegrees>-33.6222050</LatitudeDegrees>
      <LongitudeDegrees>-70.3043800</LongitudeDegrees>
     </Position>
     <AltitudeMeters>1769.2800000000002</AltitudeMeters>
     <DistanceMeters>55235.40983760792</DistanceMeters>
    </Trackpoint>
    <Trackpoint>
     <Time>2026-07-19T02:26:18+00:00</Time>
     <Position>
      <LatitudeDegrees>-33.6227400</LatitudeDegrees>
      <LongitudeDegrees>-70.3043200</LongitudeDegrees>
     </Position>
     <AltitudeMeters>1765.14</AltitudeMeters>
     <DistanceMeters>55295.212102433754</DistanceMeters>
    </Trackpoint>
    <Trackpoint>
     <Time>2026-07-19T02:26:24+00:00</Time>
     <Position>
      <LatitudeDegrees>-33.6229700</LatitudeDegrees>
      <LongitudeDegrees>-70.3043100</LongitudeDegrees>
     </Position>
     <AltitudeMeters>1762.4</AltitudeMeters>
     <DistanceMeters>55320.826879583656</DistanceMeters>
    </Trackpoint>
    <Trackpoint>
     <Time>2026-07-19T02:26:30+00:00</Time>
     <Position>
      <LatitudeDegrees>-33.6234600</LatitudeDegrees>
      <LongitudeDegrees>-70.3043300</LongitudeDegrees>
     </Position>
     <AltitudeMeters>1758.0800000000002</AltitudeMeters>
     <DistanceMeters>55375.39325929201</DistanceMeters>
    </Trackpoint>
    <Trackpoint>
     <Time>2026-07-19T02:26:35+00:00</Time>
     <Position>
      <LatitudeDegrees>-33.6239500</LatitudeDegrees>
      <LongitudeDegrees>-70.3043500</LongitudeDegrees>
     </Position>
     <AltitudeMeters>1753.5</AltitudeMeters>
     <DistanceMeters>55429.95962335793</DistanceMeters>
    </Trackpoint>
    <Trackpoint>
     <Time>2026-07-19T02:26:41+00:00</Time>
     <Position>
      <LatitudeDegrees>-33.6241500</LatitudeDegrees>
      <LongitudeDegrees>-70.3043500</LongitudeDegrees>
     </Position>
     <AltitudeMeters>1752.82</AltitudeMeters>
     <DistanceMeters>55452.21875924604</DistanceMeters>
    </Trackpoint>
    <Trackpoint>
     <Time>2026-07-19T02:26:47+00:00</Time>
     <Position>
      <LatitudeDegrees>-33.6242900</LatitudeDegrees>
      <LongitudeDegrees>-70.3043000</LongitudeDegrees>
     </Position>
     <AltitudeMeters>1751.3200000000002</AltitudeMeters>
     <DistanceMeters>55468.47456674762</DistanceMeters>
    </Trackpoint>
    <Trackpoint>
     <Time>2026-07-19T02:26:53+00:00</Time>
     <Position>
      <LatitudeDegrees>-33.6244700</LatitudeDegrees>
      <LongitudeDegrees>-70.3040500</LongitudeDegrees>
     </Position>
     <AltitudeMeters>1748.88</AltitudeMeters>
     <DistanceMeters>55499.103198644996</DistanceMeters>
    </Trackpoint>
    <Trackpoint>
     <Time>2026-07-19T02:26:58+00:00</Time>
     <Position>
      <LatitudeDegrees>-33.6247800</LatitudeDegrees>
      <LongitudeDegrees>-70.3031900</LongitudeDegrees>
     </Position>
     <AltitudeMeters>1742.17</AltitudeMeters>
     <DistanceMeters>55585.95021878355</DistanceMeters>
    </Trackpoint>
    <Trackpoint>
     <Time>2026-07-19T02:27:04+00:00</Time>
     <Position>
      <LatitudeDegrees>-33.6249400</LatitudeDegrees>
      <LongitudeDegrees>-70.3027000</LongitudeDegrees>
     </Position>
     <AltitudeMeters>1738.6100000000001</AltitudeMeters>
     <DistanceMeters>55634.72709044334</DistanceMeters>
    </Trackpoint>
    <Trackpoint>
     <Time>2026-07-19T02:27:10+00:00</Time>
     <Position>
      <LatitudeDegrees>-33.6254300</LatitudeDegrees>
      <LongitudeDegrees>-70.3022900</LongitudeDegrees>
     </Position>
     <AltitudeMeters>1733.7600000000002</AltitudeMeters>
     <DistanceMeters>55701.19330962631</DistanceMeters>
    </Trackpoint>
    <Trackpoint>
     <Time>2026-07-19T02:27:15+00:00</Time>
     <Position>
      <LatitudeDegrees>-33.6256100</LatitudeDegrees>
      <LongitudeDegrees>-70.3022000</LongitudeDegrees>
     </Position>
     <AltitudeMeters>1731.39</AltitudeMeters>
     <DistanceMeters>55722.89343045502</DistanceMeters>
    </Trackpoint>
    <Trackpoint>
     <Time>2026-07-19T02:27:21+00:00</Time>
     <Position>
      <LatitudeDegrees>-33.6258300</LatitudeDegrees>
      <LongitudeDegrees>-70.3021200</LongitudeDegrees>
     </Position>
     <AltitudeMeters>1728.6800000000003</AltitudeMeters>
     <DistanceMeters>55748.47628657255</DistanceMeters>
    </Trackpoint>
    <Trackpoint>
     <Time>2026-07-19T02:27:27+00:00</Time>
     <Position>
      <LatitudeDegrees>-33.6261900</LatitudeDegrees>
      <LongitudeDegrees>-70.3021100</LongitudeDegrees>
     </Position>
     <AltitudeMeters>1724.72</AltitudeMeters>
     <DistanceMeters>55788.553447191065</DistanceMeters>
    </Trackpoint>
    <Trackpoint>
     <Time>2026-07-19T02:27:33+00:00</Time>
     <Position>
      <LatitudeDegrees>-33.6265200</LatitudeDegrees>
      <LongitudeDegrees>-70.3019100</LongitudeDegrees>
     </Position>
     <AltitudeMeters>1721.38</AltitudeMeters>
     <DistanceMeters>55829.69272451769</DistanceMeters>
    </Trackpoint>
    <Trackpoint>
     <Time>2026-07-19T02:27:38+00:00</Time>
     <Position>
      <LatitudeDegrees>-33.6265300</LatitudeDegrees>
      <LongitudeDegrees>-70.3019100</LongitudeDegrees>
     </Position>
     <AltitudeMeters>1721.38</AltitudeMeters>
     <DistanceMeters>55829.69272451769</DistanceMeters>
    </Trackpoint>
    <Trackpoint>
     <Time>2026-07-19T02:27:44+00:00</Time>
     <Position>
      <LatitudeDegrees>-33.6265700</LatitudeDegrees>
      <LongitudeDegrees>-70.3019800</LongitudeDegrees>
     </Position>
     <AltitudeMeters>1721.0400000000002</AltitudeMeters>
     <DistanceMeters>55837.560407787634</DistanceMeters>
    </Trackpoint>
    <Trackpoint>
     <Time>2026-07-19T02:27:50+00:00</Time>
     <Position>
      <LatitudeDegrees>-33.6265700</LatitudeDegrees>
      <LongitudeDegrees>-70.3020700</LongitudeDegrees>
     </Position>
     <AltitudeMeters>1720.17</AltitudeMeters>
     <DistanceMeters>55845.90088454962</DistanceMeters>
    </Trackpoint>
    <Trackpoint>
     <Time>2026-07-19T02:27:55+00:00</Time>
     <Position>
      <LatitudeDegrees>-33.6265200</LatitudeDegrees>
      <LongitudeDegrees>-70.3021600</LongitudeDegrees>
     </Position>
     <AltitudeMeters>1719.39</AltitudeMeters>
     <DistanceMeters>55855.92737015766</DistanceMeters>
    </Trackpoint>
    <Trackpoint>
     <Time>2026-07-19T02:28:01+00:00</Time>
     <Position>
      <LatitudeDegrees>-33.6262600</LatitudeDegrees>
      <LongitudeDegrees>-70.3024700</LongitudeDegrees>
     </Position>
     <AltitudeMeters>1716.4</AltitudeMeters>
     <DistanceMeters>55896.70312286038</DistanceMeters>
    </Trackpoint>
    <Trackpoint>
     <Time>2026-07-19T02:28:07+00:00</Time>
     <Position>
      <LatitudeDegrees>-33.6261700</LatitudeDegrees>
      <LongitudeDegrees>-70.3026100</LongitudeDegrees>
     </Position>
     <AltitudeMeters>1715.18</AltitudeMeters>
     <DistanceMeters>55913.093989442714</DistanceMeters>
    </Trackpoint>
    <Trackpoint>
     <Time>2026-07-19T02:28:13+00:00</Time>
     <Position>
      <LatitudeDegrees>-33.6259650</LatitudeDegrees>
      <LongitudeDegrees>-70.3031050</LongitudeDegrees>
     </Position>
     <AltitudeMeters>1712.2</AltitudeMeters>
     <DistanceMeters>55964.327577329386</DistanceMeters>
    </Trackpoint>
    <Trackpoint>
     <Time>2026-07-19T02:28:18+00:00</Time>
     <Position>
      <LatitudeDegrees>-33.6257600</LatitudeDegrees>
      <LongitudeDegrees>-70.3036000</LongitudeDegrees>
     </Position>
     <AltitudeMeters>1705.5000000000002</AltitudeMeters>
     <DistanceMeters>56015.56114080421</DistanceMeters>
    </Trackpoint>
    <Trackpoint>
     <Time>2026-07-19T02:28:24+00:00</Time>
     <Position>
      <LatitudeDegrees>-33.6257000</LatitudeDegrees>
      <LongitudeDegrees>-70.3038200</LongitudeDegrees>
     </Position>
     <AltitudeMeters>1704.6100000000001</AltitudeMeters>
     <DistanceMeters>56037.01490561539</DistanceMeters>
    </Trackpoint>
    <Trackpoint>
     <Time>2026-07-19T02:28:30+00:00</Time>
     <Position>
      <LatitudeDegrees>-33.6256500</LatitudeDegrees>
      <LongitudeDegrees>-70.3040400</LongitudeDegrees>
     </Position>
     <AltitudeMeters>1702.96</AltitudeMeters>
     <DistanceMeters>56058.14874469443</DistanceMeters>
    </Trackpoint>
    <Trackpoint>
     <Time>2026-07-19T02:28:36+00:00</Time>
     <Position>
      <LatitudeDegrees>-33.6257200</LatitudeDegrees>
      <LongitudeDegrees>-70.3048000</LongitudeDegrees>
     </Position>
     <AltitudeMeters>1698.65</AltitudeMeters>
     <DistanceMeters>56129.00973079655</DistanceMeters>
    </Trackpoint>
    <Trackpoint>
     <Time>2026-07-19T02:28:41+00:00</Time>
     <Position>
      <LatitudeDegrees>-33.6257200</LatitudeDegrees>
      <LongitudeDegrees>-70.3049800</LongitudeDegrees>
     </Position>
     <AltitudeMeters>1698.65</AltitudeMeters>
     <DistanceMeters>56145.69084890079</DistanceMeters>
    </Trackpoint>
    <Trackpoint>
     <Time>2026-07-19T02:28:47+00:00</Time>
     <Position>
      <LatitudeDegrees>-33.6255200</LatitudeDegrees>
      <LongitudeDegrees>-70.3060100</LongitudeDegrees>
     </Position>
     <AltitudeMeters>1689.2300000000002</AltitudeMeters>
     <DistanceMeters>56243.70502054905</DistanceMeters>
    </Trackpoint>
    <Trackpoint>
     <Time>2026-07-19T02:28:53+00:00</Time>
     <Position>
      <LatitudeDegrees>-33.6254900</LatitudeDegrees>
      <LongitudeDegrees>-70.3063200</LongitudeDegrees>
     </Position>
     <AltitudeMeters>1687.04</AltitudeMeters>
     <DistanceMeters>56272.62705695296</DistanceMeters>
    </Trackpoint>
    <Trackpoint>
     <Time>2026-07-19T02:28:58+00:00</Time>
     <Position>
      <LatitudeDegrees>-33.6255200</LatitudeDegrees>
      <LongitudeDegrees>-70.3065600</LongitudeDegrees>
     </Position>
     <AltitudeMeters>1685.7400000000002</AltitudeMeters>
     <DistanceMeters>56295.117820340056</DistanceMeters>
    </Trackpoint>
    <Trackpoint>
     <Time>2026-07-19T02:29:04+00:00</Time>
     <Position>
      <LatitudeDegrees>-33.6255600</LatitudeDegrees>
      <LongitudeDegrees>-70.3067300</LongitudeDegrees>
     </Position>
     <AltitudeMeters>1684.0100000000002</AltitudeMeters>
     <DistanceMeters>56311.489154592586</DistanceMeters>
    </Trackpoint>
    <Trackpoint>
     <Time>2026-07-19T02:29:10+00:00</Time>
     <Position>
      <LatitudeDegrees>-33.6256300</LatitudeDegrees>
      <LongitudeDegrees>-70.3068200</LongitudeDegrees>
     </Position>
     <AltitudeMeters>1683.3000000000002</AltitudeMeters>
     <DistanceMeters>56322.90230909308</DistanceMeters>
    </Trackpoint>
    <Trackpoint>
     <Time>2026-07-19T02:29:16+00:00</Time>
     <Position>
      <LatitudeDegrees>-33.6257200</LatitudeDegrees>
      <LongitudeDegrees>-70.3069000</LongitudeDegrees>
     </Position>
     <AltitudeMeters>1681.81</AltitudeMeters>
     <DistanceMeters>56335.36414826672</DistanceMeters>
    </Trackpoint>
    <Trackpoint>
     <Time>2026-07-19T02:29:21+00:00</Time>
     <Position>
      <LatitudeDegrees>-33.6258100</LatitudeDegrees>
      <LongitudeDegrees>-70.3069400</LongitudeDegrees>
     </Position>
     <AltitudeMeters>1681.81</AltitudeMeters>
     <DistanceMeters>56346.04467748539</DistanceMeters>
    </Trackpoint>
    <Trackpoint>
     <Time>2026-07-19T02:29:27+00:00</Time>
     <Position>
      <LatitudeDegrees>-33.6259400</LatitudeDegrees>
      <LongitudeDegrees>-70.3069000</LongitudeDegrees>
     </Position>
     <AltitudeMeters>1680.1100000000001</AltitudeMeters>
     <DistanceMeters>56360.9804358526</DistanceMeters>
    </Trackpoint>
    <Trackpoint>
     <Time>2026-07-19T02:29:33+00:00</Time>
     <Position>
      <LatitudeDegrees>-33.6260500</LatitudeDegrees>
      <LongitudeDegrees>-70.3068100</LongitudeDegrees>
     </Position>
     <AltitudeMeters>1679.51</AltitudeMeters>
     <DistanceMeters>56375.794074607846</DistanceMeters>
    </Trackpoint>
    <Trackpoint>
     <Time>2026-07-19T02:29:38+00:00</Time>
     <Position>
      <LatitudeDegrees>-33.6261000</LatitudeDegrees>
      <LongitudeDegrees>-70.3067300</LongitudeDegrees>
     </Position>
     <AltitudeMeters>1679.51</AltitudeMeters>
     <DistanceMeters>56385.06398544506</DistanceMeters>
    </Trackpoint>
    <Trackpoint>
     <Time>2026-07-19T02:29:44+00:00</Time>
     <Position>
      <LatitudeDegrees>-33.6261000</LatitudeDegrees>
      <LongitudeDegrees>-70.3066000</LongitudeDegrees>
     </Position>
     <AltitudeMeters>1679.51</AltitudeMeters>
     <DistanceMeters>56397.111406492644</DistanceMeters>
    </Trackpoint>
    <Trackpoint>
     <Time>2026-07-19T02:29:50+00:00</Time>
     <Position>
      <LatitudeDegrees>-33.6260300</LatitudeDegrees>
      <LongitudeDegrees>-70.3062400</LongitudeDegrees>
     </Position>
     <AltitudeMeters>1676.3700000000001</AltitudeMeters>
     <DistanceMeters>56431.371074602175</DistanceMeters>
    </Trackpoint>
    <Trackpoint>
     <Time>2026-07-19T02:29:56+00:00</Time>
     <Position>
      <LatitudeDegrees>-33.6260300</LatitudeDegrees>
      <LongitudeDegrees>-70.3061000</LongitudeDegrees>
     </Position>
     <AltitudeMeters>1675.5700000000002</AltitudeMeters>
     <DistanceMeters>56444.34523088776</DistanceMeters>
    </Trackpoint>
    <Trackpoint>
     <Time>2026-07-19T02:30:01+00:00</Time>
     <Position>
      <LatitudeDegrees>-33.6260500</LatitudeDegrees>
      <LongitudeDegrees>-70.3059300</LongitudeDegrees>
     </Position>
     <AltitudeMeters>1674.3100000000002</AltitudeMeters>
     <DistanceMeters>56460.25603320462</DistanceMeters>
    </Trackpoint>
    <Trackpoint>
     <Time>2026-07-19T02:30:07+00:00</Time>
     <Position>
      <LatitudeDegrees>-33.6261200</LatitudeDegrees>
      <LongitudeDegrees>-70.3057900</LongitudeDegrees>
     </Position>
     <AltitudeMeters>1674.3100000000002</AltitudeMeters>
     <DistanceMeters>56475.389555097594</DistanceMeters>
    </Trackpoint>
    <Trackpoint>
     <Time>2026-07-19T02:30:13+00:00</Time>
     <Position>
      <LatitudeDegrees>-33.6262300</LatitudeDegrees>
      <LongitudeDegrees>-70.3056400</LongitudeDegrees>
     </Position>
     <AltitudeMeters>1673.76</AltitudeMeters>
     <DistanceMeters>56493.91287214626</DistanceMeters>
    </Trackpoint>
    <Trackpoint>
     <Time>2026-07-19T02:30:19+00:00</Time>
     <Position>
      <LatitudeDegrees>-33.6263700</LatitudeDegrees>
      <LongitudeDegrees>-70.3054800</LongitudeDegrees>
     </Position>
     <AltitudeMeters>1671.7</AltitudeMeters>
     <DistanceMeters>56515.42185702893</DistanceMeters>
    </Trackpoint>
    <Trackpoint>
     <Time>2026-07-19T02:30:24+00:00</Time>
     <Position>
      <LatitudeDegrees>-33.6268800</LatitudeDegrees>
      <LongitudeDegrees>-70.3051200</LongitudeDegrees>
     </Position>
     <AltitudeMeters>1669.19</AltitudeMeters>
     <DistanceMeters>56581.26108121719</DistanceMeters>
    </Trackpoint>
    <Trackpoint>
     <Time>2026-07-19T02:30:30+00:00</Time>
     <Position>
      <LatitudeDegrees>-33.6270500</LatitudeDegrees>
      <LongitudeDegrees>-70.3049400</LongitudeDegrees>
     </Position>
     <AltitudeMeters>1667.3300000000002</AltitudeMeters>
     <DistanceMeters>56606.48464372654</DistanceMeters>
    </Trackpoint>
    <Trackpoint>
     <Time>2026-07-19T02:30:36+00:00</Time>
     <Position>
      <LatitudeDegrees>-33.6271700</LatitudeDegrees>
      <LongitudeDegrees>-70.3049000</LongitudeDegrees>
     </Position>
     <AltitudeMeters>1665.97</AltitudeMeters>
     <DistanceMeters>56620.34500675807</DistanceMeters>
    </Trackpoint>
    <Trackpoint>
     <Time>2026-07-19T02:30:41+00:00</Time>
     <Position>
      <LatitudeDegrees>-33.6272200</LatitudeDegrees>
      <LongitudeDegrees>-70.3049400</LongitudeDegrees>
     </Position>
     <AltitudeMeters>1665.4700000000003</AltitudeMeters>
     <DistanceMeters>56627.031378714986</DistanceMeters>
    </Trackpoint>
    <Trackpoint>
     <Time>2026-07-19T02:30:47+00:00</Time>
     <Position>
      <LatitudeDegrees>-33.6272400</LatitudeDegrees>
      <LongitudeDegrees>-70.3050700</LongitudeDegrees>
     </Position>
     <AltitudeMeters>1663.8799999999999</AltitudeMeters>
     <DistanceMeters>56639.28255162794</DistanceMeters>
    </Trackpoint>
    <Trackpoint>
     <Time>2026-07-19T02:30:53+00:00</Time>
     <Position>
      <LatitudeDegrees>-33.6270600</LatitudeDegrees>
      <LongitudeDegrees>-70.3053500</LongitudeDegrees>
     </Position>
     <AltitudeMeters>1661.3000000000002</AltitudeMeters>
     <DistanceMeters>56672.064061878526</DistanceMeters>
    </Trackpoint>
    <Trackpoint>
     <Time>2026-07-19T02:30:59+00:00</Time>
     <Position>
      <LatitudeDegrees>-33.6270400</LatitudeDegrees>
      <LongitudeDegrees>-70.3054400</LongitudeDegrees>
     </Position>
     <AltitudeMeters>1661.3000000000002</AltitudeMeters>
     <DistanceMeters>56680.696412007615</DistanceMeters>
    </Trackpoint>
    <Trackpoint>
     <Time>2026-07-19T02:31:04+00:00</Time>
     <Position>
      <LatitudeDegrees>-33.6270400</LatitudeDegrees>
      <LongitudeDegrees>-70.3055700</LongitudeDegrees>
     </Position>
     <AltitudeMeters>1659.61</AltitudeMeters>
     <DistanceMeters>56692.74370160467</DistanceMeters>
    </Trackpoint>
    <Trackpoint>
     <Time>2026-07-19T02:31:10+00:00</Time>
     <Position>
      <LatitudeDegrees>-33.6271100</LatitudeDegrees>
      <LongitudeDegrees>-70.3057400</LongitudeDegrees>
     </Position>
     <AltitudeMeters>1658.4200000000003</AltitudeMeters>
     <DistanceMeters>56710.3189098242</DistanceMeters>
    </Trackpoint>
    <Trackpoint>
     <Time>2026-07-19T02:31:16+00:00</Time>
     <Position>
      <LatitudeDegrees>-33.6271500</LatitudeDegrees>
      <LongitudeDegrees>-70.3059100</LongitudeDegrees>
     </Position>
     <AltitudeMeters>1657.49</AltitudeMeters>
     <DistanceMeters>56726.68996427482</DistanceMeters>
    </Trackpoint>
    <Trackpoint>
     <Time>2026-07-19T02:31:21+00:00</Time>
     <Position>
      <LatitudeDegrees>-33.6271500</LatitudeDegrees>
      <LongitudeDegrees>-70.3063700</LongitudeDegrees>
     </Position>
     <AltitudeMeters>1652.8300000000002</AltitudeMeters>
     <DistanceMeters>56769.31878072502</DistanceMeters>
    </Trackpoint>
    <Trackpoint>
     <Time>2026-07-19T02:31:27+00:00</Time>
     <Position>
      <LatitudeDegrees>-33.6270200</LatitudeDegrees>
      <LongitudeDegrees>-70.3072200</LongitudeDegrees>
     </Position>
     <AltitudeMeters>1645.8100000000002</AltitudeMeters>
     <DistanceMeters>56849.40722342546</DistanceMeters>
    </Trackpoint>
    <Trackpoint>
     <Time>2026-07-19T02:31:33+00:00</Time>
     <Position>
      <LatitudeDegrees>-33.6267500</LatitudeDegrees>
      <LongitudeDegrees>-70.3079700</LongitudeDegrees>
     </Position>
     <AltitudeMeters>1642.43</AltitudeMeters>
     <DistanceMeters>56925.128814988144</DistanceMeters>
    </Trackpoint>
    <Trackpoint>
     <Time>2026-07-19T02:31:39+00:00</Time>
     <Position>
      <LatitudeDegrees>-33.6266400</LatitudeDegrees>
      <LongitudeDegrees>-70.3080700</LongitudeDegrees>
     </Position>
     <AltitudeMeters>1641.07</AltitudeMeters>
     <DistanceMeters>56940.48329615459</DistanceMeters>
    </Trackpoint>
    <Trackpoint>
     <Time>2026-07-19T02:31:44+00:00</Time>
     <Position>
      <LatitudeDegrees>-33.6265000</LatitudeDegrees>
      <LongitudeDegrees>-70.3081700</LongitudeDegrees>
     </Position>
     <AltitudeMeters>1639.79</AltitudeMeters>
     <DistanceMeters>56958.612300625544</DistanceMeters>
    </Trackpoint>
    <Trackpoint>
     <Time>2026-07-19T02:31:50+00:00</Time>
     <Position>
      <LatitudeDegrees>-33.6264800</LatitudeDegrees>
      <LongitudeDegrees>-70.3082500</LongitudeDegrees>
     </Position>
     <AltitudeMeters>1639.79</AltitudeMeters>
     <DistanceMeters>56966.35301041473</DistanceMeters>
    </Trackpoint>
    <Trackpoint>
     <Time>2026-07-19T02:31:56+00:00</Time>
     <Position>
      <LatitudeDegrees>-33.6264600</LatitudeDegrees>
      <LongitudeDegrees>-70.3084700</LongitudeDegrees>
     </Position>
     <AltitudeMeters>1636.8200000000002</AltitudeMeters>
     <DistanceMeters>56986.86201705549</DistanceMeters>
    </Trackpoint>
    <Trackpoint>
     <Time>2026-07-19T02:32:01+00:00</Time>
     <Position>
      <LatitudeDegrees>-33.6265500</LatitudeDegrees>
      <LongitudeDegrees>-70.3089600</LongitudeDegrees>
     </Position>
     <AltitudeMeters>1634.9600000000003</AltitudeMeters>
     <DistanceMeters>57033.362949514</DistanceMeters>
    </Trackpoint>
    <Trackpoint>
     <Time>2026-07-19T02:32:07+00:00</Time>
     <Position>
      <LatitudeDegrees>-33.6265500</LatitudeDegrees>
      <LongitudeDegrees>-70.3090500</LongitudeDegrees>
     </Position>
     <AltitudeMeters>1634.33</AltitudeMeters>
     <DistanceMeters>57041.70342821225</DistanceMeters>
    </Trackpoint>
    <Trackpoint>
     <Time>2026-07-19T02:32:13+00:00</Time>
     <Position>
      <LatitudeDegrees>-33.6265200</LatitudeDegrees>
      <LongitudeDegrees>-70.3091100</LongitudeDegrees>
     </Position>
     <AltitudeMeters>1633.6100000000001</AltitudeMeters>
     <DistanceMeters>57048.18919841018</DistanceMeters>
    </Trackpoint>
    <Trackpoint>
     <Time>2026-07-19T02:32:19+00:00</Time>
     <Position>
      <LatitudeDegrees>-33.6264100</LatitudeDegrees>
      <LongitudeDegrees>-70.3092300</LongitudeDegrees>
     </Position>
     <AltitudeMeters>1632.45</AltitudeMeters>
     <DistanceMeters>57064.72849257291</DistanceMeters>
    </Trackpoint>
    <Trackpoint>
     <Time>2026-07-19T02:32:24+00:00</Time>
     <Position>
      <LatitudeDegrees>-33.6261000</LatitudeDegrees>
      <LongitudeDegrees>-70.3093200</LongitudeDegrees>
     </Position>
     <AltitudeMeters>1630.97</AltitudeMeters>
     <DistanceMeters>57100.223966190104</DistanceMeters>
    </Trackpoint>
    <Trackpoint>
     <Time>2026-07-19T02:32:30+00:00</Time>
     <Position>
      <LatitudeDegrees>-33.6259900</LatitudeDegrees>
      <LongitudeDegrees>-70.3093700</LongitudeDegrees>
     </Position>
     <AltitudeMeters>1630.45</AltitudeMeters>
     <DistanceMeters>57113.31403517157</DistanceMeters>
    </Trackpoint>
    <Trackpoint>
     <Time>2026-07-19T02:32:36+00:00</Time>
     <Position>
      <LatitudeDegrees>-33.6259000</LatitudeDegrees>
      <LongitudeDegrees>-70.3094500</LongitudeDegrees>
     </Position>
     <AltitudeMeters>1630.1100000000001</AltitudeMeters>
     <DistanceMeters>57125.77586052318</DistanceMeters>
    </Trackpoint>
    <Trackpoint>
     <Time>2026-07-19T02:32:42+00:00</Time>
     <Position>
      <LatitudeDegrees>-33.6257900</LatitudeDegrees>
      <LongitudeDegrees>-70.3095900</LongitudeDegrees>
     </Position>
     <AltitudeMeters>1629.3000000000002</AltitudeMeters>
     <DistanceMeters>57143.61427037901</DistanceMeters>
    </Trackpoint>
    <Trackpoint>
     <Time>2026-07-19T02:32:47+00:00</Time>
     <Position>
      <LatitudeDegrees>-33.6257900</LatitudeDegrees>
      <LongitudeDegrees>-70.3096400</LongitudeDegrees>
     </Position>
     <AltitudeMeters>1628.94</AltitudeMeters>
     <DistanceMeters>57148.24791053213</DistanceMeters>
    </Trackpoint>
    <Trackpoint>
     <Time>2026-07-19T02:32:53+00:00</Time>
     <Position>
      <LatitudeDegrees>-33.6257900</LatitudeDegrees>
      <LongitudeDegrees>-70.3098100</LongitudeDegrees>
     </Position>
     <AltitudeMeters>1628.0700000000002</AltitudeMeters>
     <DistanceMeters>57164.00228705196</DistanceMeters>
    </Trackpoint>
    <Trackpoint>
     <Time>2026-07-19T02:32:59+00:00</Time>
     <Position>
      <LatitudeDegrees>-33.6258200</LatitudeDegrees>
      <LongitudeDegrees>-70.3099100</LongitudeDegrees>
     </Position>
     <AltitudeMeters>1626.5600000000002</AltitudeMeters>
     <DistanceMeters>57173.85269363273</DistanceMeters>
    </Trackpoint>
    <Trackpoint>
     <Time>2026-07-19T02:33:04+00:00</Time>
     <Position>
      <LatitudeDegrees>-33.6258200</LatitudeDegrees>
      <LongitudeDegrees>-70.3099000</LongitudeDegrees>
     </Position>
     <AltitudeMeters>1626.5600000000002</AltitudeMeters>
     <DistanceMeters>57173.85269363273</DistanceMeters>
    </Trackpoint>
    <Trackpoint>
     <Time>2026-07-19T02:33:10+00:00</Time>
     <Position>
      <LatitudeDegrees>-33.6258500</LatitudeDegrees>
      <LongitudeDegrees>-70.3099500</LongitudeDegrees>
     </Position>
     <AltitudeMeters>1626.5600000000002</AltitudeMeters>
     <DistanceMeters>57179.56396792764</DistanceMeters>
    </Trackpoint>
    <Trackpoint>
     <Time>2026-07-19T02:33:16+00:00</Time>
     <Position>
      <LatitudeDegrees>-33.6259400</LatitudeDegrees>
      <LongitudeDegrees>-70.3100000</LongitudeDegrees>
     </Position>
     <AltitudeMeters>1625.13</AltitudeMeters>
     <DistanceMeters>57190.60041063612</DistanceMeters>
    </Trackpoint>
    <Trackpoint>
     <Time>2026-07-19T02:33:22+00:00</Time>
     <Position>
      <LatitudeDegrees>-33.6260800</LatitudeDegrees>
      <LongitudeDegrees>-70.3100400</LongitudeDegrees>
     </Position>
     <AltitudeMeters>1622.75</AltitudeMeters>
     <DistanceMeters>57206.61668364979</DistanceMeters>
    </Trackpoint>
    <Trackpoint>
     <Time>2026-07-19T02:33:27+00:00</Time>
     <Position>
      <LatitudeDegrees>-33.6265200</LatitudeDegrees>
      <LongitudeDegrees>-70.3099600</LongitudeDegrees>
     </Position>
     <AltitudeMeters>1620.33</AltitudeMeters>
     <DistanceMeters>57256.144804255244</DistanceMeters>
    </Trackpoint>
    <Trackpoint>
     <Time>2026-07-19T02:33:33+00:00</Time>
     <Position>
      <LatitudeDegrees>-33.6266800</LatitudeDegrees>
      <LongitudeDegrees>-70.3099900</LongitudeDegrees>
     </Position>
     <AltitudeMeters>1618.48</AltitudeMeters>
     <DistanceMeters>57274.167831796556</DistanceMeters>
    </Trackpoint>
    <Trackpoint>
     <Time>2026-07-19T02:33:39+00:00</Time>
     <Position>
      <LatitudeDegrees>-33.6270600</LatitudeDegrees>
      <LongitudeDegrees>-70.3101200</LongitudeDegrees>
     </Position>
     <AltitudeMeters>1615.7</AltitudeMeters>
     <DistanceMeters>57318.14261230234</DistanceMeters>
    </Trackpoint>
    <Trackpoint>
     <Time>2026-07-19T02:33:44+00:00</Time>
     <Position>
      <LatitudeDegrees>-33.6273100</LatitudeDegrees>
      <LongitudeDegrees>-70.3101700</LongitudeDegrees>
     </Position>
     <AltitudeMeters>1613.46</AltitudeMeters>
     <DistanceMeters>57346.349711446586</DistanceMeters>
    </Trackpoint>
    <Trackpoint>
     <Time>2026-07-19T02:33:50+00:00</Time>
     <Position>
      <LatitudeDegrees>-33.6274400</LatitudeDegrees>
      <LongitudeDegrees>-70.3101700</LongitudeDegrees>
     </Position>
     <AltitudeMeters>1612.77</AltitudeMeters>
     <DistanceMeters>57360.818149773746</DistanceMeters>
    </Trackpoint>
    <Trackpoint>
     <Time>2026-07-19T02:33:56+00:00</Time>
     <Position>
      <LatitudeDegrees>-33.6275300</LatitudeDegrees>
      <LongitudeDegrees>-70.3101300</LongitudeDegrees>
     </Position>
     <AltitudeMeters>1611.5300000000002</AltitudeMeters>
     <DistanceMeters>57371.49865330597</DistanceMeters>
    </Trackpoint>
    <Trackpoint>
     <Time>2026-07-19T02:34:02+00:00</Time>
     <Position>
      <LatitudeDegrees>-33.6276200</LatitudeDegrees>
      <LongitudeDegrees>-70.3100300</LongitudeDegrees>
     </Position>
     <AltitudeMeters>1609.67</AltitudeMeters>
     <DistanceMeters>57385.1445839937</DistanceMeters>
    </Trackpoint>
    <Trackpoint>
     <Time>2026-07-19T02:34:07+00:00</Time>
     <Position>
      <LatitudeDegrees>-33.6276400</LatitudeDegrees>
      <LongitudeDegrees>-70.3099000</LongitudeDegrees>
     </Position>
     <AltitudeMeters>1609.67</AltitudeMeters>
     <DistanceMeters>57397.39570190132</DistanceMeters>
    </Trackpoint>
    <Trackpoint>
     <Time>2026-07-19T02:34:13+00:00</Time>
     <Position>
      <LatitudeDegrees>-33.6276700</LatitudeDegrees>
      <LongitudeDegrees>-70.3092000</LongitudeDegrees>
     </Position>
     <AltitudeMeters>1604.4900000000002</AltitudeMeters>
     <DistanceMeters>57462.35112958668</DistanceMeters>
    </Trackpoint>
    <Trackpoint>
     <Time>2026-07-19T02:34:19+00:00</Time>
     <Position>
      <LatitudeDegrees>-33.6276900</LatitudeDegrees>
      <LongitudeDegrees>-70.3090500</LongitudeDegrees>
     </Position>
     <AltitudeMeters>1603.79</AltitudeMeters>
     <DistanceMeters>57476.42883545456</DistanceMeters>
    </Trackpoint>
    <Trackpoint>
     <Time>2026-07-19T02:34:24+00:00</Time>
     <Position>
      <LatitudeDegrees>-33.6277600</LatitudeDegrees>
      <LongitudeDegrees>-70.3089300</LongitudeDegrees>
     </Position>
     <AltitudeMeters>1603.0600000000002</AltitudeMeters>
     <DistanceMeters>57490.00676572536</DistanceMeters>
    </Trackpoint>
    <Trackpoint>
     <Time>2026-07-19T02:34:30+00:00</Time>
     <Position>
      <LatitudeDegrees>-33.6278900</LatitudeDegrees>
      <LongitudeDegrees>-70.3087800</LongitudeDegrees>
     </Position>
     <AltitudeMeters>1600.7900000000002</AltitudeMeters>
     <DistanceMeters>57510.07071768788</DistanceMeters>
    </Trackpoint>
    <Trackpoint>
     <Time>2026-07-19T02:34:36+00:00</Time>
     <Position>
      <LatitudeDegrees>-33.6284700</LatitudeDegrees>
      <LongitudeDegrees>-70.3084800</LongitudeDegrees>
     </Position>
     <AltitudeMeters>1595.5</AltitudeMeters>
     <DistanceMeters>57580.35439189521</DistanceMeters>
    </Trackpoint>
    <Trackpoint>
     <Time>2026-07-19T02:34:42+00:00</Time>
     <Position>
      <LatitudeDegrees>-33.6285500</LatitudeDegrees>
      <LongitudeDegrees>-70.3084700</LongitudeDegrees>
     </Position>
     <AltitudeMeters>1595.5</AltitudeMeters>
     <DistanceMeters>57589.30614208716</DistanceMeters>
    </Trackpoint>
    <Trackpoint>
     <Time>2026-07-19T02:34:47+00:00</Time>
     <Position>
      <LatitudeDegrees>-33.6286700</LatitudeDegrees>
      <LongitudeDegrees>-70.3084700</LongitudeDegrees>
     </Position>
     <AltitudeMeters>1594.67</AltitudeMeters>
     <DistanceMeters>57602.661623619555</DistanceMeters>
    </Trackpoint>
    <Trackpoint>
     <Time>2026-07-19T02:34:53+00:00</Time>
     <Position>
      <LatitudeDegrees>-33.6287900</LatitudeDegrees>
      <LongitudeDegrees>-70.3085200</LongitudeDegrees>
     </Position>
     <AltitudeMeters>1593.5</AltitudeMeters>
     <DistanceMeters>57616.79803202603</DistanceMeters>
    </Trackpoint>
    <Trackpoint>
     <Time>2026-07-19T02:34:59+00:00</Time>
     <Position>
      <LatitudeDegrees>-33.6292100</LatitudeDegrees>
      <LongitudeDegrees>-70.3088300</LongitudeDegrees>
     </Position>
     <AltitudeMeters>1589.9</AltitudeMeters>
     <DistanceMeters>57671.66412387951</DistanceMeters>
    </Trackpoint>
    <Trackpoint>
     <Time>2026-07-19T02:35:05+00:00</Time>
     <Position>
      <LatitudeDegrees>-33.6294300</LatitudeDegrees>
      <LongitudeDegrees>-70.3088300</LongitudeDegrees>
     </Position>
     <AltitudeMeters>1587.3000000000002</AltitudeMeters>
     <DistanceMeters>57696.14917335636</DistanceMeters>
    </Trackpoint>
    <Trackpoint>
     <Time>2026-07-19T02:35:10+00:00</Time>
     <Position>
      <LatitudeDegrees>-33.6295700</LatitudeDegrees>
      <LongitudeDegrees>-70.3087900</LongitudeDegrees>
     </Position>
     <AltitudeMeters>1587.3000000000002</AltitudeMeters>
     <DistanceMeters>57712.16541161388</DistanceMeters>
    </Trackpoint>
    <Trackpoint>
     <Time>2026-07-19T02:35:16+00:00</Time>
     <Position>
      <LatitudeDegrees>-33.6297700</LatitudeDegrees>
      <LongitudeDegrees>-70.3086500</LongitudeDegrees>
     </Position>
     <AltitudeMeters>1584.9</AltitudeMeters>
     <DistanceMeters>57737.929410476056</DistanceMeters>
    </Trackpoint>
    <Trackpoint>
     <Time>2026-07-19T02:35:22+00:00</Time>
     <Position>
      <LatitudeDegrees>-33.6300200</LatitudeDegrees>
      <LongitudeDegrees>-70.3083400</LongitudeDegrees>
     </Position>
     <AltitudeMeters>1580.98</AltitudeMeters>
     <DistanceMeters>57777.92219154234</DistanceMeters>
    </Trackpoint>
    <Trackpoint>
     <Time>2026-07-19T02:35:27+00:00</Time>
     <Position>
      <LatitudeDegrees>-33.6301300</LatitudeDegrees>
      <LongitudeDegrees>-70.3083800</LongitudeDegrees>
     </Position>
     <AltitudeMeters>1579.52</AltitudeMeters>
     <DistanceMeters>57790.713565296326</DistanceMeters>
    </Trackpoint>
    <Trackpoint>
     <Time>2026-07-19T02:35:33+00:00</Time>
     <Position>
      <LatitudeDegrees>-33.6301700</LatitudeDegrees>
      <LongitudeDegrees>-70.3084300</LongitudeDegrees>
     </Position>
     <AltitudeMeters>1579.52</AltitudeMeters>
     <DistanceMeters>57797.1390779654</DistanceMeters>
    </Trackpoint>
    <Trackpoint>
     <Time>2026-07-19T02:35:39+00:00</Time>
     <Position>
      <LatitudeDegrees>-33.6302900</LatitudeDegrees>
      <LongitudeDegrees>-70.3088700</LongitudeDegrees>
     </Position>
     <AltitudeMeters>1576.5000000000002</AltitudeMeters>
     <DistanceMeters>57840.04458343613</DistanceMeters>
    </Trackpoint>
    <Trackpoint>
     <Time>2026-07-19T02:35:45+00:00</Time>
     <Position>
      <LatitudeDegrees>-33.6303100</LatitudeDegrees>
      <LongitudeDegrees>-70.3089300</LongitudeDegrees>
     </Position>
     <AltitudeMeters>1575.0900000000001</AltitudeMeters>
     <DistanceMeters>57846.0336692205</DistanceMeters>
    </Trackpoint>
    <Trackpoint>
     <Time>2026-07-19T02:35:50+00:00</Time>
     <Position>
      <LatitudeDegrees>-33.6304000</LatitudeDegrees>
      <LongitudeDegrees>-70.3090500</LongitudeDegrees>
     </Position>
     <AltitudeMeters>1574.3500000000001</AltitudeMeters>
     <DistanceMeters>57860.999970363206</DistanceMeters>
    </Trackpoint>
    <Trackpoint>
     <Time>2026-07-19T02:35:56+00:00</Time>
     <Position>
      <LatitudeDegrees>-33.6308000</LatitudeDegrees>
      <LongitudeDegrees>-70.3093300</LongitudeDegrees>
     </Position>
     <AltitudeMeters>1571.26</AltitudeMeters>
     <DistanceMeters>57912.527827022794</DistanceMeters>
    </Trackpoint>
    <Trackpoint>
     <Time>2026-07-19T02:36:02+00:00</Time>
     <Position>
      <LatitudeDegrees>-33.6309100</LatitudeDegrees>
      <LongitudeDegrees>-70.3094600</LongitudeDegrees>
     </Position>
     <AltitudeMeters>1569.44</AltitudeMeters>
     <DistanceMeters>57929.70350004569</DistanceMeters>
    </Trackpoint>
    <Trackpoint>
     <Time>2026-07-19T02:36:07+00:00</Time>
     <Position>
      <LatitudeDegrees>-33.6309800</LatitudeDegrees>
      <LongitudeDegrees>-70.3096400</LongitudeDegrees>
     </Position>
     <AltitudeMeters>1568.63</AltitudeMeters>
     <DistanceMeters>57948.11330495287</DistanceMeters>
    </Trackpoint>
    <Trackpoint>
     <Time>2026-07-19T02:36:13+00:00</Time>
     <Position>
      <LatitudeDegrees>-33.6309800</LatitudeDegrees>
      <LongitudeDegrees>-70.3097200</LongitudeDegrees>
     </Position>
     <AltitudeMeters>1566.39</AltitudeMeters>
     <DistanceMeters>57955.526682545424</DistanceMeters>
    </Trackpoint>
    <Trackpoint>
     <Time>2026-07-19T02:36:19+00:00</Time>
     <Position>
      <LatitudeDegrees>-33.6308200</LatitudeDegrees>
      <LongitudeDegrees>-70.3102200</LongitudeDegrees>
     </Position>
     <AltitudeMeters>1563.0400000000002</AltitudeMeters>
     <DistanceMeters>58005.1644468259</DistanceMeters>
    </Trackpoint>
    <Trackpoint>
     <Time>2026-07-19T02:36:25+00:00</Time>
     <Position>
      <LatitudeDegrees>-33.6308700</LatitudeDegrees>
      <LongitudeDegrees>-70.3108900</LongitudeDegrees>
     </Position>
     <AltitudeMeters>1558.38</AltitudeMeters>
     <DistanceMeters>58067.50046458024</DistanceMeters>
    </Trackpoint>
    <Trackpoint>
     <Time>2026-07-19T02:36:30+00:00</Time>
     <Position>
      <LatitudeDegrees>-33.6308700</LatitudeDegrees>
      <LongitudeDegrees>-70.3109800</LongitudeDegrees>
     </Position>
     <AltitudeMeters>1557.6200000000001</AltitudeMeters>
     <DistanceMeters>58075.840525022846</DistanceMeters>
    </Trackpoint>
    <Trackpoint>
     <Time>2026-07-19T02:36:36+00:00</Time>
     <Position>
      <LatitudeDegrees>-33.6307600</LatitudeDegrees>
      <LongitudeDegrees>-70.3110700</LongitudeDegrees>
     </Position>
     <AltitudeMeters>1556.81</AltitudeMeters>
     <DistanceMeters>58090.65390103859</DistanceMeters>
    </Trackpoint>
    <Trackpoint>
     <Time>2026-07-19T02:36:42+00:00</Time>
     <Position>
      <LatitudeDegrees>-33.6305300</LatitudeDegrees>
      <LongitudeDegrees>-70.3111700</LongitudeDegrees>
     </Position>
     <AltitudeMeters>1553.9900000000002</AltitudeMeters>
     <DistanceMeters>58117.877617344275</DistanceMeters>
    </Trackpoint>
    <Trackpoint>
     <Time>2026-07-19T02:36:47+00:00</Time>
     <Position>
      <LatitudeDegrees>-33.6302000</LatitudeDegrees>
      <LongitudeDegrees>-70.3113900</LongitudeDegrees>
     </Position>
     <AltitudeMeters>1551.7200000000003</AltitudeMeters>
     <DistanceMeters>58159.884066648316</DistanceMeters>
    </Trackpoint>
    <Trackpoint>
     <Time>2026-07-19T02:36:53+00:00</Time>
     <Position>
      <LatitudeDegrees>-33.6300600</LatitudeDegrees>
      <LongitudeDegrees>-70.3114300</LongitudeDegrees>
     </Position>
     <AltitudeMeters>1550.9100000000003</AltitudeMeters>
     <DistanceMeters>58175.90029863161</DistanceMeters>
    </Trackpoint>
    <Trackpoint>
     <Time>2026-07-19T02:36:59+00:00</Time>
     <Position>
      <LatitudeDegrees>-33.6297700</LatitudeDegrees>
      <LongitudeDegrees>-70.3113800</LongitudeDegrees>
     </Position>
     <AltitudeMeters>1549.1000000000001</AltitudeMeters>
     <DistanceMeters>58208.50693004041</DistanceMeters>
    </Trackpoint>
    <Trackpoint>
     <Time>2026-07-19T02:37:05+00:00</Time>
     <Position>
      <LatitudeDegrees>-33.6295500</LatitudeDegrees>
      <LongitudeDegrees>-70.3111600</LongitudeDegrees>
     </Position>
     <AltitudeMeters>1547.9900000000002</AltitudeMeters>
     <DistanceMeters>58240.36837267373</DistanceMeters>
    </Trackpoint>
    <Trackpoint>
     <Time>2026-07-19T02:37:10+00:00</Time>
     <Position>
      <LatitudeDegrees>-33.6294100</LatitudeDegrees>
      <LongitudeDegrees>-70.3111100</LongitudeDegrees>
     </Position>
     <AltitudeMeters>1547.0300000000002</AltitudeMeters>
     <DistanceMeters>58256.624099534005</DistanceMeters>
    </Trackpoint>
    <Trackpoint>
     <Time>2026-07-19T02:37:16+00:00</Time>
     <Position>
      <LatitudeDegrees>-33.6292600</LatitudeDegrees>
      <LongitudeDegrees>-70.3111600</LongitudeDegrees>
     </Position>
     <AltitudeMeters>1545.68</AltitudeMeters>
     <DistanceMeters>58273.94952131756</DistanceMeters>
    </Trackpoint>
    <Trackpoint>
     <Time>2026-07-19T02:37:22+00:00</Time>
     <Position>
      <LatitudeDegrees>-33.6292300</LatitudeDegrees>
      <LongitudeDegrees>-70.3113400</LongitudeDegrees>
     </Position>
     <AltitudeMeters>1543.4500000000003</AltitudeMeters>
     <DistanceMeters>58290.9608406604</DistanceMeters>
    </Trackpoint>
    <Trackpoint>
     <Time>2026-07-19T02:37:28+00:00</Time>
     <Position>
      <LatitudeDegrees>-33.6292800</LatitudeDegrees>
      <LongitudeDegrees>-70.3113900</LongitudeDegrees>
     </Position>
     <AltitudeMeters>1542.91</AltitudeMeters>
     <DistanceMeters>58298.20209156206</DistanceMeters>
    </Trackpoint>
    <Trackpoint>
     <Time>2026-07-19T02:37:33+00:00</Time>
     <Position>
      <LatitudeDegrees>-33.6295500</LatitudeDegrees>
      <LongitudeDegrees>-70.3115200</LongitudeDegrees>
     </Position>
     <AltitudeMeters>1539.8400000000001</AltitudeMeters>
     <DistanceMeters>58330.57679888685</DistanceMeters>
    </Trackpoint>
    <Trackpoint>
     <Time>2026-07-19T02:37:39+00:00</Time>
     <Position>
      <LatitudeDegrees>-33.6297500</LatitudeDegrees>
      <LongitudeDegrees>-70.3117400</LongitudeDegrees>
     </Position>
     <AltitudeMeters>1538.3000000000002</AltitudeMeters>
     <DistanceMeters>58360.76128340754</DistanceMeters>
    </Trackpoint>
    <Trackpoint>
     <Time>2026-07-19T02:37:45+00:00</Time>
     <Position>
      <LatitudeDegrees>-33.6299300</LatitudeDegrees>
      <LongitudeDegrees>-70.3118200</LongitudeDegrees>
     </Position>
     <AltitudeMeters>1535.71</AltitudeMeters>
     <DistanceMeters>58382.122220132405</DistanceMeters>
    </Trackpoint>
    <Trackpoint>
     <Time>2026-07-19T02:37:50+00:00</Time>
     <Position>
      <LatitudeDegrees>-33.6302900</LatitudeDegrees>
      <LongitudeDegrees>-70.3119200</LongitudeDegrees>
     </Position>
     <AltitudeMeters>1532.46</AltitudeMeters>
     <DistanceMeters>58423.246347526</DistanceMeters>
    </Trackpoint>
    <Trackpoint>
     <Time>2026-07-19T02:37:56+00:00</Time>
     <Position>
      <LatitudeDegrees>-33.6305800</LatitudeDegrees>
      <LongitudeDegrees>-70.3119200</LongitudeDegrees>
     </Position>
     <AltitudeMeters>1530.75</AltitudeMeters>
     <DistanceMeters>58455.52209456381</DistanceMeters>
    </Trackpoint>
    <Trackpoint>
     <Time>2026-07-19T02:38:02+00:00</Time>
     <Position>
      <LatitudeDegrees>-33.6306700</LatitudeDegrees>
      <LongitudeDegrees>-70.3119600</LongitudeDegrees>
     </Position>
     <AltitudeMeters>1529.8500000000001</AltitudeMeters>
     <DistanceMeters>58466.20255120237</DistanceMeters>
    </Trackpoint>
    <Trackpoint>
     <Time>2026-07-19T02:38:08+00:00</Time>
     <Position>
      <LatitudeDegrees>-33.6307300</LatitudeDegrees>
      <LongitudeDegrees>-70.3120100</LongitudeDegrees>
     </Position>
     <AltitudeMeters>1529.19</AltitudeMeters>
     <DistanceMeters>58474.33030583865</DistanceMeters>
    </Trackpoint>
    <Trackpoint>
     <Time>2026-07-19T02:38:13+00:00</Time>
     <Position>
      <LatitudeDegrees>-33.6310200</LatitudeDegrees>
      <LongitudeDegrees>-70.3125500</LongitudeDegrees>
     </Position>
     <AltitudeMeters>1524.64</AltitudeMeters>
     <DistanceMeters>58533.87660254001</DistanceMeters>
    </Trackpoint>
    <Trackpoint>
     <Time>2026-07-19T02:38:19+00:00</Time>
     <Position>
      <LatitudeDegrees>-33.6311400</LatitudeDegrees>
      <LongitudeDegrees>-70.3126400</LongitudeDegrees>
     </Position>
     <AltitudeMeters>1523.18</AltitudeMeters>
     <DistanceMeters>58549.62224180972</DistanceMeters>
    </Trackpoint>
    <Trackpoint>
     <Time>2026-07-19T02:38:25+00:00</Time>
     <Position>
      <LatitudeDegrees>-33.6312500</LatitudeDegrees>
      <LongitudeDegrees>-70.3127200</LongitudeDegrees>
     </Position>
     <AltitudeMeters>1521.3500000000001</AltitudeMeters>
     <DistanceMeters>58563.93438018745</DistanceMeters>
    </Trackpoint>
    <Trackpoint>
     <Time>2026-07-19T02:38:30+00:00</Time>
     <Position>
      <LatitudeDegrees>-33.6314300</LatitudeDegrees>
      <LongitudeDegrees>-70.3127800</LongitudeDegrees>
     </Position>
     <AltitudeMeters>1520.0900000000001</AltitudeMeters>
     <DistanceMeters>58584.72485171697</DistanceMeters>
    </Trackpoint>
    <Trackpoint>
     <Time>2026-07-19T02:38:36+00:00</Time>
     <Position>
      <LatitudeDegrees>-33.6316100</LatitudeDegrees>
      <LongitudeDegrees>-70.3128100</LongitudeDegrees>
     </Position>
     <AltitudeMeters>1517.8200000000002</AltitudeMeters>
     <DistanceMeters>58604.95004370797</DistanceMeters>
    </Trackpoint>
    <Trackpoint>
     <Time>2026-07-19T02:38:42+00:00</Time>
     <Position>
      <LatitudeDegrees>-33.6317900</LatitudeDegrees>
      <LongitudeDegrees>-70.3128100</LongitudeDegrees>
     </Position>
     <AltitudeMeters>1517.14</AltitudeMeters>
     <DistanceMeters>58624.98326600735</DistanceMeters>
    </Trackpoint>
    <Trackpoint>
     <Time>2026-07-19T02:38:48+00:00</Time>
     <Position>
      <LatitudeDegrees>-33.6319000</LatitudeDegrees>
      <LongitudeDegrees>-70.3127800</LongitudeDegrees>
     </Position>
     <AltitudeMeters>1516.17</AltitudeMeters>
     <DistanceMeters>58637.53745849535</DistanceMeters>
    </Trackpoint>
    <Trackpoint>
     <Time>2026-07-19T02:38:53+00:00</Time>
     <Position>
      <LatitudeDegrees>-33.6319900</LatitudeDegrees>
      <LongitudeDegrees>-70.3127200</LongitudeDegrees>
     </Position>
     <AltitudeMeters>1515.48</AltitudeMeters>
     <DistanceMeters>58648.99371335364</DistanceMeters>
    </Trackpoint>
    <Trackpoint>
     <Time>2026-07-19T02:38:59+00:00</Time>
     <Position>
      <LatitudeDegrees>-33.6320500</LatitudeDegrees>
      <LongitudeDegrees>-70.3125900</LongitudeDegrees>
     </Position>
     <AltitudeMeters>1514.7</AltitudeMeters>
     <DistanceMeters>58662.76733407933</DistanceMeters>
    </Trackpoint>
    <Trackpoint>
     <Time>2026-07-19T02:39:05+00:00</Time>
     <Position>
      <LatitudeDegrees>-33.6320800</LatitudeDegrees>
      <LongitudeDegrees>-70.3124600</LongitudeDegrees>
     </Position>
     <AltitudeMeters>1512.6200000000001</AltitudeMeters>
     <DistanceMeters>58675.26806645613</DistanceMeters>
    </Trackpoint>
    <Trackpoint>
     <Time>2026-07-19T02:39:11+00:00</Time>
     <Position>
      <LatitudeDegrees>-33.6320500</LatitudeDegrees>
      <LongitudeDegrees>-70.3119600</LongitudeDegrees>
     </Position>
     <AltitudeMeters>1509.8300000000002</AltitudeMeters>
     <DistanceMeters>58721.721240542494</DistanceMeters>
    </Trackpoint>
    <Trackpoint>
     <Time>2026-07-19T02:39:16+00:00</Time>
     <Position>
      <LatitudeDegrees>-33.6322100</LatitudeDegrees>
      <LongitudeDegrees>-70.3115200</LongitudeDegrees>
     </Position>
     <AltitudeMeters>1507.5</AltitudeMeters>
     <DistanceMeters>58766.21326694478</DistanceMeters>
    </Trackpoint>
    <Trackpoint>
     <Time>2026-07-19T02:39:22+00:00</Time>
     <Position>
      <LatitudeDegrees>-33.6322600</LatitudeDegrees>
      <LongitudeDegrees>-70.3114300</LongitudeDegrees>
     </Position>
     <AltitudeMeters>1507.5</AltitudeMeters>
     <DistanceMeters>58776.239294288614</DistanceMeters>
    </Trackpoint>
    <Trackpoint>
     <Time>2026-07-19T02:39:28+00:00</Time>
     <Position>
      <LatitudeDegrees>-33.6325700</LatitudeDegrees>
      <LongitudeDegrees>-70.3112500</LongitudeDegrees>
     </Position>
     <AltitudeMeters>1505.77</AltitudeMeters>
     <DistanceMeters>58814.56136414015</DistanceMeters>
    </Trackpoint>
    <Trackpoint>
     <Time>2026-07-19T02:39:33+00:00</Time>
     <Position>
      <LatitudeDegrees>-33.6327000</LatitudeDegrees>
      <LongitudeDegrees>-70.3111100</LongitudeDegrees>
     </Position>
     <AltitudeMeters>1504.51</AltitudeMeters>
     <DistanceMeters>58833.99429050976</DistanceMeters>
    </Trackpoint>
    <Trackpoint>
     <Time>2026-07-19T02:39:39+00:00</Time>
     <Position>
      <LatitudeDegrees>-33.6327700</LatitudeDegrees>
      <LongitudeDegrees>-70.3110700</LongitudeDegrees>
     </Position>
     <AltitudeMeters>1504.07</AltitudeMeters>
     <DistanceMeters>58842.62180176342</DistanceMeters>
    </Trackpoint>
    <Trackpoint>
     <Time>2026-07-19T02:39:45+00:00</Time>
     <Position>
      <LatitudeDegrees>-33.6328100</LatitudeDegrees>
      <LongitudeDegrees>-70.3111100</LongitudeDegrees>
     </Position>
     <AltitudeMeters>1502.66</AltitudeMeters>
     <DistanceMeters>58848.41470514748</DistanceMeters>
    </Trackpoint>
    <Trackpoint>
     <Time>2026-07-19T02:39:51+00:00</Time>
     <Position>
      <LatitudeDegrees>-33.6328400</LatitudeDegrees>
      <LongitudeDegrees>-70.3111700</LongitudeDegrees>
     </Position>
     <AltitudeMeters>1502.66</AltitudeMeters>
     <DistanceMeters>58854.90012727866</DistanceMeters>
    </Trackpoint>
    <Trackpoint>
     <Time>2026-07-19T02:39:56+00:00</Time>
     <Position>
      <LatitudeDegrees>-33.6327700</LatitudeDegrees>
      <LongitudeDegrees>-70.3113400</LongitudeDegrees>
     </Position>
     <AltitudeMeters>1500.97</AltitudeMeters>
     <DistanceMeters>58872.47439615446</DistanceMeters>
    </Trackpoint>
    <Trackpoint>
     <Time>2026-07-19T02:40:02+00:00</Time>
     <Position>
      <LatitudeDegrees>-33.6327000</LatitudeDegrees>
      <LongitudeDegrees>-70.3114400</LongitudeDegrees>
     </Position>
     <AltitudeMeters>1499.8300000000002</AltitudeMeters>
     <DistanceMeters>58884.58074183178</DistanceMeters>
    </Trackpoint>
    <Trackpoint>
     <Time>2026-07-19T02:40:08+00:00</Time>
     <Position>
      <LatitudeDegrees>-33.6324600</LatitudeDegrees>
      <LongitudeDegrees>-70.3116900</LongitudeDegrees>
     </Position>
     <AltitudeMeters>1498.0800000000002</AltitudeMeters>
     <DistanceMeters>58919.93829352543</DistanceMeters>
    </Trackpoint>
    <Trackpoint>
     <Time>2026-07-19T02:40:13+00:00</Time>
     <Position>
      <LatitudeDegrees>-33.6324100</LatitudeDegrees>
      <LongitudeDegrees>-70.3117800</LongitudeDegrees>
     </Position>
     <AltitudeMeters>1496.39</AltitudeMeters>
     <DistanceMeters>58929.96430476049</DistanceMeters>
    </Trackpoint>
    <Trackpoint>
     <Time>2026-07-19T02:40:19+00:00</Time>
     <Position>
      <LatitudeDegrees>-33.6323900</LatitudeDegrees>
      <LongitudeDegrees>-70.3119600</LongitudeDegrees>
     </Position>
     <AltitudeMeters>1495.74</AltitudeMeters>
     <DistanceMeters>58946.79199741058</DistanceMeters>
    </Trackpoint>
    <Trackpoint>
     <Time>2026-07-19T02:40:25+00:00</Time>
     <Position>
      <LatitudeDegrees>-33.6326400</LatitudeDegrees>
      <LongitudeDegrees>-70.3127300</LongitudeDegrees>
     </Position>
     <AltitudeMeters>1491.27</AltitudeMeters>
     <DistanceMeters>59023.377557553205</DistanceMeters>
    </Trackpoint>
    <Trackpoint>
     <Time>2026-07-19T02:40:31+00:00</Time>
     <Position>
      <LatitudeDegrees>-33.6328400</LatitudeDegrees>
      <LongitudeDegrees>-70.3134900</LongitudeDegrees>
     </Position>
     <AltitudeMeters>1486.4</AltitudeMeters>
     <DistanceMeters>59097.23716110879</DistanceMeters>
    </Trackpoint>
    <Trackpoint>
     <Time>2026-07-19T02:40:36+00:00</Time>
     <Position>
      <LatitudeDegrees>-33.6329300</LatitudeDegrees>
      <LongitudeDegrees>-70.3137000</LongitudeDegrees>
     </Position>
     <AltitudeMeters>1484.5100000000002</AltitudeMeters>
     <DistanceMeters>59119.12350090973</DistanceMeters>
    </Trackpoint>
    <Trackpoint>
     <Time>2026-07-19T02:40:42+00:00</Time>
     <Position>
      <LatitudeDegrees>-33.6330200</LatitudeDegrees>
      <LongitudeDegrees>-70.3138400</LongitudeDegrees>
     </Position>
     <AltitudeMeters>1482.8000000000002</AltitudeMeters>
     <DistanceMeters>59135.51356161119</DistanceMeters>
    </Trackpoint>
    <Trackpoint>
     <Time>2026-07-19T02:40:48+00:00</Time>
     <Position>
      <LatitudeDegrees>-33.6335300</LatitudeDegrees>
      <LongitudeDegrees>-70.3144700</LongitudeDegrees>
     </Position>
     <AltitudeMeters>1477.33</AltitudeMeters>
     <DistanceMeters>59216.93758444832</DistanceMeters>
    </Trackpoint>
    <Trackpoint>
     <Time>2026-07-19T02:40:53+00:00</Time>
     <Position>
      <LatitudeDegrees>-33.6336200</LatitudeDegrees>
      <LongitudeDegrees>-70.3146000</LongitudeDegrees>
     </Position>
     <AltitudeMeters>1476.5300000000002</AltitudeMeters>
     <DistanceMeters>59232.60435390282</DistanceMeters>
    </Trackpoint>
    <Trackpoint>
     <Time>2026-07-19T02:40:59+00:00</Time>
     <Position>
      <LatitudeDegrees>-33.6337800</LatitudeDegrees>
      <LongitudeDegrees>-70.3151800</LongitudeDegrees>
     </Position>
     <AltitudeMeters>1471.2800000000002</AltitudeMeters>
     <DistanceMeters>59289.22287092253</DistanceMeters>
    </Trackpoint>
    <Trackpoint>
     <Time>2026-07-19T02:41:05+00:00</Time>
     <Position>
      <LatitudeDegrees>-33.6340700</LatitudeDegrees>
      <LongitudeDegrees>-70.3159900</LongitudeDegrees>
     </Position>
     <AltitudeMeters>1466.26</AltitudeMeters>
     <DistanceMeters>59370.9260498838</DistanceMeters>
    </Trackpoint>
    <Trackpoint>
     <Time>2026-07-19T02:41:11+00:00</Time>
     <Position>
      <LatitudeDegrees>-33.6343100</LatitudeDegrees>
      <LongitudeDegrees>-70.3164400</LongitudeDegrees>
     </Position>
     <AltitudeMeters>1463.42</AltitudeMeters>
     <DistanceMeters>59420.44631544655</DistanceMeters>
    </Trackpoint>
    <Trackpoint>
     <Time>2026-07-19T02:41:16+00:00</Time>
     <Position>
      <LatitudeDegrees>-33.6345400</LatitudeDegrees>
      <LongitudeDegrees>-70.3167100</LongitudeDegrees>
     </Position>
     <AltitudeMeters>1461.77</AltitudeMeters>
     <DistanceMeters>59456.24038931885</DistanceMeters>
    </Trackpoint>
    <Trackpoint>
     <Time>2026-07-19T02:41:22+00:00</Time>
     <Position>
      <LatitudeDegrees>-33.6346100</LatitudeDegrees>
      <LongitudeDegrees>-70.3168000</LongitudeDegrees>
     </Position>
     <AltitudeMeters>1461.2200000000003</AltitudeMeters>
     <DistanceMeters>59467.65290844509</DistanceMeters>
    </Trackpoint>
    <Trackpoint>
     <Time>2026-07-19T02:41:28+00:00</Time>
     <Position>
      <LatitudeDegrees>-33.6346100</LatitudeDegrees>
      <LongitudeDegrees>-70.3169700</LongitudeDegrees>
     </Position>
     <AltitudeMeters>1460.1200000000001</AltitudeMeters>
     <DistanceMeters>59483.405671908</DistanceMeters>
    </Trackpoint>
    <Trackpoint>
     <Time>2026-07-19T02:41:34+00:00</Time>
     <Position>
      <LatitudeDegrees>-33.6345400</LatitudeDegrees>
      <LongitudeDegrees>-70.3170600</LongitudeDegrees>
     </Position>
     <AltitudeMeters>1458.39</AltitudeMeters>
     <DistanceMeters>59494.81819103423</DistanceMeters>
    </Trackpoint>
    <Trackpoint>
     <Time>2026-07-19T02:41:39+00:00</Time>
     <Position>
      <LatitudeDegrees>-33.6344700</LatitudeDegrees>
      <LongitudeDegrees>-70.3170600</LongitudeDegrees>
     </Position>
     <AltitudeMeters>1458.39</AltitudeMeters>
     <DistanceMeters>59502.60888859519</DistanceMeters>
    </Trackpoint>
    <Trackpoint>
     <Time>2026-07-19T02:41:45+00:00</Time>
     <Position>
      <LatitudeDegrees>-33.6340350</LatitudeDegrees>
      <LongitudeDegrees>-70.3169050</LongitudeDegrees>
     </Position>
     <AltitudeMeters>1454.55</AltitudeMeters>
     <DistanceMeters>59553.108093006835</DistanceMeters>
    </Trackpoint>
    <Trackpoint>
     <Time>2026-07-19T02:41:51+00:00</Time>
     <Position>
      <LatitudeDegrees>-33.6336000</LatitudeDegrees>
      <LongitudeDegrees>-70.3167500</LongitudeDegrees>
     </Position>
     <AltitudeMeters>1452.55</AltitudeMeters>
     <DistanceMeters>59603.60734063537</DistanceMeters>
    </Trackpoint>
    <Trackpoint>
     <Time>2026-07-19T02:41:56+00:00</Time>
     <Position>
      <LatitudeDegrees>-33.6332000</LatitudeDegrees>
      <LongitudeDegrees>-70.3165300</LongitudeDegrees>
     </Position>
     <AltitudeMeters>1451.7300000000002</AltitudeMeters>
     <DistanceMeters>59652.571350971004</DistanceMeters>
    </Trackpoint>
    <Trackpoint>
     <Time>2026-07-19T02:42:02+00:00</Time>
     <Position>
      <LatitudeDegrees>-33.6331100</LatitudeDegrees>
      <LongitudeDegrees>-70.3164400</LongitudeDegrees>
     </Position>
     <AltitudeMeters>1451.5300000000002</AltitudeMeters>
     <DistanceMeters>59665.605360971545</DistanceMeters>
    </Trackpoint>
    <Trackpoint>
     <Time>2026-07-19T02:42:08+00:00</Time>
     <Position>
      <LatitudeDegrees>-33.6329700</LatitudeDegrees>
      <LongitudeDegrees>-70.3164400</LongitudeDegrees>
     </Position>
     <AltitudeMeters>1451.4600000000003</AltitudeMeters>
     <DistanceMeters>59681.18675609346</DistanceMeters>
    </Trackpoint>
    <Trackpoint>
     <Time>2026-07-19T02:42:14+00:00</Time>
     <Position>
      <LatitudeDegrees>-33.6328800</LatitudeDegrees>
      <LongitudeDegrees>-70.3165700</LongitudeDegrees>
     </Position>
     <AltitudeMeters>1451.4600000000003</AltitudeMeters>
     <DistanceMeters>59696.85359545189</DistanceMeters>
    </Trackpoint>
    <Trackpoint>
     <Time>2026-07-19T02:42:19+00:00</Time>
     <Position>
      <LatitudeDegrees>-33.6328800</LatitudeDegrees>
      <LongitudeDegrees>-70.3167200</LongitudeDegrees>
     </Position>
     <AltitudeMeters>1451.45</AltitudeMeters>
     <DistanceMeters>59710.753371821294</DistanceMeters>
    </Trackpoint>
    <Trackpoint>
     <Time>2026-07-19T02:42:25+00:00</Time>
     <Position>
      <LatitudeDegrees>-33.6329500</LatitudeDegrees>
      <LongitudeDegrees>-70.3168800</LongitudeDegrees>
     </Position>
     <AltitudeMeters>1451.2500000000002</AltitudeMeters>
     <DistanceMeters>59727.50203627115</DistanceMeters>
    </Trackpoint>
    <Trackpoint>
     <Time>2026-07-19T02:42:31+00:00</Time>
     <Position>
      <LatitudeDegrees>-33.6331300</LatitudeDegrees>
      <LongitudeDegrees>-70.3172000</LongitudeDegrees>
     </Position>
     <AltitudeMeters>1450.16</AltitudeMeters>
     <DistanceMeters>59763.28776824325</DistanceMeters>
    </Trackpoint>
    <Trackpoint>
     <Time>2026-07-19T02:42:36+00:00</Time>
     <Position>
      <LatitudeDegrees>-33.6334400</LatitudeDegrees>
      <LongitudeDegrees>-70.3181400</LongitudeDegrees>
     </Position>
     <AltitudeMeters>1448.6100000000001</AltitudeMeters>
     <DistanceMeters>59856.976724182095</DistanceMeters>
    </Trackpoint>
    <Trackpoint>
     <Time>2026-07-19T02:42:42+00:00</Time>
     <Position>
      <LatitudeDegrees>-33.6334900</LatitudeDegrees>
      <LongitudeDegrees>-70.3181800</LongitudeDegrees>
     </Position>
     <AltitudeMeters>1448.47</AltitudeMeters>
     <DistanceMeters>59863.66294656258</DistanceMeters>
    </Trackpoint>
    <Trackpoint>
     <Time>2026-07-19T02:42:48+00:00</Time>
     <Position>
      <LatitudeDegrees>-33.6336400</LatitudeDegrees>
      <LongitudeDegrees>-70.3182300</LongitudeDegrees>
     </Position>
     <AltitudeMeters>1447.8600000000001</AltitudeMeters>
     <DistanceMeters>59880.988307494765</DistanceMeters>
    </Trackpoint>
    <Trackpoint>
     <Time>2026-07-19T02:42:54+00:00</Time>
     <Position>
      <LatitudeDegrees>-33.6337800</LatitudeDegrees>
      <LongitudeDegrees>-70.3183600</LongitudeDegrees>
     </Position>
     <AltitudeMeters>1446.7</AltitudeMeters>
     <DistanceMeters>59900.68334710562</DistanceMeters>
    </Trackpoint>
    <Trackpoint>
     <Time>2026-07-19T02:42:59+00:00</Time>
     <Position>
      <LatitudeDegrees>-33.6340500</LatitudeDegrees>
      <LongitudeDegrees>-70.3186000</LongitudeDegrees>
     </Position>
     <AltitudeMeters>1444.28</AltitudeMeters>
     <DistanceMeters>59938.06759897639</DistanceMeters>
    </Trackpoint>
    <Trackpoint>
     <Time>2026-07-19T02:43:05+00:00</Time>
     <Position>
      <LatitudeDegrees>-33.6343100</LatitudeDegrees>
      <LongitudeDegrees>-70.3189100</LongitudeDegrees>
     </Position>
     <AltitudeMeters>1441.3100000000002</AltitudeMeters>
     <DistanceMeters>59978.8415213392</DistanceMeters>
    </Trackpoint>
    <Trackpoint>
     <Time>2026-07-19T02:43:11+00:00</Time>
     <Position>
      <LatitudeDegrees>-33.6344300</LatitudeDegrees>
      <LongitudeDegrees>-70.3190800</LongitudeDegrees>
     </Position>
     <AltitudeMeters>1440.2400000000002</AltitudeMeters>
     <DistanceMeters>59999.493877783</DistanceMeters>
    </Trackpoint>
    <Trackpoint>
     <Time>2026-07-19T02:43:16+00:00</Time>
     <Position>
      <LatitudeDegrees>-33.6346700</LatitudeDegrees>
      <LongitudeDegrees>-70.3197100</LongitudeDegrees>
     </Position>
     <AltitudeMeters>1434.7200000000003</AltitudeMeters>
     <DistanceMeters>60063.692461241735</DistanceMeters>
    </Trackpoint>
    <Trackpoint>
     <Time>2026-07-19T02:43:22+00:00</Time>
     <Position>
      <LatitudeDegrees>-33.6348300</LatitudeDegrees>
      <LongitudeDegrees>-70.3199800</LongitudeDegrees>
     </Position>
     <AltitudeMeters>1432.42</AltitudeMeters>
     <DistanceMeters>60094.401634440925</DistanceMeters>
    </Trackpoint>
    <Trackpoint>
     <Time>2026-07-19T02:43:28+00:00</Time>
     <Position>
      <LatitudeDegrees>-33.6350100</LatitudeDegrees>
      <LongitudeDegrees>-70.3200700</LongitudeDegrees>
     </Position>
     <AltitudeMeters>1431.49</AltitudeMeters>
     <DistanceMeters>60116.101405471934</DistanceMeters>
    </Trackpoint>
    <Trackpoint>
     <Time>2026-07-19T02:43:34+00:00</Time>
     <Position>
      <LatitudeDegrees>-33.6353700</LatitudeDegrees>
      <LongitudeDegrees>-70.3201500</LongitudeDegrees>
     </Position>
     <AltitudeMeters>1428.52</AltitudeMeters>
     <DistanceMeters>60156.847850441736</DistanceMeters>
    </Trackpoint>
    <Trackpoint>
     <Time>2026-07-19T02:43:39+00:00</Time>
     <Position>
      <LatitudeDegrees>-33.6355000</LatitudeDegrees>
      <LongitudeDegrees>-70.3202000</LongitudeDegrees>
     </Position>
     <AltitudeMeters>1426.8</AltitudeMeters>
     <DistanceMeters>60172.04000371183</DistanceMeters>
    </Trackpoint>
    <Trackpoint>
     <Time>2026-07-19T02:43:45+00:00</Time>
     <Position>
      <LatitudeDegrees>-33.6355900</LatitudeDegrees>
      <LongitudeDegrees>-70.3202500</LongitudeDegrees>
     </Position>
     <AltitudeMeters>1426.8</AltitudeMeters>
     <DistanceMeters>60183.076228494625</DistanceMeters>
    </Trackpoint>
    <Trackpoint>
     <Time>2026-07-19T02:43:51+00:00</Time>
     <Position>
      <LatitudeDegrees>-33.6359000</LatitudeDegrees>
      <LongitudeDegrees>-70.3204800</LongitudeDegrees>
     </Position>
     <AltitudeMeters>1423.6200000000001</AltitudeMeters>
     <DistanceMeters>60223.629624491135</DistanceMeters>
    </Trackpoint>
    <Trackpoint>
     <Time>2026-07-19T02:43:57+00:00</Time>
     <Position>
      <LatitudeDegrees>-33.6361100</LatitudeDegrees>
      <LongitudeDegrees>-70.3207900</LongitudeDegrees>
     </Position>
     <AltitudeMeters>1421.44</AltitudeMeters>
     <DistanceMeters>60260.66190310813</DistanceMeters>
    </Trackpoint>
    <Trackpoint>
     <Time>2026-07-19T02:44:02+00:00</Time>
     <Position>
      <LatitudeDegrees>-33.6362600</LatitudeDegrees>
      <LongitudeDegrees>-70.3212300</LongitudeDegrees>
     </Position>
     <AltitudeMeters>1417.8000000000002</AltitudeMeters>
     <DistanceMeters>60304.718514642125</DistanceMeters>
    </Trackpoint>
    <Trackpoint>
     <Time>2026-07-19T02:44:08+00:00</Time>
     <Position>
      <LatitudeDegrees>-33.6367100</LatitudeDegrees>
      <LongitudeDegrees>-70.3216800</LongitudeDegrees>
     </Position>
     <AltitudeMeters>1413.1</AltitudeMeters>
     <DistanceMeters>60369.887450108734</DistanceMeters>
    </Trackpoint>
    <Trackpoint>
     <Time>2026-07-19T02:44:14+00:00</Time>
     <Position>
      <LatitudeDegrees>-33.6371600</LatitudeDegrees>
      <LongitudeDegrees>-70.3221300</LongitudeDegrees>
     </Position>
     <AltitudeMeters>1410.26</AltitudeMeters>
     <DistanceMeters>60435.05641200955</DistanceMeters>
    </Trackpoint>
    <Trackpoint>
     <Time>2026-07-19T02:44:19+00:00</Time>
     <Position>
      <LatitudeDegrees>-33.6374300</LatitudeDegrees>
      <LongitudeDegrees>-70.3222500</LongitudeDegrees>
     </Position>
     <AltitudeMeters>1408.2700000000002</AltitudeMeters>
     <DistanceMeters>60467.09748306709</DistanceMeters>
    </Trackpoint>
    <Trackpoint>
     <Time>2026-07-19T02:44:25+00:00</Time>
     <Position>
      <LatitudeDegrees>-33.6377600</LatitudeDegrees>
      <LongitudeDegrees>-70.3223100</LongitudeDegrees>
     </Position>
     <AltitudeMeters>1405.0500000000002</AltitudeMeters>
     <DistanceMeters>60504.24346438963</DistanceMeters>
    </Trackpoint>
    <Trackpoint>
     <Time>2026-07-19T02:44:31+00:00</Time>
     <Position>
      <LatitudeDegrees>-33.6381400</LatitudeDegrees>
      <LongitudeDegrees>-70.3222200</LongitudeDegrees>
     </Position>
     <AltitudeMeters>1402.29</AltitudeMeters>
     <DistanceMeters>60547.3501777207</DistanceMeters>
    </Trackpoint>
    <Trackpoint>
     <Time>2026-07-19T02:44:37+00:00</Time>
     <Position>
      <LatitudeDegrees>-33.6384800</LatitudeDegrees>
      <LongitudeDegrees>-70.3221700</LongitudeDegrees>
     </Position>
     <AltitudeMeters>1398.47</AltitudeMeters>
     <DistanceMeters>60585.47327003059</DistanceMeters>
    </Trackpoint>
    <Trackpoint>
     <Time>2026-07-19T02:44:42+00:00</Time>
     <Position>
      <LatitudeDegrees>-33.6388100</LatitudeDegrees>
      <LongitudeDegrees>-70.3222200</LongitudeDegrees>
     </Position>
     <AltitudeMeters>1392.8600000000001</AltitudeMeters>
     <DistanceMeters>60622.491899406625</DistanceMeters>
    </Trackpoint>
    <Trackpoint>
     <Time>2026-07-19T02:44:48+00:00</Time>
     <Position>
      <LatitudeDegrees>-33.6392200</LatitudeDegrees>
      <LongitudeDegrees>-70.3224000</LongitudeDegrees>
     </Position>
     <AltitudeMeters>1389.16</AltitudeMeters>
     <DistanceMeters>60671.07567069577</DistanceMeters>
    </Trackpoint>
    <Trackpoint>
     <Time>2026-07-19T02:44:54+00:00</Time>
     <Position>
      <LatitudeDegrees>-33.6394000</LatitudeDegrees>
      <LongitudeDegrees>-70.3224000</LongitudeDegrees>
     </Position>
     <AltitudeMeters>1389.16</AltitudeMeters>
     <DistanceMeters>60691.10889299515</DistanceMeters>
    </Trackpoint>
    <Trackpoint>
     <Time>2026-07-19T02:44:59+00:00</Time>
     <Position>
      <LatitudeDegrees>-33.6396200</LatitudeDegrees>
      <LongitudeDegrees>-70.3222700</LongitudeDegrees>
     </Position>
     <AltitudeMeters>1385.93</AltitudeMeters>
     <DistanceMeters>60718.39648749566</DistanceMeters>
    </Trackpoint>
    <Trackpoint>
     <Time>2026-07-19T02:45:05+00:00</Time>
     <Position>
      <LatitudeDegrees>-33.6398900</LatitudeDegrees>
      <LongitudeDegrees>-70.3222200</LongitudeDegrees>
     </Position>
     <AltitudeMeters>1383.96</AltitudeMeters>
     <DistanceMeters>60748.80135799519</DistanceMeters>
    </Trackpoint>
    <Trackpoint>
     <Time>2026-07-19T02:45:11+00:00</Time>
     <Position>
      <LatitudeDegrees>-33.6399800</LatitudeDegrees>
      <LongitudeDegrees>-70.3222200</LongitudeDegrees>
     </Position>
     <AltitudeMeters>1380.92</AltitudeMeters>
     <DistanceMeters>60758.817969144875</DistanceMeters>
    </Trackpoint>
    <Trackpoint>
     <Time>2026-07-19T02:45:17+00:00</Time>
     <Position>
      <LatitudeDegrees>-33.6402200</LatitudeDegrees>
      <LongitudeDegrees>-70.3224700</LongitudeDegrees>
     </Position>
     <AltitudeMeters>1380.3</AltitudeMeters>
     <DistanceMeters>60794.17419550516</DistanceMeters>
    </Trackpoint>
    <Trackpoint>
     <Time>2026-07-19T02:45:22+00:00</Time>
     <Position>
      <LatitudeDegrees>-33.6402300</LatitudeDegrees>
      <LongitudeDegrees>-70.3224800</LongitudeDegrees>
     </Position>
     <AltitudeMeters>1380.3</AltitudeMeters>
     <DistanceMeters>60794.17419550516</DistanceMeters>
    </Trackpoint>
    <Trackpoint>
     <Time>2026-07-19T02:45:28+00:00</Time>
     <Position>
      <LatitudeDegrees>-33.6404700</LatitudeDegrees>
      <LongitudeDegrees>-70.3228900</LongitudeDegrees>
     </Position>
     <AltitudeMeters>1376.74</AltitudeMeters>
     <DistanceMeters>60840.61417920331</DistanceMeters>
    </Trackpoint>
    <Trackpoint>
     <Time>2026-07-19T02:45:34+00:00</Time>
     <Position>
      <LatitudeDegrees>-33.6405400</LatitudeDegrees>
      <LongitudeDegrees>-70.3230700</LongitudeDegrees>
     </Position>
     <AltitudeMeters>1375.1100000000001</AltitudeMeters>
     <DistanceMeters>60859.02230657699</DistanceMeters>
    </Trackpoint>
    <Trackpoint>
     <Time>2026-07-19T02:45:39+00:00</Time>
     <Position>
      <LatitudeDegrees>-33.6405600</LatitudeDegrees>
      <LongitudeDegrees>-70.3232500</LongitudeDegrees>
     </Position>
     <AltitudeMeters>1373.85</AltitudeMeters>
     <DistanceMeters>60875.848434636544</DistanceMeters>
    </Trackpoint>
    <Trackpoint>
     <Time>2026-07-19T02:45:45+00:00</Time>
     <Position>
      <LatitudeDegrees>-33.6405600</LatitudeDegrees>
      <LongitudeDegrees>-70.3234700</LongitudeDegrees>
     </Position>
     <AltitudeMeters>1371.92</AltitudeMeters>
     <DistanceMeters>60896.23295532406</DistanceMeters>
    </Trackpoint>
    <Trackpoint>
     <Time>2026-07-19T02:45:51+00:00</Time>
     <Position>
      <LatitudeDegrees>-33.6407200</LatitudeDegrees>
      <LongitudeDegrees>-70.3243100</LongitudeDegrees>
     </Position>
     <AltitudeMeters>1365.31</AltitudeMeters>
     <DistanceMeters>60976.07579503471</DistanceMeters>
    </Trackpoint>
    <Trackpoint>
     <Time>2026-07-19T02:45:57+00:00</Time>
     <Position>
      <LatitudeDegrees>-33.6407600</LatitudeDegrees>
      <LongitudeDegrees>-70.3243600</LongitudeDegrees>
     </Position>
     <AltitudeMeters>1365.31</AltitudeMeters>
     <DistanceMeters>60982.5008968957</DistanceMeters>
    </Trackpoint>
    <Trackpoint>
     <Time>2026-07-19T02:46:02+00:00</Time>
     <Position>
      <LatitudeDegrees>-33.6411000</LatitudeDegrees>
      <LongitudeDegrees>-70.3244100</LongitudeDegrees>
     </Position>
     <AltitudeMeters>1361.0300000000002</AltitudeMeters>
     <DistanceMeters>61020.62397207486</DistanceMeters>
    </Trackpoint>
    <Trackpoint>
     <Time>2026-07-19T02:46:08+00:00</Time>
     <Position>
      <LatitudeDegrees>-33.6412100</LatitudeDegrees>
      <LongitudeDegrees>-70.3244600</LongitudeDegrees>
     </Position>
     <AltitudeMeters>1361.0300000000002</AltitudeMeters>
     <DistanceMeters>61033.71375334861</DistanceMeters>
    </Trackpoint>
    <Trackpoint>
     <Time>2026-07-19T02:46:14+00:00</Time>
     <Position>
      <LatitudeDegrees>-33.6413000</LatitudeDegrees>
      <LongitudeDegrees>-70.3245400</LongitudeDegrees>
     </Position>
     <AltitudeMeters>1359.66</AltitudeMeters>
     <DistanceMeters>61046.17479478013</DistanceMeters>
    </Trackpoint>
    <Trackpoint>
     <Time>2026-07-19T02:46:20+00:00</Time>
     <Position>
      <LatitudeDegrees>-33.6415450</LatitudeDegrees>
      <LongitudeDegrees>-70.3249950</LongitudeDegrees>
     </Position>
     <AltitudeMeters>1354.74</AltitudeMeters>
     <DistanceMeters>61096.38281750767</DistanceMeters>
    </Trackpoint>
    <Trackpoint>
     <Time>2026-07-19T02:46:25+00:00</Time>
     <Position>
      <LatitudeDegrees>-33.6417900</LatitudeDegrees>
      <LongitudeDegrees>-70.3254500</LongitudeDegrees>
     </Position>
     <AltitudeMeters>1350.68</AltitudeMeters>
     <DistanceMeters>61146.59083197545</DistanceMeters>
    </Trackpoint>
    <Trackpoint>
     <Time>2026-07-19T02:46:31+00:00</Time>
     <Position>
      <LatitudeDegrees>-33.6418800</LatitudeDegrees>
      <LongitudeDegrees>-70.3257100</LongitudeDegrees>
     </Position>
     <AltitudeMeters>1349.5900000000001</AltitudeMeters>
     <DistanceMeters>61172.68071161756</DistanceMeters>
    </Trackpoint>
    <Trackpoint>
     <Time>2026-07-19T02:46:37+00:00</Time>
     <Position>
      <LatitudeDegrees>-33.6419300</LatitudeDegrees>
      <LongitudeDegrees>-70.3259400</LongitudeDegrees>
     </Position>
     <AltitudeMeters>1347.6100000000001</AltitudeMeters>
     <DistanceMeters>61194.706042055754</DistanceMeters>
    </Trackpoint>
    <Trackpoint>
     <Time>2026-07-19T02:46:42+00:00</Time>
     <Position>
      <LatitudeDegrees>-33.6419300</LatitudeDegrees>
      <LongitudeDegrees>-70.3261500</LongitudeDegrees>
     </Position>
     <AltitudeMeters>1346.38</AltitudeMeters>
     <DistanceMeters>61214.16368402407</DistanceMeters>
    </Trackpoint>
    <Trackpoint>
     <Time>2026-07-19T02:46:48+00:00</Time>
     <Position>
      <LatitudeDegrees>-33.6419000</LatitudeDegrees>
      <LongitudeDegrees>-70.3263300</LongitudeDegrees>
     </Position>
     <AltitudeMeters>1346.38</AltitudeMeters>
     <DistanceMeters>61231.172597279765</DistanceMeters>
    </Trackpoint>
    <Trackpoint>
     <Time>2026-07-19T02:46:54+00:00</Time>
     <Position>
      <LatitudeDegrees>-33.6418400</LatitudeDegrees>
      <LongitudeDegrees>-70.3264800</LongitudeDegrees>
     </Position>
     <AltitudeMeters>1344.0700000000002</AltitudeMeters>
     <DistanceMeters>61246.59192508664</DistanceMeters>
    </Trackpoint>
    <Trackpoint>
     <Time>2026-07-19T02:47:00+00:00</Time>
     <Position>
      <LatitudeDegrees>-33.6417700</LatitudeDegrees>
      <LongitudeDegrees>-70.3266000</LongitudeDegrees>
     </Position>
     <AltitudeMeters>1343.3300000000002</AltitudeMeters>
     <DistanceMeters>61260.16836652103</DistanceMeters>
    </Trackpoint>
    <Trackpoint>
     <Time>2026-07-19T02:47:05+00:00</Time>
     <Position>
      <LatitudeDegrees>-33.6415900</LatitudeDegrees>
      <LongitudeDegrees>-70.3267800</LongitudeDegrees>
     </Position>
     <AltitudeMeters>1341.02</AltitudeMeters>
     <DistanceMeters>61286.23533007296</DistanceMeters>
    </Trackpoint>
    <Trackpoint>
     <Time>2026-07-19T02:47:11+00:00</Time>
     <Position>
      <LatitudeDegrees>-33.6413000</LatitudeDegrees>
      <LongitudeDegrees>-70.3270100</LongitudeDegrees>
     </Position>
     <AltitudeMeters>1338.3100000000002</AltitudeMeters>
     <DistanceMeters>61324.911899979714</DistanceMeters>
    </Trackpoint>
    <Trackpoint>
     <Time>2026-07-19T02:47:17+00:00</Time>
     <Position>
      <LatitudeDegrees>-33.6408700</LatitudeDegrees>
      <LongitudeDegrees>-70.3272700</LongitudeDegrees>
     </Position>
     <AltitudeMeters>1335.41</AltitudeMeters>
     <DistanceMeters>61378.490491665776</DistanceMeters>
    </Trackpoint>
    <Trackpoint>
     <Time>2026-07-19T02:47:22+00:00</Time>
     <Position>
      <LatitudeDegrees>-33.6408100</LatitudeDegrees>
      <LongitudeDegrees>-70.3273600</LongitudeDegrees>
     </Position>
     <AltitudeMeters>1333.73</AltitudeMeters>
     <DistanceMeters>61389.173783613216</DistanceMeters>
    </Trackpoint>
    <Trackpoint>
     <Time>2026-07-19T02:47:28+00:00</Time>
     <Position>
      <LatitudeDegrees>-33.6408300</LatitudeDegrees>
      <LongitudeDegrees>-70.3275000</LongitudeDegrees>
     </Position>
     <AltitudeMeters>1332.21</AltitudeMeters>
     <DistanceMeters>61402.335304093926</DistanceMeters>
    </Trackpoint>
    <Trackpoint>
     <Time>2026-07-19T02:47:34+00:00</Time>
     <Position>
      <LatitudeDegrees>-33.6410300</LatitudeDegrees>
      <LongitudeDegrees>-70.3276000</LongitudeDegrees>
     </Position>
     <AltitudeMeters>1330.65</AltitudeMeters>
     <DistanceMeters>61426.445912266834</DistanceMeters>
    </Trackpoint>
    <Trackpoint>
     <Time>2026-07-19T02:47:40+00:00</Time>
     <Position>
      <LatitudeDegrees>-33.6411900</LatitudeDegrees>
      <LongitudeDegrees>-70.3277700</LongitudeDegrees>
     </Position>
     <AltitudeMeters>1329.26</AltitudeMeters>
     <DistanceMeters>61450.22010713259</DistanceMeters>
    </Trackpoint>
    <Trackpoint>
     <Time>2026-07-19T02:47:45+00:00</Time>
     <Position>
      <LatitudeDegrees>-33.6412800</LatitudeDegrees>
      <LongitudeDegrees>-70.3280400</LongitudeDegrees>
     </Position>
     <AltitudeMeters>1327.67</AltitudeMeters>
     <DistanceMeters>61477.168044023245</DistanceMeters>
    </Trackpoint>
    <Trackpoint>
     <Time>2026-07-19T02:47:51+00:00</Time>
     <Position>
      <LatitudeDegrees>-33.6413000</LatitudeDegrees>
      <LongitudeDegrees>-70.3284400</LongitudeDegrees>
     </Position>
     <AltitudeMeters>1324.8300000000002</AltitudeMeters>
     <DistanceMeters>61514.29727698746</DistanceMeters>
    </Trackpoint>
    <Trackpoint>
     <Time>2026-07-19T02:47:57+00:00</Time>
     <Position>
      <LatitudeDegrees>-33.6413900</LatitudeDegrees>
      <LongitudeDegrees>-70.3286100</LongitudeDegrees>
     </Position>
     <AltitudeMeters>1323.94</AltitudeMeters>
     <DistanceMeters>61532.96391146244</DistanceMeters>
    </Trackpoint>
    <Trackpoint>
     <Time>2026-07-19T02:48:02+00:00</Time>
     <Position>
      <LatitudeDegrees>-33.6415500</LatitudeDegrees>
      <LongitudeDegrees>-70.3287500</LongitudeDegrees>
     </Position>
     <AltitudeMeters>1321.97</AltitudeMeters>
     <DistanceMeters>61554.994994798704</DistanceMeters>
    </Trackpoint>
    <Trackpoint>
     <Time>2026-07-19T02:48:08+00:00</Time>
     <Position>
      <LatitudeDegrees>-33.6416100</LatitudeDegrees>
      <LongitudeDegrees>-70.3288800</LongitudeDegrees>
     </Position>
     <AltitudeMeters>1321.2100000000003</AltitudeMeters>
     <DistanceMeters>61568.76744597381</DistanceMeters>
    </Trackpoint>
    <Trackpoint>
     <Time>2026-07-19T02:48:14+00:00</Time>
     <Position>
      <LatitudeDegrees>-33.6416600</LatitudeDegrees>
      <LongitudeDegrees>-70.3290200</LongitudeDegrees>
     </Position>
     <AltitudeMeters>1320.39</AltitudeMeters>
     <DistanceMeters>61582.88249344779</DistanceMeters>
    </Trackpoint>
    <Trackpoint>
     <Time>2026-07-19T02:48:20+00:00</Time>
     <Position>
      <LatitudeDegrees>-33.6416800</LatitudeDegrees>
      <LongitudeDegrees>-70.3291900</LongitudeDegrees>
     </Position>
     <AltitudeMeters>1317.73</AltitudeMeters>
     <DistanceMeters>61598.79046509627</DistanceMeters>
    </Trackpoint>
    <Trackpoint>
     <Time>2026-07-19T02:48:25+00:00</Time>
     <Position>
      <LatitudeDegrees>-33.6416600</LatitudeDegrees>
      <LongitudeDegrees>-70.3295100</LongitudeDegrees>
     </Position>
     <AltitudeMeters>1316.2800000000002</AltitudeMeters>
     <DistanceMeters>61628.52373082648</DistanceMeters>
    </Trackpoint>
    <Trackpoint>
     <Time>2026-07-19T02:48:31+00:00</Time>
     <Position>
      <LatitudeDegrees>-33.6417700</LatitudeDegrees>
      <LongitudeDegrees>-70.3302200</LongitudeDegrees>
     </Position>
     <AltitudeMeters>1313.08</AltitudeMeters>
     <DistanceMeters>61695.43871225149</DistanceMeters>
    </Trackpoint>
    <Trackpoint>
     <Time>2026-07-19T02:48:37+00:00</Time>
     <Position>
      <LatitudeDegrees>-33.6417200</LatitudeDegrees>
      <LongitudeDegrees>-70.3305400</LongitudeDegrees>
     </Position>
     <AltitudeMeters>1310.89</AltitudeMeters>
     <DistanceMeters>61725.60620616135</DistanceMeters>
    </Trackpoint>
    <Trackpoint>
     <Time>2026-07-19T02:48:43+00:00</Time>
     <Position>
      <LatitudeDegrees>-33.6416600</LatitudeDegrees>
      <LongitudeDegrees>-70.3306800</LongitudeDegrees>
     </Position>
     <AltitudeMeters>1309.59</AltitudeMeters>
     <DistanceMeters>61740.195920049446</DistanceMeters>
    </Trackpoint>
    <Trackpoint>
     <Time>2026-07-19T02:48:48+00:00</Time>
     <Position>
      <LatitudeDegrees>-33.6411400</LatitudeDegrees>
      <LongitudeDegrees>-70.3314800</LongitudeDegrees>
     </Position>
     <AltitudeMeters>1303.93</AltitudeMeters>
     <DistanceMeters>61834.23771012147</DistanceMeters>
    </Trackpoint>
    <Trackpoint>
     <Time>2026-07-19T02:48:54+00:00</Time>
     <Position>
      <LatitudeDegrees>-33.6411000</LatitudeDegrees>
      <LongitudeDegrees>-70.3316600</LongitudeDegrees>
     </Position>
     <AltitudeMeters>1302.74</AltitudeMeters>
     <DistanceMeters>61851.49977768518</DistanceMeters>
    </Trackpoint>
    <Trackpoint>
     <Time>2026-07-19T02:49:00+00:00</Time>
     <Position>
      <LatitudeDegrees>-33.6411000</LatitudeDegrees>
      <LongitudeDegrees>-70.3317600</LongitudeDegrees>
     </Position>
     <AltitudeMeters>1302.3600000000001</AltitudeMeters>
     <DistanceMeters>61860.765410797605</DistanceMeters>
    </Trackpoint>
    <Trackpoint>
     <Time>2026-07-19T02:49:05+00:00</Time>
     <Position>
      <LatitudeDegrees>-33.6412800</LatitudeDegrees>
      <LongitudeDegrees>-70.3320200</LongitudeDegrees>
     </Position>
     <AltitudeMeters>1299.41</AltitudeMeters>
     <DistanceMeters>61892.09731165819</DistanceMeters>
    </Trackpoint>
    <Trackpoint>
     <Time>2026-07-19T02:49:11+00:00</Time>
     <Position>
      <LatitudeDegrees>-33.6416300</LatitudeDegrees>
      <LongitudeDegrees>-70.3324300</LongitudeDegrees>
     </Position>
     <AltitudeMeters>1294.98</AltitudeMeters>
     <DistanceMeters>61946.50809834998</DistanceMeters>
    </Trackpoint>
    <Trackpoint>
     <Time>2026-07-19T02:49:17+00:00</Time>
     <Position>
      <LatitudeDegrees>-33.6417700</LatitudeDegrees>
      <LongitudeDegrees>-70.3327500</LongitudeDegrees>
     </Position>
     <AltitudeMeters>1293.6000000000001</AltitudeMeters>
     <DistanceMeters>61980.00274958101</DistanceMeters>
    </Trackpoint>
    <Trackpoint>
     <Time>2026-07-19T02:49:23+00:00</Time>
     <Position>
      <LatitudeDegrees>-33.6420200</LatitudeDegrees>
      <LongitudeDegrees>-70.3335900</LongitudeDegrees>
     </Position>
     <AltitudeMeters>1288.34</AltitudeMeters>
     <DistanceMeters>62062.65728808985</DistanceMeters>
    </Trackpoint>
    <Trackpoint>
     <Time>2026-07-19T02:49:28+00:00</Time>
     <Position>
      <LatitudeDegrees>-33.6422400</LatitudeDegrees>
      <LongitudeDegrees>-70.3341200</LongitudeDegrees>
     </Position>
     <AltitudeMeters>1284.52</AltitudeMeters>
     <DistanceMeters>62117.530245201015</DistanceMeters>
    </Trackpoint>
    <Trackpoint>
     <Time>2026-07-19T02:49:34+00:00</Time>
     <Position>
      <LatitudeDegrees>-33.6422600</LatitudeDegrees>
      <LongitudeDegrees>-70.3343000</LongitudeDegrees>
     </Position>
     <AltitudeMeters>1284.01</AltitudeMeters>
     <DistanceMeters>62134.35604686112</DistanceMeters>
    </Trackpoint>
    <Trackpoint>
     <Time>2026-07-19T02:49:40+00:00</Time>
     <Position>
      <LatitudeDegrees>-33.6422400</LatitudeDegrees>
      <LongitudeDegrees>-70.3344500</LongitudeDegrees>
     </Position>
     <AltitudeMeters>1283.43</AltitudeMeters>
     <DistanceMeters>62148.43143085382</DistanceMeters>
    </Trackpoint>
    <Trackpoint>
     <Time>2026-07-19T02:49:45+00:00</Time>
     <Position>
      <LatitudeDegrees>-33.6420800</LatitudeDegrees>
      <LongitudeDegrees>-70.3347100</LongitudeDegrees>
     </Position>
     <AltitudeMeters>1281.6100000000001</AltitudeMeters>
     <DistanceMeters>62178.38882031097</DistanceMeters>
    </Trackpoint>
    <Trackpoint>
     <Time>2026-07-19T02:49:51+00:00</Time>
     <Position>
      <LatitudeDegrees>-33.6418600</LatitudeDegrees>
      <LongitudeDegrees>-70.3348900</LongitudeDegrees>
     </Position>
     <AltitudeMeters>1279.5800000000002</AltitudeMeters>
     <DistanceMeters>62208.01435604054</DistanceMeters>
    </Trackpoint>
    <Trackpoint>
     <Time>2026-07-19T02:49:57+00:00</Time>
     <Position>
      <LatitudeDegrees>-33.6413900</LatitudeDegrees>
      <LongitudeDegrees>-70.3351100</LongitudeDegrees>
     </Position>
     <AltitudeMeters>1276.69</AltitudeMeters>
     <DistanceMeters>62264.15477532682</DistanceMeters>
    </Trackpoint>
    <Trackpoint>
     <Time>2026-07-19T02:50:03+00:00</Time>
     <Position>
      <LatitudeDegrees>-33.6413200</LatitudeDegrees>
      <LongitudeDegrees>-70.3351600</LongitudeDegrees>
     </Position>
     <AltitudeMeters>1275.98</AltitudeMeters>
     <DistanceMeters>62273.21887101262</DistanceMeters>
    </Trackpoint>
    <Trackpoint>
     <Time>2026-07-19T02:50:08+00:00</Time>
     <Position>
      <LatitudeDegrees>-33.6412500</LatitudeDegrees>
      <LongitudeDegrees>-70.3352900</LongitudeDegrees>
     </Position>
     <AltitudeMeters>1274.31</AltitudeMeters>
     <DistanceMeters>62287.56404972472</DistanceMeters>
    </Trackpoint>
    <Trackpoint>
     <Time>2026-07-19T02:50:14+00:00</Time>
     <Position>
      <LatitudeDegrees>-33.6412300</LatitudeDegrees>
      <LongitudeDegrees>-70.3355100</LongitudeDegrees>
     </Position>
     <AltitudeMeters>1272.95</AltitudeMeters>
     <DistanceMeters>62308.06958097307</DistanceMeters>
    </Trackpoint>
    <Trackpoint>
     <Time>2026-07-19T02:50:20+00:00</Time>
     <Position>
      <LatitudeDegrees>-33.6412500</LatitudeDegrees>
      <LongitudeDegrees>-70.3356000</LongitudeDegrees>
     </Position>
     <AltitudeMeters>1272.54</AltitudeMeters>
     <DistanceMeters>62316.70060352606</DistanceMeters>
    </Trackpoint>
    <Trackpoint>
     <Time>2026-07-19T02:50:26+00:00</Time>
     <Position>
      <LatitudeDegrees>-33.6413500</LatitudeDegrees>
      <LongitudeDegrees>-70.3357400</LongitudeDegrees>
     </Position>
     <AltitudeMeters>1270.89</AltitudeMeters>
     <DistanceMeters>62333.7925997985</DistanceMeters>
    </Trackpoint>
    <Trackpoint>
     <Time>2026-07-19T02:50:31+00:00</Time>
     <Position>
      <LatitudeDegrees>-33.6417500</LatitudeDegrees>
      <LongitudeDegrees>-70.3361900</LongitudeDegrees>
     </Position>
     <AltitudeMeters>1265.38</AltitudeMeters>
     <DistanceMeters>62394.78735759487</DistanceMeters>
    </Trackpoint>
    <Trackpoint>
     <Time>2026-07-19T02:50:37+00:00</Time>
     <Position>
      <LatitudeDegrees>-33.6419000</LatitudeDegrees>
      <LongitudeDegrees>-70.3362700</LongitudeDegrees>
     </Position>
     <AltitudeMeters>1263.8400000000001</AltitudeMeters>
     <DistanceMeters>62413.05332904585</DistanceMeters>
    </Trackpoint>
    <Trackpoint>
     <Time>2026-07-19T02:50:43+00:00</Time>
     <Position>
      <LatitudeDegrees>-33.6420200</LatitudeDegrees>
      <LongitudeDegrees>-70.3363200</LongitudeDegrees>
     </Position>
     <AltitudeMeters>1262.2600000000002</AltitudeMeters>
     <DistanceMeters>62427.18950418192</DistanceMeters>
    </Trackpoint>
    <Trackpoint>
     <Time>2026-07-19T02:50:48+00:00</Time>
     <Position>
      <LatitudeDegrees>-33.6425800</LatitudeDegrees>
      <LongitudeDegrees>-70.3363600</LongitudeDegrees>
     </Position>
     <AltitudeMeters>1258.15</AltitudeMeters>
     <DistanceMeters>62489.62518238963</DistanceMeters>
    </Trackpoint>
    <Trackpoint>
     <Time>2026-07-19T02:50:54+00:00</Time>
     <Position>
      <LatitudeDegrees>-33.6430800</LatitudeDegrees>
      <LongitudeDegrees>-70.3365400</LongitudeDegrees>
     </Position>
     <AltitudeMeters>1253.73</AltitudeMeters>
     <DistanceMeters>62547.718460654716</DistanceMeters>
    </Trackpoint>
    <Trackpoint>
     <Time>2026-07-19T02:51:00+00:00</Time>
     <Position>
      <LatitudeDegrees>-33.6435800</LatitudeDegrees>
      <LongitudeDegrees>-70.3367200</LongitudeDegrees>
     </Position>
     <AltitudeMeters>1249.91</AltitudeMeters>
     <DistanceMeters>62605.81174982194</DistanceMeters>
    </Trackpoint>
    <Trackpoint>
     <Time>2026-07-19T02:51:06+00:00</Time>
     <Position>
      <LatitudeDegrees>-33.6440600</LatitudeDegrees>
      <LongitudeDegrees>-70.3368350</LongitudeDegrees>
     </Position>
     <AltitudeMeters>1245.19</AltitudeMeters>
     <DistanceMeters>62660.28590597937</DistanceMeters>
    </Trackpoint>
    <Trackpoint>
     <Time>2026-07-19T02:51:11+00:00</Time>
     <Position>
      <LatitudeDegrees>-33.6445400</LatitudeDegrees>
      <LongitudeDegrees>-70.3369500</LongitudeDegrees>
     </Position>
     <AltitudeMeters>1243.5</AltitudeMeters>
     <DistanceMeters>62714.7600604679</DistanceMeters>
    </Trackpoint>
    <Trackpoint>
     <Time>2026-07-19T02:51:17+00:00</Time>
     <Position>
      <LatitudeDegrees>-33.6451300</LatitudeDegrees>
      <LongitudeDegrees>-70.3372600</LongitudeDegrees>
     </Position>
     <AltitudeMeters>1239.03</AltitudeMeters>
     <DistanceMeters>62786.43143435756</DistanceMeters>
    </Trackpoint>
    <Trackpoint>
     <Time>2026-07-19T02:51:23+00:00</Time>
     <Position>
      <LatitudeDegrees>-33.6455700</LatitudeDegrees>
      <LongitudeDegrees>-70.3375300</LongitudeDegrees>
     </Position>
     <AltitudeMeters>1234.95</AltitudeMeters>
     <DistanceMeters>62841.42115677544</DistanceMeters>
    </Trackpoint>
    <Trackpoint>
     <Time>2026-07-19T02:51:28+00:00</Time>
     <Position>
      <LatitudeDegrees>-33.6457800</LatitudeDegrees>
      <LongitudeDegrees>-70.3377000</LongitudeDegrees>
     </Position>
     <AltitudeMeters>1232.58</AltitudeMeters>
     <DistanceMeters>62869.6052037661</DistanceMeters>
    </Trackpoint>
    <Trackpoint>
     <Time>2026-07-19T02:51:34+00:00</Time>
     <Position>
      <LatitudeDegrees>-33.6460000</LatitudeDegrees>
      <LongitudeDegrees>-70.3379800</LongitudeDegrees>
     </Position>
     <AltitudeMeters>1230.94</AltitudeMeters>
     <DistanceMeters>62905.27763148896</DistanceMeters>
    </Trackpoint>
    <Trackpoint>
     <Time>2026-07-19T02:51:40+00:00</Time>
     <Position>
      <LatitudeDegrees>-33.6460900</LatitudeDegrees>
      <LongitudeDegrees>-70.3380300</LongitudeDegrees>
     </Position>
     <AltitudeMeters>1230.21</AltitudeMeters>
     <DistanceMeters>62916.31361911073</DistanceMeters>
    </Trackpoint>
    <Trackpoint>
     <Time>2026-07-19T02:51:46+00:00</Time>
     <Position>
      <LatitudeDegrees>-33.6462000</LatitudeDegrees>
      <LongitudeDegrees>-70.3381900</LongitudeDegrees>
     </Position>
     <AltitudeMeters>1227.5600000000002</AltitudeMeters>
     <DistanceMeters>62935.53950441674</DistanceMeters>
    </Trackpoint>
    <Trackpoint>
     <Time>2026-07-19T02:51:51+00:00</Time>
     <Position>
      <LatitudeDegrees>-33.6464300</LatitudeDegrees>
      <LongitudeDegrees>-70.3385600</LongitudeDegrees>
     </Position>
     <AltitudeMeters>1225.16</AltitudeMeters>
     <DistanceMeters>62978.32301572808</DistanceMeters>
    </Trackpoint>
    <Trackpoint>
     <Time>2026-07-19T02:51:57+00:00</Time>
     <Position>
      <LatitudeDegrees>-33.6464900</LatitudeDegrees>
      <LongitudeDegrees>-70.3386100</LongitudeDegrees>
     </Position>
     <AltitudeMeters>1224.39</AltitudeMeters>
     <DistanceMeters>62986.45028702254</DistanceMeters>
    </Trackpoint>
    <Trackpoint>
     <Time>2026-07-19T02:52:03+00:00</Time>
     <Position>
      <LatitudeDegrees>-33.6466300</LatitudeDegrees>
      <LongitudeDegrees>-70.3386900</LongitudeDegrees>
     </Position>
     <AltitudeMeters>1223.66</AltitudeMeters>
     <DistanceMeters>63003.70479825007</DistanceMeters>
    </Trackpoint>
    <Trackpoint>
     <Time>2026-07-19T02:52:08+00:00</Time>
     <Position>
      <LatitudeDegrees>-33.6468700</LatitudeDegrees>
      <LongitudeDegrees>-70.3387300</LongitudeDegrees>
     </Position>
     <AltitudeMeters>1222.44</AltitudeMeters>
     <DistanceMeters>63030.67163080808</DistanceMeters>
    </Trackpoint>
    <Trackpoint>
     <Time>2026-07-19T02:52:14+00:00</Time>
     <Position>
      <LatitudeDegrees>-33.6470500</LatitudeDegrees>
      <LongitudeDegrees>-70.3387300</LongitudeDegrees>
     </Position>
     <AltitudeMeters>1221.13</AltitudeMeters>
     <DistanceMeters>63050.70485310746</DistanceMeters>
    </Trackpoint>
    <Trackpoint>
     <Time>2026-07-19T02:52:20+00:00</Time>
     <Position>
      <LatitudeDegrees>-33.6475700</LatitudeDegrees>
      <LongitudeDegrees>-70.3386500</LongitudeDegrees>
     </Position>
     <AltitudeMeters>1216.89</AltitudeMeters>
     <DistanceMeters>63109.05130671529</DistanceMeters>
    </Trackpoint>
    <Trackpoint>
     <Time>2026-07-19T02:52:26+00:00</Time>
     <Position>
      <LatitudeDegrees>-33.6476800</LatitudeDegrees>
      <LongitudeDegrees>-70.3386100</LongitudeDegrees>
     </Position>
     <AltitudeMeters>1216.3400000000001</AltitudeMeters>
     <DistanceMeters>63121.84246159176</DistanceMeters>
    </Trackpoint>
    <Trackpoint>
     <Time>2026-07-19T02:52:31+00:00</Time>
     <Position>
      <LatitudeDegrees>-33.6479700</LatitudeDegrees>
      <LongitudeDegrees>-70.3384300</LongitudeDegrees>
     </Position>
     <AltitudeMeters>1214.5</AltitudeMeters>
     <DistanceMeters>63158.172073953545</DistanceMeters>
    </Trackpoint>
    <Trackpoint>
     <Time>2026-07-19T02:52:37+00:00</Time>
     <Position>
      <LatitudeDegrees>-33.6481500</LatitudeDegrees>
      <LongitudeDegrees>-70.3383800</LongitudeDegrees>
     </Position>
     <AltitudeMeters>1212.3700000000001</AltitudeMeters>
     <DistanceMeters>63178.73392005039</DistanceMeters>
    </Trackpoint>
    <Trackpoint>
     <Time>2026-07-19T02:52:43+00:00</Time>
     <Position>
      <LatitudeDegrees>-33.6484000</LatitudeDegrees>
      <LongitudeDegrees>-70.3383800</LongitudeDegrees>
     </Position>
     <AltitudeMeters>1211.27</AltitudeMeters>
     <DistanceMeters>63206.55783991073</DistanceMeters>
    </Trackpoint>
    <Trackpoint>
     <Time>2026-07-19T02:52:49+00:00</Time>
     <Position>
      <LatitudeDegrees>-33.6485100</LatitudeDegrees>
      <LongitudeDegrees>-70.3384200</LongitudeDegrees>
     </Position>
     <AltitudeMeters>1211.27</AltitudeMeters>
     <DistanceMeters>63219.34898443424</DistanceMeters>
    </Trackpoint>
    <Trackpoint>
     <Time>2026-07-19T02:52:54+00:00</Time>
     <Position>
      <LatitudeDegrees>-33.6487100</LatitudeDegrees>
      <LongitudeDegrees>-70.3386500</LongitudeDegrees>
     </Position>
     <AltitudeMeters>1209.66</AltitudeMeters>
     <DistanceMeters>63250.163700957164</DistanceMeters>
    </Trackpoint>
    <Trackpoint>
     <Time>2026-07-19T02:53:00+00:00</Time>
     <Position>
      <LatitudeDegrees>-33.6488700</LatitudeDegrees>
      <LongitudeDegrees>-70.3389200</LongitudeDegrees>
     </Position>
     <AltitudeMeters>1207.13</AltitudeMeters>
     <DistanceMeters>63280.869550729796</DistanceMeters>
    </Trackpoint>
    <Trackpoint>
     <Time>2026-07-19T02:53:06+00:00</Time>
     <Position>
      <LatitudeDegrees>-33.6489800</LatitudeDegrees>
      <LongitudeDegrees>-70.3390600</LongitudeDegrees>
     </Position>
     <AltitudeMeters>1207.13</AltitudeMeters>
     <DistanceMeters>63298.70543201794</DistanceMeters>
    </Trackpoint>
    <Trackpoint>
     <Time>2026-07-19T02:53:11+00:00</Time>
     <Position>
      <LatitudeDegrees>-33.6493400</LatitudeDegrees>
      <LongitudeDegrees>-70.3392200</LongitudeDegrees>
     </Position>
     <AltitudeMeters>1203.81</AltitudeMeters>
     <DistanceMeters>63341.426151152235</DistanceMeters>
    </Trackpoint>
    <Trackpoint>
     <Time>2026-07-19T02:53:17+00:00</Time>
     <Position>
      <LatitudeDegrees>-33.6494900</LatitudeDegrees>
      <LongitudeDegrees>-70.3392300</LongitudeDegrees>
     </Position>
     <AltitudeMeters>1203.81</AltitudeMeters>
     <DistanceMeters>63358.14619121302</DistanceMeters>
    </Trackpoint>
    <Trackpoint>
     <Time>2026-07-19T02:53:23+00:00</Time>
     <Position>
      <LatitudeDegrees>-33.6501000</LatitudeDegrees>
      <LongitudeDegrees>-70.3391000</LongitudeDegrees>
     </Position>
     <AltitudeMeters>1198.3100000000002</AltitudeMeters>
     <DistanceMeters>63427.09662332475</DistanceMeters>
    </Trackpoint>
    <Trackpoint>
     <Time>2026-07-19T02:53:29+00:00</Time>
     <Position>
      <LatitudeDegrees>-33.6503000</LatitudeDegrees>
      <LongitudeDegrees>-70.3390900</LongitudeDegrees>
     </Position>
     <AltitudeMeters>1196.95</AltitudeMeters>
     <DistanceMeters>63449.375031449534</DistanceMeters>
    </Trackpoint>
    <Trackpoint>
     <Time>2026-07-19T02:53:34+00:00</Time>
     <Position>
      <LatitudeDegrees>-33.6503900</LatitudeDegrees>
      <LongitudeDegrees>-70.3391300</LongitudeDegrees>
     </Position>
     <AltitudeMeters>1195.3100000000002</AltitudeMeters>
     <DistanceMeters>63460.05519353045</DistanceMeters>
    </Trackpoint>
    <Trackpoint>
     <Time>2026-07-19T02:53:40+00:00</Time>
     <Position>
      <LatitudeDegrees>-33.6505400</LatitudeDegrees>
      <LongitudeDegrees>-70.3392300</LongitudeDegrees>
     </Position>
     <AltitudeMeters>1194.5800000000002</AltitudeMeters>
     <DistanceMeters>63479.14798447826</DistanceMeters>
    </Trackpoint>
    <Trackpoint>
     <Time>2026-07-19T02:53:46+00:00</Time>
     <Position>
      <LatitudeDegrees>-33.6509500</LatitudeDegrees>
      <LongitudeDegrees>-70.3393600</LongitudeDegrees>
     </Position>
     <AltitudeMeters>1191.93</AltitudeMeters>
     <DistanceMeters>63526.341906977206</DistanceMeters>
    </Trackpoint>
    <Trackpoint>
     <Time>2026-07-19T02:53:51+00:00</Time>
     <Position>
      <LatitudeDegrees>-33.6513850</LatitudeDegrees>
      <LongitudeDegrees>-70.3395650</LongitudeDegrees>
     </Position>
     <AltitudeMeters>1188.8100000000002</AltitudeMeters>
     <DistanceMeters>63578.3475049166</DistanceMeters>
    </Trackpoint>
    <Trackpoint>
     <Time>2026-07-19T02:53:57+00:00</Time>
     <Position>
      <LatitudeDegrees>-33.6518200</LatitudeDegrees>
      <LongitudeDegrees>-70.3397700</LongitudeDegrees>
     </Position>
     <AltitudeMeters>1184.8100000000002</AltitudeMeters>
     <DistanceMeters>63630.35316222813</DistanceMeters>
    </Trackpoint>
    <Trackpoint>
     <Time>2026-07-19T02:54:03+00:00</Time>
     <Position>
      <LatitudeDegrees>-33.6519500</LatitudeDegrees>
      <LongitudeDegrees>-70.3399500</LongitudeDegrees>
     </Position>
     <AltitudeMeters>1182.35</AltitudeMeters>
     <DistanceMeters>63652.430896706384</DistanceMeters>
    </Trackpoint>
    <Trackpoint>
     <Time>2026-07-19T02:54:09+00:00</Time>
     <Position>
      <LatitudeDegrees>-33.6521300</LatitudeDegrees>
      <LongitudeDegrees>-70.3402600</LongitudeDegrees>
     </Position>
     <AltitudeMeters>1180.69</AltitudeMeters>
     <DistanceMeters>63687.44743039695</DistanceMeters>
    </Trackpoint>
    <Trackpoint>
     <Time>2026-07-19T02:54:14+00:00</Time>
     <Position>
      <LatitudeDegrees>-33.6523800</LatitudeDegrees>
      <LongitudeDegrees>-70.3404400</LongitudeDegrees>
     </Position>
     <AltitudeMeters>1178.15</AltitudeMeters>
     <DistanceMeters>63719.88596885768</DistanceMeters>
    </Trackpoint>
    <Trackpoint>
     <Time>2026-07-19T02:54:20+00:00</Time>
     <Position>
      <LatitudeDegrees>-33.6527800</LatitudeDegrees>
      <LongitudeDegrees>-70.3405200</LongitudeDegrees>
     </Position>
     <AltitudeMeters>1175.21</AltitudeMeters>
     <DistanceMeters>63765.01696842155</DistanceMeters>
    </Trackpoint>
    <Trackpoint>
     <Time>2026-07-19T02:54:26+00:00</Time>
     <Position>
      <LatitudeDegrees>-33.6533200</LatitudeDegrees>
      <LongitudeDegrees>-70.3409400</LongitudeDegrees>
     </Position>
     <AltitudeMeters>1169.75</AltitudeMeters>
     <DistanceMeters>63836.61290461021</DistanceMeters>
    </Trackpoint>
    <Trackpoint>
     <Time>2026-07-19T02:54:31+00:00</Time>
     <Position>
      <LatitudeDegrees>-33.6535400</LatitudeDegrees>
      <LongitudeDegrees>-70.3412000</LongitudeDegrees>
     </Position>
     <AltitudeMeters>1167.44</AltitudeMeters>
     <DistanceMeters>63870.959820723285</DistanceMeters>
    </Trackpoint>
    <Trackpoint>
     <Time>2026-07-19T02:54:37+00:00</Time>
     <Position>
      <LatitudeDegrees>-33.6536800</LatitudeDegrees>
      <LongitudeDegrees>-70.3416400</LongitudeDegrees>
     </Position>
     <AltitudeMeters>1165.0900000000001</AltitudeMeters>
     <DistanceMeters>63914.59914635961</DistanceMeters>
    </Trackpoint>
    <Trackpoint>
     <Time>2026-07-19T02:54:43+00:00</Time>
     <Position>
      <LatitudeDegrees>-33.6537900</LatitudeDegrees>
      <LongitudeDegrees>-70.3417800</LongitudeDegrees>
     </Position>
     <AltitudeMeters>1163.8700000000001</AltitudeMeters>
     <DistanceMeters>63932.43450052652</DistanceMeters>
    </Trackpoint>
    <Trackpoint>
     <Time>2026-07-19T02:54:49+00:00</Time>
     <Position>
      <LatitudeDegrees>-33.6539000</LatitudeDegrees>
      <LongitudeDegrees>-70.3418600</LongitudeDegrees>
     </Position>
     <AltitudeMeters>1162.9</AltitudeMeters>
     <DistanceMeters>63946.7456289551</DistanceMeters>
    </Trackpoint>
    <Trackpoint>
     <Time>2026-07-19T02:54:54+00:00</Time>
     <Position>
      <LatitudeDegrees>-33.6541500</LatitudeDegrees>
      <LongitudeDegrees>-70.3419500</LongitudeDegrees>
     </Position>
     <AltitudeMeters>1159.51</AltitudeMeters>
     <DistanceMeters>63975.79196645436</DistanceMeters>
    </Trackpoint>
    <Trackpoint>
     <Time>2026-07-19T02:55:00+00:00</Time>
     <Position>
      <LatitudeDegrees>-33.6549100</LatitudeDegrees>
      <LongitudeDegrees>-70.3420900</LongitudeDegrees>
     </Position>
     <AltitudeMeters>1154.15</AltitudeMeters>
     <DistanceMeters>64061.36527761281</DistanceMeters>
    </Trackpoint>
    <Trackpoint>
     <Time>2026-07-19T02:55:06+00:00</Time>
     <Position>
      <LatitudeDegrees>-33.6550200</LatitudeDegrees>
      <LongitudeDegrees>-70.3421400</LongitudeDegrees>
     </Position>
     <AltitudeMeters>1154.15</AltitudeMeters>
     <DistanceMeters>64074.45479587087</DistanceMeters>
    </Trackpoint>
    <Trackpoint>
     <Time>2026-07-19T02:55:12+00:00</Time>
     <Position>
      <LatitudeDegrees>-33.6552200</LatitudeDegrees>
      <LongitudeDegrees>-70.3423100</LongitudeDegrees>
     </Position>
     <AltitudeMeters>1151.5900000000001</AltitudeMeters>
     <DistanceMeters>64101.72200105527</DistanceMeters>
    </Trackpoint>
    <Trackpoint>
     <Time>2026-07-19T02:55:17+00:00</Time>
     <Position>
      <LatitudeDegrees>-33.6557600</LatitudeDegrees>
      <LongitudeDegrees>-70.3428100</LongitudeDegrees>
     </Position>
     <AltitudeMeters>1148.0</AltitudeMeters>
     <DistanceMeters>64177.60053166771</DistanceMeters>
    </Trackpoint>
    <Trackpoint>
     <Time>2026-07-19T02:55:23+00:00</Time>
     <Position>
      <LatitudeDegrees>-33.6558300</LatitudeDegrees>
      <LongitudeDegrees>-70.3429100</LongitudeDegrees>
     </Position>
     <AltitudeMeters>1147.22</AltitudeMeters>
     <DistanceMeters>64189.70497787606</DistanceMeters>
    </Trackpoint>
    <Trackpoint>
     <Time>2026-07-19T02:55:29+00:00</Time>
     <Position>
      <LatitudeDegrees>-33.6558300</LatitudeDegrees>
      <LongitudeDegrees>-70.3430000</LongitudeDegrees>
     </Position>
     <AltitudeMeters>1146.76</AltitudeMeters>
     <DistanceMeters>64198.042620802196</DistanceMeters>
    </Trackpoint>
    <Trackpoint>
     <Time>2026-07-19T02:55:34+00:00</Time>
     <Position>
      <LatitudeDegrees>-33.6555400</LatitudeDegrees>
      <LongitudeDegrees>-70.3431600</LongitudeDegrees>
     </Position>
     <AltitudeMeters>1143.43</AltitudeMeters>
     <DistanceMeters>64233.5592421409</DistanceMeters>
    </Trackpoint>
    <Trackpoint>
     <Time>2026-07-19T02:55:40+00:00</Time>
     <Position>
      <LatitudeDegrees>-33.6553100</LatitudeDegrees>
      <LongitudeDegrees>-70.3433000</LongitudeDegrees>
     </Position>
     <AltitudeMeters>1141.5600000000002</AltitudeMeters>
     <DistanceMeters>64262.25543987834</DistanceMeters>
    </Trackpoint>
    <Trackpoint>
     <Time>2026-07-19T02:55:46+00:00</Time>
     <Position>
      <LatitudeDegrees>-33.6551100</LatitudeDegrees>
      <LongitudeDegrees>-70.3435700</LongitudeDegrees>
     </Position>
     <AltitudeMeters>1138.74</AltitudeMeters>
     <DistanceMeters>64295.738640915566</DistanceMeters>
    </Trackpoint>
    <Trackpoint>
     <Time>2026-07-19T02:55:52+00:00</Time>
     <Position>
      <LatitudeDegrees>-33.6548400</LatitudeDegrees>
      <LongitudeDegrees>-70.3445900</LongitudeDegrees>
     </Position>
     <AltitudeMeters>1132.24</AltitudeMeters>
     <DistanceMeters>64394.89584494051</DistanceMeters>
    </Trackpoint>
    <Trackpoint>
     <Time>2026-07-19T02:55:57+00:00</Time>
     <Position>
      <LatitudeDegrees>-33.6548000</LatitudeDegrees>
      <LongitudeDegrees>-70.3448300</LongitudeDegrees>
     </Position>
     <AltitudeMeters>1130.45</AltitudeMeters>
     <DistanceMeters>64417.57112725371</DistanceMeters>
    </Trackpoint>
    <Trackpoint>
     <Time>2026-07-19T02:56:03+00:00</Time>
     <Position>
      <LatitudeDegrees>-33.6547500</LatitudeDegrees>
      <LongitudeDegrees>-70.3449500</LongitudeDegrees>
     </Position>
     <AltitudeMeters>1128.9600000000003</AltitudeMeters>
     <DistanceMeters>64430.003116862215</DistanceMeters>
    </Trackpoint>
    <Trackpoint>
     <Time>2026-07-19T02:56:09+00:00</Time>
     <Position>
      <LatitudeDegrees>-33.6543450</LatitudeDegrees>
      <LongitudeDegrees>-70.3452550</LongitudeDegrees>
     </Position>
     <AltitudeMeters>1126.5500000000002</AltitudeMeters>
     <DistanceMeters>64483.20203036458</DistanceMeters>
    </Trackpoint>
    <Trackpoint>
     <Time>2026-07-19T02:56:14+00:00</Time>
     <Position>
      <LatitudeDegrees>-33.6539400</LatitudeDegrees>
      <LongitudeDegrees>-70.3455600</LongitudeDegrees>
     </Position>
     <AltitudeMeters>1122.51</AltitudeMeters>
     <DistanceMeters>64536.40095902767</DistanceMeters>
    </Trackpoint>
    <Trackpoint>
     <Time>2026-07-19T02:56:20+00:00</Time>
     <Position>
      <LatitudeDegrees>-33.6538800</LatitudeDegrees>
      <LongitudeDegrees>-70.3456800</LongitudeDegrees>
     </Position>
     <AltitudeMeters>1121.38</AltitudeMeters>
     <DistanceMeters>64549.369469007885</DistanceMeters>
    </Trackpoint>
    <Trackpoint>
     <Time>2026-07-19T02:56:26+00:00</Time>
     <Position>
      <LatitudeDegrees>-33.6538100</LatitudeDegrees>
      <LongitudeDegrees>-70.3460700</LongitudeDegrees>
     </Position>
     <AltitudeMeters>1118.8</AltitudeMeters>
     <DistanceMeters>64586.33048395101</DistanceMeters>
    </Trackpoint>
    <Trackpoint>
     <Time>2026-07-19T02:56:32+00:00</Time>
     <Position>
      <LatitudeDegrees>-33.6537000</LatitudeDegrees>
      <LongitudeDegrees>-70.3463000</LongitudeDegrees>
     </Position>
     <AltitudeMeters>1117.51</AltitudeMeters>
     <DistanceMeters>64610.90491685277</DistanceMeters>
    </Trackpoint>
    <Trackpoint>
     <Time>2026-07-19T02:56:37+00:00</Time>
     <Position>
      <LatitudeDegrees>-33.6534800</LatitudeDegrees>
      <LongitudeDegrees>-70.3468400</LongitudeDegrees>
     </Position>
     <AltitudeMeters>1113.69</AltitudeMeters>
     <DistanceMeters>64666.602621957725</DistanceMeters>
    </Trackpoint>
    <Trackpoint>
     <Time>2026-07-19T02:56:43+00:00</Time>
     <Position>
      <LatitudeDegrees>-33.6534100</LatitudeDegrees>
      <LongitudeDegrees>-70.3469300</LongitudeDegrees>
     </Position>
     <AltitudeMeters>1113.69</AltitudeMeters>
     <DistanceMeters>64678.0138055618</DistanceMeters>
    </Trackpoint>
    <Trackpoint>
     <Time>2026-07-19T02:56:49+00:00</Time>
     <Position>
      <LatitudeDegrees>-33.6532800</LatitudeDegrees>
      <LongitudeDegrees>-70.3470100</LongitudeDegrees>
     </Position>
     <AltitudeMeters>1111.6200000000001</AltitudeMeters>
     <DistanceMeters>64694.27004531168</DistanceMeters>
    </Trackpoint>
    <Trackpoint>
     <Time>2026-07-19T02:56:54+00:00</Time>
     <Position>
      <LatitudeDegrees>-33.6531600</LatitudeDegrees>
      <LongitudeDegrees>-70.3470300</LongitudeDegrees>
     </Position>
     <AltitudeMeters>1110.6299999999999</AltitudeMeters>
     <DistanceMeters>64707.75344245041</DistanceMeters>
    </Trackpoint>
    <Trackpoint>
     <Time>2026-07-19T02:57:00+00:00</Time>
     <Position>
      <LatitudeDegrees>-33.6529600</LatitudeDegrees>
      <LongitudeDegrees>-70.3470300</LongitudeDegrees>
     </Position>
     <AltitudeMeters>1108.72</AltitudeMeters>
     <DistanceMeters>64730.01257833852</DistanceMeters>
    </Trackpoint>
    <Trackpoint>
     <Time>2026-07-19T02:57:06+00:00</Time>
     <Position>
      <LatitudeDegrees>-33.6527400</LatitudeDegrees>
      <LongitudeDegrees>-70.3470100</LongitudeDegrees>
     </Position>
     <AltitudeMeters>1108.72</AltitudeMeters>
     <DistanceMeters>64754.56763461661</DistanceMeters>
    </Trackpoint>
    <Trackpoint>
     <Time>2026-07-19T02:57:12+00:00</Time>
     <Position>
      <LatitudeDegrees>-33.6525400</LatitudeDegrees>
      <LongitudeDegrees>-70.3469300</LongitudeDegrees>
     </Position>
     <AltitudeMeters>1106.56</AltitudeMeters>
     <DistanceMeters>64778.02823251158</DistanceMeters>
    </Trackpoint>
    <Trackpoint>
     <Time>2026-07-19T02:57:17+00:00</Time>
     <Position>
      <LatitudeDegrees>-33.6523600</LatitudeDegrees>
      <LongitudeDegrees>-70.3469700</LongitudeDegrees>
     </Position>
     <AltitudeMeters>1105.2000000000003</AltitudeMeters>
     <DistanceMeters>64798.401319835306</DistanceMeters>
    </Trackpoint>
    <Trackpoint>
     <Time>2026-07-19T02:57:23+00:00</Time>
     <Position>
      <LatitudeDegrees>-33.6519800</LatitudeDegrees>
      <LongitudeDegrees>-70.3472100</LongitudeDegrees>
     </Position>
     <AltitudeMeters>1101.8600000000001</AltitudeMeters>
     <DistanceMeters>64846.18231677321</DistanceMeters>
    </Trackpoint>
    <Trackpoint>
     <Time>2026-07-19T02:57:29+00:00</Time>
     <Position>
      <LatitudeDegrees>-33.6517300</LatitudeDegrees>
      <LongitudeDegrees>-70.3473400</LongitudeDegrees>
     </Position>
     <AltitudeMeters>1099.41</AltitudeMeters>
     <DistanceMeters>64876.50102510512</DistanceMeters>
    </Trackpoint>
    <Trackpoint>
     <Time>2026-07-19T02:57:35+00:00</Time>
     <Position>
      <LatitudeDegrees>-33.6514800</LatitudeDegrees>
      <LongitudeDegrees>-70.3474200</LongitudeDegrees>
     </Position>
     <AltitudeMeters>1097.05</AltitudeMeters>
     <DistanceMeters>64905.29516271382</DistanceMeters>
    </Trackpoint>
    <Trackpoint>
     <Time>2026-07-19T02:57:40+00:00</Time>
     <Position>
      <LatitudeDegrees>-33.6511000</LatitudeDegrees>
      <LongitudeDegrees>-70.3475100</LongitudeDegrees>
     </Position>
     <AltitudeMeters>1095.67</AltitudeMeters>
     <DistanceMeters>64948.40162609592</DistanceMeters>
    </Trackpoint>
    <Trackpoint>
     <Time>2026-07-19T02:57:46+00:00</Time>
     <Position>
      <LatitudeDegrees>-33.6503400</LatitudeDegrees>
      <LongitudeDegrees>-70.3475750</LongitudeDegrees>
     </Position>
     <AltitudeMeters>1087.8300000000002</AltitudeMeters>
     <DistanceMeters>65033.200419977125</DistanceMeters>
    </Trackpoint>
    <Trackpoint>
     <Time>2026-07-19T02:57:52+00:00</Time>
     <Position>
      <LatitudeDegrees>-33.6495800</LatitudeDegrees>
      <LongitudeDegrees>-70.3476400</LongitudeDegrees>
     </Position>
     <AltitudeMeters>1083.23</AltitudeMeters>
     <DistanceMeters>65117.9992547409</DistanceMeters>
    </Trackpoint>
    <Trackpoint>
     <Time>2026-07-19T02:57:57+00:00</Time>
     <Position>
      <LatitudeDegrees>-33.6488400</LatitudeDegrees>
      <LongitudeDegrees>-70.3474700</LongitudeDegrees>
     </Position>
     <AltitudeMeters>1077.08</AltitudeMeters>
     <DistanceMeters>65201.850538631894</DistanceMeters>
    </Trackpoint>
    <Trackpoint>
     <Time>2026-07-19T02:58:03+00:00</Time>
     <Position>
      <LatitudeDegrees>-33.6484000</LatitudeDegrees>
      <LongitudeDegrees>-70.3473300</LongitudeDegrees>
     </Position>
     <AltitudeMeters>1074.5500000000002</AltitudeMeters>
     <DistanceMeters>65252.50930917694</DistanceMeters>
    </Trackpoint>
    <Trackpoint>
     <Time>2026-07-19T02:58:09+00:00</Time>
     <Position>
      <LatitudeDegrees>-33.6482200</LatitudeDegrees>
      <LongitudeDegrees>-70.3473000</LongitudeDegrees>
     </Position>
     <AltitudeMeters>1072.8500000000001</AltitudeMeters>
     <DistanceMeters>65272.73442667319</DistanceMeters>
    </Trackpoint>
    <Trackpoint>
     <Time>2026-07-19T02:58:15+00:00</Time>
     <Position>
      <LatitudeDegrees>-33.6479700</LatitudeDegrees>
      <LongitudeDegrees>-70.3472900</LongitudeDegrees>
     </Position>
     <AltitudeMeters>1071.6000000000001</AltitudeMeters>
     <DistanceMeters>65300.573767478345</DistanceMeters>
    </Trackpoint>
    <Trackpoint>
     <Time>2026-07-19T02:58:20+00:00</Time>
     <Position>
      <LatitudeDegrees>-33.6477900</LatitudeDegrees>
      <LongitudeDegrees>-70.3472500</LongitudeDegrees>
     </Position>
     <AltitudeMeters>1070.95</AltitudeMeters>
     <DistanceMeters>65320.94689059262</DistanceMeters>
    </Trackpoint>
    <Trackpoint>
     <Time>2026-07-19T02:58:26+00:00</Time>
     <Position>
      <LatitudeDegrees>-33.6474300</LatitudeDegrees>
      <LongitudeDegrees>-70.3471100</LongitudeDegrees>
     </Position>
     <AltitudeMeters>1068.15</AltitudeMeters>
     <DistanceMeters>65363.06059824757</DistanceMeters>
    </Trackpoint>
    <Trackpoint>
     <Time>2026-07-19T02:58:32+00:00</Time>
     <Position>
      <LatitudeDegrees>-33.6474000</LatitudeDegrees>
      <LongitudeDegrees>-70.3471100</LongitudeDegrees>
     </Position>
     <AltitudeMeters>1068.15</AltitudeMeters>
     <DistanceMeters>65366.399468630276</DistanceMeters>
    </Trackpoint>
    <Trackpoint>
     <Time>2026-07-19T02:58:37+00:00</Time>
     <Position>
      <LatitudeDegrees>-33.6473900</LatitudeDegrees>
      <LongitudeDegrees>-70.3471200</LongitudeDegrees>
     </Position>
     <AltitudeMeters>1068.15</AltitudeMeters>
     <DistanceMeters>65366.399468630276</DistanceMeters>
    </Trackpoint>
    <Trackpoint>
     <Time>2026-07-19T02:58:43+00:00</Time>
     <Position>
      <LatitudeDegrees>-33.6473700</LatitudeDegrees>
      <LongitudeDegrees>-70.3471500</LongitudeDegrees>
     </Position>
     <AltitudeMeters>1068.15</AltitudeMeters>
     <DistanceMeters>65369.96040113084</DistanceMeters>
    </Trackpoint>
    <Trackpoint>
     <Time>2026-07-19T02:58:49+00:00</Time>
     <Position>
      <LatitudeDegrees>-33.6473900</LatitudeDegrees>
      <LongitudeDegrees>-70.3472400</LongitudeDegrees>
     </Position>
     <AltitudeMeters>1066.5</AltitudeMeters>
     <DistanceMeters>65378.59084909419</DistanceMeters>
    </Trackpoint>
    <Trackpoint>
     <Time>2026-07-19T02:58:55+00:00</Time>
     <Position>
      <LatitudeDegrees>-33.6474300</LatitudeDegrees>
      <LongitudeDegrees>-70.3472800</LongitudeDegrees>
     </Position>
     <AltitudeMeters>1066.5</AltitudeMeters>
     <DistanceMeters>65384.38334984399</DistanceMeters>
    </Trackpoint>
    <Trackpoint>
     <Time>2026-07-19T02:59:00+00:00</Time>
     <Position>
      <LatitudeDegrees>-33.6478800</LatitudeDegrees>
      <LongitudeDegrees>-70.3474600</LongitudeDegrees>
     </Position>
     <AltitudeMeters>1063.32</AltitudeMeters>
     <DistanceMeters>65437.17000023124</DistanceMeters>
    </Trackpoint>
    <Trackpoint>
     <Time>2026-07-19T02:59:06+00:00</Time>
     <Position>
      <LatitudeDegrees>-33.6484600</LatitudeDegrees>
      <LongitudeDegrees>-70.3476500</LongitudeDegrees>
     </Position>
     <AltitudeMeters>1059.94</AltitudeMeters>
     <DistanceMeters>65504.07866972051</DistanceMeters>
    </Trackpoint>
    <Trackpoint>
     <Time>2026-07-19T02:59:12+00:00</Time>
     <Position>
      <LatitudeDegrees>-33.6487800</LatitudeDegrees>
      <LongitudeDegrees>-70.3478200</LongitudeDegrees>
     </Position>
     <AltitudeMeters>1058.3700000000001</AltitudeMeters>
     <DistanceMeters>65543.02054677405</DistanceMeters>
    </Trackpoint>
    <Trackpoint>
     <Time>2026-07-19T02:59:18+00:00</Time>
     <Position>
      <LatitudeDegrees>-33.6494200</LatitudeDegrees>
      <LongitudeDegrees>-70.3480500</LongitudeDegrees>
     </Position>
     <AltitudeMeters>1057.46</AltitudeMeters>
     <DistanceMeters>65617.36889141184</DistanceMeters>
    </Trackpoint>
    <Trackpoint>
     <Time>2026-07-19T02:59:23+00:00</Time>
     <Position>
      <LatitudeDegrees>-33.6497400</LatitudeDegrees>
      <LongitudeDegrees>-70.3480900</LongitudeDegrees>
     </Position>
     <AltitudeMeters>1057.3400000000001</AltitudeMeters>
     <DistanceMeters>65653.17579830597</DistanceMeters>
    </Trackpoint>
    <Trackpoint>
     <Time>2026-07-19T02:59:29+00:00</Time>
     <Position>
      <LatitudeDegrees>-33.6504650</LatitudeDegrees>
      <LongitudeDegrees>-70.3481150</LongitudeDegrees>
     </Position>
     <AltitudeMeters>1056.9700000000003</AltitudeMeters>
     <DistanceMeters>65733.89839340284</DistanceMeters>
    </Trackpoint>
    <Trackpoint>
     <Time>2026-07-19T02:59:35+00:00</Time>
     <Position>
      <LatitudeDegrees>-33.6511900</LatitudeDegrees>
      <LongitudeDegrees>-70.3481400</LongitudeDegrees>
     </Position>
     <AltitudeMeters>1057.29</AltitudeMeters>
     <DistanceMeters>65814.6210041539</DistanceMeters>
    </Trackpoint>
    <Trackpoint>
     <Time>2026-07-19T02:59:40+00:00</Time>
     <Position>
      <LatitudeDegrees>-33.6516000</LatitudeDegrees>
      <LongitudeDegrees>-70.3481300</LongitudeDegrees>
     </Position>
     <AltitudeMeters>1057.6000000000001</AltitudeMeters>
     <DistanceMeters>65860.26163665554</DistanceMeters>
    </Trackpoint>
    <Trackpoint>
     <Time>2026-07-19T02:59:46+00:00</Time>
     <Position>
      <LatitudeDegrees>-33.6521100</LatitudeDegrees>
      <LongitudeDegrees>-70.3480100</LongitudeDegrees>
     </Position>
     <AltitudeMeters>1059.11</AltitudeMeters>
     <DistanceMeters>65918.1009308466</DistanceMeters>
    </Trackpoint>
    <Trackpoint>
     <Time>2026-07-19T02:59:52+00:00</Time>
     <Position>
      <LatitudeDegrees>-33.6524000</LatitudeDegrees>
      <LongitudeDegrees>-70.3480500</LongitudeDegrees>
     </Position>
     <AltitudeMeters>1059.68</AltitudeMeters>
     <DistanceMeters>65950.58872240713</DistanceMeters>
    </Trackpoint>
    <Trackpoint>
     <Time>2026-07-19T02:59:58+00:00</Time>
     <Position>
      <LatitudeDegrees>-33.6528700</LatitudeDegrees>
      <LongitudeDegrees>-70.3480500</LongitudeDegrees>
     </Position>
     <AltitudeMeters>1058.3500000000001</AltitudeMeters>
     <DistanceMeters>66002.89769174432</DistanceMeters>
    </Trackpoint>
    <Trackpoint>
     <Time>2026-07-19T03:00:03+00:00</Time>
     <Position>
      <LatitudeDegrees>-33.6530100</LatitudeDegrees>
      <LongitudeDegrees>-70.3480600</LongitudeDegrees>
     </Position>
     <AltitudeMeters>1058.04</AltitudeMeters>
     <DistanceMeters>66018.50660449908</DistanceMeters>
    </Trackpoint>
    <Trackpoint>
     <Time>2026-07-19T03:00:09+00:00</Time>
     <Position>
      <LatitudeDegrees>-33.6531600</LatitudeDegrees>
      <LongitudeDegrees>-70.3481400</LongitudeDegrees>
     </Position>
     <AltitudeMeters>1055.01</AltitudeMeters>
     <DistanceMeters>66036.7721825337</DistanceMeters>
    </Trackpoint>
    <Trackpoint>
     <Time>2026-07-19T03:00:15+00:00</Time>
     <Position>
      <LatitudeDegrees>-33.6533600</LatitudeDegrees>
      <LongitudeDegrees>-70.3481800</LongitudeDegrees>
     </Position>
     <AltitudeMeters>1055.01</AltitudeMeters>
     <DistanceMeters>66059.33767750724</DistanceMeters>
    </Trackpoint>
    <Trackpoint>
     <Time>2026-07-19T03:00:20+00:00</Time>
     <Position>
      <LatitudeDegrees>-33.6536600</LatitudeDegrees>
      <LongitudeDegrees>-70.3481800</LongitudeDegrees>
     </Position>
     <AltitudeMeters>1052.75</AltitudeMeters>
     <DistanceMeters>66092.7263813398</DistanceMeters>
    </Trackpoint>
    <Trackpoint>
     <Time>2026-07-19T03:00:26+00:00</Time>
     <Position>
      <LatitudeDegrees>-33.6537500</LatitudeDegrees>
      <LongitudeDegrees>-70.3481400</LongitudeDegrees>
     </Position>
     <AltitudeMeters>1052.01</AltitudeMeters>
     <DistanceMeters>66103.40649322259</DistanceMeters>
    </Trackpoint>
    <Trackpoint>
     <Time>2026-07-19T03:00:32+00:00</Time>
     <Position>
      <LatitudeDegrees>-33.6541400</LatitudeDegrees>
      <LongitudeDegrees>-70.3478250</LongitudeDegrees>
     </Position>
     <AltitudeMeters>1048.38</AltitudeMeters>
     <DistanceMeters>66155.70975187713</DistanceMeters>
    </Trackpoint>
    <Trackpoint>
     <Time>2026-07-19T03:00:38+00:00</Time>
     <Position>
      <LatitudeDegrees>-33.6545300</LatitudeDegrees>
      <LongitudeDegrees>-70.3475100</LongitudeDegrees>
     </Position>
     <AltitudeMeters>1045.72</AltitudeMeters>
     <DistanceMeters>66208.01298179469</DistanceMeters>
    </Trackpoint>
    <Trackpoint>
     <Time>2026-07-19T03:00:43+00:00</Time>
     <Position>
      <LatitudeDegrees>-33.6549200</LatitudeDegrees>
      <LongitudeDegrees>-70.3472400</LongitudeDegrees>
     </Position>
     <AltitudeMeters>1044.43</AltitudeMeters>
     <DistanceMeters>66258.10972861554</DistanceMeters>
    </Trackpoint>
    <Trackpoint>
     <Time>2026-07-19T03:00:49+00:00</Time>
     <Position>
      <LatitudeDegrees>-33.6550900</LatitudeDegrees>
      <LongitudeDegrees>-70.3471500</LongitudeDegrees>
     </Position>
     <AltitudeMeters>1042.8000000000002</AltitudeMeters>
     <DistanceMeters>66278.78565832162</DistanceMeters>
    </Trackpoint>
    <Trackpoint>
     <Time>2026-07-19T03:00:55+00:00</Time>
     <Position>
      <LatitudeDegrees>-33.6552200</LatitudeDegrees>
      <LongitudeDegrees>-70.3471500</LongitudeDegrees>
     </Position>
     <AltitudeMeters>1040.98</AltitudeMeters>
     <DistanceMeters>66293.25409664877</DistanceMeters>
    </Trackpoint>
    <Trackpoint>
     <Time>2026-07-19T03:01:00+00:00</Time>
     <Position>
      <LatitudeDegrees>-33.6553800</LatitudeDegrees>
      <LongitudeDegrees>-70.3472000</LongitudeDegrees>
     </Position>
     <AltitudeMeters>1039.56</AltitudeMeters>
     <DistanceMeters>66311.65399210303</DistanceMeters>
    </Trackpoint>
    <Trackpoint>
     <Time>2026-07-19T03:01:06+00:00</Time>
     <Position>
      <LatitudeDegrees>-33.6557200</LatitudeDegrees>
      <LongitudeDegrees>-70.3474200</LongitudeDegrees>
     </Position>
     <AltitudeMeters>1032.89</AltitudeMeters>
     <DistanceMeters>66354.6341011766</DistanceMeters>
    </Trackpoint>
    <Trackpoint>
     <Time>2026-07-19T03:01:12+00:00</Time>
     <Position>
      <LatitudeDegrees>-33.6557800</LatitudeDegrees>
      <LongitudeDegrees>-70.3475100</LongitudeDegrees>
     </Position>
     <AltitudeMeters>1031.79</AltitudeMeters>
     <DistanceMeters>66365.3162657772</DistanceMeters>
    </Trackpoint>
    <Trackpoint>
     <Time>2026-07-19T03:01:18+00:00</Time>
     <Position>
      <LatitudeDegrees>-33.6558000</LatitudeDegrees>
      <LongitudeDegrees>-70.3481300</LongitudeDegrees>
     </Position>
     <AltitudeMeters>1027.47</AltitudeMeters>
     <DistanceMeters>66422.79650344461</DistanceMeters>
    </Trackpoint>
    <Trackpoint>
     <Time>2026-07-19T03:01:23+00:00</Time>
     <Position>
      <LatitudeDegrees>-33.6558700</LatitudeDegrees>
      <LongitudeDegrees>-70.3485500</LongitudeDegrees>
     </Position>
     <AltitudeMeters>1024.89</AltitudeMeters>
     <DistanceMeters>66462.47779750807</DistanceMeters>
    </Trackpoint>
    <Trackpoint>
     <Time>2026-07-19T03:01:29+00:00</Time>
     <Position>
      <LatitudeDegrees>-33.6558700</LatitudeDegrees>
      <LongitudeDegrees>-70.3489500</LongitudeDegrees>
     </Position>
     <AltitudeMeters>1022.7900000000001</AltitudeMeters>
     <DistanceMeters>66499.53397106631</DistanceMeters>
    </Trackpoint>
    <Trackpoint>
     <Time>2026-07-19T03:01:35+00:00</Time>
     <Position>
      <LatitudeDegrees>-33.6558000</LatitudeDegrees>
      <LongitudeDegrees>-70.3492600</LongitudeDegrees>
     </Position>
     <AltitudeMeters>1021.84</AltitudeMeters>
     <DistanceMeters>66529.29048066732</DistanceMeters>
    </Trackpoint>
    <Trackpoint>
     <Time>2026-07-19T03:01:41+00:00</Time>
     <Position>
      <LatitudeDegrees>-33.6556300</LatitudeDegrees>
      <LongitudeDegrees>-70.3496600</LongitudeDegrees>
     </Position>
     <AltitudeMeters>1019.8000000000001</AltitudeMeters>
     <DistanceMeters>66570.89746796686</DistanceMeters>
    </Trackpoint>
    <Trackpoint>
     <Time>2026-07-19T03:01:46+00:00</Time>
     <Position>
      <LatitudeDegrees>-33.6554200</LatitudeDegrees>
      <LongitudeDegrees>-70.3499200</LongitudeDegrees>
     </Position>
     <AltitudeMeters>1018.9700000000001</AltitudeMeters>
     <DistanceMeters>66604.45964113408</DistanceMeters>
    </Trackpoint>
    <Trackpoint>
     <Time>2026-07-19T03:01:52+00:00</Time>
     <Position>
      <LatitudeDegrees>-33.6547500</LatitudeDegrees>
      <LongitudeDegrees>-70.3503300</LongitudeDegrees>
     </Position>
     <AltitudeMeters>1016.48</AltitudeMeters>
     <DistanceMeters>66688.1441968227</DistanceMeters>
    </Trackpoint>
    <Trackpoint>
     <Time>2026-07-19T03:01:58+00:00</Time>
     <Position>
      <LatitudeDegrees>-33.6545700</LatitudeDegrees>
      <LongitudeDegrees>-70.3504200</LongitudeDegrees>
     </Position>
     <AltitudeMeters>1015.8900000000002</AltitudeMeters>
     <DistanceMeters>66709.8432331037</DistanceMeters>
    </Trackpoint>
    <Trackpoint>
     <Time>2026-07-19T03:02:03+00:00</Time>
     <Position>
      <LatitudeDegrees>-33.6543800</LatitudeDegrees>
      <LongitudeDegrees>-70.3504300</LongitudeDegrees>
     </Position>
     <AltitudeMeters>1014.3100000000001</AltitudeMeters>
     <DistanceMeters>66731.00969579996</DistanceMeters>
    </Trackpoint>
    <Trackpoint>
     <Time>2026-07-19T03:02:09+00:00</Time>
     <Position>
      <LatitudeDegrees>-33.6540100</LatitudeDegrees>
      <LongitudeDegrees>-70.3505100</LongitudeDegrees>
     </Position>
     <AltitudeMeters>1011.6400000000001</AltitudeMeters>
     <DistanceMeters>66772.85072395725</DistanceMeters>
    </Trackpoint>
    <Trackpoint>
     <Time>2026-07-19T03:02:15+00:00</Time>
     <Position>
      <LatitudeDegrees>-33.6537700</LatitudeDegrees>
      <LongitudeDegrees>-70.3505100</LongitudeDegrees>
     </Position>
     <AltitudeMeters>1009.1000000000001</AltitudeMeters>
     <DistanceMeters>66799.56168702283</DistanceMeters>
    </Trackpoint>
    <Trackpoint>
     <Time>2026-07-19T03:02:21+00:00</Time>
     <Position>
      <LatitudeDegrees>-33.6535700</LatitudeDegrees>
      <LongitudeDegrees>-70.3504700</LongitudeDegrees>
     </Position>
     <AltitudeMeters>1009.1000000000001</AltitudeMeters>
     <DistanceMeters>66822.12717909722</DistanceMeters>
    </Trackpoint>
    <Trackpoint>
     <Time>2026-07-19T03:02:26+00:00</Time>
     <Position>
      <LatitudeDegrees>-33.6531200</LatitudeDegrees>
      <LongitudeDegrees>-70.3505350</LongitudeDegrees>
     </Position>
     <AltitudeMeters>1004.68</AltitudeMeters>
     <DistanceMeters>66872.57097107451</DistanceMeters>
    </Trackpoint>
    <Trackpoint>
     <Time>2026-07-19T03:02:32+00:00</Time>
     <Position>
      <LatitudeDegrees>-33.6526700</LatitudeDegrees>
      <LongitudeDegrees>-70.3506000</LongitudeDegrees>
     </Position>
     <AltitudeMeters>1000.38</AltitudeMeters>
     <DistanceMeters>66923.01473624371</DistanceMeters>
    </Trackpoint>
    <Trackpoint>
     <Time>2026-07-19T03:02:38+00:00</Time>
     <Position>
      <LatitudeDegrees>-33.6521450</LatitudeDegrees>
      <LongitudeDegrees>-70.3507100</LongitudeDegrees>
     </Position>
     <AltitudeMeters>996.6400000000001</AltitudeMeters>
     <DistanceMeters>66982.32699425692</DistanceMeters>
    </Trackpoint>
    <Trackpoint>
     <Time>2026-07-19T03:02:43+00:00</Time>
     <Position>
      <LatitudeDegrees>-33.6516200</LatitudeDegrees>
      <LongitudeDegrees>-70.3508200</LongitudeDegrees>
     </Position>
     <AltitudeMeters>993.09</AltitudeMeters>
     <DistanceMeters>67041.63929006078</DistanceMeters>
    </Trackpoint>
    <Trackpoint>
     <Time>2026-07-19T03:02:49+00:00</Time>
     <Position>
      <LatitudeDegrees>-33.6509150</LatitudeDegrees>
      <LongitudeDegrees>-70.3508650</LongitudeDegrees>
     </Position>
     <AltitudeMeters>985.65</AltitudeMeters>
     <DistanceMeters>67120.21341711728</DistanceMeters>
    </Trackpoint>
    <Trackpoint>
     <Time>2026-07-19T03:02:55+00:00</Time>
     <Position>
      <LatitudeDegrees>-33.6502100</LatitudeDegrees>
      <LongitudeDegrees>-70.3509100</LongitudeDegrees>
     </Position>
     <AltitudeMeters>983.23</AltitudeMeters>
     <DistanceMeters>67198.78755981941</DistanceMeters>
    </Trackpoint>
    <Trackpoint>
     <Time>2026-07-19T03:03:01+00:00</Time>
     <Position>
      <LatitudeDegrees>-33.6499900</LatitudeDegrees>
      <LongitudeDegrees>-70.3510100</LongitudeDegrees>
     </Position>
     <AltitudeMeters>982.3000000000001</AltitudeMeters>
     <DistanceMeters>67224.96678165968</DistanceMeters>
    </Trackpoint>
    <Trackpoint>
     <Time>2026-07-19T03:03:06+00:00</Time>
     <Position>
      <LatitudeDegrees>-33.6506500</LatitudeDegrees>
      <LongitudeDegrees>-70.3510300</LongitudeDegrees>
     </Position>
     <AltitudeMeters>982.3000000000001</AltitudeMeters>
     <DistanceMeters>67298.44529911924</DistanceMeters>
    </Trackpoint>
    <Trackpoint>
     <Time>2026-07-19T03:03:12+00:00</Time>
     <Position>
      <LatitudeDegrees>-33.6513100</LatitudeDegrees>
      <LongitudeDegrees>-70.3510500</LongitudeDegrees>
     </Position>
     <AltitudeMeters>984.07</AltitudeMeters>
     <DistanceMeters>67371.92381139916</DistanceMeters>
    </Trackpoint>
    <Trackpoint>
     <Time>2026-07-19T03:03:18+00:00</Time>
     <Position>
      <LatitudeDegrees>-33.6520450</LatitudeDegrees>
      <LongitudeDegrees>-70.3510250</LongitudeDegrees>
     </Position>
     <AltitudeMeters>986.44</AltitudeMeters>
     <DistanceMeters>67453.75893216713</DistanceMeters>
    </Trackpoint>
    <Trackpoint>
     <Time>2026-07-19T03:03:23+00:00</Time>
     <Position>
      <LatitudeDegrees>-33.6527800</LatitudeDegrees>
      <LongitudeDegrees>-70.3510000</LongitudeDegrees>
     </Position>
     <AltitudeMeters>988.4600000000002</AltitudeMeters>
     <DistanceMeters>67535.5940244312</DistanceMeters>
    </Trackpoint>
    <Trackpoint>
     <Time>2026-07-19T03:03:29+00:00</Time>
     <Position>
      <LatitudeDegrees>-33.6532750</LatitudeDegrees>
      <LongitudeDegrees>-70.3509550</LongitudeDegrees>
     </Position>
     <AltitudeMeters>990.4900000000001</AltitudeMeters>
     <DistanceMeters>67590.84289490561</DistanceMeters>
    </Trackpoint>
    <Trackpoint>
     <Time>2026-07-19T03:03:35+00:00</Time>
     <Position>
      <LatitudeDegrees>-33.6537700</LatitudeDegrees>
      <LongitudeDegrees>-70.3509100</LongitudeDegrees>
     </Position>
     <AltitudeMeters>992.69</AltitudeMeters>
     <DistanceMeters>67646.0917745767</DistanceMeters>
    </Trackpoint>
    <Trackpoint>
     <Time>2026-07-19T03:03:41+00:00</Time>
     <Position>
      <LatitudeDegrees>-33.6544800</LatitudeDegrees>
      <LongitudeDegrees>-70.3507900</LongitudeDegrees>
     </Position>
     <AltitudeMeters>997.2800000000001</AltitudeMeters>
     <DistanceMeters>67725.88988939642</DistanceMeters>
    </Trackpoint>
    <Trackpoint>
     <Time>2026-07-19T03:03:46+00:00</Time>
     <Position>
      <LatitudeDegrees>-33.6546900</LatitudeDegrees>
      <LongitudeDegrees>-70.3507300</LongitudeDegrees>
     </Position>
     <AltitudeMeters>999.87</AltitudeMeters>
     <DistanceMeters>67749.91387197732</DistanceMeters>
    </Trackpoint>
    <Trackpoint>
     <Time>2026-07-19T03:03:52+00:00</Time>
     <Position>
      <LatitudeDegrees>-33.6551150</LatitudeDegrees>
      <LongitudeDegrees>-70.3505300</LongitudeDegrees>
     </Position>
     <AltitudeMeters>1001.8</AltitudeMeters>
     <DistanceMeters>67800.71396513407</DistanceMeters>
    </Trackpoint>
    <Trackpoint>
     <Time>2026-07-19T03:03:58+00:00</Time>
     <Position>
      <LatitudeDegrees>-33.6555400</LatitudeDegrees>
      <LongitudeDegrees>-70.3503300</LongitudeDegrees>
     </Position>
     <AltitudeMeters>1002.72</AltitudeMeters>
     <DistanceMeters>67851.51404551449</DistanceMeters>
    </Trackpoint>
    <Trackpoint>
     <Time>2026-07-19T03:04:04+00:00</Time>
     <Position>
      <LatitudeDegrees>-33.6562100</LatitudeDegrees>
      <LongitudeDegrees>-70.3497100</LongitudeDegrees>
     </Position>
     <AltitudeMeters>999.1200000000001</AltitudeMeters>
     <DistanceMeters>67945.63853133294</DistanceMeters>
    </Trackpoint>
    <Trackpoint>
     <Time>2026-07-19T03:04:09+00:00</Time>
     <Position>
      <LatitudeDegrees>-33.6563900</LatitudeDegrees>
      <LongitudeDegrees>-70.3496200</LongitudeDegrees>
     </Position>
     <AltitudeMeters>998.5100000000001</AltitudeMeters>
     <DistanceMeters>67967.33750656023</DistanceMeters>
    </Trackpoint>
    <Trackpoint>
     <Time>2026-07-19T03:04:15+00:00</Time>
     <Position>
      <LatitudeDegrees>-33.6566700</LatitudeDegrees>
      <LongitudeDegrees>-70.3496200</LongitudeDegrees>
     </Position>
     <AltitudeMeters>997.7500000000001</AltitudeMeters>
     <DistanceMeters>67998.50029680406</DistanceMeters>
    </Trackpoint>
    <Trackpoint>
     <Time>2026-07-19T03:04:21+00:00</Time>
     <Position>
      <LatitudeDegrees>-33.6568300</LatitudeDegrees>
      <LongitudeDegrees>-70.3496900</LongitudeDegrees>
     </Position>
     <AltitudeMeters>997.83</AltitudeMeters>
     <DistanceMeters>68017.45161360221</DistanceMeters>
    </Trackpoint>
    <Trackpoint>
     <Time>2026-07-19T03:04:26+00:00</Time>
     <Position>
      <LatitudeDegrees>-33.6573700</LatitudeDegrees>
      <LongitudeDegrees>-70.3498400</LongitudeDegrees>
     </Position>
     <AltitudeMeters>999.4200000000001</AltitudeMeters>
     <DistanceMeters>68079.13682306098</DistanceMeters>
    </Trackpoint>
    <Trackpoint>
     <Time>2026-07-19T03:04:32+00:00</Time>
     <Position>
      <LatitudeDegrees>-33.6579650</LatitudeDegrees>
      <LongitudeDegrees>-70.3499500</LongitudeDegrees>
     </Position>
     <AltitudeMeters>1002.4699999999999</AltitudeMeters>
     <DistanceMeters>68146.1372128513</DistanceMeters>
    </Trackpoint>
    <Trackpoint>
     <Time>2026-07-19T03:04:38+00:00</Time>
     <Position>
      <LatitudeDegrees>-33.6585600</LatitudeDegrees>
      <LongitudeDegrees>-70.3500600</LongitudeDegrees>
     </Position>
     <AltitudeMeters>1003.0000000000001</AltitudeMeters>
     <DistanceMeters>68213.13759382963</DistanceMeters>
    </Trackpoint>
    <Trackpoint>
     <Time>2026-07-19T03:04:44+00:00</Time>
     <Position>
      <LatitudeDegrees>-33.6593967</LatitudeDegrees>
      <LongitudeDegrees>-70.3501200</LongitudeDegrees>
     </Position>
     <AltitudeMeters>998.33</AltitudeMeters>
     <DistanceMeters>68306.42071538865</DistanceMeters>
    </Trackpoint>
    <Trackpoint>
     <Time>2026-07-19T03:04:49+00:00</Time>
     <Position>
      <LatitudeDegrees>-33.6602333</LatitudeDegrees>
      <LongitudeDegrees>-70.3501800</LongitudeDegrees>
     </Position>
     <AltitudeMeters>997.0600000000001</AltitudeMeters>
     <DistanceMeters>68399.70383694954</DistanceMeters>
    </Trackpoint>
    <Trackpoint>
     <Time>2026-07-19T03:04:55+00:00</Time>
     <Position>
      <LatitudeDegrees>-33.6610700</LatitudeDegrees>
      <LongitudeDegrees>-70.3502400</LongitudeDegrees>
     </Position>
     <AltitudeMeters>999.08</AltitudeMeters>
     <DistanceMeters>68492.98695711115</DistanceMeters>
    </Trackpoint>
    <Trackpoint>
     <Time>2026-07-19T03:05:01+00:00</Time>
     <Position>
      <LatitudeDegrees>-33.6618433</LatitudeDegrees>
      <LongitudeDegrees>-70.3501500</LongitudeDegrees>
     </Position>
     <AltitudeMeters>996.7600000000001</AltitudeMeters>
     <DistanceMeters>68579.45846809943</DistanceMeters>
    </Trackpoint>
    <Trackpoint>
     <Time>2026-07-19T03:05:06+00:00</Time>
     <Position>
      <LatitudeDegrees>-33.6626167</LatitudeDegrees>
      <LongitudeDegrees>-70.3500600</LongitudeDegrees>
     </Position>
     <AltitudeMeters>997.44</AltitudeMeters>
     <DistanceMeters>68665.92997908778</DistanceMeters>
    </Trackpoint>
    <Trackpoint>
     <Time>2026-07-19T03:05:12+00:00</Time>
     <Position>
      <LatitudeDegrees>-33.6633900</LatitudeDegrees>
      <LongitudeDegrees>-70.3499700</LongitudeDegrees>
     </Position>
     <AltitudeMeters>1000.0900000000001</AltitudeMeters>
     <DistanceMeters>68752.4014511933</DistanceMeters>
    </Trackpoint>
    <Trackpoint>
     <Time>2026-07-19T03:05:18+00:00</Time>
     <Position>
      <LatitudeDegrees>-33.6639500</LatitudeDegrees>
      <LongitudeDegrees>-70.3499700</LongitudeDegrees>
     </Position>
     <AltitudeMeters>1003.4300000000001</AltitudeMeters>
     <DistanceMeters>68814.72703168017</DistanceMeters>
    </Trackpoint>
    <Trackpoint>
     <Time>2026-07-19T03:05:24+00:00</Time>
     <Position>
      <LatitudeDegrees>-33.6644400</LatitudeDegrees>
      <LongitudeDegrees>-70.3500150</LongitudeDegrees>
     </Position>
     <AltitudeMeters>1008.0900000000001</AltitudeMeters>
     <DistanceMeters>68869.42098374014</DistanceMeters>
    </Trackpoint>
    <Trackpoint>
     <Time>2026-07-19T03:05:29+00:00</Time>
     <Position>
      <LatitudeDegrees>-33.6649300</LatitudeDegrees>
      <LongitudeDegrees>-70.3500600</LongitudeDegrees>
     </Position>
     <AltitudeMeters>1009.8</AltitudeMeters>
     <DistanceMeters>68924.11494783782</DistanceMeters>
    </Trackpoint>
    <Trackpoint>
     <Time>2026-07-19T03:05:35+00:00</Time>
     <Position>
      <LatitudeDegrees>-33.6650700</LatitudeDegrees>
      <LongitudeDegrees>-70.3500600</LongitudeDegrees>
     </Position>
     <AltitudeMeters>1009.94</AltitudeMeters>
     <DistanceMeters>68939.69634295895</DistanceMeters>
    </Trackpoint>
    <Trackpoint>
     <Time>2026-07-19T03:05:41+00:00</Time>
     <Position>
      <LatitudeDegrees>-33.6652100</LatitudeDegrees>
      <LongitudeDegrees>-70.3500300</LongitudeDegrees>
     </Position>
     <AltitudeMeters>1009.6700000000001</AltitudeMeters>
     <DistanceMeters>68955.52360534793</DistanceMeters>
    </Trackpoint>
    <Trackpoint>
     <Time>2026-07-19T03:05:46+00:00</Time>
     <Position>
      <LatitudeDegrees>-33.6654800</LatitudeDegrees>
      <LongitudeDegrees>-70.3498600</LongitudeDegrees>
     </Position>
     <AltitudeMeters>1008.4300000000002</AltitudeMeters>
     <DistanceMeters>68989.44947886243</DistanceMeters>
    </Trackpoint>
    <Trackpoint>
     <Time>2026-07-19T03:05:52+00:00</Time>
     <Position>
      <LatitudeDegrees>-33.6657200</LatitudeDegrees>
      <LongitudeDegrees>-70.3497500</LongitudeDegrees>
     </Position>
     <AltitudeMeters>1007.02</AltitudeMeters>
     <DistanceMeters>69018.03789064303</DistanceMeters>
    </Trackpoint>
    <Trackpoint>
     <Time>2026-07-19T03:05:58+00:00</Time>
     <Position>
      <LatitudeDegrees>-33.6662350</LatitudeDegrees>
      <LongitudeDegrees>-70.3495700</LongitudeDegrees>
     </Position>
     <AltitudeMeters>1001.6100000000001</AltitudeMeters>
     <DistanceMeters>69077.73098296931</DistanceMeters>
    </Trackpoint>
    <Trackpoint>
     <Time>2026-07-19T03:06:04+00:00</Time>
     <Position>
      <LatitudeDegrees>-33.6667500</LatitudeDegrees>
      <LongitudeDegrees>-70.3493900</LongitudeDegrees>
     </Position>
     <AltitudeMeters>999.2800000000001</AltitudeMeters>
     <DistanceMeters>69137.42411956769</DistanceMeters>
    </Trackpoint>
    <Trackpoint>
     <Time>2026-07-19T03:06:09+00:00</Time>
     <Position>
      <LatitudeDegrees>-33.6672900</LatitudeDegrees>
      <LongitudeDegrees>-70.3493300</LongitudeDegrees>
     </Position>
     <AltitudeMeters>996.6600000000001</AltitudeMeters>
     <DistanceMeters>69197.78021333013</DistanceMeters>
    </Trackpoint>
    <Trackpoint>
     <Time>2026-07-19T03:06:15+00:00</Time>
     <Position>
      <LatitudeDegrees>-33.6674200</LatitudeDegrees>
      <LongitudeDegrees>-70.3493500</LongitudeDegrees>
     </Position>
     <AltitudeMeters>996.6600000000001</AltitudeMeters>
     <DistanceMeters>69212.36677191075</DistanceMeters>
    </Trackpoint>
    <Trackpoint>
     <Time>2026-07-19T03:06:21+00:00</Time>
     <Position>
      <LatitudeDegrees>-33.6679800</LatitudeDegrees>
      <LongitudeDegrees>-70.3492600</LongitudeDegrees>
     </Position>
     <AltitudeMeters>995.3000000000001</AltitudeMeters>
     <DistanceMeters>69275.24741355405</DistanceMeters>
    </Trackpoint>
    <Trackpoint>
     <Time>2026-07-19T03:06:27+00:00</Time>
     <Position>
      <LatitudeDegrees>-33.6682100</LatitudeDegrees>
      <LongitudeDegrees>-70.3491800</LongitudeDegrees>
     </Position>
     <AltitudeMeters>995.9300000000001</AltitudeMeters>
     <DistanceMeters>69301.89640448987</DistanceMeters>
    </Trackpoint>
    <Trackpoint>
     <Time>2026-07-19T03:06:32+00:00</Time>
     <Position>
      <LatitudeDegrees>-33.6684100</LatitudeDegrees>
      <LongitudeDegrees>-70.3490800</LongitudeDegrees>
     </Position>
     <AltitudeMeters>996.8100000000001</AltitudeMeters>
     <DistanceMeters>69326.00588012411</DistanceMeters>
    </Trackpoint>
    <Trackpoint>
     <Time>2026-07-19T03:06:38+00:00</Time>
     <Position>
      <LatitudeDegrees>-33.6685900</LatitudeDegrees>
      <LongitudeDegrees>-70.3489400</LongitudeDegrees>
     </Position>
     <AltitudeMeters>998.83</AltitudeMeters>
     <DistanceMeters>69349.86992661911</DistanceMeters>
    </Trackpoint>
    <Trackpoint>
     <Time>2026-07-19T03:06:44+00:00</Time>
     <Position>
      <LatitudeDegrees>-33.6688300</LatitudeDegrees>
      <LongitudeDegrees>-70.3486300</LongitudeDegrees>
     </Position>
     <AltitudeMeters>999.7800000000001</AltitudeMeters>
     <DistanceMeters>69389.08706102238</DistanceMeters>
    </Trackpoint>
    <Trackpoint>
     <Time>2026-07-19T03:06:49+00:00</Time>
     <Position>
      <LatitudeDegrees>-33.6690300</LatitudeDegrees>
      <LongitudeDegrees>-70.3484100</LongitudeDegrees>
     </Position>
     <AltitudeMeters>1000.59</AltitudeMeters>
     <DistanceMeters>69419.26526406252</DistanceMeters>
    </Trackpoint>
    <Trackpoint>
     <Time>2026-07-19T03:06:55+00:00</Time>
     <Position>
      <LatitudeDegrees>-33.6692800</LatitudeDegrees>
      <LongitudeDegrees>-70.3482300</LongitudeDegrees>
     </Position>
     <AltitudeMeters>1000.8700000000001</AltitudeMeters>
     <DistanceMeters>69451.70211892742</DistanceMeters>
    </Trackpoint>
    <Trackpoint>
     <Time>2026-07-19T03:07:01+00:00</Time>
     <Position>
      <LatitudeDegrees>-33.6700900</LatitudeDegrees>
      <LongitudeDegrees>-70.3477900</LongitudeDegrees>
     </Position>
     <AltitudeMeters>1001.2700000000001</AltitudeMeters>
     <DistanceMeters>69550.63604882751</DistanceMeters>
    </Trackpoint>
    <Trackpoint>
     <Time>2026-07-19T03:07:07+00:00</Time>
     <Position>
      <LatitudeDegrees>-33.6708700</LatitudeDegrees>
      <LongitudeDegrees>-70.3475600</LongitudeDegrees>
     </Position>
     <AltitudeMeters>1001.44</AltitudeMeters>
     <DistanceMeters>69640.02247020423</DistanceMeters>
    </Trackpoint>
    <Trackpoint>
     <Time>2026-07-19T03:07:12+00:00</Time>
     <Position>
      <LatitudeDegrees>-33.6712700</LatitudeDegrees>
      <LongitudeDegrees>-70.3474200</LongitudeDegrees>
     </Position>
     <AltitudeMeters>1000.8000000000001</AltitudeMeters>
     <DistanceMeters>69686.39087746748</DistanceMeters>
    </Trackpoint>
    <Trackpoint>
     <Time>2026-07-19T03:07:18+00:00</Time>
     <Position>
      <LatitudeDegrees>-33.6715000</LatitudeDegrees>
      <LongitudeDegrees>-70.3472800</LongitudeDegrees>
     </Position>
     <AltitudeMeters>1000.6700000000002</AltitudeMeters>
     <DistanceMeters>69715.08598791323</DistanceMeters>
    </Trackpoint>
    <Trackpoint>
     <Time>2026-07-19T03:07:24+00:00</Time>
     <Position>
      <LatitudeDegrees>-33.6720600</LatitudeDegrees>
      <LongitudeDegrees>-70.3468800</LongitudeDegrees>
     </Position>
     <AltitudeMeters>1002.4300000000002</AltitudeMeters>
     <DistanceMeters>69787.5919858172</DistanceMeters>
    </Trackpoint>
    <Trackpoint>
     <Time>2026-07-19T03:07:29+00:00</Time>
     <Position>
      <LatitudeDegrees>-33.6726200</LatitudeDegrees>
      <LongitudeDegrees>-70.3464800</LongitudeDegrees>
     </Position>
     <AltitudeMeters>1007.1300000000001</AltitudeMeters>
     <DistanceMeters>69860.09800451815</DistanceMeters>
    </Trackpoint>
    <Trackpoint>
     <Time>2026-07-19T03:07:35+00:00</Time>
     <Position>
      <LatitudeDegrees>-33.6728400</LatitudeDegrees>
      <LongitudeDegrees>-70.3462600</LongitudeDegrees>
     </Position>
     <AltitudeMeters>1007.9900000000001</AltitudeMeters>
     <DistanceMeters>69891.9529219324</DistanceMeters>
    </Trackpoint>
    <Trackpoint>
     <Time>2026-07-19T03:07:41+00:00</Time>
     <Position>
      <LatitudeDegrees>-33.6729500</LatitudeDegrees>
      <LongitudeDegrees>-70.3460800</LongitudeDegrees>
     </Position>
     <AltitudeMeters>1009.1600000000001</AltitudeMeters>
     <DistanceMeters>69912.63707707624</DistanceMeters>
    </Trackpoint>
    <Trackpoint>
     <Time>2026-07-19T03:07:47+00:00</Time>
     <Position>
      <LatitudeDegrees>-33.6732000</LatitudeDegrees>
      <LongitudeDegrees>-70.3454500</LongitudeDegrees>
     </Position>
     <AltitudeMeters>1010.5200000000001</AltitudeMeters>
     <DistanceMeters>69977.28306166199</DistanceMeters>
    </Trackpoint>
    <Trackpoint>
     <Time>2026-07-19T03:07:52+00:00</Time>
     <Position>
      <LatitudeDegrees>-33.6732700</LatitudeDegrees>
      <LongitudeDegrees>-70.3453200</LongitudeDegrees>
     </Position>
     <AltitudeMeters>1010.5000000000001</AltitudeMeters>
     <DistanceMeters>69991.62448595518</DistanceMeters>
    </Trackpoint>
    <Trackpoint>
     <Time>2026-07-19T03:07:58+00:00</Time>
     <Position>
      <LatitudeDegrees>-33.6733800</LatitudeDegrees>
      <LongitudeDegrees>-70.3451900</LongitudeDegrees>
     </Position>
     <AltitudeMeters>1010.3300000000002</AltitudeMeters>
     <DistanceMeters>70008.79599115382</DistanceMeters>
    </Trackpoint>
    <Trackpoint>
     <Time>2026-07-19T03:08:04+00:00</Time>
     <Position>
      <LatitudeDegrees>-33.6739167</LatitudeDegrees>
      <LongitudeDegrees>-70.3446367</LongitudeDegrees>
     </Position>
     <AltitudeMeters>1010.13</AltitudeMeters>
     <DistanceMeters>70087.49852874604</DistanceMeters>
    </Trackpoint>
    <Trackpoint>
     <Time>2026-07-19T03:08:10+00:00</Time>
     <Position>
      <LatitudeDegrees>-33.6744533</LatitudeDegrees>
      <LongitudeDegrees>-70.3440833</LongitudeDegrees>
     </Position>
     <AltitudeMeters>1010.0200000000001</AltitudeMeters>
     <DistanceMeters>70166.20106633715</DistanceMeters>
    </Trackpoint>
    <Trackpoint>
     <Time>2026-07-19T03:08:15+00:00</Time>
     <Position>
      <LatitudeDegrees>-33.6749900</LatitudeDegrees>
      <LongitudeDegrees>-70.3435300</LongitudeDegrees>
     </Position>
     <AltitudeMeters>1009.6700000000001</AltitudeMeters>
     <DistanceMeters>70244.90363303985</DistanceMeters>
    </Trackpoint>
    <Trackpoint>
     <Time>2026-07-19T03:08:21+00:00</Time>
     <Position>
      <LatitudeDegrees>-33.6754850</LatitudeDegrees>
      <LongitudeDegrees>-70.3430550</LongitudeDegrees>
     </Position>
     <AltitudeMeters>1008.2600000000001</AltitudeMeters>
     <DistanceMeters>70315.40573716417</DistanceMeters>
    </Trackpoint>
    <Trackpoint>
     <Time>2026-07-19T03:08:27+00:00</Time>
     <Position>
      <LatitudeDegrees>-33.6759800</LatitudeDegrees>
      <LongitudeDegrees>-70.3425800</LongitudeDegrees>
     </Position>
     <AltitudeMeters>1005.97</AltitudeMeters>
     <DistanceMeters>70385.9078228243</DistanceMeters>
    </Trackpoint>
    <Trackpoint>
     <Time>2026-07-19T03:08:32+00:00</Time>
     <Position>
      <LatitudeDegrees>-33.6764600</LatitudeDegrees>
      <LongitudeDegrees>-70.3420400</LongitudeDegrees>
     </Position>
     <AltitudeMeters>1005.26</AltitudeMeters>
     <DistanceMeters>70459.08765671162</DistanceMeters>
    </Trackpoint>
    <Trackpoint>
     <Time>2026-07-19T03:08:38+00:00</Time>
     <Position>
      <LatitudeDegrees>-33.6769400</LatitudeDegrees>
      <LongitudeDegrees>-70.3415000</LongitudeDegrees>
     </Position>
     <AltitudeMeters>1006.78</AltitudeMeters>
     <DistanceMeters>70532.26749682943</DistanceMeters>
    </Trackpoint>
    <Trackpoint>
     <Time>2026-07-19T03:08:44+00:00</Time>
     <Position>
      <LatitudeDegrees>-33.6775000</LatitudeDegrees>
      <LongitudeDegrees>-70.3409500</LongitudeDegrees>
     </Position>
     <AltitudeMeters>1005.5800000000002</AltitudeMeters>
     <DistanceMeters>70612.76172158297</DistanceMeters>
    </Trackpoint>
    <Trackpoint>
     <Time>2026-07-19T03:08:50+00:00</Time>
     <Position>
      <LatitudeDegrees>-33.6782500</LatitudeDegrees>
      <LongitudeDegrees>-70.3415200</LongitudeDegrees>
     </Position>
     <AltitudeMeters>1000.6300000000001</AltitudeMeters>
     <DistanceMeters>70711.52625365167</DistanceMeters>
    </Trackpoint>
    <Trackpoint>
     <Time>2026-07-19T03:08:55+00:00</Time>
     <Position>
      <LatitudeDegrees>-33.6790000</LatitudeDegrees>
      <LongitudeDegrees>-70.3420900</LongitudeDegrees>
     </Position>
     <AltitudeMeters>999.82</AltitudeMeters>
     <DistanceMeters>70810.2907857201</DistanceMeters>
    </Trackpoint>
    <Trackpoint>
     <Time>2026-07-19T03:09:01+00:00</Time>
     <Position>
      <LatitudeDegrees>-33.6797500</LatitudeDegrees>
      <LongitudeDegrees>-70.3426600</LongitudeDegrees>
     </Position>
     <AltitudeMeters>1004.0500000000001</AltitudeMeters>
     <DistanceMeters>70909.05531783869</DistanceMeters>
    </Trackpoint>
    <Trackpoint>
     <Time>2026-07-19T03:09:07+00:00</Time>
     <Position>
      <LatitudeDegrees>-33.6799100</LatitudeDegrees>
      <LongitudeDegrees>-70.3428100</LongitudeDegrees>
     </Position>
     <AltitudeMeters>1005.5200000000002</AltitudeMeters>
     <DistanceMeters>70931.64056348047</DistanceMeters>
    </Trackpoint>
    <Trackpoint>
     <Time>2026-07-19T03:09:12+00:00</Time>
     <Position>
      <LatitudeDegrees>-33.6800500</LatitudeDegrees>
      <LongitudeDegrees>-70.3429900</LongitudeDegrees>
     </Position>
     <AltitudeMeters>1006.1999999999999</AltitudeMeters>
     <DistanceMeters>70954.45917289144</DistanceMeters>
    </Trackpoint>
    <Trackpoint>
     <Time>2026-07-19T03:09:18+00:00</Time>
     <Position>
      <LatitudeDegrees>-33.6801800</LatitudeDegrees>
      <LongitudeDegrees>-70.3432500</LongitudeDegrees>
     </Position>
     <AltitudeMeters>1006.7300000000001</AltitudeMeters>
     <DistanceMeters>70982.55132201267</DistanceMeters>
    </Trackpoint>
    <Trackpoint>
     <Time>2026-07-19T03:09:24+00:00</Time>
     <Position>
      <LatitudeDegrees>-33.6802700</LatitudeDegrees>
      <LongitudeDegrees>-70.3434800</LongitudeDegrees>
     </Position>
     <AltitudeMeters>1007.0799999999999</AltitudeMeters>
     <DistanceMeters>71006.09015158957</DistanceMeters>
    </Trackpoint>
    <Trackpoint>
     <Time>2026-07-19T03:09:30+00:00</Time>
     <Position>
      <LatitudeDegrees>-33.6803200</LatitudeDegrees>
      <LongitudeDegrees>-70.3437500</LongitudeDegrees>
     </Position>
     <AltitudeMeters>1007.0799999999999</AltitudeMeters>
     <DistanceMeters>71031.70767737032</DistanceMeters>
    </Trackpoint>
    <Trackpoint>
     <Time>2026-07-19T03:09:35+00:00</Time>
     <Position>
      <LatitudeDegrees>-33.6803400</LatitudeDegrees>
      <LongitudeDegrees>-70.3440500</LongitudeDegrees>
     </Position>
     <AltitudeMeters>1007.29</AltitudeMeters>
     <DistanceMeters>71059.58092657874</DistanceMeters>
    </Trackpoint>
    <Trackpoint>
     <Time>2026-07-19T03:09:41+00:00</Time>
     <Position>
      <LatitudeDegrees>-33.6803400</LatitudeDegrees>
      <LongitudeDegrees>-70.3440300</LongitudeDegrees>
     </Position>
     <AltitudeMeters>1007.29</AltitudeMeters>
     <DistanceMeters>71059.58092657874</DistanceMeters>
    </Trackpoint>
    <Trackpoint>
     <Time>2026-07-19T03:09:47+00:00</Time>
     <Position>
      <LatitudeDegrees>-33.6802900</LatitudeDegrees>
      <LongitudeDegrees>-70.3443800</LongitudeDegrees>
     </Position>
     <AltitudeMeters>1007.4000000000001</AltitudeMeters>
     <DistanceMeters>71092.47005933139</DistanceMeters>
    </Trackpoint>
    <Trackpoint>
     <Time>2026-07-19T03:09:52+00:00</Time>
     <Position>
      <LatitudeDegrees>-33.6802000</LatitudeDegrees>
      <LongitudeDegrees>-70.3446500</LongitudeDegrees>
     </Position>
     <AltitudeMeters>1007.5200000000002</AltitudeMeters>
     <DistanceMeters>71119.40746887062</DistanceMeters>
    </Trackpoint>
    <Trackpoint>
     <Time>2026-07-19T03:09:58+00:00</Time>
     <Position>
      <LatitudeDegrees>-33.6800500</LatitudeDegrees>
      <LongitudeDegrees>-70.3449600</LongitudeDegrees>
     </Position>
     <AltitudeMeters>1007.3199999999999</AltitudeMeters>
     <DistanceMeters>71152.61877125186</DistanceMeters>
    </Trackpoint>
    <Trackpoint>
     <Time>2026-07-19T03:10:04+00:00</Time>
     <Position>
      <LatitudeDegrees>-33.6798500</LatitudeDegrees>
      <LongitudeDegrees>-70.3452300</LongitudeDegrees>
     </Position>
     <AltitudeMeters>1006.83</AltitudeMeters>
     <DistanceMeters>71186.09659906736</DistanceMeters>
    </Trackpoint>
    <Trackpoint>
     <Time>2026-07-19T03:10:10+00:00</Time>
     <Position>
      <LatitudeDegrees>-33.6792067</LatitudeDegrees>
      <LongitudeDegrees>-70.3457333</LongitudeDegrees>
     </Position>
     <AltitudeMeters>1006.1500000000001</AltitudeMeters>
     <DistanceMeters>71271.53483811294</DistanceMeters>
    </Trackpoint>
    <Trackpoint>
     <Time>2026-07-19T03:10:15+00:00</Time>
     <Position>
      <LatitudeDegrees>-33.6785633</LatitudeDegrees>
      <LongitudeDegrees>-70.3462367</LongitudeDegrees>
     </Position>
     <AltitudeMeters>1005.66</AltitudeMeters>
     <DistanceMeters>71356.97307716016</DistanceMeters>
    </Trackpoint>
    <Trackpoint>
     <Time>2026-07-19T03:10:21+00:00</Time>
     <Position>
      <LatitudeDegrees>-33.6779200</LatitudeDegrees>
      <LongitudeDegrees>-70.3467400</LongitudeDegrees>
     </Position>
     <AltitudeMeters>1005.5899999999999</AltitudeMeters>
     <DistanceMeters>71442.41133449195</DistanceMeters>
    </Trackpoint>
    <Trackpoint>
     <Time>2026-07-19T03:10:27+00:00</Time>
     <Position>
      <LatitudeDegrees>-33.6776800</LatitudeDegrees>
      <LongitudeDegrees>-70.3468400</LongitudeDegrees>
     </Position>
     <AltitudeMeters>1005.4500000000002</AltitudeMeters>
     <DistanceMeters>71470.68242041476</DistanceMeters>
    </Trackpoint>
    <Trackpoint>
     <Time>2026-07-19T03:10:33+00:00</Time>
     <Position>
      <LatitudeDegrees>-33.6769300</LatitudeDegrees>
      <LongitudeDegrees>-70.3470600</LongitudeDegrees>
     </Position>
     <AltitudeMeters>1002.72</AltitudeMeters>
     <DistanceMeters>71556.60510999252</DistanceMeters>
    </Trackpoint>
    <Trackpoint>
     <Time>2026-07-19T03:10:38+00:00</Time>
     <Position>
      <LatitudeDegrees>-33.6767100</LatitudeDegrees>
      <LongitudeDegrees>-70.3471500</LongitudeDegrees>
     </Position>
     <AltitudeMeters>1001.53</AltitudeMeters>
     <DistanceMeters>71582.47014469867</DistanceMeters>
    </Trackpoint>
    <Trackpoint>
     <Time>2026-07-19T03:10:44+00:00</Time>
     <Position>
      <LatitudeDegrees>-33.6760900</LatitudeDegrees>
      <LongitudeDegrees>-70.3475100</LongitudeDegrees>
     </Position>
     <AltitudeMeters>996.96</AltitudeMeters>
     <DistanceMeters>71659.10686672591</DistanceMeters>
    </Trackpoint>
    <Trackpoint>
     <Time>2026-07-19T03:10:50+00:00</Time>
     <Position>
      <LatitudeDegrees>-33.6754150</LatitudeDegrees>
      <LongitudeDegrees>-70.3477900</LongitudeDegrees>
     </Position>
     <AltitudeMeters>992.6600000000001</AltitudeMeters>
     <DistanceMeters>71738.58167694234</DistanceMeters>
    </Trackpoint>
    <Trackpoint>
     <Time>2026-07-19T03:10:55+00:00</Time>
     <Position>
      <LatitudeDegrees>-33.6747400</LatitudeDegrees>
      <LongitudeDegrees>-70.3480700</LongitudeDegrees>
     </Position>
     <AltitudeMeters>991.98</AltitudeMeters>
     <DistanceMeters>71818.0564912283</DistanceMeters>
    </Trackpoint>
    <Trackpoint>
     <Time>2026-07-19T03:11:01+00:00</Time>
     <Position>
      <LatitudeDegrees>-33.6745800</LatitudeDegrees>
      <LongitudeDegrees>-70.3481600</LongitudeDegrees>
     </Position>
     <AltitudeMeters>991.9300000000001</AltitudeMeters>
     <DistanceMeters>71837.718284297</DistanceMeters>
    </Trackpoint>
    <Trackpoint>
     <Time>2026-07-19T03:11:07+00:00</Time>
     <Position>
      <LatitudeDegrees>-33.6743600</LatitudeDegrees>
      <LongitudeDegrees>-70.3484100</LongitudeDegrees>
     </Position>
     <AltitudeMeters>992.8000000000001</AltitudeMeters>
     <DistanceMeters>71871.4180820544</DistanceMeters>
    </Trackpoint>
    <Trackpoint>
     <Time>2026-07-19T03:11:13+00:00</Time>
     <Position>
      <LatitudeDegrees>-33.6739733</LatitudeDegrees>
      <LongitudeDegrees>-70.3492033</LongitudeDegrees>
     </Position>
     <AltitudeMeters>998.9000000000001</AltitudeMeters>
     <DistanceMeters>71956.57195223914</DistanceMeters>
    </Trackpoint>
    <Trackpoint>
     <Time>2026-07-19T03:11:18+00:00</Time>
     <Position>
      <LatitudeDegrees>-33.6735867</LatitudeDegrees>
      <LongitudeDegrees>-70.3499967</LongitudeDegrees>
     </Position>
     <AltitudeMeters>1005.47</AltitudeMeters>
     <DistanceMeters>72041.72582242319</DistanceMeters>
    </Trackpoint>
    <Trackpoint>
     <Time>2026-07-19T03:11:24+00:00</Time>
     <Position>
      <LatitudeDegrees>-33.6732000</LatitudeDegrees>
      <LongitudeDegrees>-70.3507900</LongitudeDegrees>
     </Position>
     <AltitudeMeters>1008.88</AltitudeMeters>
     <DistanceMeters>72126.8797047591</DistanceMeters>
    </Trackpoint>
    <Trackpoint>
     <Time>2026-07-19T03:11:30+00:00</Time>
     <Position>
      <LatitudeDegrees>-33.6728600</LatitudeDegrees>
      <LongitudeDegrees>-70.3512700</LongitudeDegrees>
     </Position>
     <AltitudeMeters>1009.2</AltitudeMeters>
     <DistanceMeters>72185.26178667985</DistanceMeters>
    </Trackpoint>
    <Trackpoint>
     <Time>2026-07-19T03:11:35+00:00</Time>
     <Position>
      <LatitudeDegrees>-33.6726600</LatitudeDegrees>
      <LongitudeDegrees>-70.3514200</LongitudeDegrees>
     </Position>
     <AltitudeMeters>1008.86</AltitudeMeters>
     <DistanceMeters>72211.50095484995</DistanceMeters>
    </Trackpoint>
    <Trackpoint>
     <Time>2026-07-19T03:11:41+00:00</Time>
     <Position>
      <LatitudeDegrees>-33.6718700</LatitudeDegrees>
      <LongitudeDegrees>-70.3519224</LongitudeDegrees>
     </Position>
     <AltitudeMeters>1006.95</AltitudeMeters>
     <DistanceMeters>72310.97649915867</DistanceMeters>
    </Trackpoint>
    <Trackpoint>
     <Time>2026-07-19T03:11:47+00:00</Time>
     <Position>
      <LatitudeDegrees>-33.6710800</LatitudeDegrees>
      <LongitudeDegrees>-70.3524247</LongitudeDegrees>
     </Position>
     <AltitudeMeters>1005.6500000000001</AltitudeMeters>
     <DistanceMeters>72410.45204346588</DistanceMeters>
    </Trackpoint>
    <Trackpoint>
     <Time>2026-07-19T03:11:53+00:00</Time>
     <Position>
      <LatitudeDegrees>-33.6702900</LatitudeDegrees>
      <LongitudeDegrees>-70.3529271</LongitudeDegrees>
     </Position>
     <AltitudeMeters>1003.77</AltitudeMeters>
     <DistanceMeters>72509.92758777575</DistanceMeters>
    </Trackpoint>
    <Trackpoint>
     <Time>2026-07-19T03:11:58+00:00</Time>
     <Position>
      <LatitudeDegrees>-33.6695000</LatitudeDegrees>
      <LongitudeDegrees>-70.3534294</LongitudeDegrees>
     </Position>
     <AltitudeMeters>1001.6800000000001</AltitudeMeters>
     <DistanceMeters>72609.40313208345</DistanceMeters>
    </Trackpoint>
    <Trackpoint>
     <Time>2026-07-19T03:12:04+00:00</Time>
     <Position>
      <LatitudeDegrees>-33.6687100</LatitudeDegrees>
      <LongitudeDegrees>-70.3539317</LongitudeDegrees>
     </Position>
     <AltitudeMeters>997.7600000000001</AltitudeMeters>
     <DistanceMeters>72708.87867639326</DistanceMeters>
    </Trackpoint>
    <Trackpoint>
     <Time>2026-07-19T03:12:10+00:00</Time>
     <Position>
      <LatitudeDegrees>-33.6679200</LatitudeDegrees>
      <LongitudeDegrees>-70.3544340</LongitudeDegrees>
     </Position>
     <AltitudeMeters>994.38</AltitudeMeters>
     <DistanceMeters>72808.354220702</DistanceMeters>
    </Trackpoint>
    <Trackpoint>
     <Time>2026-07-19T03:12:15+00:00</Time>
     <Position>
      <LatitudeDegrees>-33.6671300</LatitudeDegrees>
      <LongitudeDegrees>-70.3549363</LongitudeDegrees>
     </Position>
     <AltitudeMeters>991.2</AltitudeMeters>
     <DistanceMeters>72907.82976501096</DistanceMeters>
    </Trackpoint>
    <Trackpoint>
     <Time>2026-07-19T03:12:21+00:00</Time>
     <Position>
      <LatitudeDegrees>-33.6663400</LatitudeDegrees>
      <LongitudeDegrees>-70.3554386</LongitudeDegrees>
     </Position>
     <AltitudeMeters>989.3900000000001</AltitudeMeters>
     <DistanceMeters>73007.30530931898</DistanceMeters>
    </Trackpoint>
    <Trackpoint>
     <Time>2026-07-19T03:12:27+00:00</Time>
     <Position>
      <LatitudeDegrees>-33.6655500</LatitudeDegrees>
      <LongitudeDegrees>-70.3559409</LongitudeDegrees>
     </Position>
     <AltitudeMeters>988.1200000000001</AltitudeMeters>
     <DistanceMeters>73106.78085362876</DistanceMeters>
    </Trackpoint>
    <Trackpoint>
     <Time>2026-07-19T03:12:33+00:00</Time>
     <Position>
      <LatitudeDegrees>-33.6647600</LatitudeDegrees>
      <LongitudeDegrees>-70.3564432</LongitudeDegrees>
     </Position>
     <AltitudeMeters>986.19</AltitudeMeters>
     <DistanceMeters>73206.25639793705</DistanceMeters>
    </Trackpoint>
    <Trackpoint>
     <Time>2026-07-19T03:12:38+00:00</Time>
     <Position>
      <LatitudeDegrees>-33.6639700</LatitudeDegrees>
      <LongitudeDegrees>-70.3569455</LongitudeDegrees>
     </Position>
     <AltitudeMeters>985.11</AltitudeMeters>
     <DistanceMeters>73305.731942246</DistanceMeters>
    </Trackpoint>
    <Trackpoint>
     <Time>2026-07-19T03:12:44+00:00</Time>
     <Position>
      <LatitudeDegrees>-33.6631800</LatitudeDegrees>
      <LongitudeDegrees>-70.3574477</LongitudeDegrees>
     </Position>
     <AltitudeMeters>984.46</AltitudeMeters>
     <DistanceMeters>73405.20748655437</DistanceMeters>
    </Trackpoint>
    <Trackpoint>
     <Time>2026-07-19T03:12:50+00:00</Time>
     <Position>
      <LatitudeDegrees>-33.6623900</LatitudeDegrees>
      <LongitudeDegrees>-70.3579500</LongitudeDegrees>
     </Position>
     <AltitudeMeters>984.5100000000001</AltitudeMeters>
     <DistanceMeters>73504.68302892605</DistanceMeters>
    </Trackpoint>
    <Trackpoint>
     <Time>2026-07-19T03:12:56+00:00</Time>
     <Position>
      <LatitudeDegrees>-33.6622100</LatitudeDegrees>
      <LongitudeDegrees>-70.3580800</LongitudeDegrees>
     </Position>
     <AltitudeMeters>984.6300000000001</AltitudeMeters>
     <DistanceMeters>73528.0571245202</DistanceMeters>
    </Trackpoint>
    <Trackpoint>
     <Time>2026-07-19T03:13:01+00:00</Time>
     <Position>
      <LatitudeDegrees>-33.6618700</LatitudeDegrees>
      <LongitudeDegrees>-70.3581700</LongitudeDegrees>
     </Position>
     <AltitudeMeters>985.72</AltitudeMeters>
     <DistanceMeters>73566.80518309357</DistanceMeters>
    </Trackpoint>
    <Trackpoint>
     <Time>2026-07-19T03:13:07+00:00</Time>
     <Position>
      <LatitudeDegrees>-33.6616000</LatitudeDegrees>
      <LongitudeDegrees>-70.3581700</LongitudeDegrees>
     </Position>
     <AltitudeMeters>986.98</AltitudeMeters>
     <DistanceMeters>73596.85501654264</DistanceMeters>
    </Trackpoint>
    <Trackpoint>
     <Time>2026-07-19T03:13:13+00:00</Time>
     <Position>
      <LatitudeDegrees>-33.6612700</LatitudeDegrees>
      <LongitudeDegrees>-70.3581200</LongitudeDegrees>
     </Position>
     <AltitudeMeters>989.08</AltitudeMeters>
     <DistanceMeters>73633.8734924381</DistanceMeters>
    </Trackpoint>
    <Trackpoint>
     <Time>2026-07-19T03:13:18+00:00</Time>
     <Position>
      <LatitudeDegrees>-33.6610400</LatitudeDegrees>
      <LongitudeDegrees>-70.3581200</LongitudeDegrees>
     </Position>
     <AltitudeMeters>991.94</AltitudeMeters>
     <DistanceMeters>73659.47149870971</DistanceMeters>
    </Trackpoint>
    <Trackpoint>
     <Time>2026-07-19T03:13:24+00:00</Time>
     <Position>
      <LatitudeDegrees>-33.6607300</LatitudeDegrees>
      <LongitudeDegrees>-70.3581600</LongitudeDegrees>
     </Position>
     <AltitudeMeters>994.1800000000001</AltitudeMeters>
     <DistanceMeters>73694.17156478256</DistanceMeters>
    </Trackpoint>
    <Trackpoint>
     <Time>2026-07-19T03:13:30+00:00</Time>
     <Position>
      <LatitudeDegrees>-33.6598500</LatitudeDegrees>
      <LongitudeDegrees>-70.3583300</LongitudeDegrees>
     </Position>
     <AltitudeMeters>992.7300000000001</AltitudeMeters>
     <DistanceMeters>73793.36976996534</DistanceMeters>
    </Trackpoint>
    <Trackpoint>
     <Time>2026-07-19T03:13:36+00:00</Time>
     <Position>
      <LatitudeDegrees>-33.6590450</LatitudeDegrees>
      <LongitudeDegrees>-70.3584700</LongitudeDegrees>
     </Position>
     <AltitudeMeters>989.5100000000001</AltitudeMeters>
     <DistanceMeters>73883.8966150812</DistanceMeters>
    </Trackpoint>
    <Trackpoint>
     <Time>2026-07-19T03:13:41+00:00</Time>
     <Position>
      <LatitudeDegrees>-33.6582400</LatitudeDegrees>
      <LongitudeDegrees>-70.3586100</LongitudeDegrees>
     </Position>
     <AltitudeMeters>987.65</AltitudeMeters>
     <DistanceMeters>73974.42345558724</DistanceMeters>
    </Trackpoint>
    <Trackpoint>
     <Time>2026-07-19T03:13:47+00:00</Time>
     <Position>
      <LatitudeDegrees>-33.6575700</LatitudeDegrees>
      <LongitudeDegrees>-70.3588400</LongitudeDegrees>
     </Position>
     <AltitudeMeters>986.6600000000001</AltitudeMeters>
     <DistanceMeters>74051.97590151273</DistanceMeters>
    </Trackpoint>
    <Trackpoint>
     <Time>2026-07-19T03:13:53+00:00</Time>
     <Position>
      <LatitudeDegrees>-33.6567100</LatitudeDegrees>
      <LongitudeDegrees>-70.3589550</LongitudeDegrees>
     </Position>
     <AltitudeMeters>982.86</AltitudeMeters>
     <DistanceMeters>74148.2812613303</DistanceMeters>
    </Trackpoint>
    <Trackpoint>
     <Time>2026-07-19T03:13:58+00:00</Time>
     <Position>
      <LatitudeDegrees>-33.6558500</LatitudeDegrees>
      <LongitudeDegrees>-70.3590700</LongitudeDegrees>
     </Position>
     <AltitudeMeters>978.0200000000001</AltitudeMeters>
     <DistanceMeters>74244.58662045671</DistanceMeters>
    </Trackpoint>
    <Trackpoint>
     <Time>2026-07-19T03:14:04+00:00</Time>
     <Position>
      <LatitudeDegrees>-33.6554900</LatitudeDegrees>
      <LongitudeDegrees>-70.3591500</LongitudeDegrees>
     </Position>
     <AltitudeMeters>976.1400000000001</AltitudeMeters>
     <DistanceMeters>74285.33274466555</DistanceMeters>
    </Trackpoint>
    <Trackpoint>
     <Time>2026-07-19T03:14:10+00:00</Time>
     <Position>
      <LatitudeDegrees>-33.6553100</LatitudeDegrees>
      <LongitudeDegrees>-70.3592400</LongitudeDegrees>
     </Position>
     <AltitudeMeters>975.6500000000001</AltitudeMeters>
     <DistanceMeters>74307.03175339811</DistanceMeters>
    </Trackpoint>
    <Trackpoint>
     <Time>2026-07-19T03:14:16+00:00</Time>
     <Position>
      <LatitudeDegrees>-33.6551600</LatitudeDegrees>
      <LongitudeDegrees>-70.3593400</LongitudeDegrees>
     </Position>
     <AltitudeMeters>974.37</AltitudeMeters>
     <DistanceMeters>74326.12429519814</DistanceMeters>
    </Trackpoint>
    <Trackpoint>
     <Time>2026-07-19T03:14:21+00:00</Time>
     <Position>
      <LatitudeDegrees>-33.6546900</LatitudeDegrees>
      <LongitudeDegrees>-70.3598600</LongitudeDegrees>
     </Position>
     <AltitudeMeters>975.0500000000001</AltitudeMeters>
     <DistanceMeters>74397.23631695515</DistanceMeters>
    </Trackpoint>
    <Trackpoint>
     <Time>2026-07-19T03:14:27+00:00</Time>
     <Position>
      <LatitudeDegrees>-33.6545300</LatitudeDegrees>
      <LongitudeDegrees>-70.3600000</LongitudeDegrees>
     </Position>
     <AltitudeMeters>976.0000000000001</AltitudeMeters>
     <DistanceMeters>74419.26623454814</DistanceMeters>
    </Trackpoint>
    <Trackpoint>
     <Time>2026-07-19T03:14:33+00:00</Time>
     <Position>
      <LatitudeDegrees>-33.6543500</LatitudeDegrees>
      <LongitudeDegrees>-70.3601000</LongitudeDegrees>
     </Position>
     <AltitudeMeters>977.7300000000001</AltitudeMeters>
     <DistanceMeters>74441.33783050023</DistanceMeters>
    </Trackpoint>
    <Trackpoint>
     <Time>2026-07-19T03:14:38+00:00</Time>
     <Position>
      <LatitudeDegrees>-33.6541700</LatitudeDegrees>
      <LongitudeDegrees>-70.3601800</LongitudeDegrees>
     </Position>
     <AltitudeMeters>978.9000000000001</AltitudeMeters>
     <DistanceMeters>74462.69803768213</DistanceMeters>
    </Trackpoint>
    <Trackpoint>
     <Time>2026-07-19T03:14:44+00:00</Time>
     <Position>
      <LatitudeDegrees>-33.6533333</LatitudeDegrees>
      <LongitudeDegrees>-70.3601833</LongitudeDegrees>
     </Position>
     <AltitudeMeters>979.62</AltitudeMeters>
     <DistanceMeters>74555.81593432683</DistanceMeters>
    </Trackpoint>
    <Trackpoint>
     <Time>2026-07-19T03:14:50+00:00</Time>
     <Position>
      <LatitudeDegrees>-33.6524967</LatitudeDegrees>
      <LongitudeDegrees>-70.3601867</LongitudeDegrees>
     </Position>
     <AltitudeMeters>976.9300000000001</AltitudeMeters>
     <DistanceMeters>74648.9338309695</DistanceMeters>
    </Trackpoint>
    <Trackpoint>
     <Time>2026-07-19T03:14:56+00:00</Time>
     <Position>
      <LatitudeDegrees>-33.6516600</LatitudeDegrees>
      <LongitudeDegrees>-70.3601900</LongitudeDegrees>
     </Position>
     <AltitudeMeters>976.89</AltitudeMeters>
     <DistanceMeters>74742.05172927871</DistanceMeters>
    </Trackpoint>
    <Trackpoint>
     <Time>2026-07-19T03:15:01+00:00</Time>
     <Position>
      <LatitudeDegrees>-33.6508286</LatitudeDegrees>
      <LongitudeDegrees>-70.3601829</LongitudeDegrees>
     </Position>
     <AltitudeMeters>977.69</AltitudeMeters>
     <DistanceMeters>74834.58850344217</DistanceMeters>
    </Trackpoint>
    <Trackpoint>
     <Time>2026-07-19T03:15:07+00:00</Time>
     <Position>
      <LatitudeDegrees>-33.6499971</LatitudeDegrees>
      <LongitudeDegrees>-70.3601757</LongitudeDegrees>
     </Position>
     <AltitudeMeters>977.34</AltitudeMeters>
     <DistanceMeters>74927.12527760735</DistanceMeters>
    </Trackpoint>
    <Trackpoint>
     <Time>2026-07-19T03:15:13+00:00</Time>
     <Position>
      <LatitudeDegrees>-33.6491657</LatitudeDegrees>
      <LongitudeDegrees>-70.3601686</LongitudeDegrees>
     </Position>
     <AltitudeMeters>976.7000000000002</AltitudeMeters>
     <DistanceMeters>75019.66205177188</DistanceMeters>
    </Trackpoint>
    <Trackpoint>
     <Time>2026-07-19T03:15:19+00:00</Time>
     <Position>
      <LatitudeDegrees>-33.6483343</LatitudeDegrees>
      <LongitudeDegrees>-70.3601614</LongitudeDegrees>
     </Position>
     <AltitudeMeters>976.45</AltitudeMeters>
     <DistanceMeters>75112.19882593815</DistanceMeters>
    </Trackpoint>
    <Trackpoint>
     <Time>2026-07-19T03:15:24+00:00</Time>
     <Position>
      <LatitudeDegrees>-33.6475029</LatitudeDegrees>
      <LongitudeDegrees>-70.3601543</LongitudeDegrees>
     </Position>
     <AltitudeMeters>974.7900000000001</AltitudeMeters>
     <DistanceMeters>75204.7356001014</DistanceMeters>
    </Trackpoint>
    <Trackpoint>
     <Time>2026-07-19T03:15:30+00:00</Time>
     <Position>
      <LatitudeDegrees>-33.6466714</LatitudeDegrees>
      <LongitudeDegrees>-70.3601471</LongitudeDegrees>
     </Position>
     <AltitudeMeters>974.07</AltitudeMeters>
     <DistanceMeters>75297.27237426561</DistanceMeters>
    </Trackpoint>
    <Trackpoint>
     <Time>2026-07-19T03:15:36+00:00</Time>
     <Position>
      <LatitudeDegrees>-33.6458400</LatitudeDegrees>
      <LongitudeDegrees>-70.3601400</LongitudeDegrees>
     </Position>
     <AltitudeMeters>973.47</AltitudeMeters>
     <DistanceMeters>75389.80914804246</DistanceMeters>
    </Trackpoint>
    <Trackpoint>
     <Time>2026-07-19T03:15:41+00:00</Time>
     <Position>
      <LatitudeDegrees>-33.6456400</LatitudeDegrees>
      <LongitudeDegrees>-70.3600900</LongitudeDegrees>
     </Position>
     <AltitudeMeters>973.32</AltitudeMeters>
     <DistanceMeters>75412.54523843671</DistanceMeters>
    </Trackpoint>
    <Trackpoint>
     <Time>2026-07-19T03:15:47+00:00</Time>
     <Position>
      <LatitudeDegrees>-33.6450500</LatitudeDegrees>
      <LongitudeDegrees>-70.3598500</LongitudeDegrees>
     </Position>
     <AltitudeMeters>972.2700000000001</AltitudeMeters>
     <DistanceMeters>75481.87258631116</DistanceMeters>
    </Trackpoint>
    <Trackpoint>
     <Time>2026-07-19T03:15:53+00:00</Time>
     <Position>
      <LatitudeDegrees>-33.6444600</LatitudeDegrees>
      <LongitudeDegrees>-70.3596100</LongitudeDegrees>
     </Position>
     <AltitudeMeters>971.6600000000001</AltitudeMeters>
     <DistanceMeters>75551.19994636292</DistanceMeters>
    </Trackpoint>
    <Trackpoint>
     <Time>2026-07-19T03:15:59+00:00</Time>
     <Position>
      <LatitudeDegrees>-33.6441900</LatitudeDegrees>
      <LongitudeDegrees>-70.3595500</LongitudeDegrees>
     </Position>
     <AltitudeMeters>971.46</AltitudeMeters>
     <DistanceMeters>75581.75967279407</DistanceMeters>
    </Trackpoint>
    <Trackpoint>
     <Time>2026-07-19T03:16:04+00:00</Time>
     <Position>
      <LatitudeDegrees>-33.6436900</LatitudeDegrees>
      <LongitudeDegrees>-70.3595100</LongitudeDegrees>
     </Position>
     <AltitudeMeters>971.4200000000001</AltitudeMeters>
     <DistanceMeters>75637.53078962458</DistanceMeters>
    </Trackpoint>
    <Trackpoint>
     <Time>2026-07-19T03:16:10+00:00</Time>
     <Position>
      <LatitudeDegrees>-33.6429700</LatitudeDegrees>
      <LongitudeDegrees>-70.3595480</LongitudeDegrees>
     </Position>
     <AltitudeMeters>971.86</AltitudeMeters>
     <DistanceMeters>75717.74099430721</DistanceMeters>
    </Trackpoint>
    <Trackpoint>
     <Time>2026-07-19T03:16:16+00:00</Time>
     <Position>
      <LatitudeDegrees>-33.6422500</LatitudeDegrees>
      <LongitudeDegrees>-70.3595860</LongitudeDegrees>
     </Position>
     <AltitudeMeters>971.0200000000001</AltitudeMeters>
     <DistanceMeters>75797.95119898983</DistanceMeters>
    </Trackpoint>
    <Trackpoint>
     <Time>2026-07-19T03:16:21+00:00</Time>
     <Position>
      <LatitudeDegrees>-33.6415300</LatitudeDegrees>
      <LongitudeDegrees>-70.3596240</LongitudeDegrees>
     </Position>
     <AltitudeMeters>968.8100000000001</AltitudeMeters>
     <DistanceMeters>75878.1614036725</DistanceMeters>
    </Trackpoint>
    <Trackpoint>
     <Time>2026-07-19T03:16:27+00:00</Time>
     <Position>
      <LatitudeDegrees>-33.6408100</LatitudeDegrees>
      <LongitudeDegrees>-70.3596620</LongitudeDegrees>
     </Position>
     <AltitudeMeters>967.5100000000001</AltitudeMeters>
     <DistanceMeters>75958.3716083561</DistanceMeters>
    </Trackpoint>
    <Trackpoint>
     <Time>2026-07-19T03:16:33+00:00</Time>
     <Position>
      <LatitudeDegrees>-33.6400900</LatitudeDegrees>
      <LongitudeDegrees>-70.3597000</LongitudeDegrees>
     </Position>
     <AltitudeMeters>967.4200000000001</AltitudeMeters>
     <DistanceMeters>76038.58180652288</DistanceMeters>
    </Trackpoint>
    <Trackpoint>
     <Time>2026-07-19T03:16:39+00:00</Time>
     <Position>
      <LatitudeDegrees>-33.6394950</LatitudeDegrees>
      <LongitudeDegrees>-70.3597400</LongitudeDegrees>
     </Position>
     <AltitudeMeters>967.6500000000001</AltitudeMeters>
     <DistanceMeters>76104.90638022</DistanceMeters>
    </Trackpoint>
    <Trackpoint>
     <Time>2026-07-19T03:16:44+00:00</Time>
     <Position>
      <LatitudeDegrees>-33.6389000</LatitudeDegrees>
      <LongitudeDegrees>-70.3597800</LongitudeDegrees>
     </Position>
     <AltitudeMeters>967.9400000000002</AltitudeMeters>
     <DistanceMeters>76171.23094218898</DistanceMeters>
    </Trackpoint>
    <Trackpoint>
     <Time>2026-07-19T03:16:50+00:00</Time>
     <Position>
      <LatitudeDegrees>-33.6387200</LatitudeDegrees>
      <LongitudeDegrees>-70.3597400</LongitudeDegrees>
     </Position>
     <AltitudeMeters>967.9900000000001</AltitudeMeters>
     <DistanceMeters>76191.60413632887</DistanceMeters>
    </Trackpoint>
    <Trackpoint>
     <Time>2026-07-19T03:16:56+00:00</Time>
     <Position>
      <LatitudeDegrees>-33.6384600</LatitudeDegrees>
      <LongitudeDegrees>-70.3596400</LongitudeDegrees>
     </Position>
     <AltitudeMeters>968.1</AltitudeMeters>
     <DistanceMeters>76221.98833934213</DistanceMeters>
    </Trackpoint>
    <Trackpoint>
     <Time>2026-07-19T03:17:01+00:00</Time>
     <Position>
      <LatitudeDegrees>-33.6381200</LatitudeDegrees>
      <LongitudeDegrees>-70.3593300</LongitudeDegrees>
     </Position>
     <AltitudeMeters>968.72</AltitudeMeters>
     <DistanceMeters>76269.49620125147</DistanceMeters>
    </Trackpoint>
    <Trackpoint>
     <Time>2026-07-19T03:17:07+00:00</Time>
     <Position>
      <LatitudeDegrees>-33.6379400</LatitudeDegrees>
      <LongitudeDegrees>-70.3592000</LongitudeDegrees>
     </Position>
     <AltitudeMeters>969.19</AltitudeMeters>
     <DistanceMeters>76292.87204667108</DistanceMeters>
    </Trackpoint>
    <Trackpoint>
     <Time>2026-07-19T03:17:13+00:00</Time>
     <Position>
      <LatitudeDegrees>-33.6376500</LatitudeDegrees>
      <LongitudeDegrees>-70.3591200</LongitudeDegrees>
     </Position>
     <AltitudeMeters>969.82</AltitudeMeters>
     <DistanceMeters>76325.98810497014</DistanceMeters>
    </Trackpoint>
    <Trackpoint>
     <Time>2026-07-19T03:17:19+00:00</Time>
     <Position>
      <LatitudeDegrees>-33.6371800</LatitudeDegrees>
      <LongitudeDegrees>-70.3591600</LongitudeDegrees>
     </Position>
     <AltitudeMeters>972.2600000000001</AltitudeMeters>
     <DistanceMeters>76378.428208748</DistanceMeters>
    </Trackpoint>
    <Trackpoint>
     <Time>2026-07-19T03:17:24+00:00</Time>
     <Position>
      <LatitudeDegrees>-33.6367100</LatitudeDegrees>
      <LongitudeDegrees>-70.3592000</LongitudeDegrees>
     </Position>
     <AltitudeMeters>973.13</AltitudeMeters>
     <DistanceMeters>76430.8683383211</DistanceMeters>
    </Trackpoint>
    <Trackpoint>
     <Time>2026-07-19T03:17:30+00:00</Time>
     <Position>
      <LatitudeDegrees>-33.6361067</LatitudeDegrees>
      <LongitudeDegrees>-70.3592133</LongitudeDegrees>
     </Position>
     <AltitudeMeters>972.25</AltitudeMeters>
     <DistanceMeters>76498.02810513826</DistanceMeters>
    </Trackpoint>
    <Trackpoint>
     <Time>2026-07-19T03:17:36+00:00</Time>
     <Position>
      <LatitudeDegrees>-33.6355033</LatitudeDegrees>
      <LongitudeDegrees>-70.3592267</LongitudeDegrees>
     </Position>
     <AltitudeMeters>971.32</AltitudeMeters>
     <DistanceMeters>76565.18787195513</DistanceMeters>
    </Trackpoint>
    <Trackpoint>
     <Time>2026-07-19T03:17:42+00:00</Time>
     <Position>
      <LatitudeDegrees>-33.6349000</LatitudeDegrees>
      <LongitudeDegrees>-70.3592400</LongitudeDegrees>
     </Position>
     <AltitudeMeters>969.11</AltitudeMeters>
     <DistanceMeters>76632.34761383657</DistanceMeters>
    </Trackpoint>
    <Trackpoint>
     <Time>2026-07-19T03:17:47+00:00</Time>
     <Position>
      <LatitudeDegrees>-33.6341800</LatitudeDegrees>
      <LongitudeDegrees>-70.3593000</LongitudeDegrees>
     </Position>
     <AltitudeMeters>969.22</AltitudeMeters>
     <DistanceMeters>76712.67314741622</DistanceMeters>
    </Trackpoint>
    <Trackpoint>
     <Time>2026-07-19T03:17:53+00:00</Time>
     <Position>
      <LatitudeDegrees>-33.6335950</LatitudeDegrees>
      <LongitudeDegrees>-70.3593850</LongitudeDegrees>
     </Position>
     <AltitudeMeters>970.5300000000001</AltitudeMeters>
     <DistanceMeters>76778.2558258323</DistanceMeters>
    </Trackpoint>
    <Trackpoint>
     <Time>2026-07-19T03:17:59+00:00</Time>
     <Position>
      <LatitudeDegrees>-33.6330100</LatitudeDegrees>
      <LongitudeDegrees>-70.3594700</LongitudeDegrees>
     </Position>
     <AltitudeMeters>970.2600000000001</AltitudeMeters>
     <DistanceMeters>76843.83849239585</DistanceMeters>
    </Trackpoint>
    <Trackpoint>
     <Time>2026-07-19T03:18:04+00:00</Time>
     <Position>
      <LatitudeDegrees>-33.6323000</LatitudeDegrees>
      <LongitudeDegrees>-70.3596000</LongitudeDegrees>
     </Position>
     <AltitudeMeters>968.7700000000001</AltitudeMeters>
     <DistanceMeters>76923.77138914962</DistanceMeters>
    </Trackpoint>
    <Trackpoint>
     <Time>2026-07-19T03:18:10+00:00</Time>
     <Position>
      <LatitudeDegrees>-33.6320300</LatitudeDegrees>
      <LongitudeDegrees>-70.3596000</LongitudeDegrees>
     </Position>
     <AltitudeMeters>968.7700000000001</AltitudeMeters>
     <DistanceMeters>76953.8212225987</DistanceMeters>
    </Trackpoint>
    <Trackpoint>
     <Time>2026-07-19T03:18:16+00:00</Time>
     <Position>
      <LatitudeDegrees>-33.6317400</LatitudeDegrees>
      <LongitudeDegrees>-70.3595600</LongitudeDegrees>
     </Position>
     <AltitudeMeters>967.25</AltitudeMeters>
     <DistanceMeters>76986.30911418873</DistanceMeters>
    </Trackpoint>
    <Trackpoint>
     <Time>2026-07-19T03:18:22+00:00</Time>
     <Position>
      <LatitudeDegrees>-33.6315200</LatitudeDegrees>
      <LongitudeDegrees>-70.3595000</LongitudeDegrees>
     </Position>
     <AltitudeMeters>966.69</AltitudeMeters>
     <DistanceMeters>77011.41750223795</DistanceMeters>
    </Trackpoint>
    <Trackpoint>
     <Time>2026-07-19T03:18:27+00:00</Time>
     <Position>
      <LatitudeDegrees>-33.6311150</LatitudeDegrees>
      <LongitudeDegrees>-70.3592550</LongitudeDegrees>
     </Position>
     <AltitudeMeters>965.9700000000001</AltitudeMeters>
     <DistanceMeters>77061.88706252672</DistanceMeters>
    </Trackpoint>
    <Trackpoint>
     <Time>2026-07-19T03:18:33+00:00</Time>
     <Position>
      <LatitudeDegrees>-33.6307100</LatitudeDegrees>
      <LongitudeDegrees>-70.3590100</LongitudeDegrees>
     </Position>
     <AltitudeMeters>965.7</AltitudeMeters>
     <DistanceMeters>77112.3566717725</DistanceMeters>
    </Trackpoint>
    <Trackpoint>
     <Time>2026-07-19T03:18:39+00:00</Time>
     <Position>
      <LatitudeDegrees>-33.6301850</LatitudeDegrees>
      <LongitudeDegrees>-70.3585700</LongitudeDegrees>
     </Position>
     <AltitudeMeters>965.9400000000002</AltitudeMeters>
     <DistanceMeters>77183.60698006825</DistanceMeters>
    </Trackpoint>
    <Trackpoint>
     <Time>2026-07-19T03:18:44+00:00</Time>
     <Position>
      <LatitudeDegrees>-33.6296600</LatitudeDegrees>
      <LongitudeDegrees>-70.3581300</LongitudeDegrees>
     </Position>
     <AltitudeMeters>962.8000000000001</AltitudeMeters>
     <DistanceMeters>77254.85729951829</DistanceMeters>
    </Trackpoint>
    <Trackpoint>
     <Time>2026-07-19T03:18:50+00:00</Time>
     <Position>
      <LatitudeDegrees>-33.6295000</LatitudeDegrees>
      <LongitudeDegrees>-70.3579900</LongitudeDegrees>
     </Position>
     <AltitudeMeters>961.6500000000001</AltitudeMeters>
     <DistanceMeters>77276.88943745615</DistanceMeters>
    </Trackpoint>
    <Trackpoint>
     <Time>2026-07-19T03:18:56+00:00</Time>
     <Position>
      <LatitudeDegrees>-33.6293900</LatitudeDegrees>
      <LongitudeDegrees>-70.3578100</LongitudeDegrees>
     </Position>
     <AltitudeMeters>958.2100000000002</AltitudeMeters>
     <DistanceMeters>77297.58037871841</DistanceMeters>
    </Trackpoint>
    <Trackpoint>
     <Time>2026-07-19T03:19:02+00:00</Time>
     <Position>
      <LatitudeDegrees>-33.6291700</LatitudeDegrees>
      <LongitudeDegrees>-70.3571300</LongitudeDegrees>
     </Position>
     <AltitudeMeters>954.3000000000001</AltitudeMeters>
     <DistanceMeters>77365.18512685099</DistanceMeters>
    </Trackpoint>
    <Trackpoint>
     <Time>2026-07-19T03:19:07+00:00</Time>
     <Position>
      <LatitudeDegrees>-33.6290300</LatitudeDegrees>
      <LongitudeDegrees>-70.3568600</LongitudeDegrees>
     </Position>
     <AltitudeMeters>953.9000000000001</AltitudeMeters>
     <DistanceMeters>77394.66079605107</DistanceMeters>
    </Trackpoint>
    <Trackpoint>
     <Time>2026-07-19T03:19:13+00:00</Time>
     <Position>
      <LatitudeDegrees>-33.6289200</LatitudeDegrees>
      <LongitudeDegrees>-70.3567300</LongitudeDegrees>
     </Position>
     <AltitudeMeters>954.35</AltitudeMeters>
     <DistanceMeters>77411.83665348691</DistanceMeters>
    </Trackpoint>
    <Trackpoint>
     <Time>2026-07-19T03:19:19+00:00</Time>
     <Position>
      <LatitudeDegrees>-33.6287000</LatitudeDegrees>
      <LongitudeDegrees>-70.3566400</LongitudeDegrees>
     </Position>
     <AltitudeMeters>955.3000000000001</AltitudeMeters>
     <DistanceMeters>77437.70318752207</DistanceMeters>
    </Trackpoint>
    <Trackpoint>
     <Time>2026-07-19T03:19:25+00:00</Time>
     <Position>
      <LatitudeDegrees>-33.6278700</LatitudeDegrees>
      <LongitudeDegrees>-70.3563900</LongitudeDegrees>
     </Position>
     <AltitudeMeters>963.22</AltitudeMeters>
     <DistanceMeters>77532.93948068976</DistanceMeters>
    </Trackpoint>
    <Trackpoint>
     <Time>2026-07-19T03:19:30+00:00</Time>
     <Position>
      <LatitudeDegrees>-33.6275800</LatitudeDegrees>
      <LongitudeDegrees>-70.3563300</LongitudeDegrees>
     </Position>
     <AltitudeMeters>964.8100000000001</AltitudeMeters>
     <DistanceMeters>77565.69066620027</DistanceMeters>
    </Trackpoint>
    <Trackpoint>
     <Time>2026-07-19T03:19:36+00:00</Time>
     <Position>
      <LatitudeDegrees>-33.6271700</LatitudeDegrees>
      <LongitudeDegrees>-70.3562800</LongitudeDegrees>
     </Position>
     <AltitudeMeters>965.0300000000001</AltitudeMeters>
     <DistanceMeters>77611.5565451511</DistanceMeters>
    </Trackpoint>
    <Trackpoint>
     <Time>2026-07-19T03:19:42+00:00</Time>
     <Position>
      <LatitudeDegrees>-33.6266300</LatitudeDegrees>
      <LongitudeDegrees>-70.3559300</LongitudeDegrees>
     </Position>
     <AltitudeMeters>961.59</AltitudeMeters>
     <DistanceMeters>77679.85005350791</DistanceMeters>
    </Trackpoint>
    <Trackpoint>
     <Time>2026-07-19T03:19:47+00:00</Time>
     <Position>
      <LatitudeDegrees>-33.6265000</LatitudeDegrees>
      <LongitudeDegrees>-70.3558800</LongitudeDegrees>
     </Position>
     <AltitudeMeters>961.59</AltitudeMeters>
     <DistanceMeters>77695.04235229487</DistanceMeters>
    </Trackpoint>
    <Trackpoint>
     <Time>2026-07-19T03:19:53+00:00</Time>
     <Position>
      <LatitudeDegrees>-33.6263500</LatitudeDegrees>
      <LongitudeDegrees>-70.3558800</LongitudeDegrees>
     </Position>
     <AltitudeMeters>960.64</AltitudeMeters>
     <DistanceMeters>77711.73670421077</DistanceMeters>
    </Trackpoint>
    <Trackpoint>
     <Time>2026-07-19T03:19:59+00:00</Time>
     <Position>
      <LatitudeDegrees>-33.6261900</LatitudeDegrees>
      <LongitudeDegrees>-70.3559200</LongitudeDegrees>
     </Position>
     <AltitudeMeters>959.0600000000001</AltitudeMeters>
     <DistanceMeters>77729.92574728317</DistanceMeters>
    </Trackpoint>
    <Trackpoint>
     <Time>2026-07-19T03:20:05+00:00</Time>
     <Position>
      <LatitudeDegrees>-33.6258100</LatitudeDegrees>
      <LongitudeDegrees>-70.3560600</LongitudeDegrees>
     </Position>
     <AltitudeMeters>956.37</AltitudeMeters>
     <DistanceMeters>77774.16342816247</DistanceMeters>
    </Trackpoint>
    <Trackpoint>
     <Time>2026-07-19T03:20:10+00:00</Time>
     <Position>
      <LatitudeDegrees>-33.6255600</LatitudeDegrees>
      <LongitudeDegrees>-70.3560600</LongitudeDegrees>
     </Position>
     <AltitudeMeters>955.6000000000001</AltitudeMeters>
     <DistanceMeters>77801.98734802281</DistanceMeters>
    </Trackpoint>
    <Trackpoint>
     <Time>2026-07-19T03:20:16+00:00</Time>
     <Position>
      <LatitudeDegrees>-33.6247933</LatitudeDegrees>
      <LongitudeDegrees>-70.3558233</LongitudeDegrees>
     </Position>
     <AltitudeMeters>948.15</AltitudeMeters>
     <DistanceMeters>77890.08784283698</DistanceMeters>
    </Trackpoint>
    <Trackpoint>
     <Time>2026-07-19T03:20:22+00:00</Time>
     <Position>
      <LatitudeDegrees>-33.6240267</LatitudeDegrees>
      <LongitudeDegrees>-70.3555867</LongitudeDegrees>
     </Position>
     <AltitudeMeters>947.1700000000001</AltitudeMeters>
     <DistanceMeters>77978.18833765111</DistanceMeters>
    </Trackpoint>
    <Trackpoint>
     <Time>2026-07-19T03:20:27+00:00</Time>
     <Position>
      <LatitudeDegrees>-33.6232600</LatitudeDegrees>
      <LongitudeDegrees>-70.3553500</LongitudeDegrees>
     </Position>
     <AltitudeMeters>947.7800000000001</AltitudeMeters>
     <DistanceMeters>78066.28881837647</DistanceMeters>
    </Trackpoint>
    <Trackpoint>
     <Time>2026-07-19T03:20:33+00:00</Time>
     <Position>
      <LatitudeDegrees>-33.6230100</LatitudeDegrees>
      <LongitudeDegrees>-70.3553000</LongitudeDegrees>
     </Position>
     <AltitudeMeters>948.7700000000001</AltitudeMeters>
     <DistanceMeters>78094.49595330312</DistanceMeters>
    </Trackpoint>
    <Trackpoint>
     <Time>2026-07-19T03:20:39+00:00</Time>
     <Position>
      <LatitudeDegrees>-33.6227000</LatitudeDegrees>
      <LongitudeDegrees>-70.3553400</LongitudeDegrees>
     </Position>
     <AltitudeMeters>949.4500000000002</AltitudeMeters>
     <DistanceMeters>78129.19619422033</DistanceMeters>
    </Trackpoint>
    <Trackpoint>
     <Time>2026-07-19T03:20:45+00:00</Time>
     <Position>
      <LatitudeDegrees>-33.6220700</LatitudeDegrees>
      <LongitudeDegrees>-70.3554800</LongitudeDegrees>
     </Position>
     <AltitudeMeters>953.4300000000001</AltitudeMeters>
     <DistanceMeters>78200.50282379842</DistanceMeters>
    </Trackpoint>
    <Trackpoint>
     <Time>2026-07-19T03:20:50+00:00</Time>
     <Position>
      <LatitudeDegrees>-33.6217300</LatitudeDegrees>
      <LongitudeDegrees>-70.3554800</LongitudeDegrees>
     </Position>
     <AltitudeMeters>955.01</AltitudeMeters>
     <DistanceMeters>78238.34335480844</DistanceMeters>
    </Trackpoint>
    <Trackpoint>
     <Time>2026-07-19T03:20:56+00:00</Time>
     <Position>
      <LatitudeDegrees>-33.6214700</LatitudeDegrees>
      <LongitudeDegrees>-70.3554400</LongitudeDegrees>
     </Position>
     <AltitudeMeters>955.69</AltitudeMeters>
     <DistanceMeters>78267.51672219274</DistanceMeters>
    </Trackpoint>
    <Trackpoint>
     <Time>2026-07-19T03:21:02+00:00</Time>
     <Position>
      <LatitudeDegrees>-33.6207057</LatitudeDegrees>
      <LongitudeDegrees>-70.3552157</LongitudeDegrees>
     </Position>
     <AltitudeMeters>956.2700000000001</AltitudeMeters>
     <DistanceMeters>78355.08147912666</DistanceMeters>
    </Trackpoint>
    <Trackpoint>
     <Time>2026-07-19T03:21:07+00:00</Time>
     <Position>
      <LatitudeDegrees>-33.6199414</LatitudeDegrees>
      <LongitudeDegrees>-70.3549914</LongitudeDegrees>
     </Position>
     <AltitudeMeters>955.76</AltitudeMeters>
     <DistanceMeters>78442.64623606019</DistanceMeters>
    </Trackpoint>
    <Trackpoint>
     <Time>2026-07-19T03:21:13+00:00</Time>
     <Position>
      <LatitudeDegrees>-33.6191771</LatitudeDegrees>
      <LongitudeDegrees>-70.3547671</LongitudeDegrees>
     </Position>
     <AltitudeMeters>954.6000000000001</AltitudeMeters>
     <DistanceMeters>78530.21099299304</DistanceMeters>
    </Trackpoint>
    <Trackpoint>
     <Time>2026-07-19T03:21:19+00:00</Time>
     <Position>
      <LatitudeDegrees>-33.6184129</LatitudeDegrees>
      <LongitudeDegrees>-70.3545428</LongitudeDegrees>
     </Position>
     <AltitudeMeters>953.47</AltitudeMeters>
     <DistanceMeters>78617.77574992857</DistanceMeters>
    </Trackpoint>
    <Trackpoint>
     <Time>2026-07-19T03:21:25+00:00</Time>
     <Position>
      <LatitudeDegrees>-33.6176486</LatitudeDegrees>
      <LongitudeDegrees>-70.3543186</LongitudeDegrees>
     </Position>
     <AltitudeMeters>951.5400000000001</AltitudeMeters>
     <DistanceMeters>78705.34050686265</DistanceMeters>
    </Trackpoint>
    <Trackpoint>
     <Time>2026-07-19T03:21:30+00:00</Time>
     <Position>
      <LatitudeDegrees>-33.6168843</LatitudeDegrees>
      <LongitudeDegrees>-70.3540943</LongitudeDegrees>
     </Position>
     <AltitudeMeters>947.1</AltitudeMeters>
     <DistanceMeters>78792.90526379645</DistanceMeters>
    </Trackpoint>
    <Trackpoint>
     <Time>2026-07-19T03:21:36+00:00</Time>
     <Position>
      <LatitudeDegrees>-33.6161200</LatitudeDegrees>
      <LongitudeDegrees>-70.3538700</LongitudeDegrees>
     </Position>
     <AltitudeMeters>945.3900000000001</AltitudeMeters>
     <DistanceMeters>78880.47001616465</DistanceMeters>
    </Trackpoint>
    <Trackpoint>
     <Time>2026-07-19T03:21:42+00:00</Time>
     <Position>
      <LatitudeDegrees>-33.6153800</LatitudeDegrees>
      <LongitudeDegrees>-70.3538300</LongitudeDegrees>
     </Position>
     <AltitudeMeters>944.39</AltitudeMeters>
     <DistanceMeters>78962.91221892723</DistanceMeters>
    </Trackpoint>
    <Trackpoint>
     <Time>2026-07-19T03:21:48+00:00</Time>
     <Position>
      <LatitudeDegrees>-33.6146750</LatitudeDegrees>
      <LongitudeDegrees>-70.3537100</LongitudeDegrees>
     </Position>
     <AltitudeMeters>943.74</AltitudeMeters>
     <DistanceMeters>79042.16002666512</DistanceMeters>
    </Trackpoint>
    <Trackpoint>
     <Time>2026-07-19T03:21:53+00:00</Time>
     <Position>
      <LatitudeDegrees>-33.6139700</LatitudeDegrees>
      <LongitudeDegrees>-70.3535900</LongitudeDegrees>
     </Position>
     <AltitudeMeters>941.4300000000001</AltitudeMeters>
     <DistanceMeters>79121.40785041229</DistanceMeters>
    </Trackpoint>
    <Trackpoint>
     <Time>2026-07-19T03:21:59+00:00</Time>
     <Position>
      <LatitudeDegrees>-33.6135900</LatitudeDegrees>
      <LongitudeDegrees>-70.3534200</LongitudeDegrees>
     </Position>
     <AltitudeMeters>937.37</AltitudeMeters>
     <DistanceMeters>79166.54002446184</DistanceMeters>
    </Trackpoint>
    <Trackpoint>
     <Time>2026-07-19T03:22:05+00:00</Time>
     <Position>
      <LatitudeDegrees>-33.6129800</LatitudeDegrees>
      <LongitudeDegrees>-70.3530200</LongitudeDegrees>
     </Position>
     <AltitudeMeters>933.6600000000001</AltitudeMeters>
     <DistanceMeters>79243.89388798551</DistanceMeters>
    </Trackpoint>
    <Trackpoint>
     <Time>2026-07-19T03:22:10+00:00</Time>
     <Position>
      <LatitudeDegrees>-33.6128000</LatitudeDegrees>
      <LongitudeDegrees>-70.3529300</LongitudeDegrees>
     </Position>
     <AltitudeMeters>932.7900000000001</AltitudeMeters>
     <DistanceMeters>79265.59447872371</DistanceMeters>
    </Trackpoint>
    <Trackpoint>
     <Time>2026-07-19T03:22:16+00:00</Time>
     <Position>
      <LatitudeDegrees>-33.6126500</LatitudeDegrees>
      <LongitudeDegrees>-70.3528800</LongitudeDegrees>
     </Position>
     <AltitudeMeters>932.2600000000001</AltitudeMeters>
     <DistanceMeters>79282.92013941331</DistanceMeters>
    </Trackpoint>
    <Trackpoint>
     <Time>2026-07-19T03:22:22+00:00</Time>
     <Position>
      <LatitudeDegrees>-33.6124200</LatitudeDegrees>
      <LongitudeDegrees>-70.3528400</LongitudeDegrees>
     </Position>
     <AltitudeMeters>931.7</AltitudeMeters>
     <DistanceMeters>79308.7852384937</DistanceMeters>
    </Trackpoint>
    <Trackpoint>
     <Time>2026-07-19T03:22:28+00:00</Time>
     <Position>
      <LatitudeDegrees>-33.6120600</LatitudeDegrees>
      <LongitudeDegrees>-70.3528400</LongitudeDegrees>
     </Position>
     <AltitudeMeters>931.0100000000001</AltitudeMeters>
     <DistanceMeters>79348.85168309246</DistanceMeters>
    </Trackpoint>
    <Trackpoint>
     <Time>2026-07-19T03:22:33+00:00</Time>
     <Position>
      <LatitudeDegrees>-33.6115150</LatitudeDegrees>
      <LongitudeDegrees>-70.3528900</LongitudeDegrees>
     </Position>
     <AltitudeMeters>930.09</AltitudeMeters>
     <DistanceMeters>79409.68462478767</DistanceMeters>
    </Trackpoint>
    <Trackpoint>
     <Time>2026-07-19T03:22:39+00:00</Time>
     <Position>
      <LatitudeDegrees>-33.6109700</LatitudeDegrees>
      <LongitudeDegrees>-70.3529400</LongitudeDegrees>
     </Position>
     <AltitudeMeters>929.4100000000001</AltitudeMeters>
     <DistanceMeters>79470.51754843656</DistanceMeters>
    </Trackpoint>
    <Trackpoint>
     <Time>2026-07-19T03:22:45+00:00</Time>
     <Position>
      <LatitudeDegrees>-33.6102650</LatitudeDegrees>
      <LongitudeDegrees>-70.3531600</LongitudeDegrees>
     </Position>
     <AltitudeMeters>928.0200000000001</AltitudeMeters>
     <DistanceMeters>79551.58748227084</DistanceMeters>
    </Trackpoint>
    <Trackpoint>
     <Time>2026-07-19T03:22:50+00:00</Time>
     <Position>
      <LatitudeDegrees>-33.6095600</LatitudeDegrees>
      <LongitudeDegrees>-70.3533800</LongitudeDegrees>
     </Position>
     <AltitudeMeters>926.69</AltitudeMeters>
     <DistanceMeters>79632.65742177516</DistanceMeters>
    </Trackpoint>
    <Trackpoint>
     <Time>2026-07-19T03:22:56+00:00</Time>
     <Position>
      <LatitudeDegrees>-33.6089300</LatitudeDegrees>
      <LongitudeDegrees>-70.3533900</LongitudeDegrees>
     </Position>
     <AltitudeMeters>925.76</AltitudeMeters>
     <DistanceMeters>79702.77982619732</DistanceMeters>
    </Trackpoint>
    <Trackpoint>
     <Time>2026-07-19T03:23:02+00:00</Time>
     <Position>
      <LatitudeDegrees>-33.6088400</LatitudeDegrees>
      <LongitudeDegrees>-70.3534200</LongitudeDegrees>
     </Position>
     <AltitudeMeters>925.12</AltitudeMeters>
     <DistanceMeters>79713.17525574489</DistanceMeters>
    </Trackpoint>
    <Trackpoint>
     <Time>2026-07-19T03:23:08+00:00</Time>
     <Position>
      <LatitudeDegrees>-33.6087100</LatitudeDegrees>
      <LongitudeDegrees>-70.3534700</LongitudeDegrees>
     </Position>
     <AltitudeMeters>924.9600000000002</AltitudeMeters>
     <DistanceMeters>79728.36784632166</DistanceMeters>
    </Trackpoint>
    <Trackpoint>
     <Time>2026-07-19T03:23:13+00:00</Time>
     <Position>
      <LatitudeDegrees>-33.6085500</LatitudeDegrees>
      <LongitudeDegrees>-70.3536000</LongitudeDegrees>
     </Position>
     <AltitudeMeters>924.7400000000001</AltitudeMeters>
     <DistanceMeters>79749.86899636986</DistanceMeters>
    </Trackpoint>
    <Trackpoint>
     <Time>2026-07-19T03:23:19+00:00</Time>
     <Position>
      <LatitudeDegrees>-33.6080800</LatitudeDegrees>
      <LongitudeDegrees>-70.3541800</LongitudeDegrees>
     </Position>
     <AltitudeMeters>925.6200000000001</AltitudeMeters>
     <DistanceMeters>79824.87890852358</DistanceMeters>
    </Trackpoint>
    <Trackpoint>
     <Time>2026-07-19T03:23:25+00:00</Time>
     <Position>
      <LatitudeDegrees>-33.6078800</LatitudeDegrees>
      <LongitudeDegrees>-70.3543600</LongitudeDegrees>
     </Position>
     <AltitudeMeters>926.75</AltitudeMeters>
     <DistanceMeters>79852.69694963074</DistanceMeters>
    </Trackpoint>
    <Trackpoint>
     <Time>2026-07-19T03:23:30+00:00</Time>
     <Position>
      <LatitudeDegrees>-33.6075400</LatitudeDegrees>
      <LongitudeDegrees>-70.3546200</LongitudeDegrees>
     </Position>
     <AltitudeMeters>928.7400000000001</AltitudeMeters>
     <DistanceMeters>79897.56024223009</DistanceMeters>
    </Trackpoint>
    <Trackpoint>
     <Time>2026-07-19T03:23:36+00:00</Time>
     <Position>
      <LatitudeDegrees>-33.6070033</LatitudeDegrees>
      <LongitudeDegrees>-70.3549667</LongitudeDegrees>
     </Position>
     <AltitudeMeters>931.36</AltitudeMeters>
     <DistanceMeters>79965.38419626883</DistanceMeters>
    </Trackpoint>
    <Trackpoint>
     <Time>2026-07-19T03:23:42+00:00</Time>
     <Position>
      <LatitudeDegrees>-33.6064667</LatitudeDegrees>
      <LongitudeDegrees>-70.3553133</LongitudeDegrees>
     </Position>
     <AltitudeMeters>934.83</AltitudeMeters>
     <DistanceMeters>80033.20815030522</DistanceMeters>
    </Trackpoint>
    <Trackpoint>
     <Time>2026-07-19T03:23:48+00:00</Time>
     <Position>
      <LatitudeDegrees>-33.6059300</LatitudeDegrees>
      <LongitudeDegrees>-70.3556600</LongitudeDegrees>
     </Position>
     <AltitudeMeters>935.7900000000001</AltitudeMeters>
     <DistanceMeters>80101.03209849175</DistanceMeters>
    </Trackpoint>
    <Trackpoint>
     <Time>2026-07-19T03:23:53+00:00</Time>
     <Position>
      <LatitudeDegrees>-33.6056200</LatitudeDegrees>
      <LongitudeDegrees>-70.3559300</LongitudeDegrees>
     </Position>
     <AltitudeMeters>935.7400000000001</AltitudeMeters>
     <DistanceMeters>80143.65531700397</DistanceMeters>
    </Trackpoint>
    <Trackpoint>
     <Time>2026-07-19T03:23:59+00:00</Time>
     <Position>
      <LatitudeDegrees>-33.6052800</LatitudeDegrees>
      <LongitudeDegrees>-70.3565100</LongitudeDegrees>
     </Position>
     <AltitudeMeters>935.32</AltitudeMeters>
     <DistanceMeters>80209.39994822368</DistanceMeters>
    </Trackpoint>
    <Trackpoint>
     <Time>2026-07-19T03:24:05+00:00</Time>
     <Position>
      <LatitudeDegrees>-33.6049850</LatitudeDegrees>
      <LongitudeDegrees>-70.3570750</LongitudeDegrees>
     </Position>
     <AltitudeMeters>934.4000000000001</AltitudeMeters>
     <DistanceMeters>80271.21310499782</DistanceMeters>
    </Trackpoint>
    <Trackpoint>
     <Time>2026-07-19T03:24:11+00:00</Time>
     <Position>
      <LatitudeDegrees>-33.6046900</LatitudeDegrees>
      <LongitudeDegrees>-70.3576400</LongitudeDegrees>
     </Position>
     <AltitudeMeters>932.2</AltitudeMeters>
     <DistanceMeters>80333.02620036993</DistanceMeters>
    </Trackpoint>
    <Trackpoint>
     <Time>2026-07-19T03:24:16+00:00</Time>
     <Position>
      <LatitudeDegrees>-33.6043800</LatitudeDegrees>
      <LongitudeDegrees>-70.3582767</LongitudeDegrees>
     </Position>
     <AltitudeMeters>929.8900000000001</AltitudeMeters>
     <DistanceMeters>80401.38778547537</DistanceMeters>
    </Trackpoint>
    <Trackpoint>
     <Time>2026-07-19T03:24:22+00:00</Time>
     <Position>
      <LatitudeDegrees>-33.6040700</LatitudeDegrees>
      <LongitudeDegrees>-70.3589133</LongitudeDegrees>
     </Position>
     <AltitudeMeters>927.33</AltitudeMeters>
     <DistanceMeters>80469.74937058227</DistanceMeters>
    </Trackpoint>
    <Trackpoint>
     <Time>2026-07-19T03:24:28+00:00</Time>
     <Position>
      <LatitudeDegrees>-33.6037600</LatitudeDegrees>
      <LongitudeDegrees>-70.3595500</LongitudeDegrees>
     </Position>
     <AltitudeMeters>925.0100000000001</AltitudeMeters>
     <DistanceMeters>80538.11094564736</DistanceMeters>
    </Trackpoint>
    <Trackpoint>
     <Time>2026-07-19T03:24:33+00:00</Time>
     <Position>
      <LatitudeDegrees>-33.6035600</LatitudeDegrees>
      <LongitudeDegrees>-70.3600500</LongitudeDegrees>
     </Position>
     <AltitudeMeters>921.98</AltitudeMeters>
     <DistanceMeters>80589.52722794305</DistanceMeters>
    </Trackpoint>
    <Trackpoint>
     <Time>2026-07-19T03:24:39+00:00</Time>
     <Position>
      <LatitudeDegrees>-33.6033100</LatitudeDegrees>
      <LongitudeDegrees>-70.3608500</LongitudeDegrees>
     </Position>
     <AltitudeMeters>918.73</AltitudeMeters>
     <DistanceMeters>80668.73266652145</DistanceMeters>
    </Trackpoint>
    <Trackpoint>
     <Time>2026-07-19T03:24:45+00:00</Time>
     <Position>
      <LatitudeDegrees>-33.6029750</LatitudeDegrees>
      <LongitudeDegrees>-70.3616150</LongitudeDegrees>
     </Position>
     <AltitudeMeters>916.4200000000001</AltitudeMeters>
     <DistanceMeters>80748.85020512326</DistanceMeters>
    </Trackpoint>
    <Trackpoint>
     <Time>2026-07-19T03:24:51+00:00</Time>
     <Position>
      <LatitudeDegrees>-33.6026400</LatitudeDegrees>
      <LongitudeDegrees>-70.3623800</LongitudeDegrees>
     </Position>
     <AltitudeMeters>912.2600000000001</AltitudeMeters>
     <DistanceMeters>80828.9677415723</DistanceMeters>
    </Trackpoint>
    <Trackpoint>
     <Time>2026-07-19T03:24:56+00:00</Time>
     <Position>
      <LatitudeDegrees>-33.6025100</LatitudeDegrees>
      <LongitudeDegrees>-70.3626000</LongitudeDegrees>
     </Position>
     <AltitudeMeters>910.2800000000001</AltitudeMeters>
     <DistanceMeters>80853.97235932956</DistanceMeters>
    </Trackpoint>
    <Trackpoint>
     <Time>2026-07-19T03:25:02+00:00</Time>
     <Position>
      <LatitudeDegrees>-33.6021400</LatitudeDegrees>
      <LongitudeDegrees>-70.3630900</LongitudeDegrees>
     </Position>
     <AltitudeMeters>904.84</AltitudeMeters>
     <DistanceMeters>80915.28235668116</DistanceMeters>
    </Trackpoint>
    <Trackpoint>
     <Time>2026-07-19T03:25:08+00:00</Time>
     <Position>
      <LatitudeDegrees>-33.6017700</LatitudeDegrees>
      <LongitudeDegrees>-70.3635800</LongitudeDegrees>
     </Position>
     <AltitudeMeters>898.6400000000001</AltitudeMeters>
     <DistanceMeters>80976.5923162421</DistanceMeters>
    </Trackpoint>
    <Trackpoint>
     <Time>2026-07-19T03:25:13+00:00</Time>
     <Position>
      <LatitudeDegrees>-33.6013900</LatitudeDegrees>
      <LongitudeDegrees>-70.3639900</LongitudeDegrees>
     </Position>
     <AltitudeMeters>893.8800000000001</AltitudeMeters>
     <DistanceMeters>81033.45301763572</DistanceMeters>
    </Trackpoint>
    <Trackpoint>
     <Time>2026-07-19T03:25:19+00:00</Time>
     <Position>
      <LatitudeDegrees>-33.6007600</LatitudeDegrees>
      <LongitudeDegrees>-70.3645600</LongitudeDegrees>
     </Position>
     <AltitudeMeters>892.75</AltitudeMeters>
     <DistanceMeters>81121.24945840042</DistanceMeters>
    </Trackpoint>
    <Trackpoint>
     <Time>2026-07-19T03:25:25+00:00</Time>
     <Position>
      <LatitudeDegrees>-33.6001300</LatitudeDegrees>
      <LongitudeDegrees>-70.3650100</LongitudeDegrees>
     </Position>
     <AltitudeMeters>894.29</AltitudeMeters>
     <DistanceMeters>81202.83644151749</DistanceMeters>
    </Trackpoint>
    <Trackpoint>
     <Time>2026-07-19T03:25:31+00:00</Time>
     <Position>
      <LatitudeDegrees>-33.5998400</LatitudeDegrees>
      <LongitudeDegrees>-70.3651200</LongitudeDegrees>
     </Position>
     <AltitudeMeters>896.1600000000001</AltitudeMeters>
     <DistanceMeters>81236.68468952393</DistanceMeters>
    </Trackpoint>
    <Trackpoint>
     <Time>2026-07-19T03:25:36+00:00</Time>
     <Position>
      <LatitudeDegrees>-33.5991200</LatitudeDegrees>
      <LongitudeDegrees>-70.3653300</LongitudeDegrees>
     </Position>
     <AltitudeMeters>901.94</AltitudeMeters>
     <DistanceMeters>81319.1483358655</DistanceMeters>
    </Trackpoint>
    <Trackpoint>
     <Time>2026-07-19T03:25:42+00:00</Time>
     <Position>
      <LatitudeDegrees>-33.5988600</LatitudeDegrees>
      <LongitudeDegrees>-70.3655100</LongitudeDegrees>
     </Position>
     <AltitudeMeters>905.0600000000001</AltitudeMeters>
     <DistanceMeters>81352.55155673443</DistanceMeters>
    </Trackpoint>
    <Trackpoint>
     <Time>2026-07-19T03:25:48+00:00</Time>
     <Position>
      <LatitudeDegrees>-33.5987100</LatitudeDegrees>
      <LongitudeDegrees>-70.3657600</LongitudeDegrees>
     </Position>
     <AltitudeMeters>905.96</AltitudeMeters>
     <DistanceMeters>81381.11382815891</DistanceMeters>
    </Trackpoint>
    <Trackpoint>
     <Time>2026-07-19T03:25:53+00:00</Time>
     <Position>
      <LatitudeDegrees>-33.5987000</LatitudeDegrees>
      <LongitudeDegrees>-70.3657700</LongitudeDegrees>
     </Position>
     <AltitudeMeters>905.96</AltitudeMeters>
     <DistanceMeters>81381.11382815891</DistanceMeters>
    </Trackpoint>
    <Trackpoint>
     <Time>2026-07-19T03:25:59+00:00</Time>
     <Position>
      <LatitudeDegrees>-33.5986800</LatitudeDegrees>
      <LongitudeDegrees>-70.3658700</LongitudeDegrees>
     </Position>
     <AltitudeMeters>906.34</AltitudeMeters>
     <DistanceMeters>81390.64751551974</DistanceMeters>
    </Trackpoint>
    <Trackpoint>
     <Time>2026-07-19T03:26:05+00:00</Time>
     <Position>
      <LatitudeDegrees>-33.5986800</LatitudeDegrees>
      <LongitudeDegrees>-70.3660600</LongitudeDegrees>
     </Position>
     <AltitudeMeters>906.9100000000001</AltitudeMeters>
     <DistanceMeters>81408.26088683985</DistanceMeters>
    </Trackpoint>
    <Trackpoint>
     <Time>2026-07-19T03:26:11+00:00</Time>
     <Position>
      <LatitudeDegrees>-33.5987400</LatitudeDegrees>
      <LongitudeDegrees>-70.3664500</LongitudeDegrees>
     </Position>
     <AltitudeMeters>907.07</AltitudeMeters>
     <DistanceMeters>81445.02616709589</DistanceMeters>
    </Trackpoint>
    <Trackpoint>
     <Time>2026-07-19T03:26:16+00:00</Time>
     <Position>
      <LatitudeDegrees>-33.5987400</LatitudeDegrees>
      <LongitudeDegrees>-70.3669000</LongitudeDegrees>
     </Position>
     <AltitudeMeters>906.2</AltitudeMeters>
     <DistanceMeters>81486.7420175149</DistanceMeters>
    </Trackpoint>
    <Trackpoint>
     <Time>2026-07-19T03:26:22+00:00</Time>
     <Position>
      <LatitudeDegrees>-33.5987000</LatitudeDegrees>
      <LongitudeDegrees>-70.3672000</LongitudeDegrees>
     </Position>
     <AltitudeMeters>905.6700000000001</AltitudeMeters>
     <DistanceMeters>81514.90665416892</DistanceMeters>
    </Trackpoint>
    <Trackpoint>
     <Time>2026-07-19T03:26:28+00:00</Time>
     <Position>
      <LatitudeDegrees>-33.5986300</LatitudeDegrees>
      <LongitudeDegrees>-70.3673900</LongitudeDegrees>
     </Position>
     <AltitudeMeters>905.6700000000001</AltitudeMeters>
     <DistanceMeters>81534.16609148202</DistanceMeters>
    </Trackpoint>
    <Trackpoint>
     <Time>2026-07-19T03:26:34+00:00</Time>
     <Position>
      <LatitudeDegrees>-33.5983250</LatitudeDegrees>
      <LongitudeDegrees>-70.3681350</LongitudeDegrees>
     </Position>
     <AltitudeMeters>904.1800000000001</AltitudeMeters>
     <DistanceMeters>81611.12064455217</DistanceMeters>
    </Trackpoint>
    <Trackpoint>
     <Time>2026-07-19T03:26:39+00:00</Time>
     <Position>
      <LatitudeDegrees>-33.5980200</LatitudeDegrees>
      <LongitudeDegrees>-70.3688800</LongitudeDegrees>
     </Position>
     <AltitudeMeters>902.5400000000001</AltitudeMeters>
     <DistanceMeters>81688.07524066258</DistanceMeters>
    </Trackpoint>
    <Trackpoint>
     <Time>2026-07-19T03:26:45+00:00</Time>
     <Position>
      <LatitudeDegrees>-33.5979200</LatitudeDegrees>
      <LongitudeDegrees>-70.3692700</LongitudeDegrees>
     </Position>
     <AltitudeMeters>901.8900000000001</AltitudeMeters>
     <DistanceMeters>81725.90358088927</DistanceMeters>
    </Trackpoint>
    <Trackpoint>
     <Time>2026-07-19T03:26:51+00:00</Time>
     <Position>
      <LatitudeDegrees>-33.5978900</LatitudeDegrees>
      <LongitudeDegrees>-70.3695400</LongitudeDegrees>
     </Position>
     <AltitudeMeters>901.51</AltitudeMeters>
     <DistanceMeters>81751.15504758059</DistanceMeters>
    </Trackpoint>
    <Trackpoint>
     <Time>2026-07-19T03:26:56+00:00</Time>
     <Position>
      <LatitudeDegrees>-33.5979300</LatitudeDegrees>
      <LongitudeDegrees>-70.3704800</LongitudeDegrees>
     </Position>
     <AltitudeMeters>900.0400000000001</AltitudeMeters>
     <DistanceMeters>81838.40926647991</DistanceMeters>
    </Trackpoint>
    <Trackpoint>
     <Time>2026-07-19T03:27:02+00:00</Time>
     <Position>
      <LatitudeDegrees>-33.5979700</LatitudeDegrees>
      <LongitudeDegrees>-70.3714200</LongitudeDegrees>
     </Position>
     <AltitudeMeters>898.2700000000001</AltitudeMeters>
     <DistanceMeters>81925.66348538028</DistanceMeters>
    </Trackpoint>
    <Trackpoint>
     <Time>2026-07-19T03:27:08+00:00</Time>
     <Position>
      <LatitudeDegrees>-33.5980100</LatitudeDegrees>
      <LongitudeDegrees>-70.3723600</LongitudeDegrees>
     </Position>
     <AltitudeMeters>896.0300000000001</AltitudeMeters>
     <DistanceMeters>82012.91770084118</DistanceMeters>
    </Trackpoint>
    <Trackpoint>
     <Time>2026-07-19T03:27:14+00:00</Time>
     <Position>
      <LatitudeDegrees>-33.5979750</LatitudeDegrees>
      <LongitudeDegrees>-70.3729400</LongitudeDegrees>
     </Position>
     <AltitudeMeters>895.07</AltitudeMeters>
     <DistanceMeters>82066.8262014112</DistanceMeters>
    </Trackpoint>
    <Trackpoint>
     <Time>2026-07-19T03:27:19+00:00</Time>
     <Position>
      <LatitudeDegrees>-33.5979400</LatitudeDegrees>
      <LongitudeDegrees>-70.3735200</LongitudeDegrees>
     </Position>
     <AltitudeMeters>893.3900000000001</AltitudeMeters>
     <DistanceMeters>82120.73468747408</DistanceMeters>
    </Trackpoint>
    <Trackpoint>
     <Time>2026-07-19T03:27:25+00:00</Time>
     <Position>
      <LatitudeDegrees>-33.5979600</LatitudeDegrees>
      <LongitudeDegrees>-70.3737900</LongitudeDegrees>
     </Position>
     <AltitudeMeters>892.11</AltitudeMeters>
     <DistanceMeters>82145.86320816583</DistanceMeters>
    </Trackpoint>
    <Trackpoint>
     <Time>2026-07-19T03:27:31+00:00</Time>
     <Position>
      <LatitudeDegrees>-33.5980100</LatitudeDegrees>
      <LongitudeDegrees>-70.3740200</LongitudeDegrees>
     </Position>
     <AltitudeMeters>890.8000000000001</AltitudeMeters>
     <DistanceMeters>82167.8990507</DistanceMeters>
    </Trackpoint>
    <Trackpoint>
     <Time>2026-07-19T03:27:36+00:00</Time>
     <Position>
      <LatitudeDegrees>-33.5982450</LatitudeDegrees>
      <LongitudeDegrees>-70.3747600</LongitudeDegrees>
     </Position>
     <AltitudeMeters>884.3700000000001</AltitudeMeters>
     <DistanceMeters>82241.31559507179</DistanceMeters>
    </Trackpoint>
    <Trackpoint>
     <Time>2026-07-19T03:27:42+00:00</Time>
     <Position>
      <LatitudeDegrees>-33.5984800</LatitudeDegrees>
      <LongitudeDegrees>-70.3755000</LongitudeDegrees>
     </Position>
     <AltitudeMeters>879.5500000000001</AltitudeMeters>
     <DistanceMeters>82314.73213360412</DistanceMeters>
    </Trackpoint>
    <Trackpoint>
     <Time>2026-07-19T03:27:48+00:00</Time>
     <Position>
      <LatitudeDegrees>-33.5985700</LatitudeDegrees>
      <LongitudeDegrees>-70.3760800</LongitudeDegrees>
     </Position>
     <AltitudeMeters>878.7900000000001</AltitudeMeters>
     <DistanceMeters>82369.42443228976</DistanceMeters>
    </Trackpoint>
    <Trackpoint>
     <Time>2026-07-19T03:27:54+00:00</Time>
     <Position>
      <LatitudeDegrees>-33.5985400</LatitudeDegrees>
      <LongitudeDegrees>-70.3765300</LongitudeDegrees>
     </Position>
     <AltitudeMeters>878.87</AltitudeMeters>
     <DistanceMeters>82411.27377753708</DistanceMeters>
    </Trackpoint>
    <Trackpoint>
     <Time>2026-07-19T03:27:59+00:00</Time>
     <Position>
      <LatitudeDegrees>-33.5984650</LatitudeDegrees>
      <LongitudeDegrees>-70.3771300</LongitudeDegrees>
     </Position>
     <AltitudeMeters>878.71</AltitudeMeters>
     <DistanceMeters>82467.51793033647</DistanceMeters>
    </Trackpoint>
    <Trackpoint>
     <Time>2026-07-19T03:28:05+00:00</Time>
     <Position>
      <LatitudeDegrees>-33.5983900</LatitudeDegrees>
      <LongitudeDegrees>-70.3777300</LongitudeDegrees>
     </Position>
     <AltitudeMeters>878.44</AltitudeMeters>
     <DistanceMeters>82523.76209891912</DistanceMeters>
    </Trackpoint>
    <Trackpoint>
     <Time>2026-07-19T03:28:11+00:00</Time>
     <Position>
      <LatitudeDegrees>-33.5983200</LatitudeDegrees>
      <LongitudeDegrees>-70.3780000</LongitudeDegrees>
     </Position>
     <AltitudeMeters>878.47</AltitudeMeters>
     <DistanceMeters>82549.9761589892</DistanceMeters>
    </Trackpoint>
    <Trackpoint>
     <Time>2026-07-19T03:28:17+00:00</Time>
     <Position>
      <LatitudeDegrees>-33.5979900</LatitudeDegrees>
      <LongitudeDegrees>-70.3789700</LongitudeDegrees>
     </Position>
     <AltitudeMeters>879.75</AltitudeMeters>
     <DistanceMeters>82647.1089579482</DistanceMeters>
    </Trackpoint>
    <Trackpoint>
     <Time>2026-07-19T03:28:22+00:00</Time>
     <Position>
      <LatitudeDegrees>-33.5977850</LatitudeDegrees>
      <LongitudeDegrees>-70.3796250</LongitudeDegrees>
     </Position>
     <AltitudeMeters>881.8</AltitudeMeters>
     <DistanceMeters>82711.97435437718</DistanceMeters>
    </Trackpoint>
    <Trackpoint>
     <Time>2026-07-19T03:28:28+00:00</Time>
     <Position>
      <LatitudeDegrees>-33.5975800</LatitudeDegrees>
      <LongitudeDegrees>-70.3802800</LongitudeDegrees>
     </Position>
     <AltitudeMeters>881.7</AltitudeMeters>
     <DistanceMeters>82776.8397634046</DistanceMeters>
    </Trackpoint>
    <Trackpoint>
     <Time>2026-07-19T03:28:34+00:00</Time>
     <Position>
      <LatitudeDegrees>-33.5974900</LatitudeDegrees>
      <LongitudeDegrees>-70.3804600</LongitudeDegrees>
     </Position>
     <AltitudeMeters>881.4000000000001</AltitudeMeters>
     <DistanceMeters>82796.30188630648</DistanceMeters>
    </Trackpoint>
    <Trackpoint>
     <Time>2026-07-19T03:28:39+00:00</Time>
     <Position>
      <LatitudeDegrees>-33.5971300</LatitudeDegrees>
      <LongitudeDegrees>-70.3810100</LongitudeDegrees>
     </Position>
     <AltitudeMeters>879.35</AltitudeMeters>
     <DistanceMeters>82861.14772198584</DistanceMeters>
    </Trackpoint>
    <Trackpoint>
     <Time>2026-07-19T03:28:45+00:00</Time>
     <Position>
      <LatitudeDegrees>-33.5970200</LatitudeDegrees>
      <LongitudeDegrees>-70.3812300</LongitudeDegrees>
     </Position>
     <AltitudeMeters>877.95</AltitudeMeters>
     <DistanceMeters>82884.93485435222</DistanceMeters>
    </Trackpoint>
    <Trackpoint>
     <Time>2026-07-19T03:28:51+00:00</Time>
     <Position>
      <LatitudeDegrees>-33.5969300</LatitudeDegrees>
      <LongitudeDegrees>-70.3814900</LongitudeDegrees>
     </Position>
     <AltitudeMeters>877.95</AltitudeMeters>
     <DistanceMeters>82911.03631727096</DistanceMeters>
    </Trackpoint>
    <Trackpoint>
     <Time>2026-07-19T03:28:57+00:00</Time>
     <Position>
      <LatitudeDegrees>-33.5967160</LatitudeDegrees>
      <LongitudeDegrees>-70.3823460</LongitudeDegrees>
     </Position>
     <AltitudeMeters>875.65</AltitudeMeters>
     <DistanceMeters>82993.88844448581</DistanceMeters>
    </Trackpoint>
    <Trackpoint>
     <Time>2026-07-19T03:29:02+00:00</Time>
     <Position>
      <LatitudeDegrees>-33.5965020</LatitudeDegrees>
      <LongitudeDegrees>-70.3832020</LongitudeDegrees>
     </Position>
     <AltitudeMeters>876.4900000000001</AltitudeMeters>
     <DistanceMeters>83076.74057170232</DistanceMeters>
    </Trackpoint>
    <Trackpoint>
     <Time>2026-07-19T03:29:08+00:00</Time>
     <Position>
      <LatitudeDegrees>-33.5962880</LatitudeDegrees>
      <LongitudeDegrees>-70.3840580</LongitudeDegrees>
     </Position>
     <AltitudeMeters>879.4900000000001</AltitudeMeters>
     <DistanceMeters>83159.5926989177</DistanceMeters>
    </Trackpoint>
    <Trackpoint>
     <Time>2026-07-19T03:29:14+00:00</Time>
     <Position>
      <LatitudeDegrees>-33.5960740</LatitudeDegrees>
      <LongitudeDegrees>-70.3849140</LongitudeDegrees>
     </Position>
     <AltitudeMeters>881.9300000000001</AltitudeMeters>
     <DistanceMeters>83242.44482613273</DistanceMeters>
    </Trackpoint>
    <Trackpoint>
     <Time>2026-07-19T03:29:19+00:00</Time>
     <Position>
      <LatitudeDegrees>-33.5958600</LatitudeDegrees>
      <LongitudeDegrees>-70.3857700</LongitudeDegrees>
     </Position>
     <AltitudeMeters>882.59</AltitudeMeters>
     <DistanceMeters>83325.29694518806</DistanceMeters>
    </Trackpoint>
    <Trackpoint>
     <Time>2026-07-19T03:29:25+00:00</Time>
     <Position>
      <LatitudeDegrees>-33.5957250</LatitudeDegrees>
      <LongitudeDegrees>-70.3863650</LongitudeDegrees>
     </Position>
     <AltitudeMeters>882.9800000000001</AltitudeMeters>
     <DistanceMeters>83382.46622723588</DistanceMeters>
    </Trackpoint>
    <Trackpoint>
     <Time>2026-07-19T03:29:31+00:00</Time>
     <Position>
      <LatitudeDegrees>-33.5955900</LatitudeDegrees>
      <LongitudeDegrees>-70.3869600</LongitudeDegrees>
     </Position>
     <AltitudeMeters>882.9800000000001</AltitudeMeters>
     <DistanceMeters>83439.63546668617</DistanceMeters>
    </Trackpoint>
    <Trackpoint>
     <Time>2026-07-19T03:29:37+00:00</Time>
     <Position>
      <LatitudeDegrees>-33.5953400</LatitudeDegrees>
      <LongitudeDegrees>-70.3877150</LongitudeDegrees>
     </Position>
     <AltitudeMeters>879.84</AltitudeMeters>
     <DistanceMeters>83514.95594870507</DistanceMeters>
    </Trackpoint>
    <Trackpoint>
     <Time>2026-07-19T03:29:42+00:00</Time>
     <Position>
      <LatitudeDegrees>-33.5950900</LatitudeDegrees>
      <LongitudeDegrees>-70.3884700</LongitudeDegrees>
     </Position>
     <AltitudeMeters>878.7800000000001</AltitudeMeters>
     <DistanceMeters>83590.27643072589</DistanceMeters>
    </Trackpoint>
    <Trackpoint>
     <Time>2026-07-19T03:29:48+00:00</Time>
     <Position>
      <LatitudeDegrees>-33.5948400</LatitudeDegrees>
      <LongitudeDegrees>-70.3892250</LongitudeDegrees>
     </Position>
     <AltitudeMeters>880.57</AltitudeMeters>
     <DistanceMeters>83665.59691274451</DistanceMeters>
    </Trackpoint>
    <Trackpoint>
     <Time>2026-07-19T03:29:54+00:00</Time>
     <Position>
      <LatitudeDegrees>-33.5945900</LatitudeDegrees>
      <LongitudeDegrees>-70.3899800</LongitudeDegrees>
     </Position>
     <AltitudeMeters>880.8900000000001</AltitudeMeters>
     <DistanceMeters>83740.91739466057</DistanceMeters>
    </Trackpoint>
    <Trackpoint>
     <Time>2026-07-19T03:29:59+00:00</Time>
     <Position>
      <LatitudeDegrees>-33.5944150</LatitudeDegrees>
      <LongitudeDegrees>-70.3905450</LongitudeDegrees>
     </Position>
     <AltitudeMeters>880.0500000000001</AltitudeMeters>
     <DistanceMeters>83796.80051352952</DistanceMeters>
    </Trackpoint>
    <Trackpoint>
     <Time>2026-07-19T03:30:05+00:00</Time>
     <Position>
      <LatitudeDegrees>-33.5942400</LatitudeDegrees>
      <LongitudeDegrees>-70.3911100</LongitudeDegrees>
     </Position>
     <AltitudeMeters>878.0500000000001</AltitudeMeters>
     <DistanceMeters>83852.68364264462</DistanceMeters>
    </Trackpoint>
    <Trackpoint>
     <Time>2026-07-19T03:30:11+00:00</Time>
     <Position>
      <LatitudeDegrees>-33.5939820</LatitudeDegrees>
      <LongitudeDegrees>-70.3921420</LongitudeDegrees>
     </Position>
     <AltitudeMeters>874.95</AltitudeMeters>
     <DistanceMeters>83952.57375825418</DistanceMeters>
    </Trackpoint>
    <Trackpoint>
     <Time>2026-07-19T03:30:17+00:00</Time>
     <Position>
      <LatitudeDegrees>-33.5937240</LatitudeDegrees>
      <LongitudeDegrees>-70.3931740</LongitudeDegrees>
     </Position>
     <AltitudeMeters>871.7800000000001</AltitudeMeters>
     <DistanceMeters>84052.46387386484</DistanceMeters>
    </Trackpoint>
    <Trackpoint>
     <Time>2026-07-19T03:30:22+00:00</Time>
     <Position>
      <LatitudeDegrees>-33.5934660</LatitudeDegrees>
      <LongitudeDegrees>-70.3942060</LongitudeDegrees>
     </Position>
     <AltitudeMeters>872.6400000000001</AltitudeMeters>
     <DistanceMeters>84152.35398947414</DistanceMeters>
    </Trackpoint>
    <Trackpoint>
     <Time>2026-07-19T03:30:28+00:00</Time>
     <Position>
      <LatitudeDegrees>-33.5932080</LatitudeDegrees>
      <LongitudeDegrees>-70.3952380</LongitudeDegrees>
     </Position>
     <AltitudeMeters>877.5100000000001</AltitudeMeters>
     <DistanceMeters>84252.24410508602</DistanceMeters>
    </Trackpoint>
    <Trackpoint>
     <Time>2026-07-19T03:30:34+00:00</Time>
     <Position>
      <LatitudeDegrees>-33.5929500</LatitudeDegrees>
      <LongitudeDegrees>-70.3962700</LongitudeDegrees>
     </Position>
     <AltitudeMeters>885.8100000000001</AltitudeMeters>
     <DistanceMeters>84352.13422630253</DistanceMeters>
    </Trackpoint>
    <Trackpoint>
     <Time>2026-07-19T03:30:40+00:00</Time>
     <Position>
      <LatitudeDegrees>-33.5928600</LatitudeDegrees>
      <LongitudeDegrees>-70.3969900</LongitudeDegrees>
     </Position>
     <AltitudeMeters>889.5200000000001</AltitudeMeters>
     <DistanceMeters>84419.63147423795</DistanceMeters>
    </Trackpoint>
    <Trackpoint>
     <Time>2026-07-19T03:30:45+00:00</Time>
     <Position>
      <LatitudeDegrees>-33.5926700</LatitudeDegrees>
      <LongitudeDegrees>-70.3978150</LongitudeDegrees>
     </Position>
     <AltitudeMeters>891.2500000000001</AltitudeMeters>
     <DistanceMeters>84498.98531244809</DistanceMeters>
    </Trackpoint>
    <Trackpoint>
     <Time>2026-07-19T03:30:51+00:00</Time>
     <Position>
      <LatitudeDegrees>-33.5924800</LatitudeDegrees>
      <LongitudeDegrees>-70.3986400</LongitudeDegrees>
     </Position>
     <AltitudeMeters>890.21</AltitudeMeters>
     <DistanceMeters>84578.33913874114</DistanceMeters>
    </Trackpoint>
    <Trackpoint>
     <Time>2026-07-19T03:30:57+00:00</Time>
     <Position>
      <LatitudeDegrees>-33.5923000</LatitudeDegrees>
      <LongitudeDegrees>-70.3991800</LongitudeDegrees>
     </Position>
     <AltitudeMeters>888.6800000000001</AltitudeMeters>
     <DistanceMeters>84632.26134692461</DistanceMeters>
    </Trackpoint>
    <Trackpoint>
     <Time>2026-07-19T03:31:02+00:00</Time>
     <Position>
      <LatitudeDegrees>-33.5919933</LatitudeDegrees>
      <LongitudeDegrees>-70.4000133</LongitudeDegrees>
     </Position>
     <AltitudeMeters>890.1500000000001</AltitudeMeters>
     <DistanceMeters>84716.72235858656</DistanceMeters>
    </Trackpoint>
    <Trackpoint>
     <Time>2026-07-19T03:31:08+00:00</Time>
     <Position>
      <LatitudeDegrees>-33.5916867</LatitudeDegrees>
      <LongitudeDegrees>-70.4008467</LongitudeDegrees>
     </Position>
     <AltitudeMeters>891.96</AltitudeMeters>
     <DistanceMeters>84801.18337024712</DistanceMeters>
    </Trackpoint>
    <Trackpoint>
     <Time>2026-07-19T03:31:14+00:00</Time>
     <Position>
      <LatitudeDegrees>-33.5913800</LatitudeDegrees>
      <LongitudeDegrees>-70.4016800</LongitudeDegrees>
     </Position>
     <AltitudeMeters>887.73</AltitudeMeters>
     <DistanceMeters>84885.64440324444</DistanceMeters>
    </Trackpoint>
    <Trackpoint>
     <Time>2026-07-19T03:31:20+00:00</Time>
     <Position>
      <LatitudeDegrees>-33.5911350</LatitudeDegrees>
      <LongitudeDegrees>-70.4024450</LongitudeDegrees>
     </Position>
     <AltitudeMeters>881.69</AltitudeMeters>
     <DistanceMeters>84961.62869796692</DistanceMeters>
    </Trackpoint>
    <Trackpoint>
     <Time>2026-07-19T03:31:25+00:00</Time>
     <Position>
      <LatitudeDegrees>-33.5908900</LatitudeDegrees>
      <LongitudeDegrees>-70.4032100</LongitudeDegrees>
     </Position>
     <AltitudeMeters>875.09</AltitudeMeters>
     <DistanceMeters>85037.6129984848</DistanceMeters>
    </Trackpoint>
    <Trackpoint>
     <Time>2026-07-19T03:31:31+00:00</Time>
     <Position>
      <LatitudeDegrees>-33.5906367</LatitudeDegrees>
      <LongitudeDegrees>-70.4039400</LongitudeDegrees>
     </Position>
     <AltitudeMeters>872.36</AltitudeMeters>
     <DistanceMeters>85110.92996258297</DistanceMeters>
    </Trackpoint>
    <Trackpoint>
     <Time>2026-07-19T03:31:37+00:00</Time>
     <Position>
      <LatitudeDegrees>-33.5903833</LatitudeDegrees>
      <LongitudeDegrees>-70.4046700</LongitudeDegrees>
     </Position>
     <AltitudeMeters>871.6600000000001</AltitudeMeters>
     <DistanceMeters>85184.24692668214</DistanceMeters>
    </Trackpoint>
    <Trackpoint>
     <Time>2026-07-19T03:31:42+00:00</Time>
     <Position>
      <LatitudeDegrees>-33.5901300</LatitudeDegrees>
      <LongitudeDegrees>-70.4054000</LongitudeDegrees>
     </Position>
     <AltitudeMeters>872.1200000000001</AltitudeMeters>
     <DistanceMeters>85257.56389949474</DistanceMeters>
    </Trackpoint>
    <Trackpoint>
     <Time>2026-07-19T03:31:48+00:00</Time>
     <Position>
      <LatitudeDegrees>-33.5897350</LatitudeDegrees>
      <LongitudeDegrees>-70.4060500</LongitudeDegrees>
     </Position>
     <AltitudeMeters>868.33</AltitudeMeters>
     <DistanceMeters>85332.15754061952</DistanceMeters>
    </Trackpoint>
    <Trackpoint>
     <Time>2026-07-19T03:31:54+00:00</Time>
     <Position>
      <LatitudeDegrees>-33.5893400</LatitudeDegrees>
      <LongitudeDegrees>-70.4067000</LongitudeDegrees>
     </Position>
     <AltitudeMeters>865.6600000000001</AltitudeMeters>
     <DistanceMeters>85406.75117132548</DistanceMeters>
    </Trackpoint>
    <Trackpoint>
     <Time>2026-07-19T03:32:00+00:00</Time>
     <Position>
      <LatitudeDegrees>-33.5891000</LatitudeDegrees>
      <LongitudeDegrees>-70.4071900</LongitudeDegrees>
     </Position>
     <AltitudeMeters>861.82</AltitudeMeters>
     <DistanceMeters>85459.45092564299</DistanceMeters>
    </Trackpoint>
    <Trackpoint>
     <Time>2026-07-19T03:32:05+00:00</Time>
     <Position>
      <LatitudeDegrees>-33.5890100</LatitudeDegrees>
      <LongitudeDegrees>-70.4076400</LongitudeDegrees>
     </Position>
     <AltitudeMeters>858.01</AltitudeMeters>
     <DistanceMeters>85502.35704995606</DistanceMeters>
    </Trackpoint>
    <Trackpoint>
     <Time>2026-07-19T03:32:11+00:00</Time>
     <Position>
      <LatitudeDegrees>-33.5888850</LatitudeDegrees>
      <LongitudeDegrees>-70.4082950</LongitudeDegrees>
     </Position>
     <AltitudeMeters>852.48</AltitudeMeters>
     <DistanceMeters>85564.65691318369</DistanceMeters>
    </Trackpoint>
    <Trackpoint>
     <Time>2026-07-19T03:32:17+00:00</Time>
     <Position>
      <LatitudeDegrees>-33.5887600</LatitudeDegrees>
      <LongitudeDegrees>-70.4089500</LongitudeDegrees>
     </Position>
     <AltitudeMeters>848.2900000000001</AltitudeMeters>
     <DistanceMeters>85626.9567570225</DistanceMeters>
    </Trackpoint>
    <Trackpoint>
     <Time>2026-07-19T03:32:22+00:00</Time>
     <Position>
      <LatitudeDegrees>-33.5886500</LatitudeDegrees>
      <LongitudeDegrees>-70.4093000</LongitudeDegrees>
     </Position>
     <AltitudeMeters>845.55</AltitudeMeters>
     <DistanceMeters>85661.63881763876</DistanceMeters>
    </Trackpoint>
    <Trackpoint>
     <Time>2026-07-19T03:32:28+00:00</Time>
     <Position>
      <LatitudeDegrees>-33.5884500</LatitudeDegrees>
      <LongitudeDegrees>-70.4097900</LongitudeDegrees>
     </Position>
     <AltitudeMeters>843.73</AltitudeMeters>
     <DistanceMeters>85712.22824086907</DistanceMeters>
    </Trackpoint>
    <Trackpoint>
     <Time>2026-07-19T03:32:34+00:00</Time>
     <Position>
      <LatitudeDegrees>-33.5881100</LatitudeDegrees>
      <LongitudeDegrees>-70.4101500</LongitudeDegrees>
     </Position>
     <AltitudeMeters>843.08</AltitudeMeters>
     <DistanceMeters>85762.68526936004</DistanceMeters>
    </Trackpoint>
    <Trackpoint>
     <Time>2026-07-19T03:32:40+00:00</Time>
     <Position>
      <LatitudeDegrees>-33.5874100</LatitudeDegrees>
      <LongitudeDegrees>-70.4106800</LongitudeDegrees>
     </Position>
     <AltitudeMeters>846.04</AltitudeMeters>
     <DistanceMeters>85854.79425402937</DistanceMeters>
    </Trackpoint>
    <Trackpoint>
     <Time>2026-07-19T03:32:45+00:00</Time>
     <Position>
      <LatitudeDegrees>-33.5870800</LatitudeDegrees>
      <LongitudeDegrees>-70.4111300</LongitudeDegrees>
     </Position>
     <AltitudeMeters>850.3600000000001</AltitudeMeters>
     <DistanceMeters>85910.37834120376</DistanceMeters>
    </Trackpoint>
    <Trackpoint>
     <Time>2026-07-19T03:32:51+00:00</Time>
     <Position>
      <LatitudeDegrees>-33.5867200</LatitudeDegrees>
      <LongitudeDegrees>-70.4115400</LongitudeDegrees>
     </Position>
     <AltitudeMeters>854.25</AltitudeMeters>
     <DistanceMeters>85965.60793064229</DistanceMeters>
    </Trackpoint>
    <Trackpoint>
     <Time>2026-07-19T03:32:57+00:00</Time>
     <Position>
      <LatitudeDegrees>-33.5864100</LatitudeDegrees>
      <LongitudeDegrees>-70.4120300</LongitudeDegrees>
     </Position>
     <AltitudeMeters>856.3600000000001</AltitudeMeters>
     <DistanceMeters>86022.65422908055</DistanceMeters>
    </Trackpoint>
    <Trackpoint>
     <Time>2026-07-19T03:33:03+00:00</Time>
     <Position>
      <LatitudeDegrees>-33.5859800</LatitudeDegrees>
      <LongitudeDegrees>-70.4127900</LongitudeDegrees>
     </Position>
     <AltitudeMeters>859.8500000000001</AltitudeMeters>
     <DistanceMeters>86107.83308021554</DistanceMeters>
    </Trackpoint>
    <Trackpoint>
     <Time>2026-07-19T03:33:08+00:00</Time>
     <Position>
      <LatitudeDegrees>-33.5858100</LatitudeDegrees>
      <LongitudeDegrees>-70.4131500</LongitudeDegrees>
     </Position>
     <AltitudeMeters>860.7300000000001</AltitudeMeters>
     <DistanceMeters>86146.2003054731</DistanceMeters>
    </Trackpoint>
    <Trackpoint>
     <Time>2026-07-19T03:33:14+00:00</Time>
     <Position>
      <LatitudeDegrees>-33.5855800</LatitudeDegrees>
      <LongitudeDegrees>-70.4140000</LongitudeDegrees>
     </Position>
     <AltitudeMeters>861.3000000000001</AltitudeMeters>
     <DistanceMeters>86229.06188437177</DistanceMeters>
    </Trackpoint>
    <Trackpoint>
     <Time>2026-07-19T03:33:20+00:00</Time>
     <Position>
      <LatitudeDegrees>-33.5852800</LatitudeDegrees>
      <LongitudeDegrees>-70.4146700</LongitudeDegrees>
     </Position>
     <AltitudeMeters>859.5200000000001</AltitudeMeters>
     <DistanceMeters>86299.58630078357</DistanceMeters>
    </Trackpoint>
    <Trackpoint>
     <Time>2026-07-19T03:33:25+00:00</Time>
     <Position>
      <LatitudeDegrees>-33.5849800</LatitudeDegrees>
      <LongitudeDegrees>-70.4153400</LongitudeDegrees>
     </Position>
     <AltitudeMeters>859.11</AltitudeMeters>
     <DistanceMeters>86370.11073771476</DistanceMeters>
    </Trackpoint>
    <Trackpoint>
     <Time>2026-07-19T03:33:31+00:00</Time>
     <Position>
      <LatitudeDegrees>-33.5848200</LatitudeDegrees>
      <LongitudeDegrees>-70.4156100</LongitudeDegrees>
     </Position>
     <AltitudeMeters>857.74</AltitudeMeters>
     <DistanceMeters>86400.83170255252</DistanceMeters>
    </Trackpoint>
    <Trackpoint>
     <Time>2026-07-19T03:33:37+00:00</Time>
     <Position>
      <LatitudeDegrees>-33.5844200</LatitudeDegrees>
      <LongitudeDegrees>-70.4161400</LongitudeDegrees>
     </Position>
     <AltitudeMeters>855.4200000000001</AltitudeMeters>
     <DistanceMeters>86467.13871937475</DistanceMeters>
    </Trackpoint>
    <Trackpoint>
     <Time>2026-07-19T03:33:43+00:00</Time>
     <Position>
      <LatitudeDegrees>-33.5839567</LatitudeDegrees>
      <LongitudeDegrees>-70.4169300</LongitudeDegrees>
     </Position>
     <AltitudeMeters>854.4100000000001</AltitudeMeters>
     <DistanceMeters>86556.71725561164</DistanceMeters>
    </Trackpoint>
    <Trackpoint>
     <Time>2026-07-19T03:33:48+00:00</Time>
     <Position>
      <LatitudeDegrees>-33.5834933</LatitudeDegrees>
      <LongitudeDegrees>-70.4177200</LongitudeDegrees>
     </Position>
     <AltitudeMeters>856.1</AltitudeMeters>
     <DistanceMeters>86646.29579184759</DistanceMeters>
    </Trackpoint>
    <Trackpoint>
     <Time>2026-07-19T03:33:54+00:00</Time>
     <Position>
      <LatitudeDegrees>-33.5830300</LatitudeDegrees>
      <LongitudeDegrees>-70.4185100</LongitudeDegrees>
     </Position>
     <AltitudeMeters>859.7500000000001</AltitudeMeters>
     <DistanceMeters>86735.8743187709</DistanceMeters>
    </Trackpoint>
    <Trackpoint>
     <Time>2026-07-19T03:34:00+00:00</Time>
     <Position>
      <LatitudeDegrees>-33.5828300</LatitudeDegrees>
      <LongitudeDegrees>-70.4187400</LongitudeDegrees>
     </Position>
     <AltitudeMeters>861.77</AltitudeMeters>
     <DistanceMeters>86766.70027156448</DistanceMeters>
    </Trackpoint>
    <Trackpoint>
     <Time>2026-07-19T03:34:05+00:00</Time>
     <Position>
      <LatitudeDegrees>-33.5826700</LatitudeDegrees>
      <LongitudeDegrees>-70.4190100</LongitudeDegrees>
     </Position>
     <AltitudeMeters>863.8000000000001</AltitudeMeters>
     <DistanceMeters>86797.42174467264</DistanceMeters>
    </Trackpoint>
    <Trackpoint>
     <Time>2026-07-19T03:34:11+00:00</Time>
     <Position>
      <LatitudeDegrees>-33.5825400</LatitudeDegrees>
      <LongitudeDegrees>-70.4193300</LongitudeDegrees>
     </Position>
     <AltitudeMeters>865.4900000000001</AltitudeMeters>
     <DistanceMeters>86830.43164803674</DistanceMeters>
    </Trackpoint>
    <Trackpoint>
     <Time>2026-07-19T03:34:17+00:00</Time>
     <Position>
      <LatitudeDegrees>-33.5824050</LatitudeDegrees>
      <LongitudeDegrees>-70.4199550</LongitudeDegrees>
     </Position>
     <AltitudeMeters>867.1</AltitudeMeters>
     <DistanceMeters>86890.29741619006</DistanceMeters>
    </Trackpoint>
    <Trackpoint>
     <Time>2026-07-19T03:34:23+00:00</Time>
     <Position>
      <LatitudeDegrees>-33.5822700</LatitudeDegrees>
      <LongitudeDegrees>-70.4205800</LongitudeDegrees>
     </Position>
     <AltitudeMeters>867.21</AltitudeMeters>
     <DistanceMeters>86950.1631878021</DistanceMeters>
    </Trackpoint>
    <Trackpoint>
     <Time>2026-07-19T03:34:28+00:00</Time>
     <Position>
      <LatitudeDegrees>-33.5821600</LatitudeDegrees>
      <LongitudeDegrees>-70.4208500</LongitudeDegrees>
     </Position>
     <AltitudeMeters>867.09</AltitudeMeters>
     <DistanceMeters>86978.03065717532</DistanceMeters>
    </Trackpoint>
    <Trackpoint>
     <Time>2026-07-19T03:34:34+00:00</Time>
     <Position>
      <LatitudeDegrees>-33.5818400</LatitudeDegrees>
      <LongitudeDegrees>-70.4212900</LongitudeDegrees>
     </Position>
     <AltitudeMeters>867.33</AltitudeMeters>
     <DistanceMeters>87032.1857636155</DistanceMeters>
    </Trackpoint>
    <Trackpoint>
     <Time>2026-07-19T03:34:40+00:00</Time>
     <Position>
      <LatitudeDegrees>-33.5817800</LatitudeDegrees>
      <LongitudeDegrees>-70.4214700</LongitudeDegrees>
     </Position>
     <AltitudeMeters>867.33</AltitudeMeters>
     <DistanceMeters>87050.1617329919</DistanceMeters>
    </Trackpoint>
    <Trackpoint>
     <Time>2026-07-19T03:34:45+00:00</Time>
     <Position>
      <LatitudeDegrees>-33.5817300</LatitudeDegrees>
      <LongitudeDegrees>-70.4217100</LongitudeDegrees>
     </Position>
     <AltitudeMeters>867.3700000000001</AltitudeMeters>
     <DistanceMeters>87073.0998117631</DistanceMeters>
    </Trackpoint>
    <Trackpoint>
     <Time>2026-07-19T03:34:51+00:00</Time>
     <Position>
      <LatitudeDegrees>-33.5816900</LatitudeDegrees>
      <LongitudeDegrees>-70.4226940</LongitudeDegrees>
     </Position>
     <AltitudeMeters>869.44</AltitudeMeters>
     <DistanceMeters>87164.44521689537</DistanceMeters>
    </Trackpoint>
    <Trackpoint>
     <Time>2026-07-19T03:34:57+00:00</Time>
     <Position>
      <LatitudeDegrees>-33.5816501</LatitudeDegrees>
      <LongitudeDegrees>-70.4236780</LongitudeDegrees>
     </Position>
     <AltitudeMeters>872.48</AltitudeMeters>
     <DistanceMeters>87255.79062202713</DistanceMeters>
    </Trackpoint>
    <Trackpoint>
     <Time>2026-07-19T03:35:03+00:00</Time>
     <Position>
      <LatitudeDegrees>-33.5816101</LatitudeDegrees>
      <LongitudeDegrees>-70.4246620</LongitudeDegrees>
     </Position>
     <AltitudeMeters>869.77</AltitudeMeters>
     <DistanceMeters>87347.13602715882</DistanceMeters>
    </Trackpoint>
    <Trackpoint>
     <Time>2026-07-19T03:35:08+00:00</Time>
     <Position>
      <LatitudeDegrees>-33.5815701</LatitudeDegrees>
      <LongitudeDegrees>-70.4256460</LongitudeDegrees>
     </Position>
     <AltitudeMeters>864.8100000000001</AltitudeMeters>
     <DistanceMeters>87438.48143229216</DistanceMeters>
    </Trackpoint>
    <Trackpoint>
     <Time>2026-07-19T03:35:14+00:00</Time>
     <Position>
      <LatitudeDegrees>-33.5815301</LatitudeDegrees>
      <LongitudeDegrees>-70.4266300</LongitudeDegrees>
     </Position>
     <AltitudeMeters>862.83</AltitudeMeters>
     <DistanceMeters>87529.82683742372</DistanceMeters>
    </Trackpoint>
    <Trackpoint>
     <Time>2026-07-19T03:35:20+00:00</Time>
     <Position>
      <LatitudeDegrees>-33.5814901</LatitudeDegrees>
      <LongitudeDegrees>-70.4276140</LongitudeDegrees>
     </Position>
     <AltitudeMeters>861.62</AltitudeMeters>
     <DistanceMeters>87621.17224255648</DistanceMeters>
    </Trackpoint>
    <Trackpoint>
     <Time>2026-07-19T03:35:26+00:00</Time>
     <Position>
      <LatitudeDegrees>-33.5814501</LatitudeDegrees>
      <LongitudeDegrees>-70.4285980</LongitudeDegrees>
     </Position>
     <AltitudeMeters>860.7900000000001</AltitudeMeters>
     <DistanceMeters>87712.51764768838</DistanceMeters>
    </Trackpoint>
    <Trackpoint>
     <Time>2026-07-19T03:35:31+00:00</Time>
     <Position>
      <LatitudeDegrees>-33.5814101</LatitudeDegrees>
      <LongitudeDegrees>-70.4295820</LongitudeDegrees>
     </Position>
     <AltitudeMeters>859.04</AltitudeMeters>
     <DistanceMeters>87803.86305281971</DistanceMeters>
    </Trackpoint>
    <Trackpoint>
     <Time>2026-07-19T03:35:37+00:00</Time>
     <Position>
      <LatitudeDegrees>-33.5813700</LatitudeDegrees>
      <LongitudeDegrees>-70.4305660</LongitudeDegrees>
     </Position>
     <AltitudeMeters>855.8500000000001</AltitudeMeters>
     <DistanceMeters>87895.20845795238</DistanceMeters>
    </Trackpoint>
    <Trackpoint>
     <Time>2026-07-19T03:35:43+00:00</Time>
     <Position>
      <LatitudeDegrees>-33.5813300</LatitudeDegrees>
      <LongitudeDegrees>-70.4315500</LongitudeDegrees>
     </Position>
     <AltitudeMeters>852.1800000000001</AltitudeMeters>
     <DistanceMeters>87986.5538693992</DistanceMeters>
    </Trackpoint>
    <Trackpoint>
     <Time>2026-07-19T03:35:48+00:00</Time>
     <Position>
      <LatitudeDegrees>-33.5813100</LatitudeDegrees>
      <LongitudeDegrees>-70.4317700</LongitudeDegrees>
     </Position>
     <AltitudeMeters>851.6700000000001</AltitudeMeters>
     <DistanceMeters>88007.07349156108</DistanceMeters>
    </Trackpoint>
    <Trackpoint>
     <Time>2026-07-19T03:35:54+00:00</Time>
     <Position>
      <LatitudeDegrees>-33.5812800</LatitudeDegrees>
      <LongitudeDegrees>-70.4320000</LongitudeDegrees>
     </Position>
     <AltitudeMeters>850.6400000000001</AltitudeMeters>
     <DistanceMeters>88028.65903124846</DistanceMeters>
    </Trackpoint>
    <Trackpoint>
     <Time>2026-07-19T03:36:00+00:00</Time>
     <Position>
      <LatitudeDegrees>-33.5812200</LatitudeDegrees>
      <LongitudeDegrees>-70.4322200</LongitudeDegrees>
     </Position>
     <AltitudeMeters>849.99</AltitudeMeters>
     <DistanceMeters>88050.12279371302</DistanceMeters>
    </Trackpoint>
    <Trackpoint>
     <Time>2026-07-19T03:36:06+00:00</Time>
     <Position>
      <LatitudeDegrees>-33.5808650</LatitudeDegrees>
      <LongitudeDegrees>-70.4332050</LongitudeDegrees>
     </Position>
     <AltitudeMeters>844.67</AltitudeMeters>
     <DistanceMeters>88149.6328908117</DistanceMeters>
    </Trackpoint>
    <Trackpoint>
     <Time>2026-07-19T03:36:11+00:00</Time>
     <Position>
      <LatitudeDegrees>-33.5805100</LatitudeDegrees>
      <LongitudeDegrees>-70.4341900</LongitudeDegrees>
     </Position>
     <AltitudeMeters>838.47</AltitudeMeters>
     <DistanceMeters>88249.14297364642</DistanceMeters>
    </Trackpoint>
    <Trackpoint>
     <Time>2026-07-19T03:36:17+00:00</Time>
     <Position>
      <LatitudeDegrees>-33.5804100</LatitudeDegrees>
      <LongitudeDegrees>-70.4346000</LongitudeDegrees>
     </Position>
     <AltitudeMeters>835.64</AltitudeMeters>
     <DistanceMeters>88288.75446881243</DistanceMeters>
    </Trackpoint>
    <Trackpoint>
     <Time>2026-07-19T03:36:23+00:00</Time>
     <Position>
      <LatitudeDegrees>-33.5803700</LatitudeDegrees>
      <LongitudeDegrees>-70.4349900</LongitudeDegrees>
     </Position>
     <AltitudeMeters>834.79</AltitudeMeters>
     <DistanceMeters>88325.18889793755</DistanceMeters>
    </Trackpoint>
    <Trackpoint>
     <Time>2026-07-19T03:36:28+00:00</Time>
     <Position>
      <LatitudeDegrees>-33.5803600</LatitudeDegrees>
      <LongitudeDegrees>-70.4358600</LongitudeDegrees>
     </Position>
     <AltitudeMeters>831.0500000000001</AltitudeMeters>
     <DistanceMeters>88405.8644032377</DistanceMeters>
    </Trackpoint>
    <Trackpoint>
     <Time>2026-07-19T03:36:34+00:00</Time>
     <Position>
      <LatitudeDegrees>-33.5803500</LatitudeDegrees>
      <LongitudeDegrees>-70.4367300</LongitudeDegrees>
     </Position>
     <AltitudeMeters>828.73</AltitudeMeters>
     <DistanceMeters>88486.53990946781</DistanceMeters>
    </Trackpoint>
    <Trackpoint>
     <Time>2026-07-19T03:36:40+00:00</Time>
     <Position>
      <LatitudeDegrees>-33.5803500</LatitudeDegrees>
      <LongitudeDegrees>-70.4367400</LongitudeDegrees>
     </Position>
     <AltitudeMeters>828.73</AltitudeMeters>
     <DistanceMeters>88486.53990946781</DistanceMeters>
    </Trackpoint>
    <Trackpoint>
     <Time>2026-07-19T03:36:46+00:00</Time>
     <Position>
      <LatitudeDegrees>-33.5804100</LatitudeDegrees>
      <LongitudeDegrees>-70.4372000</LongitudeDegrees>
     </Position>
     <AltitudeMeters>828.4800000000001</AltitudeMeters>
     <DistanceMeters>88529.71143561845</DistanceMeters>
    </Trackpoint>
    <Trackpoint>
     <Time>2026-07-19T03:36:51+00:00</Time>
     <Position>
      <LatitudeDegrees>-33.5805450</LatitudeDegrees>
      <LongitudeDegrees>-70.4377950</LongitudeDegrees>
     </Position>
     <AltitudeMeters>828.91</AltitudeMeters>
     <DistanceMeters>88586.8900745701</DistanceMeters>
    </Trackpoint>
    <Trackpoint>
     <Time>2026-07-19T03:36:57+00:00</Time>
     <Position>
      <LatitudeDegrees>-33.5806800</LatitudeDegrees>
      <LongitudeDegrees>-70.4383900</LongitudeDegrees>
     </Position>
     <AltitudeMeters>829.8700000000001</AltitudeMeters>
     <DistanceMeters>88644.06868688297</DistanceMeters>
    </Trackpoint>
    <Trackpoint>
     <Time>2026-07-19T03:37:03+00:00</Time>
     <Position>
      <LatitudeDegrees>-33.5806800</LatitudeDegrees>
      <LongitudeDegrees>-70.4388500</LongitudeDegrees>
     </Position>
     <AltitudeMeters>830.59</AltitudeMeters>
     <DistanceMeters>88686.72048403825</DistanceMeters>
    </Trackpoint>
    <Trackpoint>
     <Time>2026-07-19T03:37:09+00:00</Time>
     <Position>
      <LatitudeDegrees>-33.5806367</LatitudeDegrees>
      <LongitudeDegrees>-70.4398333</LongitudeDegrees>
     </Position>
     <AltitudeMeters>833.95</AltitudeMeters>
     <DistanceMeters>88778.02396726543</DistanceMeters>
    </Trackpoint>
    <Trackpoint>
     <Time>2026-07-19T03:37:14+00:00</Time>
     <Position>
      <LatitudeDegrees>-33.5805933</LatitudeDegrees>
      <LongitudeDegrees>-70.4408167</LongitudeDegrees>
     </Position>
     <AltitudeMeters>839.5400000000001</AltitudeMeters>
     <DistanceMeters>88869.32745049325</DistanceMeters>
    </Trackpoint>
    <Trackpoint>
     <Time>2026-07-19T03:37:20+00:00</Time>
     <Position>
      <LatitudeDegrees>-33.5805500</LatitudeDegrees>
      <LongitudeDegrees>-70.4418000</LongitudeDegrees>
     </Position>
     <AltitudeMeters>843.35</AltitudeMeters>
     <DistanceMeters>88960.63091093964</DistanceMeters>
    </Trackpoint>
    <Trackpoint>
     <Time>2026-07-19T03:37:26+00:00</Time>
     <Position>
      <LatitudeDegrees>-33.5804300</LatitudeDegrees>
      <LongitudeDegrees>-70.4423700</LongitudeDegrees>
     </Position>
     <AltitudeMeters>843.44</AltitudeMeters>
     <DistanceMeters>89015.14351664564</DistanceMeters>
    </Trackpoint>
    <Trackpoint>
     <Time>2026-07-19T03:37:31+00:00</Time>
     <Position>
      <LatitudeDegrees>-33.5804100</LatitudeDegrees>
      <LongitudeDegrees>-70.4428300</LongitudeDegrees>
     </Position>
     <AltitudeMeters>843.4200000000001</AltitudeMeters>
     <DistanceMeters>89057.85348566064</DistanceMeters>
    </Trackpoint>
    <Trackpoint>
     <Time>2026-07-19T03:37:37+00:00</Time>
     <Position>
      <LatitudeDegrees>-33.5805000</LatitudeDegrees>
      <LongitudeDegrees>-70.4433600</LongitudeDegrees>
     </Position>
     <AltitudeMeters>843.3900000000001</AltitudeMeters>
     <DistanceMeters>89108.0063476339</DistanceMeters>
    </Trackpoint>
    <Trackpoint>
     <Time>2026-07-19T03:37:43+00:00</Time>
     <Position>
      <LatitudeDegrees>-33.5806900</LatitudeDegrees>
      <LongitudeDegrees>-70.4439000</LongitudeDegrees>
     </Position>
     <AltitudeMeters>843.13</AltitudeMeters>
     <DistanceMeters>89162.35817152109</DistanceMeters>
    </Trackpoint>
    <Trackpoint>
     <Time>2026-07-19T03:37:49+00:00</Time>
     <Position>
      <LatitudeDegrees>-33.5810950</LatitudeDegrees>
      <LongitudeDegrees>-70.4447750</LongitudeDegrees>
     </Position>
     <AltitudeMeters>842.2400000000001</AltitudeMeters>
     <DistanceMeters>89255.16910085312</DistanceMeters>
    </Trackpoint>
    <Trackpoint>
     <Time>2026-07-19T03:37:54+00:00</Time>
     <Position>
      <LatitudeDegrees>-33.5815000</LatitudeDegrees>
      <LongitudeDegrees>-70.4456500</LongitudeDegrees>
     </Position>
     <AltitudeMeters>841.5</AltitudeMeters>
     <DistanceMeters>89347.98003018783</DistanceMeters>
    </Trackpoint>
    <Trackpoint>
     <Time>2026-07-19T03:38:00+00:00</Time>
     <Position>
      <LatitudeDegrees>-33.5819050</LatitudeDegrees>
      <LongitudeDegrees>-70.4465250</LongitudeDegrees>
     </Position>
     <AltitudeMeters>841.7900000000001</AltitudeMeters>
     <DistanceMeters>89440.79095952016</DistanceMeters>
    </Trackpoint>
    <Trackpoint>
     <Time>2026-07-19T03:38:06+00:00</Time>
     <Position>
      <LatitudeDegrees>-33.5823100</LatitudeDegrees>
      <LongitudeDegrees>-70.4474000</LongitudeDegrees>
     </Position>
     <AltitudeMeters>845.77</AltitudeMeters>
     <DistanceMeters>89533.601902285</DistanceMeters>
    </Trackpoint>
    <Trackpoint>
     <Time>2026-07-19T03:38:11+00:00</Time>
     <Position>
      <LatitudeDegrees>-33.5824000</LatitudeDegrees>
      <LongitudeDegrees>-70.4475300</LongitudeDegrees>
     </Position>
     <AltitudeMeters>846.22</AltitudeMeters>
     <DistanceMeters>89549.27417717453</DistanceMeters>
    </Trackpoint>
    <Trackpoint>
     <Time>2026-07-19T03:38:17+00:00</Time>
     <Position>
      <LatitudeDegrees>-33.5824900</LatitudeDegrees>
      <LongitudeDegrees>-70.4476200</LongitudeDegrees>
     </Position>
     <AltitudeMeters>846.82</AltitudeMeters>
     <DistanceMeters>89562.3113274548</DistanceMeters>
    </Trackpoint>
    <Trackpoint>
     <Time>2026-07-19T03:38:23+00:00</Time>
     <Position>
      <LatitudeDegrees>-33.5826000</LatitudeDegrees>
      <LongitudeDegrees>-70.4477100</LongitudeDegrees>
     </Position>
     <AltitudeMeters>847.1500000000001</AltitudeMeters>
     <DistanceMeters>89577.1273336335</DistanceMeters>
    </Trackpoint>
    <Trackpoint>
     <Time>2026-07-19T03:38:29+00:00</Time>
     <Position>
      <LatitudeDegrees>-33.5829900</LatitudeDegrees>
      <LongitudeDegrees>-70.4478500</LongitudeDegrees>
     </Position>
     <AltitudeMeters>848.8100000000001</AltitudeMeters>
     <DistanceMeters>89622.4320684445</DistanceMeters>
    </Trackpoint>
    <Trackpoint>
     <Time>2026-07-19T03:38:34+00:00</Time>
     <Position>
      <LatitudeDegrees>-33.5831400</LatitudeDegrees>
      <LongitudeDegrees>-70.4480200</LongitudeDegrees>
     </Position>
     <AltitudeMeters>849.2400000000001</AltitudeMeters>
     <DistanceMeters>89645.39176930633</DistanceMeters>
    </Trackpoint>
    <Trackpoint>
     <Time>2026-07-19T03:38:40+00:00</Time>
     <Position>
      <LatitudeDegrees>-33.5832500</LatitudeDegrees>
      <LongitudeDegrees>-70.4481700</LongitudeDegrees>
     </Position>
     <AltitudeMeters>849.5400000000001</AltitudeMeters>
     <DistanceMeters>89663.92028834506</DistanceMeters>
    </Trackpoint>
    <Trackpoint>
     <Time>2026-07-19T03:38:46+00:00</Time>
     <Position>
      <LatitudeDegrees>-33.5836033</LatitudeDegrees>
      <LongitudeDegrees>-70.4489100</LongitudeDegrees>
     </Position>
     <AltitudeMeters>850.19</AltitudeMeters>
     <DistanceMeters>89743.0020431338</DistanceMeters>
    </Trackpoint>
    <Trackpoint>
     <Time>2026-07-19T03:38:51+00:00</Time>
     <Position>
      <LatitudeDegrees>-33.5839567</LatitudeDegrees>
      <LongitudeDegrees>-70.4496500</LongitudeDegrees>
     </Position>
     <AltitudeMeters>850.0300000000001</AltitudeMeters>
     <DistanceMeters>89822.08379792186</DistanceMeters>
    </Trackpoint>
    <Trackpoint>
     <Time>2026-07-19T03:38:57+00:00</Time>
     <Position>
      <LatitudeDegrees>-33.5843100</LatitudeDegrees>
      <LongitudeDegrees>-70.4503900</LongitudeDegrees>
     </Position>
     <AltitudeMeters>849.21</AltitudeMeters>
     <DistanceMeters>89901.16555625638</DistanceMeters>
    </Trackpoint>
    <Trackpoint>
     <Time>2026-07-19T03:39:03+00:00</Time>
     <Position>
      <LatitudeDegrees>-33.5846200</LatitudeDegrees>
      <LongitudeDegrees>-70.4512000</LongitudeDegrees>
     </Position>
     <AltitudeMeters>846.86</AltitudeMeters>
     <DistanceMeters>89983.81250651249</DistanceMeters>
    </Trackpoint>
    <Trackpoint>
     <Time>2026-07-19T03:39:09+00:00</Time>
     <Position>
      <LatitudeDegrees>-33.5847500</LatitudeDegrees>
      <LongitudeDegrees>-70.4514700</LongitudeDegrees>
     </Position>
     <AltitudeMeters>846.99</AltitudeMeters>
     <DistanceMeters>90012.72645241502</DistanceMeters>
    </Trackpoint>
    <Trackpoint>
     <Time>2026-07-19T03:39:14+00:00</Time>
     <Position>
      <LatitudeDegrees>-33.5851200</LatitudeDegrees>
      <LongitudeDegrees>-70.4520950</LongitudeDegrees>
     </Position>
     <AltitudeMeters>851.08</AltitudeMeters>
     <DistanceMeters>90083.81579912388</DistanceMeters>
    </Trackpoint>
    <Trackpoint>
     <Time>2026-07-19T03:39:20+00:00</Time>
     <Position>
      <LatitudeDegrees>-33.5854900</LatitudeDegrees>
      <LongitudeDegrees>-70.4527200</LongitudeDegrees>
     </Position>
     <AltitudeMeters>852.7800000000001</AltitudeMeters>
     <DistanceMeters>90154.9051296748</DistanceMeters>
    </Trackpoint>
    <Trackpoint>
     <Time>2026-07-19T03:39:26+00:00</Time>
     <Position>
      <LatitudeDegrees>-33.5857400</LatitudeDegrees>
      <LongitudeDegrees>-70.4530400</LongitudeDegrees>
     </Position>
     <AltitudeMeters>851.2900000000001</AltitudeMeters>
     <DistanceMeters>90195.57977921398</DistanceMeters>
    </Trackpoint>
    <Trackpoint>
     <Time>2026-07-19T03:39:32+00:00</Time>
     <Position>
      <LatitudeDegrees>-33.5860500</LatitudeDegrees>
      <LongitudeDegrees>-70.4533500</LongitudeDegrees>
     </Position>
     <AltitudeMeters>846.9700000000001</AltitudeMeters>
     <DistanceMeters>90240.48478351548</DistanceMeters>
    </Trackpoint>
    <Trackpoint>
     <Time>2026-07-19T03:39:37+00:00</Time>
     <Position>
      <LatitudeDegrees>-33.5867067</LatitudeDegrees>
      <LongitudeDegrees>-70.4538700</LongitudeDegrees>
     </Position>
     <AltitudeMeters>844.0600000000001</AltitudeMeters>
     <DistanceMeters>90328.03845930028</DistanceMeters>
    </Trackpoint>
    <Trackpoint>
     <Time>2026-07-19T03:39:43+00:00</Time>
     <Position>
      <LatitudeDegrees>-33.5873633</LatitudeDegrees>
      <LongitudeDegrees>-70.4543900</LongitudeDegrees>
     </Position>
     <AltitudeMeters>845.22</AltitudeMeters>
     <DistanceMeters>90415.5921350835</DistanceMeters>
    </Trackpoint>
    <Trackpoint>
     <Time>2026-07-19T03:39:49+00:00</Time>
     <Position>
      <LatitudeDegrees>-33.5880200</LatitudeDegrees>
      <LongitudeDegrees>-70.4549100</LongitudeDegrees>
     </Position>
     <AltitudeMeters>844.55</AltitudeMeters>
     <DistanceMeters>90503.14580720077</DistanceMeters>
    </Trackpoint>
    <Trackpoint>
     <Time>2026-07-19T03:39:54+00:00</Time>
     <Position>
      <LatitudeDegrees>-33.5886367</LatitudeDegrees>
      <LongitudeDegrees>-70.4553500</LongitudeDegrees>
     </Position>
     <AltitudeMeters>840.8100000000001</AltitudeMeters>
     <DistanceMeters>90582.98629758762</DistanceMeters>
    </Trackpoint>
    <Trackpoint>
     <Time>2026-07-19T03:40:00+00:00</Time>
     <Position>
      <LatitudeDegrees>-33.5892533</LatitudeDegrees>
      <LongitudeDegrees>-70.4557900</LongitudeDegrees>
     </Position>
     <AltitudeMeters>840.34</AltitudeMeters>
     <DistanceMeters>90662.82678797518</DistanceMeters>
    </Trackpoint>
    <Trackpoint>
     <Time>2026-07-19T03:40:06+00:00</Time>
     <Position>
      <LatitudeDegrees>-33.5898700</LatitudeDegrees>
      <LongitudeDegrees>-70.4562300</LongitudeDegrees>
     </Position>
     <AltitudeMeters>842.6600000000001</AltitudeMeters>
     <DistanceMeters>90742.66728331438</DistanceMeters>
    </Trackpoint>
    <Trackpoint>
     <Time>2026-07-19T03:40:12+00:00</Time>
     <Position>
      <LatitudeDegrees>-33.5901500</LatitudeDegrees>
      <LongitudeDegrees>-70.4565200</LongitudeDegrees>
     </Position>
     <AltitudeMeters>842.9300000000001</AltitudeMeters>
     <DistanceMeters>90783.82540476901</DistanceMeters>
    </Trackpoint>
    <Trackpoint>
     <Time>2026-07-19T03:40:17+00:00</Time>
     <Position>
      <LatitudeDegrees>-33.5905300</LatitudeDegrees>
      <LongitudeDegrees>-70.4569700</LongitudeDegrees>
     </Position>
     <AltitudeMeters>843.22</AltitudeMeters>
     <DistanceMeters>90843.23243056575</DistanceMeters>
    </Trackpoint>
    <Trackpoint>
     <Time>2026-07-19T03:40:23+00:00</Time>
     <Position>
      <LatitudeDegrees>-33.5907100</LatitudeDegrees>
      <LongitudeDegrees>-70.4572100</LongitudeDegrees>
     </Position>
     <AltitudeMeters>843.0300000000001</AltitudeMeters>
     <DistanceMeters>90873.17265246835</DistanceMeters>
    </Trackpoint>
    <Trackpoint>
     <Time>2026-07-19T03:40:29+00:00</Time>
     <Position>
      <LatitudeDegrees>-33.5908900</LatitudeDegrees>
      <LongitudeDegrees>-70.4576100</LongitudeDegrees>
     </Position>
     <AltitudeMeters>841.2900000000001</AltitudeMeters>
     <DistanceMeters>90915.32197776735</DistanceMeters>
    </Trackpoint>
    <Trackpoint>
     <Time>2026-07-19T03:40:34+00:00</Time>
     <Position>
      <LatitudeDegrees>-33.5911100</LatitudeDegrees>
      <LongitudeDegrees>-70.4583700</LongitudeDegrees>
     </Position>
     <AltitudeMeters>836.0600000000001</AltitudeMeters>
     <DistanceMeters>90989.91484098733</DistanceMeters>
    </Trackpoint>
    <Trackpoint>
     <Time>2026-07-19T03:40:40+00:00</Time>
     <Position>
      <LatitudeDegrees>-33.5912200</LatitudeDegrees>
      <LongitudeDegrees>-70.4585400</LongitudeDegrees>
     </Position>
     <AltitudeMeters>835.3000000000001</AltitudeMeters>
     <DistanceMeters>91009.87177575122</DistanceMeters>
    </Trackpoint>
    <Trackpoint>
     <Time>2026-07-19T03:40:46+00:00</Time>
     <Position>
      <LatitudeDegrees>-33.5914500</LatitudeDegrees>
      <LongitudeDegrees>-70.4586800</LongitudeDegrees>
     </Position>
     <AltitudeMeters>834.47</AltitudeMeters>
     <DistanceMeters>91038.57233671958</DistanceMeters>
    </Trackpoint>
    <Trackpoint>
     <Time>2026-07-19T03:40:52+00:00</Time>
     <Position>
      <LatitudeDegrees>-33.5916000</LatitudeDegrees>
      <LongitudeDegrees>-70.4588200</LongitudeDegrees>
     </Position>
     <AltitudeMeters>832.7</AltitudeMeters>
     <DistanceMeters>91059.7186110633</DistanceMeters>
    </Trackpoint>
    <Trackpoint>
     <Time>2026-07-19T03:40:57+00:00</Time>
     <Position>
      <LatitudeDegrees>-33.5916700</LatitudeDegrees>
      <LongitudeDegrees>-70.4589900</LongitudeDegrees>
     </Position>
     <AltitudeMeters>832.7</AltitudeMeters>
     <DistanceMeters>91077.29962624951</DistanceMeters>
    </Trackpoint>
    <Trackpoint>
     <Time>2026-07-19T03:41:03+00:00</Time>
     <Position>
      <LatitudeDegrees>-33.5918000</LatitudeDegrees>
      <LongitudeDegrees>-70.4594500</LongitudeDegrees>
     </Position>
     <AltitudeMeters>831.52</AltitudeMeters>
     <DistanceMeters>91122.33345131422</DistanceMeters>
    </Trackpoint>
    <Trackpoint>
     <Time>2026-07-19T03:41:09+00:00</Time>
     <Position>
      <LatitudeDegrees>-33.5919200</LatitudeDegrees>
      <LongitudeDegrees>-70.4597500</LongitudeDegrees>
     </Position>
     <AltitudeMeters>831.0200000000001</AltitudeMeters>
     <DistanceMeters>91153.18665077415</DistanceMeters>
    </Trackpoint>
    <Trackpoint>
     <Time>2026-07-19T03:41:14+00:00</Time>
     <Position>
      <LatitudeDegrees>-33.5924000</LatitudeDegrees>
      <LongitudeDegrees>-70.4606050</LongitudeDegrees>
     </Position>
     <AltitudeMeters>830.67</AltitudeMeters>
     <DistanceMeters>91248.77427124804</DistanceMeters>
    </Trackpoint>
    <Trackpoint>
     <Time>2026-07-19T03:41:20+00:00</Time>
     <Position>
      <LatitudeDegrees>-33.5928800</LatitudeDegrees>
      <LongitudeDegrees>-70.4614600</LongitudeDegrees>
     </Position>
     <AltitudeMeters>831.1200000000001</AltitudeMeters>
     <DistanceMeters>91344.36187686805</DistanceMeters>
    </Trackpoint>
    <Trackpoint>
     <Time>2026-07-19T03:41:26+00:00</Time>
     <Position>
      <LatitudeDegrees>-33.5929500</LatitudeDegrees>
      <LongitudeDegrees>-70.4617700</LongitudeDegrees>
     </Position>
     <AltitudeMeters>830.59</AltitudeMeters>
     <DistanceMeters>91374.13863566898</DistanceMeters>
    </Trackpoint>
    <Trackpoint>
     <Time>2026-07-19T03:41:32+00:00</Time>
     <Position>
      <LatitudeDegrees>-33.5929150</LatitudeDegrees>
      <LongitudeDegrees>-70.4623750</LongitudeDegrees>
     </Position>
     <AltitudeMeters>827.47</AltitudeMeters>
     <DistanceMeters>91430.36215617512</DistanceMeters>
    </Trackpoint>
    <Trackpoint>
     <Time>2026-07-19T03:41:37+00:00</Time>
     <Position>
      <LatitudeDegrees>-33.5928800</LatitudeDegrees>
      <LongitudeDegrees>-70.4629800</LongitudeDegrees>
     </Position>
     <AltitudeMeters>823.7</AltitudeMeters>
     <DistanceMeters>91486.58570507867</DistanceMeters>
    </Trackpoint>
    <Trackpoint>
     <Time>2026-07-19T03:41:43+00:00</Time>
     <Position>
      <LatitudeDegrees>-33.5929200</LatitudeDegrees>
      <LongitudeDegrees>-70.4632900</LongitudeDegrees>
     </Position>
     <AltitudeMeters>823.07</AltitudeMeters>
     <DistanceMeters>91515.66799262069</DistanceMeters>
    </Trackpoint>
    <Trackpoint>
     <Time>2026-07-19T03:41:49+00:00</Time>
     <Position>
      <LatitudeDegrees>-33.5931300</LatitudeDegrees>
      <LongitudeDegrees>-70.4636100</LongitudeDegrees>
     </Position>
     <AltitudeMeters>823.24</AltitudeMeters>
     <DistanceMeters>91553.43517567114</DistanceMeters>
    </Trackpoint>
    <Trackpoint>
     <Time>2026-07-19T03:41:55+00:00</Time>
     <Position>
      <LatitudeDegrees>-33.5933400</LatitudeDegrees>
      <LongitudeDegrees>-70.4639000</LongitudeDegrees>
     </Position>
     <AltitudeMeters>823.95</AltitudeMeters>
     <DistanceMeters>91589.05921439748</DistanceMeters>
    </Trackpoint>
    <Trackpoint>
     <Time>2026-07-19T03:42:00+00:00</Time>
     <Position>
      <LatitudeDegrees>-33.5937300</LatitudeDegrees>
      <LongitudeDegrees>-70.4642400</LongitudeDegrees>
     </Position>
     <AltitudeMeters>825.15</AltitudeMeters>
     <DistanceMeters>91642.70216459423</DistanceMeters>
    </Trackpoint>
    <Trackpoint>
     <Time>2026-07-19T03:42:06+00:00</Time>
     <Position>
      <LatitudeDegrees>-33.5941600</LatitudeDegrees>
      <LongitudeDegrees>-70.4645400</LongitudeDegrees>
     </Position>
     <AltitudeMeters>827.1400000000001</AltitudeMeters>
     <DistanceMeters>91698.05394587966</DistanceMeters>
    </Trackpoint>
    <Trackpoint>
     <Time>2026-07-19T03:42:12+00:00</Time>
     <Position>
      <LatitudeDegrees>-33.5946700</LatitudeDegrees>
      <LongitudeDegrees>-70.4649800</LongitudeDegrees>
     </Position>
     <AltitudeMeters>827.32</AltitudeMeters>
     <DistanceMeters>91767.95161153989</DistanceMeters>
    </Trackpoint>
    <Trackpoint>
     <Time>2026-07-19T03:42:17+00:00</Time>
     <Position>
      <LatitudeDegrees>-33.5953650</LatitudeDegrees>
      <LongitudeDegrees>-70.4656250</LongitudeDegrees>
     </Position>
     <AltitudeMeters>825.96</AltitudeMeters>
     <DistanceMeters>91865.71945157237</DistanceMeters>
    </Trackpoint>
    <Trackpoint>
     <Time>2026-07-19T03:42:23+00:00</Time>
     <Position>
      <LatitudeDegrees>-33.5960600</LatitudeDegrees>
      <LongitudeDegrees>-70.4662700</LongitudeDegrees>
     </Position>
     <AltitudeMeters>829.09</AltitudeMeters>
     <DistanceMeters>91963.48727042068</DistanceMeters>
    </Trackpoint>
    <Trackpoint>
     <Time>2026-07-19T03:42:29+00:00</Time>
     <Position>
      <LatitudeDegrees>-33.5966000</LatitudeDegrees>
      <LongitudeDegrees>-70.4667300</LongitudeDegrees>
     </Position>
     <AltitudeMeters>830.2700000000001</AltitudeMeters>
     <DistanceMeters>92037.17910099805</DistanceMeters>
    </Trackpoint>
    <Trackpoint>
     <Time>2026-07-19T03:42:35+00:00</Time>
     <Position>
      <LatitudeDegrees>-33.5970200</LatitudeDegrees>
      <LongitudeDegrees>-70.4670200</LongitudeDegrees>
     </Position>
     <AltitudeMeters>831.6500000000001</AltitudeMeters>
     <DistanceMeters>92091.10290250024</DistanceMeters>
    </Trackpoint>
    <Trackpoint>
     <Time>2026-07-19T03:42:40+00:00</Time>
     <Position>
      <LatitudeDegrees>-33.5964950</LatitudeDegrees>
      <LongitudeDegrees>-70.4677700</LongitudeDegrees>
     </Position>
     <AltitudeMeters>824.2600000000001</AltitudeMeters>
     <DistanceMeters>92181.92287950749</DistanceMeters>
    </Trackpoint>
    <Trackpoint>
     <Time>2026-07-19T03:42:46+00:00</Time>
     <Position>
      <LatitudeDegrees>-33.5959700</LatitudeDegrees>
      <LongitudeDegrees>-70.4685200</LongitudeDegrees>
     </Position>
     <AltitudeMeters>816.1</AltitudeMeters>
     <DistanceMeters>92272.742835933</DistanceMeters>
    </Trackpoint>
    <Trackpoint>
     <Time>2026-07-19T03:42:52+00:00</Time>
     <Position>
      <LatitudeDegrees>-33.5954800</LatitudeDegrees>
      <LongitudeDegrees>-70.4693300</LongitudeDegrees>
     </Position>
     <AltitudeMeters>806.76</AltitudeMeters>
     <DistanceMeters>92365.54765869417</DistanceMeters>
    </Trackpoint>
    <Trackpoint>
     <Time>2026-07-19T03:42:57+00:00</Time>
     <Position>
      <LatitudeDegrees>-33.5950100</LatitudeDegrees>
      <LongitudeDegrees>-70.4699700</LongitudeDegrees>
     </Position>
     <AltitudeMeters>803.32</AltitudeMeters>
     <DistanceMeters>92444.64550103174</DistanceMeters>
    </Trackpoint>
    <Trackpoint>
     <Time>2026-07-19T03:43:03+00:00</Time>
     <Position>
      <LatitudeDegrees>-33.5948500</LatitudeDegrees>
      <LongitudeDegrees>-70.4701400</LongitudeDegrees>
     </Position>
     <AltitudeMeters>799.6800000000001</AltitudeMeters>
     <DistanceMeters>92468.4252906384</DistanceMeters>
    </Trackpoint>
    <Trackpoint>
     <Time>2026-07-19T03:43:09+00:00</Time>
     <Position>
      <LatitudeDegrees>-33.5943200</LatitudeDegrees>
      <LongitudeDegrees>-70.4705433</LongitudeDegrees>
     </Position>
     <AltitudeMeters>792.9200000000001</AltitudeMeters>
     <DistanceMeters>92538.2649538829</DistanceMeters>
    </Trackpoint>
    <Trackpoint>
     <Time>2026-07-19T03:43:15+00:00</Time>
     <Position>
      <LatitudeDegrees>-33.5937900</LatitudeDegrees>
      <LongitudeDegrees>-70.4709467</LongitudeDegrees>
     </Position>
     <AltitudeMeters>787.73</AltitudeMeters>
     <DistanceMeters>92608.10461712841</DistanceMeters>
    </Trackpoint>
    <Trackpoint>
     <Time>2026-07-19T03:43:20+00:00</Time>
     <Position>
      <LatitudeDegrees>-33.5932600</LatitudeDegrees>
      <LongitudeDegrees>-70.4713500</LongitudeDegrees>
     </Position>
     <AltitudeMeters>782.72</AltitudeMeters>
     <DistanceMeters>92677.94427201942</DistanceMeters>
    </Trackpoint>
    <Trackpoint>
     <Time>2026-07-19T03:43:26+00:00</Time>
     <Position>
      <LatitudeDegrees>-33.5931700</LatitudeDegrees>
      <LongitudeDegrees>-70.4714800</LongitudeDegrees>
     </Position>
     <AltitudeMeters>782.02</AltitudeMeters>
     <DistanceMeters>92693.6153801176</DistanceMeters>
    </Trackpoint>
    <Trackpoint>
     <Time>2026-07-19T03:43:32+00:00</Time>
     <Position>
      <LatitudeDegrees>-33.5931000</LatitudeDegrees>
      <LongitudeDegrees>-70.4716600</LongitudeDegrees>
     </Position>
     <AltitudeMeters>780.9100000000001</AltitudeMeters>
     <DistanceMeters>92712.03181590805</DistanceMeters>
    </Trackpoint>
    <Trackpoint>
     <Time>2026-07-19T03:43:37+00:00</Time>
     <Position>
      <LatitudeDegrees>-33.5930600</LatitudeDegrees>
      <LongitudeDegrees>-70.4718400</LongitudeDegrees>
     </Position>
     <AltitudeMeters>780.4300000000001</AltitudeMeters>
     <DistanceMeters>92729.30286854149</DistanceMeters>
    </Trackpoint>
    <Trackpoint>
     <Time>2026-07-19T03:43:43+00:00</Time>
     <Position>
      <LatitudeDegrees>-33.5931300</LatitudeDegrees>
      <LongitudeDegrees>-70.4724600</LongitudeDegrees>
     </Position>
     <AltitudeMeters>778.39</AltitudeMeters>
     <DistanceMeters>92787.30737496223</DistanceMeters>
    </Trackpoint>
    <Trackpoint>
     <Time>2026-07-19T03:43:49+00:00</Time>
     <Position>
      <LatitudeDegrees>-33.5930800</LatitudeDegrees>
      <LongitudeDegrees>-70.4727300</LongitudeDegrees>
     </Position>
     <AltitudeMeters>777.72</AltitudeMeters>
     <DistanceMeters>92812.94962659183</DistanceMeters>
    </Trackpoint>
    <Trackpoint>
     <Time>2026-07-19T03:43:55+00:00</Time>
     <Position>
      <LatitudeDegrees>-33.5928700</LatitudeDegrees>
      <LongitudeDegrees>-70.4729700</LongitudeDegrees>
     </Position>
     <AltitudeMeters>777.3100000000001</AltitudeMeters>
     <DistanceMeters>92845.21903280354</DistanceMeters>
    </Trackpoint>
    <Trackpoint>
     <Time>2026-07-19T03:44:00+00:00</Time>
     <Position>
      <LatitudeDegrees>-33.5927200</LatitudeDegrees>
      <LongitudeDegrees>-70.4730500</LongitudeDegrees>
     </Position>
     <AltitudeMeters>777.2800000000001</AltitudeMeters>
     <DistanceMeters>92863.48671647435</DistanceMeters>
    </Trackpoint>
    <Trackpoint>
     <Time>2026-07-19T03:44:06+00:00</Time>
     <Position>
      <LatitudeDegrees>-33.5919433</LatitudeDegrees>
      <LongitudeDegrees>-70.4730800</LongitudeDegrees>
     </Position>
     <AltitudeMeters>777.07</AltitudeMeters>
     <DistanceMeters>92949.97110453687</DistanceMeters>
    </Trackpoint>
    <Trackpoint>
     <Time>2026-07-19T03:44:12+00:00</Time>
     <Position>
      <LatitudeDegrees>-33.5911667</LatitudeDegrees>
      <LongitudeDegrees>-70.4731100</LongitudeDegrees>
     </Position>
     <AltitudeMeters>777.49</AltitudeMeters>
     <DistanceMeters>93036.45549260033</DistanceMeters>
    </Trackpoint>
    <Trackpoint>
     <Time>2026-07-19T03:44:18+00:00</Time>
     <Position>
      <LatitudeDegrees>-33.5903900</LatitudeDegrees>
      <LongitudeDegrees>-70.4731400</LongitudeDegrees>
     </Position>
     <AltitudeMeters>780.2900000000001</AltitudeMeters>
     <DistanceMeters>93122.93985125526</DistanceMeters>
    </Trackpoint>
    <Trackpoint>
     <Time>2026-07-19T03:44:23+00:00</Time>
     <Position>
      <LatitudeDegrees>-33.5900400</LatitudeDegrees>
      <LongitudeDegrees>-70.4731800</LongitudeDegrees>
     </Position>
     <AltitudeMeters>780.9200000000001</AltitudeMeters>
     <DistanceMeters>93162.06946606151</DistanceMeters>
    </Trackpoint>
    <Trackpoint>
     <Time>2026-07-19T03:44:29+00:00</Time>
     <Position>
      <LatitudeDegrees>-33.5895700</LatitudeDegrees>
      <LongitudeDegrees>-70.4733700</LongitudeDegrees>
     </Position>
     <AltitudeMeters>781.7400000000001</AltitudeMeters>
     <DistanceMeters>93217.26478261284</DistanceMeters>
    </Trackpoint>
    <Trackpoint>
     <Time>2026-07-19T03:44:35+00:00</Time>
     <Position>
      <LatitudeDegrees>-33.5889950</LatitudeDegrees>
      <LongitudeDegrees>-70.4734800</LongitudeDegrees>
     </Position>
     <AltitudeMeters>782.61</AltitudeMeters>
     <DistanceMeters>93282.06733607639</DistanceMeters>
    </Trackpoint>
    <Trackpoint>
     <Time>2026-07-19T03:44:40+00:00</Time>
     <Position>
      <LatitudeDegrees>-33.5884200</LatitudeDegrees>
      <LongitudeDegrees>-70.4735900</LongitudeDegrees>
     </Position>
     <AltitudeMeters>783.98</AltitudeMeters>
     <DistanceMeters>93346.86985316372</DistanceMeters>
    </Trackpoint>
    <Trackpoint>
     <Time>2026-07-19T03:44:46+00:00</Time>
     <Position>
      <LatitudeDegrees>-33.5882900</LatitudeDegrees>
      <LongitudeDegrees>-70.4736300</LongitudeDegrees>
     </Position>
     <AltitudeMeters>783.98</AltitudeMeters>
     <DistanceMeters>93361.80601208864</DistanceMeters>
    </Trackpoint>
    <Trackpoint>
     <Time>2026-07-19T03:44:52+00:00</Time>
     <Position>
      <LatitudeDegrees>-33.5882000</LatitudeDegrees>
      <LongitudeDegrees>-70.4737100</LongitudeDegrees>
     </Position>
     <AltitudeMeters>784.39</AltitudeMeters>
     <DistanceMeters>93374.26976683747</DistanceMeters>
    </Trackpoint>
    <Trackpoint>
     <Time>2026-07-19T03:44:58+00:00</Time>
     <Position>
      <LatitudeDegrees>-33.5878200</LatitudeDegrees>
      <LongitudeDegrees>-70.4741300</LongitudeDegrees>
     </Position>
     <AltitudeMeters>786.48</AltitudeMeters>
     <DistanceMeters>93431.75836492586</DistanceMeters>
    </Trackpoint>
    <Trackpoint>
     <Time>2026-07-19T03:45:03+00:00</Time>
     <Position>
      <LatitudeDegrees>-33.5876200</LatitudeDegrees>
      <LongitudeDegrees>-70.4742700</LongitudeDegrees>
     </Position>
     <AltitudeMeters>788.42</AltitudeMeters>
     <DistanceMeters>93457.52554412946</DistanceMeters>
    </Trackpoint>
    <Trackpoint>
     <Time>2026-07-19T03:45:09+00:00</Time>
     <Position>
      <LatitudeDegrees>-33.5874800</LatitudeDegrees>
      <LongitudeDegrees>-70.4743400</LongitudeDegrees>
     </Position>
     <AltitudeMeters>788.95</AltitudeMeters>
     <DistanceMeters>93474.40451442814</DistanceMeters>
    </Trackpoint>
    <Trackpoint>
     <Time>2026-07-19T03:45:15+00:00</Time>
     <Position>
      <LatitudeDegrees>-33.5873200</LatitudeDegrees>
      <LongitudeDegrees>-70.4743200</LongitudeDegrees>
     </Position>
     <AltitudeMeters>789.5300000000001</AltitudeMeters>
     <DistanceMeters>93492.30810634595</DistanceMeters>
    </Trackpoint>
    <Trackpoint>
     <Time>2026-07-19T03:45:20+00:00</Time>
     <Position>
      <LatitudeDegrees>-33.5871900</LatitudeDegrees>
      <LongitudeDegrees>-70.4752000</LongitudeDegrees>
     </Position>
     <AltitudeMeters>785.1</AltitudeMeters>
     <DistanceMeters>93575.16957613552</DistanceMeters>
    </Trackpoint>
    <Trackpoint>
     <Time>2026-07-19T03:45:26+00:00</Time>
     <Position>
      <LatitudeDegrees>-33.5871300</LatitudeDegrees>
      <LongitudeDegrees>-70.4758600</LongitudeDegrees>
     </Position>
     <AltitudeMeters>785.2500000000001</AltitudeMeters>
     <DistanceMeters>93636.7243254927</DistanceMeters>
    </Trackpoint>
    <Trackpoint>
     <Time>2026-07-19T03:45:32+00:00</Time>
     <Position>
      <LatitudeDegrees>-33.5870800</LatitudeDegrees>
      <LongitudeDegrees>-70.4767600</LongitudeDegrees>
     </Position>
     <AltitudeMeters>788.0400000000001</AltitudeMeters>
     <DistanceMeters>93720.35263154576</DistanceMeters>
    </Trackpoint>
    <Trackpoint>
     <Time>2026-07-19T03:45:38+00:00</Time>
     <Position>
      <LatitudeDegrees>-33.5871000</LatitudeDegrees>
      <LongitudeDegrees>-70.4776200</LongitudeDegrees>
     </Position>
     <AltitudeMeters>795.2900000000001</AltitudeMeters>
     <DistanceMeters>93800.1180886334</DistanceMeters>
    </Trackpoint>
    <Trackpoint>
     <Time>2026-07-19T03:45:43+00:00</Time>
     <Position>
      <LatitudeDegrees>-33.5871900</LatitudeDegrees>
      <LongitudeDegrees>-70.4779700</LongitudeDegrees>
     </Position>
     <AltitudeMeters>795.2900000000001</AltitudeMeters>
     <DistanceMeters>93834.0788968455</DistanceMeters>
    </Trackpoint>
    <Trackpoint>
     <Time>2026-07-19T03:45:49+00:00</Time>
     <Position>
      <LatitudeDegrees>-33.5874850</LatitudeDegrees>
      <LongitudeDegrees>-70.4785550</LongitudeDegrees>
     </Position>
     <AltitudeMeters>798.7</AltitudeMeters>
     <DistanceMeters>93897.47983752703</DistanceMeters>
    </Trackpoint>
    <Trackpoint>
     <Time>2026-07-19T03:45:55+00:00</Time>
     <Position>
      <LatitudeDegrees>-33.5877800</LatitudeDegrees>
      <LongitudeDegrees>-70.4791400</LongitudeDegrees>
     </Position>
     <AltitudeMeters>804.5600000000001</AltitudeMeters>
     <DistanceMeters>93960.88080798599</DistanceMeters>
    </Trackpoint>
    <Trackpoint>
     <Time>2026-07-19T03:46:00+00:00</Time>
     <Position>
      <LatitudeDegrees>-33.5878900</LatitudeDegrees>
      <LongitudeDegrees>-70.4794000</LongitudeDegrees>
     </Position>
     <AltitudeMeters>804.5600000000001</AltitudeMeters>
     <DistanceMeters>93987.91701341924</DistanceMeters>
    </Trackpoint>
    <Trackpoint>
     <Time>2026-07-19T03:46:06+00:00</Time>
     <Position>
      <LatitudeDegrees>-33.5880150</LatitudeDegrees>
      <LongitudeDegrees>-70.4799650</LongitudeDegrees>
     </Position>
     <AltitudeMeters>807.21</AltitudeMeters>
     <DistanceMeters>94042.11599378489</DistanceMeters>
    </Trackpoint>
    <Trackpoint>
     <Time>2026-07-19T03:46:12+00:00</Time>
     <Position>
      <LatitudeDegrees>-33.5881400</LatitudeDegrees>
      <LongitudeDegrees>-70.4805300</LongitudeDegrees>
     </Position>
     <AltitudeMeters>808.45</AltitudeMeters>
     <DistanceMeters>94096.31497912035</DistanceMeters>
    </Trackpoint>
    <Trackpoint>
     <Time>2026-07-19T03:46:18+00:00</Time>
     <Position>
      <LatitudeDegrees>-33.5882500</LatitudeDegrees>
      <LongitudeDegrees>-70.4808900</LongitudeDegrees>
     </Position>
     <AltitudeMeters>808.86</AltitudeMeters>
     <DistanceMeters>94131.86617521926</DistanceMeters>
    </Trackpoint>
    <Trackpoint>
     <Time>2026-07-19T03:46:23+00:00</Time>
     <Position>
      <LatitudeDegrees>-33.5883400</LatitudeDegrees>
      <LongitudeDegrees>-70.4810500</LongitudeDegrees>
     </Position>
     <AltitudeMeters>808.9900000000001</AltitudeMeters>
     <DistanceMeters>94149.76542039578</DistanceMeters>
    </Trackpoint>
    <Trackpoint>
     <Time>2026-07-19T03:46:29+00:00</Time>
     <Position>
      <LatitudeDegrees>-33.5884900</LatitudeDegrees>
      <LongitudeDegrees>-70.4812500</LongitudeDegrees>
     </Position>
     <AltitudeMeters>809.36</AltitudeMeters>
     <DistanceMeters>94174.7159575193</DistanceMeters>
    </Trackpoint>
    <Trackpoint>
     <Time>2026-07-19T03:46:35+00:00</Time>
     <Position>
      <LatitudeDegrees>-33.5889400</LatitudeDegrees>
      <LongitudeDegrees>-70.4818050</LongitudeDegrees>
     </Position>
     <AltitudeMeters>810.2300000000001</AltitudeMeters>
     <DistanceMeters>94246.52103764954</DistanceMeters>
    </Trackpoint>
    <Trackpoint>
     <Time>2026-07-19T03:46:41+00:00</Time>
     <Position>
      <LatitudeDegrees>-33.5893900</LatitudeDegrees>
      <LongitudeDegrees>-70.4823600</LongitudeDegrees>
     </Position>
     <AltitudeMeters>811.1</AltitudeMeters>
     <DistanceMeters>94318.32612570931</DistanceMeters>
    </Trackpoint>
    <Trackpoint>
     <Time>2026-07-19T03:46:46+00:00</Time>
     <Position>
      <LatitudeDegrees>-33.5897450</LatitudeDegrees>
      <LongitudeDegrees>-70.4829000</LongitudeDegrees>
     </Position>
     <AltitudeMeters>809.03</AltitudeMeters>
     <DistanceMeters>94382.10281056349</DistanceMeters>
    </Trackpoint>
    <Trackpoint>
     <Time>2026-07-19T03:46:52+00:00</Time>
     <Position>
      <LatitudeDegrees>-33.5901000</LatitudeDegrees>
      <LongitudeDegrees>-70.4834400</LongitudeDegrees>
     </Position>
     <AltitudeMeters>803.7500000000001</AltitudeMeters>
     <DistanceMeters>94445.87949748388</DistanceMeters>
    </Trackpoint>
    <Trackpoint>
     <Time>2026-07-19T03:46:58+00:00</Time>
     <Position>
      <LatitudeDegrees>-33.5904200</LatitudeDegrees>
      <LongitudeDegrees>-70.4841500</LongitudeDegrees>
     </Position>
     <AltitudeMeters>800.44</AltitudeMeters>
     <DistanceMeters>94520.72137724845</DistanceMeters>
    </Trackpoint>
    <Trackpoint>
     <Time>2026-07-19T03:47:03+00:00</Time>
     <Position>
      <LatitudeDegrees>-33.5906400</LatitudeDegrees>
      <LongitudeDegrees>-70.4845500</LongitudeDegrees>
     </Position>
     <AltitudeMeters>799.5200000000001</AltitudeMeters>
     <DistanceMeters>94565.15967023764</DistanceMeters>
    </Trackpoint>
    <Trackpoint>
     <Time>2026-07-19T03:47:09+00:00</Time>
     <Position>
      <LatitudeDegrees>-33.5909650</LatitudeDegrees>
      <LongitudeDegrees>-70.4849550</LongitudeDegrees>
     </Position>
     <AltitudeMeters>799.34</AltitudeMeters>
     <DistanceMeters>94617.29577285219</DistanceMeters>
    </Trackpoint>
    <Trackpoint>
     <Time>2026-07-19T03:47:15+00:00</Time>
     <Position>
      <LatitudeDegrees>-33.5912900</LatitudeDegrees>
      <LongitudeDegrees>-70.4853600</LongitudeDegrees>
     </Position>
     <AltitudeMeters>799.4100000000001</AltitudeMeters>
     <DistanceMeters>94669.43189431136</DistanceMeters>
    </Trackpoint>
    <Trackpoint>
     <Time>2026-07-19T03:47:21+00:00</Time>
     <Position>
      <LatitudeDegrees>-33.5915200</LatitudeDegrees>
      <LongitudeDegrees>-70.4858100</LongitudeDegrees>
     </Position>
     <AltitudeMeters>799.6800000000001</AltitudeMeters>
     <DistanceMeters>94718.37845806143</DistanceMeters>
    </Trackpoint>
    <Trackpoint>
     <Time>2026-07-19T03:47:26+00:00</Time>
     <Position>
      <LatitudeDegrees>-33.5919200</LatitudeDegrees>
      <LongitudeDegrees>-70.4867000</LongitudeDegrees>
     </Position>
     <AltitudeMeters>799.59</AltitudeMeters>
     <DistanceMeters>94812.13332545837</DistanceMeters>
    </Trackpoint>
    <Trackpoint>
     <Time>2026-07-19T03:47:32+00:00</Time>
     <Position>
      <LatitudeDegrees>-33.5923200</LatitudeDegrees>
      <LongitudeDegrees>-70.4875900</LongitudeDegrees>
     </Position>
     <AltitudeMeters>799.5300000000001</AltitudeMeters>
     <DistanceMeters>94905.88819771013</DistanceMeters>
    </Trackpoint>
    <Trackpoint>
     <Time>2026-07-19T03:47:38+00:00</Time>
     <Position>
      <LatitudeDegrees>-33.5926800</LatitudeDegrees>
      <LongitudeDegrees>-70.4883100</LongitudeDegrees>
     </Position>
     <AltitudeMeters>799.2900000000001</AltitudeMeters>
     <DistanceMeters>94983.73991802552</DistanceMeters>
    </Trackpoint>
    <Trackpoint>
     <Time>2026-07-19T03:47:43+00:00</Time>
     <Position>
      <LatitudeDegrees>-33.5930400</LatitudeDegrees>
      <LongitudeDegrees>-70.4890300</LongitudeDegrees>
     </Position>
     <AltitudeMeters>799.33</AltitudeMeters>
     <DistanceMeters>95061.59162356837</DistanceMeters>
    </Trackpoint>
    <Trackpoint>
     <Time>2026-07-19T03:47:49+00:00</Time>
     <Position>
      <LatitudeDegrees>-33.5932500</LatitudeDegrees>
      <LongitudeDegrees>-70.4893100</LongitudeDegrees>
     </Position>
     <AltitudeMeters>799.1700000000001</AltitudeMeters>
     <DistanceMeters>95096.52131778182</DistanceMeters>
    </Trackpoint>
    <Trackpoint>
     <Time>2026-07-19T03:47:55+00:00</Time>
     <Position>
      <LatitudeDegrees>-33.5937833</LatitudeDegrees>
      <LongitudeDegrees>-70.4897867</LongitudeDegrees>
     </Position>
     <AltitudeMeters>798.61</AltitudeMeters>
     <DistanceMeters>95170.5221174955</DistanceMeters>
    </Trackpoint>
    <Trackpoint>
     <Time>2026-07-19T03:48:01+00:00</Time>
     <Position>
      <LatitudeDegrees>-33.5943167</LatitudeDegrees>
      <LongitudeDegrees>-70.4902633</LongitudeDegrees>
     </Position>
     <AltitudeMeters>798.0</AltitudeMeters>
     <DistanceMeters>95244.52291720989</DistanceMeters>
    </Trackpoint>
    <Trackpoint>
     <Time>2026-07-19T03:48:06+00:00</Time>
     <Position>
      <LatitudeDegrees>-33.5948500</LatitudeDegrees>
      <LongitudeDegrees>-70.4907400</LongitudeDegrees>
     </Position>
     <AltitudeMeters>797.63</AltitudeMeters>
     <DistanceMeters>95318.52372953708</DistanceMeters>
    </Trackpoint>
    <Trackpoint>
     <Time>2026-07-19T03:48:12+00:00</Time>
     <Position>
      <LatitudeDegrees>-33.5952100</LatitudeDegrees>
      <LongitudeDegrees>-70.4911000</LongitudeDegrees>
     </Position>
     <AltitudeMeters>797.27</AltitudeMeters>
     <DistanceMeters>95370.66921444493</DistanceMeters>
    </Trackpoint>
    <Trackpoint>
     <Time>2026-07-19T03:48:18+00:00</Time>
     <Position>
      <LatitudeDegrees>-33.5957600</LatitudeDegrees>
      <LongitudeDegrees>-70.4917200</LongitudeDegrees>
     </Position>
     <AltitudeMeters>796.82</AltitudeMeters>
     <DistanceMeters>95454.63724415854</DistanceMeters>
    </Trackpoint>
    <Trackpoint>
     <Time>2026-07-19T03:48:24+00:00</Time>
     <Position>
      <LatitudeDegrees>-33.5960100</LatitudeDegrees>
      <LongitudeDegrees>-70.4920900</LongitudeDegrees>
     </Position>
     <AltitudeMeters>796.7</AltitudeMeters>
     <DistanceMeters>95498.80417495382</DistanceMeters>
    </Trackpoint>
    <Trackpoint>
     <Time>2026-07-19T03:48:29+00:00</Time>
     <Position>
      <LatitudeDegrees>-33.5964150</LatitudeDegrees>
      <LongitudeDegrees>-70.4927300</LongitudeDegrees>
     </Position>
     <AltitudeMeters>796.57</AltitudeMeters>
     <DistanceMeters>95573.31511287461</DistanceMeters>
    </Trackpoint>
    <Trackpoint>
     <Time>2026-07-19T03:48:35+00:00</Time>
     <Position>
      <LatitudeDegrees>-33.5968200</LatitudeDegrees>
      <LongitudeDegrees>-70.4933700</LongitudeDegrees>
     </Position>
     <AltitudeMeters>796.2600000000001</AltitudeMeters>
     <DistanceMeters>95647.82602554972</DistanceMeters>
    </Trackpoint>
    <Trackpoint>
     <Time>2026-07-19T03:48:41+00:00</Time>
     <Position>
      <LatitudeDegrees>-33.5971300</LatitudeDegrees>
      <LongitudeDegrees>-70.4940600</LongitudeDegrees>
     </Position>
     <AltitudeMeters>795.94</AltitudeMeters>
     <DistanceMeters>95720.50314874762</DistanceMeters>
    </Trackpoint>
    <Trackpoint>
     <Time>2026-07-19T03:48:46+00:00</Time>
     <Position>
      <LatitudeDegrees>-33.5975600</LatitudeDegrees>
      <LongitudeDegrees>-70.4949500</LongitudeDegrees>
     </Position>
     <AltitudeMeters>795.1700000000001</AltitudeMeters>
     <DistanceMeters>95815.88422029879</DistanceMeters>
    </Trackpoint>
    <Trackpoint>
     <Time>2026-07-19T03:48:52+00:00</Time>
     <Position>
      <LatitudeDegrees>-33.5977100</LatitudeDegrees>
      <LongitudeDegrees>-70.4953900</LongitudeDegrees>
     </Position>
     <AltitudeMeters>795.0400000000001</AltitudeMeters>
     <DistanceMeters>95859.95771342951</DistanceMeters>
    </Trackpoint>
    <Trackpoint>
     <Time>2026-07-19T03:48:58+00:00</Time>
     <Position>
      <LatitudeDegrees>-33.5978300</LatitudeDegrees>
      <LongitudeDegrees>-70.4959800</LongitudeDegrees>
     </Position>
     <AltitudeMeters>794.71</AltitudeMeters>
     <DistanceMeters>95916.25942205553</DistanceMeters>
    </Trackpoint>
    <Trackpoint>
     <Time>2026-07-19T03:49:04+00:00</Time>
     <Position>
      <LatitudeDegrees>-33.5978750</LatitudeDegrees>
      <LongitudeDegrees>-70.4966650</LongitudeDegrees>
     </Position>
     <AltitudeMeters>794.2900000000001</AltitudeMeters>
     <DistanceMeters>95979.95805247447</DistanceMeters>
    </Trackpoint>
    <Trackpoint>
     <Time>2026-07-19T03:49:09+00:00</Time>
     <Position>
      <LatitudeDegrees>-33.5979200</LatitudeDegrees>
      <LongitudeDegrees>-70.4973500</LongitudeDegrees>
     </Position>
     <AltitudeMeters>794.0</AltitudeMeters>
     <DistanceMeters>96043.65667349794</DistanceMeters>
    </Trackpoint>
    <Trackpoint>
     <Time>2026-07-19T03:49:15+00:00</Time>
     <Position>
      <LatitudeDegrees>-33.5978700</LatitudeDegrees>
      <LongitudeDegrees>-70.4978500</LongitudeDegrees>
     </Position>
     <AltitudeMeters>794.3000000000001</AltitudeMeters>
     <DistanceMeters>96090.34092153753</DistanceMeters>
    </Trackpoint>
    <Trackpoint>
     <Time>2026-07-19T03:49:21+00:00</Time>
     <Position>
      <LatitudeDegrees>-33.5977700</LatitudeDegrees>
      <LongitudeDegrees>-70.4984100</LongitudeDegrees>
     </Position>
     <AltitudeMeters>794.78</AltitudeMeters>
     <DistanceMeters>96143.43420522897</DistanceMeters>
    </Trackpoint>
    <Trackpoint>
     <Time>2026-07-19T03:49:26+00:00</Time>
     <Position>
      <LatitudeDegrees>-33.5976700</LatitudeDegrees>
      <LongitudeDegrees>-70.4989700</LongitudeDegrees>
     </Position>
     <AltitudeMeters>796.6500000000001</AltitudeMeters>
     <DistanceMeters>96196.52742778993</DistanceMeters>
    </Trackpoint>
    <Trackpoint>
     <Time>2026-07-19T03:49:32+00:00</Time>
     <Position>
      <LatitudeDegrees>-33.5976200</LatitudeDegrees>
      <LongitudeDegrees>-70.4994900</LongitudeDegrees>
     </Position>
     <AltitudeMeters>796.78</AltitudeMeters>
     <DistanceMeters>96245.05315484565</DistanceMeters>
    </Trackpoint>
    <Trackpoint>
     <Time>2026-07-19T03:49:38+00:00</Time>
     <Position>
      <LatitudeDegrees>-33.5976500</LatitudeDegrees>
      <LongitudeDegrees>-70.5000800</LongitudeDegrees>
     </Position>
     <AltitudeMeters>796.4000000000001</AltitudeMeters>
     <DistanceMeters>96299.84979541333</DistanceMeters>
    </Trackpoint>
    <Trackpoint>
     <Time>2026-07-19T03:49:44+00:00</Time>
     <Position>
      <LatitudeDegrees>-33.5976800</LatitudeDegrees>
      <LongitudeDegrees>-70.5006700</LongitudeDegrees>
     </Position>
     <AltitudeMeters>796.2800000000001</AltitudeMeters>
     <DistanceMeters>96354.64640075639</DistanceMeters>
    </Trackpoint>
    <Trackpoint>
     <Time>2026-07-19T03:49:49+00:00</Time>
     <Position>
      <LatitudeDegrees>-33.5977013</LatitudeDegrees>
      <LongitudeDegrees>-70.5016812</LongitudeDegrees>
     </Position>
     <AltitudeMeters>795.34</AltitudeMeters>
     <DistanceMeters>96448.42207376633</DistanceMeters>
    </Trackpoint>
    <Trackpoint>
     <Time>2026-07-19T03:49:55+00:00</Time>
     <Position>
      <LatitudeDegrees>-33.5977225</LatitudeDegrees>
      <LongitudeDegrees>-70.5026925</LongitudeDegrees>
     </Position>
     <AltitudeMeters>794.7400000000001</AltitudeMeters>
     <DistanceMeters>96542.19774677703</DistanceMeters>
    </Trackpoint>
    <Trackpoint>
     <Time>2026-07-19T03:50:01+00:00</Time>
     <Position>
      <LatitudeDegrees>-33.5977438</LatitudeDegrees>
      <LongitudeDegrees>-70.5037037</LongitudeDegrees>
     </Position>
     <AltitudeMeters>793.58</AltitudeMeters>
     <DistanceMeters>96635.97341978789</DistanceMeters>
    </Trackpoint>
    <Trackpoint>
     <Time>2026-07-19T03:50:06+00:00</Time>
     <Position>
      <LatitudeDegrees>-33.5977651</LatitudeDegrees>
      <LongitudeDegrees>-70.5047150</LongitudeDegrees>
     </Position>
     <AltitudeMeters>793.09</AltitudeMeters>
     <DistanceMeters>96729.7490927983</DistanceMeters>
    </Trackpoint>
    <Trackpoint>
     <Time>2026-07-19T03:50:12+00:00</Time>
     <Position>
      <LatitudeDegrees>-33.5977863</LatitudeDegrees>
      <LongitudeDegrees>-70.5057262</LongitudeDegrees>
     </Position>
     <AltitudeMeters>792.75</AltitudeMeters>
     <DistanceMeters>96823.52476581027</DistanceMeters>
    </Trackpoint>
    <Trackpoint>
     <Time>2026-07-19T03:50:18+00:00</Time>
     <Position>
      <LatitudeDegrees>-33.5978075</LatitudeDegrees>
      <LongitudeDegrees>-70.5067375</LongitudeDegrees>
     </Position>
     <AltitudeMeters>792.4100000000001</AltitudeMeters>
     <DistanceMeters>96917.3004388205</DistanceMeters>
    </Trackpoint>
    <Trackpoint>
     <Time>2026-07-19T03:50:24+00:00</Time>
     <Position>
      <LatitudeDegrees>-33.5978288</LatitudeDegrees>
      <LongitudeDegrees>-70.5077487</LongitudeDegrees>
     </Position>
     <AltitudeMeters>791.83</AltitudeMeters>
     <DistanceMeters>97011.07611183236</DistanceMeters>
    </Trackpoint>
    <Trackpoint>
     <Time>2026-07-19T03:50:29+00:00</Time>
     <Position>
      <LatitudeDegrees>-33.5978500</LatitudeDegrees>
      <LongitudeDegrees>-70.5087600</LongitudeDegrees>
     </Position>
     <AltitudeMeters>790.85</AltitudeMeters>
     <DistanceMeters>97104.8517913354</DistanceMeters>
    </Trackpoint>
    <Trackpoint>
     <Time>2026-07-19T03:50:35+00:00</Time>
     <Position>
      <LatitudeDegrees>-33.5978400</LatitudeDegrees>
      <LongitudeDegrees>-70.5096450</LongitudeDegrees>
     </Position>
     <AltitudeMeters>789.88</AltitudeMeters>
     <DistanceMeters>97186.90136520148</DistanceMeters>
    </Trackpoint>
    <Trackpoint>
     <Time>2026-07-19T03:50:41+00:00</Time>
     <Position>
      <LatitudeDegrees>-33.5978300</LatitudeDegrees>
      <LongitudeDegrees>-70.5105300</LongitudeDegrees>
     </Position>
     <AltitudeMeters>788.7900000000001</AltitudeMeters>
     <DistanceMeters>97268.95094596586</DistanceMeters>
    </Trackpoint>
    <Trackpoint>
     <Time>2026-07-19T03:50:47+00:00</Time>
     <Position>
      <LatitudeDegrees>-33.5978500</LatitudeDegrees>
      <LongitudeDegrees>-70.5111200</LongitudeDegrees>
     </Position>
     <AltitudeMeters>787.94</AltitudeMeters>
     <DistanceMeters>97323.69091623455</DistanceMeters>
    </Trackpoint>
    <Trackpoint>
     <Time>2026-07-19T03:50:52+00:00</Time>
     <Position>
      <LatitudeDegrees>-33.5978700</LatitudeDegrees>
      <LongitudeDegrees>-70.5117100</LongitudeDegrees>
     </Position>
     <AltitudeMeters>787.34</AltitudeMeters>
     <DistanceMeters>97378.43085551399</DistanceMeters>
    </Trackpoint>
    <Trackpoint>
     <Time>2026-07-19T03:50:58+00:00</Time>
     <Position>
      <LatitudeDegrees>-33.5979400</LatitudeDegrees>
      <LongitudeDegrees>-70.5125900</LongitudeDegrees>
     </Position>
     <AltitudeMeters>786.5600000000001</AltitudeMeters>
     <DistanceMeters>97460.38046773199</DistanceMeters>
    </Trackpoint>
    <Trackpoint>
     <Time>2026-07-19T03:51:04+00:00</Time>
     <Position>
      <LatitudeDegrees>-33.5979675</LatitudeDegrees>
      <LongitudeDegrees>-70.5136275</LongitudeDegrees>
     </Position>
     <AltitudeMeters>785.5500000000001</AltitudeMeters>
     <DistanceMeters>97556.60819693148</DistanceMeters>
    </Trackpoint>
    <Trackpoint>
     <Time>2026-07-19T03:51:09+00:00</Time>
     <Position>
      <LatitudeDegrees>-33.5979950</LatitudeDegrees>
      <LongitudeDegrees>-70.5146650</LongitudeDegrees>
     </Position>
     <AltitudeMeters>784.57</AltitudeMeters>
     <DistanceMeters>97652.83592613155</DistanceMeters>
    </Trackpoint>
    <Trackpoint>
     <Time>2026-07-19T03:51:15+00:00</Time>
     <Position>
      <LatitudeDegrees>-33.5980225</LatitudeDegrees>
      <LongitudeDegrees>-70.5157025</LongitudeDegrees>
     </Position>
     <AltitudeMeters>783.33</AltitudeMeters>
     <DistanceMeters>97749.06365533028</DistanceMeters>
    </Trackpoint>
    <Trackpoint>
     <Time>2026-07-19T03:51:21+00:00</Time>
     <Position>
      <LatitudeDegrees>-33.5980500</LatitudeDegrees>
      <LongitudeDegrees>-70.5167400</LongitudeDegrees>
     </Position>
     <AltitudeMeters>782.6200000000001</AltitudeMeters>
     <DistanceMeters>97845.2913766993</DistanceMeters>
    </Trackpoint>
    <Trackpoint>
     <Time>2026-07-19T03:51:27+00:00</Time>
     <Position>
      <LatitudeDegrees>-33.5980400</LatitudeDegrees>
      <LongitudeDegrees>-70.5174100</LongitudeDegrees>
     </Position>
     <AltitudeMeters>782.07</AltitudeMeters>
     <DistanceMeters>97907.41211408986</DistanceMeters>
    </Trackpoint>
    <Trackpoint>
     <Time>2026-07-19T03:51:32+00:00</Time>
     <Position>
      <LatitudeDegrees>-33.5980575</LatitudeDegrees>
      <LongitudeDegrees>-70.5182825</LongitudeDegrees>
     </Position>
     <AltitudeMeters>781.1300000000001</AltitudeMeters>
     <DistanceMeters>97988.31858157684</DistanceMeters>
    </Trackpoint>
    <Trackpoint>
     <Time>2026-07-19T03:51:38+00:00</Time>
     <Position>
      <LatitudeDegrees>-33.5980750</LatitudeDegrees>
      <LongitudeDegrees>-70.5191550</LongitudeDegrees>
     </Position>
     <AltitudeMeters>780.5200000000001</AltitudeMeters>
     <DistanceMeters>98069.22504906346</DistanceMeters>
    </Trackpoint>
    <Trackpoint>
     <Time>2026-07-19T03:51:44+00:00</Time>
     <Position>
      <LatitudeDegrees>-33.5980925</LatitudeDegrees>
      <LongitudeDegrees>-70.5200275</LongitudeDegrees>
     </Position>
     <AltitudeMeters>779.4300000000001</AltitudeMeters>
     <DistanceMeters>98150.13151654942</DistanceMeters>
    </Trackpoint>
    <Trackpoint>
     <Time>2026-07-19T03:51:49+00:00</Time>
     <Position>
      <LatitudeDegrees>-33.5981100</LatitudeDegrees>
      <LongitudeDegrees>-70.5209000</LongitudeDegrees>
     </Position>
     <AltitudeMeters>778.4200000000001</AltitudeMeters>
     <DistanceMeters>98231.03799118446</DistanceMeters>
    </Trackpoint>
    <Trackpoint>
     <Time>2026-07-19T03:51:55+00:00</Time>
     <Position>
      <LatitudeDegrees>-33.5981800</LatitudeDegrees>
      <LongitudeDegrees>-70.5215000</LongitudeDegrees>
     </Position>
     <AltitudeMeters>777.61</AltitudeMeters>
     <DistanceMeters>98287.20246565205</DistanceMeters>
    </Trackpoint>
    <Trackpoint>
     <Time>2026-07-19T03:52:01+00:00</Time>
     <Position>
      <LatitudeDegrees>-33.5982033</LatitudeDegrees>
      <LongitudeDegrees>-70.5225233</LongitudeDegrees>
     </Position>
     <AltitudeMeters>775.83</AltitudeMeters>
     <DistanceMeters>98382.10351618976</DistanceMeters>
    </Trackpoint>
    <Trackpoint>
     <Time>2026-07-19T03:52:07+00:00</Time>
     <Position>
      <LatitudeDegrees>-33.5982267</LatitudeDegrees>
      <LongitudeDegrees>-70.5235467</LongitudeDegrees>
     </Position>
     <AltitudeMeters>774.6200000000001</AltitudeMeters>
     <DistanceMeters>98477.00456672545</DistanceMeters>
    </Trackpoint>
    <Trackpoint>
     <Time>2026-07-19T03:52:12+00:00</Time>
     <Position>
      <LatitudeDegrees>-33.5982500</LatitudeDegrees>
      <LongitudeDegrees>-70.5245700</LongitudeDegrees>
     </Position>
     <AltitudeMeters>773.8900000000001</AltitudeMeters>
     <DistanceMeters>98571.90561326077</DistanceMeters>
    </Trackpoint>
    <Trackpoint>
     <Time>2026-07-19T03:52:18+00:00</Time>
     <Position>
      <LatitudeDegrees>-33.5982900</LatitudeDegrees>
      <LongitudeDegrees>-70.5250800</LongitudeDegrees>
     </Position>
     <AltitudeMeters>773.48</AltitudeMeters>
     <DistanceMeters>98619.39296936637</DistanceMeters>
    </Trackpoint>
   </Track>
  </Course>
 </Courses>
</TrainingCenterDatabase>
